  0
SECTION
  2
HEADER
  9
$ANGBASE
  50
0.0
  9
$ANGDIR
  70
1
  9
$MEASUREMENT
  70
0
  0
ENDSEC
  0
SECTION
  2
TABLES
  0
TABLE
  2
LTYPE
  70
4
  0
LTYPE
  5
40F
  2
CONTINUOUS
  70
0
  3
Solid line
  72
65
  73
0
  40
0.0
  0
LTYPE
  5
410
  2
DASHDOT
 70
0
  3
Dash Dot ____ _ ____ _
 72
65
 73
4
 40
2.0
 49
1.25
 49
-0.25
 49
0.25
 49
-0.25
  0
LTYPE
  5
411
  2
DASHED
 70
0
  3
Dashed __ __ __ __ __
 72
65
 73
2
 40
0.75
 49
0.5
 49
-0.25
  0
LTYPE
  5
43B
  2
DOTTED
 70
0
  3
Dotted .  .  .  .
 72
65
 73
2
 40
0.2
 49
0.0
 49
-0.2
  0
ENDTAB
  0
TABLE
  2
STYLE
  70
4
  0
STYLE
  2
KICAD
  70
0
  40
0
  41
1
  42
1
  50
0
  71
0
  3
isocp.shx
  0
STYLE
  2
KICADB
  70
0
  40
0
  41
1
  42
1
  50
0
  71
0
  3
isocp.shx
  0
STYLE
  2
KICADI
  70
0
  40
0
  41
1
  42
1
  50
15
  71
0
  3
isocp.shx
  0
STYLE
  2
KICADBI
  70
0
  40
0
  41
1
  42
1
  50
15
  71
0
  3
isocp.shx
  0
ENDTAB
  0
TABLE
  2
LAYER
  70
1
  0
LAYER
  2
BLACK
  70
0
  62
7
  6
CONTINUOUS
  0
ENDTAB
  0
ENDSEC
  0
SECTION
  2
ENTITIES
0
LINE
8
BLACK
6
CONTINUOUS
10
0.0016404724409449
20
-0.0172299212598425
11
0.0024551181102362
21
-0.0180445669291339
0
LINE
8
BLACK
6
CONTINUOUS
10
0.0024551181102362
20
-0.0180445669291339
11
0.0028960236220472
21
-0.0191089763779528
0
LINE
8
BLACK
6
CONTINUOUS
10
0.0028960236220472
20
-0.0191089763779528
11
0.0029527559055118
21
-0.0196850393700787
0
LINE
8
BLACK
6
CONTINUOUS
10
0.0029527559055118
20
-0.0196850393700787
11
0.0029527559055118
21
-0.1279686220472441
0
LINE
8
BLACK
6
CONTINUOUS
10
0.0029527559055118
20
-0.1279686220472441
11
0.042987125984252
21
-0.1071280708661417
0
LINE
8
BLACK
6
CONTINUOUS
10
0.042987125984252
20
-0.1071280708661417
11
0.0435242913385827
21
-0.1069124015748032
0
LINE
8
BLACK
6
CONTINUOUS
10
0.0435242913385827
20
-0.1069124015748032
11
0.0446720078740157
21
-0.1068120078740157
0
LINE
8
BLACK
6
CONTINUOUS
10
0.0446720078740157
20
-0.1068120078740157
11
0.0457707874015748
21
-0.1071584645669291
0
LINE
8
BLACK
6
CONTINUOUS
10
0.0457707874015748
20
-0.1071584645669291
11
0.0466533464566929
21
-0.1078990157480315
0
LINE
8
BLACK
6
CONTINUOUS
10
0.0466533464566929
20
-0.1078990157480315
11
0.0471853543307087
21
-0.1089209448818898
0
LINE
8
BLACK
6
CONTINUOUS
10
0.0471853543307087
20
-0.1089209448818898
11
0.0472857480314961
21
-0.1100686614173228
0
LINE
8
BLACK
6
CONTINUOUS
10
0.0472857480314961
20
-0.1100686614173228
11
0.0469392913385827
21
-0.1111674409448819
0
LINE
8
BLACK
6
CONTINUOUS
10
0.0469392913385827
20
-0.1111674409448819
11
0.0461987401574803
21
-0.11205
0
LINE
8
BLACK
6
CONTINUOUS
10
0.0461987401574803
20
-0.11205
11
0.0457139763779528
21
-0.1123663385826772
0
LINE
8
BLACK
6
CONTINUOUS
10
0.0457139763779528
20
-0.1123663385826772
11
0.0120669291338583
21
-0.1298818897637795
0
LINE
8
BLACK
6
CONTINUOUS
10
0.0120669291338583
20
-0.1298818897637795
11
5.3679330708661412
21
-0.1298818897637795
0
LINE
8
BLACK
6
CONTINUOUS
10
5.3679330708661412
20
-0.1298818897637795
11
5.3342860236220471
21
-0.1123663385826772
0
LINE
8
BLACK
6
CONTINUOUS
10
5.3342860236220471
20
-0.1123663385826772
11
5.3338012204724405
21
-0.11205
0
LINE
8
BLACK
6
CONTINUOUS
10
5.3338012204724405
20
-0.11205
11
5.3330606692913385
21
-0.1111674409448819
0
LINE
8
BLACK
6
CONTINUOUS
10
5.3330606692913385
20
-0.1111674409448819
11
5.332714251968504
21
-0.1100686614173228
0
LINE
8
BLACK
6
CONTINUOUS
10
5.332714251968504
20
-0.1100686614173228
11
5.3328146456692913
21
-0.1089209448818898
0
LINE
8
BLACK
6
CONTINUOUS
10
5.3328146456692913
20
-0.1089209448818898
11
5.3333466535433072
21
-0.1078989763779528
0
LINE
8
BLACK
6
CONTINUOUS
10
5.3333466535433072
20
-0.1078989763779528
11
5.3342292125984248
21
-0.1071584251968504
0
LINE
8
BLACK
6
CONTINUOUS
10
5.3342292125984248
20
-0.1071584251968504
11
5.3353279921259844
21
-0.1068120078740157
0
LINE
8
BLACK
6
CONTINUOUS
10
5.3353279921259844
20
-0.1068120078740157
11
5.3364757086614176
21
-0.1069124015748032
0
LINE
8
BLACK
6
CONTINUOUS
10
5.3364757086614176
20
-0.1069124015748032
11
5.3370128740157483
21
-0.1071280708661417
0
LINE
8
BLACK
6
CONTINUOUS
10
5.3370128740157483
20
-0.1071280708661417
11
5.3770472440944879
21
-0.1279686220472441
0
LINE
8
BLACK
6
CONTINUOUS
10
5.3770472440944879
20
-0.1279686220472441
11
5.3770472440944879
21
-0.0196850393700787
0
LINE
8
BLACK
6
CONTINUOUS
10
5.3770472440944879
20
-0.0196850393700787
11
5.3771039763779527
21
-0.0191089763779528
0
LINE
8
BLACK
6
CONTINUOUS
10
5.3771039763779527
20
-0.0191089763779528
11
5.3775448818897633
21
-0.0180445669291339
0
LINE
8
BLACK
6
CONTINUOUS
10
5.3775448818897633
20
-0.0180445669291339
11
5.3783595275590548
21
-0.0172299212598425
0
LINE
8
BLACK
6
CONTINUOUS
10
5.3783595275590548
20
-0.0172299212598425
11
5.379423937007874
21
-0.0167890157480315
0
LINE
8
BLACK
6
CONTINUOUS
10
5.379423937007874
20
-0.0167890157480315
11
5.3805760629921258
21
-0.0167890157480315
0
LINE
8
BLACK
6
CONTINUOUS
10
5.3805760629921258
20
-0.0167890157480315
11
5.381640472440945
21
-0.0172299212598425
0
LINE
8
BLACK
6
CONTINUOUS
10
5.381640472440945
20
-0.0172299212598425
11
5.3824551181102365
21
-0.0180445669291339
0
LINE
8
BLACK
6
CONTINUOUS
10
5.3824551181102365
20
-0.0180445669291339
11
5.3828960236220471
21
-0.0191089763779528
0
LINE
8
BLACK
6
CONTINUOUS
10
5.3828960236220471
20
-0.0191089763779528
11
5.3829527559055119
21
-0.0196850393700787
0
LINE
8
BLACK
6
CONTINUOUS
10
5.3829527559055119
20
-0.0196850393700787
11
5.3829527559055119
21
-0.1559220472440945
0
LINE
8
BLACK
6
CONTINUOUS
10
5.3829527559055119
20
-0.1559220472440945
11
5.3828960236220471
21
-0.1564981102362205
0
LINE
8
BLACK
6
CONTINUOUS
10
5.3828960236220471
20
-0.1564981102362205
11
5.3824551181102365
21
-0.1575625196850394
0
LINE
8
BLACK
6
CONTINUOUS
10
5.3824551181102365
20
-0.1575625196850394
11
5.381640472440945
21
-0.1583771653543307
0
LINE
8
BLACK
6
CONTINUOUS
10
5.381640472440945
20
-0.1583771653543307
11
5.3805760629921258
21
-0.1588180708661417
0
LINE
8
BLACK
6
CONTINUOUS
10
5.3805760629921258
20
-0.1588180708661417
11
5.379423937007874
21
-0.1588180708661417
0
LINE
8
BLACK
6
CONTINUOUS
10
5.379423937007874
20
-0.1588180708661417
11
5.3783595275590548
21
-0.1583771653543307
0
LINE
8
BLACK
6
CONTINUOUS
10
5.3783595275590548
20
-0.1583771653543307
11
5.3775448818897633
21
-0.1575625196850394
0
LINE
8
BLACK
6
CONTINUOUS
10
5.3775448818897633
20
-0.1575625196850394
11
5.3771039763779527
21
-0.1564981102362205
0
LINE
8
BLACK
6
CONTINUOUS
10
5.3771039763779527
20
-0.1564981102362205
11
5.3770472440944879
21
-0.1559220472440945
0
LINE
8
BLACK
6
CONTINUOUS
10
5.3770472440944879
20
-0.1559220472440945
11
5.3770472440944879
21
-0.1377006299212598
0
LINE
8
BLACK
6
CONTINUOUS
10
5.3770472440944879
20
-0.1377006299212598
11
5.3370128740157483
21
-0.1585412204724409
0
LINE
8
BLACK
6
CONTINUOUS
10
5.3370128740157483
20
-0.1585412204724409
11
5.3364757086614176
21
-0.1587568897637795
0
LINE
8
BLACK
6
CONTINUOUS
10
5.3364757086614176
20
-0.1587568897637795
11
5.3353279921259844
21
-0.1588572834645669
0
LINE
8
BLACK
6
CONTINUOUS
10
5.3353279921259844
20
-0.1588572834645669
11
5.3342292125984248
21
-0.1585108661417323
0
LINE
8
BLACK
6
CONTINUOUS
10
5.3342292125984248
20
-0.1585108661417323
11
5.3333466535433072
21
-0.1577703149606299
0
LINE
8
BLACK
6
CONTINUOUS
10
5.3333466535433072
20
-0.1577703149606299
11
5.3328146456692913
21
-0.1567483464566929
0
LINE
8
BLACK
6
CONTINUOUS
10
5.3328146456692913
20
-0.1567483464566929
11
5.332714251968504
21
-0.1556006299212598
0
LINE
8
BLACK
6
CONTINUOUS
10
5.332714251968504
20
-0.1556006299212598
11
5.3330606692913385
21
-0.1545018503937008
0
LINE
8
BLACK
6
CONTINUOUS
10
5.3330606692913385
20
-0.1545018503937008
11
5.3338012204724405
21
-0.1536192913385827
0
LINE
8
BLACK
6
CONTINUOUS
10
5.3338012204724405
20
-0.1536192913385827
11
5.3342860236220471
21
-0.1533029527559055
0
LINE
8
BLACK
6
CONTINUOUS
10
5.3342860236220471
20
-0.1533029527559055
11
5.3679330708661412
21
-0.1357874015748032
0
LINE
8
BLACK
6
CONTINUOUS
10
5.3679330708661412
20
-0.1357874015748032
11
0.0120669291338583
21
-0.1357874015748032
0
LINE
8
BLACK
6
CONTINUOUS
10
0.0120669291338583
20
-0.1357874015748032
11
0.0457139763779528
21
-0.1533029527559055
0
LINE
8
BLACK
6
CONTINUOUS
10
0.0457139763779528
20
-0.1533029527559055
11
0.0461987401574803
21
-0.1536192913385827
0
LINE
8
BLACK
6
CONTINUOUS
10
0.0461987401574803
20
-0.1536192913385827
11
0.0469392913385827
21
-0.1545018503937008
0
LINE
8
BLACK
6
CONTINUOUS
10
0.0469392913385827
20
-0.1545018503937008
11
0.0472857480314961
21
-0.1556006299212598
0
LINE
8
BLACK
6
CONTINUOUS
10
0.0472857480314961
20
-0.1556006299212598
11
0.0471853543307087
21
-0.1567483464566929
0
LINE
8
BLACK
6
CONTINUOUS
10
0.0471853543307087
20
-0.1567483464566929
11
0.0466533464566929
21
-0.1577702755905512
0
LINE
8
BLACK
6
CONTINUOUS
10
0.0466533464566929
20
-0.1577702755905512
11
0.0457707874015748
21
-0.1585108267716535
0
LINE
8
BLACK
6
CONTINUOUS
10
0.0457707874015748
20
-0.1585108267716535
11
0.0446720078740157
21
-0.1588572834645669
0
LINE
8
BLACK
6
CONTINUOUS
10
0.0446720078740157
20
-0.1588572834645669
11
0.0435242913385827
21
-0.1587568897637795
0
LINE
8
BLACK
6
CONTINUOUS
10
0.0435242913385827
20
-0.1587568897637795
11
0.042987125984252
21
-0.1585412204724409
0
LINE
8
BLACK
6
CONTINUOUS
10
0.042987125984252
20
-0.1585412204724409
11
0.0029527559055118
21
-0.1377006299212598
0
LINE
8
BLACK
6
CONTINUOUS
10
0.0029527559055118
20
-0.1377006299212598
11
0.0029527559055118
21
-0.1559220472440945
0
LINE
8
BLACK
6
CONTINUOUS
10
0.0029527559055118
20
-0.1559220472440945
11
0.0028960236220472
21
-0.1564981102362205
0
LINE
8
BLACK
6
CONTINUOUS
10
0.0028960236220472
20
-0.1564981102362205
11
0.0024551181102362
21
-0.1575625196850394
0
LINE
8
BLACK
6
CONTINUOUS
10
0.0024551181102362
20
-0.1575625196850394
11
0.0016404724409449
21
-0.1583771653543307
0
LINE
8
BLACK
6
CONTINUOUS
10
0.0016404724409449
20
-0.1583771653543307
11
0.000576062992126
21
-0.1588180708661417
0
LINE
8
BLACK
6
CONTINUOUS
10
0.000576062992126
20
-0.1588180708661417
11
-0.000576062992126
21
-0.1588180708661417
0
LINE
8
BLACK
6
CONTINUOUS
10
-0.000576062992126
20
-0.1588180708661417
11
-0.0016404724409449
21
-0.1583771653543307
0
LINE
8
BLACK
6
CONTINUOUS
10
-0.0016404724409449
20
-0.1583771653543307
11
-0.0024551181102362
21
-0.1575625196850394
0
LINE
8
BLACK
6
CONTINUOUS
10
-0.0024551181102362
20
-0.1575625196850394
11
-0.0028960236220472
21
-0.1564981102362205
0
LINE
8
BLACK
6
CONTINUOUS
10
-0.0028960236220472
20
-0.1564981102362205
11
-0.0029527559055118
21
-0.1559220472440945
0
LINE
8
BLACK
6
CONTINUOUS
10
-0.0029527559055118
20
-0.1559220472440945
11
-0.0029527559055118
21
-0.0196850393700787
0
LINE
8
BLACK
6
CONTINUOUS
10
-0.0029527559055118
20
-0.0196850393700787
11
-0.0028960236220472
21
-0.0191089763779528
0
LINE
8
BLACK
6
CONTINUOUS
10
-0.0028960236220472
20
-0.0191089763779528
11
-0.0024551181102362
21
-0.0180445669291339
0
LINE
8
BLACK
6
CONTINUOUS
10
-0.0024551181102362
20
-0.0180445669291339
11
-0.0016404724409449
21
-0.0172299212598425
0
LINE
8
BLACK
6
CONTINUOUS
10
-0.0016404724409449
20
-0.0172299212598425
11
-0.000576062992126
21
-0.0167890157480315
0
LINE
8
BLACK
6
CONTINUOUS
10
-0.000576062992126
20
-0.0167890157480315
11
0.000576062992126
21
-0.0167890157480315
0
LINE
8
BLACK
6
CONTINUOUS
10
0.000576062992126
20
-0.0167890157480315
11
0.0016404724409449
21
-0.0172299212598425
0
LINE
8
BLACK
6
CONTINUOUS
10
2.381247283464567
20
-0.0423330708661417
11
2.3815396850393702
21
-0.0423330708661417
0
LINE
8
BLACK
6
CONTINUOUS
10
2.3815396850393702
20
-0.0423330708661417
11
2.3818069291338584
21
-0.0424437795275591
0
LINE
8
BLACK
6
CONTINUOUS
10
2.3818069291338584
20
-0.0424437795275591
11
2.3820907480314961
21
-0.0424999212598425
0
LINE
8
BLACK
6
CONTINUOUS
10
2.3820907480314961
20
-0.0424999212598425
11
2.3823340157480315
21
-0.0426620866141732
0
LINE
8
BLACK
6
CONTINUOUS
10
2.3823340157480315
20
-0.0426620866141732
11
2.382604094488189
21
-0.0427739763779528
0
LINE
8
BLACK
6
CONTINUOUS
10
2.382604094488189
20
-0.0427739763779528
11
2.3828085433070867
21
-0.0429784251968504
0
LINE
8
BLACK
6
CONTINUOUS
10
2.3828085433070867
20
-0.0429784251968504
11
2.3830493700787403
21
-0.0431389763779528
0
LINE
8
BLACK
6
CONTINUOUS
10
2.3830493700787403
20
-0.0431389763779528
11
2.3832120866141731
21
-0.043381968503937
0
LINE
8
BLACK
6
CONTINUOUS
10
2.3832120866141731
20
-0.043381968503937
11
2.3834187401574805
21
-0.0435886220472441
0
LINE
8
BLACK
6
CONTINUOUS
10
2.3834187401574805
20
-0.0435886220472441
11
2.3835294094488186
21
-0.0438558267716535
0
LINE
8
BLACK
6
CONTINUOUS
10
2.3835294094488186
20
-0.0438558267716535
11
2.3836904330708659
21
-0.0440962598425197
0
LINE
8
BLACK
6
CONTINUOUS
10
2.3836904330708659
20
-0.0440962598425197
11
2.3837477559055116
21
-0.0443829133858268
0
LINE
8
BLACK
6
CONTINUOUS
10
2.3837477559055116
20
-0.0443829133858268
11
2.3838596456692911
21
-0.044653031496063
0
LINE
8
BLACK
6
CONTINUOUS
10
2.3838596456692911
20
-0.044653031496063
11
2.3839157480314959
21
-0.0452229527559055
0
LINE
8
BLACK
6
CONTINUOUS
10
2.3839157480314959
20
-0.0452229527559055
11
2.3839163779527559
21
-0.0452259842519685
0
LINE
8
BLACK
6
CONTINUOUS
10
2.3839163779527559
20
-0.0452259842519685
11
2.3839161417322834
21
-0.0452270078740157
0
LINE
8
BLACK
6
CONTINUOUS
10
2.3839161417322834
20
-0.0452270078740157
11
2.3839163779527559
21
-0.045229094488189
0
LINE
8
BLACK
6
CONTINUOUS
10
2.3839163779527559
20
-0.045229094488189
11
2.3839163779527559
21
-0.0816464173228346
0
LINE
8
BLACK
6
CONTINUOUS
10
2.3839163779527559
20
-0.0816464173228346
11
2.3922122047244092
21
-0.0816464173228346
0
LINE
8
BLACK
6
CONTINUOUS
10
2.3922122047244092
20
-0.0816464173228346
11
2.3927882677165355
21
-0.0817031496062992
0
LINE
8
BLACK
6
CONTINUOUS
10
2.3927882677165355
20
-0.0817031496062992
11
2.3938526771653543
21
-0.0821440551181102
0
LINE
8
BLACK
6
CONTINUOUS
10
2.3938526771653543
20
-0.0821440551181102
11
2.3946673228346458
21
-0.0829587007874016
0
LINE
8
BLACK
6
CONTINUOUS
10
2.3946673228346458
20
-0.0829587007874016
11
2.3951082283464564
21
-0.0840231102362205
0
LINE
8
BLACK
6
CONTINUOUS
10
2.3951082283464564
20
-0.0840231102362205
11
2.3951082283464564
21
-0.0851752362204724
0
LINE
8
BLACK
6
CONTINUOUS
10
2.3951082283464564
20
-0.0851752362204724
11
2.3946673228346458
21
-0.0862396456692913
0
LINE
8
BLACK
6
CONTINUOUS
10
2.3946673228346458
20
-0.0862396456692913
11
2.3938526771653543
21
-0.0870542913385827
0
LINE
8
BLACK
6
CONTINUOUS
10
2.3938526771653543
20
-0.0870542913385827
11
2.3927882677165355
21
-0.0874951968503937
0
LINE
8
BLACK
6
CONTINUOUS
10
2.3927882677165355
20
-0.0874951968503937
11
2.3922122047244092
21
-0.0875519291338583
0
LINE
8
BLACK
6
CONTINUOUS
10
2.3922122047244092
20
-0.0875519291338583
11
2.3697150393700785
21
-0.0875519291338583
0
LINE
8
BLACK
6
CONTINUOUS
10
2.3697150393700785
20
-0.0875519291338583
11
2.3691389763779527
21
-0.0874951968503937
0
LINE
8
BLACK
6
CONTINUOUS
10
2.3691389763779527
20
-0.0874951968503937
11
2.3680745669291339
21
-0.0870542913385827
0
LINE
8
BLACK
6
CONTINUOUS
10
2.3680745669291339
20
-0.0870542913385827
11
2.3672599212598424
21
-0.0862396456692913
0
LINE
8
BLACK
6
CONTINUOUS
10
2.3672599212598424
20
-0.0862396456692913
11
2.3668190157480313
21
-0.0851752362204724
0
LINE
8
BLACK
6
CONTINUOUS
10
2.3668190157480313
20
-0.0851752362204724
11
2.3668190157480313
21
-0.0840231102362205
0
LINE
8
BLACK
6
CONTINUOUS
10
2.3668190157480313
20
-0.0840231102362205
11
2.3672599212598424
21
-0.0829587007874016
0
LINE
8
BLACK
6
CONTINUOUS
10
2.3672599212598424
20
-0.0829587007874016
11
2.3680745669291339
21
-0.0821440551181102
0
LINE
8
BLACK
6
CONTINUOUS
10
2.3680745669291339
20
-0.0821440551181102
11
2.3691389763779527
21
-0.0817031496062992
0
LINE
8
BLACK
6
CONTINUOUS
10
2.3691389763779527
20
-0.0817031496062992
11
2.3697150393700785
21
-0.0816464173228346
0
LINE
8
BLACK
6
CONTINUOUS
10
2.3697150393700785
20
-0.0816464173228346
11
2.3780108661417323
21
-0.0816464173228346
0
LINE
8
BLACK
6
CONTINUOUS
10
2.3780108661417323
20
-0.0816464173228346
11
2.3780108661417323
21
-0.0542324409448819
0
LINE
8
BLACK
6
CONTINUOUS
10
2.3780108661417323
20
-0.0542324409448819
11
2.3755524803149606
21
-0.0566908267716535
0
LINE
8
BLACK
6
CONTINUOUS
10
2.3755524803149606
20
-0.0566908267716535
11
2.3753261023622048
21
-0.0568765748031496
0
LINE
8
BLACK
6
CONTINUOUS
10
2.3753261023622048
20
-0.0568765748031496
11
2.3752749606299211
21
-0.0569355905511811
0
LINE
8
BLACK
6
CONTINUOUS
10
2.3752749606299211
20
-0.0569355905511811
11
2.3751859842519685
21
-0.0569915354330709
0
LINE
8
BLACK
6
CONTINUOUS
10
2.3751859842519685
20
-0.0569915354330709
11
2.3751050393700788
21
-0.057058031496063
0
LINE
8
BLACK
6
CONTINUOUS
10
2.3751050393700788
20
-0.057058031496063
11
2.3750330708661416
21
-0.0570878346456693
0
LINE
8
BLACK
6
CONTINUOUS
10
2.3750330708661416
20
-0.0570878346456693
11
2.3747850787401572
21
-0.057243937007874
0
LINE
8
BLACK
6
CONTINUOUS
10
2.3747850787401572
20
-0.057243937007874
11
2.3710355511811021
21
-0.0591187007874016
0
LINE
8
BLACK
6
CONTINUOUS
10
2.3710355511811021
20
-0.0591187007874016
11
2.3704949212598425
21
-0.0593255905511811
0
LINE
8
BLACK
6
CONTINUOUS
10
2.3704949212598425
20
-0.0593255905511811
11
2.3693457086614171
21
-0.0594072440944882
0
LINE
8
BLACK
6
CONTINUOUS
10
2.3693457086614171
20
-0.0594072440944882
11
2.3682527559055115
21
-0.0590429133858268
0
LINE
8
BLACK
6
CONTINUOUS
10
2.3682527559055115
20
-0.0590429133858268
11
2.3673823622047245
21
-0.0582880708661417
0
LINE
8
BLACK
6
CONTINUOUS
10
2.3673823622047245
20
-0.0582880708661417
11
2.366867125984252
21
-0.0572575590551181
0
LINE
8
BLACK
6
CONTINUOUS
10
2.366867125984252
20
-0.0572575590551181
11
2.3667854724409447
21
-0.0561083464566929
0
LINE
8
BLACK
6
CONTINUOUS
10
2.3667854724409447
20
-0.0561083464566929
11
2.3671498031496063
21
-0.0550153937007874
0
LINE
8
BLACK
6
CONTINUOUS
10
2.3671498031496063
20
-0.0550153937007874
11
2.3679046456692912
21
-0.054145
0
LINE
8
BLACK
6
CONTINUOUS
10
2.3679046456692912
20
-0.054145
11
2.368394527559055
21
-0.0538366535433071
0
LINE
8
BLACK
6
CONTINUOUS
10
2.368394527559055
20
-0.0538366535433071
11
2.371715472440945
21
-0.0521761811023622
0
LINE
8
BLACK
6
CONTINUOUS
10
2.371715472440945
20
-0.0521761811023622
11
2.3749193700787403
21
-0.0489722834645669
0
LINE
8
BLACK
6
CONTINUOUS
10
2.3749193700787403
20
-0.0489722834645669
11
2.3785067716535431
21
-0.0435911811023622
0
LINE
8
BLACK
6
CONTINUOUS
10
2.3785067716535431
20
-0.0435911811023622
11
2.3785081102362202
21
-0.0435894881889764
0
LINE
8
BLACK
6
CONTINUOUS
10
2.3785081102362202
20
-0.0435894881889764
11
2.3785085039370077
21
-0.0435886220472441
0
LINE
8
BLACK
6
CONTINUOUS
10
2.3785085039370077
20
-0.0435886220472441
11
2.3785105118110237
21
-0.0435865748031496
0
LINE
8
BLACK
6
CONTINUOUS
10
2.3785105118110237
20
-0.0435865748031496
11
2.3788735433070864
21
-0.0431433464566929
0
LINE
8
BLACK
6
CONTINUOUS
10
2.3788735433070864
20
-0.0431433464566929
11
2.3791164173228347
21
-0.0429806692913386
0
LINE
8
BLACK
6
CONTINUOUS
10
2.3791164173228347
20
-0.0429806692913386
11
2.3793231496062992
21
-0.0427739763779528
0
LINE
8
BLACK
6
CONTINUOUS
10
2.3793231496062992
20
-0.0427739763779528
11
2.3795904330708662
21
-0.0426632283464567
0
LINE
8
BLACK
6
CONTINUOUS
10
2.3795904330708662
20
-0.0426632283464567
11
2.3798308267716535
21
-0.0425022834645669
0
LINE
8
BLACK
6
CONTINUOUS
10
2.3798308267716535
20
-0.0425022834645669
11
2.3801174409448818
21
-0.0424449212598425
0
LINE
8
BLACK
6
CONTINUOUS
10
2.3801174409448818
20
-0.0424449212598425
11
2.380387559055118
21
-0.0423330708661417
0
LINE
8
BLACK
6
CONTINUOUS
10
2.380387559055118
20
-0.0423330708661417
11
2.3806768503937006
21
-0.0423330708661417
0
LINE
8
BLACK
6
CONTINUOUS
10
2.3806768503937006
20
-0.0423330708661417
11
2.3809605118110237
21
-0.0422763385826772
0
LINE
8
BLACK
6
CONTINUOUS
10
2.3809605118110237
20
-0.0422763385826772
11
2.381247283464567
21
-0.0423330708661417
0
LINE
8
BLACK
6
CONTINUOUS
10
2.4300121653543307
20
-0.0423063385826772
11
2.4300896456692911
21
-0.0423011811023622
0
LINE
8
BLACK
6
CONTINUOUS
10
2.4300896456692911
20
-0.0423011811023622
11
2.4301429921259841
21
-0.0423192125984252
0
LINE
8
BLACK
6
CONTINUOUS
10
2.4301429921259841
20
-0.0423192125984252
11
2.4302835826771654
21
-0.0423330708661417
0
LINE
8
BLACK
6
CONTINUOUS
10
2.4302835826771654
20
-0.0423330708661417
11
2.4307267716535432
21
-0.0425166535433071
0
LINE
8
BLACK
6
CONTINUOUS
10
2.4307267716535432
20
-0.0425166535433071
11
2.431181023622047
21
-0.0426702755905512
0
LINE
8
BLACK
6
CONTINUOUS
10
2.431181023622047
20
-0.0426702755905512
11
2.4312559842519685
21
-0.0427358267716535
0
LINE
8
BLACK
6
CONTINUOUS
10
2.4312559842519685
20
-0.0427358267716535
11
2.4313479921259842
21
-0.0427739763779528
0
LINE
8
BLACK
6
CONTINUOUS
10
2.4313479921259842
20
-0.0427739763779528
11
2.4316869685039371
21
-0.0431129527559055
0
LINE
8
BLACK
6
CONTINUOUS
10
2.4316869685039371
20
-0.0431129527559055
11
2.4320481102362206
21
-0.043428937007874
0
LINE
8
BLACK
6
CONTINUOUS
10
2.4320481102362206
20
-0.043428937007874
11
2.4320922834645669
21
-0.0435182677165354
0
LINE
8
BLACK
6
CONTINUOUS
10
2.4320922834645669
20
-0.0435182677165354
11
2.4321626377952756
21
-0.0435886220472441
0
LINE
8
BLACK
6
CONTINUOUS
10
2.4321626377952756
20
-0.0435886220472441
11
2.4323461023622048
21
-0.0440315354330709
0
LINE
8
BLACK
6
CONTINUOUS
10
2.4323461023622048
20
-0.0440315354330709
11
2.4325588188976379
21
-0.0444616929133858
0
LINE
8
BLACK
6
CONTINUOUS
10
2.4325588188976379
20
-0.0444616929133858
11
2.4325654330708661
21
-0.0445610236220472
0
LINE
8
BLACK
6
CONTINUOUS
10
2.4325654330708661
20
-0.0445610236220472
11
2.4326035433070867
21
-0.044653031496063
0
LINE
8
BLACK
6
CONTINUOUS
10
2.4326035433070867
20
-0.044653031496063
11
2.4326035433070867
21
-0.0451327165354331
0
LINE
8
BLACK
6
CONTINUOUS
10
2.4326035433070867
20
-0.0451327165354331
11
2.4326354330708662
21
-0.0456112204724409
0
LINE
8
BLACK
6
CONTINUOUS
10
2.4326354330708662
20
-0.0456112204724409
11
2.4326035433070867
21
-0.0457055118110236
0
LINE
8
BLACK
6
CONTINUOUS
10
2.4326035433070867
20
-0.0457055118110236
11
2.4326035433070867
21
-0.045805157480315
0
LINE
8
BLACK
6
CONTINUOUS
10
2.4326035433070867
20
-0.045805157480315
11
2.4324199212598425
21
-0.0462483464566929
0
LINE
8
BLACK
6
CONTINUOUS
10
2.4324199212598425
20
-0.0462483464566929
11
2.4322663385826773
21
-0.0467025984251968
0
LINE
8
BLACK
6
CONTINUOUS
10
2.4322663385826773
20
-0.0467025984251968
11
2.432184212598425
21
-0.0468174409448819
0
LINE
8
BLACK
6
CONTINUOUS
10
2.432184212598425
20
-0.0468174409448819
11
2.4321626377952756
21
-0.0468695669291339
0
LINE
8
BLACK
6
CONTINUOUS
10
2.4321626377952756
20
-0.0468695669291339
11
2.4321076771653543
21
-0.0469244881889764
0
LINE
8
BLACK
6
CONTINUOUS
10
2.4321076771653543
20
-0.0469244881889764
11
2.4319296850393699
21
-0.0471735039370079
0
LINE
8
BLACK
6
CONTINUOUS
10
2.4319296850393699
20
-0.0471735039370079
11
2.4229967716535432
21
-0.0573825196850394
0
LINE
8
BLACK
6
CONTINUOUS
10
2.4229967716535432
20
-0.0573825196850394
11
2.4235289763779528
21
-0.0575861811023622
0
LINE
8
BLACK
6
CONTINUOUS
10
2.4235289763779528
20
-0.0575861811023622
11
2.4272785039370079
21
-0.0594609448818898
0
LINE
8
BLACK
6
CONTINUOUS
10
2.4272785039370079
20
-0.0594609448818898
11
2.4275264960629919
21
-0.0596170078740157
0
LINE
8
BLACK
6
CONTINUOUS
10
2.4275264960629919
20
-0.0596170078740157
11
2.4275984645669291
21
-0.0596468503937008
0
LINE
8
BLACK
6
CONTINUOUS
10
2.4275984645669291
20
-0.0596468503937008
11
2.4276794094488188
21
-0.0597133070866142
0
LINE
8
BLACK
6
CONTINUOUS
10
2.4276794094488188
20
-0.0597133070866142
11
2.4277683858267718
21
-0.0597692913385827
0
LINE
8
BLACK
6
CONTINUOUS
10
2.4277683858267718
20
-0.0597692913385827
11
2.4278195275590551
21
-0.0598282677165354
0
LINE
8
BLACK
6
CONTINUOUS
10
2.4278195275590551
20
-0.0598282677165354
11
2.4280459055118109
21
-0.0600140551181102
0
LINE
8
BLACK
6
CONTINUOUS
10
2.4280459055118109
20
-0.0600140551181102
11
2.4299206692913384
21
-0.0618888188976378
0
LINE
8
BLACK
6
CONTINUOUS
10
2.4299206692913384
20
-0.0618888188976378
11
2.4301064173228344
21
-0.062115157480315
0
LINE
8
BLACK
6
CONTINUOUS
10
2.4301064173228344
20
-0.062115157480315
11
2.430165433070866
21
-0.0621663385826772
0
LINE
8
BLACK
6
CONTINUOUS
10
2.430165433070866
20
-0.0621663385826772
11
2.4302213779527557
21
-0.0622552755905512
0
LINE
8
BLACK
6
CONTINUOUS
10
2.4302213779527557
20
-0.0622552755905512
11
2.4302878740157481
21
-0.0623362598425197
0
LINE
8
BLACK
6
CONTINUOUS
10
2.4302878740157481
20
-0.0623362598425197
11
2.4303176771653541
21
-0.062408188976378
0
LINE
8
BLACK
6
CONTINUOUS
10
2.4303176771653541
20
-0.062408188976378
11
2.4304737795275591
21
-0.0626562204724409
0
LINE
8
BLACK
6
CONTINUOUS
10
2.4304737795275591
20
-0.0626562204724409
11
2.4323485433070866
21
-0.0664057480314961
0
LINE
8
BLACK
6
CONTINUOUS
10
2.4323485433070866
20
-0.0664057480314961
11
2.4325554330708661
21
-0.0669463385826772
0
LINE
8
BLACK
6
CONTINUOUS
10
2.4325554330708661
20
-0.0669463385826772
11
2.4325629527559056
21
-0.0670522047244095
0
LINE
8
BLACK
6
CONTINUOUS
10
2.4325629527559056
20
-0.0670522047244095
11
2.4326035433070867
21
-0.0671501968503937
0
LINE
8
BLACK
6
CONTINUOUS
10
2.4326035433070867
20
-0.0671501968503937
11
2.4326602755905511
21
-0.0677262598425197
0
LINE
8
BLACK
6
CONTINUOUS
10
2.4326602755905511
20
-0.0677262598425197
11
2.4326602755905511
21
-0.0771000787401575
0
LINE
8
BLACK
6
CONTINUOUS
10
2.4326602755905511
20
-0.0771000787401575
11
2.4326035433070867
21
-0.0776761417322835
0
LINE
8
BLACK
6
CONTINUOUS
10
2.4326035433070867
20
-0.0776761417322835
11
2.4325629527559056
21
-0.077774094488189
0
LINE
8
BLACK
6
CONTINUOUS
10
2.4325629527559056
20
-0.077774094488189
11
2.4325554330708661
21
-0.07788
0
LINE
8
BLACK
6
CONTINUOUS
10
2.4325554330708661
20
-0.07788
11
2.4323485433070866
21
-0.0784205905511811
0
LINE
8
BLACK
6
CONTINUOUS
10
2.4323485433070866
20
-0.0784205905511811
11
2.4304737795275591
21
-0.0821701181102362
0
LINE
8
BLACK
6
CONTINUOUS
10
2.4304737795275591
20
-0.0821701181102362
11
2.4303177165354328
21
-0.0824179921259842
0
LINE
8
BLACK
6
CONTINUOUS
10
2.4303177165354328
20
-0.0824179921259842
11
2.4302879133858268
21
-0.0824900393700787
0
LINE
8
BLACK
6
CONTINUOUS
10
2.4302879133858268
20
-0.0824900393700787
11
2.4302213779527557
21
-0.082571062992126
0
LINE
8
BLACK
6
CONTINUOUS
10
2.4302213779527557
20
-0.082571062992126
11
2.430165433070866
21
-0.08266
0
LINE
8
BLACK
6
CONTINUOUS
10
2.430165433070866
20
-0.08266
11
2.4301064173228344
21
-0.0827111417322835
0
LINE
8
BLACK
6
CONTINUOUS
10
2.4301064173228344
20
-0.0827111417322835
11
2.4299206692913384
21
-0.0829375196850394
0
LINE
8
BLACK
6
CONTINUOUS
10
2.4299206692913384
20
-0.0829375196850394
11
2.4280459448818896
21
-0.0848122834645669
0
LINE
8
BLACK
6
CONTINUOUS
10
2.4280459448818896
20
-0.0848122834645669
11
2.4278195669291338
21
-0.084998031496063
0
LINE
8
BLACK
6
CONTINUOUS
10
2.4278195669291338
20
-0.084998031496063
11
2.4277683858267718
21
-0.0850570866141732
0
LINE
8
BLACK
6
CONTINUOUS
10
2.4277683858267718
20
-0.0850570866141732
11
2.4276794094488188
21
-0.0851130708661417
0
LINE
8
BLACK
6
CONTINUOUS
10
2.4276794094488188
20
-0.0851130708661417
11
2.4275984645669291
21
-0.0851795275590551
0
LINE
8
BLACK
6
CONTINUOUS
10
2.4275984645669291
20
-0.0851795275590551
11
2.4275264960629919
21
-0.0852093307086614
0
LINE
8
BLACK
6
CONTINUOUS
10
2.4275264960629919
20
-0.0852093307086614
11
2.4272785039370079
21
-0.0853654330708661
0
LINE
8
BLACK
6
CONTINUOUS
10
2.4272785039370079
20
-0.0853654330708661
11
2.4235289763779528
21
-0.0872401968503937
0
LINE
8
BLACK
6
CONTINUOUS
10
2.4235289763779528
20
-0.0872401968503937
11
2.4229883464566928
21
-0.0874470866141732
0
LINE
8
BLACK
6
CONTINUOUS
10
2.4229883464566928
20
-0.0874470866141732
11
2.4228825196850394
21
-0.0874545669291339
0
LINE
8
BLACK
6
CONTINUOUS
10
2.4228825196850394
20
-0.0874545669291339
11
2.4227845275590552
21
-0.0874951968503937
0
LINE
8
BLACK
6
CONTINUOUS
10
2.4227845275590552
20
-0.0874951968503937
11
2.4222084645669293
21
-0.0875519291338583
0
LINE
8
BLACK
6
CONTINUOUS
10
2.4222084645669293
20
-0.0875519291338583
11
2.4109598818897635
21
-0.0875519291338583
0
LINE
8
BLACK
6
CONTINUOUS
10
2.4109598818897635
20
-0.0875519291338583
11
2.4103838188976376
21
-0.0874951968503937
0
LINE
8
BLACK
6
CONTINUOUS
10
2.4103838188976376
20
-0.0874951968503937
11
2.4102858267716534
21
-0.0874546062992126
0
LINE
8
BLACK
6
CONTINUOUS
10
2.4102858267716534
20
-0.0874546062992126
11
2.4101799606299212
21
-0.0874470866141732
0
LINE
8
BLACK
6
CONTINUOUS
10
2.4101799606299212
20
-0.0874470866141732
11
2.40963937007874
21
-0.0872401968503937
0
LINE
8
BLACK
6
CONTINUOUS
10
2.40963937007874
20
-0.0872401968503937
11
2.4058898425196849
21
-0.0853654330708661
0
LINE
8
BLACK
6
CONTINUOUS
10
2.4058898425196849
20
-0.0853654330708661
11
2.4056418110236222
21
-0.0852093307086614
0
LINE
8
BLACK
6
CONTINUOUS
10
2.4056418110236222
20
-0.0852093307086614
11
2.4055698818897637
21
-0.0851795275590551
0
LINE
8
BLACK
6
CONTINUOUS
10
2.4055698818897637
20
-0.0851795275590551
11
2.4054888976377953
21
-0.0851130708661417
0
LINE
8
BLACK
6
CONTINUOUS
10
2.4054888976377953
20
-0.0851130708661417
11
2.405399960629921
21
-0.0850570866141732
0
LINE
8
BLACK
6
CONTINUOUS
10
2.405399960629921
20
-0.0850570866141732
11
2.4053487401574802
21
-0.084998031496063
0
LINE
8
BLACK
6
CONTINUOUS
10
2.4053487401574802
20
-0.084998031496063
11
2.4051224015748032
21
-0.0848122834645669
0
LINE
8
BLACK
6
CONTINUOUS
10
2.4051224015748032
20
-0.0848122834645669
11
2.4032476377952756
21
-0.0829374803149606
0
LINE
8
BLACK
6
CONTINUOUS
10
2.4032476377952756
20
-0.0829374803149606
11
2.402880433070866
21
-0.0824900393700787
0
LINE
8
BLACK
6
CONTINUOUS
10
2.402880433070866
20
-0.0824900393700787
11
2.4024395669291336
21
-0.0814256299212598
0
LINE
8
BLACK
6
CONTINUOUS
10
2.4024395669291336
20
-0.0814256299212598
11
2.4024395669291336
21
-0.0802735433070866
0
LINE
8
BLACK
6
CONTINUOUS
10
2.4024395669291336
20
-0.0802735433070866
11
2.4028804724409447
21
-0.0792091338582677
0
LINE
8
BLACK
6
CONTINUOUS
10
2.4028804724409447
20
-0.0792091338582677
11
2.4036951574803149
21
-0.0783944488188976
0
LINE
8
BLACK
6
CONTINUOUS
10
2.4036951574803149
20
-0.0783944488188976
11
2.4047595669291337
21
-0.0779535826771654
0
LINE
8
BLACK
6
CONTINUOUS
10
2.4047595669291337
20
-0.0779535826771654
11
2.4059116535433072
21
-0.0779535826771654
0
LINE
8
BLACK
6
CONTINUOUS
10
2.4059116535433072
20
-0.0779535826771654
11
2.406976062992126
21
-0.0783944881889764
0
LINE
8
BLACK
6
CONTINUOUS
10
2.406976062992126
20
-0.0783944881889764
11
2.4074235433070865
21
-0.0787617322834646
0
LINE
8
BLACK
6
CONTINUOUS
10
2.4074235433070865
20
-0.0787617322834646
11
2.4089594488188975
21
-0.0802976771653543
0
LINE
8
BLACK
6
CONTINUOUS
10
2.4089594488188975
20
-0.0802976771653543
11
2.4116569291338581
21
-0.0816464173228346
0
LINE
8
BLACK
6
CONTINUOUS
10
2.4116569291338581
20
-0.0816464173228346
11
2.4215114173228347
21
-0.0816464173228346
0
LINE
8
BLACK
6
CONTINUOUS
10
2.4215114173228347
20
-0.0816464173228346
11
2.4242088582677166
21
-0.0802976771653543
0
LINE
8
BLACK
6
CONTINUOUS
10
2.4242088582677166
20
-0.0802976771653543
11
2.4254059842519684
21
-0.0791005118110236
0
LINE
8
BLACK
6
CONTINUOUS
10
2.4254059842519684
20
-0.0791005118110236
11
2.4267547637795275
21
-0.076403031496063
0
LINE
8
BLACK
6
CONTINUOUS
10
2.4267547637795275
20
-0.076403031496063
11
2.4267547637795275
21
-0.0684233070866142
0
LINE
8
BLACK
6
CONTINUOUS
10
2.4267547637795275
20
-0.0684233070866142
11
2.4254060236220472
21
-0.0657258267716535
0
LINE
8
BLACK
6
CONTINUOUS
10
2.4254060236220472
20
-0.0657258267716535
11
2.4242088976377953
21
-0.0645287007874016
0
LINE
8
BLACK
6
CONTINUOUS
10
2.4242088976377953
20
-0.0645287007874016
11
2.4215114173228347
21
-0.0631799606299213
0
LINE
8
BLACK
6
CONTINUOUS
10
2.4215114173228347
20
-0.0631799606299213
11
2.4165841732283466
21
-0.0631799606299213
0
LINE
8
BLACK
6
CONTINUOUS
10
2.4165841732283466
20
-0.0631799606299213
11
2.4162794881889762
21
-0.0631499212598425
0
LINE
8
BLACK
6
CONTINUOUS
10
2.4162794881889762
20
-0.0631499212598425
11
2.4162020472440946
21
-0.0631551181102362
0
LINE
8
BLACK
6
CONTINUOUS
10
2.4162020472440946
20
-0.0631551181102362
11
2.4161486614173229
21
-0.0631370472440945
0
LINE
8
BLACK
6
CONTINUOUS
10
2.4161486614173229
20
-0.0631370472440945
11
2.4160081102362203
21
-0.0631232283464567
0
LINE
8
BLACK
6
CONTINUOUS
10
2.4160081102362203
20
-0.0631232283464567
11
2.4155648818897637
21
-0.0629396062992126
0
LINE
8
BLACK
6
CONTINUOUS
10
2.4155648818897637
20
-0.0629396062992126
11
2.4151106692913387
21
-0.0627860236220472
0
LINE
8
BLACK
6
CONTINUOUS
10
2.4151106692913387
20
-0.0627860236220472
11
2.4150356692913384
21
-0.0627204330708661
0
LINE
8
BLACK
6
CONTINUOUS
10
2.4150356692913384
20
-0.0627204330708661
11
2.4149437007874015
21
-0.0626823228346457
0
LINE
8
BLACK
6
CONTINUOUS
10
2.4149437007874015
20
-0.0626823228346457
11
2.4146046850393699
21
-0.0623433070866142
0
LINE
8
BLACK
6
CONTINUOUS
10
2.4146046850393699
20
-0.0623433070866142
11
2.4142435826771651
21
-0.0620273622047244
0
LINE
8
BLACK
6
CONTINUOUS
10
2.4142435826771651
20
-0.0620273622047244
11
2.4141993700787401
21
-0.0619379921259842
0
LINE
8
BLACK
6
CONTINUOUS
10
2.4141993700787401
20
-0.0619379921259842
11
2.41412905511811
21
-0.0618676771653543
0
LINE
8
BLACK
6
CONTINUOUS
10
2.41412905511811
20
-0.0618676771653543
11
2.4139455511811021
21
-0.0614247244094488
0
LINE
8
BLACK
6
CONTINUOUS
10
2.4139455511811021
20
-0.0614247244094488
11
2.4137328740157478
21
-0.0609946062992126
0
LINE
8
BLACK
6
CONTINUOUS
10
2.4137328740157478
20
-0.0609946062992126
11
2.4137262204724408
21
-0.0608952362204724
0
LINE
8
BLACK
6
CONTINUOUS
10
2.4137262204724408
20
-0.0608952362204724
11
2.413688149606299
21
-0.0608032677165354
0
LINE
8
BLACK
6
CONTINUOUS
10
2.413688149606299
20
-0.0608032677165354
11
2.413688149606299
21
-0.0603235433070866
0
LINE
8
BLACK
6
CONTINUOUS
10
2.413688149606299
20
-0.0603235433070866
11
2.4136562598425195
21
-0.0598450787401575
0
LINE
8
BLACK
6
CONTINUOUS
10
2.4136562598425195
20
-0.0598450787401575
11
2.413688149606299
21
-0.0597507480314961
0
LINE
8
BLACK
6
CONTINUOUS
10
2.413688149606299
20
-0.0597507480314961
11
2.413688149606299
21
-0.0596511417322835
0
LINE
8
BLACK
6
CONTINUOUS
10
2.413688149606299
20
-0.0596511417322835
11
2.4138717322834644
21
-0.0592079133858268
0
LINE
8
BLACK
6
CONTINUOUS
10
2.4138717322834644
20
-0.0592079133858268
11
2.4140253543307084
21
-0.0587537007874016
0
LINE
8
BLACK
6
CONTINUOUS
10
2.4140253543307084
20
-0.0587537007874016
11
2.4141074409448819
21
-0.0586388188976378
0
LINE
8
BLACK
6
CONTINUOUS
10
2.4141074409448819
20
-0.0586388188976378
11
2.41412905511811
21
-0.0585867322834646
0
LINE
8
BLACK
6
CONTINUOUS
10
2.41412905511811
20
-0.0585867322834646
11
2.4141839763779527
21
-0.0585317716535433
0
LINE
8
BLACK
6
CONTINUOUS
10
2.4141839763779527
20
-0.0585317716535433
11
2.4143620078740158
21
-0.0582827952755905
0
LINE
8
BLACK
6
CONTINUOUS
10
2.4143620078740158
20
-0.0582827952755905
11
2.4232003543307088
21
-0.0481818503937008
0
LINE
8
BLACK
6
CONTINUOUS
10
2.4232003543307088
20
-0.0481818503937008
11
2.4053355905511808
21
-0.0481818503937008
0
LINE
8
BLACK
6
CONTINUOUS
10
2.4053355905511808
20
-0.0481818503937008
11
2.404759527559055
21
-0.0481251181102362
0
LINE
8
BLACK
6
CONTINUOUS
10
2.404759527559055
20
-0.0481251181102362
11
2.4036951181102362
21
-0.0476842125984252
0
LINE
8
BLACK
6
CONTINUOUS
10
2.4036951181102362
20
-0.0476842125984252
11
2.4028804724409447
21
-0.0468695669291339
0
LINE
8
BLACK
6
CONTINUOUS
10
2.4028804724409447
20
-0.0468695669291339
11
2.4024395669291336
21
-0.045805157480315
0
LINE
8
BLACK
6
CONTINUOUS
10
2.4024395669291336
20
-0.045805157480315
11
2.4024395669291336
21
-0.044653031496063
0
LINE
8
BLACK
6
CONTINUOUS
10
2.4024395669291336
20
-0.044653031496063
11
2.4028804724409447
21
-0.0435886220472441
0
LINE
8
BLACK
6
CONTINUOUS
10
2.4028804724409447
20
-0.0435886220472441
11
2.4036951181102362
21
-0.0427739763779528
0
LINE
8
BLACK
6
CONTINUOUS
10
2.4036951181102362
20
-0.0427739763779528
11
2.404759527559055
21
-0.0423330708661417
0
LINE
8
BLACK
6
CONTINUOUS
10
2.404759527559055
20
-0.0423330708661417
11
2.4053355905511808
21
-0.0422763385826772
0
LINE
8
BLACK
6
CONTINUOUS
10
2.4053355905511808
20
-0.0422763385826772
11
2.4297075196850395
21
-0.0422763385826772
0
LINE
8
BLACK
6
CONTINUOUS
10
2.4297075196850395
20
-0.0422763385826772
11
2.4300121653543307
21
-0.0423063385826772
0
LINE
8
BLACK
6
CONTINUOUS
10
2.4640293700787401
20
-0.0423330708661417
11
2.4650937795275589
21
-0.0427739763779528
0
LINE
8
BLACK
6
CONTINUOUS
10
2.4650937795275589
20
-0.0427739763779528
11
2.4659084251968504
21
-0.0435886220472441
0
LINE
8
BLACK
6
CONTINUOUS
10
2.4659084251968504
20
-0.0435886220472441
11
2.4663493307086615
21
-0.044653031496063
0
LINE
8
BLACK
6
CONTINUOUS
10
2.4663493307086615
20
-0.044653031496063
11
2.4663493307086615
21
-0.045805157480315
0
LINE
8
BLACK
6
CONTINUOUS
10
2.4663493307086615
20
-0.045805157480315
11
2.4659084251968504
21
-0.0468695669291339
0
LINE
8
BLACK
6
CONTINUOUS
10
2.4659084251968504
20
-0.0468695669291339
11
2.4650937795275589
21
-0.0476842125984252
0
LINE
8
BLACK
6
CONTINUOUS
10
2.4650937795275589
20
-0.0476842125984252
11
2.4640293700787401
21
-0.0481251181102362
0
LINE
8
BLACK
6
CONTINUOUS
10
2.4640293700787401
20
-0.0481251181102362
11
2.4634533070866143
21
-0.0481818503937008
0
LINE
8
BLACK
6
CONTINUOUS
10
2.4634533070866143
20
-0.0481818503937008
11
2.4566512992125982
21
-0.0481818503937008
0
LINE
8
BLACK
6
CONTINUOUS
10
2.4566512992125982
20
-0.0481818503937008
11
2.4539538188976375
21
-0.0495305905511811
0
LINE
8
BLACK
6
CONTINUOUS
10
2.4539538188976375
20
-0.0495305905511811
11
2.4526246062992128
21
-0.0508597637795276
0
LINE
8
BLACK
6
CONTINUOUS
10
2.4526246062992128
20
-0.0508597637795276
11
2.4493209842519685
21
-0.0558152362204724
0
LINE
8
BLACK
6
CONTINUOUS
10
2.4493209842519685
20
-0.0558152362204724
11
2.4485916929133857
21
-0.0587324409448819
0
LINE
8
BLACK
6
CONTINUOUS
10
2.4485916929133857
20
-0.0587324409448819
11
2.4508842125984249
21
-0.0575861811023622
0
LINE
8
BLACK
6
CONTINUOUS
10
2.4508842125984249
20
-0.0575861811023622
11
2.4514248031496062
21
-0.0573792913385827
0
LINE
8
BLACK
6
CONTINUOUS
10
2.4514248031496062
20
-0.0573792913385827
11
2.4515306692913383
21
-0.0573717322834646
0
LINE
8
BLACK
6
CONTINUOUS
10
2.4515306692913383
20
-0.0573717322834646
11
2.4516286614173226
21
-0.0573311811023622
0
LINE
8
BLACK
6
CONTINUOUS
10
2.4516286614173226
20
-0.0573311811023622
11
2.4522047244094489
21
-0.0572744488188976
0
LINE
8
BLACK
6
CONTINUOUS
10
2.4522047244094489
20
-0.0572744488188976
11
2.4597037795275591
21
-0.0572744488188976
0
LINE
8
BLACK
6
CONTINUOUS
10
2.4597037795275591
20
-0.0572744488188976
11
2.460279842519685
21
-0.0573311811023622
0
LINE
8
BLACK
6
CONTINUOUS
10
2.460279842519685
20
-0.0573311811023622
11
2.4603778346456693
21
-0.0573717716535433
0
LINE
8
BLACK
6
CONTINUOUS
10
2.4603778346456693
20
-0.0573717716535433
11
2.4604836614173227
21
-0.0573792913385827
0
LINE
8
BLACK
6
CONTINUOUS
10
2.4604836614173227
20
-0.0573792913385827
11
2.4610242913385827
21
-0.0575861811023622
0
LINE
8
BLACK
6
CONTINUOUS
10
2.4610242913385827
20
-0.0575861811023622
11
2.4647738188976378
21
-0.0594609448818898
0
LINE
8
BLACK
6
CONTINUOUS
10
2.4647738188976378
20
-0.0594609448818898
11
2.4650218110236222
21
-0.0596170078740157
0
LINE
8
BLACK
6
CONTINUOUS
10
2.4650218110236222
20
-0.0596170078740157
11
2.4650937795275589
21
-0.0596468503937008
0
LINE
8
BLACK
6
CONTINUOUS
10
2.4650937795275589
20
-0.0596468503937008
11
2.4651747244094486
21
-0.0597133070866142
0
LINE
8
BLACK
6
CONTINUOUS
10
2.4651747244094486
20
-0.0597133070866142
11
2.4652637007874016
21
-0.0597692913385827
0
LINE
8
BLACK
6
CONTINUOUS
10
2.4652637007874016
20
-0.0597692913385827
11
2.4653148425196849
21
-0.0598282677165354
0
LINE
8
BLACK
6
CONTINUOUS
10
2.4653148425196849
20
-0.0598282677165354
11
2.4655412204724407
21
-0.0600140551181102
0
LINE
8
BLACK
6
CONTINUOUS
10
2.4655412204724407
20
-0.0600140551181102
11
2.4674159842519683
21
-0.0618888188976378
0
LINE
8
BLACK
6
CONTINUOUS
10
2.4674159842519683
20
-0.0618888188976378
11
2.4676017322834647
21
-0.062115157480315
0
LINE
8
BLACK
6
CONTINUOUS
10
2.4676017322834647
20
-0.062115157480315
11
2.4676607480314958
21
-0.0621663385826772
0
LINE
8
BLACK
6
CONTINUOUS
10
2.4676607480314958
20
-0.0621663385826772
11
2.4677166929133856
21
-0.0622552755905512
0
LINE
8
BLACK
6
CONTINUOUS
10
2.4677166929133856
20
-0.0622552755905512
11
2.4677831889763779
21
-0.0623362598425197
0
LINE
8
BLACK
6
CONTINUOUS
10
2.4677831889763779
20
-0.0623362598425197
11
2.4678129921259844
21
-0.062408188976378
0
LINE
8
BLACK
6
CONTINUOUS
10
2.4678129921259844
20
-0.062408188976378
11
2.4679690944881889
21
-0.0626562204724409
0
LINE
8
BLACK
6
CONTINUOUS
10
2.4679690944881889
20
-0.0626562204724409
11
2.4698438582677165
21
-0.0664057480314961
0
LINE
8
BLACK
6
CONTINUOUS
10
2.4698438582677165
20
-0.0664057480314961
11
2.4700507480314959
21
-0.0669463385826772
0
LINE
8
BLACK
6
CONTINUOUS
10
2.4700507480314959
20
-0.0669463385826772
11
2.4700582677165355
21
-0.0670522047244095
0
LINE
8
BLACK
6
CONTINUOUS
10
2.4700582677165355
20
-0.0670522047244095
11
2.4700988582677166
21
-0.0671501968503937
0
LINE
8
BLACK
6
CONTINUOUS
10
2.4700988582677166
20
-0.0671501968503937
11
2.4701555905511809
21
-0.0677262598425197
0
LINE
8
BLACK
6
CONTINUOUS
10
2.4701555905511809
20
-0.0677262598425197
11
2.4701555905511809
21
-0.0771000787401575
0
LINE
8
BLACK
6
CONTINUOUS
10
2.4701555905511809
20
-0.0771000787401575
11
2.4700988582677166
21
-0.0776761417322835
0
LINE
8
BLACK
6
CONTINUOUS
10
2.4700988582677166
20
-0.0776761417322835
11
2.4700582677165355
21
-0.077774094488189
0
LINE
8
BLACK
6
CONTINUOUS
10
2.4700582677165355
20
-0.077774094488189
11
2.4700507480314959
21
-0.07788
0
LINE
8
BLACK
6
CONTINUOUS
10
2.4700507480314959
20
-0.07788
11
2.4698438582677165
21
-0.0784205905511811
0
LINE
8
BLACK
6
CONTINUOUS
10
2.4698438582677165
20
-0.0784205905511811
11
2.4679690944881889
21
-0.0821701181102362
0
LINE
8
BLACK
6
CONTINUOUS
10
2.4679690944881889
20
-0.0821701181102362
11
2.4678130314960631
21
-0.0824179921259842
0
LINE
8
BLACK
6
CONTINUOUS
10
2.4678130314960631
20
-0.0824179921259842
11
2.4677832283464567
21
-0.0824900393700787
0
LINE
8
BLACK
6
CONTINUOUS
10
2.4677832283464567
20
-0.0824900393700787
11
2.4677166929133856
21
-0.082571062992126
0
LINE
8
BLACK
6
CONTINUOUS
10
2.4677166929133856
20
-0.082571062992126
11
2.4676607480314958
21
-0.08266
0
LINE
8
BLACK
6
CONTINUOUS
10
2.4676607480314958
20
-0.08266
11
2.4676017322834647
21
-0.0827111417322835
0
LINE
8
BLACK
6
CONTINUOUS
10
2.4676017322834647
20
-0.0827111417322835
11
2.4674159842519683
21
-0.0829375196850394
0
LINE
8
BLACK
6
CONTINUOUS
10
2.4674159842519683
20
-0.0829375196850394
11
2.4655412598425195
21
-0.0848122834645669
0
LINE
8
BLACK
6
CONTINUOUS
10
2.4655412598425195
20
-0.0848122834645669
11
2.4653148818897637
21
-0.084998031496063
0
LINE
8
BLACK
6
CONTINUOUS
10
2.4653148818897637
20
-0.084998031496063
11
2.4652637007874016
21
-0.0850570866141732
0
LINE
8
BLACK
6
CONTINUOUS
10
2.4652637007874016
20
-0.0850570866141732
11
2.4651747244094486
21
-0.0851130708661417
0
LINE
8
BLACK
6
CONTINUOUS
10
2.4651747244094486
20
-0.0851130708661417
11
2.4650937795275589
21
-0.0851795275590551
0
LINE
8
BLACK
6
CONTINUOUS
10
2.4650937795275589
20
-0.0851795275590551
11
2.4650218110236222
21
-0.0852093307086614
0
LINE
8
BLACK
6
CONTINUOUS
10
2.4650218110236222
20
-0.0852093307086614
11
2.4647738188976378
21
-0.0853654330708661
0
LINE
8
BLACK
6
CONTINUOUS
10
2.4647738188976378
20
-0.0853654330708661
11
2.4610242913385827
21
-0.0872401968503937
0
LINE
8
BLACK
6
CONTINUOUS
10
2.4610242913385827
20
-0.0872401968503937
11
2.4604836614173227
21
-0.0874470866141732
0
LINE
8
BLACK
6
CONTINUOUS
10
2.4604836614173227
20
-0.0874470866141732
11
2.4603778346456693
21
-0.0874545669291339
0
LINE
8
BLACK
6
CONTINUOUS
10
2.4603778346456693
20
-0.0874545669291339
11
2.460279842519685
21
-0.0874951968503937
0
LINE
8
BLACK
6
CONTINUOUS
10
2.460279842519685
20
-0.0874951968503937
11
2.4597037795275591
21
-0.0875519291338583
0
LINE
8
BLACK
6
CONTINUOUS
10
2.4597037795275591
20
-0.0875519291338583
11
2.4522047244094489
21
-0.0875519291338583
0
LINE
8
BLACK
6
CONTINUOUS
10
2.4522047244094489
20
-0.0875519291338583
11
2.4516286614173226
21
-0.0874951968503937
0
LINE
8
BLACK
6
CONTINUOUS
10
2.4516286614173226
20
-0.0874951968503937
11
2.4515306692913383
21
-0.0874546062992126
0
LINE
8
BLACK
6
CONTINUOUS
10
2.4515306692913383
20
-0.0874546062992126
11
2.4514248031496062
21
-0.0874470866141732
0
LINE
8
BLACK
6
CONTINUOUS
10
2.4514248031496062
20
-0.0874470866141732
11
2.4508842125984249
21
-0.0872401968503937
0
LINE
8
BLACK
6
CONTINUOUS
10
2.4508842125984249
20
-0.0872401968503937
11
2.4471346850393698
21
-0.0853654330708661
0
LINE
8
BLACK
6
CONTINUOUS
10
2.4471346850393698
20
-0.0853654330708661
11
2.4468866535433071
21
-0.0852093307086614
0
LINE
8
BLACK
6
CONTINUOUS
10
2.4468866535433071
20
-0.0852093307086614
11
2.4468147244094487
21
-0.0851795275590551
0
LINE
8
BLACK
6
CONTINUOUS
10
2.4468147244094487
20
-0.0851795275590551
11
2.4467337401574802
21
-0.0851130708661417
0
LINE
8
BLACK
6
CONTINUOUS
10
2.4467337401574802
20
-0.0851130708661417
11
2.4466448031496064
21
-0.0850570866141732
0
LINE
8
BLACK
6
CONTINUOUS
10
2.4466448031496064
20
-0.0850570866141732
11
2.4465935826771652
21
-0.084998031496063
0
LINE
8
BLACK
6
CONTINUOUS
10
2.4465935826771652
20
-0.084998031496063
11
2.4463672440944881
21
-0.0848122834645669
0
LINE
8
BLACK
6
CONTINUOUS
10
2.4463672440944881
20
-0.0848122834645669
11
2.4444924803149606
21
-0.0829374803149606
0
LINE
8
BLACK
6
CONTINUOUS
10
2.4444924803149606
20
-0.0829374803149606
11
2.4443067322834646
21
-0.0827111417322835
0
LINE
8
BLACK
6
CONTINUOUS
10
2.4443067322834646
20
-0.0827111417322835
11
2.4442477559055118
21
-0.08266
0
LINE
8
BLACK
6
CONTINUOUS
10
2.4442477559055118
20
-0.08266
11
2.4441917716535433
21
-0.082571062992126
0
LINE
8
BLACK
6
CONTINUOUS
10
2.4441917716535433
20
-0.082571062992126
11
2.4441252755905509
21
-0.0824900393700787
0
LINE
8
BLACK
6
CONTINUOUS
10
2.4441252755905509
20
-0.0824900393700787
11
2.4440954330708662
21
-0.0824179921259842
0
LINE
8
BLACK
6
CONTINUOUS
10
2.4440954330708662
20
-0.0824179921259842
11
2.4439394094488187
21
-0.0821701181102362
0
LINE
8
BLACK
6
CONTINUOUS
10
2.4439394094488187
20
-0.0821701181102362
11
2.4420646456692912
21
-0.0784205905511811
0
LINE
8
BLACK
6
CONTINUOUS
10
2.4420646456692912
20
-0.0784205905511811
11
2.4418577559055117
21
-0.0778799606299213
0
LINE
8
BLACK
6
CONTINUOUS
10
2.4418577559055117
20
-0.0778799606299213
11
2.4418502362204726
21
-0.0777741338582677
0
LINE
8
BLACK
6
CONTINUOUS
10
2.4418502362204726
20
-0.0777741338582677
11
2.4418096456692915
21
-0.0776761417322835
0
LINE
8
BLACK
6
CONTINUOUS
10
2.4418096456692915
20
-0.0776761417322835
11
2.4417529133858267
21
-0.0771000787401575
0
LINE
8
BLACK
6
CONTINUOUS
10
2.4417529133858267
20
-0.0771000787401575
11
2.4417529133858267
21
-0.062101968503937
0
LINE
8
BLACK
6
CONTINUOUS
10
2.4417529133858267
20
-0.062101968503937
11
2.4417627952755905
21
-0.0620014173228346
0
LINE
8
BLACK
6
CONTINUOUS
10
2.4417627952755905
20
-0.0620014173228346
11
2.4417564173228348
21
-0.0619584251968504
0
LINE
8
BLACK
6
CONTINUOUS
10
2.4417564173228348
20
-0.0619584251968504
11
2.4417882677165355
21
-0.0617429133858268
0
LINE
8
BLACK
6
CONTINUOUS
10
2.4417882677165355
20
-0.0617429133858268
11
2.4418096456692915
21
-0.061525905511811
0
LINE
8
BLACK
6
CONTINUOUS
10
2.4418096456692915
20
-0.061525905511811
11
2.4418262598425198
21
-0.0614856692913386
0
LINE
8
BLACK
6
CONTINUOUS
10
2.4418262598425198
20
-0.0614856692913386
11
2.4418410629921259
21
-0.0613858267716535
0
LINE
8
BLACK
6
CONTINUOUS
10
2.4418410629921259
20
-0.0613858267716535
11
2.4437158267716534
21
-0.0538867716535433
0
LINE
8
BLACK
6
CONTINUOUS
10
2.4437158267716534
20
-0.0538867716535433
11
2.443837086614173
21
-0.0535472834645669
0
LINE
8
BLACK
6
CONTINUOUS
10
2.443837086614173
20
-0.0535472834645669
11
2.4438512598425195
21
-0.0534757874015748
0
LINE
8
BLACK
6
CONTINUOUS
10
2.4438512598425195
20
-0.0534757874015748
11
2.4438858267716537
21
-0.053410905511811
0
LINE
8
BLACK
6
CONTINUOUS
10
2.4438858267716537
20
-0.053410905511811
11
2.4439105905511811
21
-0.0533416535433071
0
LINE
8
BLACK
6
CONTINUOUS
10
2.4439105905511811
20
-0.0533416535433071
11
2.4439540157480315
21
-0.053283031496063
0
LINE
8
BLACK
6
CONTINUOUS
10
2.4439540157480315
20
-0.053283031496063
11
2.4441235826771655
21
-0.052965
0
LINE
8
BLACK
6
CONTINUOUS
10
2.4441235826771655
20
-0.052965
11
2.4478731102362206
21
-0.0473407086614173
0
LINE
8
BLACK
6
CONTINUOUS
10
2.4478731102362206
20
-0.0473407086614173
11
2.4478744488188977
21
-0.0473390157480315
0
LINE
8
BLACK
6
CONTINUOUS
10
2.4478744488188977
20
-0.0473390157480315
11
2.4478748425196848
21
-0.0473381496062992
0
LINE
8
BLACK
6
CONTINUOUS
10
2.4478748425196848
20
-0.0473381496062992
11
2.4480515354330707
21
-0.0471228346456693
0
LINE
8
BLACK
6
CONTINUOUS
10
2.4480515354330707
20
-0.0471228346456693
11
2.4482398818897639
21
-0.046892874015748
0
LINE
8
BLACK
6
CONTINUOUS
10
2.4482398818897639
20
-0.046892874015748
11
2.4482407086614173
21
-0.0468922834645669
0
LINE
8
BLACK
6
CONTINUOUS
10
2.4482407086614173
20
-0.0468922834645669
11
2.4482420472440944
21
-0.0468907086614173
0
LINE
8
BLACK
6
CONTINUOUS
10
2.4482420472440944
20
-0.0468907086614173
11
2.450116811023622
21
-0.0450159448818898
0
LINE
8
BLACK
6
CONTINUOUS
10
2.450116811023622
20
-0.0450159448818898
11
2.4503431496062991
21
-0.044830157480315
0
LINE
8
BLACK
6
CONTINUOUS
10
2.4503431496062991
20
-0.044830157480315
11
2.4503943307086615
21
-0.0447711811023622
0
LINE
8
BLACK
6
CONTINUOUS
10
2.4503943307086615
20
-0.0447711811023622
11
2.4504832677165354
21
-0.0447151968503937
0
LINE
8
BLACK
6
CONTINUOUS
10
2.4504832677165354
20
-0.0447151968503937
11
2.4505642519685038
21
-0.0446487401574803
0
LINE
8
BLACK
6
CONTINUOUS
10
2.4505642519685038
20
-0.0446487401574803
11
2.4506361811023623
21
-0.0446188976377953
0
LINE
8
BLACK
6
CONTINUOUS
10
2.4506361811023623
20
-0.0446188976377953
11
2.4508842125984249
21
-0.0444628346456693
0
LINE
8
BLACK
6
CONTINUOUS
10
2.4508842125984249
20
-0.0444628346456693
11
2.45463374015748
21
-0.0425880708661417
0
LINE
8
BLACK
6
CONTINUOUS
10
2.45463374015748
20
-0.0425880708661417
11
2.4551743307086613
21
-0.0423811811023622
0
LINE
8
BLACK
6
CONTINUOUS
10
2.4551743307086613
20
-0.0423811811023622
11
2.4552801968503934
21
-0.0423736220472441
0
LINE
8
BLACK
6
CONTINUOUS
10
2.4552801968503934
20
-0.0423736220472441
11
2.4553781889763777
21
-0.0423330708661417
0
LINE
8
BLACK
6
CONTINUOUS
10
2.4553781889763777
20
-0.0423330708661417
11
2.455954251968504
21
-0.0422763385826772
0
LINE
8
BLACK
6
CONTINUOUS
10
2.455954251968504
20
-0.0422763385826772
11
2.4634533070866143
21
-0.0422763385826772
0
LINE
8
BLACK
6
CONTINUOUS
10
2.4634533070866143
20
-0.0422763385826772
11
2.4640293700787401
21
-0.0423330708661417
0
LINE
8
BLACK
6
CONTINUOUS
10
2.4502042913385824
20
-0.0645287007874016
11
2.4490071653543306
21
-0.0657258267716535
0
LINE
8
BLACK
6
CONTINUOUS
10
2.4490071653543306
20
-0.0657258267716535
11
2.4476584251968503
21
-0.0684233070866142
0
LINE
8
BLACK
6
CONTINUOUS
10
2.4476584251968503
20
-0.0684233070866142
11
2.4476584251968503
21
-0.076403031496063
0
LINE
8
BLACK
6
CONTINUOUS
10
2.4476584251968503
20
-0.076403031496063
11
2.4490071653543306
21
-0.0791005118110236
0
LINE
8
BLACK
6
CONTINUOUS
10
2.4490071653543306
20
-0.0791005118110236
11
2.4502042913385824
21
-0.0802976771653543
0
LINE
8
BLACK
6
CONTINUOUS
10
2.4502042913385824
20
-0.0802976771653543
11
2.4529017716535431
21
-0.0816464173228346
0
LINE
8
BLACK
6
CONTINUOUS
10
2.4529017716535431
20
-0.0816464173228346
11
2.4590067322834646
21
-0.0816464173228346
0
LINE
8
BLACK
6
CONTINUOUS
10
2.4590067322834646
20
-0.0816464173228346
11
2.4617041732283464
21
-0.0802976771653543
0
LINE
8
BLACK
6
CONTINUOUS
10
2.4617041732283464
20
-0.0802976771653543
11
2.4629012992125983
21
-0.0791005118110236
0
LINE
8
BLACK
6
CONTINUOUS
10
2.4629012992125983
20
-0.0791005118110236
11
2.4642500787401573
21
-0.076403031496063
0
LINE
8
BLACK
6
CONTINUOUS
10
2.4642500787401573
20
-0.076403031496063
11
2.4642500787401573
21
-0.0684233070866142
0
LINE
8
BLACK
6
CONTINUOUS
10
2.4642500787401573
20
-0.0684233070866142
11
2.462901338582677
21
-0.0657258267716535
0
LINE
8
BLACK
6
CONTINUOUS
10
2.462901338582677
20
-0.0657258267716535
11
2.4617042125984252
21
-0.0645287007874016
0
LINE
8
BLACK
6
CONTINUOUS
10
2.4617042125984252
20
-0.0645287007874016
11
2.4590067322834646
21
-0.0631799606299213
0
LINE
8
BLACK
6
CONTINUOUS
10
2.4590067322834646
20
-0.0631799606299213
11
2.4529017716535431
21
-0.0631799606299213
0
LINE
8
BLACK
6
CONTINUOUS
10
2.4529017716535431
20
-0.0631799606299213
11
2.4502042913385824
21
-0.0645287007874016
0
LINE
8
BLACK
6
CONTINUOUS
10
2.5202723228346455
20
-0.0423330708661417
11
2.5213367322834643
21
-0.0427739763779528
0
LINE
8
BLACK
6
CONTINUOUS
10
2.5213367322834643
20
-0.0427739763779528
11
2.5221513779527558
21
-0.0435886220472441
0
LINE
8
BLACK
6
CONTINUOUS
10
2.5221513779527558
20
-0.0435886220472441
11
2.5225922834645669
21
-0.044653031496063
0
LINE
8
BLACK
6
CONTINUOUS
10
2.5225922834645669
20
-0.044653031496063
11
2.5225922834645669
21
-0.045805157480315
0
LINE
8
BLACK
6
CONTINUOUS
10
2.5225922834645669
20
-0.045805157480315
11
2.5221513779527558
21
-0.0468695669291339
0
LINE
8
BLACK
6
CONTINUOUS
10
2.5221513779527558
20
-0.0468695669291339
11
2.5213367322834643
21
-0.0476842125984252
0
LINE
8
BLACK
6
CONTINUOUS
10
2.5213367322834643
20
-0.0476842125984252
11
2.5202723228346455
21
-0.0481251181102362
0
LINE
8
BLACK
6
CONTINUOUS
10
2.5202723228346455
20
-0.0481251181102362
11
2.5196962598425197
21
-0.0481818503937008
0
LINE
8
BLACK
6
CONTINUOUS
10
2.5196962598425197
20
-0.0481818503937008
11
2.512894251968504
21
-0.0481818503937008
0
LINE
8
BLACK
6
CONTINUOUS
10
2.512894251968504
20
-0.0481818503937008
11
2.5101967716535434
21
-0.0495305905511811
0
LINE
8
BLACK
6
CONTINUOUS
10
2.5101967716535434
20
-0.0495305905511811
11
2.5088675590551182
21
-0.0508597637795276
0
LINE
8
BLACK
6
CONTINUOUS
10
2.5088675590551182
20
-0.0508597637795276
11
2.5055639370078739
21
-0.0558152362204724
0
LINE
8
BLACK
6
CONTINUOUS
10
2.5055639370078739
20
-0.0558152362204724
11
2.5048346456692911
21
-0.0587324409448819
0
LINE
8
BLACK
6
CONTINUOUS
10
2.5048346456692911
20
-0.0587324409448819
11
2.5071271653543308
21
-0.0575861811023622
0
LINE
8
BLACK
6
CONTINUOUS
10
2.5071271653543308
20
-0.0575861811023622
11
2.5076677559055116
21
-0.0573792913385827
0
LINE
8
BLACK
6
CONTINUOUS
10
2.5076677559055116
20
-0.0573792913385827
11
2.5077736220472442
21
-0.0573717322834646
0
LINE
8
BLACK
6
CONTINUOUS
10
2.5077736220472442
20
-0.0573717322834646
11
2.5078716141732285
21
-0.0573311811023622
0
LINE
8
BLACK
6
CONTINUOUS
10
2.5078716141732285
20
-0.0573311811023622
11
2.5084476771653543
21
-0.0572744488188976
0
LINE
8
BLACK
6
CONTINUOUS
10
2.5084476771653543
20
-0.0572744488188976
11
2.5159467322834645
21
-0.0572744488188976
0
LINE
8
BLACK
6
CONTINUOUS
10
2.5159467322834645
20
-0.0572744488188976
11
2.5165227952755904
21
-0.0573311811023622
0
LINE
8
BLACK
6
CONTINUOUS
10
2.5165227952755904
20
-0.0573311811023622
11
2.5166207874015747
21
-0.0573717716535433
0
LINE
8
BLACK
6
CONTINUOUS
10
2.5166207874015747
20
-0.0573717716535433
11
2.5167266141732281
21
-0.0573792913385827
0
LINE
8
BLACK
6
CONTINUOUS
10
2.5167266141732281
20
-0.0573792913385827
11
2.5172672440944881
21
-0.0575861811023622
0
LINE
8
BLACK
6
CONTINUOUS
10
2.5172672440944881
20
-0.0575861811023622
11
2.5210167716535432
21
-0.0594609448818898
0
LINE
8
BLACK
6
CONTINUOUS
10
2.5210167716535432
20
-0.0594609448818898
11
2.5212647637795276
21
-0.0596170078740157
0
LINE
8
BLACK
6
CONTINUOUS
10
2.5212647637795276
20
-0.0596170078740157
11
2.5213367322834643
21
-0.0596468503937008
0
LINE
8
BLACK
6
CONTINUOUS
10
2.5213367322834643
20
-0.0596468503937008
11
2.5214176771653545
21
-0.0597133070866142
0
LINE
8
BLACK
6
CONTINUOUS
10
2.5214176771653545
20
-0.0597133070866142
11
2.5215066535433071
21
-0.0597692913385827
0
LINE
8
BLACK
6
CONTINUOUS
10
2.5215066535433071
20
-0.0597692913385827
11
2.5215577952755903
21
-0.0598282677165354
0
LINE
8
BLACK
6
CONTINUOUS
10
2.5215577952755903
20
-0.0598282677165354
11
2.5217841732283466
21
-0.0600140551181102
0
LINE
8
BLACK
6
CONTINUOUS
10
2.5217841732283466
20
-0.0600140551181102
11
2.5236589370078741
21
-0.0618888188976378
0
LINE
8
BLACK
6
CONTINUOUS
10
2.5236589370078741
20
-0.0618888188976378
11
2.5238446850393701
21
-0.062115157480315
0
LINE
8
BLACK
6
CONTINUOUS
10
2.5238446850393701
20
-0.062115157480315
11
2.5239037007874017
21
-0.0621663385826772
0
LINE
8
BLACK
6
CONTINUOUS
10
2.5239037007874017
20
-0.0621663385826772
11
2.5239596456692914
21
-0.0622552755905512
0
LINE
8
BLACK
6
CONTINUOUS
10
2.5239596456692914
20
-0.0622552755905512
11
2.5240261417322833
21
-0.0623362598425197
0
LINE
8
BLACK
6
CONTINUOUS
10
2.5240261417322833
20
-0.0623362598425197
11
2.5240559448818898
21
-0.062408188976378
0
LINE
8
BLACK
6
CONTINUOUS
10
2.5240559448818898
20
-0.062408188976378
11
2.5242120472440943
21
-0.0626562204724409
0
LINE
8
BLACK
6
CONTINUOUS
10
2.5242120472440943
20
-0.0626562204724409
11
2.5260868110236219
21
-0.0664057480314961
0
LINE
8
BLACK
6
CONTINUOUS
10
2.5260868110236219
20
-0.0664057480314961
11
2.5262937007874013
21
-0.0669463385826772
0
LINE
8
BLACK
6
CONTINUOUS
10
2.5262937007874013
20
-0.0669463385826772
11
2.5263012204724409
21
-0.0670522047244095
0
LINE
8
BLACK
6
CONTINUOUS
10
2.5263012204724409
20
-0.0670522047244095
11
2.526341811023622
21
-0.0671501968503937
0
LINE
8
BLACK
6
CONTINUOUS
10
2.526341811023622
20
-0.0671501968503937
11
2.5263985433070864
21
-0.0677262598425197
0
LINE
8
BLACK
6
CONTINUOUS
10
2.5263985433070864
20
-0.0677262598425197
11
2.5263985433070864
21
-0.0771000787401575
0
LINE
8
BLACK
6
CONTINUOUS
10
2.5263985433070864
20
-0.0771000787401575
11
2.526341811023622
21
-0.0776761417322835
0
LINE
8
BLACK
6
CONTINUOUS
10
2.526341811023622
20
-0.0776761417322835
11
2.5263012204724409
21
-0.077774094488189
0
LINE
8
BLACK
6
CONTINUOUS
10
2.5263012204724409
20
-0.077774094488189
11
2.5262937007874013
21
-0.07788
0
LINE
8
BLACK
6
CONTINUOUS
10
2.5262937007874013
20
-0.07788
11
2.5260868110236219
21
-0.0784205905511811
0
LINE
8
BLACK
6
CONTINUOUS
10
2.5260868110236219
20
-0.0784205905511811
11
2.5242120472440943
21
-0.0821701181102362
0
LINE
8
BLACK
6
CONTINUOUS
10
2.5242120472440943
20
-0.0821701181102362
11
2.5240559842519685
21
-0.0824179921259842
0
LINE
8
BLACK
6
CONTINUOUS
10
2.5240559842519685
20
-0.0824179921259842
11
2.5240261811023621
21
-0.0824900393700787
0
LINE
8
BLACK
6
CONTINUOUS
10
2.5240261811023621
20
-0.0824900393700787
11
2.5239596456692914
21
-0.082571062992126
0
LINE
8
BLACK
6
CONTINUOUS
10
2.5239596456692914
20
-0.082571062992126
11
2.5239037007874017
21
-0.08266
0
LINE
8
BLACK
6
CONTINUOUS
10
2.5239037007874017
20
-0.08266
11
2.5238446850393701
21
-0.0827111417322835
0
LINE
8
BLACK
6
CONTINUOUS
10
2.5238446850393701
20
-0.0827111417322835
11
2.5236589370078741
21
-0.0829375196850394
0
LINE
8
BLACK
6
CONTINUOUS
10
2.5236589370078741
20
-0.0829375196850394
11
2.5217842125984253
21
-0.0848122834645669
0
LINE
8
BLACK
6
CONTINUOUS
10
2.5217842125984253
20
-0.0848122834645669
11
2.5215578346456691
21
-0.084998031496063
0
LINE
8
BLACK
6
CONTINUOUS
10
2.5215578346456691
20
-0.084998031496063
11
2.5215066535433071
21
-0.0850570866141732
0
LINE
8
BLACK
6
CONTINUOUS
10
2.5215066535433071
20
-0.0850570866141732
11
2.5214176771653545
21
-0.0851130708661417
0
LINE
8
BLACK
6
CONTINUOUS
10
2.5214176771653545
20
-0.0851130708661417
11
2.5213367322834643
21
-0.0851795275590551
0
LINE
8
BLACK
6
CONTINUOUS
10
2.5213367322834643
20
-0.0851795275590551
11
2.5212647637795276
21
-0.0852093307086614
0
LINE
8
BLACK
6
CONTINUOUS
10
2.5212647637795276
20
-0.0852093307086614
11
2.5210167716535432
21
-0.0853654330708661
0
LINE
8
BLACK
6
CONTINUOUS
10
2.5210167716535432
20
-0.0853654330708661
11
2.5172672440944881
21
-0.0872401968503937
0
LINE
8
BLACK
6
CONTINUOUS
10
2.5172672440944881
20
-0.0872401968503937
11
2.5167266141732281
21
-0.0874470866141732
0
LINE
8
BLACK
6
CONTINUOUS
10
2.5167266141732281
20
-0.0874470866141732
11
2.5166207874015747
21
-0.0874545669291339
0
LINE
8
BLACK
6
CONTINUOUS
10
2.5166207874015747
20
-0.0874545669291339
11
2.5165227952755904
21
-0.0874951968503937
0
LINE
8
BLACK
6
CONTINUOUS
10
2.5165227952755904
20
-0.0874951968503937
11
2.5159467322834645
21
-0.0875519291338583
0
LINE
8
BLACK
6
CONTINUOUS
10
2.5159467322834645
20
-0.0875519291338583
11
2.5084476771653543
21
-0.0875519291338583
0
LINE
8
BLACK
6
CONTINUOUS
10
2.5084476771653543
20
-0.0875519291338583
11
2.5078716141732285
21
-0.0874951968503937
0
LINE
8
BLACK
6
CONTINUOUS
10
2.5078716141732285
20
-0.0874951968503937
11
2.5077736220472442
21
-0.0874546062992126
0
LINE
8
BLACK
6
CONTINUOUS
10
2.5077736220472442
20
-0.0874546062992126
11
2.5076677559055116
21
-0.0874470866141732
0
LINE
8
BLACK
6
CONTINUOUS
10
2.5076677559055116
20
-0.0874470866141732
11
2.5071271653543308
21
-0.0872401968503937
0
LINE
8
BLACK
6
CONTINUOUS
10
2.5071271653543308
20
-0.0872401968503937
11
2.5033776377952757
21
-0.0853654330708661
0
LINE
8
BLACK
6
CONTINUOUS
10
2.5033776377952757
20
-0.0853654330708661
11
2.5031296062992126
21
-0.0852093307086614
0
LINE
8
BLACK
6
CONTINUOUS
10
2.5031296062992126
20
-0.0852093307086614
11
2.5030576771653541
21
-0.0851795275590551
0
LINE
8
BLACK
6
CONTINUOUS
10
2.5030576771653541
20
-0.0851795275590551
11
2.5029766929133856
21
-0.0851130708661417
0
LINE
8
BLACK
6
CONTINUOUS
10
2.5029766929133856
20
-0.0851130708661417
11
2.5028877559055118
21
-0.0850570866141732
0
LINE
8
BLACK
6
CONTINUOUS
10
2.5028877559055118
20
-0.0850570866141732
11
2.5028365354330706
21
-0.084998031496063
0
LINE
8
BLACK
6
CONTINUOUS
10
2.5028365354330706
20
-0.084998031496063
11
2.5026101968503935
21
-0.0848122834645669
0
LINE
8
BLACK
6
CONTINUOUS
10
2.5026101968503935
20
-0.0848122834645669
11
2.500735433070866
21
-0.0829374803149606
0
LINE
8
BLACK
6
CONTINUOUS
10
2.500735433070866
20
-0.0829374803149606
11
2.50054968503937
21
-0.0827111417322835
0
LINE
8
BLACK
6
CONTINUOUS
10
2.50054968503937
20
-0.0827111417322835
11
2.5004907086614172
21
-0.08266
0
LINE
8
BLACK
6
CONTINUOUS
10
2.5004907086614172
20
-0.08266
11
2.5004347244094487
21
-0.082571062992126
0
LINE
8
BLACK
6
CONTINUOUS
10
2.5004347244094487
20
-0.082571062992126
11
2.5003682283464568
21
-0.0824900393700787
0
LINE
8
BLACK
6
CONTINUOUS
10
2.5003682283464568
20
-0.0824900393700787
11
2.5003383858267716
21
-0.0824179921259842
0
LINE
8
BLACK
6
CONTINUOUS
10
2.5003383858267716
20
-0.0824179921259842
11
2.5001823622047246
21
-0.0821701181102362
0
LINE
8
BLACK
6
CONTINUOUS
10
2.5001823622047246
20
-0.0821701181102362
11
2.498307598425197
21
-0.0784205905511811
0
LINE
8
BLACK
6
CONTINUOUS
10
2.498307598425197
20
-0.0784205905511811
11
2.4981007086614171
21
-0.0778799606299213
0
LINE
8
BLACK
6
CONTINUOUS
10
2.4981007086614171
20
-0.0778799606299213
11
2.498093188976378
21
-0.0777741338582677
0
LINE
8
BLACK
6
CONTINUOUS
10
2.498093188976378
20
-0.0777741338582677
11
2.4980525984251969
21
-0.0776761417322835
0
LINE
8
BLACK
6
CONTINUOUS
10
2.4980525984251969
20
-0.0776761417322835
11
2.4979958661417321
21
-0.0771000787401575
0
LINE
8
BLACK
6
CONTINUOUS
10
2.4979958661417321
20
-0.0771000787401575
11
2.4979958661417321
21
-0.062101968503937
0
LINE
8
BLACK
6
CONTINUOUS
10
2.4979958661417321
20
-0.062101968503937
11
2.4980057480314959
21
-0.0620014173228346
0
LINE
8
BLACK
6
CONTINUOUS
10
2.4980057480314959
20
-0.0620014173228346
11
2.4979993700787402
21
-0.0619584251968504
0
LINE
8
BLACK
6
CONTINUOUS
10
2.4979993700787402
20
-0.0619584251968504
11
2.4980312204724409
21
-0.0617429133858268
0
LINE
8
BLACK
6
CONTINUOUS
10
2.4980312204724409
20
-0.0617429133858268
11
2.4980525984251969
21
-0.061525905511811
0
LINE
8
BLACK
6
CONTINUOUS
10
2.4980525984251969
20
-0.061525905511811
11
2.4980692125984252
21
-0.0614856692913386
0
LINE
8
BLACK
6
CONTINUOUS
10
2.4980692125984252
20
-0.0614856692913386
11
2.4980840157480313
21
-0.0613858267716535
0
LINE
8
BLACK
6
CONTINUOUS
10
2.4980840157480313
20
-0.0613858267716535
11
2.4999587795275588
21
-0.0538867716535433
0
LINE
8
BLACK
6
CONTINUOUS
10
2.4999587795275588
20
-0.0538867716535433
11
2.5000800393700788
21
-0.0535472834645669
0
LINE
8
BLACK
6
CONTINUOUS
10
2.5000800393700788
20
-0.0535472834645669
11
2.5000942125984253
21
-0.0534757874015748
0
LINE
8
BLACK
6
CONTINUOUS
10
2.5000942125984253
20
-0.0534757874015748
11
2.5001287795275591
21
-0.053410905511811
0
LINE
8
BLACK
6
CONTINUOUS
10
2.5001287795275591
20
-0.053410905511811
11
2.5001535433070865
21
-0.0533416535433071
0
LINE
8
BLACK
6
CONTINUOUS
10
2.5001535433070865
20
-0.0533416535433071
11
2.5001969685039369
21
-0.053283031496063
0
LINE
8
BLACK
6
CONTINUOUS
10
2.5001969685039369
20
-0.053283031496063
11
2.5003665354330709
21
-0.052965
0
LINE
8
BLACK
6
CONTINUOUS
10
2.5003665354330709
20
-0.052965
11
2.504116062992126
21
-0.0473407086614173
0
LINE
8
BLACK
6
CONTINUOUS
10
2.504116062992126
20
-0.0473407086614173
11
2.5041174015748031
21
-0.0473390157480315
0
LINE
8
BLACK
6
CONTINUOUS
10
2.5041174015748031
20
-0.0473390157480315
11
2.5041177952755906
21
-0.0473381496062992
0
LINE
8
BLACK
6
CONTINUOUS
10
2.5041177952755906
20
-0.0473381496062992
11
2.5042944881889762
21
-0.0471228346456693
0
LINE
8
BLACK
6
CONTINUOUS
10
2.5042944881889762
20
-0.0471228346456693
11
2.5044828346456693
21
-0.046892874015748
0
LINE
8
BLACK
6
CONTINUOUS
10
2.5044828346456693
20
-0.046892874015748
11
2.5044836614173227
21
-0.0468922834645669
0
LINE
8
BLACK
6
CONTINUOUS
10
2.5044836614173227
20
-0.0468922834645669
11
2.5044849999999999
21
-0.0468907086614173
0
LINE
8
BLACK
6
CONTINUOUS
10
2.5044849999999999
20
-0.0468907086614173
11
2.5063597637795274
21
-0.0450159448818898
0
LINE
8
BLACK
6
CONTINUOUS
10
2.5063597637795274
20
-0.0450159448818898
11
2.5065861023622045
21
-0.044830157480315
0
LINE
8
BLACK
6
CONTINUOUS
10
2.5065861023622045
20
-0.044830157480315
11
2.5066372834645669
21
-0.0447711811023622
0
LINE
8
BLACK
6
CONTINUOUS
10
2.5066372834645669
20
-0.0447711811023622
11
2.5067262204724408
21
-0.0447151968503937
0
LINE
8
BLACK
6
CONTINUOUS
10
2.5067262204724408
20
-0.0447151968503937
11
2.5068072047244092
21
-0.0446487401574803
0
LINE
8
BLACK
6
CONTINUOUS
10
2.5068072047244092
20
-0.0446487401574803
11
2.5068791338582677
21
-0.0446188976377953
0
LINE
8
BLACK
6
CONTINUOUS
10
2.5068791338582677
20
-0.0446188976377953
11
2.5071271653543308
21
-0.0444628346456693
0
LINE
8
BLACK
6
CONTINUOUS
10
2.5071271653543308
20
-0.0444628346456693
11
2.5108766929133859
21
-0.0425880708661417
0
LINE
8
BLACK
6
CONTINUOUS
10
2.5108766929133859
20
-0.0425880708661417
11
2.5114172834645667
21
-0.0423811811023622
0
LINE
8
BLACK
6
CONTINUOUS
10
2.5114172834645667
20
-0.0423811811023622
11
2.5115231496062993
21
-0.0423736220472441
0
LINE
8
BLACK
6
CONTINUOUS
10
2.5115231496062993
20
-0.0423736220472441
11
2.5116211417322836
21
-0.0423330708661417
0
LINE
8
BLACK
6
CONTINUOUS
10
2.5116211417322836
20
-0.0423330708661417
11
2.5121972047244094
21
-0.0422763385826772
0
LINE
8
BLACK
6
CONTINUOUS
10
2.5121972047244094
20
-0.0422763385826772
11
2.5196962598425197
21
-0.0422763385826772
0
LINE
8
BLACK
6
CONTINUOUS
10
2.5196962598425197
20
-0.0422763385826772
11
2.5202723228346455
21
-0.0423330708661417
0
LINE
8
BLACK
6
CONTINUOUS
10
2.5064472440944883
20
-0.0645287007874016
11
2.505250118110236
21
-0.0657258267716535
0
LINE
8
BLACK
6
CONTINUOUS
10
2.505250118110236
20
-0.0657258267716535
11
2.5039013779527557
21
-0.0684233070866142
0
LINE
8
BLACK
6
CONTINUOUS
10
2.5039013779527557
20
-0.0684233070866142
11
2.5039013779527557
21
-0.076403031496063
0
LINE
8
BLACK
6
CONTINUOUS
10
2.5039013779527557
20
-0.076403031496063
11
2.505250118110236
21
-0.0791005118110236
0
LINE
8
BLACK
6
CONTINUOUS
10
2.505250118110236
20
-0.0791005118110236
11
2.5064472440944883
21
-0.0802976771653543
0
LINE
8
BLACK
6
CONTINUOUS
10
2.5064472440944883
20
-0.0802976771653543
11
2.5091447244094489
21
-0.0816464173228346
0
LINE
8
BLACK
6
CONTINUOUS
10
2.5091447244094489
20
-0.0816464173228346
11
2.51524968503937
21
-0.0816464173228346
0
LINE
8
BLACK
6
CONTINUOUS
10
2.51524968503937
20
-0.0816464173228346
11
2.5179471259842519
21
-0.0802976771653543
0
LINE
8
BLACK
6
CONTINUOUS
10
2.5179471259842519
20
-0.0802976771653543
11
2.5191442519685037
21
-0.0791005118110236
0
LINE
8
BLACK
6
CONTINUOUS
10
2.5191442519685037
20
-0.0791005118110236
11
2.5204930314960627
21
-0.076403031496063
0
LINE
8
BLACK
6
CONTINUOUS
10
2.5204930314960627
20
-0.076403031496063
11
2.5204930314960627
21
-0.0684233070866142
0
LINE
8
BLACK
6
CONTINUOUS
10
2.5204930314960627
20
-0.0684233070866142
11
2.5191442913385824
21
-0.0657258267716535
0
LINE
8
BLACK
6
CONTINUOUS
10
2.5191442913385824
20
-0.0657258267716535
11
2.5179471653543306
21
-0.0645287007874016
0
LINE
8
BLACK
6
CONTINUOUS
10
2.5179471653543306
20
-0.0645287007874016
11
2.51524968503937
21
-0.0631799606299213
0
LINE
8
BLACK
6
CONTINUOUS
10
2.51524968503937
20
-0.0631799606299213
11
2.5091447244094489
21
-0.0631799606299213
0
LINE
8
BLACK
6
CONTINUOUS
10
2.5091447244094489
20
-0.0631799606299213
11
2.5064472440944883
21
-0.0645287007874016
0
LINE
8
BLACK
6
CONTINUOUS
10
2.5596424015748029
20
-0.0423330708661417
11
2.5607068110236222
21
-0.0427739763779528
0
LINE
8
BLACK
6
CONTINUOUS
10
2.5607068110236222
20
-0.0427739763779528
11
2.5615214566929132
21
-0.0435886220472441
0
LINE
8
BLACK
6
CONTINUOUS
10
2.5615214566929132
20
-0.0435886220472441
11
2.5619623622047243
21
-0.044653031496063
0
LINE
8
BLACK
6
CONTINUOUS
10
2.5619623622047243
20
-0.044653031496063
11
2.5619623622047243
21
-0.045805157480315
0
LINE
8
BLACK
6
CONTINUOUS
10
2.5619623622047243
20
-0.045805157480315
11
2.5615214566929132
21
-0.0468695669291339
0
LINE
8
BLACK
6
CONTINUOUS
10
2.5615214566929132
20
-0.0468695669291339
11
2.5607068110236222
21
-0.0476842125984252
0
LINE
8
BLACK
6
CONTINUOUS
10
2.5607068110236222
20
-0.0476842125984252
11
2.5596424015748029
21
-0.0481251181102362
0
LINE
8
BLACK
6
CONTINUOUS
10
2.5596424015748029
20
-0.0481251181102362
11
2.5590663385826771
21
-0.0481818503937008
0
LINE
8
BLACK
6
CONTINUOUS
10
2.5590663385826771
20
-0.0481818503937008
11
2.542990905511811
21
-0.0481818503937008
0
LINE
8
BLACK
6
CONTINUOUS
10
2.542990905511811
20
-0.0481818503937008
11
2.5420137795275588
21
-0.0579531102362205
0
LINE
8
BLACK
6
CONTINUOUS
10
2.5420137795275588
20
-0.0579531102362205
11
2.5427477165354331
21
-0.0575861811023622
0
LINE
8
BLACK
6
CONTINUOUS
10
2.5427477165354331
20
-0.0575861811023622
11
2.5432883070866139
21
-0.0573792913385827
0
LINE
8
BLACK
6
CONTINUOUS
10
2.5432883070866139
20
-0.0573792913385827
11
2.5433941732283465
21
-0.0573717322834646
0
LINE
8
BLACK
6
CONTINUOUS
10
2.5433941732283465
20
-0.0573717322834646
11
2.5434921653543308
21
-0.0573311811023622
0
LINE
8
BLACK
6
CONTINUOUS
10
2.5434921653543308
20
-0.0573311811023622
11
2.5440682283464566
21
-0.0572744488188976
0
LINE
8
BLACK
6
CONTINUOUS
10
2.5440682283464566
20
-0.0572744488188976
11
2.5534420472440944
21
-0.0572744488188976
0
LINE
8
BLACK
6
CONTINUOUS
10
2.5534420472440944
20
-0.0572744488188976
11
2.5540181102362203
21
-0.0573311811023622
0
LINE
8
BLACK
6
CONTINUOUS
10
2.5540181102362203
20
-0.0573311811023622
11
2.5541161023622045
21
-0.0573717716535433
0
LINE
8
BLACK
6
CONTINUOUS
10
2.5541161023622045
20
-0.0573717716535433
11
2.5542219291338584
21
-0.0573792913385827
0
LINE
8
BLACK
6
CONTINUOUS
10
2.5542219291338584
20
-0.0573792913385827
11
2.554762559055118
21
-0.0575861811023622
0
LINE
8
BLACK
6
CONTINUOUS
10
2.554762559055118
20
-0.0575861811023622
11
2.5585120866141731
21
-0.0594609448818898
0
LINE
8
BLACK
6
CONTINUOUS
10
2.5585120866141731
20
-0.0594609448818898
11
2.5587600787401574
21
-0.0596170078740157
0
LINE
8
BLACK
6
CONTINUOUS
10
2.5587600787401574
20
-0.0596170078740157
11
2.5588320472440946
21
-0.0596468503937008
0
LINE
8
BLACK
6
CONTINUOUS
10
2.5588320472440946
20
-0.0596468503937008
11
2.5589129921259843
21
-0.0597133070866142
0
LINE
8
BLACK
6
CONTINUOUS
10
2.5589129921259843
20
-0.0597133070866142
11
2.5590019685039369
21
-0.0597692913385827
0
LINE
8
BLACK
6
CONTINUOUS
10
2.5590019685039369
20
-0.0597692913385827
11
2.5590531102362206
21
-0.0598282677165354
0
LINE
8
BLACK
6
CONTINUOUS
10
2.5590531102362206
20
-0.0598282677165354
11
2.5592794881889764
21
-0.0600140551181102
0
LINE
8
BLACK
6
CONTINUOUS
10
2.5592794881889764
20
-0.0600140551181102
11
2.561154251968504
21
-0.0618888188976378
0
LINE
8
BLACK
6
CONTINUOUS
10
2.561154251968504
20
-0.0618888188976378
11
2.56134
21
-0.062115157480315
0
LINE
8
BLACK
6
CONTINUOUS
10
2.56134
20
-0.062115157480315
11
2.5613990157480315
21
-0.0621663385826772
0
LINE
8
BLACK
6
CONTINUOUS
10
2.5613990157480315
20
-0.0621663385826772
11
2.5614549606299213
21
-0.0622552755905512
0
LINE
8
BLACK
6
CONTINUOUS
10
2.5614549606299213
20
-0.0622552755905512
11
2.5615214566929132
21
-0.0623362598425197
0
LINE
8
BLACK
6
CONTINUOUS
10
2.5615214566929132
20
-0.0623362598425197
11
2.5615512598425196
21
-0.062408188976378
0
LINE
8
BLACK
6
CONTINUOUS
10
2.5615512598425196
20
-0.062408188976378
11
2.5617073622047242
21
-0.0626562204724409
0
LINE
8
BLACK
6
CONTINUOUS
10
2.5617073622047242
20
-0.0626562204724409
11
2.5635821259842517
21
-0.0664057480314961
0
LINE
8
BLACK
6
CONTINUOUS
10
2.5635821259842517
20
-0.0664057480314961
11
2.5637890157480316
21
-0.0669463385826772
0
LINE
8
BLACK
6
CONTINUOUS
10
2.5637890157480316
20
-0.0669463385826772
11
2.5637965354330707
21
-0.0670522047244095
0
LINE
8
BLACK
6
CONTINUOUS
10
2.5637965354330707
20
-0.0670522047244095
11
2.5638371259842518
21
-0.0671501968503937
0
LINE
8
BLACK
6
CONTINUOUS
10
2.5638371259842518
20
-0.0671501968503937
11
2.5638938582677167
21
-0.0677262598425197
0
LINE
8
BLACK
6
CONTINUOUS
10
2.5638938582677167
20
-0.0677262598425197
11
2.5638938582677167
21
-0.0771000787401575
0
LINE
8
BLACK
6
CONTINUOUS
10
2.5638938582677167
20
-0.0771000787401575
11
2.5638371259842518
21
-0.0776761417322835
0
LINE
8
BLACK
6
CONTINUOUS
10
2.5638371259842518
20
-0.0776761417322835
11
2.5637965354330707
21
-0.077774094488189
0
LINE
8
BLACK
6
CONTINUOUS
10
2.5637965354330707
20
-0.077774094488189
11
2.5637890157480316
21
-0.07788
0
LINE
8
BLACK
6
CONTINUOUS
10
2.5637890157480316
20
-0.07788
11
2.5635821259842517
21
-0.0784205905511811
0
LINE
8
BLACK
6
CONTINUOUS
10
2.5635821259842517
20
-0.0784205905511811
11
2.5617073622047242
21
-0.0821701181102362
0
LINE
8
BLACK
6
CONTINUOUS
10
2.5617073622047242
20
-0.0821701181102362
11
2.5615512992125984
21
-0.0824179921259842
0
LINE
8
BLACK
6
CONTINUOUS
10
2.5615512992125984
20
-0.0824179921259842
11
2.561521496062992
21
-0.0824900393700787
0
LINE
8
BLACK
6
CONTINUOUS
10
2.561521496062992
20
-0.0824900393700787
11
2.5614549606299213
21
-0.082571062992126
0
LINE
8
BLACK
6
CONTINUOUS
10
2.5614549606299213
20
-0.082571062992126
11
2.5613990157480315
21
-0.08266
0
LINE
8
BLACK
6
CONTINUOUS
10
2.5613990157480315
20
-0.08266
11
2.56134
21
-0.0827111417322835
0
LINE
8
BLACK
6
CONTINUOUS
10
2.56134
20
-0.0827111417322835
11
2.561154251968504
21
-0.0829375196850394
0
LINE
8
BLACK
6
CONTINUOUS
10
2.561154251968504
20
-0.0829375196850394
11
2.5592795275590552
21
-0.0848122834645669
0
LINE
8
BLACK
6
CONTINUOUS
10
2.5592795275590552
20
-0.0848122834645669
11
2.5590531496062994
21
-0.084998031496063
0
LINE
8
BLACK
6
CONTINUOUS
10
2.5590531496062994
20
-0.084998031496063
11
2.5590019685039369
21
-0.0850570866141732
0
LINE
8
BLACK
6
CONTINUOUS
10
2.5590019685039369
20
-0.0850570866141732
11
2.5589129921259843
21
-0.0851130708661417
0
LINE
8
BLACK
6
CONTINUOUS
10
2.5589129921259843
20
-0.0851130708661417
11
2.5588320472440946
21
-0.0851795275590551
0
LINE
8
BLACK
6
CONTINUOUS
10
2.5588320472440946
20
-0.0851795275590551
11
2.5587600787401574
21
-0.0852093307086614
0
LINE
8
BLACK
6
CONTINUOUS
10
2.5587600787401574
20
-0.0852093307086614
11
2.5585120866141731
21
-0.0853654330708661
0
LINE
8
BLACK
6
CONTINUOUS
10
2.5585120866141731
20
-0.0853654330708661
11
2.554762559055118
21
-0.0872401968503937
0
LINE
8
BLACK
6
CONTINUOUS
10
2.554762559055118
20
-0.0872401968503937
11
2.5542219291338584
21
-0.0874470866141732
0
LINE
8
BLACK
6
CONTINUOUS
10
2.5542219291338584
20
-0.0874470866141732
11
2.5541161023622045
21
-0.0874545669291339
0
LINE
8
BLACK
6
CONTINUOUS
10
2.5541161023622045
20
-0.0874545669291339
11
2.5540181102362203
21
-0.0874951968503937
0
LINE
8
BLACK
6
CONTINUOUS
10
2.5540181102362203
20
-0.0874951968503937
11
2.5534420472440944
21
-0.0875519291338583
0
LINE
8
BLACK
6
CONTINUOUS
10
2.5534420472440944
20
-0.0875519291338583
11
2.5440682283464566
21
-0.0875519291338583
0
LINE
8
BLACK
6
CONTINUOUS
10
2.5440682283464566
20
-0.0875519291338583
11
2.5434921653543308
21
-0.0874951968503937
0
LINE
8
BLACK
6
CONTINUOUS
10
2.5434921653543308
20
-0.0874951968503937
11
2.5433941732283465
21
-0.0874546062992126
0
LINE
8
BLACK
6
CONTINUOUS
10
2.5433941732283465
20
-0.0874546062992126
11
2.5432883070866139
21
-0.0874470866141732
0
LINE
8
BLACK
6
CONTINUOUS
10
2.5432883070866139
20
-0.0874470866141732
11
2.5427477165354331
21
-0.0872401968503937
0
LINE
8
BLACK
6
CONTINUOUS
10
2.5427477165354331
20
-0.0872401968503937
11
2.538998188976378
21
-0.0853654330708661
0
LINE
8
BLACK
6
CONTINUOUS
10
2.538998188976378
20
-0.0853654330708661
11
2.5387501574803149
21
-0.0852093307086614
0
LINE
8
BLACK
6
CONTINUOUS
10
2.5387501574803149
20
-0.0852093307086614
11
2.5386782283464568
21
-0.0851795275590551
0
LINE
8
BLACK
6
CONTINUOUS
10
2.5386782283464568
20
-0.0851795275590551
11
2.5385972440944879
21
-0.0851130708661417
0
LINE
8
BLACK
6
CONTINUOUS
10
2.5385972440944879
20
-0.0851130708661417
11
2.5385083070866141
21
-0.0850570866141732
0
LINE
8
BLACK
6
CONTINUOUS
10
2.5385083070866141
20
-0.0850570866141732
11
2.5384570866141734
21
-0.084998031496063
0
LINE
8
BLACK
6
CONTINUOUS
10
2.5384570866141734
20
-0.084998031496063
11
2.5382307480314958
21
-0.0848122834645669
0
LINE
8
BLACK
6
CONTINUOUS
10
2.5382307480314958
20
-0.0848122834645669
11
2.5363559842519683
21
-0.0829374803149606
0
LINE
8
BLACK
6
CONTINUOUS
10
2.5363559842519683
20
-0.0829374803149606
11
2.5359887795275591
21
-0.0824900393700787
0
LINE
8
BLACK
6
CONTINUOUS
10
2.5359887795275591
20
-0.0824900393700787
11
2.5355479133858267
21
-0.0814256299212598
0
LINE
8
BLACK
6
CONTINUOUS
10
2.5355479133858267
20
-0.0814256299212598
11
2.5355479133858267
21
-0.0802735433070866
0
LINE
8
BLACK
6
CONTINUOUS
10
2.5355479133858267
20
-0.0802735433070866
11
2.5359888188976378
21
-0.0792091338582677
0
LINE
8
BLACK
6
CONTINUOUS
10
2.5359888188976378
20
-0.0792091338582677
11
2.5368035039370076
21
-0.0783944488188976
0
LINE
8
BLACK
6
CONTINUOUS
10
2.5368035039370076
20
-0.0783944488188976
11
2.5378679133858268
21
-0.0779535826771654
0
LINE
8
BLACK
6
CONTINUOUS
10
2.5378679133858268
20
-0.0779535826771654
11
2.5390199999999998
21
-0.0779535826771654
0
LINE
8
BLACK
6
CONTINUOUS
10
2.5390199999999998
20
-0.0779535826771654
11
2.5400844094488186
21
-0.0783944881889764
0
LINE
8
BLACK
6
CONTINUOUS
10
2.5400844094488186
20
-0.0783944881889764
11
2.5405318897637796
21
-0.0787617322834646
0
LINE
8
BLACK
6
CONTINUOUS
10
2.5405318897637796
20
-0.0787617322834646
11
2.5420677952755906
21
-0.0802976771653543
0
LINE
8
BLACK
6
CONTINUOUS
10
2.5420677952755906
20
-0.0802976771653543
11
2.5447652755905512
21
-0.0816464173228346
0
LINE
8
BLACK
6
CONTINUOUS
10
2.5447652755905512
20
-0.0816464173228346
11
2.5527449999999998
21
-0.0816464173228346
0
LINE
8
BLACK
6
CONTINUOUS
10
2.5527449999999998
20
-0.0816464173228346
11
2.5554424409448817
21
-0.0802976771653543
0
LINE
8
BLACK
6
CONTINUOUS
10
2.5554424409448817
20
-0.0802976771653543
11
2.556639566929134
21
-0.0791005118110236
0
LINE
8
BLACK
6
CONTINUOUS
10
2.556639566929134
20
-0.0791005118110236
11
2.557988346456693
21
-0.076403031496063
0
LINE
8
BLACK
6
CONTINUOUS
10
2.557988346456693
20
-0.076403031496063
11
2.557988346456693
21
-0.0684233070866142
0
LINE
8
BLACK
6
CONTINUOUS
10
2.557988346456693
20
-0.0684233070866142
11
2.5566396062992127
21
-0.0657258267716535
0
LINE
8
BLACK
6
CONTINUOUS
10
2.5566396062992127
20
-0.0657258267716535
11
2.5554424803149605
21
-0.0645287007874016
0
LINE
8
BLACK
6
CONTINUOUS
10
2.5554424803149605
20
-0.0645287007874016
11
2.5527449999999998
21
-0.0631799606299213
0
LINE
8
BLACK
6
CONTINUOUS
10
2.5527449999999998
20
-0.0631799606299213
11
2.5447652755905512
21
-0.0631799606299213
0
LINE
8
BLACK
6
CONTINUOUS
10
2.5447652755905512
20
-0.0631799606299213
11
2.5420677952755906
21
-0.0645287007874016
0
LINE
8
BLACK
6
CONTINUOUS
10
2.5420677952755906
20
-0.0645287007874016
11
2.5405318503937009
21
-0.0660646456692913
0
LINE
8
BLACK
6
CONTINUOUS
10
2.5405318503937009
20
-0.0660646456692913
11
2.5400844094488186
21
-0.0664318503937008
0
LINE
8
BLACK
6
CONTINUOUS
10
2.5400844094488186
20
-0.0664318503937008
11
2.5399470472440946
21
-0.0664887401574803
0
LINE
8
BLACK
6
CONTINUOUS
10
2.5399470472440946
20
-0.0664887401574803
11
2.539831968503937
21
-0.0665829133858268
0
LINE
8
BLACK
6
CONTINUOUS
10
2.539831968503937
20
-0.0665829133858268
11
2.5394185826771651
21
-0.0667075984251968
0
LINE
8
BLACK
6
CONTINUOUS
10
2.5394185826771651
20
-0.0667075984251968
11
2.5390199606299211
21
-0.0668727559055118
0
LINE
8
BLACK
6
CONTINUOUS
10
2.5390199606299211
20
-0.0668727559055118
11
2.5388713385826773
21
-0.0668727559055118
0
LINE
8
BLACK
6
CONTINUOUS
10
2.5388713385826773
20
-0.0668727559055118
11
2.5387289763779526
21
-0.0669157086614173
0
LINE
8
BLACK
6
CONTINUOUS
10
2.5387289763779526
20
-0.0669157086614173
11
2.5382994488188975
21
-0.0668727559055118
0
LINE
8
BLACK
6
CONTINUOUS
10
2.5382994488188975
20
-0.0668727559055118
11
2.5378679133858268
21
-0.0668727559055118
0
LINE
8
BLACK
6
CONTINUOUS
10
2.5378679133858268
20
-0.0668727559055118
11
2.5377305511811024
21
-0.0668158267716535
0
LINE
8
BLACK
6
CONTINUOUS
10
2.5377305511811024
20
-0.0668158267716535
11
2.5375825590551182
21
-0.066801062992126
0
LINE
8
BLACK
6
CONTINUOUS
10
2.5375825590551182
20
-0.066801062992126
11
2.5372021653543309
21
-0.0665970078740157
0
LINE
8
BLACK
6
CONTINUOUS
10
2.5372021653543309
20
-0.0665970078740157
11
2.5368034645669293
21
-0.0664318503937008
0
LINE
8
BLACK
6
CONTINUOUS
10
2.5368034645669293
20
-0.0664318503937008
11
2.5366982677165355
21
-0.0663266535433071
0
LINE
8
BLACK
6
CONTINUOUS
10
2.5366982677165355
20
-0.0663266535433071
11
2.5365673228346455
21
-0.0662564173228346
0
LINE
8
BLACK
6
CONTINUOUS
10
2.5365673228346455
20
-0.0662564173228346
11
2.5362940551181103
21
-0.0659224409448819
0
LINE
8
BLACK
6
CONTINUOUS
10
2.5362940551181103
20
-0.0659224409448819
11
2.5359888188976378
21
-0.0656172047244094
0
LINE
8
BLACK
6
CONTINUOUS
10
2.5359888188976378
20
-0.0656172047244094
11
2.5359318897637793
21
-0.065479842519685
0
LINE
8
BLACK
6
CONTINUOUS
10
2.5359318897637793
20
-0.065479842519685
11
2.5358377559055119
21
-0.0653647637795276
0
LINE
8
BLACK
6
CONTINUOUS
10
2.5358377559055119
20
-0.0653647637795276
11
2.535713031496063
21
-0.0649513779527559
0
LINE
8
BLACK
6
CONTINUOUS
10
2.535713031496063
20
-0.0649513779527559
11
2.5355479133858267
21
-0.0645527559055118
0
LINE
8
BLACK
6
CONTINUOUS
10
2.5355479133858267
20
-0.0645527559055118
11
2.5355479133858267
21
-0.064404094488189
0
LINE
8
BLACK
6
CONTINUOUS
10
2.5355479133858267
20
-0.064404094488189
11
2.5355049606299214
21
-0.0642617716535433
0
LINE
8
BLACK
6
CONTINUOUS
10
2.5355049606299214
20
-0.0642617716535433
11
2.5355058267716535
21
-0.0636829133858268
0
LINE
8
BLACK
6
CONTINUOUS
10
2.5355058267716535
20
-0.0636829133858268
11
2.537380590551181
21
-0.0449352755905512
0
LINE
8
BLACK
6
CONTINUOUS
10
2.537380590551181
20
-0.0449352755905512
11
2.5374226771653543
21
-0.0447253149606299
0
LINE
8
BLACK
6
CONTINUOUS
10
2.5374226771653543
20
-0.0447253149606299
11
2.5374226771653543
21
-0.044653031496063
0
LINE
8
BLACK
6
CONTINUOUS
10
2.5374226771653543
20
-0.044653031496063
11
2.5374507480314961
21
-0.0445851968503937
0
LINE
8
BLACK
6
CONTINUOUS
10
2.5374507480314961
20
-0.0445851968503937
11
2.5374943700787402
21
-0.0443677165354331
0
LINE
8
BLACK
6
CONTINUOUS
10
2.5374943700787402
20
-0.0443677165354331
11
2.5376983858267717
21
-0.0439874015748032
0
LINE
8
BLACK
6
CONTINUOUS
10
2.5376983858267717
20
-0.0439874015748032
11
2.5378635826771654
21
-0.0435886220472441
0
LINE
8
BLACK
6
CONTINUOUS
10
2.5378635826771654
20
-0.0435886220472441
11
2.5379687401574804
21
-0.0434834251968504
0
LINE
8
BLACK
6
CONTINUOUS
10
2.5379687401574804
20
-0.0434834251968504
11
2.5380390157480313
21
-0.0433524803149606
0
LINE
8
BLACK
6
CONTINUOUS
10
2.5380390157480313
20
-0.0433524803149606
11
2.5383729527559056
21
-0.0430792125984252
0
LINE
8
BLACK
6
CONTINUOUS
10
2.5383729527559056
20
-0.0430792125984252
11
2.5386782283464568
21
-0.0427739763779528
0
LINE
8
BLACK
6
CONTINUOUS
10
2.5386782283464568
20
-0.0427739763779528
11
2.5388155511811021
21
-0.0427170472440945
0
LINE
8
BLACK
6
CONTINUOUS
10
2.5388155511811021
20
-0.0427170472440945
11
2.5389306692913385
21
-0.0426229133858268
0
LINE
8
BLACK
6
CONTINUOUS
10
2.5389306692913385
20
-0.0426229133858268
11
2.5393439370078741
21
-0.0424981889763779
0
LINE
8
BLACK
6
CONTINUOUS
10
2.5393439370078741
20
-0.0424981889763779
11
2.5397426377952756
21
-0.0423330708661417
0
LINE
8
BLACK
6
CONTINUOUS
10
2.5397426377952756
20
-0.0423330708661417
11
2.5399633070866141
21
-0.0423112992125984
0
LINE
8
BLACK
6
CONTINUOUS
10
2.5399633070866141
20
-0.0423112992125984
11
2.5400336614173229
21
-0.0422901181102362
0
LINE
8
BLACK
6
CONTINUOUS
10
2.5400336614173229
20
-0.0422901181102362
11
2.5401056299212597
21
-0.0422972834645669
0
LINE
8
BLACK
6
CONTINUOUS
10
2.5401056299212597
20
-0.0422972834645669
11
2.5403187007874015
21
-0.0422763385826772
0
LINE
8
BLACK
6
CONTINUOUS
10
2.5403187007874015
20
-0.0422763385826772
11
2.5590663385826771
21
-0.0422763385826772
0
LINE
8
BLACK
6
CONTINUOUS
10
2.5590663385826771
20
-0.0422763385826772
11
2.5596424015748029
21
-0.0423330708661417
0
LINE
8
BLACK
6
CONTINUOUS
10
2.5915134251968501
20
-0.0423330708661417
11
2.5916114173228344
21
-0.0423736614173228
0
LINE
8
BLACK
6
CONTINUOUS
10
2.5916114173228344
20
-0.0423736614173228
11
2.5917172440944882
21
-0.0423811811023622
0
LINE
8
BLACK
6
CONTINUOUS
10
2.5917172440944882
20
-0.0423811811023622
11
2.5922578740157478
21
-0.0425880708661417
0
LINE
8
BLACK
6
CONTINUOUS
10
2.5922578740157478
20
-0.0425880708661417
11
2.5960074015748029
21
-0.0444628346456693
0
LINE
8
BLACK
6
CONTINUOUS
10
2.5960074015748029
20
-0.0444628346456693
11
2.5962553937007873
21
-0.0446188976377953
0
LINE
8
BLACK
6
CONTINUOUS
10
2.5962553937007873
20
-0.0446188976377953
11
2.5963273622047245
21
-0.0446487401574803
0
LINE
8
BLACK
6
CONTINUOUS
10
2.5963273622047245
20
-0.0446487401574803
11
2.5964083070866142
21
-0.0447151968503937
0
LINE
8
BLACK
6
CONTINUOUS
10
2.5964083070866142
20
-0.0447151968503937
11
2.5964972834645668
21
-0.0447711811023622
0
LINE
8
BLACK
6
CONTINUOUS
10
2.5964972834645668
20
-0.0447711811023622
11
2.5965484251968505
21
-0.044830157480315
0
LINE
8
BLACK
6
CONTINUOUS
10
2.5965484251968505
20
-0.044830157480315
11
2.5967748031496063
21
-0.0450159448818898
0
LINE
8
BLACK
6
CONTINUOUS
10
2.5967748031496063
20
-0.0450159448818898
11
2.5986495669291338
21
-0.0468907086614173
0
LINE
8
BLACK
6
CONTINUOUS
10
2.5986495669291338
20
-0.0468907086614173
11
2.5988353149606298
21
-0.0471170472440945
0
LINE
8
BLACK
6
CONTINUOUS
10
2.5988353149606298
20
-0.0471170472440945
11
2.5988943307086614
21
-0.0471682283464567
0
LINE
8
BLACK
6
CONTINUOUS
10
2.5988943307086614
20
-0.0471682283464567
11
2.5989502755905511
21
-0.0472571653543307
0
LINE
8
BLACK
6
CONTINUOUS
10
2.5989502755905511
20
-0.0472571653543307
11
2.5990167716535431
21
-0.0473381496062992
0
LINE
8
BLACK
6
CONTINUOUS
10
2.5990167716535431
20
-0.0473381496062992
11
2.5990465748031495
21
-0.0474100787401575
0
LINE
8
BLACK
6
CONTINUOUS
10
2.5990465748031495
20
-0.0474100787401575
11
2.5992026771653545
21
-0.0476581102362205
0
LINE
8
BLACK
6
CONTINUOUS
10
2.5992026771653545
20
-0.0476581102362205
11
2.601077440944882
21
-0.0514076377952756
0
LINE
8
BLACK
6
CONTINUOUS
10
2.601077440944882
20
-0.0514076377952756
11
2.6012843307086615
21
-0.0519482283464567
0
LINE
8
BLACK
6
CONTINUOUS
10
2.6012843307086615
20
-0.0519482283464567
11
2.6012918503937006
21
-0.052054094488189
0
LINE
8
BLACK
6
CONTINUOUS
10
2.6012918503937006
20
-0.052054094488189
11
2.6013324409448817
21
-0.0521520866141732
0
LINE
8
BLACK
6
CONTINUOUS
10
2.6013324409448817
20
-0.0521520866141732
11
2.6013891732283465
21
-0.0527281496062992
0
LINE
8
BLACK
6
CONTINUOUS
10
2.6013891732283465
20
-0.0527281496062992
11
2.6013891732283465
21
-0.0564776771653543
0
LINE
8
BLACK
6
CONTINUOUS
10
2.6013891732283465
20
-0.0564776771653543
11
2.601360433070866
21
-0.0567692519685039
0
LINE
8
BLACK
6
CONTINUOUS
10
2.601360433070866
20
-0.0567692519685039
11
2.6013659842519683
21
-0.0568470078740157
0
LINE
8
BLACK
6
CONTINUOUS
10
2.6013659842519683
20
-0.0568470078740157
11
2.601342716535433
21
-0.0569492519685039
0
LINE
8
BLACK
6
CONTINUOUS
10
2.601342716535433
20
-0.0569492519685039
11
2.6013324409448817
21
-0.0570537401574803
0
LINE
8
BLACK
6
CONTINUOUS
10
2.6013324409448817
20
-0.0570537401574803
11
2.6013025590551182
21
-0.0571257874015748
0
LINE
8
BLACK
6
CONTINUOUS
10
2.6013025590551182
20
-0.0571257874015748
11
2.6012376377952755
21
-0.0574114566929134
0
LINE
8
BLACK
6
CONTINUOUS
10
2.6012376377952755
20
-0.0574114566929134
11
2.5993628740157479
21
-0.0630357086614173
0
LINE
8
BLACK
6
CONTINUOUS
10
2.5993628740157479
20
-0.0630357086614173
11
2.5991268897637796
21
-0.0635642913385827
0
LINE
8
BLACK
6
CONTINUOUS
10
2.5991268897637796
20
-0.0635642913385827
11
2.5990574015748029
21
-0.0636443700787402
0
LINE
8
BLACK
6
CONTINUOUS
10
2.5990574015748029
20
-0.0636443700787402
11
2.5990168110236218
21
-0.0637424409448819
0
LINE
8
BLACK
6
CONTINUOUS
10
2.5990168110236218
20
-0.0637424409448819
11
2.5986495669291338
21
-0.0641898818897638
0
LINE
8
BLACK
6
CONTINUOUS
10
2.5986495669291338
20
-0.0641898818897638
11
2.5811930708661417
21
-0.0816464173228346
0
LINE
8
BLACK
6
CONTINUOUS
10
2.5811930708661417
20
-0.0816464173228346
11
2.5984364173228345
21
-0.0816464173228346
0
LINE
8
BLACK
6
CONTINUOUS
10
2.5984364173228345
20
-0.0816464173228346
11
2.5990124803149603
21
-0.0817031496062992
0
LINE
8
BLACK
6
CONTINUOUS
10
2.5990124803149603
20
-0.0817031496062992
11
2.6000768897637796
21
-0.0821440551181102
0
LINE
8
BLACK
6
CONTINUOUS
10
2.6000768897637796
20
-0.0821440551181102
11
2.6008915354330706
21
-0.0829587007874016
0
LINE
8
BLACK
6
CONTINUOUS
10
2.6008915354330706
20
-0.0829587007874016
11
2.6013324409448817
21
-0.0840231102362205
0
LINE
8
BLACK
6
CONTINUOUS
10
2.6013324409448817
20
-0.0840231102362205
11
2.6013324409448817
21
-0.0851752362204724
0
LINE
8
BLACK
6
CONTINUOUS
10
2.6013324409448817
20
-0.0851752362204724
11
2.6008915354330706
21
-0.0862396456692913
0
LINE
8
BLACK
6
CONTINUOUS
10
2.6008915354330706
20
-0.0862396456692913
11
2.6000768897637796
21
-0.0870542913385827
0
LINE
8
BLACK
6
CONTINUOUS
10
2.6000768897637796
20
-0.0870542913385827
11
2.5990124803149603
21
-0.0874951968503937
0
LINE
8
BLACK
6
CONTINUOUS
10
2.5990124803149603
20
-0.0874951968503937
11
2.5984364173228345
21
-0.0875519291338583
0
LINE
8
BLACK
6
CONTINUOUS
10
2.5984364173228345
20
-0.0875519291338583
11
2.5740644881889763
21
-0.0875519291338583
0
LINE
8
BLACK
6
CONTINUOUS
10
2.5740644881889763
20
-0.0875519291338583
11
2.5734884251968504
21
-0.0874951968503937
0
LINE
8
BLACK
6
CONTINUOUS
10
2.5734884251968504
20
-0.0874951968503937
11
2.5724240157480316
21
-0.0870542913385827
0
LINE
8
BLACK
6
CONTINUOUS
10
2.5724240157480316
20
-0.0870542913385827
11
2.5716093700787401
21
-0.0862396456692913
0
LINE
8
BLACK
6
CONTINUOUS
10
2.5716093700787401
20
-0.0862396456692913
11
2.571168464566929
21
-0.0851752362204724
0
LINE
8
BLACK
6
CONTINUOUS
10
2.571168464566929
20
-0.0851752362204724
11
2.571168464566929
21
-0.0840231102362205
0
LINE
8
BLACK
6
CONTINUOUS
10
2.571168464566929
20
-0.0840231102362205
11
2.5716093700787401
21
-0.0829587007874016
0
LINE
8
BLACK
6
CONTINUOUS
10
2.5716093700787401
20
-0.0829587007874016
11
2.5719765748031493
21
-0.0825112598425197
0
LINE
8
BLACK
6
CONTINUOUS
10
2.5719765748031493
20
-0.0825112598425197
11
2.5939808267716535
21
-0.0605069291338583
0
LINE
8
BLACK
6
CONTINUOUS
10
2.5939808267716535
20
-0.0605069291338583
11
2.5954836614173229
21
-0.0559985433070866
0
LINE
8
BLACK
6
CONTINUOUS
10
2.5954836614173229
20
-0.0559985433070866
11
2.5954836614173229
21
-0.0534251968503937
0
LINE
8
BLACK
6
CONTINUOUS
10
2.5954836614173229
20
-0.0534251968503937
11
2.5941349212598426
21
-0.0507277165354331
0
LINE
8
BLACK
6
CONTINUOUS
10
2.5941349212598426
20
-0.0507277165354331
11
2.5929377952755903
21
-0.0495305905511811
0
LINE
8
BLACK
6
CONTINUOUS
10
2.5929377952755903
20
-0.0495305905511811
11
2.5902403149606297
21
-0.0481818503937008
0
LINE
8
BLACK
6
CONTINUOUS
10
2.5902403149606297
20
-0.0481818503937008
11
2.5822605905511811
21
-0.0481818503937008
0
LINE
8
BLACK
6
CONTINUOUS
10
2.5822605905511811
20
-0.0481818503937008
11
2.5795631102362204
21
-0.0495305905511811
0
LINE
8
BLACK
6
CONTINUOUS
10
2.5795631102362204
20
-0.0495305905511811
11
2.5780271653543307
21
-0.0510665354330709
0
LINE
8
BLACK
6
CONTINUOUS
10
2.5780271653543307
20
-0.0510665354330709
11
2.5775797244094489
21
-0.0514337401574803
0
LINE
8
BLACK
6
CONTINUOUS
10
2.5775797244094489
20
-0.0514337401574803
11
2.5765152755905509
21
-0.0518746456692913
0
LINE
8
BLACK
6
CONTINUOUS
10
2.5765152755905509
20
-0.0518746456692913
11
2.5753632283464567
21
-0.0518746456692913
0
LINE
8
BLACK
6
CONTINUOUS
10
2.5753632283464567
20
-0.0518746456692913
11
2.5742987795275591
21
-0.0514337401574803
0
LINE
8
BLACK
6
CONTINUOUS
10
2.5742987795275591
20
-0.0514337401574803
11
2.5734841338582677
21
-0.050619094488189
0
LINE
8
BLACK
6
CONTINUOUS
10
2.5734841338582677
20
-0.050619094488189
11
2.5730432283464566
21
-0.0495546456692913
0
LINE
8
BLACK
6
CONTINUOUS
10
2.5730432283464566
20
-0.0495546456692913
11
2.5730432283464566
21
-0.0484025984251968
0
LINE
8
BLACK
6
CONTINUOUS
10
2.5730432283464566
20
-0.0484025984251968
11
2.5734841338582677
21
-0.0473381496062992
0
LINE
8
BLACK
6
CONTINUOUS
10
2.5734841338582677
20
-0.0473381496062992
11
2.5738513385826769
21
-0.0468907086614173
0
LINE
8
BLACK
6
CONTINUOUS
10
2.5738513385826769
20
-0.0468907086614173
11
2.5757261023622045
21
-0.0450159448818898
0
LINE
8
BLACK
6
CONTINUOUS
10
2.5757261023622045
20
-0.0450159448818898
11
2.575952440944882
21
-0.044830157480315
0
LINE
8
BLACK
6
CONTINUOUS
10
2.575952440944882
20
-0.044830157480315
11
2.576003622047244
21
-0.0447711811023622
0
LINE
8
BLACK
6
CONTINUOUS
10
2.576003622047244
20
-0.0447711811023622
11
2.5760925590551182
21
-0.0447151968503937
0
LINE
8
BLACK
6
CONTINUOUS
10
2.5760925590551182
20
-0.0447151968503937
11
2.5761735433070867
21
-0.0446487401574803
0
LINE
8
BLACK
6
CONTINUOUS
10
2.5761735433070867
20
-0.0446487401574803
11
2.5762454724409447
21
-0.0446188976377953
0
LINE
8
BLACK
6
CONTINUOUS
10
2.5762454724409447
20
-0.0446188976377953
11
2.5764935039370078
21
-0.0444628346456693
0
LINE
8
BLACK
6
CONTINUOUS
10
2.5764935039370078
20
-0.0444628346456693
11
2.5802430314960629
21
-0.0425880708661417
0
LINE
8
BLACK
6
CONTINUOUS
10
2.5802430314960629
20
-0.0425880708661417
11
2.5807836220472442
21
-0.0423811811023622
0
LINE
8
BLACK
6
CONTINUOUS
10
2.5807836220472442
20
-0.0423811811023622
11
2.5808894881889763
21
-0.0423736220472441
0
LINE
8
BLACK
6
CONTINUOUS
10
2.5808894881889763
20
-0.0423736220472441
11
2.5809874803149606
21
-0.0423330708661417
0
LINE
8
BLACK
6
CONTINUOUS
10
2.5809874803149606
20
-0.0423330708661417
11
2.5815635433070865
21
-0.0422763385826772
0
LINE
8
BLACK
6
CONTINUOUS
10
2.5815635433070865
20
-0.0422763385826772
11
2.5909373622047243
21
-0.0422763385826772
0
LINE
8
BLACK
6
CONTINUOUS
10
2.5909373622047243
20
-0.0422763385826772
11
2.5915134251968501
21
-0.0423330708661417
0
LINE
8
BLACK
6
CONTINUOUS
10
2.6271339763779529
20
-0.0423330708661417
11
2.6272319685039371
21
-0.0423736614173228
0
LINE
8
BLACK
6
CONTINUOUS
10
2.6272319685039371
20
-0.0423736614173228
11
2.6273377952755905
21
-0.0423811811023622
0
LINE
8
BLACK
6
CONTINUOUS
10
2.6273377952755905
20
-0.0423811811023622
11
2.6278784251968506
21
-0.0425880708661417
0
LINE
8
BLACK
6
CONTINUOUS
10
2.6278784251968506
20
-0.0425880708661417
11
2.6316279527559057
21
-0.0444628346456693
0
LINE
8
BLACK
6
CONTINUOUS
10
2.6316279527559057
20
-0.0444628346456693
11
2.6318759448818896
21
-0.0446188976377953
0
LINE
8
BLACK
6
CONTINUOUS
10
2.6318759448818896
20
-0.0446188976377953
11
2.6319479133858268
21
-0.0446487401574803
0
LINE
8
BLACK
6
CONTINUOUS
10
2.6319479133858268
20
-0.0446487401574803
11
2.6320288582677165
21
-0.0447151968503937
0
LINE
8
BLACK
6
CONTINUOUS
10
2.6320288582677165
20
-0.0447151968503937
11
2.6321178346456691
21
-0.0447711811023622
0
LINE
8
BLACK
6
CONTINUOUS
10
2.6321178346456691
20
-0.0447711811023622
11
2.6321689763779528
21
-0.044830157480315
0
LINE
8
BLACK
6
CONTINUOUS
10
2.6321689763779528
20
-0.044830157480315
11
2.6323953543307086
21
-0.0450159448818898
0
LINE
8
BLACK
6
CONTINUOUS
10
2.6323953543307086
20
-0.0450159448818898
11
2.6342701181102361
21
-0.0468907086614173
0
LINE
8
BLACK
6
CONTINUOUS
10
2.6342701181102361
20
-0.0468907086614173
11
2.6344558661417321
21
-0.0471170472440945
0
LINE
8
BLACK
6
CONTINUOUS
10
2.6344558661417321
20
-0.0471170472440945
11
2.6345148818897637
21
-0.0471682283464567
0
LINE
8
BLACK
6
CONTINUOUS
10
2.6345148818897637
20
-0.0471682283464567
11
2.6345708267716534
21
-0.0472571653543307
0
LINE
8
BLACK
6
CONTINUOUS
10
2.6345708267716534
20
-0.0472571653543307
11
2.6346373228346458
21
-0.0473381496062992
0
LINE
8
BLACK
6
CONTINUOUS
10
2.6346373228346458
20
-0.0473381496062992
11
2.6346671259842518
21
-0.0474100787401575
0
LINE
8
BLACK
6
CONTINUOUS
10
2.6346671259842518
20
-0.0474100787401575
11
2.6348232283464568
21
-0.0476581102362205
0
LINE
8
BLACK
6
CONTINUOUS
10
2.6348232283464568
20
-0.0476581102362205
11
2.6366979921259843
21
-0.0514076377952756
0
LINE
8
BLACK
6
CONTINUOUS
10
2.6366979921259843
20
-0.0514076377952756
11
2.6367140944881888
21
-0.0514497244094488
0
LINE
8
BLACK
6
CONTINUOUS
10
2.6367140944881888
20
-0.0514497244094488
11
2.6367268110236219
21
-0.0514668897637795
0
LINE
8
BLACK
6
CONTINUOUS
10
2.6367268110236219
20
-0.0514668897637795
11
2.6368131102362202
21
-0.0517084645669291
0
LINE
8
BLACK
6
CONTINUOUS
10
2.6368131102362202
20
-0.0517084645669291
11
2.6369048818897638
21
-0.0519482283464567
0
LINE
8
BLACK
6
CONTINUOUS
10
2.6369048818897638
20
-0.0519482283464567
11
2.636906377952756
21
-0.0519694881889764
0
LINE
8
BLACK
6
CONTINUOUS
10
2.636906377952756
20
-0.0519694881889764
11
2.6369215748031496
21
-0.0520120078740157
0
LINE
8
BLACK
6
CONTINUOUS
10
2.6369215748031496
20
-0.0520120078740157
11
2.6387963385826771
21
-0.059511062992126
0
LINE
8
BLACK
6
CONTINUOUS
10
2.6387963385826771
20
-0.059511062992126
11
2.6388111023622045
21
-0.059610905511811
0
LINE
8
BLACK
6
CONTINUOUS
10
2.6388111023622045
20
-0.059610905511811
11
2.6388277559055116
21
-0.0596511417322835
0
LINE
8
BLACK
6
CONTINUOUS
10
2.6388277559055116
20
-0.0596511417322835
11
2.6388490944881888
21
-0.0598681496062992
0
LINE
8
BLACK
6
CONTINUOUS
10
2.6388490944881888
20
-0.0598681496062992
11
2.6388809842519683
21
-0.0600836614173228
0
LINE
8
BLACK
6
CONTINUOUS
10
2.6388809842519683
20
-0.0600836614173228
11
2.6388745669291338
21
-0.0601266535433071
0
LINE
8
BLACK
6
CONTINUOUS
10
2.6388745669291338
20
-0.0601266535433071
11
2.6388844881889764
21
-0.0602272047244094
0
LINE
8
BLACK
6
CONTINUOUS
10
2.6388844881889764
20
-0.0602272047244094
11
2.6388844881889764
21
-0.0696010236220472
0
LINE
8
BLACK
6
CONTINUOUS
10
2.6388844881889764
20
-0.0696010236220472
11
2.6388745669291338
21
-0.0697015354330709
0
LINE
8
BLACK
6
CONTINUOUS
10
2.6388745669291338
20
-0.0697015354330709
11
2.6388809842519683
21
-0.0697445669291339
0
LINE
8
BLACK
6
CONTINUOUS
10
2.6388809842519683
20
-0.0697445669291339
11
2.6388490944881888
21
-0.0699600393700787
0
LINE
8
BLACK
6
CONTINUOUS
10
2.6388490944881888
20
-0.0699600393700787
11
2.6388277559055116
21
-0.0701770866141732
0
LINE
8
BLACK
6
CONTINUOUS
10
2.6388277559055116
20
-0.0701770866141732
11
2.6388111023622045
21
-0.0702172834645669
0
LINE
8
BLACK
6
CONTINUOUS
10
2.6388111023622045
20
-0.0702172834645669
11
2.6387963385826771
21
-0.0703171653543307
0
LINE
8
BLACK
6
CONTINUOUS
10
2.6387963385826771
20
-0.0703171653543307
11
2.6369215748031496
21
-0.0778162204724409
0
LINE
8
BLACK
6
CONTINUOUS
10
2.6369215748031496
20
-0.0778162204724409
11
2.636906377952756
21
-0.0778587007874016
0
LINE
8
BLACK
6
CONTINUOUS
10
2.636906377952756
20
-0.0778587007874016
11
2.6369048818897638
21
-0.07788
0
LINE
8
BLACK
6
CONTINUOUS
10
2.6369048818897638
20
-0.07788
11
2.6368131102362202
21
-0.0781197244094488
0
LINE
8
BLACK
6
CONTINUOUS
10
2.6368131102362202
20
-0.0781197244094488
11
2.6367268110236219
21
-0.0783613385826772
0
LINE
8
BLACK
6
CONTINUOUS
10
2.6367268110236219
20
-0.0783613385826772
11
2.6367140944881888
21
-0.0783784645669291
0
LINE
8
BLACK
6
CONTINUOUS
10
2.6367140944881888
20
-0.0783784645669291
11
2.6366979921259843
21
-0.0784205905511811
0
LINE
8
BLACK
6
CONTINUOUS
10
2.6366979921259843
20
-0.0784205905511811
11
2.6348232283464568
21
-0.0821701181102362
0
LINE
8
BLACK
6
CONTINUOUS
10
2.6348232283464568
20
-0.0821701181102362
11
2.6346671653543305
21
-0.0824179921259842
0
LINE
8
BLACK
6
CONTINUOUS
10
2.6346671653543305
20
-0.0824179921259842
11
2.6346373622047246
21
-0.0824900393700787
0
LINE
8
BLACK
6
CONTINUOUS
10
2.6346373622047246
20
-0.0824900393700787
11
2.6345708267716534
21
-0.082571062992126
0
LINE
8
BLACK
6
CONTINUOUS
10
2.6345708267716534
20
-0.082571062992126
11
2.6345148818897637
21
-0.08266
0
LINE
8
BLACK
6
CONTINUOUS
10
2.6345148818897637
20
-0.08266
11
2.6344558661417321
21
-0.0827111417322835
0
LINE
8
BLACK
6
CONTINUOUS
10
2.6344558661417321
20
-0.0827111417322835
11
2.6342701181102361
21
-0.0829375196850394
0
LINE
8
BLACK
6
CONTINUOUS
10
2.6342701181102361
20
-0.0829375196850394
11
2.6323953937007873
21
-0.0848122834645669
0
LINE
8
BLACK
6
CONTINUOUS
10
2.6323953937007873
20
-0.0848122834645669
11
2.6321690157480315
21
-0.084998031496063
0
LINE
8
BLACK
6
CONTINUOUS
10
2.6321690157480315
20
-0.084998031496063
11
2.6321178346456691
21
-0.0850570866141732
0
LINE
8
BLACK
6
CONTINUOUS
10
2.6321178346456691
20
-0.0850570866141732
11
2.6320288582677165
21
-0.0851130708661417
0
LINE
8
BLACK
6
CONTINUOUS
10
2.6320288582677165
20
-0.0851130708661417
11
2.6319479133858268
21
-0.0851795275590551
0
LINE
8
BLACK
6
CONTINUOUS
10
2.6319479133858268
20
-0.0851795275590551
11
2.6318759448818896
21
-0.0852093307086614
0
LINE
8
BLACK
6
CONTINUOUS
10
2.6318759448818896
20
-0.0852093307086614
11
2.6316279527559057
21
-0.0853654330708661
0
LINE
8
BLACK
6
CONTINUOUS
10
2.6316279527559057
20
-0.0853654330708661
11
2.6278784251968506
21
-0.0872401968503937
0
LINE
8
BLACK
6
CONTINUOUS
10
2.6278784251968506
20
-0.0872401968503937
11
2.6273377952755905
21
-0.0874470866141732
0
LINE
8
BLACK
6
CONTINUOUS
10
2.6273377952755905
20
-0.0874470866141732
11
2.6272319685039371
21
-0.0874545669291339
0
LINE
8
BLACK
6
CONTINUOUS
10
2.6272319685039371
20
-0.0874545669291339
11
2.6271339763779529
21
-0.0874951968503937
0
LINE
8
BLACK
6
CONTINUOUS
10
2.6271339763779529
20
-0.0874951968503937
11
2.6265579133858266
21
-0.0875519291338583
0
LINE
8
BLACK
6
CONTINUOUS
10
2.6265579133858266
20
-0.0875519291338583
11
2.6228083858267714
21
-0.0875519291338583
0
LINE
8
BLACK
6
CONTINUOUS
10
2.6228083858267714
20
-0.0875519291338583
11
2.6222323228346456
21
-0.0874951968503937
0
LINE
8
BLACK
6
CONTINUOUS
10
2.6222323228346456
20
-0.0874951968503937
11
2.6221343307086613
21
-0.0874546062992126
0
LINE
8
BLACK
6
CONTINUOUS
10
2.6221343307086613
20
-0.0874546062992126
11
2.6220284645669292
21
-0.0874470866141732
0
LINE
8
BLACK
6
CONTINUOUS
10
2.6220284645669292
20
-0.0874470866141732
11
2.6214878740157479
21
-0.0872401968503937
0
LINE
8
BLACK
6
CONTINUOUS
10
2.6214878740157479
20
-0.0872401968503937
11
2.6177383464566928
21
-0.0853654330708661
0
LINE
8
BLACK
6
CONTINUOUS
10
2.6177383464566928
20
-0.0853654330708661
11
2.6174903149606297
21
-0.0852093307086614
0
LINE
8
BLACK
6
CONTINUOUS
10
2.6174903149606297
20
-0.0852093307086614
11
2.6174183858267717
21
-0.0851795275590551
0
LINE
8
BLACK
6
CONTINUOUS
10
2.6174183858267717
20
-0.0851795275590551
11
2.6173374015748032
21
-0.0851130708661417
0
LINE
8
BLACK
6
CONTINUOUS
10
2.6173374015748032
20
-0.0851130708661417
11
2.6172484645669289
21
-0.0850570866141732
0
LINE
8
BLACK
6
CONTINUOUS
10
2.6172484645669289
20
-0.0850570866141732
11
2.6171972440944882
21
-0.084998031496063
0
LINE
8
BLACK
6
CONTINUOUS
10
2.6171972440944882
20
-0.084998031496063
11
2.6169709055118111
21
-0.0848122834645669
0
LINE
8
BLACK
6
CONTINUOUS
10
2.6169709055118111
20
-0.0848122834645669
11
2.6150961417322836
21
-0.0829374803149606
0
LINE
8
BLACK
6
CONTINUOUS
10
2.6150961417322836
20
-0.0829374803149606
11
2.6149103937007872
21
-0.0827111417322835
0
LINE
8
BLACK
6
CONTINUOUS
10
2.6149103937007872
20
-0.0827111417322835
11
2.6148514173228348
21
-0.08266
0
LINE
8
BLACK
6
CONTINUOUS
10
2.6148514173228348
20
-0.08266
11
2.6147954330708663
21
-0.082571062992126
0
LINE
8
BLACK
6
CONTINUOUS
10
2.6147954330708663
20
-0.082571062992126
11
2.6147289370078739
21
-0.0824900393700787
0
LINE
8
BLACK
6
CONTINUOUS
10
2.6147289370078739
20
-0.0824900393700787
11
2.6146990944881887
21
-0.0824179921259842
0
LINE
8
BLACK
6
CONTINUOUS
10
2.6146990944881887
20
-0.0824179921259842
11
2.6145430708661417
21
-0.0821701181102362
0
LINE
8
BLACK
6
CONTINUOUS
10
2.6145430708661417
20
-0.0821701181102362
11
2.6126683070866141
21
-0.0784205905511811
0
LINE
8
BLACK
6
CONTINUOUS
10
2.6126683070866141
20
-0.0784205905511811
11
2.6126521653543309
21
-0.0783784645669291
0
LINE
8
BLACK
6
CONTINUOUS
10
2.6126521653543309
20
-0.0783784645669291
11
2.6126394881889765
21
-0.0783613385826772
0
LINE
8
BLACK
6
CONTINUOUS
10
2.6126394881889765
20
-0.0783613385826772
11
2.6125530314960628
21
-0.0781193700787402
0
LINE
8
BLACK
6
CONTINUOUS
10
2.6125530314960628
20
-0.0781193700787402
11
2.6124614173228347
21
-0.0778799606299213
0
LINE
8
BLACK
6
CONTINUOUS
10
2.6124614173228347
20
-0.0778799606299213
11
2.6124598818897637
21
-0.0778587007874016
0
LINE
8
BLACK
6
CONTINUOUS
10
2.6124598818897637
20
-0.0778587007874016
11
2.6124447244094489
21
-0.0778162204724409
0
LINE
8
BLACK
6
CONTINUOUS
10
2.6124447244094489
20
-0.0778162204724409
11
2.6105699606299213
21
-0.0703171653543307
0
LINE
8
BLACK
6
CONTINUOUS
10
2.6105699606299213
20
-0.0703171653543307
11
2.6105551574803147
21
-0.0702172834645669
0
LINE
8
BLACK
6
CONTINUOUS
10
2.6105551574803147
20
-0.0702172834645669
11
2.6105385433070865
21
-0.0701770866141732
0
LINE
8
BLACK
6
CONTINUOUS
10
2.6105385433070865
20
-0.0701770866141732
11
2.6105171653543309
21
-0.0699600393700787
0
LINE
8
BLACK
6
CONTINUOUS
10
2.6105171653543309
20
-0.0699600393700787
11
2.6104853149606297
21
-0.0697445669291339
0
LINE
8
BLACK
6
CONTINUOUS
10
2.6104853149606297
20
-0.0697445669291339
11
2.6104916929133859
21
-0.0697015354330709
0
LINE
8
BLACK
6
CONTINUOUS
10
2.6104916929133859
20
-0.0697015354330709
11
2.6104818110236221
21
-0.0696010236220472
0
LINE
8
BLACK
6
CONTINUOUS
10
2.6104818110236221
20
-0.0696010236220472
11
2.6104818110236221
21
-0.0602272047244094
0
LINE
8
BLACK
6
CONTINUOUS
10
2.6104818110236221
20
-0.0602272047244094
11
2.6104916929133859
21
-0.0601266535433071
0
LINE
8
BLACK
6
CONTINUOUS
10
2.6104916929133859
20
-0.0601266535433071
11
2.6104853149606297
21
-0.0600836614173228
0
LINE
8
BLACK
6
CONTINUOUS
10
2.6104853149606297
20
-0.0600836614173228
11
2.6105171653543309
21
-0.0598681496062992
0
LINE
8
BLACK
6
CONTINUOUS
10
2.6105171653543309
20
-0.0598681496062992
11
2.6105385433070865
21
-0.0596511417322835
0
LINE
8
BLACK
6
CONTINUOUS
10
2.6105385433070865
20
-0.0596511417322835
11
2.6105551574803147
21
-0.059610905511811
0
LINE
8
BLACK
6
CONTINUOUS
10
2.6105551574803147
20
-0.059610905511811
11
2.6105699606299213
21
-0.059511062992126
0
LINE
8
BLACK
6
CONTINUOUS
10
2.6105699606299213
20
-0.059511062992126
11
2.6124447244094489
21
-0.0520120078740157
0
LINE
8
BLACK
6
CONTINUOUS
10
2.6124447244094489
20
-0.0520120078740157
11
2.6124598818897637
21
-0.0519694881889764
0
LINE
8
BLACK
6
CONTINUOUS
10
2.6124598818897637
20
-0.0519694881889764
11
2.6124614173228347
21
-0.0519482677165354
0
LINE
8
BLACK
6
CONTINUOUS
10
2.6124614173228347
20
-0.0519482677165354
11
2.6125530314960628
21
-0.0517088188976378
0
LINE
8
BLACK
6
CONTINUOUS
10
2.6125530314960628
20
-0.0517088188976378
11
2.6126394881889765
21
-0.0514668897637795
0
LINE
8
BLACK
6
CONTINUOUS
10
2.6126394881889765
20
-0.0514668897637795
11
2.6126521653543309
21
-0.0514497244094488
0
LINE
8
BLACK
6
CONTINUOUS
10
2.6126521653543309
20
-0.0514497244094488
11
2.6126683070866141
21
-0.0514076377952756
0
LINE
8
BLACK
6
CONTINUOUS
10
2.6126683070866141
20
-0.0514076377952756
11
2.6145430708661417
21
-0.0476581102362205
0
LINE
8
BLACK
6
CONTINUOUS
10
2.6145430708661417
20
-0.0476581102362205
11
2.6146991338582675
21
-0.0474100787401575
0
LINE
8
BLACK
6
CONTINUOUS
10
2.6146991338582675
20
-0.0474100787401575
11
2.6147289763779527
21
-0.0473381496062992
0
LINE
8
BLACK
6
CONTINUOUS
10
2.6147289763779527
20
-0.0473381496062992
11
2.6147954330708663
21
-0.0472571653543307
0
LINE
8
BLACK
6
CONTINUOUS
10
2.6147954330708663
20
-0.0472571653543307
11
2.6148514173228348
21
-0.0471682283464567
0
LINE
8
BLACK
6
CONTINUOUS
10
2.6148514173228348
20
-0.0471682283464567
11
2.6149103937007872
21
-0.0471170472440945
0
LINE
8
BLACK
6
CONTINUOUS
10
2.6149103937007872
20
-0.0471170472440945
11
2.6150961811023623
21
-0.0468907086614173
0
LINE
8
BLACK
6
CONTINUOUS
10
2.6150961811023623
20
-0.0468907086614173
11
2.6169709448818899
21
-0.0450159448818898
0
LINE
8
BLACK
6
CONTINUOUS
10
2.6169709448818899
20
-0.0450159448818898
11
2.6171972834645669
21
-0.044830157480315
0
LINE
8
BLACK
6
CONTINUOUS
10
2.6171972834645669
20
-0.044830157480315
11
2.6172484645669289
21
-0.0447711811023622
0
LINE
8
BLACK
6
CONTINUOUS
10
2.6172484645669289
20
-0.0447711811023622
11
2.6173374015748032
21
-0.0447151968503937
0
LINE
8
BLACK
6
CONTINUOUS
10
2.6173374015748032
20
-0.0447151968503937
11
2.6174183858267717
21
-0.0446487401574803
0
LINE
8
BLACK
6
CONTINUOUS
10
2.6174183858267717
20
-0.0446487401574803
11
2.6174903149606297
21
-0.0446188976377953
0
LINE
8
BLACK
6
CONTINUOUS
10
2.6174903149606297
20
-0.0446188976377953
11
2.6177383464566928
21
-0.0444628346456693
0
LINE
8
BLACK
6
CONTINUOUS
10
2.6177383464566928
20
-0.0444628346456693
11
2.6214878740157479
21
-0.0425880708661417
0
LINE
8
BLACK
6
CONTINUOUS
10
2.6214878740157479
20
-0.0425880708661417
11
2.6220284645669292
21
-0.0423811811023622
0
LINE
8
BLACK
6
CONTINUOUS
10
2.6220284645669292
20
-0.0423811811023622
11
2.6221343307086613
21
-0.0423736220472441
0
LINE
8
BLACK
6
CONTINUOUS
10
2.6221343307086613
20
-0.0423736220472441
11
2.6222323228346456
21
-0.0423330708661417
0
LINE
8
BLACK
6
CONTINUOUS
10
2.6222323228346456
20
-0.0423330708661417
11
2.6228083858267714
21
-0.0422763385826772
0
LINE
8
BLACK
6
CONTINUOUS
10
2.6228083858267714
20
-0.0422763385826772
11
2.6265579133858266
21
-0.0422763385826772
0
LINE
8
BLACK
6
CONTINUOUS
10
2.6265579133858266
20
-0.0422763385826772
11
2.6271339763779529
21
-0.0423330708661417
0
LINE
8
BLACK
6
CONTINUOUS
10
2.6208079527559054
20
-0.0495305905511811
11
2.6196108267716536
21
-0.0507277165354331
0
LINE
8
BLACK
6
CONTINUOUS
10
2.6196108267716536
20
-0.0507277165354331
11
2.6180953149606299
21
-0.0537587007874016
0
LINE
8
BLACK
6
CONTINUOUS
10
2.6180953149606299
20
-0.0537587007874016
11
2.6163873228346457
21
-0.0605907480314961
0
LINE
8
BLACK
6
CONTINUOUS
10
2.6163873228346457
20
-0.0605907480314961
11
2.6163873228346457
21
-0.0692374803149606
0
LINE
8
BLACK
6
CONTINUOUS
10
2.6163873228346457
20
-0.0692374803149606
11
2.6180953149606299
21
-0.0760695275590551
0
LINE
8
BLACK
6
CONTINUOUS
10
2.6180953149606299
20
-0.0760695275590551
11
2.6196108267716536
21
-0.0791005118110236
0
LINE
8
BLACK
6
CONTINUOUS
10
2.6196108267716536
20
-0.0791005118110236
11
2.6208079527559054
21
-0.0802976771653543
0
LINE
8
BLACK
6
CONTINUOUS
10
2.6208079527559054
20
-0.0802976771653543
11
2.623505433070866
21
-0.0816464173228346
0
LINE
8
BLACK
6
CONTINUOUS
10
2.623505433070866
20
-0.0816464173228346
11
2.6258608661417324
21
-0.0816464173228346
0
LINE
8
BLACK
6
CONTINUOUS
10
2.6258608661417324
20
-0.0816464173228346
11
2.6285583070866143
21
-0.0802976771653543
0
LINE
8
BLACK
6
CONTINUOUS
10
2.6285583070866143
20
-0.0802976771653543
11
2.6297554330708661
21
-0.0791005118110236
0
LINE
8
BLACK
6
CONTINUOUS
10
2.6297554330708661
20
-0.0791005118110236
11
2.6312709448818898
21
-0.0760695275590551
0
LINE
8
BLACK
6
CONTINUOUS
10
2.6312709448818898
20
-0.0760695275590551
11
2.6329789763779528
21
-0.0692374803149606
0
LINE
8
BLACK
6
CONTINUOUS
10
2.6329789763779528
20
-0.0692374803149606
11
2.6329789763779528
21
-0.0605907480314961
0
LINE
8
BLACK
6
CONTINUOUS
10
2.6329789763779528
20
-0.0605907480314961
11
2.6312709448818898
21
-0.0537587007874016
0
LINE
8
BLACK
6
CONTINUOUS
10
2.6312709448818898
20
-0.0537587007874016
11
2.6297554724409449
21
-0.0507277165354331
0
LINE
8
BLACK
6
CONTINUOUS
10
2.6297554724409449
20
-0.0507277165354331
11
2.6285583464566931
21
-0.0495305905511811
0
LINE
8
BLACK
6
CONTINUOUS
10
2.6285583464566931
20
-0.0495305905511811
11
2.6258608661417324
21
-0.0481818503937008
0
LINE
8
BLACK
6
CONTINUOUS
10
2.6258608661417324
20
-0.0481818503937008
11
2.623505433070866
21
-0.0481818503937008
0
LINE
8
BLACK
6
CONTINUOUS
10
2.623505433070866
20
-0.0481818503937008
11
2.6208079527559054
21
-0.0495305905511811
0
LINE
8
BLACK
6
CONTINUOUS
10
2.4849958661417322
20
-0.0780961023622047
11
2.485716181102362
21
-0.0783944488188976
0
LINE
8
BLACK
6
CONTINUOUS
10
2.485716181102362
20
-0.0783944488188976
11
2.4857162204724408
21
-0.0783944881889764
0
LINE
8
BLACK
6
CONTINUOUS
10
2.4857162204724408
20
-0.0783944881889764
11
2.4861637007874013
21
-0.0787617322834646
0
LINE
8
BLACK
6
CONTINUOUS
10
2.4861637007874013
20
-0.0787617322834646
11
2.4880384251968501
21
-0.0806364960629921
0
LINE
8
BLACK
6
CONTINUOUS
10
2.4880384251968501
20
-0.0806364960629921
11
2.4884056692913386
21
-0.0810839763779528
0
LINE
8
BLACK
6
CONTINUOUS
10
2.4884056692913386
20
-0.0810839763779528
11
2.4888447244094487
21
-0.0821440551181102
0
LINE
8
BLACK
6
CONTINUOUS
10
2.4888447244094487
20
-0.0821440551181102
11
2.4888465354330709
21
-0.0821483858267717
0
LINE
8
BLACK
6
CONTINUOUS
10
2.4888465354330709
20
-0.0821483858267717
11
2.4888465354330709
21
-0.0833004724409449
0
LINE
8
BLACK
6
CONTINUOUS
10
2.4888465354330709
20
-0.0833004724409449
11
2.4884056299212598
21
-0.0843648818897638
0
LINE
8
BLACK
6
CONTINUOUS
10
2.4884056299212598
20
-0.0843648818897638
11
2.4880384251968501
21
-0.0848123228346457
0
LINE
8
BLACK
6
CONTINUOUS
10
2.4880384251968501
20
-0.0848123228346457
11
2.4861636614173226
21
-0.0866870866141732
0
LINE
8
BLACK
6
CONTINUOUS
10
2.4861636614173226
20
-0.0866870866141732
11
2.4857162204724408
21
-0.0870542913385827
0
LINE
8
BLACK
6
CONTINUOUS
10
2.4857162204724408
20
-0.0870542913385827
11
2.484651811023622
21
-0.0874951968503937
0
LINE
8
BLACK
6
CONTINUOUS
10
2.484651811023622
20
-0.0874951968503937
11
2.4846517716535432
21
-0.0874951968503937
0
LINE
8
BLACK
6
CONTINUOUS
10
2.4846517716535432
20
-0.0874951968503937
11
2.4834997244094486
21
-0.0874951968503937
0
LINE
8
BLACK
6
CONTINUOUS
10
2.4834997244094486
20
-0.0874951968503937
11
2.4834996850393702
21
-0.0874951968503937
0
LINE
8
BLACK
6
CONTINUOUS
10
2.4834996850393702
20
-0.0874951968503937
11
2.482435275590551
21
-0.0870542913385827
0
LINE
8
BLACK
6
CONTINUOUS
10
2.482435275590551
20
-0.0870542913385827
11
2.4819878346456692
21
-0.0866870866141732
0
LINE
8
BLACK
6
CONTINUOUS
10
2.4819878346456692
20
-0.0866870866141732
11
2.4801130708661416
21
-0.0848123228346457
0
LINE
8
BLACK
6
CONTINUOUS
10
2.4801130708661416
20
-0.0848123228346457
11
2.4797458661417324
21
-0.0843648818897638
0
LINE
8
BLACK
6
CONTINUOUS
10
2.4797458661417324
20
-0.0843648818897638
11
2.4795032677165354
21
-0.0837791732283465
0
LINE
8
BLACK
6
CONTINUOUS
10
2.4795032677165354
20
-0.0837791732283465
11
2.4793049606299213
21
-0.0833004724409449
0
LINE
8
BLACK
6
CONTINUOUS
10
2.4793049606299213
20
-0.0833004724409449
11
2.4793049606299213
21
-0.0821483858267717
0
LINE
8
BLACK
6
CONTINUOUS
10
2.4793049606299213
20
-0.0821483858267717
11
2.4797458267716537
21
-0.0810839763779528
0
LINE
8
BLACK
6
CONTINUOUS
10
2.4797458267716537
20
-0.0810839763779528
11
2.4801130314960629
21
-0.0806365354330709
0
LINE
8
BLACK
6
CONTINUOUS
10
2.4801130314960629
20
-0.0806365354330709
11
2.4819877952755904
21
-0.0787617322834646
0
LINE
8
BLACK
6
CONTINUOUS
10
2.4819877952755904
20
-0.0787617322834646
11
2.482435275590551
21
-0.0783944881889764
0
LINE
8
BLACK
6
CONTINUOUS
10
2.482435275590551
20
-0.0783944881889764
11
2.4824353149606297
21
-0.0783944488188976
0
LINE
8
BLACK
6
CONTINUOUS
10
2.4824353149606297
20
-0.0783944488188976
11
2.4831556299212596
21
-0.0780961023622047
0
LINE
8
BLACK
6
CONTINUOUS
10
2.4831556299212596
20
-0.0780961023622047
11
2.4834996850393702
21
-0.0779535826771654
0
LINE
8
BLACK
6
CONTINUOUS
10
2.4834996850393702
20
-0.0779535826771654
11
2.4846517716535432
21
-0.0779535826771654
0
LINE
8
BLACK
6
CONTINUOUS
10
2.4846517716535432
20
-0.0779535826771654
11
2.484651811023622
21
-0.0779535826771654
0
LINE
8
BLACK
6
CONTINUOUS
10
2.484651811023622
20
-0.0779535826771654
11
2.4849958661417322
21
-0.0780961023622047
0
LINE
8
BLACK
6
CONTINUOUS
10
2.6946255511811024
20
-0.0554564173228346
11
2.6947235433070866
21
-0.0554970078740157
0
LINE
8
BLACK
6
CONTINUOUS
10
2.6947235433070866
20
-0.0554970078740157
11
2.69482937007874
21
-0.0555045275590551
0
LINE
8
BLACK
6
CONTINUOUS
10
2.69482937007874
20
-0.0555045275590551
11
2.69537
21
-0.0557114173228346
0
LINE
8
BLACK
6
CONTINUOUS
10
2.69537
20
-0.0557114173228346
11
2.6991195275590552
21
-0.0575861811023622
0
LINE
8
BLACK
6
CONTINUOUS
10
2.6991195275590552
20
-0.0575861811023622
11
2.6992158661417323
21
-0.057646811023622
0
LINE
8
BLACK
6
CONTINUOUS
10
2.6992158661417323
20
-0.057646811023622
11
2.6992612992125982
21
-0.057661968503937
0
LINE
8
BLACK
6
CONTINUOUS
10
2.6992612992125982
20
-0.057661968503937
11
2.6993178346456692
21
-0.0577109842519685
0
LINE
8
BLACK
6
CONTINUOUS
10
2.6993178346456692
20
-0.0577109842519685
11
2.699609409448819
21
-0.0578945275590551
0
LINE
8
BLACK
6
CONTINUOUS
10
2.699609409448819
20
-0.0578945275590551
11
2.6996737795275592
21
-0.0579687401574803
0
LINE
8
BLACK
6
CONTINUOUS
10
2.6996737795275592
20
-0.0579687401574803
11
2.6997381496062993
21
-0.0578945275590551
0
LINE
8
BLACK
6
CONTINUOUS
10
2.6997381496062993
20
-0.0578945275590551
11
2.7000296850393699
21
-0.0577109842519685
0
LINE
8
BLACK
6
CONTINUOUS
10
2.7000296850393699
20
-0.0577109842519685
11
2.7000862598425197
21
-0.057661968503937
0
LINE
8
BLACK
6
CONTINUOUS
10
2.7000862598425197
20
-0.057661968503937
11
2.7001316535433069
21
-0.057646811023622
0
LINE
8
BLACK
6
CONTINUOUS
10
2.7001316535433069
20
-0.057646811023622
11
2.7002280314960627
21
-0.0575861811023622
0
LINE
8
BLACK
6
CONTINUOUS
10
2.7002280314960627
20
-0.0575861811023622
11
2.7039775590551178
21
-0.0557114173228346
0
LINE
8
BLACK
6
CONTINUOUS
10
2.7039775590551178
20
-0.0557114173228346
11
2.7045181496062991
21
-0.0555045275590551
0
LINE
8
BLACK
6
CONTINUOUS
10
2.7045181496062991
20
-0.0555045275590551
11
2.7046240157480312
21
-0.055496968503937
0
LINE
8
BLACK
6
CONTINUOUS
10
2.7046240157480312
20
-0.055496968503937
11
2.7047220078740155
21
-0.0554564173228346
0
LINE
8
BLACK
6
CONTINUOUS
10
2.7047220078740155
20
-0.0554564173228346
11
2.7052980708661418
21
-0.0553996850393701
0
LINE
8
BLACK
6
CONTINUOUS
10
2.7052980708661418
20
-0.0553996850393701
11
2.7109223622047245
21
-0.0553996850393701
0
LINE
8
BLACK
6
CONTINUOUS
10
2.7109223622047245
20
-0.0553996850393701
11
2.7114984251968504
21
-0.0554564173228346
0
LINE
8
BLACK
6
CONTINUOUS
10
2.7114984251968504
20
-0.0554564173228346
11
2.7115964173228346
21
-0.0554970078740157
0
LINE
8
BLACK
6
CONTINUOUS
10
2.7115964173228346
20
-0.0554970078740157
11
2.711702244094488
21
-0.0555045275590551
0
LINE
8
BLACK
6
CONTINUOUS
10
2.711702244094488
20
-0.0555045275590551
11
2.712242874015748
21
-0.0557114173228346
0
LINE
8
BLACK
6
CONTINUOUS
10
2.712242874015748
20
-0.0557114173228346
11
2.7159924409448819
21
-0.0575861811023622
0
LINE
8
BLACK
6
CONTINUOUS
10
2.7159924409448819
20
-0.0575861811023622
11
2.7160887401574803
21
-0.057646811023622
0
LINE
8
BLACK
6
CONTINUOUS
10
2.7160887401574803
20
-0.057646811023622
11
2.7161342125984254
21
-0.057661968503937
0
LINE
8
BLACK
6
CONTINUOUS
10
2.7161342125984254
20
-0.057661968503937
11
2.7161907874015747
21
-0.0577110236220472
0
LINE
8
BLACK
6
CONTINUOUS
10
2.7161907874015747
20
-0.0577110236220472
11
2.716482283464567
21
-0.0578945275590551
0
LINE
8
BLACK
6
CONTINUOUS
10
2.716482283464567
20
-0.0578945275590551
11
2.7167247637795273
21
-0.0581741338582677
0
LINE
8
BLACK
6
CONTINUOUS
10
2.7167247637795273
20
-0.0581741338582677
11
2.7170046062992124
21
-0.058416811023622
0
LINE
8
BLACK
6
CONTINUOUS
10
2.7170046062992124
20
-0.058416811023622
11
2.7171881102362203
21
-0.0587083464566929
0
LINE
8
BLACK
6
CONTINUOUS
10
2.7171881102362203
20
-0.0587083464566929
11
2.7172371653543306
21
-0.0587649212598425
0
LINE
8
BLACK
6
CONTINUOUS
10
2.7172371653543306
20
-0.0587649212598425
11
2.7172522834645667
21
-0.0588103149606299
0
LINE
8
BLACK
6
CONTINUOUS
10
2.7172522834645667
20
-0.0588103149606299
11
2.7173129527559055
21
-0.0589066929133858
0
LINE
8
BLACK
6
CONTINUOUS
10
2.7173129527559055
20
-0.0589066929133858
11
2.719187716535433
21
-0.0626562204724409
0
LINE
8
BLACK
6
CONTINUOUS
10
2.719187716535433
20
-0.0626562204724409
11
2.7193946062992125
21
-0.063196811023622
0
LINE
8
BLACK
6
CONTINUOUS
10
2.7193946062992125
20
-0.063196811023622
11
2.719402125984252
21
-0.0633026771653543
0
LINE
8
BLACK
6
CONTINUOUS
10
2.719402125984252
20
-0.0633026771653543
11
2.7194427165354331
21
-0.0634006692913386
0
LINE
8
BLACK
6
CONTINUOUS
10
2.7194427165354331
20
-0.0634006692913386
11
2.7194994488188975
21
-0.0639767322834646
0
LINE
8
BLACK
6
CONTINUOUS
10
2.7194994488188975
20
-0.0639767322834646
11
2.7194994488188975
21
-0.0845991732283465
0
LINE
8
BLACK
6
CONTINUOUS
10
2.7194994488188975
20
-0.0845991732283465
11
2.7194427165354331
21
-0.0851752362204724
0
LINE
8
BLACK
6
CONTINUOUS
10
2.7194427165354331
20
-0.0851752362204724
11
2.719001811023622
21
-0.0862396456692913
0
LINE
8
BLACK
6
CONTINUOUS
10
2.719001811023622
20
-0.0862396456692913
11
2.7181871653543306
21
-0.0870542913385827
0
LINE
8
BLACK
6
CONTINUOUS
10
2.7181871653543306
20
-0.0870542913385827
11
2.7171227559055118
21
-0.0874951968503937
0
LINE
8
BLACK
6
CONTINUOUS
10
2.7171227559055118
20
-0.0874951968503937
11
2.7159706299212596
21
-0.0874951968503937
0
LINE
8
BLACK
6
CONTINUOUS
10
2.7159706299212596
20
-0.0874951968503937
11
2.7149062204724408
21
-0.0870542913385827
0
LINE
8
BLACK
6
CONTINUOUS
10
2.7149062204724408
20
-0.0870542913385827
11
2.7140915748031493
21
-0.0862396456692913
0
LINE
8
BLACK
6
CONTINUOUS
10
2.7140915748031493
20
-0.0862396456692913
11
2.7136506692913387
21
-0.0851752362204724
0
LINE
8
BLACK
6
CONTINUOUS
10
2.7136506692913387
20
-0.0851752362204724
11
2.7135939370078739
21
-0.0845991732283465
0
LINE
8
BLACK
6
CONTINUOUS
10
2.7135939370078739
20
-0.0845991732283465
11
2.7135939370078739
21
-0.0646737795275591
0
LINE
8
BLACK
6
CONTINUOUS
10
2.7135939370078739
20
-0.0646737795275591
11
2.712471062992126
21
-0.062428031496063
0
LINE
8
BLACK
6
CONTINUOUS
10
2.712471062992126
20
-0.062428031496063
11
2.7102253149606299
21
-0.0613051968503937
0
LINE
8
BLACK
6
CONTINUOUS
10
2.7102253149606299
20
-0.0613051968503937
11
2.705995118110236
21
-0.0613051968503937
0
LINE
8
BLACK
6
CONTINUOUS
10
2.705995118110236
20
-0.0613051968503937
11
2.7037493700787403
21
-0.062428031496063
0
LINE
8
BLACK
6
CONTINUOUS
10
2.7037493700787403
20
-0.062428031496063
11
2.7026265354330707
21
-0.0646737795275591
0
LINE
8
BLACK
6
CONTINUOUS
10
2.7026265354330707
20
-0.0646737795275591
11
2.7026265354330707
21
-0.0845991732283465
0
LINE
8
BLACK
6
CONTINUOUS
10
2.7026265354330707
20
-0.0845991732283465
11
2.7025698031496064
21
-0.0851752362204724
0
LINE
8
BLACK
6
CONTINUOUS
10
2.7025698031496064
20
-0.0851752362204724
11
2.7021288976377953
21
-0.0862396456692913
0
LINE
8
BLACK
6
CONTINUOUS
10
2.7021288976377953
20
-0.0862396456692913
11
2.7013142519685038
21
-0.0870542913385827
0
LINE
8
BLACK
6
CONTINUOUS
10
2.7013142519685038
20
-0.0870542913385827
11
2.700249842519685
21
-0.0874951968503937
0
LINE
8
BLACK
6
CONTINUOUS
10
2.700249842519685
20
-0.0874951968503937
11
2.6990977165354328
21
-0.0874951968503937
0
LINE
8
BLACK
6
CONTINUOUS
10
2.6990977165354328
20
-0.0874951968503937
11
2.698033307086614
21
-0.0870542913385827
0
LINE
8
BLACK
6
CONTINUOUS
10
2.698033307086614
20
-0.0870542913385827
11
2.6972186614173226
21
-0.0862396456692913
0
LINE
8
BLACK
6
CONTINUOUS
10
2.6972186614173226
20
-0.0862396456692913
11
2.6967777559055119
21
-0.0851752362204724
0
LINE
8
BLACK
6
CONTINUOUS
10
2.6967777559055119
20
-0.0851752362204724
11
2.6967210236220471
21
-0.0845991732283465
0
LINE
8
BLACK
6
CONTINUOUS
10
2.6967210236220471
20
-0.0845991732283465
11
2.6967210236220471
21
-0.0646737795275591
0
LINE
8
BLACK
6
CONTINUOUS
10
2.6967210236220471
20
-0.0646737795275591
11
2.6955981496062993
21
-0.062428031496063
0
LINE
8
BLACK
6
CONTINUOUS
10
2.6955981496062993
20
-0.062428031496063
11
2.6933524409448819
21
-0.0613051968503937
0
LINE
8
BLACK
6
CONTINUOUS
10
2.6933524409448819
20
-0.0613051968503937
11
2.689122244094488
21
-0.0613051968503937
0
LINE
8
BLACK
6
CONTINUOUS
10
2.689122244094488
20
-0.0613051968503937
11
2.6864247637795273
21
-0.062653937007874
0
LINE
8
BLACK
6
CONTINUOUS
10
2.6864247637795273
20
-0.062653937007874
11
2.6857536614173227
21
-0.0633250393700787
0
LINE
8
BLACK
6
CONTINUOUS
10
2.6857536614173227
20
-0.0633250393700787
11
2.6857536614173227
21
-0.0845991732283465
0
LINE
8
BLACK
6
CONTINUOUS
10
2.6857536614173227
20
-0.0845991732283465
11
2.6856969291338584
21
-0.0851752362204724
0
LINE
8
BLACK
6
CONTINUOUS
10
2.6856969291338584
20
-0.0851752362204724
11
2.6852560236220473
21
-0.0862396456692913
0
LINE
8
BLACK
6
CONTINUOUS
10
2.6852560236220473
20
-0.0862396456692913
11
2.6844413779527558
21
-0.0870542913385827
0
LINE
8
BLACK
6
CONTINUOUS
10
2.6844413779527558
20
-0.0870542913385827
11
2.683376968503937
21
-0.0874951968503937
0
LINE
8
BLACK
6
CONTINUOUS
10
2.683376968503937
20
-0.0874951968503937
11
2.6822248425196848
21
-0.0874951968503937
0
LINE
8
BLACK
6
CONTINUOUS
10
2.6822248425196848
20
-0.0874951968503937
11
2.681160433070866
21
-0.0870542913385827
0
LINE
8
BLACK
6
CONTINUOUS
10
2.681160433070866
20
-0.0870542913385827
11
2.6803457874015746
21
-0.0862396456692913
0
LINE
8
BLACK
6
CONTINUOUS
10
2.6803457874015746
20
-0.0862396456692913
11
2.6799048818897635
21
-0.0851752362204724
0
LINE
8
BLACK
6
CONTINUOUS
10
2.6799048818897635
20
-0.0851752362204724
11
2.6798481496062991
21
-0.0845991732283465
0
LINE
8
BLACK
6
CONTINUOUS
10
2.6798481496062991
20
-0.0845991732283465
11
2.6798481496062991
21
-0.0583524409448819
0
LINE
8
BLACK
6
CONTINUOUS
10
2.6798481496062991
20
-0.0583524409448819
11
2.6799048818897635
21
-0.0577763779527559
0
LINE
8
BLACK
6
CONTINUOUS
10
2.6799048818897635
20
-0.0577763779527559
11
2.6803457874015746
21
-0.056711968503937
0
LINE
8
BLACK
6
CONTINUOUS
10
2.6803457874015746
20
-0.056711968503937
11
2.681160433070866
21
-0.0558973228346457
0
LINE
8
BLACK
6
CONTINUOUS
10
2.681160433070866
20
-0.0558973228346457
11
2.6822248425196848
21
-0.0554564173228346
0
LINE
8
BLACK
6
CONTINUOUS
10
2.6822248425196848
20
-0.0554564173228346
11
2.683376968503937
21
-0.0554564173228346
0
LINE
8
BLACK
6
CONTINUOUS
10
2.683376968503937
20
-0.0554564173228346
11
2.6844413779527558
21
-0.0558973228346457
0
LINE
8
BLACK
6
CONTINUOUS
10
2.6844413779527558
20
-0.0558973228346457
11
2.6852051968503936
21
-0.0566611417322835
0
LINE
8
BLACK
6
CONTINUOUS
10
2.6852051968503936
20
-0.0566611417322835
11
2.6871046850393698
21
-0.0557114173228346
0
LINE
8
BLACK
6
CONTINUOUS
10
2.6871046850393698
20
-0.0557114173228346
11
2.6876452755905511
21
-0.0555045275590551
0
LINE
8
BLACK
6
CONTINUOUS
10
2.6876452755905511
20
-0.0555045275590551
11
2.6877511417322832
21
-0.055496968503937
0
LINE
8
BLACK
6
CONTINUOUS
10
2.6877511417322832
20
-0.055496968503937
11
2.6878491338582675
21
-0.0554564173228346
0
LINE
8
BLACK
6
CONTINUOUS
10
2.6878491338582675
20
-0.0554564173228346
11
2.6884251968503938
21
-0.0553996850393701
0
LINE
8
BLACK
6
CONTINUOUS
10
2.6884251968503938
20
-0.0553996850393701
11
2.6940494881889765
21
-0.0553996850393701
0
LINE
8
BLACK
6
CONTINUOUS
10
2.6940494881889765
20
-0.0553996850393701
11
2.6946255511811024
21
-0.0554564173228346
0
LINE
8
BLACK
6
CONTINUOUS
10
2.7471189763779527
20
-0.0554564173228346
11
2.7472169685039369
21
-0.0554970078740157
0
LINE
8
BLACK
6
CONTINUOUS
10
2.7472169685039369
20
-0.0554970078740157
11
2.7473227952755903
21
-0.0555045275590551
0
LINE
8
BLACK
6
CONTINUOUS
10
2.7473227952755903
20
-0.0555045275590551
11
2.7478634251968503
21
-0.0557114173228346
0
LINE
8
BLACK
6
CONTINUOUS
10
2.7478634251968503
20
-0.0557114173228346
11
2.7516129527559055
21
-0.0575861811023622
0
LINE
8
BLACK
6
CONTINUOUS
10
2.7516129527559055
20
-0.0575861811023622
11
2.7517092913385826
21
-0.057646811023622
0
LINE
8
BLACK
6
CONTINUOUS
10
2.7517092913385826
20
-0.057646811023622
11
2.7517547244094489
21
-0.057661968503937
0
LINE
8
BLACK
6
CONTINUOUS
10
2.7517547244094489
20
-0.057661968503937
11
2.7518112598425195
21
-0.0577109842519685
0
LINE
8
BLACK
6
CONTINUOUS
10
2.7518112598425195
20
-0.0577109842519685
11
2.7521028346456693
21
-0.0578945275590551
0
LINE
8
BLACK
6
CONTINUOUS
10
2.7521028346456693
20
-0.0578945275590551
11
2.7521672047244095
21
-0.0579687401574803
0
LINE
8
BLACK
6
CONTINUOUS
10
2.7521672047244095
20
-0.0579687401574803
11
2.7522315748031496
21
-0.0578945275590551
0
LINE
8
BLACK
6
CONTINUOUS
10
2.7522315748031496
20
-0.0578945275590551
11
2.7525231102362202
21
-0.0577109842519685
0
LINE
8
BLACK
6
CONTINUOUS
10
2.7525231102362202
20
-0.0577109842519685
11
2.75257968503937
21
-0.057661968503937
0
LINE
8
BLACK
6
CONTINUOUS
10
2.75257968503937
20
-0.057661968503937
11
2.7526250787401576
21
-0.057646811023622
0
LINE
8
BLACK
6
CONTINUOUS
10
2.7526250787401576
20
-0.057646811023622
11
2.7527214566929135
21
-0.0575861811023622
0
LINE
8
BLACK
6
CONTINUOUS
10
2.7527214566929135
20
-0.0575861811023622
11
2.7564709842519686
21
-0.0557114173228346
0
LINE
8
BLACK
6
CONTINUOUS
10
2.7564709842519686
20
-0.0557114173228346
11
2.7570115748031494
21
-0.0555045275590551
0
LINE
8
BLACK
6
CONTINUOUS
10
2.7570115748031494
20
-0.0555045275590551
11
2.757117440944882
21
-0.055496968503937
0
LINE
8
BLACK
6
CONTINUOUS
10
2.757117440944882
20
-0.055496968503937
11
2.7572154330708663
21
-0.0554564173228346
0
LINE
8
BLACK
6
CONTINUOUS
10
2.7572154330708663
20
-0.0554564173228346
11
2.7577914960629921
21
-0.0553996850393701
0
LINE
8
BLACK
6
CONTINUOUS
10
2.7577914960629921
20
-0.0553996850393701
11
2.7634157874015748
21
-0.0553996850393701
0
LINE
8
BLACK
6
CONTINUOUS
10
2.7634157874015748
20
-0.0553996850393701
11
2.7639918503937007
21
-0.0554564173228346
0
LINE
8
BLACK
6
CONTINUOUS
10
2.7639918503937007
20
-0.0554564173228346
11
2.7640898425196849
21
-0.0554970078740157
0
LINE
8
BLACK
6
CONTINUOUS
10
2.7640898425196849
20
-0.0554970078740157
11
2.7641956692913383
21
-0.0555045275590551
0
LINE
8
BLACK
6
CONTINUOUS
10
2.7641956692913383
20
-0.0555045275590551
11
2.7647362992125983
21
-0.0557114173228346
0
LINE
8
BLACK
6
CONTINUOUS
10
2.7647362992125983
20
-0.0557114173228346
11
2.7684858661417322
21
-0.0575861811023622
0
LINE
8
BLACK
6
CONTINUOUS
10
2.7684858661417322
20
-0.0575861811023622
11
2.7685821653543305
21
-0.057646811023622
0
LINE
8
BLACK
6
CONTINUOUS
10
2.7685821653543305
20
-0.057646811023622
11
2.7686276377952757
21
-0.057661968503937
0
LINE
8
BLACK
6
CONTINUOUS
10
2.7686276377952757
20
-0.057661968503937
11
2.768684212598425
21
-0.0577110236220472
0
LINE
8
BLACK
6
CONTINUOUS
10
2.768684212598425
20
-0.0577110236220472
11
2.7689757086614173
21
-0.0578945275590551
0
LINE
8
BLACK
6
CONTINUOUS
10
2.7689757086614173
20
-0.0578945275590551
11
2.7692181889763781
21
-0.0581741338582677
0
LINE
8
BLACK
6
CONTINUOUS
10
2.7692181889763781
20
-0.0581741338582677
11
2.7694980314960631
21
-0.058416811023622
0
LINE
8
BLACK
6
CONTINUOUS
10
2.7694980314960631
20
-0.058416811023622
11
2.7696815354330706
21
-0.0587083464566929
0
LINE
8
BLACK
6
CONTINUOUS
10
2.7696815354330706
20
-0.0587083464566929
11
2.7697305905511809
21
-0.0587649212598425
0
LINE
8
BLACK
6
CONTINUOUS
10
2.7697305905511809
20
-0.0587649212598425
11
2.7697457086614174
21
-0.0588103149606299
0
LINE
8
BLACK
6
CONTINUOUS
10
2.7697457086614174
20
-0.0588103149606299
11
2.7698063779527557
21
-0.0589066929133858
0
LINE
8
BLACK
6
CONTINUOUS
10
2.7698063779527557
20
-0.0589066929133858
11
2.7716811417322833
21
-0.0626562204724409
0
LINE
8
BLACK
6
CONTINUOUS
10
2.7716811417322833
20
-0.0626562204724409
11
2.7718880314960628
21
-0.063196811023622
0
LINE
8
BLACK
6
CONTINUOUS
10
2.7718880314960628
20
-0.063196811023622
11
2.7718955511811023
21
-0.0633026771653543
0
LINE
8
BLACK
6
CONTINUOUS
10
2.7718955511811023
20
-0.0633026771653543
11
2.7719361417322834
21
-0.0634006692913386
0
LINE
8
BLACK
6
CONTINUOUS
10
2.7719361417322834
20
-0.0634006692913386
11
2.7719928740157478
21
-0.0639767322834646
0
LINE
8
BLACK
6
CONTINUOUS
10
2.7719928740157478
20
-0.0639767322834646
11
2.7719928740157478
21
-0.0845991732283465
0
LINE
8
BLACK
6
CONTINUOUS
10
2.7719928740157478
20
-0.0845991732283465
11
2.7719361417322834
21
-0.0851752362204724
0
LINE
8
BLACK
6
CONTINUOUS
10
2.7719361417322834
20
-0.0851752362204724
11
2.7714952362204723
21
-0.0862396456692913
0
LINE
8
BLACK
6
CONTINUOUS
10
2.7714952362204723
20
-0.0862396456692913
11
2.7706805905511809
21
-0.0870542913385827
0
LINE
8
BLACK
6
CONTINUOUS
10
2.7706805905511809
20
-0.0870542913385827
11
2.7696161811023621
21
-0.0874951968503937
0
LINE
8
BLACK
6
CONTINUOUS
10
2.7696161811023621
20
-0.0874951968503937
11
2.7684640551181103
21
-0.0874951968503937
0
LINE
8
BLACK
6
CONTINUOUS
10
2.7684640551181103
20
-0.0874951968503937
11
2.7673996456692911
21
-0.0870542913385827
0
LINE
8
BLACK
6
CONTINUOUS
10
2.7673996456692911
20
-0.0870542913385827
11
2.7665850000000001
21
-0.0862396456692913
0
LINE
8
BLACK
6
CONTINUOUS
10
2.7665850000000001
20
-0.0862396456692913
11
2.766144094488189
21
-0.0851752362204724
0
LINE
8
BLACK
6
CONTINUOUS
10
2.766144094488189
20
-0.0851752362204724
11
2.7660873622047242
21
-0.0845991732283465
0
LINE
8
BLACK
6
CONTINUOUS
10
2.7660873622047242
20
-0.0845991732283465
11
2.7660873622047242
21
-0.0646737795275591
0
LINE
8
BLACK
6
CONTINUOUS
10
2.7660873622047242
20
-0.0646737795275591
11
2.7649644881889763
21
-0.062428031496063
0
LINE
8
BLACK
6
CONTINUOUS
10
2.7649644881889763
20
-0.062428031496063
11
2.7627187401574802
21
-0.0613051968503937
0
LINE
8
BLACK
6
CONTINUOUS
10
2.7627187401574802
20
-0.0613051968503937
11
2.7584885433070867
21
-0.0613051968503937
0
LINE
8
BLACK
6
CONTINUOUS
10
2.7584885433070867
20
-0.0613051968503937
11
2.7562427952755906
21
-0.062428031496063
0
LINE
8
BLACK
6
CONTINUOUS
10
2.7562427952755906
20
-0.062428031496063
11
2.755119960629921
21
-0.0646737795275591
0
LINE
8
BLACK
6
CONTINUOUS
10
2.755119960629921
20
-0.0646737795275591
11
2.755119960629921
21
-0.0845991732283465
0
LINE
8
BLACK
6
CONTINUOUS
10
2.755119960629921
20
-0.0845991732283465
11
2.7550632283464567
21
-0.0851752362204724
0
LINE
8
BLACK
6
CONTINUOUS
10
2.7550632283464567
20
-0.0851752362204724
11
2.7546223228346456
21
-0.0862396456692913
0
LINE
8
BLACK
6
CONTINUOUS
10
2.7546223228346456
20
-0.0862396456692913
11
2.7538076771653541
21
-0.0870542913385827
0
LINE
8
BLACK
6
CONTINUOUS
10
2.7538076771653541
20
-0.0870542913385827
11
2.7527432677165353
21
-0.0874951968503937
0
LINE
8
BLACK
6
CONTINUOUS
10
2.7527432677165353
20
-0.0874951968503937
11
2.7515911417322836
21
-0.0874951968503937
0
LINE
8
BLACK
6
CONTINUOUS
10
2.7515911417322836
20
-0.0874951968503937
11
2.7505267322834643
21
-0.0870542913385827
0
LINE
8
BLACK
6
CONTINUOUS
10
2.7505267322834643
20
-0.0870542913385827
11
2.7497120866141733
21
-0.0862396456692913
0
LINE
8
BLACK
6
CONTINUOUS
10
2.7497120866141733
20
-0.0862396456692913
11
2.7492711811023622
21
-0.0851752362204724
0
LINE
8
BLACK
6
CONTINUOUS
10
2.7492711811023622
20
-0.0851752362204724
11
2.7492144488188974
21
-0.0845991732283465
0
LINE
8
BLACK
6
CONTINUOUS
10
2.7492144488188974
20
-0.0845991732283465
11
2.7492144488188974
21
-0.0646737795275591
0
LINE
8
BLACK
6
CONTINUOUS
10
2.7492144488188974
20
-0.0646737795275591
11
2.7480915748031496
21
-0.062428031496063
0
LINE
8
BLACK
6
CONTINUOUS
10
2.7480915748031496
20
-0.062428031496063
11
2.7458458661417322
21
-0.0613051968503937
0
LINE
8
BLACK
6
CONTINUOUS
10
2.7458458661417322
20
-0.0613051968503937
11
2.7416156692913387
21
-0.0613051968503937
0
LINE
8
BLACK
6
CONTINUOUS
10
2.7416156692913387
20
-0.0613051968503937
11
2.7389181889763781
21
-0.062653937007874
0
LINE
8
BLACK
6
CONTINUOUS
10
2.7389181889763781
20
-0.062653937007874
11
2.738247086614173
21
-0.0633250393700787
0
LINE
8
BLACK
6
CONTINUOUS
10
2.738247086614173
20
-0.0633250393700787
11
2.738247086614173
21
-0.0845991732283465
0
LINE
8
BLACK
6
CONTINUOUS
10
2.738247086614173
20
-0.0845991732283465
11
2.7381903543307087
21
-0.0851752362204724
0
LINE
8
BLACK
6
CONTINUOUS
10
2.7381903543307087
20
-0.0851752362204724
11
2.7377494488188976
21
-0.0862396456692913
0
LINE
8
BLACK
6
CONTINUOUS
10
2.7377494488188976
20
-0.0862396456692913
11
2.7369348031496061
21
-0.0870542913385827
0
LINE
8
BLACK
6
CONTINUOUS
10
2.7369348031496061
20
-0.0870542913385827
11
2.7358703937007873
21
-0.0874951968503937
0
LINE
8
BLACK
6
CONTINUOUS
10
2.7358703937007873
20
-0.0874951968503937
11
2.7347182677165356
21
-0.0874951968503937
0
LINE
8
BLACK
6
CONTINUOUS
10
2.7347182677165356
20
-0.0874951968503937
11
2.7336538582677163
21
-0.0870542913385827
0
LINE
8
BLACK
6
CONTINUOUS
10
2.7336538582677163
20
-0.0870542913385827
11
2.7328392125984253
21
-0.0862396456692913
0
LINE
8
BLACK
6
CONTINUOUS
10
2.7328392125984253
20
-0.0862396456692913
11
2.7323983070866142
21
-0.0851752362204724
0
LINE
8
BLACK
6
CONTINUOUS
10
2.7323983070866142
20
-0.0851752362204724
11
2.7323415748031494
21
-0.0845991732283465
0
LINE
8
BLACK
6
CONTINUOUS
10
2.7323415748031494
20
-0.0845991732283465
11
2.7323415748031494
21
-0.0583524409448819
0
LINE
8
BLACK
6
CONTINUOUS
10
2.7323415748031494
20
-0.0583524409448819
11
2.7323983070866142
21
-0.0577763779527559
0
LINE
8
BLACK
6
CONTINUOUS
10
2.7323983070866142
20
-0.0577763779527559
11
2.7328392125984253
21
-0.056711968503937
0
LINE
8
BLACK
6
CONTINUOUS
10
2.7328392125984253
20
-0.056711968503937
11
2.7336538582677163
21
-0.0558973228346457
0
LINE
8
BLACK
6
CONTINUOUS
10
2.7336538582677163
20
-0.0558973228346457
11
2.7347182677165356
21
-0.0554564173228346
0
LINE
8
BLACK
6
CONTINUOUS
10
2.7347182677165356
20
-0.0554564173228346
11
2.7358703937007873
21
-0.0554564173228346
0
LINE
8
BLACK
6
CONTINUOUS
10
2.7358703937007873
20
-0.0554564173228346
11
2.7369348031496061
21
-0.0558973228346457
0
LINE
8
BLACK
6
CONTINUOUS
10
2.7369348031496061
20
-0.0558973228346457
11
2.7376986220472439
21
-0.0566611417322835
0
LINE
8
BLACK
6
CONTINUOUS
10
2.7376986220472439
20
-0.0566611417322835
11
2.7395981102362206
21
-0.0557114173228346
0
LINE
8
BLACK
6
CONTINUOUS
10
2.7395981102362206
20
-0.0557114173228346
11
2.7401387007874014
21
-0.0555045275590551
0
LINE
8
BLACK
6
CONTINUOUS
10
2.7401387007874014
20
-0.0555045275590551
11
2.740244566929134
21
-0.055496968503937
0
LINE
8
BLACK
6
CONTINUOUS
10
2.740244566929134
20
-0.055496968503937
11
2.7403425590551183
21
-0.0554564173228346
0
LINE
8
BLACK
6
CONTINUOUS
10
2.7403425590551183
20
-0.0554564173228346
11
2.7409186220472441
21
-0.0553996850393701
0
LINE
8
BLACK
6
CONTINUOUS
10
2.7409186220472441
20
-0.0553996850393701
11
2.7465429133858268
21
-0.0553996850393701
0
LINE
8
BLACK
6
CONTINUOUS
10
2.7465429133858268
20
-0.0553996850393701
11
2.7471189763779527
21
-0.0554564173228346
0
LINE
8
BLACK
6
CONTINUOUS
10
5.8262618897637797
20
3.383132244094488
11
5.827326299212598
21
3.3826913385826769
0
LINE
8
BLACK
6
CONTINUOUS
10
5.827326299212598
20
3.3826913385826769
11
5.8281409448818895
21
3.3818766929133859
0
LINE
8
BLACK
6
CONTINUOUS
10
5.8281409448818895
20
3.3818766929133859
11
5.828581850393701
21
3.3808122834645666
0
LINE
8
BLACK
6
CONTINUOUS
10
5.828581850393701
20
3.3808122834645666
11
5.828581850393701
21
3.3796601574803149
0
LINE
8
BLACK
6
CONTINUOUS
10
5.828581850393701
20
3.3796601574803149
11
5.8281409448818895
21
3.3785957480314961
0
LINE
8
BLACK
6
CONTINUOUS
10
5.8281409448818895
20
3.3785957480314961
11
5.827326299212598
21
3.3777811023622046
0
LINE
8
BLACK
6
CONTINUOUS
10
5.827326299212598
20
3.3777811023622046
11
5.8262618897637797
21
3.3773401968503935
0
LINE
8
BLACK
6
CONTINUOUS
10
5.8262618897637797
20
3.3773401968503935
11
5.8256858267716538
21
3.3772834645669292
0
LINE
8
BLACK
6
CONTINUOUS
10
5.8256858267716538
20
3.3772834645669292
11
5.8074644094488184
21
3.3772834645669292
0
LINE
8
BLACK
6
CONTINUOUS
10
5.8074644094488184
20
3.3772834645669292
11
5.8283050000000003
21
3.3372490944881887
0
LINE
8
BLACK
6
CONTINUOUS
10
5.8283050000000003
20
3.3372490944881887
11
5.8285206692913381
21
3.3367119291338581
0
LINE
8
BLACK
6
CONTINUOUS
10
5.8285206692913381
20
3.3367119291338581
11
5.8286210629921262
21
3.3355642125984253
0
LINE
8
BLACK
6
CONTINUOUS
10
5.8286210629921262
20
3.3355642125984253
11
5.8282746062992121
21
3.3344654330708661
0
LINE
8
BLACK
6
CONTINUOUS
10
5.8282746062992121
20
3.3344654330708661
11
5.8275340551181101
21
3.333582874015748
0
LINE
8
BLACK
6
CONTINUOUS
10
5.8275340551181101
20
3.333582874015748
11
5.8265121259842516
21
3.3330508661417322
0
LINE
8
BLACK
6
CONTINUOUS
10
5.8265121259842516
20
3.3330508661417322
11
5.8253644094488184
21
3.3329504724409449
0
LINE
8
BLACK
6
CONTINUOUS
10
5.8253644094488184
20
3.3329504724409449
11
5.8242656299212596
21
3.3332969291338581
0
LINE
8
BLACK
6
CONTINUOUS
10
5.8242656299212596
20
3.3332969291338581
11
5.823383070866142
21
3.3340374803149606
0
LINE
8
BLACK
6
CONTINUOUS
10
5.823383070866142
20
3.3340374803149606
11
5.8230667322834648
21
3.3345222440944879
0
LINE
8
BLACK
6
CONTINUOUS
10
5.8230667322834648
20
3.3345222440944879
11
5.8055511811023619
21
3.3681693307086613
0
LINE
8
BLACK
6
CONTINUOUS
10
5.8055511811023619
20
3.3681693307086613
11
5.8055511811023619
21
0.0123031496062992
0
LINE
8
BLACK
6
CONTINUOUS
10
5.8055511811023619
20
0.0123031496062992
11
5.8230667322834648
21
0.0459501968503937
0
LINE
8
BLACK
6
CONTINUOUS
10
5.8230667322834648
20
0.0459501968503937
11
5.823383070866142
21
0.0464349606299213
0
LINE
8
BLACK
6
CONTINUOUS
10
5.823383070866142
20
0.0464349606299213
11
5.8242656299212596
21
0.0471755118110236
0
LINE
8
BLACK
6
CONTINUOUS
10
5.8242656299212596
20
0.0471755118110236
11
5.8253644094488184
21
0.047521968503937
0
LINE
8
BLACK
6
CONTINUOUS
10
5.8253644094488184
20
0.047521968503937
11
5.8265121259842516
21
0.0474215748031496
0
LINE
8
BLACK
6
CONTINUOUS
10
5.8265121259842516
20
0.0474215748031496
11
5.8275340551181101
21
0.0468895669291339
0
LINE
8
BLACK
6
CONTINUOUS
10
5.8275340551181101
20
0.0468895669291339
11
5.8282746062992121
21
0.0460070078740157
0
LINE
8
BLACK
6
CONTINUOUS
10
5.8282746062992121
20
0.0460070078740157
11
5.8286210629921262
21
0.0449082283464567
0
LINE
8
BLACK
6
CONTINUOUS
10
5.8286210629921262
20
0.0449082283464567
11
5.8285206692913381
21
0.0437605118110236
0
LINE
8
BLACK
6
CONTINUOUS
10
5.8285206692913381
20
0.0437605118110236
11
5.8283050000000003
21
0.0432233464566929
0
LINE
8
BLACK
6
CONTINUOUS
10
5.8283050000000003
20
0.0432233464566929
11
5.8074644094488184
21
0.0031889763779528
0
LINE
8
BLACK
6
CONTINUOUS
10
5.8074644094488184
20
0.0031889763779528
11
5.8256858267716538
21
0.0031889763779528
0
LINE
8
BLACK
6
CONTINUOUS
10
5.8256858267716538
20
0.0031889763779528
11
5.8262618897637797
21
0.0031322440944882
0
LINE
8
BLACK
6
CONTINUOUS
10
5.8262618897637797
20
0.0031322440944882
11
5.827326299212598
21
0.0026913385826772
0
LINE
8
BLACK
6
CONTINUOUS
10
5.827326299212598
20
0.0026913385826772
11
5.8281409448818895
21
0.0018766929133858
0
LINE
8
BLACK
6
CONTINUOUS
10
5.8281409448818895
20
0.0018766929133858
11
5.828581850393701
21
0.0008122834645669
0
LINE
8
BLACK
6
CONTINUOUS
10
5.828581850393701
20
0.0008122834645669
11
5.828581850393701
21
-0.000339842519685
0
LINE
8
BLACK
6
CONTINUOUS
10
5.828581850393701
20
-0.000339842519685
11
5.8281409448818895
21
-0.0014042519685039
0
LINE
8
BLACK
6
CONTINUOUS
10
5.8281409448818895
20
-0.0014042519685039
11
5.827326299212598
21
-0.0022188976377953
0
LINE
8
BLACK
6
CONTINUOUS
10
5.827326299212598
20
-0.0022188976377953
11
5.8262618897637797
21
-0.0026598031496063
0
LINE
8
BLACK
6
CONTINUOUS
10
5.8262618897637797
20
-0.0026598031496063
11
5.8256858267716538
21
-0.0027165354330709
0
LINE
8
BLACK
6
CONTINUOUS
10
5.8256858267716538
20
-0.0027165354330709
11
5.6933858267716531
21
-0.0027165354330709
0
LINE
8
BLACK
6
CONTINUOUS
10
5.6933858267716531
20
-0.0027165354330709
11
5.6928097637795272
21
-0.0026598031496063
0
LINE
8
BLACK
6
CONTINUOUS
10
5.6928097637795272
20
-0.0026598031496063
11
5.6917453543307088
21
-0.0022188976377953
0
LINE
8
BLACK
6
CONTINUOUS
10
5.6917453543307088
20
-0.0022188976377953
11
5.6909307086614174
21
-0.0014042519685039
0
LINE
8
BLACK
6
CONTINUOUS
10
5.6909307086614174
20
-0.0014042519685039
11
5.6904898031496058
21
-0.000339842519685
0
LINE
8
BLACK
6
CONTINUOUS
10
5.6904898031496058
20
-0.000339842519685
11
5.6904898031496058
21
0.0008122834645669
0
LINE
8
BLACK
6
CONTINUOUS
10
5.6904898031496058
20
0.0008122834645669
11
5.6909307086614174
21
0.0018766929133858
0
LINE
8
BLACK
6
CONTINUOUS
10
5.6909307086614174
20
0.0018766929133858
11
5.6917453543307088
21
0.0026913385826772
0
LINE
8
BLACK
6
CONTINUOUS
10
5.6917453543307088
20
0.0026913385826772
11
5.6928097637795272
21
0.0031322440944882
0
LINE
8
BLACK
6
CONTINUOUS
10
5.6928097637795272
20
0.0031322440944882
11
5.6933858267716531
21
0.0031889763779528
0
LINE
8
BLACK
6
CONTINUOUS
10
5.6933858267716531
20
0.0031889763779528
11
5.7977324409448814
21
0.0031889763779528
0
LINE
8
BLACK
6
CONTINUOUS
10
5.7977324409448814
20
0.0031889763779528
11
5.7768918503937003
21
0.0432233464566929
0
LINE
8
BLACK
6
CONTINUOUS
10
5.7768918503937003
20
0.0432233464566929
11
5.7766761811023617
21
0.0437605118110236
0
LINE
8
BLACK
6
CONTINUOUS
10
5.7766761811023617
20
0.0437605118110236
11
5.7765757874015744
21
0.0449082283464567
0
LINE
8
BLACK
6
CONTINUOUS
10
5.7765757874015744
20
0.0449082283464567
11
5.7769222047244098
21
0.0460070078740157
0
LINE
8
BLACK
6
CONTINUOUS
10
5.7769222047244098
20
0.0460070078740157
11
5.7776627559055118
21
0.0468895669291339
0
LINE
8
BLACK
6
CONTINUOUS
10
5.7776627559055118
20
0.0468895669291339
11
5.778684724409449
21
0.0474215748031496
0
LINE
8
BLACK
6
CONTINUOUS
10
5.778684724409449
20
0.0474215748031496
11
5.7798324409448814
21
0.047521968503937
0
LINE
8
BLACK
6
CONTINUOUS
10
5.7798324409448814
20
0.047521968503937
11
5.780931220472441
21
0.0471755511811024
0
LINE
8
BLACK
6
CONTINUOUS
10
5.780931220472441
20
0.0471755511811024
11
5.7818137795275586
21
0.046435
0
LINE
8
BLACK
6
CONTINUOUS
10
5.7818137795275586
20
0.046435
11
5.7821301181102358
21
0.0459501968503937
0
LINE
8
BLACK
6
CONTINUOUS
10
5.7821301181102358
20
0.0459501968503937
11
5.7996456692913387
21
0.0123031496062992
0
LINE
8
BLACK
6
CONTINUOUS
10
5.7996456692913387
20
0.0123031496062992
11
5.7996456692913387
21
3.3681693307086613
0
LINE
8
BLACK
6
CONTINUOUS
10
5.7996456692913387
20
3.3681693307086613
11
5.7821301181102358
21
3.3345222440944879
0
LINE
8
BLACK
6
CONTINUOUS
10
5.7821301181102358
20
3.3345222440944879
11
5.7818137795275586
21
3.3340374409448819
0
LINE
8
BLACK
6
CONTINUOUS
10
5.7818137795275586
20
3.3340374409448819
11
5.780931220472441
21
3.3332968897637794
0
LINE
8
BLACK
6
CONTINUOUS
10
5.780931220472441
20
3.3332968897637794
11
5.7798324409448814
21
3.3329504724409449
0
LINE
8
BLACK
6
CONTINUOUS
10
5.7798324409448814
20
3.3329504724409449
11
5.778684724409449
21
3.3330508661417322
0
LINE
8
BLACK
6
CONTINUOUS
10
5.778684724409449
20
3.3330508661417322
11
5.7776627559055118
21
3.333582874015748
0
LINE
8
BLACK
6
CONTINUOUS
10
5.7776627559055118
20
3.333582874015748
11
5.7769222047244098
21
3.3344654330708661
0
LINE
8
BLACK
6
CONTINUOUS
10
5.7769222047244098
20
3.3344654330708661
11
5.7765757874015744
21
3.3355642125984253
0
LINE
8
BLACK
6
CONTINUOUS
10
5.7765757874015744
20
3.3355642125984253
11
5.7766761811023617
21
3.3367119291338581
0
LINE
8
BLACK
6
CONTINUOUS
10
5.7766761811023617
20
3.3367119291338581
11
5.7768918503937003
21
3.3372490944881887
0
LINE
8
BLACK
6
CONTINUOUS
10
5.7768918503937003
20
3.3372490944881887
11
5.7977324409448814
21
3.3772834645669292
0
LINE
8
BLACK
6
CONTINUOUS
10
5.7977324409448814
20
3.3772834645669292
11
5.6933858267716531
21
3.3772834645669292
0
LINE
8
BLACK
6
CONTINUOUS
10
5.6933858267716531
20
3.3772834645669292
11
5.6928097637795272
21
3.3773401968503935
0
LINE
8
BLACK
6
CONTINUOUS
10
5.6928097637795272
20
3.3773401968503935
11
5.6917453543307088
21
3.3777811023622046
0
LINE
8
BLACK
6
CONTINUOUS
10
5.6917453543307088
20
3.3777811023622046
11
5.6909307086614174
21
3.3785957480314961
0
LINE
8
BLACK
6
CONTINUOUS
10
5.6909307086614174
20
3.3785957480314961
11
5.6904898031496058
21
3.3796601574803149
0
LINE
8
BLACK
6
CONTINUOUS
10
5.6904898031496058
20
3.3796601574803149
11
5.6904898031496058
21
3.3808122834645666
0
LINE
8
BLACK
6
CONTINUOUS
10
5.6904898031496058
20
3.3808122834645666
11
5.6909307086614174
21
3.3818766929133859
0
LINE
8
BLACK
6
CONTINUOUS
10
5.6909307086614174
20
3.3818766929133859
11
5.6917453543307088
21
3.3826913385826769
0
LINE
8
BLACK
6
CONTINUOUS
10
5.6917453543307088
20
3.3826913385826769
11
5.6928097637795272
21
3.383132244094488
0
LINE
8
BLACK
6
CONTINUOUS
10
5.6928097637795272
20
3.383132244094488
11
5.6933858267716531
21
3.3831889763779528
0
LINE
8
BLACK
6
CONTINUOUS
10
5.6933858267716531
20
3.3831889763779528
11
5.8256858267716538
21
3.3831889763779528
0
LINE
8
BLACK
6
CONTINUOUS
10
5.8256858267716538
20
3.3831889763779528
11
5.8262618897637797
21
3.383132244094488
0
LINE
8
BLACK
6
CONTINUOUS
10
-0.0675144094488189
20
3.3819761417322836
11
-0.0664490551181102
21
3.3809107874015747
0
LINE
8
BLACK
6
CONTINUOUS
10
-0.0664490551181102
20
3.3809107874015747
11
-0.0662992125984252
21
3.3801574803149608
0
LINE
8
BLACK
6
CONTINUOUS
10
-0.0662992125984252
20
3.3801574803149608
11
-0.0662992125984252
21
0.0002362204724409
0
LINE
8
BLACK
6
CONTINUOUS
10
-0.0662992125984252
20
0.0002362204724409
11
-0.0664490551181102
21
-0.0005170866141732
0
LINE
8
BLACK
6
CONTINUOUS
10
-0.0664490551181102
20
-0.0005170866141732
11
-0.0675144094488189
21
-0.0015824409448819
0
LINE
8
BLACK
6
CONTINUOUS
10
-0.0675144094488189
20
-0.0015824409448819
11
-0.0682677165354331
21
-0.0017322834645669
0
LINE
8
BLACK
6
CONTINUOUS
10
-0.0682677165354331
20
-0.0017322834645669
11
-1.0005511811023622
21
-0.0017322834645669
0
LINE
8
BLACK
6
CONTINUOUS
10
-1.0005511811023622
20
-0.0017322834645669
11
-1.0013044881889763
21
-0.0015824409448819
0
LINE
8
BLACK
6
CONTINUOUS
10
-1.0013044881889763
20
-0.0015824409448819
11
-1.002369842519685
21
-0.0005170866141732
0
LINE
8
BLACK
6
CONTINUOUS
10
-1.002369842519685
20
-0.0005170866141732
11
-1.0025196850393701
21
0.0002362204724409
0
LINE
8
BLACK
6
CONTINUOUS
10
-1.0025196850393701
20
0.0002362204724409
11
-1.0025196850393701
21
3.3801574803149608
0
LINE
8
BLACK
6
CONTINUOUS
10
-1.0025196850393701
20
3.3801574803149608
11
-1.002369842519685
21
3.3809107874015747
0
LINE
8
BLACK
6
CONTINUOUS
10
-1.002369842519685
20
3.3809107874015747
11
-1.0013044881889763
21
3.3819761417322836
0
LINE
8
BLACK
6
CONTINUOUS
10
-1.0013044881889763
20
3.3819761417322836
11
-1.0005511811023622
21
3.3821259842519686
0
LINE
8
BLACK
6
CONTINUOUS
10
-1.0005511811023622
20
3.3821259842519686
11
-0.0682677165354331
21
3.3821259842519686
0
LINE
8
BLACK
6
CONTINUOUS
10
-0.0682677165354331
20
3.3821259842519686
11
-0.0675144094488189
21
3.3819761417322836
0
LINE
8
BLACK
6
CONTINUOUS
10
-0.9985826771653543
20
3.3781889763779525
11
-0.9985826771653543
21
0.0022047244094488
0
LINE
8
BLACK
6
CONTINUOUS
10
-0.9985826771653543
20
0.0022047244094488
11
-0.0702362204724409
21
0.0022047244094488
0
LINE
8
BLACK
6
CONTINUOUS
10
-0.0702362204724409
20
0.0022047244094488
11
-0.0702362204724409
21
3.3781889763779525
0
LINE
8
BLACK
6
CONTINUOUS
10
-0.0702362204724409
20
3.3781889763779525
11
-0.9985826771653543
21
3.3781889763779525
0
LINE
8
BLACK
6
CONTINUOUS
10
5.7042146456692908
20
3.282896023622047
11
5.7052790551181101
21
3.2824551181102359
0
LINE
8
BLACK
6
CONTINUOUS
10
5.7052790551181101
20
3.2824551181102359
11
5.7060937007874015
21
3.2816404724409449
0
LINE
8
BLACK
6
CONTINUOUS
10
5.7060937007874015
20
3.2816404724409449
11
5.7065346062992122
21
3.2805760629921261
0
LINE
8
BLACK
6
CONTINUOUS
10
5.7065346062992122
20
3.2805760629921261
11
5.7065346062992122
21
3.2794239370078739
0
LINE
8
BLACK
6
CONTINUOUS
10
5.7065346062992122
20
3.2794239370078739
11
5.7060937007874015
21
3.2783595275590551
0
LINE
8
BLACK
6
CONTINUOUS
10
5.7060937007874015
20
3.2783595275590551
11
5.7052790551181101
21
3.2775448818897637
0
LINE
8
BLACK
6
CONTINUOUS
10
5.7052790551181101
20
3.2775448818897637
11
5.7042146456692908
21
3.2771039763779526
0
LINE
8
BLACK
6
CONTINUOUS
10
5.7042146456692908
20
3.2771039763779526
11
5.7036385826771649
21
3.2770472440944882
0
LINE
8
BLACK
6
CONTINUOUS
10
5.7036385826771649
20
3.2770472440944882
11
5.6854171653543304
21
3.2770472440944882
0
LINE
8
BLACK
6
CONTINUOUS
10
5.6854171653543304
20
3.2770472440944882
11
5.7062577559055114
21
3.2370128740157478
0
LINE
8
BLACK
6
CONTINUOUS
10
5.7062577559055114
20
3.2370128740157478
11
5.7064734251968501
21
3.2364757086614171
0
LINE
8
BLACK
6
CONTINUOUS
10
5.7064734251968501
20
3.2364757086614171
11
5.7065738188976374
21
3.2353279921259843
0
LINE
8
BLACK
6
CONTINUOUS
10
5.7065738188976374
20
3.2353279921259843
11
5.7062273622047242
21
3.2342292125984251
0
LINE
8
BLACK
6
CONTINUOUS
10
5.7062273622047242
20
3.2342292125984251
11
5.7054868110236221
21
3.2333466535433071
0
LINE
8
BLACK
6
CONTINUOUS
10
5.7054868110236221
20
3.2333466535433071
11
5.7044648818897636
21
3.2328146456692912
0
LINE
8
BLACK
6
CONTINUOUS
10
5.7044648818897636
20
3.2328146456692912
11
5.7033171653543304
21
3.2327142519685039
0
LINE
8
BLACK
6
CONTINUOUS
10
5.7033171653543304
20
3.2327142519685039
11
5.7022183858267717
21
3.2330607086614171
0
LINE
8
BLACK
6
CONTINUOUS
10
5.7022183858267717
20
3.2330607086614171
11
5.7013358267716532
21
3.2338012598425196
0
LINE
8
BLACK
6
CONTINUOUS
10
5.7013358267716532
20
3.2338012598425196
11
5.701019488188976
21
3.234286023622047
0
LINE
8
BLACK
6
CONTINUOUS
10
5.701019488188976
20
3.234286023622047
11
5.6835039370078739
21
3.2679331102362204
0
LINE
8
BLACK
6
CONTINUOUS
10
5.6835039370078739
20
3.2679331102362204
11
5.6835039370078739
21
0.1120669291338583
0
LINE
8
BLACK
6
CONTINUOUS
10
5.6835039370078739
20
0.1120669291338583
11
5.701019488188976
21
0.1457139763779527
0
LINE
8
BLACK
6
CONTINUOUS
10
5.701019488188976
20
0.1457139763779527
11
5.7013358267716532
21
0.1461987401574803
0
LINE
8
BLACK
6
CONTINUOUS
10
5.7013358267716532
20
0.1461987401574803
11
5.7022183858267717
21
0.1469392913385827
0
LINE
8
BLACK
6
CONTINUOUS
10
5.7022183858267717
20
0.1469392913385827
11
5.7033171653543304
21
0.147285748031496
0
LINE
8
BLACK
6
CONTINUOUS
10
5.7033171653543304
20
0.147285748031496
11
5.7044648818897636
21
0.1471853543307086
0
LINE
8
BLACK
6
CONTINUOUS
10
5.7044648818897636
20
0.1471853543307086
11
5.7054868110236221
21
0.1466533464566929
0
LINE
8
BLACK
6
CONTINUOUS
10
5.7054868110236221
20
0.1466533464566929
11
5.7062273622047242
21
0.1457707874015748
0
LINE
8
BLACK
6
CONTINUOUS
10
5.7062273622047242
20
0.1457707874015748
11
5.7065738188976374
21
0.1446720078740157
0
LINE
8
BLACK
6
CONTINUOUS
10
5.7065738188976374
20
0.1446720078740157
11
5.7064734251968501
21
0.1435242913385827
0
LINE
8
BLACK
6
CONTINUOUS
10
5.7064734251968501
20
0.1435242913385827
11
5.7062577559055114
21
0.142987125984252
0
LINE
8
BLACK
6
CONTINUOUS
10
5.7062577559055114
20
0.142987125984252
11
5.6854171653543304
21
0.1029527559055118
0
LINE
8
BLACK
6
CONTINUOUS
10
5.6854171653543304
20
0.1029527559055118
11
5.7036385826771649
21
0.1029527559055118
0
LINE
8
BLACK
6
CONTINUOUS
10
5.7036385826771649
20
0.1029527559055118
11
5.7042146456692908
21
0.1028960236220472
0
LINE
8
BLACK
6
CONTINUOUS
10
5.7042146456692908
20
0.1028960236220472
11
5.7052790551181101
21
0.1024551181102362
0
LINE
8
BLACK
6
CONTINUOUS
10
5.7052790551181101
20
0.1024551181102362
11
5.7060937007874015
21
0.1016404724409449
0
LINE
8
BLACK
6
CONTINUOUS
10
5.7060937007874015
20
0.1016404724409449
11
5.7065346062992122
21
0.100576062992126
0
LINE
8
BLACK
6
CONTINUOUS
10
5.7065346062992122
20
0.100576062992126
11
5.7065346062992122
21
0.099423937007874
0
LINE
8
BLACK
6
CONTINUOUS
10
5.7065346062992122
20
0.099423937007874
11
5.7060937007874015
21
0.0983595275590551
0
LINE
8
BLACK
6
CONTINUOUS
10
5.7060937007874015
20
0.0983595275590551
11
5.7052790551181101
21
0.0975448818897638
0
LINE
8
BLACK
6
CONTINUOUS
10
5.7052790551181101
20
0.0975448818897638
11
5.7042146456692908
21
0.0971039763779527
0
LINE
8
BLACK
6
CONTINUOUS
10
5.7042146456692908
20
0.0971039763779527
11
5.7036385826771649
21
0.0970472440944882
0
LINE
8
BLACK
6
CONTINUOUS
10
5.7036385826771649
20
0.0970472440944882
11
5.3996850393700786
21
0.0970472440944882
0
LINE
8
BLACK
6
CONTINUOUS
10
5.3996850393700786
20
0.0970472440944882
11
5.3991089763779527
21
0.0971039763779527
0
LINE
8
BLACK
6
CONTINUOUS
10
5.3991089763779527
20
0.0971039763779527
11
5.3980445669291335
21
0.0975448818897638
0
LINE
8
BLACK
6
CONTINUOUS
10
5.3980445669291335
20
0.0975448818897638
11
5.397229921259842
21
0.0983595275590551
0
LINE
8
BLACK
6
CONTINUOUS
10
5.397229921259842
20
0.0983595275590551
11
5.3967890157480314
21
0.099423937007874
0
LINE
8
BLACK
6
CONTINUOUS
10
5.3967890157480314
20
0.099423937007874
11
5.3967890157480314
21
0.100576062992126
0
LINE
8
BLACK
6
CONTINUOUS
10
5.3967890157480314
20
0.100576062992126
11
5.397229921259842
21
0.1016404724409449
0
LINE
8
BLACK
6
CONTINUOUS
10
5.397229921259842
20
0.1016404724409449
11
5.3980445669291335
21
0.1024551181102362
0
LINE
8
BLACK
6
CONTINUOUS
10
5.3980445669291335
20
0.1024551181102362
11
5.3991089763779527
21
0.1028960236220472
0
LINE
8
BLACK
6
CONTINUOUS
10
5.3991089763779527
20
0.1028960236220472
11
5.3996850393700786
21
0.1029527559055118
0
LINE
8
BLACK
6
CONTINUOUS
10
5.3996850393700786
20
0.1029527559055118
11
5.6756851968503934
21
0.1029527559055118
0
LINE
8
BLACK
6
CONTINUOUS
10
5.6756851968503934
20
0.1029527559055118
11
5.6548446062992124
21
0.142987125984252
0
LINE
8
BLACK
6
CONTINUOUS
10
5.6548446062992124
20
0.142987125984252
11
5.6546289370078737
21
0.1435242913385827
0
LINE
8
BLACK
6
CONTINUOUS
10
5.6546289370078737
20
0.1435242913385827
11
5.6545285433070864
21
0.1446720078740157
0
LINE
8
BLACK
6
CONTINUOUS
10
5.6545285433070864
20
0.1446720078740157
11
5.6548749606299209
21
0.1457707874015748
0
LINE
8
BLACK
6
CONTINUOUS
10
5.6548749606299209
20
0.1457707874015748
11
5.6556155118110238
21
0.1466533464566929
0
LINE
8
BLACK
6
CONTINUOUS
10
5.6556155118110238
20
0.1466533464566929
11
5.6566374803149602
21
0.1471853543307086
0
LINE
8
BLACK
6
CONTINUOUS
10
5.6566374803149602
20
0.1471853543307086
11
5.6577851968503934
21
0.147285748031496
0
LINE
8
BLACK
6
CONTINUOUS
10
5.6577851968503934
20
0.147285748031496
11
5.658883976377953
21
0.1469393307086614
0
LINE
8
BLACK
6
CONTINUOUS
10
5.658883976377953
20
0.1469393307086614
11
5.6597665354330706
21
0.1461987795275591
0
LINE
8
BLACK
6
CONTINUOUS
10
5.6597665354330706
20
0.1461987795275591
11
5.6600828740157478
21
0.1457139763779527
0
LINE
8
BLACK
6
CONTINUOUS
10
5.6600828740157478
20
0.1457139763779527
11
5.6775984251968499
21
0.1120669291338583
0
LINE
8
BLACK
6
CONTINUOUS
10
5.6775984251968499
20
0.1120669291338583
11
5.6775984251968499
21
3.2679331102362204
0
LINE
8
BLACK
6
CONTINUOUS
10
5.6775984251968499
20
3.2679331102362204
11
5.6600828740157478
21
3.234286023622047
0
LINE
8
BLACK
6
CONTINUOUS
10
5.6600828740157478
20
3.234286023622047
11
5.6597665354330706
21
3.2338012204724409
0
LINE
8
BLACK
6
CONTINUOUS
10
5.6597665354330706
20
3.2338012204724409
11
5.658883976377953
21
3.2330606692913384
0
LINE
8
BLACK
6
CONTINUOUS
10
5.658883976377953
20
3.2330606692913384
11
5.6577851968503934
21
3.2327142519685039
0
LINE
8
BLACK
6
CONTINUOUS
10
5.6577851968503934
20
3.2327142519685039
11
5.6566374803149602
21
3.2328146456692912
0
LINE
8
BLACK
6
CONTINUOUS
10
5.6566374803149602
20
3.2328146456692912
11
5.6556155118110238
21
3.2333466535433071
0
LINE
8
BLACK
6
CONTINUOUS
10
5.6556155118110238
20
3.2333466535433071
11
5.6548749606299209
21
3.2342292125984251
0
LINE
8
BLACK
6
CONTINUOUS
10
5.6548749606299209
20
3.2342292125984251
11
5.6545285433070864
21
3.2353279921259843
0
LINE
8
BLACK
6
CONTINUOUS
10
5.6545285433070864
20
3.2353279921259843
11
5.6546289370078737
21
3.2364757086614171
0
LINE
8
BLACK
6
CONTINUOUS
10
5.6546289370078737
20
3.2364757086614171
11
5.6548446062992124
21
3.2370128740157478
0
LINE
8
BLACK
6
CONTINUOUS
10
5.6548446062992124
20
3.2370128740157478
11
5.6756851968503934
21
3.2770472440944882
0
LINE
8
BLACK
6
CONTINUOUS
10
5.6756851968503934
20
3.2770472440944882
11
5.3996850393700786
21
3.2770472440944882
0
LINE
8
BLACK
6
CONTINUOUS
10
5.3996850393700786
20
3.2770472440944882
11
5.3991089763779527
21
3.2771039763779526
0
LINE
8
BLACK
6
CONTINUOUS
10
5.3991089763779527
20
3.2771039763779526
11
5.3980445669291335
21
3.2775448818897637
0
LINE
8
BLACK
6
CONTINUOUS
10
5.3980445669291335
20
3.2775448818897637
11
5.397229921259842
21
3.2783595275590551
0
LINE
8
BLACK
6
CONTINUOUS
10
5.397229921259842
20
3.2783595275590551
11
5.3967890157480314
21
3.2794239370078739
0
LINE
8
BLACK
6
CONTINUOUS
10
5.3967890157480314
20
3.2794239370078739
11
5.3967890157480314
21
3.2805760629921261
0
LINE
8
BLACK
6
CONTINUOUS
10
5.3967890157480314
20
3.2805760629921261
11
5.397229921259842
21
3.2816404724409449
0
LINE
8
BLACK
6
CONTINUOUS
10
5.397229921259842
20
3.2816404724409449
11
5.3980445669291335
21
3.2824551181102359
0
LINE
8
BLACK
6
CONTINUOUS
10
5.3980445669291335
20
3.2824551181102359
11
5.3991089763779527
21
3.282896023622047
0
LINE
8
BLACK
6
CONTINUOUS
10
5.3991089763779527
20
3.282896023622047
11
5.3996850393700786
21
3.2829527559055118
0
LINE
8
BLACK
6
CONTINUOUS
10
5.3996850393700786
20
3.2829527559055118
11
5.7036385826771649
21
3.2829527559055118
0
LINE
8
BLACK
6
CONTINUOUS
10
5.7036385826771649
20
3.2829527559055118
11
5.7042146456692908
21
3.282896023622047
0
LINE
8
BLACK
6
CONTINUOUS
10
2.5034198031496064
20
1.436666496062992
11
2.5278546456692914
21
1.4336996062992127
0
LINE
8
BLACK
6
CONTINUOUS
10
2.5278546456692914
20
1.4336996062992127
11
2.5520657086614174
21
1.4292627559055118
0
LINE
8
BLACK
6
CONTINUOUS
10
2.5520657086614174
20
1.4292627559055118
11
2.5759647637795275
21
1.4233721653543308
0
LINE
8
BLACK
6
CONTINUOUS
10
2.5759647637795275
20
1.4233721653543308
11
2.5994645275590549
21
1.4160493307086615
0
LINE
8
BLACK
6
CONTINUOUS
10
2.5994645275590549
20
1.4160493307086615
11
2.6224792913385828
21
1.4073209842519685
0
LINE
8
BLACK
6
CONTINUOUS
10
2.6224792913385828
20
1.4073209842519685
11
2.6449250393700785
21
1.3972189763779528
0
LINE
8
BLACK
6
CONTINUOUS
10
2.6449250393700785
20
1.3972189763779528
11
2.6667198818897635
21
1.385780157480315
0
LINE
8
BLACK
6
CONTINUOUS
10
2.6667198818897635
20
1.385780157480315
11
2.6877843307086615
21
1.3730462598425197
0
LINE
8
BLACK
6
CONTINUOUS
10
2.6877843307086615
20
1.3730462598425197
11
2.7080414960629922
21
1.3590637401574803
0
LINE
8
BLACK
6
CONTINUOUS
10
2.7080414960629922
20
1.3590637401574803
11
2.7274174409448819
21
1.3438836614173229
0
LINE
8
BLACK
6
CONTINUOUS
10
2.7274174409448819
20
1.3438836614173229
11
2.745841496062992
21
1.327561377952756
0
LINE
8
BLACK
6
CONTINUOUS
10
2.745841496062992
20
1.327561377952756
11
2.7632464173228346
21
1.3101564566929134
0
LINE
8
BLACK
6
CONTINUOUS
10
2.7632464173228346
20
1.3101564566929134
11
2.7795687007874017
21
1.2917324015748031
0
LINE
8
BLACK
6
CONTINUOUS
10
2.7795687007874017
20
1.2917324015748031
11
2.7947487795275592
21
1.2723564566929133
0
LINE
8
BLACK
6
CONTINUOUS
10
2.7947487795275592
20
1.2723564566929133
11
2.8087312992125986
21
1.2520992913385827
0
LINE
8
BLACK
6
CONTINUOUS
10
2.8087312992125986
20
1.2520992913385827
11
2.8214651968503937
21
1.2310348425196851
0
LINE
8
BLACK
6
CONTINUOUS
10
2.8214651968503937
20
1.2310348425196851
11
2.8329040157480314
21
1.2092399999999999
0
LINE
8
BLACK
6
CONTINUOUS
10
2.8329040157480314
20
1.2092399999999999
11
2.8430060236220474
21
1.186794251968504
0
LINE
8
BLACK
6
CONTINUOUS
10
2.8430060236220474
20
1.186794251968504
11
2.8517343700787401
21
1.1637794881889763
0
LINE
8
BLACK
6
CONTINUOUS
10
2.8517343700787401
20
1.1637794881889763
11
2.8590572047244094
21
1.1402797244094487
0
LINE
8
BLACK
6
CONTINUOUS
10
2.8590572047244094
20
1.1402797244094487
11
2.8649477952755906
21
1.1163806692913385
0
LINE
8
BLACK
6
CONTINUOUS
10
2.8649477952755906
20
1.1163806692913385
11
2.8693846456692911
21
1.0921696062992126
0
LINE
8
BLACK
6
CONTINUOUS
10
2.8693846456692911
20
1.0921696062992126
11
2.8723515354330709
21
1.0677347637795276
0
LINE
8
BLACK
6
CONTINUOUS
10
2.8723515354330709
20
1.0677347637795276
11
2.8738377165354332
21
1.0431653937007874
0
LINE
8
BLACK
6
CONTINUOUS
10
2.8738377165354332
20
1.0431653937007874
11
2.8738377165354332
21
1.0185511417322834
0
LINE
8
BLACK
6
CONTINUOUS
10
2.8738377165354332
20
1.0185511417322834
11
2.8723515354330709
21
0.9939817716535433
0
LINE
8
BLACK
6
CONTINUOUS
10
2.8723515354330709
20
0.9939817716535433
11
2.8693846456692911
21
0.9695469291338582
0
LINE
8
BLACK
6
CONTINUOUS
10
2.8693846456692911
20
0.9695469291338582
11
2.8649477952755906
21
0.9453358661417323
0
LINE
8
BLACK
6
CONTINUOUS
10
2.8649477952755906
20
0.9453358661417323
11
2.8590572047244094
21
0.9214368110236221
0
LINE
8
BLACK
6
CONTINUOUS
10
2.8590572047244094
20
0.9214368110236221
11
2.8517343700787401
21
0.8979370472440945
0
LINE
8
BLACK
6
CONTINUOUS
10
2.8517343700787401
20
0.8979370472440945
11
2.8430060236220474
21
0.8749222834645669
0
LINE
8
BLACK
6
CONTINUOUS
10
2.8430060236220474
20
0.8749222834645669
11
2.8329040157480314
21
0.8524765354330709
0
LINE
8
BLACK
6
CONTINUOUS
10
2.8329040157480314
20
0.8524765354330709
11
2.8214651968503937
21
0.8306816929133858
0
LINE
8
BLACK
6
CONTINUOUS
10
2.8214651968503937
20
0.8306816929133858
11
2.8087312992125986
21
0.8096172440944882
0
LINE
8
BLACK
6
CONTINUOUS
10
2.8087312992125986
20
0.8096172440944882
11
2.7947487795275592
21
0.7893600787401575
0
LINE
8
BLACK
6
CONTINUOUS
10
2.7947487795275592
20
0.7893600787401575
11
2.7795687007874017
21
0.7699841338582677
0
LINE
8
BLACK
6
CONTINUOUS
10
2.7795687007874017
20
0.7699841338582677
11
2.7632464173228346
21
0.7515600787401575
0
LINE
8
BLACK
6
CONTINUOUS
10
2.7632464173228346
20
0.7515600787401575
11
2.745841496062992
21
0.7341551574803149
0
LINE
8
BLACK
6
CONTINUOUS
10
2.745841496062992
20
0.7341551574803149
11
2.7274174409448819
21
0.717832874015748
0
LINE
8
BLACK
6
CONTINUOUS
10
2.7274174409448819
20
0.717832874015748
11
2.7080414960629922
21
0.7026527952755905
0
LINE
8
BLACK
6
CONTINUOUS
10
2.7080414960629922
20
0.7026527952755905
11
2.6877843307086615
21
0.6886702755905512
0
LINE
8
BLACK
6
CONTINUOUS
10
2.6877843307086615
20
0.6886702755905512
11
2.6667198818897635
21
0.6759363779527559
0
LINE
8
BLACK
6
CONTINUOUS
10
2.6667198818897635
20
0.6759363779527559
11
2.6449250393700785
21
0.6644975590551181
0
LINE
8
BLACK
6
CONTINUOUS
10
2.6449250393700785
20
0.6644975590551181
11
2.6224792913385828
21
0.6543955511811024
0
LINE
8
BLACK
6
CONTINUOUS
10
2.6224792913385828
20
0.6543955511811024
11
2.5994645275590549
21
0.6456672047244094
0
LINE
8
BLACK
6
CONTINUOUS
10
2.5994645275590549
20
0.6456672047244094
11
2.5759647637795275
21
0.6383443700787401
0
LINE
8
BLACK
6
CONTINUOUS
10
2.5759647637795275
20
0.6383443700787401
11
2.5520657086614174
21
0.632453779527559
0
LINE
8
BLACK
6
CONTINUOUS
10
2.5520657086614174
20
0.632453779527559
11
2.5278546456692914
21
0.6280169291338582
0
LINE
8
BLACK
6
CONTINUOUS
10
2.5278546456692914
20
0.6280169291338582
11
2.5034198031496064
21
0.6250500393700787
0
LINE
8
BLACK
6
CONTINUOUS
10
2.5034198031496064
20
0.6250500393700787
11
2.4788504330708663
21
0.6235638582677165
0
LINE
8
BLACK
6
CONTINUOUS
10
2.4788504330708663
20
0.6235638582677165
11
2.4542361811023623
21
0.6235638582677165
0
LINE
8
BLACK
6
CONTINUOUS
10
2.4542361811023623
20
0.6235638582677165
11
2.4296668110236221
21
0.6250500393700787
0
LINE
8
BLACK
6
CONTINUOUS
10
2.4296668110236221
20
0.6250500393700787
11
2.4052319685039372
21
0.6280169291338582
0
LINE
8
BLACK
6
CONTINUOUS
10
2.4052319685039372
20
0.6280169291338582
11
2.3810209055118108
21
0.632453779527559
0
LINE
8
BLACK
6
CONTINUOUS
10
2.3810209055118108
20
0.632453779527559
11
2.3571218503937006
21
0.6383443700787401
0
LINE
8
BLACK
6
CONTINUOUS
10
2.3571218503937006
20
0.6383443700787401
11
2.3336220866141733
21
0.6456672047244094
0
LINE
8
BLACK
6
CONTINUOUS
10
2.3336220866141733
20
0.6456672047244094
11
2.3106073228346458
21
0.6543955511811024
0
LINE
8
BLACK
6
CONTINUOUS
10
2.3106073228346458
20
0.6543955511811024
11
2.2881615748031496
21
0.6644975590551181
0
LINE
8
BLACK
6
CONTINUOUS
10
2.2881615748031496
20
0.6644975590551181
11
2.2663667322834646
21
0.6759363779527559
0
LINE
8
BLACK
6
CONTINUOUS
10
2.2663667322834646
20
0.6759363779527559
11
2.2453022834645671
21
0.6886702755905512
0
LINE
8
BLACK
6
CONTINUOUS
10
2.2453022834645671
20
0.6886702755905512
11
2.225045118110236
21
0.7026527952755905
0
LINE
8
BLACK
6
CONTINUOUS
10
2.225045118110236
20
0.7026527952755905
11
2.2056691732283462
21
0.717832874015748
0
LINE
8
BLACK
6
CONTINUOUS
10
2.2056691732283462
20
0.717832874015748
11
2.1872451181102361
21
0.7341551574803149
0
LINE
8
BLACK
6
CONTINUOUS
10
2.1872451181102361
20
0.7341551574803149
11
2.1698401968503935
21
0.7515600787401575
0
LINE
8
BLACK
6
CONTINUOUS
10
2.1698401968503935
20
0.7515600787401575
11
2.1535179133858269
21
0.7699841338582677
0
LINE
8
BLACK
6
CONTINUOUS
10
2.1535179133858269
20
0.7699841338582677
11
2.1383378346456694
21
0.7893600787401575
0
LINE
8
BLACK
6
CONTINUOUS
10
2.1383378346456694
20
0.7893600787401575
11
2.12435531496063
21
0.8096172440944882
0
LINE
8
BLACK
6
CONTINUOUS
10
2.12435531496063
20
0.8096172440944882
11
2.1116214173228345
21
0.8306816929133858
0
LINE
8
BLACK
6
CONTINUOUS
10
2.1116214173228345
20
0.8306816929133858
11
2.1001825984251967
21
0.8524765354330709
0
LINE
8
BLACK
6
CONTINUOUS
10
2.1001825984251967
20
0.8524765354330709
11
2.0900805905511812
21
0.8749222834645669
0
LINE
8
BLACK
6
CONTINUOUS
10
2.0900805905511812
20
0.8749222834645669
11
2.081352244094488
21
0.8979370472440945
0
LINE
8
BLACK
6
CONTINUOUS
10
2.081352244094488
20
0.8979370472440945
11
2.0740294094488188
21
0.9214368110236221
0
LINE
8
BLACK
6
CONTINUOUS
10
2.0740294094488188
20
0.9214368110236221
11
2.068138818897638
21
0.9453358661417323
0
LINE
8
BLACK
6
CONTINUOUS
10
2.068138818897638
20
0.9453358661417323
11
2.0637019685039371
21
0.9695469291338582
0
LINE
8
BLACK
6
CONTINUOUS
10
2.0637019685039371
20
0.9695469291338582
11
2.0607350787401573
21
0.9939817716535433
0
LINE
8
BLACK
6
CONTINUOUS
10
2.0607350787401573
20
0.9939817716535433
11
2.0592488976377954
21
1.0185511417322834
0
LINE
8
BLACK
6
CONTINUOUS
10
2.0592488976377954
20
1.0185511417322834
11
2.0592488976377954
21
1.0428141338582677
0
LINE
8
BLACK
6
CONTINUOUS
10
2.0592488976377954
20
1.0428141338582677
11
2.0592488976377954
21
1.0431653937007874
0
LINE
8
BLACK
6
CONTINUOUS
10
2.0592488976377954
20
1.0431653937007874
11
2.0607350787401573
21
1.0677347637795276
0
LINE
8
BLACK
6
CONTINUOUS
10
2.0607350787401573
20
1.0677347637795276
11
2.0637019685039371
21
1.0921696062992126
0
LINE
8
BLACK
6
CONTINUOUS
10
2.0637019685039371
20
1.0921696062992126
11
2.068138818897638
21
1.1163806692913385
0
LINE
8
BLACK
6
CONTINUOUS
10
2.068138818897638
20
1.1163806692913385
11
2.0740294094488188
21
1.1402797244094487
0
LINE
8
BLACK
6
CONTINUOUS
10
2.0740294094488188
20
1.1402797244094487
11
2.081352244094488
21
1.1637794881889763
0
LINE
8
BLACK
6
CONTINUOUS
10
2.081352244094488
20
1.1637794881889763
11
2.0900805905511812
21
1.186794251968504
0
LINE
8
BLACK
6
CONTINUOUS
10
2.0900805905511812
20
1.186794251968504
11
2.1001825984251967
21
1.2092399999999999
0
LINE
8
BLACK
6
CONTINUOUS
10
2.1001825984251967
20
1.2092399999999999
11
2.1116214173228345
21
1.2310348425196851
0
LINE
8
BLACK
6
CONTINUOUS
10
2.1116214173228345
20
1.2310348425196851
11
2.12435531496063
21
1.2520992913385827
0
LINE
8
BLACK
6
CONTINUOUS
10
2.12435531496063
20
1.2520992913385827
11
2.1383378346456694
21
1.2723564566929133
0
LINE
8
BLACK
6
CONTINUOUS
10
2.1383378346456694
20
1.2723564566929133
11
2.1535179133858269
21
1.2917324015748031
0
LINE
8
BLACK
6
CONTINUOUS
10
2.1535179133858269
20
1.2917324015748031
11
2.1698401968503935
21
1.3101564566929134
0
LINE
8
BLACK
6
CONTINUOUS
10
2.1698401968503935
20
1.3101564566929134
11
2.1872451181102361
21
1.327561377952756
0
LINE
8
BLACK
6
CONTINUOUS
10
2.1872451181102361
20
1.327561377952756
11
2.2056691732283462
21
1.3438836614173229
0
LINE
8
BLACK
6
CONTINUOUS
10
2.2056691732283462
20
1.3438836614173229
11
2.225045118110236
21
1.3590637401574803
0
LINE
8
BLACK
6
CONTINUOUS
10
2.225045118110236
20
1.3590637401574803
11
2.2453022834645671
21
1.3730462598425197
0
LINE
8
BLACK
6
CONTINUOUS
10
2.2453022834645671
20
1.3730462598425197
11
2.2663667322834646
21
1.385780157480315
0
LINE
8
BLACK
6
CONTINUOUS
10
2.2663667322834646
20
1.385780157480315
11
2.2881615748031496
21
1.3972189763779528
0
LINE
8
BLACK
6
CONTINUOUS
10
2.2881615748031496
20
1.3972189763779528
11
2.3106073228346458
21
1.4073209842519685
0
LINE
8
BLACK
6
CONTINUOUS
10
2.3106073228346458
20
1.4073209842519685
11
2.3336220866141733
21
1.4160493307086615
0
LINE
8
BLACK
6
CONTINUOUS
10
2.3336220866141733
20
1.4160493307086615
11
2.3571218503937006
21
1.4233721653543308
0
LINE
8
BLACK
6
CONTINUOUS
10
2.3571218503937006
20
1.4233721653543308
11
2.3810209055118108
21
1.4292627559055118
0
LINE
8
BLACK
6
CONTINUOUS
10
2.3810209055118108
20
1.4292627559055118
11
2.4052319685039372
21
1.4336996062992127
0
LINE
8
BLACK
6
CONTINUOUS
10
2.4052319685039372
20
1.4336996062992127
11
2.4296668110236221
21
1.436666496062992
0
LINE
8
BLACK
6
CONTINUOUS
10
2.4296668110236221
20
1.436666496062992
11
2.4542361811023623
21
1.4381526771653543
0
LINE
8
BLACK
6
CONTINUOUS
10
2.4542361811023623
20
1.4381526771653543
11
2.4788504330708663
21
1.4381526771653543
0
LINE
8
BLACK
6
CONTINUOUS
10
2.4788504330708663
20
1.4381526771653543
11
2.5034198031496064
21
1.436666496062992
0
LINE
8
BLACK
6
CONTINUOUS
10
2.0708740157480316
20
1.0189024015748032
11
2.0723177559055119
21
0.9950342913385827
0
LINE
8
BLACK
6
CONTINUOUS
10
2.0723177559055119
20
0.9950342913385827
11
2.0752000000000002
21
0.9712969291338582
0
LINE
8
BLACK
6
CONTINUOUS
10
2.0752000000000002
20
0.9712969291338582
11
2.0795102362204725
21
0.9477768503937007
0
LINE
8
BLACK
6
CONTINUOUS
10
2.0795102362204725
20
0.9477768503937007
11
2.0852326771653544
21
0.9245599606299212
0
LINE
8
BLACK
6
CONTINUOUS
10
2.0852326771653544
20
0.9245599606299212
11
2.0923464960629921
21
0.9017309448818898
0
LINE
8
BLACK
6
CONTINUOUS
10
2.0923464960629921
20
0.9017309448818898
11
2.1008257086614175
21
0.8793730708661417
0
LINE
8
BLACK
6
CONTINUOUS
10
2.1008257086614175
20
0.8793730708661417
11
2.11063937007874
21
0.8575679921259842
0
LINE
8
BLACK
6
CONTINUOUS
10
2.11063937007874
20
0.8575679921259842
11
2.1217517322834647
21
0.8363951968503937
0
LINE
8
BLACK
6
CONTINUOUS
10
2.1217517322834647
20
0.8363951968503937
11
2.1341221653543307
21
0.815931968503937
0
LINE
8
BLACK
6
CONTINUOUS
10
2.1341221653543307
20
0.815931968503937
11
2.147705590551181
21
0.7962529921259842
0
LINE
8
BLACK
6
CONTINUOUS
10
2.147705590551181
20
0.7962529921259842
11
2.1624524015748032
21
0.7774300787401575
0
LINE
8
BLACK
6
CONTINUOUS
10
2.1624524015748032
20
0.7774300787401575
11
2.1783087795275589
21
0.7595318897637795
0
LINE
8
BLACK
6
CONTINUOUS
10
2.1783087795275589
20
0.7595318897637795
11
2.1952169291338581
21
0.7426237401574803
0
LINE
8
BLACK
6
CONTINUOUS
10
2.1952169291338581
20
0.7426237401574803
11
2.213115118110236
21
0.7267673622047244
0
LINE
8
BLACK
6
CONTINUOUS
10
2.213115118110236
20
0.7267673622047244
11
2.2319380314960631
21
0.7120205511811023
0
LINE
8
BLACK
6
CONTINUOUS
10
2.2319380314960631
20
0.7120205511811023
11
2.2516170078740156
21
0.698437125984252
0
LINE
8
BLACK
6
CONTINUOUS
10
2.2516170078740156
20
0.698437125984252
11
2.2720802362204724
21
0.6860666929133858
0
LINE
8
BLACK
6
CONTINUOUS
10
2.2720802362204724
20
0.6860666929133858
11
2.2932530314960631
21
0.6749543307086614
0
LINE
8
BLACK
6
CONTINUOUS
10
2.2932530314960631
20
0.6749543307086614
11
2.3150581102362202
21
0.6651406692913385
0
LINE
8
BLACK
6
CONTINUOUS
10
2.3150581102362202
20
0.6651406692913385
11
2.3374159842519684
21
0.6566614566929134
0
LINE
8
BLACK
6
CONTINUOUS
10
2.3374159842519684
20
0.6566614566929134
11
2.3602449999999999
21
0.6495476377952756
0
LINE
8
BLACK
6
CONTINUOUS
10
2.3602449999999999
20
0.6495476377952756
11
2.3834618897637796
21
0.6438251968503936
0
LINE
8
BLACK
6
CONTINUOUS
10
2.3834618897637796
20
0.6438251968503936
11
2.4069819685039371
21
0.6395149606299212
0
LINE
8
BLACK
6
CONTINUOUS
10
2.4069819685039371
20
0.6395149606299212
11
2.4307193307086612
21
0.6366327165354331
0
LINE
8
BLACK
6
CONTINUOUS
10
2.4307193307086612
20
0.6366327165354331
11
2.454587440944882
21
0.6351889763779528
0
LINE
8
BLACK
6
CONTINUOUS
10
2.454587440944882
20
0.6351889763779528
11
2.4784991732283466
21
0.6351889763779528
0
LINE
8
BLACK
6
CONTINUOUS
10
2.4784991732283466
20
0.6351889763779528
11
2.5023672834645669
21
0.6366327165354331
0
LINE
8
BLACK
6
CONTINUOUS
10
2.5023672834645669
20
0.6366327165354331
11
2.5261046456692915
21
0.6395149606299212
0
LINE
8
BLACK
6
CONTINUOUS
10
2.5261046456692915
20
0.6395149606299212
11
2.5496247244094485
21
0.6438251968503936
0
LINE
8
BLACK
6
CONTINUOUS
10
2.5496247244094485
20
0.6438251968503936
11
2.5728416141732282
21
0.6495476377952756
0
LINE
8
BLACK
6
CONTINUOUS
10
2.5728416141732282
20
0.6495476377952756
11
2.5956706299212597
21
0.6566614566929134
0
LINE
8
BLACK
6
CONTINUOUS
10
2.5956706299212597
20
0.6566614566929134
11
2.6180285039370079
21
0.6651406692913385
0
LINE
8
BLACK
6
CONTINUOUS
10
2.6180285039370079
20
0.6651406692913385
11
2.6398335826771655
21
0.6749543307086614
0
LINE
8
BLACK
6
CONTINUOUS
10
2.6398335826771655
20
0.6749543307086614
11
2.6610063779527557
21
0.6860666929133858
0
LINE
8
BLACK
6
CONTINUOUS
10
2.6610063779527557
20
0.6860666929133858
11
2.6814696062992125
21
0.698437125984252
0
LINE
8
BLACK
6
CONTINUOUS
10
2.6814696062992125
20
0.698437125984252
11
2.7011485826771655
21
0.7120205511811023
0
LINE
8
BLACK
6
CONTINUOUS
10
2.7011485826771655
20
0.7120205511811023
11
2.7199714960629922
21
0.7267673622047244
0
LINE
8
BLACK
6
CONTINUOUS
10
2.7199714960629922
20
0.7267673622047244
11
2.73786968503937
21
0.7426237401574803
0
LINE
8
BLACK
6
CONTINUOUS
10
2.73786968503937
20
0.7426237401574803
11
2.7547778346456693
21
0.7595318897637795
0
LINE
8
BLACK
6
CONTINUOUS
10
2.7547778346456693
20
0.7595318897637795
11
2.7706342125984253
21
0.7774300787401575
0
LINE
8
BLACK
6
CONTINUOUS
10
2.7706342125984253
20
0.7774300787401575
11
2.7853810236220471
21
0.7962529921259842
0
LINE
8
BLACK
6
CONTINUOUS
10
2.7853810236220471
20
0.7962529921259842
11
2.7989644488188974
21
0.815931968503937
0
LINE
8
BLACK
6
CONTINUOUS
10
2.7989644488188974
20
0.815931968503937
11
2.8113348818897639
21
0.8363951968503937
0
LINE
8
BLACK
6
CONTINUOUS
10
2.8113348818897639
20
0.8363951968503937
11
2.8224472440944881
21
0.8575679921259842
0
LINE
8
BLACK
6
CONTINUOUS
10
2.8224472440944881
20
0.8575679921259842
11
2.8322609055118111
21
0.8793730708661417
0
LINE
8
BLACK
6
CONTINUOUS
10
2.8322609055118111
20
0.8793730708661417
11
2.8407401181102361
21
0.9017309448818898
0
LINE
8
BLACK
6
CONTINUOUS
10
2.8407401181102361
20
0.9017309448818898
11
2.8478539370078741
21
0.9245599606299212
0
LINE
8
BLACK
6
CONTINUOUS
10
2.8478539370078741
20
0.9245599606299212
11
2.8535763779527556
21
0.9477768503937007
0
LINE
8
BLACK
6
CONTINUOUS
10
2.8535763779527556
20
0.9477768503937007
11
2.8578866141732284
21
0.9712969291338582
0
LINE
8
BLACK
6
CONTINUOUS
10
2.8578866141732284
20
0.9712969291338582
11
2.8607688582677167
21
0.9950342913385827
0
LINE
8
BLACK
6
CONTINUOUS
10
2.8607688582677167
20
0.9950342913385827
11
2.8622125984251969
21
1.0189024015748032
0
LINE
8
BLACK
6
CONTINUOUS
10
2.8622125984251969
20
1.0189024015748032
11
2.8622125984251969
21
1.0428141338582677
0
LINE
8
BLACK
6
CONTINUOUS
10
2.8622125984251969
20
1.0428141338582677
11
2.8607688582677167
21
1.0666822440944881
0
LINE
8
BLACK
6
CONTINUOUS
10
2.8607688582677167
20
1.0666822440944881
11
2.8578866141732284
21
1.0904196062992126
0
LINE
8
BLACK
6
CONTINUOUS
10
2.8578866141732284
20
1.0904196062992126
11
2.8535763779527556
21
1.1139396850393701
0
LINE
8
BLACK
6
CONTINUOUS
10
2.8535763779527556
20
1.1139396850393701
11
2.8478539370078741
21
1.1371565748031496
0
LINE
8
BLACK
6
CONTINUOUS
10
2.8478539370078741
20
1.1371565748031496
11
2.8407401181102361
21
1.1599855905511811
0
LINE
8
BLACK
6
CONTINUOUS
10
2.8407401181102361
20
1.1599855905511811
11
2.8322609055118111
21
1.1823434645669291
0
LINE
8
BLACK
6
CONTINUOUS
10
2.8322609055118111
20
1.1823434645669291
11
2.8224472440944881
21
1.2041485433070866
0
LINE
8
BLACK
6
CONTINUOUS
10
2.8224472440944881
20
1.2041485433070866
11
2.8113348818897639
21
1.2253213385826771
0
LINE
8
BLACK
6
CONTINUOUS
10
2.8113348818897639
20
1.2253213385826771
11
2.7989644488188974
21
1.2457845669291339
0
LINE
8
BLACK
6
CONTINUOUS
10
2.7989644488188974
20
1.2457845669291339
11
2.7853810236220471
21
1.2654635433070867
0
LINE
8
BLACK
6
CONTINUOUS
10
2.7853810236220471
20
1.2654635433070867
11
2.7706342125984253
21
1.2842864566929133
0
LINE
8
BLACK
6
CONTINUOUS
10
2.7706342125984253
20
1.2842864566929133
11
2.7547778346456693
21
1.3021846456692914
0
LINE
8
BLACK
6
CONTINUOUS
10
2.7547778346456693
20
1.3021846456692914
11
2.73786968503937
21
1.3190927952755904
0
LINE
8
BLACK
6
CONTINUOUS
10
2.73786968503937
20
1.3190927952755904
11
2.7199714960629922
21
1.3349491732283465
0
LINE
8
BLACK
6
CONTINUOUS
10
2.7199714960629922
20
1.3349491732283465
11
2.7011485826771655
21
1.3496959842519685
0
LINE
8
BLACK
6
CONTINUOUS
10
2.7011485826771655
20
1.3496959842519685
11
2.6814696062992125
21
1.3632794094488188
0
LINE
8
BLACK
6
CONTINUOUS
10
2.6814696062992125
20
1.3632794094488188
11
2.6610063779527557
21
1.375649842519685
0
LINE
8
BLACK
6
CONTINUOUS
10
2.6610063779527557
20
1.375649842519685
11
2.6398335826771655
21
1.3867622047244095
0
LINE
8
BLACK
6
CONTINUOUS
10
2.6398335826771655
20
1.3867622047244095
11
2.6180285039370079
21
1.3965758661417322
0
LINE
8
BLACK
6
CONTINUOUS
10
2.6180285039370079
20
1.3965758661417322
11
2.5956706299212597
21
1.4050550787401574
0
LINE
8
BLACK
6
CONTINUOUS
10
2.5956706299212597
20
1.4050550787401574
11
2.5728416141732282
21
1.4121688976377953
0
LINE
8
BLACK
6
CONTINUOUS
10
2.5728416141732282
20
1.4121688976377953
11
2.5496247244094485
21
1.4178913385826772
0
LINE
8
BLACK
6
CONTINUOUS
10
2.5496247244094485
20
1.4178913385826772
11
2.5261046456692915
21
1.4222015748031496
0
LINE
8
BLACK
6
CONTINUOUS
10
2.5261046456692915
20
1.4222015748031496
11
2.5023672834645669
21
1.4250838188976378
0
LINE
8
BLACK
6
CONTINUOUS
10
2.5023672834645669
20
1.4250838188976378
11
2.4784991732283466
21
1.4265275590551181
0
LINE
8
BLACK
6
CONTINUOUS
10
2.4784991732283466
20
1.4265275590551181
11
2.454587440944882
21
1.4265275590551181
0
LINE
8
BLACK
6
CONTINUOUS
10
2.454587440944882
20
1.4265275590551181
11
2.4307193307086612
21
1.4250838188976378
0
LINE
8
BLACK
6
CONTINUOUS
10
2.4307193307086612
20
1.4250838188976378
11
2.4069819685039371
21
1.4222015748031496
0
LINE
8
BLACK
6
CONTINUOUS
10
2.4069819685039371
20
1.4222015748031496
11
2.3834618897637796
21
1.4178913385826772
0
LINE
8
BLACK
6
CONTINUOUS
10
2.3834618897637796
20
1.4178913385826772
11
2.3602449999999999
21
1.4121688976377953
0
LINE
8
BLACK
6
CONTINUOUS
10
2.3602449999999999
20
1.4121688976377953
11
2.3374159842519684
21
1.4050550787401574
0
LINE
8
BLACK
6
CONTINUOUS
10
2.3374159842519684
20
1.4050550787401574
11
2.3150581102362202
21
1.3965758661417322
0
LINE
8
BLACK
6
CONTINUOUS
10
2.3150581102362202
20
1.3965758661417322
11
2.2932530314960631
21
1.3867622047244095
0
LINE
8
BLACK
6
CONTINUOUS
10
2.2932530314960631
20
1.3867622047244095
11
2.2720802362204724
21
1.375649842519685
0
LINE
8
BLACK
6
CONTINUOUS
10
2.2720802362204724
20
1.375649842519685
11
2.2516170078740156
21
1.3632794094488188
0
LINE
8
BLACK
6
CONTINUOUS
10
2.2516170078740156
20
1.3632794094488188
11
2.2319380314960631
21
1.3496959842519685
0
LINE
8
BLACK
6
CONTINUOUS
10
2.2319380314960631
20
1.3496959842519685
11
2.213115118110236
21
1.3349491732283465
0
LINE
8
BLACK
6
CONTINUOUS
10
2.213115118110236
20
1.3349491732283465
11
2.1952169291338581
21
1.3190927952755904
0
LINE
8
BLACK
6
CONTINUOUS
10
2.1952169291338581
20
1.3190927952755904
11
2.1783087795275589
21
1.3021846456692914
0
LINE
8
BLACK
6
CONTINUOUS
10
2.1783087795275589
20
1.3021846456692914
11
2.1624524015748032
21
1.2842864566929133
0
LINE
8
BLACK
6
CONTINUOUS
10
2.1624524015748032
20
1.2842864566929133
11
2.147705590551181
21
1.2654635433070867
0
LINE
8
BLACK
6
CONTINUOUS
10
2.147705590551181
20
1.2654635433070867
11
2.1341221653543307
21
1.2457845669291339
0
LINE
8
BLACK
6
CONTINUOUS
10
2.1341221653543307
20
1.2457845669291339
11
2.1217517322834647
21
1.2253213385826771
0
LINE
8
BLACK
6
CONTINUOUS
10
2.1217517322834647
20
1.2253213385826771
11
2.11063937007874
21
1.2041485433070866
0
LINE
8
BLACK
6
CONTINUOUS
10
2.11063937007874
20
1.2041485433070866
11
2.1008257086614175
21
1.1823434645669291
0
LINE
8
BLACK
6
CONTINUOUS
10
2.1008257086614175
20
1.1823434645669291
11
2.0923464960629921
21
1.1599855905511811
0
LINE
8
BLACK
6
CONTINUOUS
10
2.0923464960629921
20
1.1599855905511811
11
2.0852326771653544
21
1.1371565748031496
0
LINE
8
BLACK
6
CONTINUOUS
10
2.0852326771653544
20
1.1371565748031496
11
2.0795102362204725
21
1.1139396850393701
0
LINE
8
BLACK
6
CONTINUOUS
10
2.0795102362204725
20
1.1139396850393701
11
2.0752000000000002
21
1.0904196062992126
0
LINE
8
BLACK
6
CONTINUOUS
10
2.0752000000000002
20
1.0904196062992126
11
2.0723177559055119
21
1.0666822440944881
0
LINE
8
BLACK
6
CONTINUOUS
10
2.0723177559055119
20
1.0666822440944881
11
2.0708740157480316
21
1.0428141338582677
0
LINE
8
BLACK
6
CONTINUOUS
10
2.0708740157480316
20
1.0428141338582677
11
2.0708740157480316
21
1.0189024015748032
0
LINE
8
BLACK
6
CONTINUOUS
10
5.4917820866141733
20
1.5354157480314961
11
5.4923405905511808
21
1.5354157480314961
0
LINE
8
BLACK
6
CONTINUOUS
10
5.4923405905511808
20
1.5354157480314961
11
5.4923575196850392
21
1.5354087401574803
0
LINE
8
BLACK
6
CONTINUOUS
10
5.4923575196850392
20
1.5354087401574803
11
5.4923758267716538
21
1.5354085039370078
0
LINE
8
BLACK
6
CONTINUOUS
10
5.4923758267716538
20
1.5354085039370078
11
5.4929276771653539
21
1.5352337401574803
0
LINE
8
BLACK
6
CONTINUOUS
10
5.4929276771653539
20
1.5352337401574803
11
5.5322977559055113
21
1.5183608661417323
0
LINE
8
BLACK
6
CONTINUOUS
10
5.5322977559055113
20
1.5183608661417323
11
5.5328048818897635
21
1.5180818110236221
0
LINE
8
BLACK
6
CONTINUOUS
10
5.5328048818897635
20
1.5180818110236221
11
5.5336095275590553
21
1.5172572440944883
0
LINE
8
BLACK
6
CONTINUOUS
10
5.5336095275590553
20
1.5172572440944883
11
5.5340374015748033
21
1.5161875590551182
0
LINE
8
BLACK
6
CONTINUOUS
10
5.5340374015748033
20
1.5161875590551182
11
5.5340233858267718
21
1.5150355511811022
0
LINE
8
BLACK
6
CONTINUOUS
10
5.5340233858267718
20
1.5150355511811022
11
5.5335695275590551
21
1.5139765748031495
0
LINE
8
BLACK
6
CONTINUOUS
10
5.5335695275590551
20
1.5139765748031495
11
5.5327450000000002
21
1.5131718897637796
0
LINE
8
BLACK
6
CONTINUOUS
10
5.5327450000000002
20
1.5131718897637796
11
5.5316753149606299
21
1.5127440157480314
0
LINE
8
BLACK
6
CONTINUOUS
10
5.5316753149606299
20
1.5127440157480314
11
5.5305232677165357
21
1.5127580708661417
0
LINE
8
BLACK
6
CONTINUOUS
10
5.5305232677165357
20
1.5127580708661417
11
5.5299714566929135
21
1.5129328346456692
0
LINE
8
BLACK
6
CONTINUOUS
10
5.5299714566929135
20
1.5129328346456692
11
5.494717283464567
21
1.5280417716535433
0
LINE
8
BLACK
6
CONTINUOUS
10
5.494717283464567
20
1.5280417716535433
11
5.494717283464567
21
1.5062730314960631
0
LINE
8
BLACK
6
CONTINUOUS
10
5.494717283464567
20
1.5062730314960631
11
5.4946605511811022
21
1.505696968503937
0
LINE
8
BLACK
6
CONTINUOUS
10
5.4946605511811022
20
1.505696968503937
11
5.4942196456692916
21
1.5046325590551182
0
LINE
8
BLACK
6
CONTINUOUS
10
5.4942196456692916
20
1.5046325590551182
11
5.4934050000000001
21
1.5038179133858267
0
LINE
8
BLACK
6
CONTINUOUS
10
5.4934050000000001
20
1.5038179133858267
11
5.4923405905511808
21
1.5033770078740156
0
LINE
8
BLACK
6
CONTINUOUS
10
5.4923405905511808
20
1.5033770078740156
11
5.4911884645669291
21
1.5033770078740156
0
LINE
8
BLACK
6
CONTINUOUS
10
5.4911884645669291
20
1.5033770078740156
11
5.4901240551181099
21
1.5038179133858267
0
LINE
8
BLACK
6
CONTINUOUS
10
5.4901240551181099
20
1.5038179133858267
11
5.4893094094488184
21
1.5046325590551182
0
LINE
8
BLACK
6
CONTINUOUS
10
5.4893094094488184
20
1.5046325590551182
11
5.4888685039370078
21
1.505696968503937
0
LINE
8
BLACK
6
CONTINUOUS
10
5.4888685039370078
20
1.505696968503937
11
5.4888117716535429
21
1.5062730314960631
0
LINE
8
BLACK
6
CONTINUOUS
10
5.4888117716535429
20
1.5062730314960631
11
5.4888117716535429
21
1.5325197244094488
0
LINE
8
BLACK
6
CONTINUOUS
10
5.4888117716535429
20
1.5325197244094488
11
5.4888685039370078
21
1.5330957874015747
0
LINE
8
BLACK
6
CONTINUOUS
10
5.4888685039370078
20
1.5330957874015747
11
5.4888755118110231
21
1.5331127559055118
0
LINE
8
BLACK
6
CONTINUOUS
10
5.4888755118110231
20
1.5331127559055118
11
5.4888757480314956
21
1.5331310236220472
0
LINE
8
BLACK
6
CONTINUOUS
10
5.4888757480314956
20
1.5331310236220472
11
5.4890957480314961
21
1.5336444488188976
0
LINE
8
BLACK
6
CONTINUOUS
10
5.4890957480314961
20
1.5336444488188976
11
5.4893094094488184
21
1.5341601968503937
0
LINE
8
BLACK
6
CONTINUOUS
10
5.4893094094488184
20
1.5341601968503937
11
5.4893223228346457
21
1.5341731496062991
0
LINE
8
BLACK
6
CONTINUOUS
10
5.4893223228346457
20
1.5341731496062991
11
5.4893295669291335
21
1.5341899999999999
0
LINE
8
BLACK
6
CONTINUOUS
10
5.4893295669291335
20
1.5341899999999999
11
5.4897295669291335
21
1.5345803937007874
0
LINE
8
BLACK
6
CONTINUOUS
10
5.4897295669291335
20
1.5345803937007874
11
5.4901240551181099
21
1.534974842519685
0
LINE
8
BLACK
6
CONTINUOUS
10
5.4901240551181099
20
1.534974842519685
11
5.4901409842519682
21
1.5349818897637795
0
LINE
8
BLACK
6
CONTINUOUS
10
5.4901409842519682
20
1.5349818897637795
11
5.490154133858268
21
1.5349946850393701
0
LINE
8
BLACK
6
CONTINUOUS
10
5.490154133858268
20
1.5349946850393701
11
5.4906731102362203
21
1.5352023228346456
0
LINE
8
BLACK
6
CONTINUOUS
10
5.4906731102362203
20
1.5352023228346456
11
5.4911884645669291
21
1.5354157480314961
0
LINE
8
BLACK
6
CONTINUOUS
10
5.4911884645669291
20
1.5354157480314961
11
5.4912068110236216
21
1.5354157480314961
0
LINE
8
BLACK
6
CONTINUOUS
10
5.4912068110236216
20
1.5354157480314961
11
5.4912238188976374
21
1.535422559055118
0
LINE
8
BLACK
6
CONTINUOUS
10
5.4912238188976374
20
1.535422559055118
11
5.4917820866141733
21
1.5354157480314961
0
LINE
8
BLACK
6
CONTINUOUS
10
5.5327750787401575
20
1.5705953937007873
11
5.533589724409449
21
1.569780748031496
0
LINE
8
BLACK
6
CONTINUOUS
10
5.533589724409449
20
1.569780748031496
11
5.5340306299212596
21
1.5687163385826772
0
LINE
8
BLACK
6
CONTINUOUS
10
5.5340306299212596
20
1.5687163385826772
11
5.5340873622047244
21
1.5681402755905511
0
LINE
8
BLACK
6
CONTINUOUS
10
5.5340873622047244
20
1.5681402755905511
11
5.5340873622047244
21
1.5456431102362205
0
LINE
8
BLACK
6
CONTINUOUS
10
5.5340873622047244
20
1.5456431102362205
11
5.5340306299212596
21
1.5450670472440944
0
LINE
8
BLACK
6
CONTINUOUS
10
5.5340306299212596
20
1.5450670472440944
11
5.533589724409449
21
1.5440026377952756
0
LINE
8
BLACK
6
CONTINUOUS
10
5.533589724409449
20
1.5440026377952756
11
5.5327750787401575
21
1.5431879921259841
0
LINE
8
BLACK
6
CONTINUOUS
10
5.5327750787401575
20
1.5431879921259841
11
5.5317106692913383
21
1.5427470866141733
0
LINE
8
BLACK
6
CONTINUOUS
10
5.5317106692913383
20
1.5427470866141733
11
5.5305585433070865
21
1.5427470866141733
0
LINE
8
BLACK
6
CONTINUOUS
10
5.5305585433070865
20
1.5427470866141733
11
5.5294941338582673
21
1.5431879921259841
0
LINE
8
BLACK
6
CONTINUOUS
10
5.5294941338582673
20
1.5431879921259841
11
5.5286794881889758
21
1.5440026377952756
0
LINE
8
BLACK
6
CONTINUOUS
10
5.5286794881889758
20
1.5440026377952756
11
5.5282385826771652
21
1.5450670472440944
0
LINE
8
BLACK
6
CONTINUOUS
10
5.5282385826771652
20
1.5450670472440944
11
5.5281818503937004
21
1.5456431102362205
0
LINE
8
BLACK
6
CONTINUOUS
10
5.5281818503937004
20
1.5456431102362205
11
5.5281818503937004
21
1.553938937007874
0
LINE
8
BLACK
6
CONTINUOUS
10
5.5281818503937004
20
1.553938937007874
11
5.5007678740157475
21
1.553938937007874
0
LINE
8
BLACK
6
CONTINUOUS
10
5.5007678740157475
20
1.553938937007874
11
5.5032262598425197
21
1.5514805511811023
0
LINE
8
BLACK
6
CONTINUOUS
10
5.5032262598425197
20
1.5514805511811023
11
5.5034120866141727
21
1.5512541732283465
0
LINE
8
BLACK
6
CONTINUOUS
10
5.5034120866141727
20
1.5512541732283465
11
5.5034710236220468
21
1.551203031496063
0
LINE
8
BLACK
6
CONTINUOUS
10
5.5034710236220468
20
1.551203031496063
11
5.503526889763779
21
1.5511142913385827
0
LINE
8
BLACK
6
CONTINUOUS
10
5.503526889763779
20
1.5511142913385827
11
5.5035935039370081
21
1.5510331102362205
0
LINE
8
BLACK
6
CONTINUOUS
10
5.5035935039370081
20
1.5510331102362205
11
5.5036233464566928
21
1.5509609842519685
0
LINE
8
BLACK
6
CONTINUOUS
10
5.5036233464566928
20
1.5509609842519685
11
5.5037793700787399
21
1.5507131496062991
0
LINE
8
BLACK
6
CONTINUOUS
10
5.5037793700787399
20
1.5507131496062991
11
5.5056541338582674
21
1.546963622047244
0
LINE
8
BLACK
6
CONTINUOUS
10
5.5056541338582674
20
1.546963622047244
11
5.5058610236220469
21
1.546423031496063
0
LINE
8
BLACK
6
CONTINUOUS
10
5.5058610236220469
20
1.546423031496063
11
5.5059426771653541
21
1.5452738188976378
0
LINE
8
BLACK
6
CONTINUOUS
10
5.5059426771653541
20
1.5452738188976378
11
5.5055783464566925
21
1.5441808267716535
0
LINE
8
BLACK
6
CONTINUOUS
10
5.5055783464566925
20
1.5441808267716535
11
5.5048235039370077
21
1.5433104724409448
0
LINE
8
BLACK
6
CONTINUOUS
10
5.5048235039370077
20
1.5433104724409448
11
5.5037929921259838
21
1.5427951968503937
0
LINE
8
BLACK
6
CONTINUOUS
10
5.5037929921259838
20
1.5427951968503937
11
5.5026437795275589
21
1.5427135433070867
0
LINE
8
BLACK
6
CONTINUOUS
10
5.5026437795275589
20
1.5427135433070867
11
5.5015508267716537
21
1.543077874015748
0
LINE
8
BLACK
6
CONTINUOUS
10
5.5015508267716537
20
1.543077874015748
11
5.5006804330708663
21
1.5438327165354331
0
LINE
8
BLACK
6
CONTINUOUS
10
5.5006804330708663
20
1.5438327165354331
11
5.5003720866141732
21
1.5443225984251969
0
LINE
8
BLACK
6
CONTINUOUS
10
5.5003720866141732
20
1.5443225984251969
11
5.498711614173228
21
1.5476435433070865
0
LINE
8
BLACK
6
CONTINUOUS
10
5.498711614173228
20
1.5476435433070865
11
5.4955076377952752
21
1.5508475196850393
0
LINE
8
BLACK
6
CONTINUOUS
10
5.4955076377952752
20
1.5508475196850393
11
5.4901266141732279
21
1.554434842519685
0
LINE
8
BLACK
6
CONTINUOUS
10
5.4901266141732279
20
1.554434842519685
11
5.4901249212598424
21
1.5544362204724409
0
LINE
8
BLACK
6
CONTINUOUS
10
5.4901249212598424
20
1.5544362204724409
11
5.4901240551181099
21
1.5544365748031497
0
LINE
8
BLACK
6
CONTINUOUS
10
5.4901240551181099
20
1.5544365748031497
11
5.4901220078740156
21
1.5544386220472441
0
LINE
8
BLACK
6
CONTINUOUS
10
5.4901220078740156
20
1.5544386220472441
11
5.4896787795275586
21
1.5548016141732284
0
LINE
8
BLACK
6
CONTINUOUS
10
5.4896787795275586
20
1.5548016141732284
11
5.489516102362205
21
1.555044527559055
0
LINE
8
BLACK
6
CONTINUOUS
10
5.489516102362205
20
1.555044527559055
11
5.4893094094488184
21
1.5552512204724409
0
LINE
8
BLACK
6
CONTINUOUS
10
5.4893094094488184
20
1.5552512204724409
11
5.4891986614173227
21
1.5555185433070866
0
LINE
8
BLACK
6
CONTINUOUS
10
5.4891986614173227
20
1.5555185433070866
11
5.4890377165354334
21
1.5557588976377952
0
LINE
8
BLACK
6
CONTINUOUS
10
5.4890377165354334
20
1.5557588976377952
11
5.4889803543307085
21
1.5560455511811024
0
LINE
8
BLACK
6
CONTINUOUS
10
5.4889803543307085
20
1.5560455511811024
11
5.4888685039370078
21
1.5563156299212597
0
LINE
8
BLACK
6
CONTINUOUS
10
5.4888685039370078
20
1.5563156299212597
11
5.4888685039370078
21
1.5566049606299213
0
LINE
8
BLACK
6
CONTINUOUS
10
5.4888685039370078
20
1.5566049606299213
11
5.4888117716535429
21
1.5568885826771652
0
LINE
8
BLACK
6
CONTINUOUS
10
5.4888117716535429
20
1.5568885826771652
11
5.4888685039370078
21
1.5571753937007873
0
LINE
8
BLACK
6
CONTINUOUS
10
5.4888685039370078
20
1.5571753937007873
11
5.4888685039370078
21
1.5574677559055117
0
LINE
8
BLACK
6
CONTINUOUS
10
5.4888685039370078
20
1.5574677559055117
11
5.4889792125984247
21
1.5577350393700786
0
LINE
8
BLACK
6
CONTINUOUS
10
5.4889792125984247
20
1.5577350393700786
11
5.4890353543307082
21
1.5580188188976378
0
LINE
8
BLACK
6
CONTINUOUS
10
5.4890353543307082
20
1.5580188188976378
11
5.4891975196850389
21
1.5582620866141732
0
LINE
8
BLACK
6
CONTINUOUS
10
5.4891975196850389
20
1.5582620866141732
11
5.4893094094488184
21
1.5585321653543307
0
LINE
8
BLACK
6
CONTINUOUS
10
5.4893094094488184
20
1.5585321653543307
11
5.4895139370078736
21
1.5587367322834644
0
LINE
8
BLACK
6
CONTINUOUS
10
5.4895139370078736
20
1.5587367322834644
11
5.4896744488188975
21
1.5589774409448818
0
LINE
8
BLACK
6
CONTINUOUS
10
5.4896744488188975
20
1.5589774409448818
11
5.4899173228346454
21
1.5591401181102362
0
LINE
8
BLACK
6
CONTINUOUS
10
5.4899173228346454
20
1.5591401181102362
11
5.4901240551181099
21
1.5593468110236219
0
LINE
8
BLACK
6
CONTINUOUS
10
5.4901240551181099
20
1.5593468110236219
11
5.4903913385826772
21
1.5594575590551181
0
LINE
8
BLACK
6
CONTINUOUS
10
5.4903913385826772
20
1.5594575590551181
11
5.4906317322834646
21
1.5596185039370078
0
LINE
8
BLACK
6
CONTINUOUS
10
5.4906317322834646
20
1.5596185039370078
11
5.4909183464566924
21
1.5596758661417323
0
LINE
8
BLACK
6
CONTINUOUS
10
5.4909183464566924
20
1.5596758661417323
11
5.4911884645669291
21
1.559787716535433
0
LINE
8
BLACK
6
CONTINUOUS
10
5.4911884645669291
20
1.559787716535433
11
5.4917583858267713
21
1.5598438582677165
0
LINE
8
BLACK
6
CONTINUOUS
10
5.4917583858267713
20
1.5598438582677165
11
5.4917614173228344
21
1.5598444488188976
0
LINE
8
BLACK
6
CONTINUOUS
10
5.4917614173228344
20
1.5598444488188976
11
5.491762440944882
21
1.5598442519685038
0
LINE
8
BLACK
6
CONTINUOUS
10
5.491762440944882
20
1.5598442519685038
11
5.491764527559055
21
1.5598444488188976
0
LINE
8
BLACK
6
CONTINUOUS
10
5.491764527559055
20
1.5598444488188976
11
5.5281818503937004
21
1.5598444488188976
0
LINE
8
BLACK
6
CONTINUOUS
10
5.5281818503937004
20
1.5598444488188976
11
5.5281818503937004
21
1.5681402755905511
0
LINE
8
BLACK
6
CONTINUOUS
10
5.5281818503937004
20
1.5681402755905511
11
5.5282385826771652
21
1.5687163385826772
0
LINE
8
BLACK
6
CONTINUOUS
10
5.5282385826771652
20
1.5687163385826772
11
5.5286794881889758
21
1.569780748031496
0
LINE
8
BLACK
6
CONTINUOUS
10
5.5286794881889758
20
1.569780748031496
11
5.5294941338582673
21
1.5705953937007873
0
LINE
8
BLACK
6
CONTINUOUS
10
5.5294941338582673
20
1.5705953937007873
11
5.5305585433070865
21
1.5710362992125984
0
LINE
8
BLACK
6
CONTINUOUS
10
5.5305585433070865
20
1.5710362992125984
11
5.5317106692913383
21
1.5710362992125984
0
LINE
8
BLACK
6
CONTINUOUS
10
5.5317106692913383
20
1.5710362992125984
11
5.5327750787401575
21
1.5705953937007873
0
LINE
8
BLACK
6
CONTINUOUS
10
5.5309002362204724
20
1.5893431102362205
11
5.5309003149606299
21
1.5893430708661418
0
LINE
8
BLACK
6
CONTINUOUS
10
5.5309003149606299
20
1.5893430708661418
11
5.5313477559055118
21
1.5889758661417321
0
LINE
8
BLACK
6
CONTINUOUS
10
5.5313477559055118
20
1.5889758661417321
11
5.5332225196850393
21
1.5871011023622046
0
LINE
8
BLACK
6
CONTINUOUS
10
5.5332225196850393
20
1.5871011023622046
11
5.533589724409449
21
1.5866536614173228
0
LINE
8
BLACK
6
CONTINUOUS
10
5.533589724409449
20
1.5866536614173228
11
5.5337312992125982
21
1.5863118897637796
0
LINE
8
BLACK
6
CONTINUOUS
10
5.5337312992125982
20
1.5863118897637796
11
5.5340306299212596
21
1.5855892125984252
0
LINE
8
BLACK
6
CONTINUOUS
10
5.5340306299212596
20
1.5855892125984252
11
5.5340306299212596
21
1.584437125984252
0
LINE
8
BLACK
6
CONTINUOUS
10
5.5340306299212596
20
1.584437125984252
11
5.533589724409449
21
1.583372716535433
0
LINE
8
BLACK
6
CONTINUOUS
10
5.533589724409449
20
1.583372716535433
11
5.5332225196850393
21
1.5829252755905512
0
LINE
8
BLACK
6
CONTINUOUS
10
5.5332225196850393
20
1.5829252755905512
11
5.5313477559055118
21
1.5810505118110236
0
LINE
8
BLACK
6
CONTINUOUS
10
5.5313477559055118
20
1.5810505118110236
11
5.5309003149606299
21
1.5806833070866142
0
LINE
8
BLACK
6
CONTINUOUS
10
5.5309003149606299
20
1.5806833070866142
11
5.5298359055118107
21
1.5802424015748031
0
LINE
8
BLACK
6
CONTINUOUS
10
5.5298359055118107
20
1.5802424015748031
11
5.5286838188976377
21
1.5802424015748031
0
LINE
8
BLACK
6
CONTINUOUS
10
5.5286838188976377
20
1.5802424015748031
11
5.5276194094488185
21
1.5806832677165354
0
LINE
8
BLACK
6
CONTINUOUS
10
5.5276194094488185
20
1.5806832677165354
11
5.5271719291338579
21
1.5810505118110236
0
LINE
8
BLACK
6
CONTINUOUS
10
5.5271719291338579
20
1.5810505118110236
11
5.5252971653543304
21
1.5829252362204724
0
LINE
8
BLACK
6
CONTINUOUS
10
5.5252971653543304
20
1.5829252362204724
11
5.5249299212598428
21
1.583372716535433
0
LINE
8
BLACK
6
CONTINUOUS
10
5.5249299212598428
20
1.583372716535433
11
5.5249298818897641
21
1.5833727559055117
0
LINE
8
BLACK
6
CONTINUOUS
10
5.5249298818897641
20
1.5833727559055117
11
5.5244890157480313
21
1.5844371653543308
0
LINE
8
BLACK
6
CONTINUOUS
10
5.5244890157480313
20
1.5844371653543308
11
5.5244890157480313
21
1.585589251968504
0
LINE
8
BLACK
6
CONTINUOUS
10
5.5244890157480313
20
1.585589251968504
11
5.5247883464566927
21
1.5863118897637796
0
LINE
8
BLACK
6
CONTINUOUS
10
5.5247883464566927
20
1.5863118897637796
11
5.5249298818897641
21
1.586653622047244
0
LINE
8
BLACK
6
CONTINUOUS
10
5.5249298818897641
20
1.586653622047244
11
5.5249299212598428
21
1.5866536614173228
0
LINE
8
BLACK
6
CONTINUOUS
10
5.5249299212598428
20
1.5866536614173228
11
5.5252971653543304
21
1.5871011417322833
0
LINE
8
BLACK
6
CONTINUOUS
10
5.5252971653543304
20
1.5871011417322833
11
5.5271719291338579
21
1.5889758661417321
0
LINE
8
BLACK
6
CONTINUOUS
10
5.5271719291338579
20
1.5889758661417321
11
5.5276194094488185
21
1.5893431102362205
0
LINE
8
BLACK
6
CONTINUOUS
10
5.5276194094488185
20
1.5893431102362205
11
5.5286838188976377
21
1.5897839763779527
0
LINE
8
BLACK
6
CONTINUOUS
10
5.5286838188976377
20
1.5897839763779527
11
5.5298359055118107
21
1.5897839763779527
0
LINE
8
BLACK
6
CONTINUOUS
10
5.5298359055118107
20
1.5897839763779527
11
5.5309002362204724
21
1.5893431102362205
0
LINE
8
BLACK
6
CONTINUOUS
10
5.5327750787401575
20
1.6268383464566929
11
5.533589724409449
21
1.6260237007874014
0
LINE
8
BLACK
6
CONTINUOUS
10
5.533589724409449
20
1.6260237007874014
11
5.5340306299212596
21
1.6249592913385826
0
LINE
8
BLACK
6
CONTINUOUS
10
5.5340306299212596
20
1.6249592913385826
11
5.5340873622047244
21
1.6243832283464568
0
LINE
8
BLACK
6
CONTINUOUS
10
5.5340873622047244
20
1.6243832283464568
11
5.5340873622047244
21
1.6018860629921259
0
LINE
8
BLACK
6
CONTINUOUS
10
5.5340873622047244
20
1.6018860629921259
11
5.5340306299212596
21
1.60131
0
LINE
8
BLACK
6
CONTINUOUS
10
5.5340306299212596
20
1.60131
11
5.533589724409449
21
1.600245590551181
0
LINE
8
BLACK
6
CONTINUOUS
10
5.533589724409449
20
1.600245590551181
11
5.5327750787401575
21
1.5994309448818897
0
LINE
8
BLACK
6
CONTINUOUS
10
5.5327750787401575
20
1.5994309448818897
11
5.5317106692913383
21
1.5989900393700787
0
LINE
8
BLACK
6
CONTINUOUS
10
5.5317106692913383
20
1.5989900393700787
11
5.5305585433070865
21
1.5989900393700787
0
LINE
8
BLACK
6
CONTINUOUS
10
5.5305585433070865
20
1.5989900393700787
11
5.5294941338582673
21
1.5994309448818897
0
LINE
8
BLACK
6
CONTINUOUS
10
5.5294941338582673
20
1.5994309448818897
11
5.5286794881889758
21
1.600245590551181
0
LINE
8
BLACK
6
CONTINUOUS
10
5.5286794881889758
20
1.600245590551181
11
5.5282385826771652
21
1.60131
0
LINE
8
BLACK
6
CONTINUOUS
10
5.5282385826771652
20
1.60131
11
5.5281818503937004
21
1.6018860629921259
0
LINE
8
BLACK
6
CONTINUOUS
10
5.5281818503937004
20
1.6018860629921259
11
5.5281818503937004
21
1.6101818897637794
0
LINE
8
BLACK
6
CONTINUOUS
10
5.5281818503937004
20
1.6101818897637794
11
5.5007678740157475
21
1.6101818897637794
0
LINE
8
BLACK
6
CONTINUOUS
10
5.5007678740157475
20
1.6101818897637794
11
5.5032262598425197
21
1.6077235039370079
0
LINE
8
BLACK
6
CONTINUOUS
10
5.5032262598425197
20
1.6077235039370079
11
5.5034120866141727
21
1.6074971259842519
0
LINE
8
BLACK
6
CONTINUOUS
10
5.5034120866141727
20
1.6074971259842519
11
5.5034710236220468
21
1.6074459842519684
0
LINE
8
BLACK
6
CONTINUOUS
10
5.5034710236220468
20
1.6074459842519684
11
5.503526889763779
21
1.6073572440944881
0
LINE
8
BLACK
6
CONTINUOUS
10
5.503526889763779
20
1.6073572440944881
11
5.5035935039370081
21
1.6072760629921259
0
LINE
8
BLACK
6
CONTINUOUS
10
5.5035935039370081
20
1.6072760629921259
11
5.5036233464566928
21
1.6072039370078739
0
LINE
8
BLACK
6
CONTINUOUS
10
5.5036233464566928
20
1.6072039370078739
11
5.5037793700787399
21
1.6069561023622048
0
LINE
8
BLACK
6
CONTINUOUS
10
5.5037793700787399
20
1.6069561023622048
11
5.5056541338582674
21
1.6032065748031497
0
LINE
8
BLACK
6
CONTINUOUS
10
5.5056541338582674
20
1.6032065748031497
11
5.5058610236220469
21
1.6026659842519684
0
LINE
8
BLACK
6
CONTINUOUS
10
5.5058610236220469
20
1.6026659842519684
11
5.5059426771653541
21
1.6015167716535432
0
LINE
8
BLACK
6
CONTINUOUS
10
5.5059426771653541
20
1.6015167716535432
11
5.5055783464566925
21
1.6004237795275591
0
LINE
8
BLACK
6
CONTINUOUS
10
5.5055783464566925
20
1.6004237795275591
11
5.5048235039370077
21
1.5995534251968504
0
LINE
8
BLACK
6
CONTINUOUS
10
5.5048235039370077
20
1.5995534251968504
11
5.5037929921259838
21
1.5990381496062991
0
LINE
8
BLACK
6
CONTINUOUS
10
5.5037929921259838
20
1.5990381496062991
11
5.5026437795275589
21
1.5989564960629921
0
LINE
8
BLACK
6
CONTINUOUS
10
5.5026437795275589
20
1.5989564960629921
11
5.5015508267716537
21
1.5993208267716534
0
LINE
8
BLACK
6
CONTINUOUS
10
5.5015508267716537
20
1.5993208267716534
11
5.5006804330708663
21
1.6000756692913385
0
LINE
8
BLACK
6
CONTINUOUS
10
5.5006804330708663
20
1.6000756692913385
11
5.5003720866141732
21
1.6005655511811023
0
LINE
8
BLACK
6
CONTINUOUS
10
5.5003720866141732
20
1.6005655511811023
11
5.498711614173228
21
1.6038864960629922
0
LINE
8
BLACK
6
CONTINUOUS
10
5.498711614173228
20
1.6038864960629922
11
5.4955076377952752
21
1.6070904724409449
0
LINE
8
BLACK
6
CONTINUOUS
10
5.4955076377952752
20
1.6070904724409449
11
5.4901266141732279
21
1.6106777952755904
0
LINE
8
BLACK
6
CONTINUOUS
10
5.4901266141732279
20
1.6106777952755904
11
5.4901249212598424
21
1.6106791732283465
0
LINE
8
BLACK
6
CONTINUOUS
10
5.4901249212598424
20
1.6106791732283465
11
5.4901240551181099
21
1.6106795275590551
0
LINE
8
BLACK
6
CONTINUOUS
10
5.4901240551181099
20
1.6106795275590551
11
5.4901220078740156
21
1.6106815748031496
0
LINE
8
BLACK
6
CONTINUOUS
10
5.4901220078740156
20
1.6106815748031496
11
5.4896787795275586
21
1.6110445669291338
0
LINE
8
BLACK
6
CONTINUOUS
10
5.4896787795275586
20
1.6110445669291338
11
5.489516102362205
21
1.6112874803149606
0
LINE
8
BLACK
6
CONTINUOUS
10
5.489516102362205
20
1.6112874803149606
11
5.4893094094488184
21
1.6114941732283463
0
LINE
8
BLACK
6
CONTINUOUS
10
5.4893094094488184
20
1.6114941732283463
11
5.4891986614173227
21
1.611761496062992
0
LINE
8
BLACK
6
CONTINUOUS
10
5.4891986614173227
20
1.611761496062992
11
5.4890377165354334
21
1.6120018503937008
0
LINE
8
BLACK
6
CONTINUOUS
10
5.4890377165354334
20
1.6120018503937008
11
5.4889803543307085
21
1.6122885039370078
0
LINE
8
BLACK
6
CONTINUOUS
10
5.4889803543307085
20
1.6122885039370078
11
5.4888685039370078
21
1.6125585826771653
0
LINE
8
BLACK
6
CONTINUOUS
10
5.4888685039370078
20
1.6125585826771653
11
5.4888685039370078
21
1.6128479133858267
0
LINE
8
BLACK
6
CONTINUOUS
10
5.4888685039370078
20
1.6128479133858267
11
5.4888117716535429
21
1.6131315354330709
0
LINE
8
BLACK
6
CONTINUOUS
10
5.4888117716535429
20
1.6131315354330709
11
5.4888685039370078
21
1.6134183464566929
0
LINE
8
BLACK
6
CONTINUOUS
10
5.4888685039370078
20
1.6134183464566929
11
5.4888685039370078
21
1.6137107086614173
0
LINE
8
BLACK
6
CONTINUOUS
10
5.4888685039370078
20
1.6137107086614173
11
5.4889792125984247
21
1.6139779921259843
0
LINE
8
BLACK
6
CONTINUOUS
10
5.4889792125984247
20
1.6139779921259843
11
5.4890353543307082
21
1.6142617716535432
0
LINE
8
BLACK
6
CONTINUOUS
10
5.4890353543307082
20
1.6142617716535432
11
5.4891975196850389
21
1.6145050393700786
0
LINE
8
BLACK
6
CONTINUOUS
10
5.4891975196850389
20
1.6145050393700786
11
5.4893094094488184
21
1.6147751181102361
0
LINE
8
BLACK
6
CONTINUOUS
10
5.4893094094488184
20
1.6147751181102361
11
5.4895139370078736
21
1.6149796850393701
0
LINE
8
BLACK
6
CONTINUOUS
10
5.4895139370078736
20
1.6149796850393701
11
5.4896744488188975
21
1.6152203937007874
0
LINE
8
BLACK
6
CONTINUOUS
10
5.4896744488188975
20
1.6152203937007874
11
5.4899173228346454
21
1.6153830708661416
0
LINE
8
BLACK
6
CONTINUOUS
10
5.4899173228346454
20
1.6153830708661416
11
5.4901240551181099
21
1.6155897637795276
0
LINE
8
BLACK
6
CONTINUOUS
10
5.4901240551181099
20
1.6155897637795276
11
5.4903913385826772
21
1.6157005118110235
0
LINE
8
BLACK
6
CONTINUOUS
10
5.4903913385826772
20
1.6157005118110235
11
5.4906317322834646
21
1.6158614566929133
0
LINE
8
BLACK
6
CONTINUOUS
10
5.4906317322834646
20
1.6158614566929133
11
5.4909183464566924
21
1.6159188188976377
0
LINE
8
BLACK
6
CONTINUOUS
10
5.4909183464566924
20
1.6159188188976377
11
5.4911884645669291
21
1.6160306692913387
0
LINE
8
BLACK
6
CONTINUOUS
10
5.4911884645669291
20
1.6160306692913387
11
5.4917583858267713
21
1.6160868110236219
0
LINE
8
BLACK
6
CONTINUOUS
10
5.4917583858267713
20
1.6160868110236219
11
5.4917614173228344
21
1.616087401574803
0
LINE
8
BLACK
6
CONTINUOUS
10
5.4917614173228344
20
1.616087401574803
11
5.491762440944882
21
1.6160872047244095
0
LINE
8
BLACK
6
CONTINUOUS
10
5.491762440944882
20
1.6160872047244095
11
5.491764527559055
21
1.616087401574803
0
LINE
8
BLACK
6
CONTINUOUS
10
5.491764527559055
20
1.616087401574803
11
5.5281818503937004
21
1.616087401574803
0
LINE
8
BLACK
6
CONTINUOUS
10
5.5281818503937004
20
1.616087401574803
11
5.5281818503937004
21
1.6243832283464568
0
LINE
8
BLACK
6
CONTINUOUS
10
5.5281818503937004
20
1.6243832283464568
11
5.5282385826771652
21
1.6249592913385826
0
LINE
8
BLACK
6
CONTINUOUS
10
5.5282385826771652
20
1.6249592913385826
11
5.5286794881889758
21
1.6260237007874014
0
LINE
8
BLACK
6
CONTINUOUS
10
5.5286794881889758
20
1.6260237007874014
11
5.5294941338582673
21
1.6268383464566929
0
LINE
8
BLACK
6
CONTINUOUS
10
5.5294941338582673
20
1.6268383464566929
11
5.5305585433070865
21
1.627279251968504
0
LINE
8
BLACK
6
CONTINUOUS
10
5.5305585433070865
20
1.627279251968504
11
5.5317106692913383
21
1.627279251968504
0
LINE
8
BLACK
6
CONTINUOUS
10
5.5317106692913383
20
1.627279251968504
11
5.5327750787401575
21
1.6268383464566929
0
LINE
8
BLACK
6
CONTINUOUS
10
5.5033046456692913
20
1.6648025984251968
11
5.503382401574803
21
1.6648081102362204
0
LINE
8
BLACK
6
CONTINUOUS
10
5.503382401574803
20
1.6648081102362204
11
5.5034846456692916
21
1.6647848818897637
0
LINE
8
BLACK
6
CONTINUOUS
10
5.5034846456692916
20
1.6647848818897637
11
5.5035891732283462
21
1.6647745669291338
0
LINE
8
BLACK
6
CONTINUOUS
10
5.5035891732283462
20
1.6647745669291338
11
5.5036612598425192
21
1.6647447244094489
0
LINE
8
BLACK
6
CONTINUOUS
10
5.5036612598425192
20
1.6647447244094489
11
5.5039468503937004
21
1.6646797637795274
0
LINE
8
BLACK
6
CONTINUOUS
10
5.5039468503937004
20
1.6646797637795274
11
5.509571141732283
21
1.6628049999999999
0
LINE
8
BLACK
6
CONTINUOUS
10
5.509571141732283
20
1.6628049999999999
11
5.5100996850393695
21
1.6625690157480315
0
LINE
8
BLACK
6
CONTINUOUS
10
5.5100996850393695
20
1.6625690157480315
11
5.5101798031496063
21
1.6624995275590551
0
LINE
8
BLACK
6
CONTINUOUS
10
5.5101798031496063
20
1.6624995275590551
11
5.5102778740157481
21
1.6624588976377952
0
LINE
8
BLACK
6
CONTINUOUS
10
5.5102778740157481
20
1.6624588976377952
11
5.5107253149606299
21
1.6620916929133858
0
LINE
8
BLACK
6
CONTINUOUS
10
5.5107253149606299
20
1.6620916929133858
11
5.5281818503937004
21
1.6446351968503936
0
LINE
8
BLACK
6
CONTINUOUS
10
5.5281818503937004
20
1.6446351968503936
11
5.5281818503937004
21
1.6618785433070866
0
LINE
8
BLACK
6
CONTINUOUS
10
5.5281818503937004
20
1.6618785433070866
11
5.5282385826771652
21
1.6624546062992125
0
LINE
8
BLACK
6
CONTINUOUS
10
5.5282385826771652
20
1.6624546062992125
11
5.5286794881889758
21
1.6635190157480315
0
LINE
8
BLACK
6
CONTINUOUS
10
5.5286794881889758
20
1.6635190157480315
11
5.5294941338582673
21
1.6643336614173228
0
LINE
8
BLACK
6
CONTINUOUS
10
5.5294941338582673
20
1.6643336614173228
11
5.5305585433070865
21
1.6647745669291338
0
LINE
8
BLACK
6
CONTINUOUS
10
5.5305585433070865
20
1.6647745669291338
11
5.5317106692913383
21
1.6647745669291338
0
LINE
8
BLACK
6
CONTINUOUS
10
5.5317106692913383
20
1.6647745669291338
11
5.5327750787401575
21
1.6643336614173228
0
LINE
8
BLACK
6
CONTINUOUS
10
5.5327750787401575
20
1.6643336614173228
11
5.533589724409449
21
1.6635190157480315
0
LINE
8
BLACK
6
CONTINUOUS
10
5.533589724409449
20
1.6635190157480315
11
5.5340306299212596
21
1.6624546062992125
0
LINE
8
BLACK
6
CONTINUOUS
10
5.5340306299212596
20
1.6624546062992125
11
5.5340873622047244
21
1.6618785433070866
0
LINE
8
BLACK
6
CONTINUOUS
10
5.5340873622047244
20
1.6618785433070866
11
5.5340873622047244
21
1.6375066141732284
0
LINE
8
BLACK
6
CONTINUOUS
10
5.5340873622047244
20
1.6375066141732284
11
5.5340306299212596
21
1.6369305511811023
0
LINE
8
BLACK
6
CONTINUOUS
10
5.5340306299212596
20
1.6369305511811023
11
5.5339014960629918
21
1.6366188188976378
0
LINE
8
BLACK
6
CONTINUOUS
10
5.5339014960629918
20
1.6366188188976378
11
5.5335897637795277
21
1.6358661417322835
0
LINE
8
BLACK
6
CONTINUOUS
10
5.5335897637795277
20
1.6358661417322835
11
5.5327750787401575
21
1.635051496062992
0
LINE
8
BLACK
6
CONTINUOUS
10
5.5327750787401575
20
1.635051496062992
11
5.5317106692913383
21
1.634610590551181
0
LINE
8
BLACK
6
CONTINUOUS
10
5.5317106692913383
20
1.634610590551181
11
5.5305585826771653
21
1.634610590551181
0
LINE
8
BLACK
6
CONTINUOUS
10
5.5305585826771653
20
1.634610590551181
11
5.5305585433070865
21
1.634610590551181
0
LINE
8
BLACK
6
CONTINUOUS
10
5.5305585433070865
20
1.634610590551181
11
5.5302467716535428
21
1.6347397244094488
0
LINE
8
BLACK
6
CONTINUOUS
10
5.5302467716535428
20
1.6347397244094488
11
5.5294941338582673
21
1.6350514566929133
0
LINE
8
BLACK
6
CONTINUOUS
10
5.5294941338582673
20
1.6350514566929133
11
5.5290466929133855
21
1.6354187007874015
0
LINE
8
BLACK
6
CONTINUOUS
10
5.5290466929133855
20
1.6354187007874015
11
5.5070423622047242
21
1.6574229921259842
0
LINE
8
BLACK
6
CONTINUOUS
10
5.5070423622047242
20
1.6574229921259842
11
5.5025339763779524
21
1.6589257874015748
0
LINE
8
BLACK
6
CONTINUOUS
10
5.5025339763779524
20
1.6589257874015748
11
5.4999606299212598
21
1.6589257874015748
0
LINE
8
BLACK
6
CONTINUOUS
10
5.4999606299212598
20
1.6589257874015748
11
5.4972631496062991
21
1.6575770472440945
0
LINE
8
BLACK
6
CONTINUOUS
10
5.4972631496062991
20
1.6575770472440945
11
5.4960660236220473
21
1.6563799212598425
0
LINE
8
BLACK
6
CONTINUOUS
10
5.4960660236220473
20
1.6563799212598425
11
5.494717283464567
21
1.6536824409448818
0
LINE
8
BLACK
6
CONTINUOUS
10
5.494717283464567
20
1.6536824409448818
11
5.494717283464567
21
1.645702716535433
0
LINE
8
BLACK
6
CONTINUOUS
10
5.494717283464567
20
1.645702716535433
11
5.4960660236220473
21
1.6430052362204723
0
LINE
8
BLACK
6
CONTINUOUS
10
5.4960660236220473
20
1.6430052362204723
11
5.497601968503937
21
1.6414692913385827
0
LINE
8
BLACK
6
CONTINUOUS
10
5.497601968503937
20
1.6414692913385827
11
5.4979691732283467
21
1.6410218503937009
0
LINE
8
BLACK
6
CONTINUOUS
10
5.4979691732283467
20
1.6410218503937009
11
5.4984100787401573
21
1.6399574409448818
0
LINE
8
BLACK
6
CONTINUOUS
10
5.4984100787401573
20
1.6399574409448818
11
5.4984100787401573
21
1.6388053543307086
0
LINE
8
BLACK
6
CONTINUOUS
10
5.4984100787401573
20
1.6388053543307086
11
5.4979691732283467
21
1.6377409448818898
0
LINE
8
BLACK
6
CONTINUOUS
10
5.4979691732283467
20
1.6377409448818898
11
5.4971544881889765
21
1.6369262598425196
0
LINE
8
BLACK
6
CONTINUOUS
10
5.4971544881889765
20
1.6369262598425196
11
5.4960900787401572
21
1.6364853543307085
0
LINE
8
BLACK
6
CONTINUOUS
10
5.4960900787401572
20
1.6364853543307085
11
5.4949379921259842
21
1.6364853543307085
0
LINE
8
BLACK
6
CONTINUOUS
10
5.4949379921259842
20
1.6364853543307085
11
5.493873582677165
21
1.6369262598425196
0
LINE
8
BLACK
6
CONTINUOUS
10
5.493873582677165
20
1.6369262598425196
11
5.4934261417322832
21
1.637293464566929
0
LINE
8
BLACK
6
CONTINUOUS
10
5.4934261417322832
20
1.637293464566929
11
5.4915513779527556
21
1.6391682283464566
0
LINE
8
BLACK
6
CONTINUOUS
10
5.4915513779527556
20
1.6391682283464566
11
5.4913655905511813
21
1.6393946062992126
0
LINE
8
BLACK
6
CONTINUOUS
10
5.4913655905511813
20
1.6393946062992126
11
5.4913066141732285
21
1.6394457480314961
0
LINE
8
BLACK
6
CONTINUOUS
10
5.4913066141732285
20
1.6394457480314961
11
5.49125062992126
21
1.6395347244094487
0
LINE
8
BLACK
6
CONTINUOUS
10
5.49125062992126
20
1.6395347244094487
11
5.491184173228346
21
1.6396156692913386
0
LINE
8
BLACK
6
CONTINUOUS
10
5.491184173228346
20
1.6396156692913386
11
5.4911543307086612
21
1.6396876377952756
0
LINE
8
BLACK
6
CONTINUOUS
10
5.4911543307086612
20
1.6396876377952756
11
5.4909982677165354
21
1.6399356299212597
0
LINE
8
BLACK
6
CONTINUOUS
10
5.4909982677165354
20
1.6399356299212597
11
5.4891235039370079
21
1.6436851574803149
0
LINE
8
BLACK
6
CONTINUOUS
10
5.4891235039370079
20
1.6436851574803149
11
5.4889166141732284
21
1.6442257874015747
0
LINE
8
BLACK
6
CONTINUOUS
10
5.4889166141732284
20
1.6442257874015747
11
5.4889090944881884
21
1.6443316141732283
0
LINE
8
BLACK
6
CONTINUOUS
10
5.4889090944881884
20
1.6443316141732283
11
5.4888685039370078
21
1.6444296062992125
0
LINE
8
BLACK
6
CONTINUOUS
10
5.4888685039370078
20
1.6444296062992125
11
5.4888117716535429
21
1.6450056692913386
0
LINE
8
BLACK
6
CONTINUOUS
10
5.4888117716535429
20
1.6450056692913386
11
5.4888117716535429
21
1.6543794881889764
0
LINE
8
BLACK
6
CONTINUOUS
10
5.4888117716535429
20
1.6543794881889764
11
5.4888685039370078
21
1.6549555511811023
0
LINE
8
BLACK
6
CONTINUOUS
10
5.4888685039370078
20
1.6549555511811023
11
5.4889090944881884
21
1.6550535826771653
0
LINE
8
BLACK
6
CONTINUOUS
10
5.4889090944881884
20
1.6550535826771653
11
5.4889166141732284
21
1.6551593700787401
0
LINE
8
BLACK
6
CONTINUOUS
10
5.4889166141732284
20
1.6551593700787401
11
5.4891235039370079
21
1.6556999999999999
0
LINE
8
BLACK
6
CONTINUOUS
10
5.4891235039370079
20
1.6556999999999999
11
5.4909982677165354
21
1.6594495275590551
0
LINE
8
BLACK
6
CONTINUOUS
10
5.4909982677165354
20
1.6594495275590551
11
5.4911543307086612
21
1.6596975590551182
0
LINE
8
BLACK
6
CONTINUOUS
10
5.4911543307086612
20
1.6596975590551182
11
5.491184173228346
21
1.6597694881889764
0
LINE
8
BLACK
6
CONTINUOUS
10
5.491184173228346
20
1.6597694881889764
11
5.49125062992126
21
1.6598504724409449
0
LINE
8
BLACK
6
CONTINUOUS
10
5.49125062992126
20
1.6598504724409449
11
5.4913066141732285
21
1.6599394094488189
0
LINE
8
BLACK
6
CONTINUOUS
10
5.4913066141732285
20
1.6599394094488189
11
5.4913655905511813
21
1.6599905905511811
0
LINE
8
BLACK
6
CONTINUOUS
10
5.4913655905511813
20
1.6599905905511811
11
5.4915513779527556
21
1.6602169291338582
0
LINE
8
BLACK
6
CONTINUOUS
10
5.4915513779527556
20
1.6602169291338582
11
5.4934261417322832
21
1.6620916929133858
0
LINE
8
BLACK
6
CONTINUOUS
10
5.4934261417322832
20
1.6620916929133858
11
5.4936524803149602
21
1.6622774803149607
0
LINE
8
BLACK
6
CONTINUOUS
10
5.4936524803149602
20
1.6622774803149607
11
5.4937036614173227
21
1.6623364566929133
0
LINE
8
BLACK
6
CONTINUOUS
10
5.4937036614173227
20
1.6623364566929133
11
5.4937925984251965
21
1.6623924409448818
0
LINE
8
BLACK
6
CONTINUOUS
10
5.4937925984251965
20
1.6623924409448818
11
5.493873582677165
21
1.6624588976377952
0
LINE
8
BLACK
6
CONTINUOUS
10
5.493873582677165
20
1.6624588976377952
11
5.4939455118110239
21
1.6624887401574804
0
LINE
8
BLACK
6
CONTINUOUS
10
5.4939455118110239
20
1.6624887401574804
11
5.4941935433070865
21
1.6626448031496062
0
LINE
8
BLACK
6
CONTINUOUS
10
5.4941935433070865
20
1.6626448031496062
11
5.4979430708661416
21
1.6645195669291337
0
LINE
8
BLACK
6
CONTINUOUS
10
5.4979430708661416
20
1.6645195669291337
11
5.4984836614173229
21
1.6647264566929134
0
LINE
8
BLACK
6
CONTINUOUS
10
5.4984836614173229
20
1.6647264566929134
11
5.4985895275590551
21
1.6647340157480315
0
LINE
8
BLACK
6
CONTINUOUS
10
5.4985895275590551
20
1.6647340157480315
11
5.4986875196850393
21
1.6647745669291338
0
LINE
8
BLACK
6
CONTINUOUS
10
5.4986875196850393
20
1.6647745669291338
11
5.4992635826771652
21
1.6648312992125984
0
LINE
8
BLACK
6
CONTINUOUS
10
5.4992635826771652
20
1.6648312992125984
11
5.5030131102362203
21
1.6648312992125984
0
LINE
8
BLACK
6
CONTINUOUS
10
5.5030131102362203
20
1.6648312992125984
11
5.5033046456692913
21
1.6648025984251968
0
LINE
8
BLACK
6
CONTINUOUS
10
5.5162369685039367
20
1.7023167322834645
11
5.5162800000000001
21
1.7023231102362204
0
LINE
8
BLACK
6
CONTINUOUS
10
5.5162800000000001
20
1.7023231102362204
11
5.516495472440945
21
1.7022912598425197
0
LINE
8
BLACK
6
CONTINUOUS
10
5.516495472440945
20
1.7022912598425197
11
5.5167125196850391
21
1.7022698818897637
0
LINE
8
BLACK
6
CONTINUOUS
10
5.5167125196850391
20
1.7022698818897637
11
5.5167527165354331
21
1.7022532677165354
0
LINE
8
BLACK
6
CONTINUOUS
10
5.5167527165354331
20
1.7022532677165354
11
5.5168525984251966
21
1.7022384645669291
0
LINE
8
BLACK
6
CONTINUOUS
10
5.5168525984251966
20
1.7022384645669291
11
5.5243516535433068
21
1.7003637007874015
0
LINE
8
BLACK
6
CONTINUOUS
10
5.5243516535433068
20
1.7003637007874015
11
5.5243941338582676
21
1.7003485433070866
0
LINE
8
BLACK
6
CONTINUOUS
10
5.5243941338582676
20
1.7003485433070866
11
5.5244153937007869
21
1.7003470078740157
0
LINE
8
BLACK
6
CONTINUOUS
10
5.5244153937007869
20
1.7003470078740157
11
5.5246548031496063
21
1.7002553937007874
0
LINE
8
BLACK
6
CONTINUOUS
10
5.5246548031496063
20
1.7002553937007874
11
5.5248967716535429
21
1.7001689370078741
0
LINE
8
BLACK
6
CONTINUOUS
10
5.5248967716535429
20
1.7001689370078741
11
5.5249138976377949
21
1.7001562598425197
0
LINE
8
BLACK
6
CONTINUOUS
10
5.5249138976377949
20
1.7001562598425197
11
5.524956023622047
21
1.7001401181102362
0
LINE
8
BLACK
6
CONTINUOUS
10
5.524956023622047
20
1.7001401181102362
11
5.5287055511811021
21
1.6982653543307087
0
LINE
8
BLACK
6
CONTINUOUS
10
5.5287055511811021
20
1.6982653543307087
11
5.5289534251968506
21
1.6981093307086614
0
LINE
8
BLACK
6
CONTINUOUS
10
5.5289534251968506
20
1.6981093307086614
11
5.5290254724409449
21
1.6980794881889762
0
LINE
8
BLACK
6
CONTINUOUS
10
5.5290254724409449
20
1.6980794881889762
11
5.5291064960629921
21
1.6980129921259841
0
LINE
8
BLACK
6
CONTINUOUS
10
5.5291064960629921
20
1.6980129921259841
11
5.5291954330708659
21
1.6979570078740156
0
LINE
8
BLACK
6
CONTINUOUS
10
5.5291954330708659
20
1.6979570078740156
11
5.5292465748031496
21
1.697898031496063
0
LINE
8
BLACK
6
CONTINUOUS
10
5.5292465748031496
20
1.697898031496063
11
5.5294729133858267
21
1.6977122834645668
0
LINE
8
BLACK
6
CONTINUOUS
10
5.5294729133858267
20
1.6977122834645668
11
5.531347716535433
21
1.6958375196850393
0
LINE
8
BLACK
6
CONTINUOUS
10
5.531347716535433
20
1.6958375196850393
11
5.5315334645669294
21
1.6956111811023622
0
LINE
8
BLACK
6
CONTINUOUS
10
5.5315334645669294
20
1.6956111811023622
11
5.5315925196850388
21
1.6955599606299212
0
LINE
8
BLACK
6
CONTINUOUS
10
5.5315925196850388
20
1.6955599606299212
11
5.5316485039370074
21
1.6954710236220472
0
LINE
8
BLACK
6
CONTINUOUS
10
5.5316485039370074
20
1.6954710236220472
11
5.5317149606299214
21
1.6953900393700787
0
LINE
8
BLACK
6
CONTINUOUS
10
5.5317149606299214
20
1.6953900393700787
11
5.5317447637795274
21
1.6953181102362205
0
LINE
8
BLACK
6
CONTINUOUS
10
5.5317447637795274
20
1.6953181102362205
11
5.5319008661417319
21
1.6950700787401574
0
LINE
8
BLACK
6
CONTINUOUS
10
5.5319008661417319
20
1.6950700787401574
11
5.5337756299212595
21
1.6913205511811022
0
LINE
8
BLACK
6
CONTINUOUS
10
5.5337756299212595
20
1.6913205511811022
11
5.533982519685039
21
1.6907799606299212
0
LINE
8
BLACK
6
CONTINUOUS
10
5.533982519685039
20
1.6907799606299212
11
5.5339900393700789
21
1.6906740944881888
0
LINE
8
BLACK
6
CONTINUOUS
10
5.5339900393700789
20
1.6906740944881888
11
5.5340306299212596
21
1.6905761023622048
0
LINE
8
BLACK
6
CONTINUOUS
10
5.5340306299212596
20
1.6905761023622048
11
5.5340873622047244
21
1.6900000393700787
0
LINE
8
BLACK
6
CONTINUOUS
10
5.5340873622047244
20
1.6900000393700787
11
5.5340873622047244
21
1.6862505118110236
0
LINE
8
BLACK
6
CONTINUOUS
10
5.5340873622047244
20
1.6862505118110236
11
5.5340306299212596
21
1.6856744488188975
0
LINE
8
BLACK
6
CONTINUOUS
10
5.5340306299212596
20
1.6856744488188975
11
5.5339900393700789
21
1.685576496062992
0
LINE
8
BLACK
6
CONTINUOUS
10
5.5339900393700789
20
1.685576496062992
11
5.533982519685039
21
1.6854705905511811
0
LINE
8
BLACK
6
CONTINUOUS
10
5.533982519685039
20
1.6854705905511811
11
5.5337756299212595
21
1.68493
0
LINE
8
BLACK
6
CONTINUOUS
10
5.5337756299212595
20
1.68493
11
5.5319008661417319
21
1.6811804724409449
0
LINE
8
BLACK
6
CONTINUOUS
10
5.5319008661417319
20
1.6811804724409449
11
5.5317447637795274
21
1.6809324803149606
0
LINE
8
BLACK
6
CONTINUOUS
10
5.5317447637795274
20
1.6809324803149606
11
5.5317149606299214
21
1.6808605118110236
0
LINE
8
BLACK
6
CONTINUOUS
10
5.5317149606299214
20
1.6808605118110236
11
5.5316485039370074
21
1.6807795669291339
0
LINE
8
BLACK
6
CONTINUOUS
10
5.5316485039370074
20
1.6807795669291339
11
5.5315925196850388
21
1.6806905905511811
0
LINE
8
BLACK
6
CONTINUOUS
10
5.5315925196850388
20
1.6806905905511811
11
5.5315334645669294
21
1.6806394094488188
0
LINE
8
BLACK
6
CONTINUOUS
10
5.5315334645669294
20
1.6806394094488188
11
5.531347716535433
21
1.680413031496063
0
LINE
8
BLACK
6
CONTINUOUS
10
5.531347716535433
20
1.680413031496063
11
5.5294729133858267
21
1.6785382677165355
0
LINE
8
BLACK
6
CONTINUOUS
10
5.5294729133858267
20
1.6785382677165355
11
5.5292465748031496
21
1.678352559055118
0
LINE
8
BLACK
6
CONTINUOUS
10
5.5292465748031496
20
1.678352559055118
11
5.5291954330708659
21
1.6782935433070865
0
LINE
8
BLACK
6
CONTINUOUS
10
5.5291954330708659
20
1.6782935433070865
11
5.5291064960629921
21
1.6782375984251967
0
LINE
8
BLACK
6
CONTINUOUS
10
5.5291064960629921
20
1.6782375984251967
11
5.5290254724409449
21
1.678171062992126
0
LINE
8
BLACK
6
CONTINUOUS
10
5.5290254724409449
20
1.678171062992126
11
5.5289534251968506
21
1.6781412598425196
0
LINE
8
BLACK
6
CONTINUOUS
10
5.5289534251968506
20
1.6781412598425196
11
5.5287055511811021
21
1.6779851968503936
0
LINE
8
BLACK
6
CONTINUOUS
10
5.5287055511811021
20
1.6779851968503936
11
5.524956023622047
21
1.676110433070866
0
LINE
8
BLACK
6
CONTINUOUS
10
5.524956023622047
20
1.676110433070866
11
5.5249138976377949
21
1.6760943307086613
0
LINE
8
BLACK
6
CONTINUOUS
10
5.5249138976377949
20
1.6760943307086613
11
5.5248967716535429
21
1.6760816141732282
0
LINE
8
BLACK
6
CONTINUOUS
10
5.5248967716535429
20
1.6760816141732282
11
5.5246548031496063
21
1.6759951968503937
0
LINE
8
BLACK
6
CONTINUOUS
10
5.5246548031496063
20
1.6759951968503937
11
5.5244153937007869
21
1.6759035433070866
0
LINE
8
BLACK
6
CONTINUOUS
10
5.5244153937007869
20
1.6759035433070866
11
5.5243941338582676
21
1.6759020472440944
0
LINE
8
BLACK
6
CONTINUOUS
10
5.5243941338582676
20
1.6759020472440944
11
5.5243516535433068
21
1.6758868503937008
0
LINE
8
BLACK
6
CONTINUOUS
10
5.5243516535433068
20
1.6758868503937008
11
5.5168525984251966
21
1.6740120866141732
0
LINE
8
BLACK
6
CONTINUOUS
10
5.5168525984251966
20
1.6740120866141732
11
5.5167527165354331
21
1.6739973228346456
0
LINE
8
BLACK
6
CONTINUOUS
10
5.5167527165354331
20
1.6739973228346456
11
5.5167125196850391
21
1.6739806692913386
0
LINE
8
BLACK
6
CONTINUOUS
10
5.5167125196850391
20
1.6739806692913386
11
5.516495472440945
21
1.6739593307086613
0
LINE
8
BLACK
6
CONTINUOUS
10
5.516495472440945
20
1.6739593307086613
11
5.5162800000000001
21
1.6739274409448819
0
LINE
8
BLACK
6
CONTINUOUS
10
5.5162800000000001
20
1.6739274409448819
11
5.5162369685039367
21
1.6739338582677166
0
LINE
8
BLACK
6
CONTINUOUS
10
5.5162369685039367
20
1.6739338582677166
11
5.5161364566929132
21
1.673923937007874
0
LINE
8
BLACK
6
CONTINUOUS
10
5.5161364566929132
20
1.673923937007874
11
5.5067626377952754
21
1.673923937007874
0
LINE
8
BLACK
6
CONTINUOUS
10
5.5067626377952754
20
1.673923937007874
11
5.5066620866141731
21
1.6739338582677166
0
LINE
8
BLACK
6
CONTINUOUS
10
5.5066620866141731
20
1.6739338582677166
11
5.5066190944881885
21
1.6739274409448819
0
LINE
8
BLACK
6
CONTINUOUS
10
5.5066190944881885
20
1.6739274409448819
11
5.5064035826771649
21
1.6739593307086613
0
LINE
8
BLACK
6
CONTINUOUS
10
5.5064035826771649
20
1.6739593307086613
11
5.5061865748031495
21
1.6739806692913386
0
LINE
8
BLACK
6
CONTINUOUS
10
5.5061865748031495
20
1.6739806692913386
11
5.5061463385826768
21
1.6739973228346456
0
LINE
8
BLACK
6
CONTINUOUS
10
5.5061463385826768
20
1.6739973228346456
11
5.506046496062992
21
1.6740120866141732
0
LINE
8
BLACK
6
CONTINUOUS
10
5.506046496062992
20
1.6740120866141732
11
5.4985474409448818
21
1.6758868503937008
0
LINE
8
BLACK
6
CONTINUOUS
10
5.4985474409448818
20
1.6758868503937008
11
5.4985049212598422
21
1.6759020472440944
0
LINE
8
BLACK
6
CONTINUOUS
10
5.4985049212598422
20
1.6759020472440944
11
5.4984836614173229
21
1.6759035433070866
0
LINE
8
BLACK
6
CONTINUOUS
10
5.4984836614173229
20
1.6759035433070866
11
5.4982438976377948
21
1.6759953149606299
0
LINE
8
BLACK
6
CONTINUOUS
10
5.4982438976377948
20
1.6759953149606299
11
5.4980023228346457
21
1.6760816141732282
0
LINE
8
BLACK
6
CONTINUOUS
10
5.4980023228346457
20
1.6760816141732282
11
5.4979851574803149
21
1.6760943307086613
0
LINE
8
BLACK
6
CONTINUOUS
10
5.4979851574803149
20
1.6760943307086613
11
5.4979430708661416
21
1.676110433070866
0
LINE
8
BLACK
6
CONTINUOUS
10
5.4979430708661416
20
1.676110433070866
11
5.4941935433070865
21
1.6779851968503936
0
LINE
8
BLACK
6
CONTINUOUS
10
5.4941935433070865
20
1.6779851968503936
11
5.4939455118110239
21
1.6781412992125984
0
LINE
8
BLACK
6
CONTINUOUS
10
5.4939455118110239
20
1.6781412992125984
11
5.493873582677165
21
1.6781711023622048
0
LINE
8
BLACK
6
CONTINUOUS
10
5.493873582677165
20
1.6781711023622048
11
5.4937925984251965
21
1.6782375984251967
0
LINE
8
BLACK
6
CONTINUOUS
10
5.4937925984251965
20
1.6782375984251967
11
5.4937036614173227
21
1.6782935433070865
0
LINE
8
BLACK
6
CONTINUOUS
10
5.4937036614173227
20
1.6782935433070865
11
5.4936524803149602
21
1.678352559055118
0
LINE
8
BLACK
6
CONTINUOUS
10
5.4936524803149602
20
1.678352559055118
11
5.4934261417322832
21
1.6785383070866142
0
LINE
8
BLACK
6
CONTINUOUS
10
5.4934261417322832
20
1.6785383070866142
11
5.4915513779527556
21
1.6804130708661418
0
LINE
8
BLACK
6
CONTINUOUS
10
5.4915513779527556
20
1.6804130708661418
11
5.4913655905511813
21
1.6806394488188976
0
LINE
8
BLACK
6
CONTINUOUS
10
5.4913655905511813
20
1.6806394488188976
11
5.4913066141732285
21
1.6806905905511811
0
LINE
8
BLACK
6
CONTINUOUS
10
5.4913066141732285
20
1.6806905905511811
11
5.49125062992126
21
1.6807795669291339
0
LINE
8
BLACK
6
CONTINUOUS
10
5.49125062992126
20
1.6807795669291339
11
5.491184173228346
21
1.6808605118110236
0
LINE
8
BLACK
6
CONTINUOUS
10
5.491184173228346
20
1.6808605118110236
11
5.4911543307086612
21
1.6809324803149606
0
LINE
8
BLACK
6
CONTINUOUS
10
5.4911543307086612
20
1.6809324803149606
11
5.4909982677165354
21
1.6811804724409449
0
LINE
8
BLACK
6
CONTINUOUS
10
5.4909982677165354
20
1.6811804724409449
11
5.4891235039370079
21
1.68493
0
LINE
8
BLACK
6
CONTINUOUS
10
5.4891235039370079
20
1.68493
11
5.4889166141732284
21
1.6854706299212598
0
LINE
8
BLACK
6
CONTINUOUS
10
5.4889166141732284
20
1.6854706299212598
11
5.4889090944881884
21
1.6855764566929134
0
LINE
8
BLACK
6
CONTINUOUS
10
5.4889090944881884
20
1.6855764566929134
11
5.4888685039370078
21
1.6856744488188975
0
LINE
8
BLACK
6
CONTINUOUS
10
5.4888685039370078
20
1.6856744488188975
11
5.4888117716535429
21
1.6862505118110236
0
LINE
8
BLACK
6
CONTINUOUS
10
5.4888117716535429
20
1.6862505118110236
11
5.4888117716535429
21
1.6900000393700787
0
LINE
8
BLACK
6
CONTINUOUS
10
5.4888117716535429
20
1.6900000393700787
11
5.4888685039370078
21
1.6905761023622048
0
LINE
8
BLACK
6
CONTINUOUS
10
5.4888685039370078
20
1.6905761023622048
11
5.4889090944881884
21
1.6906741338582676
0
LINE
8
BLACK
6
CONTINUOUS
10
5.4889090944881884
20
1.6906741338582676
11
5.4889166141732284
21
1.6907799212598424
0
LINE
8
BLACK
6
CONTINUOUS
10
5.4889166141732284
20
1.6907799212598424
11
5.4891235039370079
21
1.6913205511811022
0
LINE
8
BLACK
6
CONTINUOUS
10
5.4891235039370079
20
1.6913205511811022
11
5.4909982677165354
21
1.6950700787401574
0
LINE
8
BLACK
6
CONTINUOUS
10
5.4909982677165354
20
1.6950700787401574
11
5.4911543307086612
21
1.6953181102362205
0
LINE
8
BLACK
6
CONTINUOUS
10
5.4911543307086612
20
1.6953181102362205
11
5.491184173228346
21
1.6953900393700787
0
LINE
8
BLACK
6
CONTINUOUS
10
5.491184173228346
20
1.6953900393700787
11
5.49125062992126
21
1.6954710236220472
0
LINE
8
BLACK
6
CONTINUOUS
10
5.49125062992126
20
1.6954710236220472
11
5.4913066141732285
21
1.6955599606299212
0
LINE
8
BLACK
6
CONTINUOUS
10
5.4913066141732285
20
1.6955599606299212
11
5.4913655905511813
21
1.6956111417322834
0
LINE
8
BLACK
6
CONTINUOUS
10
5.4913655905511813
20
1.6956111417322834
11
5.4915513779527556
21
1.6958374803149605
0
LINE
8
BLACK
6
CONTINUOUS
10
5.4915513779527556
20
1.6958374803149605
11
5.4934261417322832
21
1.6977122440944881
0
LINE
8
BLACK
6
CONTINUOUS
10
5.4934261417322832
20
1.6977122440944881
11
5.4936524803149602
21
1.697898031496063
0
LINE
8
BLACK
6
CONTINUOUS
10
5.4936524803149602
20
1.697898031496063
11
5.4937036614173227
21
1.6979570078740156
0
LINE
8
BLACK
6
CONTINUOUS
10
5.4937036614173227
20
1.6979570078740156
11
5.4937925984251965
21
1.6980129921259841
0
LINE
8
BLACK
6
CONTINUOUS
10
5.4937925984251965
20
1.6980129921259841
11
5.493873582677165
21
1.6980794488188975
0
LINE
8
BLACK
6
CONTINUOUS
10
5.493873582677165
20
1.6980794488188975
11
5.4939455118110239
21
1.6981092913385827
0
LINE
8
BLACK
6
CONTINUOUS
10
5.4939455118110239
20
1.6981092913385827
11
5.4941935433070865
21
1.6982653543307087
0
LINE
8
BLACK
6
CONTINUOUS
10
5.4941935433070865
20
1.6982653543307087
11
5.4979430708661416
21
1.7001401181102362
0
LINE
8
BLACK
6
CONTINUOUS
10
5.4979430708661416
20
1.7001401181102362
11
5.4979851574803149
21
1.7001562598425197
0
LINE
8
BLACK
6
CONTINUOUS
10
5.4979851574803149
20
1.7001562598425197
11
5.4980023228346457
21
1.7001689370078741
0
LINE
8
BLACK
6
CONTINUOUS
10
5.4980023228346457
20
1.7001689370078741
11
5.4982438976377948
21
1.7002552755905511
0
LINE
8
BLACK
6
CONTINUOUS
10
5.4982438976377948
20
1.7002552755905511
11
5.4984836614173229
21
1.7003470078740157
0
LINE
8
BLACK
6
CONTINUOUS
10
5.4984836614173229
20
1.7003470078740157
11
5.4985049212598422
21
1.7003485433070866
0
LINE
8
BLACK
6
CONTINUOUS
10
5.4985049212598422
20
1.7003485433070866
11
5.4985474409448818
21
1.7003637007874015
0
LINE
8
BLACK
6
CONTINUOUS
10
5.4985474409448818
20
1.7003637007874015
11
5.506046496062992
21
1.7022384645669291
0
LINE
8
BLACK
6
CONTINUOUS
10
5.506046496062992
20
1.7022384645669291
11
5.5061463385826768
21
1.7022532677165354
0
LINE
8
BLACK
6
CONTINUOUS
10
5.5061463385826768
20
1.7022532677165354
11
5.5061865748031495
21
1.7022698818897637
0
LINE
8
BLACK
6
CONTINUOUS
10
5.5061865748031495
20
1.7022698818897637
11
5.5064035826771649
21
1.7022912598425197
0
LINE
8
BLACK
6
CONTINUOUS
10
5.5064035826771649
20
1.7022912598425197
11
5.5066190944881885
21
1.7023231102362204
0
LINE
8
BLACK
6
CONTINUOUS
10
5.5066190944881885
20
1.7023231102362204
11
5.5066620866141731
21
1.7023167322834645
0
LINE
8
BLACK
6
CONTINUOUS
10
5.5066620866141731
20
1.7023167322834645
11
5.5067626377952754
21
1.7023266141732283
0
LINE
8
BLACK
6
CONTINUOUS
10
5.5067626377952754
20
1.7023266141732283
11
5.5161364566929132
21
1.7023266141732283
0
LINE
8
BLACK
6
CONTINUOUS
10
5.5161364566929132
20
1.7023266141732283
11
5.5162369685039367
21
1.7023167322834645
0
LINE
8
BLACK
6
CONTINUOUS
10
5.5002941338582678
20
1.6947131102362205
11
5.4972631496062991
21
1.6931975984251968
0
LINE
8
BLACK
6
CONTINUOUS
10
5.4972631496062991
20
1.6931975984251968
11
5.4960660236220473
21
1.6920004724409448
0
LINE
8
BLACK
6
CONTINUOUS
10
5.4960660236220473
20
1.6920004724409448
11
5.494717283464567
21
1.6893029921259841
0
LINE
8
BLACK
6
CONTINUOUS
10
5.494717283464567
20
1.6893029921259841
11
5.494717283464567
21
1.6869475590551182
0
LINE
8
BLACK
6
CONTINUOUS
10
5.494717283464567
20
1.6869475590551182
11
5.4960660236220473
21
1.6842500787401575
0
LINE
8
BLACK
6
CONTINUOUS
10
5.4960660236220473
20
1.6842500787401575
11
5.4972631496062991
21
1.6830529527559055
0
LINE
8
BLACK
6
CONTINUOUS
10
5.4972631496062991
20
1.6830529527559055
11
5.5002941338582678
21
1.6815374803149605
0
LINE
8
BLACK
6
CONTINUOUS
10
5.5002941338582678
20
1.6815374803149605
11
5.507126181102362
21
1.6798294488188976
0
LINE
8
BLACK
6
CONTINUOUS
10
5.507126181102362
20
1.6798294488188976
11
5.5157729133858266
21
1.6798294488188976
0
LINE
8
BLACK
6
CONTINUOUS
10
5.5157729133858266
20
1.6798294488188976
11
5.5226049606299208
21
1.6815374803149605
0
LINE
8
BLACK
6
CONTINUOUS
10
5.5226049606299208
20
1.6815374803149605
11
5.5256359448818895
21
1.6830529921259842
0
LINE
8
BLACK
6
CONTINUOUS
10
5.5256359448818895
20
1.6830529921259842
11
5.52683311023622
21
1.6842501181102363
0
LINE
8
BLACK
6
CONTINUOUS
10
5.52683311023622
20
1.6842501181102363
11
5.5281818503937004
21
1.6869475590551182
0
LINE
8
BLACK
6
CONTINUOUS
10
5.5281818503937004
20
1.6869475590551182
11
5.5281818503937004
21
1.6893029921259841
0
LINE
8
BLACK
6
CONTINUOUS
10
5.5281818503937004
20
1.6893029921259841
11
5.52683311023622
21
1.6920004724409448
0
LINE
8
BLACK
6
CONTINUOUS
10
5.52683311023622
20
1.6920004724409448
11
5.5256359448818895
21
1.6931975984251968
0
LINE
8
BLACK
6
CONTINUOUS
10
5.5256359448818895
20
1.6931975984251968
11
5.5226049606299208
21
1.6947131102362205
0
LINE
8
BLACK
6
CONTINUOUS
10
5.5226049606299208
20
1.6947131102362205
11
5.5157729133858266
21
1.6964211023622047
0
LINE
8
BLACK
6
CONTINUOUS
10
5.5157729133858266
20
1.6964211023622047
11
5.507126181102362
21
1.6964211023622047
0
LINE
8
BLACK
6
CONTINUOUS
10
5.507126181102362
20
1.6964211023622047
11
5.5002941338582678
21
1.6947131102362205
0
LINE
8
BLACK
6
CONTINUOUS
10
5.5162369685039367
20
1.7398120472440946
11
5.5162800000000001
21
1.7398184251968503
0
LINE
8
BLACK
6
CONTINUOUS
10
5.5162800000000001
20
1.7398184251968503
11
5.516495472440945
21
1.7397865748031496
0
LINE
8
BLACK
6
CONTINUOUS
10
5.516495472440945
20
1.7397865748031496
11
5.5167125196850391
21
1.7397651968503938
0
LINE
8
BLACK
6
CONTINUOUS
10
5.5167125196850391
20
1.7397651968503938
11
5.5167527165354331
21
1.7397485826771653
0
LINE
8
BLACK
6
CONTINUOUS
10
5.5167527165354331
20
1.7397485826771653
11
5.5168525984251966
21
1.7397337795275589
0
LINE
8
BLACK
6
CONTINUOUS
10
5.5168525984251966
20
1.7397337795275589
11
5.5243516535433068
21
1.7378590157480314
0
LINE
8
BLACK
6
CONTINUOUS
10
5.5243516535433068
20
1.7378590157480314
11
5.5243941338582676
21
1.7378438582677165
0
LINE
8
BLACK
6
CONTINUOUS
10
5.5243941338582676
20
1.7378438582677165
11
5.5244153937007869
21
1.7378423228346456
0
LINE
8
BLACK
6
CONTINUOUS
10
5.5244153937007869
20
1.7378423228346456
11
5.5246548031496063
21
1.7377507086614172
0
LINE
8
BLACK
6
CONTINUOUS
10
5.5246548031496063
20
1.7377507086614172
11
5.5248967716535429
21
1.7376642519685039
0
LINE
8
BLACK
6
CONTINUOUS
10
5.5248967716535429
20
1.7376642519685039
11
5.5249138976377949
21
1.7376515748031496
0
LINE
8
BLACK
6
CONTINUOUS
10
5.5249138976377949
20
1.7376515748031496
11
5.524956023622047
21
1.7376354330708661
0
LINE
8
BLACK
6
CONTINUOUS
10
5.524956023622047
20
1.7376354330708661
11
5.5287055511811021
21
1.7357606692913385
0
LINE
8
BLACK
6
CONTINUOUS
10
5.5287055511811021
20
1.7357606692913385
11
5.5289534251968506
21
1.7356046456692913
0
LINE
8
BLACK
6
CONTINUOUS
10
5.5289534251968506
20
1.7356046456692913
11
5.5290254724409449
21
1.7355748031496063
0
LINE
8
BLACK
6
CONTINUOUS
10
5.5290254724409449
20
1.7355748031496063
11
5.5291064960629921
21
1.7355083070866142
0
LINE
8
BLACK
6
CONTINUOUS
10
5.5291064960629921
20
1.7355083070866142
11
5.5291954330708659
21
1.7354523228346457
0
LINE
8
BLACK
6
CONTINUOUS
10
5.5291954330708659
20
1.7354523228346457
11
5.5292465748031496
21
1.7353933464566929
0
LINE
8
BLACK
6
CONTINUOUS
10
5.5292465748031496
20
1.7353933464566929
11
5.5294729133858267
21
1.7352075984251969
0
LINE
8
BLACK
6
CONTINUOUS
10
5.5294729133858267
20
1.7352075984251969
11
5.531347716535433
21
1.7333328346456693
0
LINE
8
BLACK
6
CONTINUOUS
10
5.531347716535433
20
1.7333328346456693
11
5.5315334645669294
21
1.7331064960629921
0
LINE
8
BLACK
6
CONTINUOUS
10
5.5315334645669294
20
1.7331064960629921
11
5.5315925196850388
21
1.7330552755905511
0
LINE
8
BLACK
6
CONTINUOUS
10
5.5315925196850388
20
1.7330552755905511
11
5.5316485039370074
21
1.7329663385826772
0
LINE
8
BLACK
6
CONTINUOUS
10
5.5316485039370074
20
1.7329663385826772
11
5.5317149606299214
21
1.7328853543307086
0
LINE
8
BLACK
6
CONTINUOUS
10
5.5317149606299214
20
1.7328853543307086
11
5.5317447637795274
21
1.7328134251968503
0
LINE
8
BLACK
6
CONTINUOUS
10
5.5317447637795274
20
1.7328134251968503
11
5.5319008661417319
21
1.7325653937007874
0
LINE
8
BLACK
6
CONTINUOUS
10
5.5319008661417319
20
1.7325653937007874
11
5.5337756299212595
21
1.7288158661417323
0
LINE
8
BLACK
6
CONTINUOUS
10
5.5337756299212595
20
1.7288158661417323
11
5.533982519685039
21
1.7282752755905511
0
LINE
8
BLACK
6
CONTINUOUS
10
5.533982519685039
20
1.7282752755905511
11
5.5339900393700789
21
1.7281694094488189
0
LINE
8
BLACK
6
CONTINUOUS
10
5.5339900393700789
20
1.7281694094488189
11
5.5340306299212596
21
1.7280714173228346
0
LINE
8
BLACK
6
CONTINUOUS
10
5.5340306299212596
20
1.7280714173228346
11
5.5340873622047244
21
1.7274953543307086
0
LINE
8
BLACK
6
CONTINUOUS
10
5.5340873622047244
20
1.7274953543307086
11
5.5340873622047244
21
1.7237458267716534
0
LINE
8
BLACK
6
CONTINUOUS
10
5.5340873622047244
20
1.7237458267716534
11
5.5340306299212596
21
1.7231697637795276
0
LINE
8
BLACK
6
CONTINUOUS
10
5.5340306299212596
20
1.7231697637795276
11
5.5339900393700789
21
1.7230718110236221
0
LINE
8
BLACK
6
CONTINUOUS
10
5.5339900393700789
20
1.7230718110236221
11
5.533982519685039
21
1.7229659055118109
0
LINE
8
BLACK
6
CONTINUOUS
10
5.533982519685039
20
1.7229659055118109
11
5.5337756299212595
21
1.7224253149606299
0
LINE
8
BLACK
6
CONTINUOUS
10
5.5337756299212595
20
1.7224253149606299
11
5.5319008661417319
21
1.7186757874015748
0
LINE
8
BLACK
6
CONTINUOUS
10
5.5319008661417319
20
1.7186757874015748
11
5.5317447637795274
21
1.7184277952755904
0
LINE
8
BLACK
6
CONTINUOUS
10
5.5317447637795274
20
1.7184277952755904
11
5.5317149606299214
21
1.7183558267716534
0
LINE
8
BLACK
6
CONTINUOUS
10
5.5317149606299214
20
1.7183558267716534
11
5.5316485039370074
21
1.7182748818897637
0
LINE
8
BLACK
6
CONTINUOUS
10
5.5316485039370074
20
1.7182748818897637
11
5.5315925196850388
21
1.7181859055118109
0
LINE
8
BLACK
6
CONTINUOUS
10
5.5315925196850388
20
1.7181859055118109
11
5.5315334645669294
21
1.7181347244094487
0
LINE
8
BLACK
6
CONTINUOUS
10
5.5315334645669294
20
1.7181347244094487
11
5.531347716535433
21
1.7179083464566929
0
LINE
8
BLACK
6
CONTINUOUS
10
5.531347716535433
20
1.7179083464566929
11
5.5294729133858267
21
1.7160335826771653
0
LINE
8
BLACK
6
CONTINUOUS
10
5.5294729133858267
20
1.7160335826771653
11
5.5292465748031496
21
1.7158478740157479
0
LINE
8
BLACK
6
CONTINUOUS
10
5.5292465748031496
20
1.7158478740157479
11
5.5291954330708659
21
1.7157888582677165
0
LINE
8
BLACK
6
CONTINUOUS
10
5.5291954330708659
20
1.7157888582677165
11
5.5291064960629921
21
1.7157329133858268
0
LINE
8
BLACK
6
CONTINUOUS
10
5.5291064960629921
20
1.7157329133858268
11
5.5290254724409449
21
1.7156663779527559
0
LINE
8
BLACK
6
CONTINUOUS
10
5.5290254724409449
20
1.7156663779527559
11
5.5289534251968506
21
1.7156365748031495
0
LINE
8
BLACK
6
CONTINUOUS
10
5.5289534251968506
20
1.7156365748031495
11
5.5287055511811021
21
1.7154805118110237
0
LINE
8
BLACK
6
CONTINUOUS
10
5.5287055511811021
20
1.7154805118110237
11
5.524956023622047
21
1.7136057480314961
0
LINE
8
BLACK
6
CONTINUOUS
10
5.524956023622047
20
1.7136057480314961
11
5.5249138976377949
21
1.7135896456692914
0
LINE
8
BLACK
6
CONTINUOUS
10
5.5249138976377949
20
1.7135896456692914
11
5.5248967716535429
21
1.7135769291338583
0
LINE
8
BLACK
6
CONTINUOUS
10
5.5248967716535429
20
1.7135769291338583
11
5.5246548031496063
21
1.7134905118110235
0
LINE
8
BLACK
6
CONTINUOUS
10
5.5246548031496063
20
1.7134905118110235
11
5.5244153937007869
21
1.7133988582677164
0
LINE
8
BLACK
6
CONTINUOUS
10
5.5244153937007869
20
1.7133988582677164
11
5.5243941338582676
21
1.7133973622047243
0
LINE
8
BLACK
6
CONTINUOUS
10
5.5243941338582676
20
1.7133973622047243
11
5.5243516535433068
21
1.7133821653543306
0
LINE
8
BLACK
6
CONTINUOUS
10
5.5243516535433068
20
1.7133821653543306
11
5.5168525984251966
21
1.7115074015748031
0
LINE
8
BLACK
6
CONTINUOUS
10
5.5168525984251966
20
1.7115074015748031
11
5.5167527165354331
21
1.7114926377952755
0
LINE
8
BLACK
6
CONTINUOUS
10
5.5167527165354331
20
1.7114926377952755
11
5.5167125196850391
21
1.7114759842519685
0
LINE
8
BLACK
6
CONTINUOUS
10
5.5167125196850391
20
1.7114759842519685
11
5.516495472440945
21
1.7114546456692914
0
LINE
8
BLACK
6
CONTINUOUS
10
5.516495472440945
20
1.7114546456692914
11
5.5162800000000001
21
1.7114227559055117
0
LINE
8
BLACK
6
CONTINUOUS
10
5.5162800000000001
20
1.7114227559055117
11
5.5162369685039367
21
1.7114291732283464
0
LINE
8
BLACK
6
CONTINUOUS
10
5.5162369685039367
20
1.7114291732283464
11
5.5161364566929132
21
1.7114192519685039
0
LINE
8
BLACK
6
CONTINUOUS
10
5.5161364566929132
20
1.7114192519685039
11
5.5067626377952754
21
1.7114192519685039
0
LINE
8
BLACK
6
CONTINUOUS
10
5.5067626377952754
20
1.7114192519685039
11
5.5066620866141731
21
1.7114291732283464
0
LINE
8
BLACK
6
CONTINUOUS
10
5.5066620866141731
20
1.7114291732283464
11
5.5066190944881885
21
1.7114227559055117
0
LINE
8
BLACK
6
CONTINUOUS
10
5.5066190944881885
20
1.7114227559055117
11
5.5064035826771649
21
1.7114546456692914
0
LINE
8
BLACK
6
CONTINUOUS
10
5.5064035826771649
20
1.7114546456692914
11
5.5061865748031495
21
1.7114759842519685
0
LINE
8
BLACK
6
CONTINUOUS
10
5.5061865748031495
20
1.7114759842519685
11
5.5061463385826768
21
1.7114926377952755
0
LINE
8
BLACK
6
CONTINUOUS
10
5.5061463385826768
20
1.7114926377952755
11
5.506046496062992
21
1.7115074015748031
0
LINE
8
BLACK
6
CONTINUOUS
10
5.506046496062992
20
1.7115074015748031
11
5.4985474409448818
21
1.7133821653543306
0
LINE
8
BLACK
6
CONTINUOUS
10
5.4985474409448818
20
1.7133821653543306
11
5.4985049212598422
21
1.7133973622047243
0
LINE
8
BLACK
6
CONTINUOUS
10
5.4985049212598422
20
1.7133973622047243
11
5.4984836614173229
21
1.7133988582677164
0
LINE
8
BLACK
6
CONTINUOUS
10
5.4984836614173229
20
1.7133988582677164
11
5.4982438976377948
21
1.7134906299212598
0
LINE
8
BLACK
6
CONTINUOUS
10
5.4982438976377948
20
1.7134906299212598
11
5.4980023228346457
21
1.7135769291338583
0
LINE
8
BLACK
6
CONTINUOUS
10
5.4980023228346457
20
1.7135769291338583
11
5.4979851574803149
21
1.7135896456692914
0
LINE
8
BLACK
6
CONTINUOUS
10
5.4979851574803149
20
1.7135896456692914
11
5.4979430708661416
21
1.7136057480314961
0
LINE
8
BLACK
6
CONTINUOUS
10
5.4979430708661416
20
1.7136057480314961
11
5.4941935433070865
21
1.7154805118110237
0
LINE
8
BLACK
6
CONTINUOUS
10
5.4941935433070865
20
1.7154805118110237
11
5.4939455118110239
21
1.7156366141732282
0
LINE
8
BLACK
6
CONTINUOUS
10
5.4939455118110239
20
1.7156366141732282
11
5.493873582677165
21
1.7156664173228346
0
LINE
8
BLACK
6
CONTINUOUS
10
5.493873582677165
20
1.7156664173228346
11
5.4937925984251965
21
1.7157329133858268
0
LINE
8
BLACK
6
CONTINUOUS
10
5.4937925984251965
20
1.7157329133858268
11
5.4937036614173227
21
1.7157888582677165
0
LINE
8
BLACK
6
CONTINUOUS
10
5.4937036614173227
20
1.7157888582677165
11
5.4936524803149602
21
1.7158478740157479
0
LINE
8
BLACK
6
CONTINUOUS
10
5.4936524803149602
20
1.7158478740157479
11
5.4934261417322832
21
1.7160336220472441
0
LINE
8
BLACK
6
CONTINUOUS
10
5.4934261417322832
20
1.7160336220472441
11
5.4915513779527556
21
1.7179083858267716
0
LINE
8
BLACK
6
CONTINUOUS
10
5.4915513779527556
20
1.7179083858267716
11
5.4913655905511813
21
1.7181347637795275
0
LINE
8
BLACK
6
CONTINUOUS
10
5.4913655905511813
20
1.7181347637795275
11
5.4913066141732285
21
1.7181859055118109
0
LINE
8
BLACK
6
CONTINUOUS
10
5.4913066141732285
20
1.7181859055118109
11
5.49125062992126
21
1.7182748818897637
0
LINE
8
BLACK
6
CONTINUOUS
10
5.49125062992126
20
1.7182748818897637
11
5.491184173228346
21
1.7183558267716534
0
LINE
8
BLACK
6
CONTINUOUS
10
5.491184173228346
20
1.7183558267716534
11
5.4911543307086612
21
1.7184277952755904
0
LINE
8
BLACK
6
CONTINUOUS
10
5.4911543307086612
20
1.7184277952755904
11
5.4909982677165354
21
1.7186757874015748
0
LINE
8
BLACK
6
CONTINUOUS
10
5.4909982677165354
20
1.7186757874015748
11
5.4891235039370079
21
1.7224253149606299
0
LINE
8
BLACK
6
CONTINUOUS
10
5.4891235039370079
20
1.7224253149606299
11
5.4889166141732284
21
1.7229659448818897
0
LINE
8
BLACK
6
CONTINUOUS
10
5.4889166141732284
20
1.7229659448818897
11
5.4889090944881884
21
1.7230717716535433
0
LINE
8
BLACK
6
CONTINUOUS
10
5.4889090944881884
20
1.7230717716535433
11
5.4888685039370078
21
1.7231697637795276
0
LINE
8
BLACK
6
CONTINUOUS
10
5.4888685039370078
20
1.7231697637795276
11
5.4888117716535429
21
1.7237458267716534
0
LINE
8
BLACK
6
CONTINUOUS
10
5.4888117716535429
20
1.7237458267716534
11
5.4888117716535429
21
1.7274953543307086
0
LINE
8
BLACK
6
CONTINUOUS
10
5.4888117716535429
20
1.7274953543307086
11
5.4888685039370078
21
1.7280714173228346
0
LINE
8
BLACK
6
CONTINUOUS
10
5.4888685039370078
20
1.7280714173228346
11
5.4889090944881884
21
1.7281694488188977
0
LINE
8
BLACK
6
CONTINUOUS
10
5.4889090944881884
20
1.7281694488188977
11
5.4889166141732284
21
1.7282752362204723
0
LINE
8
BLACK
6
CONTINUOUS
10
5.4889166141732284
20
1.7282752362204723
11
5.4891235039370079
21
1.7288158661417323
0
LINE
8
BLACK
6
CONTINUOUS
10
5.4891235039370079
20
1.7288158661417323
11
5.4909982677165354
21
1.7325653937007874
0
LINE
8
BLACK
6
CONTINUOUS
10
5.4909982677165354
20
1.7325653937007874
11
5.4911543307086612
21
1.7328134251968503
0
LINE
8
BLACK
6
CONTINUOUS
10
5.4911543307086612
20
1.7328134251968503
11
5.491184173228346
21
1.7328853543307086
0
LINE
8
BLACK
6
CONTINUOUS
10
5.491184173228346
20
1.7328853543307086
11
5.49125062992126
21
1.7329663385826772
0
LINE
8
BLACK
6
CONTINUOUS
10
5.49125062992126
20
1.7329663385826772
11
5.4913066141732285
21
1.7330552755905511
0
LINE
8
BLACK
6
CONTINUOUS
10
5.4913066141732285
20
1.7330552755905511
11
5.4913655905511813
21
1.7331064566929133
0
LINE
8
BLACK
6
CONTINUOUS
10
5.4913655905511813
20
1.7331064566929133
11
5.4915513779527556
21
1.7333327952755906
0
LINE
8
BLACK
6
CONTINUOUS
10
5.4915513779527556
20
1.7333327952755906
11
5.4934261417322832
21
1.7352075590551181
0
LINE
8
BLACK
6
CONTINUOUS
10
5.4934261417322832
20
1.7352075590551181
11
5.4936524803149602
21
1.7353933464566929
0
LINE
8
BLACK
6
CONTINUOUS
10
5.4936524803149602
20
1.7353933464566929
11
5.4937036614173227
21
1.7354523228346457
0
LINE
8
BLACK
6
CONTINUOUS
10
5.4937036614173227
20
1.7354523228346457
11
5.4937925984251965
21
1.7355083070866142
0
LINE
8
BLACK
6
CONTINUOUS
10
5.4937925984251965
20
1.7355083070866142
11
5.493873582677165
21
1.7355747637795276
0
LINE
8
BLACK
6
CONTINUOUS
10
5.493873582677165
20
1.7355747637795276
11
5.4939455118110239
21
1.7356046062992125
0
LINE
8
BLACK
6
CONTINUOUS
10
5.4939455118110239
20
1.7356046062992125
11
5.4941935433070865
21
1.7357606692913385
0
LINE
8
BLACK
6
CONTINUOUS
10
5.4941935433070865
20
1.7357606692913385
11
5.4979430708661416
21
1.7376354330708661
0
LINE
8
BLACK
6
CONTINUOUS
10
5.4979430708661416
20
1.7376354330708661
11
5.4979851574803149
21
1.7376515748031496
0
LINE
8
BLACK
6
CONTINUOUS
10
5.4979851574803149
20
1.7376515748031496
11
5.4980023228346457
21
1.7376642519685039
0
LINE
8
BLACK
6
CONTINUOUS
10
5.4980023228346457
20
1.7376642519685039
11
5.4982438976377948
21
1.737750590551181
0
LINE
8
BLACK
6
CONTINUOUS
10
5.4982438976377948
20
1.737750590551181
11
5.4984836614173229
21
1.7378423228346456
0
LINE
8
BLACK
6
CONTINUOUS
10
5.4984836614173229
20
1.7378423228346456
11
5.4985049212598422
21
1.7378438582677165
0
LINE
8
BLACK
6
CONTINUOUS
10
5.4985049212598422
20
1.7378438582677165
11
5.4985474409448818
21
1.7378590157480314
0
LINE
8
BLACK
6
CONTINUOUS
10
5.4985474409448818
20
1.7378590157480314
11
5.506046496062992
21
1.7397337795275589
0
LINE
8
BLACK
6
CONTINUOUS
10
5.506046496062992
20
1.7397337795275589
11
5.5061463385826768
21
1.7397485826771653
0
LINE
8
BLACK
6
CONTINUOUS
10
5.5061463385826768
20
1.7397485826771653
11
5.5061865748031495
21
1.7397651968503938
0
LINE
8
BLACK
6
CONTINUOUS
10
5.5061865748031495
20
1.7397651968503938
11
5.5064035826771649
21
1.7397865748031496
0
LINE
8
BLACK
6
CONTINUOUS
10
5.5064035826771649
20
1.7397865748031496
11
5.5066190944881885
21
1.7398184251968503
0
LINE
8
BLACK
6
CONTINUOUS
10
5.5066190944881885
20
1.7398184251968503
11
5.5066620866141731
21
1.7398120472440946
0
LINE
8
BLACK
6
CONTINUOUS
10
5.5066620866141731
20
1.7398120472440946
11
5.5067626377952754
21
1.7398219291338581
0
LINE
8
BLACK
6
CONTINUOUS
10
5.5067626377952754
20
1.7398219291338581
11
5.5161364566929132
21
1.7398219291338581
0
LINE
8
BLACK
6
CONTINUOUS
10
5.5161364566929132
20
1.7398219291338581
11
5.5162369685039367
21
1.7398120472440946
0
LINE
8
BLACK
6
CONTINUOUS
10
5.5002941338582678
20
1.7322084251968504
11
5.4972631496062991
21
1.7306929133858266
0
LINE
8
BLACK
6
CONTINUOUS
10
5.4972631496062991
20
1.7306929133858266
11
5.4960660236220473
21
1.7294957874015748
0
LINE
8
BLACK
6
CONTINUOUS
10
5.4960660236220473
20
1.7294957874015748
11
5.494717283464567
21
1.7267983070866142
0
LINE
8
BLACK
6
CONTINUOUS
10
5.494717283464567
20
1.7267983070866142
11
5.494717283464567
21
1.724442874015748
0
LINE
8
BLACK
6
CONTINUOUS
10
5.494717283464567
20
1.724442874015748
11
5.4960660236220473
21
1.7217453937007874
0
LINE
8
BLACK
6
CONTINUOUS
10
5.4960660236220473
20
1.7217453937007874
11
5.4972631496062991
21
1.7205482677165354
0
LINE
8
BLACK
6
CONTINUOUS
10
5.4972631496062991
20
1.7205482677165354
11
5.5002941338582678
21
1.7190327952755906
0
LINE
8
BLACK
6
CONTINUOUS
10
5.5002941338582678
20
1.7190327952755906
11
5.507126181102362
21
1.7173247637795275
0
LINE
8
BLACK
6
CONTINUOUS
10
5.507126181102362
20
1.7173247637795275
11
5.5157729133858266
21
1.7173247637795275
0
LINE
8
BLACK
6
CONTINUOUS
10
5.5157729133858266
20
1.7173247637795275
11
5.5226049606299208
21
1.7190327952755906
0
LINE
8
BLACK
6
CONTINUOUS
10
5.5226049606299208
20
1.7190327952755906
11
5.5256359448818895
21
1.7205483070866141
0
LINE
8
BLACK
6
CONTINUOUS
10
5.5256359448818895
20
1.7205483070866141
11
5.52683311023622
21
1.7217454330708661
0
LINE
8
BLACK
6
CONTINUOUS
10
5.52683311023622
20
1.7217454330708661
11
5.5281818503937004
21
1.724442874015748
0
LINE
8
BLACK
6
CONTINUOUS
10
5.5281818503937004
20
1.724442874015748
11
5.5281818503937004
21
1.7267983070866142
0
LINE
8
BLACK
6
CONTINUOUS
10
5.5281818503937004
20
1.7267983070866142
11
5.52683311023622
21
1.7294957874015748
0
LINE
8
BLACK
6
CONTINUOUS
10
5.52683311023622
20
1.7294957874015748
11
5.5256359448818895
21
1.7306929133858266
0
LINE
8
BLACK
6
CONTINUOUS
10
5.5256359448818895
20
1.7306929133858266
11
5.5226049606299208
21
1.7322084251968504
0
LINE
8
BLACK
6
CONTINUOUS
10
5.5226049606299208
20
1.7322084251968504
11
5.5157729133858266
21
1.7339164173228345
0
LINE
8
BLACK
6
CONTINUOUS
10
5.5157729133858266
20
1.7339164173228345
11
5.507126181102362
21
1.7339164173228345
0
LINE
8
BLACK
6
CONTINUOUS
10
5.507126181102362
20
1.7339164173228345
11
5.5002941338582678
21
1.7322084251968504
0
LINE
8
BLACK
6
CONTINUOUS
10
5.5317106692913383
20
1.8203801574803149
11
5.5327750787401575
21
1.8199392519685038
0
LINE
8
BLACK
6
CONTINUOUS
10
5.5327750787401575
20
1.8199392519685038
11
5.533589724409449
21
1.8191246062992126
0
LINE
8
BLACK
6
CONTINUOUS
10
5.533589724409449
20
1.8191246062992126
11
5.5340306299212596
21
1.8180601968503936
0
LINE
8
BLACK
6
CONTINUOUS
10
5.5340306299212596
20
1.8180601968503936
11
5.5340306299212596
21
1.8169080708661416
0
LINE
8
BLACK
6
CONTINUOUS
10
5.5340306299212596
20
1.8169080708661416
11
5.533589724409449
21
1.8158436614173228
0
LINE
8
BLACK
6
CONTINUOUS
10
5.533589724409449
20
1.8158436614173228
11
5.5327750787401575
21
1.8150290157480315
0
LINE
8
BLACK
6
CONTINUOUS
10
5.5327750787401575
20
1.8150290157480315
11
5.5317106692913383
21
1.8145881102362205
0
LINE
8
BLACK
6
CONTINUOUS
10
5.5317106692913383
20
1.8145881102362205
11
5.5311346062992124
21
1.8145313779527559
0
LINE
8
BLACK
6
CONTINUOUS
10
5.5311346062992124
20
1.8145313779527559
11
5.5112092125984251
21
1.8145313779527559
0
LINE
8
BLACK
6
CONTINUOUS
10
5.5112092125984251
20
1.8145313779527559
11
5.5089634645669294
21
1.8134085433070866
0
LINE
8
BLACK
6
CONTINUOUS
10
5.5089634645669294
20
1.8134085433070866
11
5.5078406299212599
21
1.8111627952755904
0
LINE
8
BLACK
6
CONTINUOUS
10
5.5078406299212599
20
1.8111627952755904
11
5.5078406299212599
21
1.806932559055118
0
LINE
8
BLACK
6
CONTINUOUS
10
5.5078406299212599
20
1.806932559055118
11
5.5089634645669294
21
1.8046868503937008
0
LINE
8
BLACK
6
CONTINUOUS
10
5.5089634645669294
20
1.8046868503937008
11
5.5112092125984251
21
1.8035639763779527
0
LINE
8
BLACK
6
CONTINUOUS
10
5.5112092125984251
20
1.8035639763779527
11
5.5311346062992124
21
1.8035639763779527
0
LINE
8
BLACK
6
CONTINUOUS
10
5.5311346062992124
20
1.8035639763779527
11
5.5317106692913383
21
1.8035072440944881
0
LINE
8
BLACK
6
CONTINUOUS
10
5.5317106692913383
20
1.8035072440944881
11
5.5327750787401575
21
1.8030663385826771
0
LINE
8
BLACK
6
CONTINUOUS
10
5.5327750787401575
20
1.8030663385826771
11
5.533589724409449
21
1.8022516929133858
0
LINE
8
BLACK
6
CONTINUOUS
10
5.533589724409449
20
1.8022516929133858
11
5.5340306299212596
21
1.8011872834645668
0
LINE
8
BLACK
6
CONTINUOUS
10
5.5340306299212596
20
1.8011872834645668
11
5.5340306299212596
21
1.8000351574803148
0
LINE
8
BLACK
6
CONTINUOUS
10
5.5340306299212596
20
1.8000351574803148
11
5.533589724409449
21
1.798970748031496
0
LINE
8
BLACK
6
CONTINUOUS
10
5.533589724409449
20
1.798970748031496
11
5.5327750787401575
21
1.7981561023622046
0
LINE
8
BLACK
6
CONTINUOUS
10
5.5327750787401575
20
1.7981561023622046
11
5.5317106692913383
21
1.7977151968503937
0
LINE
8
BLACK
6
CONTINUOUS
10
5.5317106692913383
20
1.7977151968503937
11
5.5311346062992124
21
1.7976584645669291
0
LINE
8
BLACK
6
CONTINUOUS
10
5.5311346062992124
20
1.7976584645669291
11
5.5112092125984251
21
1.7976584645669291
0
LINE
8
BLACK
6
CONTINUOUS
10
5.5112092125984251
20
1.7976584645669291
11
5.5089634645669294
21
1.7965356299212598
0
LINE
8
BLACK
6
CONTINUOUS
10
5.5089634645669294
20
1.7965356299212598
11
5.5078406299212599
21
1.7942898818897637
0
LINE
8
BLACK
6
CONTINUOUS
10
5.5078406299212599
20
1.7942898818897637
11
5.5078406299212599
21
1.79005968503937
0
LINE
8
BLACK
6
CONTINUOUS
10
5.5078406299212599
20
1.79005968503937
11
5.5091893700787402
21
1.7873622047244093
0
LINE
8
BLACK
6
CONTINUOUS
10
5.5091893700787402
20
1.7873622047244093
11
5.5098604724409448
21
1.7866911023622047
0
LINE
8
BLACK
6
CONTINUOUS
10
5.5098604724409448
20
1.7866911023622047
11
5.5311346062992124
21
1.7866911023622047
0
LINE
8
BLACK
6
CONTINUOUS
10
5.5311346062992124
20
1.7866911023622047
11
5.5317106692913383
21
1.7866343700787402
0
LINE
8
BLACK
6
CONTINUOUS
10
5.5317106692913383
20
1.7866343700787402
11
5.5327750787401575
21
1.7861934645669291
0
LINE
8
BLACK
6
CONTINUOUS
10
5.5327750787401575
20
1.7861934645669291
11
5.533589724409449
21
1.7853788188976378
0
LINE
8
BLACK
6
CONTINUOUS
10
5.533589724409449
20
1.7853788188976378
11
5.5340306299212596
21
1.7843144094488188
0
LINE
8
BLACK
6
CONTINUOUS
10
5.5340306299212596
20
1.7843144094488188
11
5.5340306299212596
21
1.7831622834645668
0
LINE
8
BLACK
6
CONTINUOUS
10
5.5340306299212596
20
1.7831622834645668
11
5.533589724409449
21
1.782097874015748
0
LINE
8
BLACK
6
CONTINUOUS
10
5.533589724409449
20
1.782097874015748
11
5.5327750787401575
21
1.7812832283464566
0
LINE
8
BLACK
6
CONTINUOUS
10
5.5327750787401575
20
1.7812832283464566
11
5.5317106692913383
21
1.7808423228346457
0
LINE
8
BLACK
6
CONTINUOUS
10
5.5317106692913383
20
1.7808423228346457
11
5.5311346062992124
21
1.7807855905511811
0
LINE
8
BLACK
6
CONTINUOUS
10
5.5311346062992124
20
1.7807855905511811
11
5.5048878740157479
21
1.7807855905511811
0
LINE
8
BLACK
6
CONTINUOUS
10
5.5048878740157479
20
1.7807855905511811
11
5.504311811023622
21
1.7808423228346457
0
LINE
8
BLACK
6
CONTINUOUS
10
5.504311811023622
20
1.7808423228346457
11
5.5032474015748027
21
1.7812832283464566
0
LINE
8
BLACK
6
CONTINUOUS
10
5.5032474015748027
20
1.7812832283464566
11
5.5024327559055113
21
1.782097874015748
0
LINE
8
BLACK
6
CONTINUOUS
10
5.5024327559055113
20
1.782097874015748
11
5.5019918503937006
21
1.7831622834645668
0
LINE
8
BLACK
6
CONTINUOUS
10
5.5019918503937006
20
1.7831622834645668
11
5.5019918503937006
21
1.7843144094488188
0
LINE
8
BLACK
6
CONTINUOUS
10
5.5019918503937006
20
1.7843144094488188
11
5.5024327559055113
21
1.7853788188976378
0
LINE
8
BLACK
6
CONTINUOUS
10
5.5024327559055113
20
1.7853788188976378
11
5.5031965748031491
21
1.7861426771653544
0
LINE
8
BLACK
6
CONTINUOUS
10
5.5031965748031491
20
1.7861426771653544
11
5.5022468503937008
21
1.7880421259842518
0
LINE
8
BLACK
6
CONTINUOUS
10
5.5022468503937008
20
1.7880421259842518
11
5.5020399606299213
21
1.7885827559055119
0
LINE
8
BLACK
6
CONTINUOUS
10
5.5020399606299213
20
1.7885827559055119
11
5.5020324409448822
21
1.7886885826771652
0
LINE
8
BLACK
6
CONTINUOUS
10
5.5020324409448822
20
1.7886885826771652
11
5.5019918503937006
21
1.7887865748031495
0
LINE
8
BLACK
6
CONTINUOUS
10
5.5019918503937006
20
1.7887865748031495
11
5.5019351181102358
21
1.7893626377952756
0
LINE
8
BLACK
6
CONTINUOUS
10
5.5019351181102358
20
1.7893626377952756
11
5.5019351181102358
21
1.7949869291338583
0
LINE
8
BLACK
6
CONTINUOUS
10
5.5019351181102358
20
1.7949869291338583
11
5.5019918503937006
21
1.7955629921259841
0
LINE
8
BLACK
6
CONTINUOUS
10
5.5019918503937006
20
1.7955629921259841
11
5.5020324409448822
21
1.7956610236220472
0
LINE
8
BLACK
6
CONTINUOUS
10
5.5020324409448822
20
1.7956610236220472
11
5.5020399606299213
21
1.795766811023622
0
LINE
8
BLACK
6
CONTINUOUS
10
5.5020399606299213
20
1.795766811023622
11
5.5022468503937008
21
1.7963074409448818
0
LINE
8
BLACK
6
CONTINUOUS
10
5.5022468503937008
20
1.7963074409448818
11
5.5041216141732283
21
1.8000569685039369
0
LINE
8
BLACK
6
CONTINUOUS
10
5.5041216141732283
20
1.8000569685039369
11
5.5041822440944879
21
1.8001533464566928
0
LINE
8
BLACK
6
CONTINUOUS
10
5.5041822440944879
20
1.8001533464566928
11
5.5041974015748032
21
1.8001987401574804
0
LINE
8
BLACK
6
CONTINUOUS
10
5.5041974015748032
20
1.8001987401574804
11
5.5042464173228343
21
1.80025531496063
0
LINE
8
BLACK
6
CONTINUOUS
10
5.5042464173228343
20
1.80025531496063
11
5.5044299606299214
21
1.8005468503937008
0
LINE
8
BLACK
6
CONTINUOUS
10
5.5044299606299214
20
1.8005468503937008
11
5.5045041732283462
21
1.8006112204724409
0
LINE
8
BLACK
6
CONTINUOUS
10
5.5045041732283462
20
1.8006112204724409
11
5.5044299606299214
21
1.8006755905511811
0
LINE
8
BLACK
6
CONTINUOUS
10
5.5044299606299214
20
1.8006755905511811
11
5.5042464173228343
21
1.8009671653543307
0
LINE
8
BLACK
6
CONTINUOUS
10
5.5042464173228343
20
1.8009671653543307
11
5.5041974015748032
21
1.8010237007874015
0
LINE
8
BLACK
6
CONTINUOUS
10
5.5041974015748032
20
1.8010237007874015
11
5.5041822440944879
21
1.8010691338582676
0
LINE
8
BLACK
6
CONTINUOUS
10
5.5041822440944879
20
1.8010691338582676
11
5.5041216141732283
21
1.8011654724409449
0
LINE
8
BLACK
6
CONTINUOUS
10
5.5041216141732283
20
1.8011654724409449
11
5.5022468503937008
21
1.804915
0
LINE
8
BLACK
6
CONTINUOUS
10
5.5022468503937008
20
1.804915
11
5.5020399606299213
21
1.8054556299212599
0
LINE
8
BLACK
6
CONTINUOUS
10
5.5020399606299213
20
1.8054556299212599
11
5.5020324409448822
21
1.8055614566929132
0
LINE
8
BLACK
6
CONTINUOUS
10
5.5020324409448822
20
1.8055614566929132
11
5.5019918503937006
21
1.8056594488188975
0
LINE
8
BLACK
6
CONTINUOUS
10
5.5019918503937006
20
1.8056594488188975
11
5.5019351181102358
21
1.8062355118110236
0
LINE
8
BLACK
6
CONTINUOUS
10
5.5019351181102358
20
1.8062355118110236
11
5.5019351181102358
21
1.8118598031496063
0
LINE
8
BLACK
6
CONTINUOUS
10
5.5019351181102358
20
1.8118598031496063
11
5.5019918503937006
21
1.8124358661417321
0
LINE
8
BLACK
6
CONTINUOUS
10
5.5019918503937006
20
1.8124358661417321
11
5.5020324409448822
21
1.8125338976377952
0
LINE
8
BLACK
6
CONTINUOUS
10
5.5020324409448822
20
1.8125338976377952
11
5.5020399606299213
21
1.81263968503937
0
LINE
8
BLACK
6
CONTINUOUS
10
5.5020399606299213
20
1.81263968503937
11
5.5022468503937008
21
1.8131803149606298
0
LINE
8
BLACK
6
CONTINUOUS
10
5.5022468503937008
20
1.8131803149606298
11
5.5041216141732283
21
1.8169298818897637
0
LINE
8
BLACK
6
CONTINUOUS
10
5.5041216141732283
20
1.8169298818897637
11
5.5041822440944879
21
1.817026220472441
0
LINE
8
BLACK
6
CONTINUOUS
10
5.5041822440944879
20
1.817026220472441
11
5.5041974015748032
21
1.8170716535433071
0
LINE
8
BLACK
6
CONTINUOUS
10
5.5041974015748032
20
1.8170716535433071
11
5.504246456692913
21
1.8171282677165355
0
LINE
8
BLACK
6
CONTINUOUS
10
5.504246456692913
20
1.8171282677165355
11
5.5044299606299214
21
1.8174197244094488
0
LINE
8
BLACK
6
CONTINUOUS
10
5.5044299606299214
20
1.8174197244094488
11
5.5047095669291339
21
1.8176622440944881
0
LINE
8
BLACK
6
CONTINUOUS
10
5.5047095669291339
20
1.8176622440944881
11
5.504952244094488
21
1.8179420472440944
0
LINE
8
BLACK
6
CONTINUOUS
10
5.504952244094488
20
1.8179420472440944
11
5.5052437795275591
21
1.8181255905511811
0
LINE
8
BLACK
6
CONTINUOUS
10
5.5052437795275591
20
1.8181255905511811
11
5.5053003543307089
21
1.8181746062992126
0
LINE
8
BLACK
6
CONTINUOUS
10
5.5053003543307089
20
1.8181746062992126
11
5.5053457480314956
21
1.8181897637795275
0
LINE
8
BLACK
6
CONTINUOUS
10
5.5053457480314956
20
1.8181897637795275
11
5.5054421259842519
21
1.8182503937007874
0
LINE
8
BLACK
6
CONTINUOUS
10
5.5054421259842519
20
1.8182503937007874
11
5.509191653543307
21
1.820125157480315
0
LINE
8
BLACK
6
CONTINUOUS
10
5.509191653543307
20
1.820125157480315
11
5.5097322440944883
21
1.8203320472440945
0
LINE
8
BLACK
6
CONTINUOUS
10
5.5097322440944883
20
1.8203320472440945
11
5.5098381102362204
21
1.8203396062992125
0
LINE
8
BLACK
6
CONTINUOUS
10
5.5098381102362204
20
1.8203396062992125
11
5.5099361023622047
21
1.8203801574803149
0
LINE
8
BLACK
6
CONTINUOUS
10
5.5099361023622047
20
1.8203801574803149
11
5.5105121653543305
21
1.8204368897637795
0
LINE
8
BLACK
6
CONTINUOUS
10
5.5105121653543305
20
1.8204368897637795
11
5.5311346062992124
21
1.8204368897637795
0
LINE
8
BLACK
6
CONTINUOUS
10
5.5311346062992124
20
1.8204368897637795
11
5.5317106692913383
21
1.8203801574803149
0
LINE
8
BLACK
6
CONTINUOUS
10
5.5317106692913383
20
1.8728735826771654
11
5.5327750787401575
21
1.8724326771653543
0
LINE
8
BLACK
6
CONTINUOUS
10
5.5327750787401575
20
1.8724326771653543
11
5.533589724409449
21
1.8716180314960629
0
LINE
8
BLACK
6
CONTINUOUS
10
5.533589724409449
20
1.8716180314960629
11
5.5340306299212596
21
1.8705536220472441
0
LINE
8
BLACK
6
CONTINUOUS
10
5.5340306299212596
20
1.8705536220472441
11
5.5340306299212596
21
1.8694014960629921
0
LINE
8
BLACK
6
CONTINUOUS
10
5.5340306299212596
20
1.8694014960629921
11
5.533589724409449
21
1.8683370866141731
0
LINE
8
BLACK
6
CONTINUOUS
10
5.533589724409449
20
1.8683370866141731
11
5.5327750787401575
21
1.8675224409448818
0
LINE
8
BLACK
6
CONTINUOUS
10
5.5327750787401575
20
1.8675224409448818
11
5.5317106692913383
21
1.8670815354330708
0
LINE
8
BLACK
6
CONTINUOUS
10
5.5317106692913383
20
1.8670815354330708
11
5.5311346062992124
21
1.8670248031496062
0
LINE
8
BLACK
6
CONTINUOUS
10
5.5311346062992124
20
1.8670248031496062
11
5.5112092125984251
21
1.8670248031496062
0
LINE
8
BLACK
6
CONTINUOUS
10
5.5112092125984251
20
1.8670248031496062
11
5.5089634645669294
21
1.8659019685039369
0
LINE
8
BLACK
6
CONTINUOUS
10
5.5089634645669294
20
1.8659019685039369
11
5.5078406299212599
21
1.8636562204724409
0
LINE
8
BLACK
6
CONTINUOUS
10
5.5078406299212599
20
1.8636562204724409
11
5.5078406299212599
21
1.8594259842519685
0
LINE
8
BLACK
6
CONTINUOUS
10
5.5078406299212599
20
1.8594259842519685
11
5.5089634645669294
21
1.8571802755905511
0
LINE
8
BLACK
6
CONTINUOUS
10
5.5089634645669294
20
1.8571802755905511
11
5.5112092125984251
21
1.856057401574803
0
LINE
8
BLACK
6
CONTINUOUS
10
5.5112092125984251
20
1.856057401574803
11
5.5311346062992124
21
1.856057401574803
0
LINE
8
BLACK
6
CONTINUOUS
10
5.5311346062992124
20
1.856057401574803
11
5.5317106692913383
21
1.8560006692913384
0
LINE
8
BLACK
6
CONTINUOUS
10
5.5317106692913383
20
1.8560006692913384
11
5.5327750787401575
21
1.8555597637795276
0
LINE
8
BLACK
6
CONTINUOUS
10
5.5327750787401575
20
1.8555597637795276
11
5.533589724409449
21
1.8547451181102361
0
LINE
8
BLACK
6
CONTINUOUS
10
5.533589724409449
20
1.8547451181102361
11
5.5340306299212596
21
1.8536807086614173
0
LINE
8
BLACK
6
CONTINUOUS
10
5.5340306299212596
20
1.8536807086614173
11
5.5340306299212596
21
1.8525285826771654
0
LINE
8
BLACK
6
CONTINUOUS
10
5.5340306299212596
20
1.8525285826771654
11
5.533589724409449
21
1.8514641732283463
0
LINE
8
BLACK
6
CONTINUOUS
10
5.533589724409449
20
1.8514641732283463
11
5.5327750787401575
21
1.8506495275590551
0
LINE
8
BLACK
6
CONTINUOUS
10
5.5327750787401575
20
1.8506495275590551
11
5.5317106692913383
21
1.850208622047244
0
LINE
8
BLACK
6
CONTINUOUS
10
5.5317106692913383
20
1.850208622047244
11
5.5311346062992124
21
1.8501518897637794
0
LINE
8
BLACK
6
CONTINUOUS
10
5.5311346062992124
20
1.8501518897637794
11
5.5112092125984251
21
1.8501518897637794
0
LINE
8
BLACK
6
CONTINUOUS
10
5.5112092125984251
20
1.8501518897637794
11
5.5089634645669294
21
1.8490290551181101
0
LINE
8
BLACK
6
CONTINUOUS
10
5.5089634645669294
20
1.8490290551181101
11
5.5078406299212599
21
1.8467833070866142
0
LINE
8
BLACK
6
CONTINUOUS
10
5.5078406299212599
20
1.8467833070866142
11
5.5078406299212599
21
1.8425531102362205
0
LINE
8
BLACK
6
CONTINUOUS
10
5.5078406299212599
20
1.8425531102362205
11
5.5091893700787402
21
1.8398556299212598
0
LINE
8
BLACK
6
CONTINUOUS
10
5.5091893700787402
20
1.8398556299212598
11
5.5098604724409448
21
1.839184527559055
0
LINE
8
BLACK
6
CONTINUOUS
10
5.5098604724409448
20
1.839184527559055
11
5.5311346062992124
21
1.839184527559055
0
LINE
8
BLACK
6
CONTINUOUS
10
5.5311346062992124
20
1.839184527559055
11
5.5317106692913383
21
1.8391277952755904
0
LINE
8
BLACK
6
CONTINUOUS
10
5.5317106692913383
20
1.8391277952755904
11
5.5327750787401575
21
1.8386868897637796
0
LINE
8
BLACK
6
CONTINUOUS
10
5.5327750787401575
20
1.8386868897637796
11
5.533589724409449
21
1.8378722440944881
0
LINE
8
BLACK
6
CONTINUOUS
10
5.533589724409449
20
1.8378722440944881
11
5.5340306299212596
21
1.8368078346456693
0
LINE
8
BLACK
6
CONTINUOUS
10
5.5340306299212596
20
1.8368078346456693
11
5.5340306299212596
21
1.8356557086614174
0
LINE
8
BLACK
6
CONTINUOUS
10
5.5340306299212596
20
1.8356557086614174
11
5.533589724409449
21
1.8345912992125983
0
LINE
8
BLACK
6
CONTINUOUS
10
5.533589724409449
20
1.8345912992125983
11
5.5327750787401575
21
1.8337766535433071
0
LINE
8
BLACK
6
CONTINUOUS
10
5.5327750787401575
20
1.8337766535433071
11
5.5317106692913383
21
1.833335748031496
0
LINE
8
BLACK
6
CONTINUOUS
10
5.5317106692913383
20
1.833335748031496
11
5.5311346062992124
21
1.8332790157480314
0
LINE
8
BLACK
6
CONTINUOUS
10
5.5311346062992124
20
1.8332790157480314
11
5.5048878740157479
21
1.8332790157480314
0
LINE
8
BLACK
6
CONTINUOUS
10
5.5048878740157479
20
1.8332790157480314
11
5.504311811023622
21
1.833335748031496
0
LINE
8
BLACK
6
CONTINUOUS
10
5.504311811023622
20
1.833335748031496
11
5.5032474015748027
21
1.8337766535433071
0
LINE
8
BLACK
6
CONTINUOUS
10
5.5032474015748027
20
1.8337766535433071
11
5.5024327559055113
21
1.8345912992125983
0
LINE
8
BLACK
6
CONTINUOUS
10
5.5024327559055113
20
1.8345912992125983
11
5.5019918503937006
21
1.8356557086614174
0
LINE
8
BLACK
6
CONTINUOUS
10
5.5019918503937006
20
1.8356557086614174
11
5.5019918503937006
21
1.8368078346456693
0
LINE
8
BLACK
6
CONTINUOUS
10
5.5019918503937006
20
1.8368078346456693
11
5.5024327559055113
21
1.8378722440944881
0
LINE
8
BLACK
6
CONTINUOUS
10
5.5024327559055113
20
1.8378722440944881
11
5.5031965748031491
21
1.8386361023622046
0
LINE
8
BLACK
6
CONTINUOUS
10
5.5031965748031491
20
1.8386361023622046
11
5.5022468503937008
21
1.8405355511811023
0
LINE
8
BLACK
6
CONTINUOUS
10
5.5022468503937008
20
1.8405355511811023
11
5.5020399606299213
21
1.8410761811023622
0
LINE
8
BLACK
6
CONTINUOUS
10
5.5020399606299213
20
1.8410761811023622
11
5.5020324409448822
21
1.8411820078740158
0
LINE
8
BLACK
6
CONTINUOUS
10
5.5020324409448822
20
1.8411820078740158
11
5.5019918503937006
21
1.84128
0
LINE
8
BLACK
6
CONTINUOUS
10
5.5019918503937006
20
1.84128
11
5.5019351181102358
21
1.8418560629921259
0
LINE
8
BLACK
6
CONTINUOUS
10
5.5019351181102358
20
1.8418560629921259
11
5.5019351181102358
21
1.8474803543307086
0
LINE
8
BLACK
6
CONTINUOUS
10
5.5019351181102358
20
1.8474803543307086
11
5.5019918503937006
21
1.8480564173228347
0
LINE
8
BLACK
6
CONTINUOUS
10
5.5019918503937006
20
1.8480564173228347
11
5.5020324409448822
21
1.8481544488188977
0
LINE
8
BLACK
6
CONTINUOUS
10
5.5020324409448822
20
1.8481544488188977
11
5.5020399606299213
21
1.8482602362204723
0
LINE
8
BLACK
6
CONTINUOUS
10
5.5020399606299213
20
1.8482602362204723
11
5.5022468503937008
21
1.8488008661417323
0
LINE
8
BLACK
6
CONTINUOUS
10
5.5022468503937008
20
1.8488008661417323
11
5.5041216141732283
21
1.8525503937007874
0
LINE
8
BLACK
6
CONTINUOUS
10
5.5041216141732283
20
1.8525503937007874
11
5.5041822440944879
21
1.8526467716535433
0
LINE
8
BLACK
6
CONTINUOUS
10
5.5041822440944879
20
1.8526467716535433
11
5.5041974015748032
21
1.8526921653543307
0
LINE
8
BLACK
6
CONTINUOUS
10
5.5041974015748032
20
1.8526921653543307
11
5.5042464173228343
21
1.8527487401574803
0
LINE
8
BLACK
6
CONTINUOUS
10
5.5042464173228343
20
1.8527487401574803
11
5.5044299606299214
21
1.8530402755905511
0
LINE
8
BLACK
6
CONTINUOUS
10
5.5044299606299214
20
1.8530402755905511
11
5.5045041732283462
21
1.8531046456692912
0
LINE
8
BLACK
6
CONTINUOUS
10
5.5045041732283462
20
1.8531046456692912
11
5.5044299606299214
21
1.8531690157480314
0
LINE
8
BLACK
6
CONTINUOUS
10
5.5044299606299214
20
1.8531690157480314
11
5.5042464173228343
21
1.853460590551181
0
LINE
8
BLACK
6
CONTINUOUS
10
5.5042464173228343
20
1.853460590551181
11
5.5041974015748032
21
1.853517125984252
0
LINE
8
BLACK
6
CONTINUOUS
10
5.5041974015748032
20
1.853517125984252
11
5.5041822440944879
21
1.8535625590551181
0
LINE
8
BLACK
6
CONTINUOUS
10
5.5041822440944879
20
1.8535625590551181
11
5.5041216141732283
21
1.8536588976377952
0
LINE
8
BLACK
6
CONTINUOUS
10
5.5041216141732283
20
1.8536588976377952
11
5.5022468503937008
21
1.8574084251968503
0
LINE
8
BLACK
6
CONTINUOUS
10
5.5022468503937008
20
1.8574084251968503
11
5.5020399606299213
21
1.8579490551181101
0
LINE
8
BLACK
6
CONTINUOUS
10
5.5020399606299213
20
1.8579490551181101
11
5.5020324409448822
21
1.8580548818897638
0
LINE
8
BLACK
6
CONTINUOUS
10
5.5020324409448822
20
1.8580548818897638
11
5.5019918503937006
21
1.858152874015748
0
LINE
8
BLACK
6
CONTINUOUS
10
5.5019918503937006
20
1.858152874015748
11
5.5019351181102358
21
1.8587289370078739
0
LINE
8
BLACK
6
CONTINUOUS
10
5.5019351181102358
20
1.8587289370078739
11
5.5019351181102358
21
1.8643532283464566
0
LINE
8
BLACK
6
CONTINUOUS
10
5.5019351181102358
20
1.8643532283464566
11
5.5019918503937006
21
1.8649292913385827
0
LINE
8
BLACK
6
CONTINUOUS
10
5.5019918503937006
20
1.8649292913385827
11
5.5020324409448822
21
1.8650273228346457
0
LINE
8
BLACK
6
CONTINUOUS
10
5.5020324409448822
20
1.8650273228346457
11
5.5020399606299213
21
1.8651331102362205
0
LINE
8
BLACK
6
CONTINUOUS
10
5.5020399606299213
20
1.8651331102362205
11
5.5022468503937008
21
1.8656737401574803
0
LINE
8
BLACK
6
CONTINUOUS
10
5.5022468503937008
20
1.8656737401574803
11
5.5041216141732283
21
1.8694233070866142
0
LINE
8
BLACK
6
CONTINUOUS
10
5.5041216141732283
20
1.8694233070866142
11
5.5041822440944879
21
1.8695196456692913
0
LINE
8
BLACK
6
CONTINUOUS
10
5.5041822440944879
20
1.8695196456692913
11
5.5041974015748032
21
1.8695650787401574
0
LINE
8
BLACK
6
CONTINUOUS
10
5.5041974015748032
20
1.8695650787401574
11
5.504246456692913
21
1.8696216929133858
0
LINE
8
BLACK
6
CONTINUOUS
10
5.504246456692913
20
1.8696216929133858
11
5.5044299606299214
21
1.8699131496062991
0
LINE
8
BLACK
6
CONTINUOUS
10
5.5044299606299214
20
1.8699131496062991
11
5.5047095669291339
21
1.8701556692913386
0
LINE
8
BLACK
6
CONTINUOUS
10
5.5047095669291339
20
1.8701556692913386
11
5.504952244094488
21
1.8704354724409449
0
LINE
8
BLACK
6
CONTINUOUS
10
5.504952244094488
20
1.8704354724409449
11
5.5052437795275591
21
1.8706190157480314
0
LINE
8
BLACK
6
CONTINUOUS
10
5.5052437795275591
20
1.8706190157480314
11
5.5053003543307089
21
1.8706680314960629
0
LINE
8
BLACK
6
CONTINUOUS
10
5.5053003543307089
20
1.8706680314960629
11
5.5053457480314956
21
1.870683188976378
0
LINE
8
BLACK
6
CONTINUOUS
10
5.5053457480314956
20
1.870683188976378
11
5.5054421259842519
21
1.8707438188976377
0
LINE
8
BLACK
6
CONTINUOUS
10
5.5054421259842519
20
1.8707438188976377
11
5.509191653543307
21
1.8726185826771653
0
LINE
8
BLACK
6
CONTINUOUS
10
5.509191653543307
20
1.8726185826771653
11
5.5097322440944883
21
1.8728254724409448
0
LINE
8
BLACK
6
CONTINUOUS
10
5.5097322440944883
20
1.8728254724409448
11
5.5098381102362204
21
1.8728330314960628
0
LINE
8
BLACK
6
CONTINUOUS
10
5.5098381102362204
20
1.8728330314960628
11
5.5099361023622047
21
1.8728735826771654
0
LINE
8
BLACK
6
CONTINUOUS
10
5.5099361023622047
20
1.8728735826771654
11
5.5105121653543305
21
1.8729303149606298
0
LINE
8
BLACK
6
CONTINUOUS
10
5.5105121653543305
20
1.8729303149606298
11
5.5311346062992124
21
1.8729303149606298
0
LINE
8
BLACK
6
CONTINUOUS
10
5.5311346062992124
20
1.8729303149606298
11
5.5317106692913383
21
1.8728735826771654
0
LINE
8
BLACK
6
CONTINUOUS
10
5.3364757086614176
20
3.6521427165354332
11
5.3370128740157483
21
3.6519270472440946
0
LINE
8
BLACK
6
CONTINUOUS
10
5.3370128740157483
20
3.6519270472440946
11
5.3770472440944879
21
3.6310864960629918
0
LINE
8
BLACK
6
CONTINUOUS
10
5.3770472440944879
20
3.6310864960629918
11
5.3770472440944879
21
3.6493078740157481
0
LINE
8
BLACK
6
CONTINUOUS
10
5.3770472440944879
20
3.6493078740157481
11
5.3771039763779527
21
3.6498839370078739
0
LINE
8
BLACK
6
CONTINUOUS
10
5.3771039763779527
20
3.6498839370078739
11
5.3775448818897633
21
3.6509483464566928
0
LINE
8
BLACK
6
CONTINUOUS
10
5.3775448818897633
20
3.6509483464566928
11
5.3783595275590548
21
3.6517629921259842
0
LINE
8
BLACK
6
CONTINUOUS
10
5.3783595275590548
20
3.6517629921259842
11
5.379423937007874
21
3.6522038976377953
0
LINE
8
BLACK
6
CONTINUOUS
10
5.379423937007874
20
3.6522038976377953
11
5.3805760629921258
21
3.6522038976377953
0
LINE
8
BLACK
6
CONTINUOUS
10
5.3805760629921258
20
3.6522038976377953
11
5.381640472440945
21
3.6517629921259842
0
LINE
8
BLACK
6
CONTINUOUS
10
5.381640472440945
20
3.6517629921259842
11
5.3824551181102365
21
3.6509483464566928
0
LINE
8
BLACK
6
CONTINUOUS
10
5.3824551181102365
20
3.6509483464566928
11
5.3828960236220471
21
3.6498839370078739
0
LINE
8
BLACK
6
CONTINUOUS
10
5.3828960236220471
20
3.6498839370078739
11
5.3829527559055119
21
3.6493078740157481
0
LINE
8
BLACK
6
CONTINUOUS
10
5.3829527559055119
20
3.6493078740157481
11
5.3829527559055119
21
3.5110903543307086
0
LINE
8
BLACK
6
CONTINUOUS
10
5.3829527559055119
20
3.5110903543307086
11
5.4037565354330708
21
3.5219200787401572
0
LINE
8
BLACK
6
CONTINUOUS
10
5.4037565354330708
20
3.5219200787401572
11
5.4044939370078735
21
3.5221350393700788
0
LINE
8
BLACK
6
CONTINUOUS
10
5.4044939370078735
20
3.5221350393700788
11
5.4059308267716535
21
3.5216819685039371
0
LINE
8
BLACK
6
CONTINUOUS
10
5.4059308267716535
20
3.5216819685039371
11
5.4066264960629917
21
3.5203455905511811
0
LINE
8
BLACK
6
CONTINUOUS
10
5.4066264960629917
20
3.5203455905511811
11
5.4061734645669288
21
3.5189086614173228
0
LINE
8
BLACK
6
CONTINUOUS
10
5.4061734645669288
20
3.5189086614173228
11
5.4055744488188973
21
3.5184279133858265
0
LINE
8
BLACK
6
CONTINUOUS
10
5.4055744488188973
20
3.5184279133858265
11
5.3829527559055119
21
3.5066518110236218
0
LINE
8
BLACK
6
CONTINUOUS
10
5.3829527559055119
20
3.5066518110236218
11
5.3829527559055119
21
3.4875213779527559
0
LINE
8
BLACK
6
CONTINUOUS
10
5.3829527559055119
20
3.4875213779527559
11
5.4055744488188973
21
3.4757452362204724
0
LINE
8
BLACK
6
CONTINUOUS
10
5.4055744488188973
20
3.4757452362204724
11
5.4061734645669288
21
3.4752644881889765
0
LINE
8
BLACK
6
CONTINUOUS
10
5.4061734645669288
20
3.4752644881889765
11
5.4066264960629917
21
3.4738275590551182
0
LINE
8
BLACK
6
CONTINUOUS
10
5.4066264960629917
20
3.4738275590551182
11
5.4059308267716535
21
3.4724911811023622
0
LINE
8
BLACK
6
CONTINUOUS
10
5.4059308267716535
20
3.4724911811023622
11
5.4044939370078735
21
3.4720381102362206
0
LINE
8
BLACK
6
CONTINUOUS
10
5.4044939370078735
20
3.4720381102362206
11
5.4037565354330708
21
3.4722530708661417
0
LINE
8
BLACK
6
CONTINUOUS
10
5.4037565354330708
20
3.4722530708661417
11
5.3829527559055119
21
3.483082834645669
0
LINE
8
BLACK
6
CONTINUOUS
10
5.3829527559055119
20
3.483082834645669
11
5.3829527559055119
21
3.3996850393700786
0
LINE
8
BLACK
6
CONTINUOUS
10
5.3829527559055119
20
3.3996850393700786
11
5.3828960236220471
21
3.3991089763779527
0
LINE
8
BLACK
6
CONTINUOUS
10
5.3828960236220471
20
3.3991089763779527
11
5.3824551181102365
21
3.3980445669291339
0
LINE
8
BLACK
6
CONTINUOUS
10
5.3824551181102365
20
3.3980445669291339
11
5.381640472440945
21
3.3972299212598425
0
LINE
8
BLACK
6
CONTINUOUS
10
5.381640472440945
20
3.3972299212598425
11
5.3805760629921258
21
3.3967890157480314
0
LINE
8
BLACK
6
CONTINUOUS
10
5.3805760629921258
20
3.3967890157480314
11
5.379423937007874
21
3.3967890157480314
0
LINE
8
BLACK
6
CONTINUOUS
10
5.379423937007874
20
3.3967890157480314
11
5.3783595275590548
21
3.3972299212598425
0
LINE
8
BLACK
6
CONTINUOUS
10
5.3783595275590548
20
3.3972299212598425
11
5.3775448818897633
21
3.3980445669291339
0
LINE
8
BLACK
6
CONTINUOUS
10
5.3775448818897633
20
3.3980445669291339
11
5.3771039763779527
21
3.3991089763779527
0
LINE
8
BLACK
6
CONTINUOUS
10
5.3771039763779527
20
3.3991089763779527
11
5.3770472440944879
21
3.3996850393700786
0
LINE
8
BLACK
6
CONTINUOUS
10
5.3770472440944879
20
3.3996850393700786
11
5.3770472440944879
21
3.4861570472440944
0
LINE
8
BLACK
6
CONTINUOUS
10
5.3770472440944879
20
3.4861570472440944
11
5.3701574803149601
21
3.4897436220472442
0
LINE
8
BLACK
6
CONTINUOUS
10
5.3701574803149601
20
3.4897436220472442
11
5.3622834645669286
21
3.4856446850393699
0
LINE
8
BLACK
6
CONTINUOUS
10
5.3622834645669286
20
3.4856446850393699
11
5.3622834645669286
21
3.3996850393700786
0
LINE
8
BLACK
6
CONTINUOUS
10
5.3622834645669286
20
3.3996850393700786
11
5.362133622047244
21
3.3989317322834647
0
LINE
8
BLACK
6
CONTINUOUS
10
5.362133622047244
20
3.3989317322834647
11
5.3610682677165356
21
3.3978663779527558
0
LINE
8
BLACK
6
CONTINUOUS
10
5.3610682677165356
20
3.3978663779527558
11
5.3595616535433068
21
3.3978663779527558
0
LINE
8
BLACK
6
CONTINUOUS
10
5.3595616535433068
20
3.3978663779527558
11
5.3584962992125984
21
3.3989317322834647
0
LINE
8
BLACK
6
CONTINUOUS
10
5.3584962992125984
20
3.3989317322834647
11
5.3583464566929129
21
3.3996850393700786
0
LINE
8
BLACK
6
CONTINUOUS
10
5.3583464566929129
20
3.3996850393700786
11
5.3583464566929129
21
3.4835951968503935
0
LINE
8
BLACK
6
CONTINUOUS
10
5.3583464566929129
20
3.4835951968503935
11
5.3365583858267716
21
3.4722530314960629
0
LINE
8
BLACK
6
CONTINUOUS
10
5.3365583858267716
20
3.4722530314960629
11
5.3358210236220467
21
3.4720381102362206
0
LINE
8
BLACK
6
CONTINUOUS
10
5.3358210236220467
20
3.4720381102362206
11
5.3343841338582676
21
3.4724911811023622
0
LINE
8
BLACK
6
CONTINUOUS
10
5.3343841338582676
20
3.4724911811023622
11
5.3336884251968506
21
3.4738275590551182
0
LINE
8
BLACK
6
CONTINUOUS
10
5.3336884251968506
20
3.4738275590551182
11
5.3341414960629923
21
3.4752644488188977
0
LINE
8
BLACK
6
CONTINUOUS
10
5.3341414960629923
20
3.4752644488188977
11
5.3347405118110238
21
3.4757452362204724
0
LINE
8
BLACK
6
CONTINUOUS
10
5.3347405118110238
20
3.4757452362204724
11
5.3583464566929129
21
3.4880337401574804
0
LINE
8
BLACK
6
CONTINUOUS
10
5.3583464566929129
20
3.4880337401574804
11
5.3583464566929129
21
3.5061394488188977
0
LINE
8
BLACK
6
CONTINUOUS
10
5.3583464566929129
20
3.5061394488188977
11
5.3347405118110238
21
3.5184279133858265
0
LINE
8
BLACK
6
CONTINUOUS
10
5.3347405118110238
20
3.5184279133858265
11
5.3341414960629923
21
3.5189087007874016
0
LINE
8
BLACK
6
CONTINUOUS
10
5.3341414960629923
20
3.5189087007874016
11
5.3336884251968506
21
3.5203455905511811
0
LINE
8
BLACK
6
CONTINUOUS
10
5.3336884251968506
20
3.5203455905511811
11
5.3343841338582676
21
3.5216819685039371
0
LINE
8
BLACK
6
CONTINUOUS
10
5.3343841338582676
20
3.5216819685039371
11
5.3358210236220467
21
3.5221350393700788
0
LINE
8
BLACK
6
CONTINUOUS
10
5.3358210236220467
20
3.5221350393700788
11
5.3365583858267716
21
3.521920118110236
0
LINE
8
BLACK
6
CONTINUOUS
10
5.3365583858267716
20
3.521920118110236
11
5.3583464566929129
21
3.5105779921259841
0
LINE
8
BLACK
6
CONTINUOUS
10
5.3583464566929129
20
3.5105779921259841
11
5.3583464566929129
21
3.5201739763779525
0
LINE
8
BLACK
6
CONTINUOUS
10
5.3583464566929129
20
3.5201739763779525
11
5.3584962992125984
21
3.5209272834645668
0
LINE
8
BLACK
6
CONTINUOUS
10
5.3584962992125984
20
3.5209272834645668
11
5.3595616535433068
21
3.5219926377952757
0
LINE
8
BLACK
6
CONTINUOUS
10
5.3595616535433068
20
3.5219926377952757
11
5.3610682677165356
21
3.5219926377952757
0
LINE
8
BLACK
6
CONTINUOUS
10
5.3610682677165356
20
3.5219926377952757
11
5.362133622047244
21
3.5209272834645668
0
LINE
8
BLACK
6
CONTINUOUS
10
5.362133622047244
20
3.5209272834645668
11
5.3622834645669286
21
3.5201739763779525
0
LINE
8
BLACK
6
CONTINUOUS
10
5.3622834645669286
20
3.5201739763779525
11
5.3622834645669286
21
3.5085285039370078
0
LINE
8
BLACK
6
CONTINUOUS
10
5.3622834645669286
20
3.5085285039370078
11
5.3701574803149601
21
3.5044295669291339
0
LINE
8
BLACK
6
CONTINUOUS
10
5.3701574803149601
20
3.5044295669291339
11
5.3770472440944879
21
3.5080161417322833
0
LINE
8
BLACK
6
CONTINUOUS
10
5.3770472440944879
20
3.5080161417322833
11
5.3770472440944879
21
3.6213544881889761
0
LINE
8
BLACK
6
CONTINUOUS
10
5.3770472440944879
20
3.6213544881889761
11
5.3370128740157483
21
3.6005138976377951
0
LINE
8
BLACK
6
CONTINUOUS
10
5.3370128740157483
20
3.6005138976377951
11
5.3364757086614176
21
3.6002982283464564
0
LINE
8
BLACK
6
CONTINUOUS
10
5.3364757086614176
20
3.6002982283464564
11
5.3353279921259844
21
3.6001978346456691
0
LINE
8
BLACK
6
CONTINUOUS
10
5.3353279921259844
20
3.6001978346456691
11
5.3342292125984248
21
3.600544251968504
0
LINE
8
BLACK
6
CONTINUOUS
10
5.3342292125984248
20
3.600544251968504
11
5.3333466535433072
21
3.6012848031496061
0
LINE
8
BLACK
6
CONTINUOUS
10
5.3333466535433072
20
3.6012848031496061
11
5.3328146456692913
21
3.6023067716535433
0
LINE
8
BLACK
6
CONTINUOUS
10
5.3328146456692913
20
3.6023067716535433
11
5.332714251968504
21
3.6034544881889765
0
LINE
8
BLACK
6
CONTINUOUS
10
5.332714251968504
20
3.6034544881889765
11
5.3330606692913385
21
3.6045532677165353
0
LINE
8
BLACK
6
CONTINUOUS
10
5.3330606692913385
20
3.6045532677165353
11
5.3338012204724405
21
3.6054358267716533
0
LINE
8
BLACK
6
CONTINUOUS
10
5.3338012204724405
20
3.6054358267716533
11
5.3342860236220471
21
3.6057521653543305
0
LINE
8
BLACK
6
CONTINUOUS
10
5.3342860236220471
20
3.6057521653543305
11
5.3679330708661412
21
3.623267716535433
0
LINE
8
BLACK
6
CONTINUOUS
10
5.3679330708661412
20
3.623267716535433
11
5.2020669291338582
21
3.623267716535433
0
LINE
8
BLACK
6
CONTINUOUS
10
5.2020669291338582
20
3.623267716535433
11
5.2357139763779523
21
3.6057521653543305
0
LINE
8
BLACK
6
CONTINUOUS
10
5.2357139763779523
20
3.6057521653543305
11
5.2361987401574801
21
3.6054358267716533
0
LINE
8
BLACK
6
CONTINUOUS
10
5.2361987401574801
20
3.6054358267716533
11
5.2369392913385822
21
3.6045532677165353
0
LINE
8
BLACK
6
CONTINUOUS
10
5.2369392913385822
20
3.6045532677165353
11
5.2372857480314963
21
3.6034544881889765
0
LINE
8
BLACK
6
CONTINUOUS
10
5.2372857480314963
20
3.6034544881889765
11
5.237185354330709
21
3.6023067716535433
0
LINE
8
BLACK
6
CONTINUOUS
10
5.237185354330709
20
3.6023067716535433
11
5.2366533464566931
21
3.6012848425196848
0
LINE
8
BLACK
6
CONTINUOUS
10
5.2366533464566931
20
3.6012848425196848
11
5.2357707874015746
21
3.6005442913385828
0
LINE
8
BLACK
6
CONTINUOUS
10
5.2357707874015746
20
3.6005442913385828
11
5.2346720078740159
21
3.6001978346456691
0
LINE
8
BLACK
6
CONTINUOUS
10
5.2346720078740159
20
3.6001978346456691
11
5.2335242913385827
21
3.6002982283464564
0
LINE
8
BLACK
6
CONTINUOUS
10
5.2335242913385827
20
3.6002982283464564
11
5.232987125984252
21
3.6005138976377951
0
LINE
8
BLACK
6
CONTINUOUS
10
5.232987125984252
20
3.6005138976377951
11
5.1929527559055115
21
3.6213544881889761
0
LINE
8
BLACK
6
CONTINUOUS
10
5.1929527559055115
20
3.6213544881889761
11
5.1929527559055115
21
3.2849212598425197
0
LINE
8
BLACK
6
CONTINUOUS
10
5.1929527559055115
20
3.2849212598425197
11
5.3799999999999999
21
3.2849212598425197
0
LINE
8
BLACK
6
CONTINUOUS
10
5.3799999999999999
20
3.2849212598425197
11
5.3805760629921258
21
3.2848645275590549
0
LINE
8
BLACK
6
CONTINUOUS
10
5.3805760629921258
20
3.2848645275590549
11
5.381640472440945
21
3.2844236220472438
0
LINE
8
BLACK
6
CONTINUOUS
10
5.381640472440945
20
3.2844236220472438
11
5.3824551181102365
21
3.2836089763779528
0
LINE
8
BLACK
6
CONTINUOUS
10
5.3824551181102365
20
3.2836089763779528
11
5.3828960236220471
21
3.282544566929134
0
LINE
8
BLACK
6
CONTINUOUS
10
5.3828960236220471
20
3.282544566929134
11
5.3829527559055119
21
3.2819685039370077
0
LINE
8
BLACK
6
CONTINUOUS
10
5.3829527559055119
20
3.2819685039370077
11
5.3829527559055119
21
3.0929527559055119
0
LINE
8
BLACK
6
CONTINUOUS
10
5.3829527559055119
20
3.0929527559055119
11
5.581591338582677
21
3.0929527559055119
0
LINE
8
BLACK
6
CONTINUOUS
10
5.581591338582677
20
3.0929527559055119
11
5.5821674015748028
21
3.0928960236220471
0
LINE
8
BLACK
6
CONTINUOUS
10
5.5821674015748028
20
3.0928960236220471
11
5.5832318110236221
21
3.092455118110236
0
LINE
8
BLACK
6
CONTINUOUS
10
5.5832318110236221
20
3.092455118110236
11
5.5840464566929136
21
3.091640472440945
0
LINE
8
BLACK
6
CONTINUOUS
10
5.5840464566929136
20
3.091640472440945
11
5.5844873622047242
21
3.0905760629921257
0
LINE
8
BLACK
6
CONTINUOUS
10
5.5844873622047242
20
3.0905760629921257
11
5.5844873622047242
21
3.089423937007874
0
LINE
8
BLACK
6
CONTINUOUS
10
5.5844873622047242
20
3.089423937007874
11
5.5840464566929136
21
3.0883595275590552
0
LINE
8
BLACK
6
CONTINUOUS
10
5.5840464566929136
20
3.0883595275590552
11
5.5832318110236221
21
3.0875448818897637
0
LINE
8
BLACK
6
CONTINUOUS
10
5.5832318110236221
20
3.0875448818897637
11
5.5821674015748028
21
3.0871039763779526
0
LINE
8
BLACK
6
CONTINUOUS
10
5.5821674015748028
20
3.0871039763779526
11
5.581591338582677
21
3.0870472440944883
0
LINE
8
BLACK
6
CONTINUOUS
10
5.581591338582677
20
3.0870472440944883
11
5.5633699212598424
21
3.0870472440944883
0
LINE
8
BLACK
6
CONTINUOUS
10
5.5633699212598424
20
3.0870472440944883
11
5.5842105118110235
21
3.0470128740157478
0
LINE
8
BLACK
6
CONTINUOUS
10
5.5842105118110235
20
3.0470128740157478
11
5.5844261811023621
21
3.0464757086614171
0
LINE
8
BLACK
6
CONTINUOUS
10
5.5844261811023621
20
3.0464757086614171
11
5.5845265748031494
21
3.0453279921259844
0
LINE
8
BLACK
6
CONTINUOUS
10
5.5845265748031494
20
3.0453279921259844
11
5.5841801181102362
21
3.0442292125984252
0
LINE
8
BLACK
6
CONTINUOUS
10
5.5841801181102362
20
3.0442292125984252
11
5.5834395669291341
21
3.0433466535433071
0
LINE
8
BLACK
6
CONTINUOUS
10
5.5834395669291341
20
3.0433466535433071
11
5.5824176377952757
21
3.0428146456692913
0
LINE
8
BLACK
6
CONTINUOUS
10
5.5824176377952757
20
3.0428146456692913
11
5.5812699212598424
21
3.042714251968504
0
LINE
8
BLACK
6
CONTINUOUS
10
5.5812699212598424
20
3.042714251968504
11
5.5801711417322837
21
3.0430607086614172
0
LINE
8
BLACK
6
CONTINUOUS
10
5.5801711417322837
20
3.0430607086614172
11
5.5792885826771652
21
3.0438012598425197
0
LINE
8
BLACK
6
CONTINUOUS
10
5.5792885826771652
20
3.0438012598425197
11
5.578972244094488
21
3.044286023622047
0
LINE
8
BLACK
6
CONTINUOUS
10
5.578972244094488
20
3.044286023622047
11
5.561456692913386
21
3.0779331102362204
0
LINE
8
BLACK
6
CONTINUOUS
10
5.561456692913386
20
3.0779331102362204
11
5.561456692913386
21
0.3020669291338582
0
LINE
8
BLACK
6
CONTINUOUS
10
5.561456692913386
20
0.3020669291338582
11
5.578972244094488
21
0.3357139763779527
0
LINE
8
BLACK
6
CONTINUOUS
10
5.578972244094488
20
0.3357139763779527
11
5.5792885826771652
21
0.3361987401574803
0
LINE
8
BLACK
6
CONTINUOUS
10
5.5792885826771652
20
0.3361987401574803
11
5.5801711417322837
21
0.3369392913385827
0
LINE
8
BLACK
6
CONTINUOUS
10
5.5801711417322837
20
0.3369392913385827
11
5.5812699212598424
21
0.3372857480314961
0
LINE
8
BLACK
6
CONTINUOUS
10
5.5812699212598424
20
0.3372857480314961
11
5.5824176377952757
21
0.3371853543307087
0
LINE
8
BLACK
6
CONTINUOUS
10
5.5824176377952757
20
0.3371853543307087
11
5.5834395669291341
21
0.3366533464566929
0
LINE
8
BLACK
6
CONTINUOUS
10
5.5834395669291341
20
0.3366533464566929
11
5.5841801181102362
21
0.3357707874015748
0
LINE
8
BLACK
6
CONTINUOUS
10
5.5841801181102362
20
0.3357707874015748
11
5.5845265748031494
21
0.3346720078740157
0
LINE
8
BLACK
6
CONTINUOUS
10
5.5845265748031494
20
0.3346720078740157
11
5.5844261811023621
21
0.3335242913385827
0
LINE
8
BLACK
6
CONTINUOUS
10
5.5844261811023621
20
0.3335242913385827
11
5.5842105118110235
21
0.332987125984252
0
LINE
8
BLACK
6
CONTINUOUS
10
5.5842105118110235
20
0.332987125984252
11
5.5633699212598424
21
0.2929527559055118
0
LINE
8
BLACK
6
CONTINUOUS
10
5.5633699212598424
20
0.2929527559055118
11
5.581591338582677
21
0.2929527559055118
0
LINE
8
BLACK
6
CONTINUOUS
10
5.581591338582677
20
0.2929527559055118
11
5.5821674015748028
21
0.2928960236220473
0
LINE
8
BLACK
6
CONTINUOUS
10
5.5821674015748028
20
0.2928960236220473
11
5.5832318110236221
21
0.2924551181102362
0
LINE
8
BLACK
6
CONTINUOUS
10
5.5832318110236221
20
0.2924551181102362
11
5.5840464566929136
21
0.2916404724409449
0
LINE
8
BLACK
6
CONTINUOUS
10
5.5840464566929136
20
0.2916404724409449
11
5.5844873622047242
21
0.290576062992126
0
LINE
8
BLACK
6
CONTINUOUS
10
5.5844873622047242
20
0.290576062992126
11
5.5844873622047242
21
0.289423937007874
0
LINE
8
BLACK
6
CONTINUOUS
10
5.5844873622047242
20
0.289423937007874
11
5.5840464566929136
21
0.2883595275590551
0
LINE
8
BLACK
6
CONTINUOUS
10
5.5840464566929136
20
0.2883595275590551
11
5.5832318110236221
21
0.2875448818897638
0
LINE
8
BLACK
6
CONTINUOUS
10
5.5832318110236221
20
0.2875448818897638
11
5.5821674015748028
21
0.2871039763779528
0
LINE
8
BLACK
6
CONTINUOUS
10
5.5821674015748028
20
0.2871039763779528
11
5.581591338582677
21
0.2870472440944882
0
LINE
8
BLACK
6
CONTINUOUS
10
5.581591338582677
20
0.2870472440944882
11
5.3829527559055119
21
0.2870472440944882
0
LINE
8
BLACK
6
CONTINUOUS
10
5.3829527559055119
20
0.2870472440944882
11
5.3829527559055119
21
0.1019685039370079
0
LINE
8
BLACK
6
CONTINUOUS
10
5.3829527559055119
20
0.1019685039370079
11
5.3828960236220471
21
0.1013924409448819
0
LINE
8
BLACK
6
CONTINUOUS
10
5.3828960236220471
20
0.1013924409448819
11
5.3824551181102365
21
0.100328031496063
0
LINE
8
BLACK
6
CONTINUOUS
10
5.3824551181102365
20
0.100328031496063
11
5.381640472440945
21
0.0995133858267716
0
LINE
8
BLACK
6
CONTINUOUS
10
5.381640472440945
20
0.0995133858267716
11
5.3805760629921258
21
0.0990724803149606
0
LINE
8
BLACK
6
CONTINUOUS
10
5.3805760629921258
20
0.0990724803149606
11
5.3799999999999999
21
0.0990157480314961
0
LINE
8
BLACK
6
CONTINUOUS
10
5.3799999999999999
20
0.0990157480314961
11
0.
21
0.0990157480314961
0
LINE
8
BLACK
6
CONTINUOUS
10
0.
20
0.0990157480314961
11
-0.000576062992126
21
0.0990724803149606
0
LINE
8
BLACK
6
CONTINUOUS
10
-0.000576062992126
20
0.0990724803149606
11
-0.0016404724409449
21
0.0995133858267716
0
LINE
8
BLACK
6
CONTINUOUS
10
-0.0016404724409449
20
0.0995133858267716
11
-0.0024551181102362
21
0.100328031496063
0
LINE
8
BLACK
6
CONTINUOUS
10
-0.0024551181102362
20
0.100328031496063
11
-0.0028960236220472
21
0.1013924409448819
0
LINE
8
BLACK
6
CONTINUOUS
10
-0.0028960236220472
20
0.1013924409448819
11
-0.0029527559055118
21
0.1019685039370079
0
LINE
8
BLACK
6
CONTINUOUS
10
-0.0029527559055118
20
0.1019685039370079
11
-0.0029527559055118
21
3.2819685039370077
0
LINE
8
BLACK
6
CONTINUOUS
10
-0.0029527559055118
20
3.2819685039370077
11
-0.0028960236220472
21
3.282544566929134
0
LINE
8
BLACK
6
CONTINUOUS
10
-0.0028960236220472
20
3.282544566929134
11
-0.0024551181102362
21
3.2836089763779528
0
LINE
8
BLACK
6
CONTINUOUS
10
-0.0024551181102362
20
3.2836089763779528
11
-0.0016404724409449
21
3.2844236220472438
0
LINE
8
BLACK
6
CONTINUOUS
10
-0.0016404724409449
20
3.2844236220472438
11
-0.000576062992126
21
3.2848645275590549
0
LINE
8
BLACK
6
CONTINUOUS
10
-0.000576062992126
20
3.2848645275590549
11
0.
21
3.2849212598425197
0
LINE
8
BLACK
6
CONTINUOUS
10
0.
20
3.2849212598425197
11
5.1870472440944884
21
3.2849212598425197
0
LINE
8
BLACK
6
CONTINUOUS
10
5.1870472440944884
20
3.2849212598425197
11
5.1870472440944884
21
3.6493078740157481
0
LINE
8
BLACK
6
CONTINUOUS
10
5.1870472440944884
20
3.6493078740157481
11
5.1871039763779523
21
3.6498839370078739
0
LINE
8
BLACK
6
CONTINUOUS
10
5.1871039763779523
20
3.6498839370078739
11
5.1875448818897638
21
3.6509483464566928
0
LINE
8
BLACK
6
CONTINUOUS
10
5.1875448818897638
20
3.6509483464566928
11
5.1883595275590553
21
3.6517629921259842
0
LINE
8
BLACK
6
CONTINUOUS
10
5.1883595275590553
20
3.6517629921259842
11
5.1894239370078736
21
3.6522038976377953
0
LINE
8
BLACK
6
CONTINUOUS
10
5.1894239370078736
20
3.6522038976377953
11
5.1905760629921263
21
3.6522038976377953
0
LINE
8
BLACK
6
CONTINUOUS
10
5.1905760629921263
20
3.6522038976377953
11
5.1916404724409446
21
3.6517629921259842
0
LINE
8
BLACK
6
CONTINUOUS
10
5.1916404724409446
20
3.6517629921259842
11
5.1924551181102361
21
3.6509483464566928
0
LINE
8
BLACK
6
CONTINUOUS
10
5.1924551181102361
20
3.6509483464566928
11
5.1928960236220467
21
3.6498839370078739
0
LINE
8
BLACK
6
CONTINUOUS
10
5.1928960236220467
20
3.6498839370078739
11
5.1929527559055115
21
3.6493078740157481
0
LINE
8
BLACK
6
CONTINUOUS
10
5.1929527559055115
20
3.6493078740157481
11
5.1929527559055115
21
3.6310864960629918
0
LINE
8
BLACK
6
CONTINUOUS
10
5.1929527559055115
20
3.6310864960629918
11
5.232987125984252
21
3.6519270472440946
0
LINE
8
BLACK
6
CONTINUOUS
10
5.232987125984252
20
3.6519270472440946
11
5.2335242913385827
21
3.6521427165354332
0
LINE
8
BLACK
6
CONTINUOUS
10
5.2335242913385827
20
3.6521427165354332
11
5.2346720078740159
21
3.6522431102362205
0
LINE
8
BLACK
6
CONTINUOUS
10
5.2346720078740159
20
3.6522431102362205
11
5.2357707874015746
21
3.6518966535433068
0
LINE
8
BLACK
6
CONTINUOUS
10
5.2357707874015746
20
3.6518966535433068
11
5.2366533464566931
21
3.6511561023622048
0
LINE
8
BLACK
6
CONTINUOUS
10
5.2366533464566931
20
3.6511561023622048
11
5.237185354330709
21
3.6501341732283463
0
LINE
8
BLACK
6
CONTINUOUS
10
5.237185354330709
20
3.6501341732283463
11
5.2372857480314963
21
3.6489864566929131
0
LINE
8
BLACK
6
CONTINUOUS
10
5.2372857480314963
20
3.6489864566929131
11
5.2369392913385822
21
3.6478876771653543
0
LINE
8
BLACK
6
CONTINUOUS
10
5.2369392913385822
20
3.6478876771653543
11
5.2361987401574801
21
3.6470051181102363
0
LINE
8
BLACK
6
CONTINUOUS
10
5.2361987401574801
20
3.6470051181102363
11
5.2357139763779523
21
3.6466887795275591
0
LINE
8
BLACK
6
CONTINUOUS
10
5.2357139763779523
20
3.6466887795275591
11
5.2020669291338582
21
3.6291732283464566
0
LINE
8
BLACK
6
CONTINUOUS
10
5.2020669291338582
20
3.6291732283464566
11
5.3679330708661412
21
3.6291732283464566
0
LINE
8
BLACK
6
CONTINUOUS
10
5.3679330708661412
20
3.6291732283464566
11
5.3342860236220471
21
3.6466887795275591
0
LINE
8
BLACK
6
CONTINUOUS
10
5.3342860236220471
20
3.6466887795275591
11
5.3338012204724405
21
3.6470051181102363
0
LINE
8
BLACK
6
CONTINUOUS
10
5.3338012204724405
20
3.6470051181102363
11
5.3330606692913385
21
3.6478876771653543
0
LINE
8
BLACK
6
CONTINUOUS
10
5.3330606692913385
20
3.6478876771653543
11
5.332714251968504
21
3.6489864566929131
0
LINE
8
BLACK
6
CONTINUOUS
10
5.332714251968504
20
3.6489864566929131
11
5.3328146456692913
21
3.6501341732283463
0
LINE
8
BLACK
6
CONTINUOUS
10
5.3328146456692913
20
3.6501341732283463
11
5.3333466535433072
21
3.6511561417322835
0
LINE
8
BLACK
6
CONTINUOUS
10
5.3333466535433072
20
3.6511561417322835
11
5.3342292125984248
21
3.6518966929133856
0
LINE
8
BLACK
6
CONTINUOUS
10
5.3342292125984248
20
3.6518966929133856
11
5.3353279921259844
21
3.6522431102362205
0
LINE
8
BLACK
6
CONTINUOUS
10
5.3353279921259844
20
3.6522431102362205
11
5.3364757086614176
21
3.6521427165354332
0
LINE
8
BLACK
6
CONTINUOUS
10
5.1929527559055115
20
3.2790157480314961
11
5.1929527559055115
21
3.1096850393700786
0
LINE
8
BLACK
6
CONTINUOUS
10
5.1929527559055115
20
3.1096850393700786
11
5.1928960236220467
21
3.1091089763779527
0
LINE
8
BLACK
6
CONTINUOUS
10
5.1928960236220467
20
3.1091089763779527
11
5.1924551181102361
21
3.1080445669291339
0
LINE
8
BLACK
6
CONTINUOUS
10
5.1924551181102361
20
3.1080445669291339
11
5.1916404724409446
21
3.1072299212598424
0
LINE
8
BLACK
6
CONTINUOUS
10
5.1916404724409446
20
3.1072299212598424
11
5.1905760629921263
21
3.1067890157480313
0
LINE
8
BLACK
6
CONTINUOUS
10
5.1905760629921263
20
3.1067890157480313
11
5.1894239370078736
21
3.1067890157480313
0
LINE
8
BLACK
6
CONTINUOUS
10
5.1894239370078736
20
3.1067890157480313
11
5.1883595275590553
21
3.1072299212598424
0
LINE
8
BLACK
6
CONTINUOUS
10
5.1883595275590553
20
3.1072299212598424
11
5.1875448818897638
21
3.1080445669291339
0
LINE
8
BLACK
6
CONTINUOUS
10
5.1875448818897638
20
3.1080445669291339
11
5.1871039763779523
21
3.1091089763779527
0
LINE
8
BLACK
6
CONTINUOUS
10
5.1871039763779523
20
3.1091089763779527
11
5.1870472440944884
21
3.1096850393700786
0
LINE
8
BLACK
6
CONTINUOUS
10
5.1870472440944884
20
3.1096850393700786
11
5.1870472440944884
21
3.2790157480314961
0
LINE
8
BLACK
6
CONTINUOUS
10
5.1870472440944884
20
3.2790157480314961
11
0.0029527559055118
21
3.2790157480314961
0
LINE
8
BLACK
6
CONTINUOUS
10
0.0029527559055118
20
3.2790157480314961
11
0.0029527559055118
21
0.1049212598425197
0
LINE
8
BLACK
6
CONTINUOUS
10
0.0029527559055118
20
0.1049212598425197
11
5.3770472440944879
21
0.1049212598425197
0
LINE
8
BLACK
6
CONTINUOUS
10
5.3770472440944879
20
0.1049212598425197
11
5.3770472440944879
21
0.2870472440944882
0
LINE
8
BLACK
6
CONTINUOUS
10
5.3770472440944879
20
0.2870472440944882
11
5.2096850393700782
21
0.2870472440944882
0
LINE
8
BLACK
6
CONTINUOUS
10
5.2096850393700782
20
0.2870472440944882
11
5.2091089763779523
21
0.2871039763779528
0
LINE
8
BLACK
6
CONTINUOUS
10
5.2091089763779523
20
0.2871039763779528
11
5.208044566929134
21
0.2875448818897638
0
LINE
8
BLACK
6
CONTINUOUS
10
5.208044566929134
20
0.2875448818897638
11
5.2072299212598425
21
0.2883595275590551
0
LINE
8
BLACK
6
CONTINUOUS
10
5.2072299212598425
20
0.2883595275590551
11
5.206789015748031
21
0.289423937007874
0
LINE
8
BLACK
6
CONTINUOUS
10
5.206789015748031
20
0.289423937007874
11
5.206789015748031
21
0.290576062992126
0
LINE
8
BLACK
6
CONTINUOUS
10
5.206789015748031
20
0.290576062992126
11
5.2072299212598425
21
0.2916404724409449
0
LINE
8
BLACK
6
CONTINUOUS
10
5.2072299212598425
20
0.2916404724409449
11
5.208044566929134
21
0.2924551181102362
0
LINE
8
BLACK
6
CONTINUOUS
10
5.208044566929134
20
0.2924551181102362
11
5.2091089763779523
21
0.2928960236220473
0
LINE
8
BLACK
6
CONTINUOUS
10
5.2091089763779523
20
0.2928960236220473
11
5.2096850393700782
21
0.2929527559055118
0
LINE
8
BLACK
6
CONTINUOUS
10
5.2096850393700782
20
0.2929527559055118
11
5.3770472440944879
21
0.2929527559055118
0
LINE
8
BLACK
6
CONTINUOUS
10
5.3770472440944879
20
0.2929527559055118
11
5.3770472440944879
21
3.0870472440944883
0
LINE
8
BLACK
6
CONTINUOUS
10
5.3770472440944879
20
3.0870472440944883
11
5.2096850393700782
21
3.0870472440944883
0
LINE
8
BLACK
6
CONTINUOUS
10
5.2096850393700782
20
3.0870472440944883
11
5.2091089763779523
21
3.0871039763779526
0
LINE
8
BLACK
6
CONTINUOUS
10
5.2091089763779523
20
3.0871039763779526
11
5.208044566929134
21
3.0875448818897637
0
LINE
8
BLACK
6
CONTINUOUS
10
5.208044566929134
20
3.0875448818897637
11
5.2072299212598425
21
3.0883595275590552
0
LINE
8
BLACK
6
CONTINUOUS
10
5.2072299212598425
20
3.0883595275590552
11
5.206789015748031
21
3.089423937007874
0
LINE
8
BLACK
6
CONTINUOUS
10
5.206789015748031
20
3.089423937007874
11
5.206789015748031
21
3.0905760629921257
0
LINE
8
BLACK
6
CONTINUOUS
10
5.206789015748031
20
3.0905760629921257
11
5.2072299212598425
21
3.091640472440945
0
LINE
8
BLACK
6
CONTINUOUS
10
5.2072299212598425
20
3.091640472440945
11
5.208044566929134
21
3.092455118110236
0
LINE
8
BLACK
6
CONTINUOUS
10
5.208044566929134
20
3.092455118110236
11
5.2091089763779523
21
3.0928960236220471
0
LINE
8
BLACK
6
CONTINUOUS
10
5.2091089763779523
20
3.0928960236220471
11
5.2096850393700782
21
3.0929527559055119
0
LINE
8
BLACK
6
CONTINUOUS
10
5.2096850393700782
20
3.0929527559055119
11
5.3770472440944879
21
3.0929527559055119
0
LINE
8
BLACK
6
CONTINUOUS
10
5.3770472440944879
20
3.0929527559055119
11
5.3770472440944879
21
3.2790157480314961
0
LINE
8
BLACK
6
CONTINUOUS
10
5.3770472440944879
20
3.2790157480314961
11
5.1929527559055115
21
3.2790157480314961
0
LINE
8
BLACK
6
CONTINUOUS
10
5.3829527559055119
20
3.0870472440944883
11
5.3829527559055119
21
0.2929527559055118
0
LINE
8
BLACK
6
CONTINUOUS
10
5.3829527559055119
20
0.2929527559055118
11
5.5536379527559054
21
0.2929527559055118
0
LINE
8
BLACK
6
CONTINUOUS
10
5.5536379527559054
20
0.2929527559055118
11
5.5327973622047244
21
0.332987125984252
0
LINE
8
BLACK
6
CONTINUOUS
10
5.5327973622047244
20
0.332987125984252
11
5.5325816929133858
21
0.3335242913385827
0
LINE
8
BLACK
6
CONTINUOUS
10
5.5325816929133858
20
0.3335242913385827
11
5.5324812992125985
21
0.3346720078740157
0
LINE
8
BLACK
6
CONTINUOUS
10
5.5324812992125985
20
0.3346720078740157
11
5.5328277165354329
21
0.3357707874015748
0
LINE
8
BLACK
6
CONTINUOUS
10
5.5328277165354329
20
0.3357707874015748
11
5.533568267716535
21
0.3366533464566929
0
LINE
8
BLACK
6
CONTINUOUS
10
5.533568267716535
20
0.3366533464566929
11
5.5345902362204722
21
0.3371853543307087
0
LINE
8
BLACK
6
CONTINUOUS
10
5.5345902362204722
20
0.3371853543307087
11
5.5357379527559054
21
0.3372857480314961
0
LINE
8
BLACK
6
CONTINUOUS
10
5.5357379527559054
20
0.3372857480314961
11
5.5368367322834642
21
0.3369393307086614
0
LINE
8
BLACK
6
CONTINUOUS
10
5.5368367322834642
20
0.3369393307086614
11
5.5377192913385827
21
0.3361987795275591
0
LINE
8
BLACK
6
CONTINUOUS
10
5.5377192913385827
20
0.3361987795275591
11
5.5380356299212599
21
0.3357139763779527
0
LINE
8
BLACK
6
CONTINUOUS
10
5.5380356299212599
20
0.3357139763779527
11
5.5555511811023619
21
0.3020669291338582
0
LINE
8
BLACK
6
CONTINUOUS
10
5.5555511811023619
20
0.3020669291338582
11
5.5555511811023619
21
3.0779331102362204
0
LINE
8
BLACK
6
CONTINUOUS
10
5.5555511811023619
20
3.0779331102362204
11
5.5380356299212599
21
3.044286023622047
0
LINE
8
BLACK
6
CONTINUOUS
10
5.5380356299212599
20
3.044286023622047
11
5.5377192913385827
21
3.0438012204724409
0
LINE
8
BLACK
6
CONTINUOUS
10
5.5377192913385827
20
3.0438012204724409
11
5.5368367322834642
21
3.0430606692913384
0
LINE
8
BLACK
6
CONTINUOUS
10
5.5368367322834642
20
3.0430606692913384
11
5.5357379527559054
21
3.042714251968504
0
LINE
8
BLACK
6
CONTINUOUS
10
5.5357379527559054
20
3.042714251968504
11
5.5345902362204722
21
3.0428146456692913
0
LINE
8
BLACK
6
CONTINUOUS
10
5.5345902362204722
20
3.0428146456692913
11
5.533568267716535
21
3.0433466535433071
0
LINE
8
BLACK
6
CONTINUOUS
10
5.533568267716535
20
3.0433466535433071
11
5.5328277165354329
21
3.0442292125984252
0
LINE
8
BLACK
6
CONTINUOUS
10
5.5328277165354329
20
3.0442292125984252
11
5.5324812992125985
21
3.0453279921259844
0
LINE
8
BLACK
6
CONTINUOUS
10
5.5324812992125985
20
3.0453279921259844
11
5.5325816929133858
21
3.0464757086614171
0
LINE
8
BLACK
6
CONTINUOUS
10
5.5325816929133858
20
3.0464757086614171
11
5.5327973622047244
21
3.0470128740157478
0
LINE
8
BLACK
6
CONTINUOUS
10
5.5327973622047244
20
3.0470128740157478
11
5.5536379527559054
21
3.0870472440944883
0
LINE
8
BLACK
6
CONTINUOUS
10
5.5536379527559054
20
3.0870472440944883
11
5.3829527559055119
21
3.0870472440944883
0
LINE
8
BLACK
6
CONTINUOUS
10
5.3622834645669286
20
3.4900831889763779
11
5.3658942913385825
21
3.4919629133858265
0
LINE
8
BLACK
6
CONTINUOUS
10
5.3658942913385825
20
3.4919629133858265
11
5.3622834645669286
21
3.4938425984251968
0
LINE
8
BLACK
6
CONTINUOUS
10
5.3622834645669286
20
3.4938425984251968
11
5.3622834645669286
21
3.4900831889763779
0
LINE
8
BLACK
6
CONTINUOUS
10
5.3744206299212598
20
3.4919629133858265
11
5.3770472440944879
21
3.4905955905511812
0
LINE
8
BLACK
6
CONTINUOUS
10
5.3770472440944879
20
3.4905955905511812
11
5.3770472440944879
21
3.4933302362204723
0
LINE
8
BLACK
6
CONTINUOUS
10
5.3770472440944879
20
3.4933302362204723
11
5.3744206299212598
21
3.4919629133858265
0
LINE
8
BLACK
6
CONTINUOUS
10
5.3683596062992125
20
3.4951180708661416
11
5.3701574803149601
21
3.4941821653543306
0
LINE
8
BLACK
6
CONTINUOUS
10
5.3701574803149601
20
3.4941821653543306
11
5.3719553937007873
21
3.4951180708661416
0
LINE
8
BLACK
6
CONTINUOUS
10
5.3719553937007873
20
3.4951180708661416
11
5.3683596062992125
21
3.4951180708661416
0
LINE
8
BLACK
6
CONTINUOUS
10
5.3683596062992125
20
3.4990550787401573
11
5.3719553937007873
21
3.4990550787401573
0
LINE
8
BLACK
6
CONTINUOUS
10
5.3719553937007873
20
3.4990550787401573
11
5.3701574803149601
21
3.4999910236220471
0
LINE
8
BLACK
6
CONTINUOUS
10
5.3701574803149601
20
3.4999910236220471
11
5.3683596062992125
21
3.4990550787401573
0
LINE
8
BLACK
6
CONTINUOUS
10
5.3622834645669286
20
3.5003305905511812
11
5.3658942913385825
21
3.5022102755905511
0
LINE
8
BLACK
6
CONTINUOUS
10
5.3658942913385825
20
3.5022102755905511
11
5.3622834645669286
21
3.5040899999999997
0
LINE
8
BLACK
6
CONTINUOUS
10
5.3622834645669286
20
3.5040899999999997
11
5.3622834645669286
21
3.5003305905511812
0
LINE
8
BLACK
6
CONTINUOUS
10
5.3744206299212598
20
3.5022102755905511
11
5.3770472440944879
21
3.5008429527559053
0
LINE
8
BLACK
6
CONTINUOUS
10
5.3770472440944879
20
3.5008429527559053
11
5.3770472440944879
21
3.5035775984251969
0
LINE
8
BLACK
6
CONTINUOUS
10
5.3770472440944879
20
3.5035775984251969
11
5.3744206299212598
21
3.5022102755905511
0
LINE
8
BLACK
6
CONTINUOUS
10
5.6237616535433066
20
1.5335409842519685
11
5.6238596456692909
21
1.5335003937007874
0
LINE
8
BLACK
6
CONTINUOUS
10
5.6238596456692909
20
1.5335003937007874
11
5.6239654724409451
21
1.5334928740157481
0
LINE
8
BLACK
6
CONTINUOUS
10
5.6239654724409451
20
1.5334928740157481
11
5.6245061023622043
21
1.5332859842519684
0
LINE
8
BLACK
6
CONTINUOUS
10
5.6245061023622043
20
1.5332859842519684
11
5.6282556299212594
21
1.5314112204724408
0
LINE
8
BLACK
6
CONTINUOUS
10
5.6282556299212594
20
1.5314112204724408
11
5.6285036220472442
21
1.5312551574803148
0
LINE
8
BLACK
6
CONTINUOUS
10
5.6285036220472442
20
1.5312551574803148
11
5.628575590551181
21
1.5312253149606299
0
LINE
8
BLACK
6
CONTINUOUS
10
5.628575590551181
20
1.5312253149606299
11
5.6286565354330707
21
1.5311588582677165
0
LINE
8
BLACK
6
CONTINUOUS
10
5.6286565354330707
20
1.5311588582677165
11
5.6287455118110232
21
1.531102874015748
0
LINE
8
BLACK
6
CONTINUOUS
10
5.6287455118110232
20
1.531102874015748
11
5.6287966535433069
21
1.5310438976377951
0
LINE
8
BLACK
6
CONTINUOUS
10
5.6287966535433069
20
1.5310438976377951
11
5.6290230314960628
21
1.5308581102362204
0
LINE
8
BLACK
6
CONTINUOUS
10
5.6290230314960628
20
1.5308581102362204
11
5.6306846456692909
21
1.529196496062992
0
LINE
8
BLACK
6
CONTINUOUS
10
5.6306846456692909
20
1.529196496062992
11
5.6323462598425191
21
1.5308581102362204
0
LINE
8
BLACK
6
CONTINUOUS
10
5.6323462598425191
20
1.5308581102362204
11
5.6325725984251971
21
1.5310438976377951
0
LINE
8
BLACK
6
CONTINUOUS
10
5.6325725984251971
20
1.5310438976377951
11
5.6326237795275587
21
1.531102874015748
0
LINE
8
BLACK
6
CONTINUOUS
10
5.6326237795275587
20
1.531102874015748
11
5.6327127165354334
21
1.5311588582677165
0
LINE
8
BLACK
6
CONTINUOUS
10
5.6327127165354334
20
1.5311588582677165
11
5.6327937007874018
21
1.5312253149606299
0
LINE
8
BLACK
6
CONTINUOUS
10
5.6327937007874018
20
1.5312253149606299
11
5.6328656299212598
21
1.5312551574803148
0
LINE
8
BLACK
6
CONTINUOUS
10
5.6328656299212598
20
1.5312551574803148
11
5.6331136614173225
21
1.5314112204724408
0
LINE
8
BLACK
6
CONTINUOUS
10
5.6331136614173225
20
1.5314112204724408
11
5.6368631889763776
21
1.5332859842519684
0
LINE
8
BLACK
6
CONTINUOUS
10
5.6368631889763776
20
1.5332859842519684
11
5.6374037795275589
21
1.5334928740157481
0
LINE
8
BLACK
6
CONTINUOUS
10
5.6374037795275589
20
1.5334928740157481
11
5.637509645669291
21
1.5335004330708661
0
LINE
8
BLACK
6
CONTINUOUS
10
5.637509645669291
20
1.5335004330708661
11
5.6376076377952753
21
1.5335409842519685
0
LINE
8
BLACK
6
CONTINUOUS
10
5.6376076377952753
20
1.5335409842519685
11
5.6381837007874012
21
1.5335977165354331
0
LINE
8
BLACK
6
CONTINUOUS
10
5.6381837007874012
20
1.5335977165354331
11
5.6456827559055114
21
1.5335977165354331
0
LINE
8
BLACK
6
CONTINUOUS
10
5.6456827559055114
20
1.5335977165354331
11
5.6462588188976373
21
1.5335409842519685
0
LINE
8
BLACK
6
CONTINUOUS
10
5.6462588188976373
20
1.5335409842519685
11
5.6463568110236215
21
1.5335003937007874
0
LINE
8
BLACK
6
CONTINUOUS
10
5.6463568110236215
20
1.5335003937007874
11
5.6464626377952758
21
1.5334928740157481
0
LINE
8
BLACK
6
CONTINUOUS
10
5.6464626377952758
20
1.5334928740157481
11
5.6470032677165349
21
1.5332859842519684
0
LINE
8
BLACK
6
CONTINUOUS
10
5.6470032677165349
20
1.5332859842519684
11
5.65075279527559
21
1.5314112204724408
0
LINE
8
BLACK
6
CONTINUOUS
10
5.65075279527559
20
1.5314112204724408
11
5.6510006692913386
21
1.5312551968503936
0
LINE
8
BLACK
6
CONTINUOUS
10
5.6510006692913386
20
1.5312551968503936
11
5.6510727165354329
21
1.5312253543307086
0
LINE
8
BLACK
6
CONTINUOUS
10
5.6510727165354329
20
1.5312253543307086
11
5.6511537401574801
21
1.5311588582677165
0
LINE
8
BLACK
6
CONTINUOUS
10
5.6511537401574801
20
1.5311588582677165
11
5.6512426771653539
21
1.531102874015748
0
LINE
8
BLACK
6
CONTINUOUS
10
5.6512426771653539
20
1.531102874015748
11
5.6512938188976376
21
1.5310438976377951
0
LINE
8
BLACK
6
CONTINUOUS
10
5.6512938188976376
20
1.5310438976377951
11
5.6515201574803147
21
1.5308581496062992
0
LINE
8
BLACK
6
CONTINUOUS
10
5.6515201574803147
20
1.5308581496062992
11
5.653394960629921
21
1.5289833858267716
0
LINE
8
BLACK
6
CONTINUOUS
10
5.653394960629921
20
1.5289833858267716
11
5.6535807086614174
21
1.5287570472440946
0
LINE
8
BLACK
6
CONTINUOUS
10
5.6535807086614174
20
1.5287570472440946
11
5.6536397637795277
21
1.5287058267716536
0
LINE
8
BLACK
6
CONTINUOUS
10
5.6536397637795277
20
1.5287058267716536
11
5.6536957480314962
21
1.5286168897637795
0
LINE
8
BLACK
6
CONTINUOUS
10
5.6536957480314962
20
1.5286168897637795
11
5.6537622047244094
21
1.5285359055118111
0
LINE
8
BLACK
6
CONTINUOUS
10
5.6537622047244094
20
1.5285359055118111
11
5.6537920078740154
21
1.5284639763779526
0
LINE
8
BLACK
6
CONTINUOUS
10
5.6537920078740154
20
1.5284639763779526
11
5.6539481102362199
21
1.5282159448818897
0
LINE
8
BLACK
6
CONTINUOUS
10
5.6539481102362199
20
1.5282159448818897
11
5.6558228740157475
21
1.5244664173228346
0
LINE
8
BLACK
6
CONTINUOUS
10
5.6558228740157475
20
1.5244664173228346
11
5.6560297637795278
21
1.5239258267716536
0
LINE
8
BLACK
6
CONTINUOUS
10
5.6560297637795278
20
1.5239258267716536
11
5.6560372834645669
21
1.5238199606299212
0
LINE
8
BLACK
6
CONTINUOUS
10
5.6560372834645669
20
1.5238199606299212
11
5.6560778740157476
21
1.5237219685039369
0
LINE
8
BLACK
6
CONTINUOUS
10
5.6560778740157476
20
1.5237219685039369
11
5.6561346062992124
21
1.5231459055118111
0
LINE
8
BLACK
6
CONTINUOUS
10
5.6561346062992124
20
1.5231459055118111
11
5.6561346062992124
21
1.5156468503937008
0
LINE
8
BLACK
6
CONTINUOUS
10
5.6561346062992124
20
1.5156468503937008
11
5.6560778740157476
21
1.5150707874015747
0
LINE
8
BLACK
6
CONTINUOUS
10
5.6560778740157476
20
1.5150707874015747
11
5.6560372834645669
21
1.5149728346456692
0
LINE
8
BLACK
6
CONTINUOUS
10
5.6560372834645669
20
1.5149728346456692
11
5.6560297637795278
21
1.5148669291338583
0
LINE
8
BLACK
6
CONTINUOUS
10
5.6560297637795278
20
1.5148669291338583
11
5.6558228740157475
21
1.5143263385826771
0
LINE
8
BLACK
6
CONTINUOUS
10
5.6558228740157475
20
1.5143263385826771
11
5.6539481102362199
21
1.510576811023622
0
LINE
8
BLACK
6
CONTINUOUS
10
5.6539481102362199
20
1.510576811023622
11
5.6537920078740154
21
1.5103288188976378
0
LINE
8
BLACK
6
CONTINUOUS
10
5.6537920078740154
20
1.5103288188976378
11
5.6537622047244094
21
1.5102568503937008
0
LINE
8
BLACK
6
CONTINUOUS
10
5.6537622047244094
20
1.5102568503937008
11
5.6536957480314962
21
1.5101759055118109
0
LINE
8
BLACK
6
CONTINUOUS
10
5.6536957480314962
20
1.5101759055118109
11
5.6536397637795277
21
1.5100869291338583
0
LINE
8
BLACK
6
CONTINUOUS
10
5.6536397637795277
20
1.5100869291338583
11
5.6535807086614174
21
1.5100357480314961
0
LINE
8
BLACK
6
CONTINUOUS
10
5.6535807086614174
20
1.5100357480314961
11
5.653394960629921
21
1.5098093700787401
0
LINE
8
BLACK
6
CONTINUOUS
10
5.653394960629921
20
1.5098093700787401
11
5.6515201574803147
21
1.5079346062992125
0
LINE
8
BLACK
6
CONTINUOUS
10
5.6515201574803147
20
1.5079346062992125
11
5.6512938188976376
21
1.5077488976377953
0
LINE
8
BLACK
6
CONTINUOUS
10
5.6512938188976376
20
1.5077488976377953
11
5.6512426771653539
21
1.5076898818897637
0
LINE
8
BLACK
6
CONTINUOUS
10
5.6512426771653539
20
1.5076898818897637
11
5.6511537401574801
21
1.507633937007874
0
LINE
8
BLACK
6
CONTINUOUS
10
5.6511537401574801
20
1.507633937007874
11
5.6510727165354329
21
1.5075674015748031
0
LINE
8
BLACK
6
CONTINUOUS
10
5.6510727165354329
20
1.5075674015748031
11
5.6510006692913386
21
1.5075375984251969
0
LINE
8
BLACK
6
CONTINUOUS
10
5.6510006692913386
20
1.5075375984251969
11
5.65075279527559
21
1.5073815354330709
0
LINE
8
BLACK
6
CONTINUOUS
10
5.65075279527559
20
1.5073815354330709
11
5.6470032677165349
21
1.5055067716535433
0
LINE
8
BLACK
6
CONTINUOUS
10
5.6470032677165349
20
1.5055067716535433
11
5.6464626377952758
21
1.5052998818897638
0
LINE
8
BLACK
6
CONTINUOUS
10
5.6464626377952758
20
1.5052998818897638
11
5.6463568110236215
21
1.505292401574803
0
LINE
8
BLACK
6
CONTINUOUS
10
5.6463568110236215
20
1.505292401574803
11
5.6462588188976373
21
1.5052517716535432
0
LINE
8
BLACK
6
CONTINUOUS
10
5.6462588188976373
20
1.5052517716535432
11
5.6456827559055114
21
1.5051950393700788
0
LINE
8
BLACK
6
CONTINUOUS
10
5.6456827559055114
20
1.5051950393700788
11
5.6381837007874012
21
1.5051950393700788
0
LINE
8
BLACK
6
CONTINUOUS
10
5.6381837007874012
20
1.5051950393700788
11
5.6376076377952753
21
1.5052517716535432
0
LINE
8
BLACK
6
CONTINUOUS
10
5.6376076377952753
20
1.5052517716535432
11
5.637509645669291
21
1.5052923622047243
0
LINE
8
BLACK
6
CONTINUOUS
10
5.637509645669291
20
1.5052923622047243
11
5.6374037795275589
21
1.5052998818897638
0
LINE
8
BLACK
6
CONTINUOUS
10
5.6374037795275589
20
1.5052998818897638
11
5.6368631889763776
21
1.5055067716535433
0
LINE
8
BLACK
6
CONTINUOUS
10
5.6368631889763776
20
1.5055067716535433
11
5.6331136614173225
21
1.5073815354330709
0
LINE
8
BLACK
6
CONTINUOUS
10
5.6331136614173225
20
1.5073815354330709
11
5.6328656299212598
21
1.5075376377952756
0
LINE
8
BLACK
6
CONTINUOUS
10
5.6328656299212598
20
1.5075376377952756
11
5.6327937007874018
21
1.5075674409448818
0
LINE
8
BLACK
6
CONTINUOUS
10
5.6327937007874018
20
1.5075674409448818
11
5.6327127165354334
21
1.507633937007874
0
LINE
8
BLACK
6
CONTINUOUS
10
5.6327127165354334
20
1.507633937007874
11
5.6326237795275587
21
1.5076898818897637
0
LINE
8
BLACK
6
CONTINUOUS
10
5.6326237795275587
20
1.5076898818897637
11
5.6325725984251971
21
1.5077488976377953
0
LINE
8
BLACK
6
CONTINUOUS
10
5.6325725984251971
20
1.5077488976377953
11
5.6323462598425191
21
1.5079346456692913
0
LINE
8
BLACK
6
CONTINUOUS
10
5.6323462598425191
20
1.5079346456692913
11
5.6306846456692909
21
1.5095962598425197
0
LINE
8
BLACK
6
CONTINUOUS
10
5.6306846456692909
20
1.5095962598425197
11
5.6290230314960628
21
1.5079346456692913
0
LINE
8
BLACK
6
CONTINUOUS
10
5.6290230314960628
20
1.5079346456692913
11
5.6287966535433069
21
1.5077488976377953
0
LINE
8
BLACK
6
CONTINUOUS
10
5.6287966535433069
20
1.5077488976377953
11
5.6287455118110232
21
1.5076898818897637
0
LINE
8
BLACK
6
CONTINUOUS
10
5.6287455118110232
20
1.5076898818897637
11
5.6286565354330707
21
1.507633937007874
0
LINE
8
BLACK
6
CONTINUOUS
10
5.6286565354330707
20
1.507633937007874
11
5.628575590551181
21
1.5075674409448818
0
LINE
8
BLACK
6
CONTINUOUS
10
5.628575590551181
20
1.5075674409448818
11
5.6285036220472442
21
1.5075376377952756
0
LINE
8
BLACK
6
CONTINUOUS
10
5.6285036220472442
20
1.5075376377952756
11
5.6282556299212594
21
1.5073815354330709
0
LINE
8
BLACK
6
CONTINUOUS
10
5.6282556299212594
20
1.5073815354330709
11
5.6245061023622043
21
1.5055067716535433
0
LINE
8
BLACK
6
CONTINUOUS
10
5.6245061023622043
20
1.5055067716535433
11
5.6239654724409451
21
1.5052998818897638
0
LINE
8
BLACK
6
CONTINUOUS
10
5.6239654724409451
20
1.5052998818897638
11
5.6238596456692909
21
1.505292401574803
0
LINE
8
BLACK
6
CONTINUOUS
10
5.6238596456692909
20
1.505292401574803
11
5.6237616535433066
21
1.5052517716535432
0
LINE
8
BLACK
6
CONTINUOUS
10
5.6237616535433066
20
1.5052517716535432
11
5.6231855905511807
21
1.5051950393700788
0
LINE
8
BLACK
6
CONTINUOUS
10
5.6231855905511807
20
1.5051950393700788
11
5.6213108267716532
21
1.5051950393700788
0
LINE
8
BLACK
6
CONTINUOUS
10
5.6213108267716532
20
1.5051950393700788
11
5.6207347637795273
21
1.5052517716535432
0
LINE
8
BLACK
6
CONTINUOUS
10
5.6207347637795273
20
1.5052517716535432
11
5.620636771653543
21
1.5052923622047243
0
LINE
8
BLACK
6
CONTINUOUS
10
5.620636771653543
20
1.5052923622047243
11
5.6205309055118109
21
1.5052998818897638
0
LINE
8
BLACK
6
CONTINUOUS
10
5.6205309055118109
20
1.5052998818897638
11
5.6199903149606296
21
1.5055067716535433
0
LINE
8
BLACK
6
CONTINUOUS
10
5.6199903149606296
20
1.5055067716535433
11
5.6162407874015745
21
1.5073815354330709
0
LINE
8
BLACK
6
CONTINUOUS
10
5.6162407874015745
20
1.5073815354330709
11
5.6159927559055118
21
1.5075376377952756
0
LINE
8
BLACK
6
CONTINUOUS
10
5.6159927559055118
20
1.5075376377952756
11
5.6159208267716538
21
1.5075674409448818
0
LINE
8
BLACK
6
CONTINUOUS
10
5.6159208267716538
20
1.5075674409448818
11
5.6158398425196845
21
1.507633937007874
0
LINE
8
BLACK
6
CONTINUOUS
10
5.6158398425196845
20
1.507633937007874
11
5.6157509055118107
21
1.5076898818897637
0
LINE
8
BLACK
6
CONTINUOUS
10
5.6157509055118107
20
1.5076898818897637
11
5.6156997244094491
21
1.5077488976377953
0
LINE
8
BLACK
6
CONTINUOUS
10
5.6156997244094491
20
1.5077488976377953
11
5.6154733858267711
21
1.5079346456692913
0
LINE
8
BLACK
6
CONTINUOUS
10
5.6154733858267711
20
1.5079346456692913
11
5.6135986220472436
21
1.5098094094488188
0
LINE
8
BLACK
6
CONTINUOUS
10
5.6135986220472436
20
1.5098094094488188
11
5.6134128346456693
21
1.5100357874015748
0
LINE
8
BLACK
6
CONTINUOUS
10
5.6134128346456693
20
1.5100357874015748
11
5.6133538582677165
21
1.5100869291338583
0
LINE
8
BLACK
6
CONTINUOUS
10
5.6133538582677165
20
1.5100869291338583
11
5.613297874015748
21
1.5101759055118109
0
LINE
8
BLACK
6
CONTINUOUS
10
5.613297874015748
20
1.5101759055118109
11
5.6132314173228348
21
1.5102568503937008
0
LINE
8
BLACK
6
CONTINUOUS
10
5.6132314173228348
20
1.5102568503937008
11
5.6132015748031492
21
1.5103288188976378
0
LINE
8
BLACK
6
CONTINUOUS
10
5.6132015748031492
20
1.5103288188976378
11
5.6130455118110234
21
1.510576811023622
0
LINE
8
BLACK
6
CONTINUOUS
10
5.6130455118110234
20
1.510576811023622
11
5.6111707480314958
21
1.5143263385826771
0
LINE
8
BLACK
6
CONTINUOUS
10
5.6111707480314958
20
1.5143263385826771
11
5.6109638582677164
21
1.5148669685039369
0
LINE
8
BLACK
6
CONTINUOUS
10
5.6109638582677164
20
1.5148669685039369
11
5.6109563385826773
21
1.5149727952755905
0
LINE
8
BLACK
6
CONTINUOUS
10
5.6109563385826773
20
1.5149727952755905
11
5.6109157480314957
21
1.5150707874015747
0
LINE
8
BLACK
6
CONTINUOUS
10
5.6109157480314957
20
1.5150707874015747
11
5.6108590157480318
21
1.5156468503937008
0
LINE
8
BLACK
6
CONTINUOUS
10
5.6108590157480318
20
1.5156468503937008
11
5.6108590157480318
21
1.5231459055118111
0
LINE
8
BLACK
6
CONTINUOUS
10
5.6108590157480318
20
1.5231459055118111
11
5.6109157480314957
21
1.5237219685039369
0
LINE
8
BLACK
6
CONTINUOUS
10
5.6109157480314957
20
1.5237219685039369
11
5.6109563385826773
21
1.52382
0
LINE
8
BLACK
6
CONTINUOUS
10
5.6109563385826773
20
1.52382
11
5.6109638582677164
21
1.5239257874015748
0
LINE
8
BLACK
6
CONTINUOUS
10
5.6109638582677164
20
1.5239257874015748
11
5.6111707480314958
21
1.5244664173228346
0
LINE
8
BLACK
6
CONTINUOUS
10
5.6111707480314958
20
1.5244664173228346
11
5.6130455118110234
21
1.5282159448818897
0
LINE
8
BLACK
6
CONTINUOUS
10
5.6130455118110234
20
1.5282159448818897
11
5.6132015748031492
21
1.5284639763779526
0
LINE
8
BLACK
6
CONTINUOUS
10
5.6132015748031492
20
1.5284639763779526
11
5.6132314173228348
21
1.5285359055118111
0
LINE
8
BLACK
6
CONTINUOUS
10
5.6132314173228348
20
1.5285359055118111
11
5.613297874015748
21
1.5286168897637795
0
LINE
8
BLACK
6
CONTINUOUS
10
5.613297874015748
20
1.5286168897637795
11
5.6133538582677165
21
1.5287058267716536
0
LINE
8
BLACK
6
CONTINUOUS
10
5.6133538582677165
20
1.5287058267716536
11
5.6134128346456693
21
1.5287570078740158
0
LINE
8
BLACK
6
CONTINUOUS
10
5.6134128346456693
20
1.5287570078740158
11
5.6135986220472436
21
1.5289833464566929
0
LINE
8
BLACK
6
CONTINUOUS
10
5.6135986220472436
20
1.5289833464566929
11
5.6154733858267711
21
1.5308581102362204
0
LINE
8
BLACK
6
CONTINUOUS
10
5.6154733858267711
20
1.5308581102362204
11
5.6156997244094491
21
1.5310438976377951
0
LINE
8
BLACK
6
CONTINUOUS
10
5.6156997244094491
20
1.5310438976377951
11
5.6157509055118107
21
1.531102874015748
0
LINE
8
BLACK
6
CONTINUOUS
10
5.6157509055118107
20
1.531102874015748
11
5.6158398425196845
21
1.5311588582677165
0
LINE
8
BLACK
6
CONTINUOUS
10
5.6158398425196845
20
1.5311588582677165
11
5.6159208267716538
21
1.5312253149606299
0
LINE
8
BLACK
6
CONTINUOUS
10
5.6159208267716538
20
1.5312253149606299
11
5.6159927559055118
21
1.5312551574803148
0
LINE
8
BLACK
6
CONTINUOUS
10
5.6159927559055118
20
1.5312551574803148
11
5.6162407874015745
21
1.5314112204724408
0
LINE
8
BLACK
6
CONTINUOUS
10
5.6162407874015745
20
1.5314112204724408
11
5.6199903149606296
21
1.5332859842519684
0
LINE
8
BLACK
6
CONTINUOUS
10
5.6199903149606296
20
1.5332859842519684
11
5.6205309055118109
21
1.5334928740157481
0
LINE
8
BLACK
6
CONTINUOUS
10
5.6205309055118109
20
1.5334928740157481
11
5.620636771653543
21
1.5335004330708661
0
LINE
8
BLACK
6
CONTINUOUS
10
5.620636771653543
20
1.5335004330708661
11
5.6207347637795273
21
1.5335409842519685
0
LINE
8
BLACK
6
CONTINUOUS
10
5.6207347637795273
20
1.5335409842519685
11
5.6213108267716532
21
1.5335977165354331
0
LINE
8
BLACK
6
CONTINUOUS
10
5.6213108267716532
20
1.5335977165354331
11
5.6231855905511807
21
1.5335977165354331
0
LINE
8
BLACK
6
CONTINUOUS
10
5.6231855905511807
20
1.5335977165354331
11
5.6237616535433066
21
1.5335409842519685
0
LINE
8
BLACK
6
CONTINUOUS
10
5.6193103937007871
20
1.5263434645669292
11
5.6181132677165353
21
1.5251463385826771
0
LINE
8
BLACK
6
CONTINUOUS
10
5.6181132677165353
20
1.5251463385826771
11
5.616764527559055
21
1.5224488582677165
0
LINE
8
BLACK
6
CONTINUOUS
10
5.616764527559055
20
1.5224488582677165
11
5.616764527559055
21
1.5163438976377952
0
LINE
8
BLACK
6
CONTINUOUS
10
5.616764527559055
20
1.5163438976377952
11
5.6181132677165353
21
1.5136464173228346
0
LINE
8
BLACK
6
CONTINUOUS
10
5.6181132677165353
20
1.5136464173228346
11
5.6193103937007871
21
1.5124492913385827
0
LINE
8
BLACK
6
CONTINUOUS
10
5.6193103937007871
20
1.5124492913385827
11
5.6220078740157478
21
1.5111005511811024
0
LINE
8
BLACK
6
CONTINUOUS
10
5.6220078740157478
20
1.5111005511811024
11
5.6224885433070861
21
1.5111005511811024
0
LINE
8
BLACK
6
CONTINUOUS
10
5.6224885433070861
20
1.5111005511811024
11
5.6251860236220468
21
1.5124492913385827
0
LINE
8
BLACK
6
CONTINUOUS
10
5.6251860236220468
20
1.5124492913385827
11
5.6263831496062995
21
1.5136464173228346
0
LINE
8
BLACK
6
CONTINUOUS
10
5.6263831496062995
20
1.5136464173228346
11
5.6277318897637798
21
1.5163438976377952
0
LINE
8
BLACK
6
CONTINUOUS
10
5.6277318897637798
20
1.5163438976377952
11
5.6277318897637798
21
1.5224488582677165
0
LINE
8
BLACK
6
CONTINUOUS
10
5.6277318897637798
20
1.5224488582677165
11
5.6263831496062995
21
1.5251463385826771
0
LINE
8
BLACK
6
CONTINUOUS
10
5.6263831496062995
20
1.5251463385826771
11
5.6251860236220468
21
1.5263434645669292
0
LINE
8
BLACK
6
CONTINUOUS
10
5.6251860236220468
20
1.5263434645669292
11
5.6224885433070861
21
1.5276922047244095
0
LINE
8
BLACK
6
CONTINUOUS
10
5.6224885433070861
20
1.5276922047244095
11
5.6220078740157478
21
1.5276922047244095
0
LINE
8
BLACK
6
CONTINUOUS
10
5.6220078740157478
20
1.5276922047244095
11
5.6193103937007871
21
1.5263434645669292
0
LINE
8
BLACK
6
CONTINUOUS
10
5.6361832677165351
20
1.5263434645669292
11
5.6349861417322833
21
1.5251463385826771
0
LINE
8
BLACK
6
CONTINUOUS
10
5.6349861417322833
20
1.5251463385826771
11
5.633637401574803
21
1.5224488582677165
0
LINE
8
BLACK
6
CONTINUOUS
10
5.633637401574803
20
1.5224488582677165
11
5.633637401574803
21
1.5163438976377952
0
LINE
8
BLACK
6
CONTINUOUS
10
5.633637401574803
20
1.5163438976377952
11
5.6349861417322833
21
1.5136464173228346
0
LINE
8
BLACK
6
CONTINUOUS
10
5.6349861417322833
20
1.5136464173228346
11
5.6361832677165351
21
1.5124492913385827
0
LINE
8
BLACK
6
CONTINUOUS
10
5.6361832677165351
20
1.5124492913385827
11
5.6388807480314957
21
1.5111005511811024
0
LINE
8
BLACK
6
CONTINUOUS
10
5.6388807480314957
20
1.5111005511811024
11
5.6449857086614168
21
1.5111005511811024
0
LINE
8
BLACK
6
CONTINUOUS
10
5.6449857086614168
20
1.5111005511811024
11
5.6476831889763774
21
1.5124493307086613
0
LINE
8
BLACK
6
CONTINUOUS
10
5.6476831889763774
20
1.5124493307086613
11
5.6488803543307089
21
1.5136464566929133
0
LINE
8
BLACK
6
CONTINUOUS
10
5.6488803543307089
20
1.5136464566929133
11
5.6502290944881892
21
1.5163438976377952
0
LINE
8
BLACK
6
CONTINUOUS
10
5.6502290944881892
20
1.5163438976377952
11
5.6502290944881892
21
1.5224488582677165
0
LINE
8
BLACK
6
CONTINUOUS
10
5.6502290944881892
20
1.5224488582677165
11
5.6488803543307089
21
1.5251463385826771
0
LINE
8
BLACK
6
CONTINUOUS
10
5.6488803543307089
20
1.5251463385826771
11
5.6476831889763774
21
1.5263434645669292
0
LINE
8
BLACK
6
CONTINUOUS
10
5.6476831889763774
20
1.5263434645669292
11
5.6449857086614168
21
1.5276922047244095
0
LINE
8
BLACK
6
CONTINUOUS
10
5.6449857086614168
20
1.5276922047244095
11
5.6388807480314957
21
1.5276922047244095
0
LINE
8
BLACK
6
CONTINUOUS
10
5.6388807480314957
20
1.5276922047244095
11
5.6361832677165351
21
1.5263434645669292
0
LINE
8
BLACK
6
CONTINUOUS
10
5.7458088976377955
20
1.5337772047244094
11
5.7459068897637797
21
1.5337366141732283
0
LINE
8
BLACK
6
CONTINUOUS
10
5.7459068897637797
20
1.5337366141732283
11
5.7460127165354331
21
1.5337290944881889
0
LINE
8
BLACK
6
CONTINUOUS
10
5.7460127165354331
20
1.5337290944881889
11
5.7465533464566931
21
1.5335222047244095
0
LINE
8
BLACK
6
CONTINUOUS
10
5.7465533464566931
20
1.5335222047244095
11
5.7503028740157482
21
1.5316474409448819
0
LINE
8
BLACK
6
CONTINUOUS
10
5.7503028740157482
20
1.5316474409448819
11
5.7505508661417322
21
1.5314913779527559
0
LINE
8
BLACK
6
CONTINUOUS
10
5.7505508661417322
20
1.5314913779527559
11
5.7506228346456689
21
1.5314615354330707
0
LINE
8
BLACK
6
CONTINUOUS
10
5.7506228346456689
20
1.5314615354330707
11
5.7507037795275586
21
1.5313950787401573
0
LINE
8
BLACK
6
CONTINUOUS
10
5.7507037795275586
20
1.5313950787401573
11
5.7507927559055121
21
1.5313390944881888
0
LINE
8
BLACK
6
CONTINUOUS
10
5.7507927559055121
20
1.5313390944881888
11
5.7508438976377949
21
1.5312801181102362
0
LINE
8
BLACK
6
CONTINUOUS
10
5.7508438976377949
20
1.5312801181102362
11
5.7510702755905507
21
1.5310943307086613
0
LINE
8
BLACK
6
CONTINUOUS
10
5.7510702755905507
20
1.5310943307086613
11
5.7527318897637798
21
1.5294327165354331
0
LINE
8
BLACK
6
CONTINUOUS
10
5.7527318897637798
20
1.5294327165354331
11
5.754393503937008
21
1.5310943307086613
0
LINE
8
BLACK
6
CONTINUOUS
10
5.754393503937008
20
1.5310943307086613
11
5.7546198425196851
21
1.5312801181102362
0
LINE
8
BLACK
6
CONTINUOUS
10
5.7546198425196851
20
1.5312801181102362
11
5.7546710236220475
21
1.5313390944881888
0
LINE
8
BLACK
6
CONTINUOUS
10
5.7546710236220475
20
1.5313390944881888
11
5.7547599606299213
21
1.5313950787401573
0
LINE
8
BLACK
6
CONTINUOUS
10
5.7547599606299213
20
1.5313950787401573
11
5.7548409448818898
21
1.5314615354330707
0
LINE
8
BLACK
6
CONTINUOUS
10
5.7548409448818898
20
1.5314615354330707
11
5.7549128740157478
21
1.5314913779527559
0
LINE
8
BLACK
6
CONTINUOUS
10
5.7549128740157478
20
1.5314913779527559
11
5.7551609055118105
21
1.5316474409448819
0
LINE
8
BLACK
6
CONTINUOUS
10
5.7551609055118105
20
1.5316474409448819
11
5.7589104330708656
21
1.5335222047244095
0
LINE
8
BLACK
6
CONTINUOUS
10
5.7589104330708656
20
1.5335222047244095
11
5.7594510236220469
21
1.5337290944881889
0
LINE
8
BLACK
6
CONTINUOUS
10
5.7594510236220469
20
1.5337290944881889
11
5.759556889763779
21
1.533736653543307
0
LINE
8
BLACK
6
CONTINUOUS
10
5.759556889763779
20
1.533736653543307
11
5.7596548818897633
21
1.5337772047244094
0
LINE
8
BLACK
6
CONTINUOUS
10
5.7596548818897633
20
1.5337772047244094
11
5.76023094488189
21
1.533833937007874
0
LINE
8
BLACK
6
CONTINUOUS
10
5.76023094488189
20
1.533833937007874
11
5.7677300000000002
21
1.533833937007874
0
LINE
8
BLACK
6
CONTINUOUS
10
5.7677300000000002
20
1.533833937007874
11
5.7683060629921261
21
1.5337772047244094
0
LINE
8
BLACK
6
CONTINUOUS
10
5.7683060629921261
20
1.5337772047244094
11
5.7684040551181104
21
1.5337366141732283
0
LINE
8
BLACK
6
CONTINUOUS
10
5.7684040551181104
20
1.5337366141732283
11
5.7685098818897638
21
1.5337290944881889
0
LINE
8
BLACK
6
CONTINUOUS
10
5.7685098818897638
20
1.5337290944881889
11
5.7690505118110238
21
1.5335222047244095
0
LINE
8
BLACK
6
CONTINUOUS
10
5.7690505118110238
20
1.5335222047244095
11
5.7728000393700789
21
1.5316474409448819
0
LINE
8
BLACK
6
CONTINUOUS
10
5.7728000393700789
20
1.5316474409448819
11
5.7730479133858266
21
1.5314914173228347
0
LINE
8
BLACK
6
CONTINUOUS
10
5.7730479133858266
20
1.5314914173228347
11
5.7731199606299208
21
1.5314615748031495
0
LINE
8
BLACK
6
CONTINUOUS
10
5.7731199606299208
20
1.5314615748031495
11
5.773200984251968
21
1.5313950787401573
0
LINE
8
BLACK
6
CONTINUOUS
10
5.773200984251968
20
1.5313950787401573
11
5.7732899212598427
21
1.5313390944881888
0
LINE
8
BLACK
6
CONTINUOUS
10
5.7732899212598427
20
1.5313390944881888
11
5.7733410629921256
21
1.5312801181102362
0
LINE
8
BLACK
6
CONTINUOUS
10
5.7733410629921256
20
1.5312801181102362
11
5.7735674015748026
21
1.5310943700787401
0
LINE
8
BLACK
6
CONTINUOUS
10
5.7735674015748026
20
1.5310943700787401
11
5.7754422047244089
21
1.5292196062992125
0
LINE
8
BLACK
6
CONTINUOUS
10
5.7754422047244089
20
1.5292196062992125
11
5.7756279527559053
21
1.5289932677165354
0
LINE
8
BLACK
6
CONTINUOUS
10
5.7756279527559053
20
1.5289932677165354
11
5.7756870078740157
21
1.5289420472440944
0
LINE
8
BLACK
6
CONTINUOUS
10
5.7756870078740157
20
1.5289420472440944
11
5.7757429921259842
21
1.5288531102362204
0
LINE
8
BLACK
6
CONTINUOUS
10
5.7757429921259842
20
1.5288531102362204
11
5.7758094488188974
21
1.5287721259842519
0
LINE
8
BLACK
6
CONTINUOUS
10
5.7758094488188974
20
1.5287721259842519
11
5.7758392519685042
21
1.5287001968503937
0
LINE
8
BLACK
6
CONTINUOUS
10
5.7758392519685042
20
1.5287001968503937
11
5.7759953543307088
21
1.5284521653543306
0
LINE
8
BLACK
6
CONTINUOUS
10
5.7759953543307088
20
1.5284521653543306
11
5.7778701181102363
21
1.5247026377952755
0
LINE
8
BLACK
6
CONTINUOUS
10
5.7778701181102363
20
1.5247026377952755
11
5.7780770078740158
21
1.5241620472440944
0
LINE
8
BLACK
6
CONTINUOUS
10
5.7780770078740158
20
1.5241620472440944
11
5.7780845275590549
21
1.5240561811023621
0
LINE
8
BLACK
6
CONTINUOUS
10
5.7780845275590549
20
1.5240561811023621
11
5.7781251181102364
21
1.523958188976378
0
LINE
8
BLACK
6
CONTINUOUS
10
5.7781251181102364
20
1.523958188976378
11
5.7781818503937004
21
1.5233821259842519
0
LINE
8
BLACK
6
CONTINUOUS
10
5.7781818503937004
20
1.5233821259842519
11
5.7781818503937004
21
1.5158830708661417
0
LINE
8
BLACK
6
CONTINUOUS
10
5.7781818503937004
20
1.5158830708661417
11
5.7781251181102364
21
1.5153070078740156
0
LINE
8
BLACK
6
CONTINUOUS
10
5.7781251181102364
20
1.5153070078740156
11
5.7780845275590549
21
1.5152090551181101
0
LINE
8
BLACK
6
CONTINUOUS
10
5.7780845275590549
20
1.5152090551181101
11
5.7780770078740158
21
1.5151031496062992
0
LINE
8
BLACK
6
CONTINUOUS
10
5.7780770078740158
20
1.5151031496062992
11
5.7778701181102363
21
1.5145625590551182
0
LINE
8
BLACK
6
CONTINUOUS
10
5.7778701181102363
20
1.5145625590551182
11
5.7759953543307088
21
1.5108130314960631
0
LINE
8
BLACK
6
CONTINUOUS
10
5.7759953543307088
20
1.5108130314960631
11
5.7758392519685042
21
1.5105650393700787
0
LINE
8
BLACK
6
CONTINUOUS
10
5.7758392519685042
20
1.5105650393700787
11
5.7758094488188974
21
1.5104930708661417
0
LINE
8
BLACK
6
CONTINUOUS
10
5.7758094488188974
20
1.5104930708661417
11
5.7757429921259842
21
1.510412125984252
0
LINE
8
BLACK
6
CONTINUOUS
10
5.7757429921259842
20
1.510412125984252
11
5.7756870078740157
21
1.5103231496062992
0
LINE
8
BLACK
6
CONTINUOUS
10
5.7756870078740157
20
1.5103231496062992
11
5.7756279527559053
21
1.510271968503937
0
LINE
8
BLACK
6
CONTINUOUS
10
5.7756279527559053
20
1.510271968503937
11
5.7754422047244089
21
1.5100455905511811
0
LINE
8
BLACK
6
CONTINUOUS
10
5.7754422047244089
20
1.5100455905511811
11
5.7735674015748026
21
1.5081708267716536
0
LINE
8
BLACK
6
CONTINUOUS
10
5.7735674015748026
20
1.5081708267716536
11
5.7733410629921256
21
1.5079851181102362
0
LINE
8
BLACK
6
CONTINUOUS
10
5.7733410629921256
20
1.5079851181102362
11
5.7732899212598427
21
1.5079261023622046
0
LINE
8
BLACK
6
CONTINUOUS
10
5.7732899212598427
20
1.5079261023622046
11
5.773200984251968
21
1.5078701574803148
0
LINE
8
BLACK
6
CONTINUOUS
10
5.773200984251968
20
1.5078701574803148
11
5.7731199606299208
21
1.5078036220472442
0
LINE
8
BLACK
6
CONTINUOUS
10
5.7731199606299208
20
1.5078036220472442
11
5.7730479133858266
21
1.5077738188976377
0
LINE
8
BLACK
6
CONTINUOUS
10
5.7730479133858266
20
1.5077738188976377
11
5.7728000393700789
21
1.5076177559055117
0
LINE
8
BLACK
6
CONTINUOUS
10
5.7728000393700789
20
1.5076177559055117
11
5.7690505118110238
21
1.5057429921259842
0
LINE
8
BLACK
6
CONTINUOUS
10
5.7690505118110238
20
1.5057429921259842
11
5.7685098818897638
21
1.5055361023622047
0
LINE
8
BLACK
6
CONTINUOUS
10
5.7685098818897638
20
1.5055361023622047
11
5.7684040551181104
21
1.5055286220472441
0
LINE
8
BLACK
6
CONTINUOUS
10
5.7684040551181104
20
1.5055286220472441
11
5.7683060629921261
21
1.5054879921259843
0
LINE
8
BLACK
6
CONTINUOUS
10
5.7683060629921261
20
1.5054879921259843
11
5.7677300000000002
21
1.5054312598425197
0
LINE
8
BLACK
6
CONTINUOUS
10
5.7677300000000002
20
1.5054312598425197
11
5.76023094488189
21
1.5054312598425197
0
LINE
8
BLACK
6
CONTINUOUS
10
5.76023094488189
20
1.5054312598425197
11
5.7596548818897633
21
1.5054879921259843
0
LINE
8
BLACK
6
CONTINUOUS
10
5.7596548818897633
20
1.5054879921259843
11
5.759556889763779
21
1.5055285826771654
0
LINE
8
BLACK
6
CONTINUOUS
10
5.759556889763779
20
1.5055285826771654
11
5.7594510236220469
21
1.5055361023622047
0
LINE
8
BLACK
6
CONTINUOUS
10
5.7594510236220469
20
1.5055361023622047
11
5.7589104330708656
21
1.5057429921259842
0
LINE
8
BLACK
6
CONTINUOUS
10
5.7589104330708656
20
1.5057429921259842
11
5.7551609055118105
21
1.5076177559055117
0
LINE
8
BLACK
6
CONTINUOUS
10
5.7551609055118105
20
1.5076177559055117
11
5.7549128740157478
21
1.5077738582677165
0
LINE
8
BLACK
6
CONTINUOUS
10
5.7549128740157478
20
1.5077738582677165
11
5.7548409448818898
21
1.5078036614173227
0
LINE
8
BLACK
6
CONTINUOUS
10
5.7548409448818898
20
1.5078036614173227
11
5.7547599606299213
21
1.5078701574803148
0
LINE
8
BLACK
6
CONTINUOUS
10
5.7547599606299213
20
1.5078701574803148
11
5.7546710236220475
21
1.5079261023622046
0
LINE
8
BLACK
6
CONTINUOUS
10
5.7546710236220475
20
1.5079261023622046
11
5.7546198425196851
21
1.5079851181102362
0
LINE
8
BLACK
6
CONTINUOUS
10
5.7546198425196851
20
1.5079851181102362
11
5.754393503937008
21
1.5081708661417323
0
LINE
8
BLACK
6
CONTINUOUS
10
5.754393503937008
20
1.5081708661417323
11
5.7527318897637798
21
1.5098324803149605
0
LINE
8
BLACK
6
CONTINUOUS
10
5.7527318897637798
20
1.5098324803149605
11
5.7510702755905507
21
1.5081708661417323
0
LINE
8
BLACK
6
CONTINUOUS
10
5.7510702755905507
20
1.5081708661417323
11
5.7508438976377949
21
1.5079851181102362
0
LINE
8
BLACK
6
CONTINUOUS
10
5.7508438976377949
20
1.5079851181102362
11
5.7507927559055121
21
1.5079261023622046
0
LINE
8
BLACK
6
CONTINUOUS
10
5.7507927559055121
20
1.5079261023622046
11
5.7507037795275586
21
1.5078701574803148
0
LINE
8
BLACK
6
CONTINUOUS
10
5.7507037795275586
20
1.5078701574803148
11
5.7506228346456689
21
1.5078036614173227
0
LINE
8
BLACK
6
CONTINUOUS
10
5.7506228346456689
20
1.5078036614173227
11
5.7505508661417322
21
1.5077738582677165
0
LINE
8
BLACK
6
CONTINUOUS
10
5.7505508661417322
20
1.5077738582677165
11
5.7503028740157482
21
1.5076177559055117
0
LINE
8
BLACK
6
CONTINUOUS
10
5.7503028740157482
20
1.5076177559055117
11
5.7465533464566931
21
1.5057429921259842
0
LINE
8
BLACK
6
CONTINUOUS
10
5.7465533464566931
20
1.5057429921259842
11
5.7460127165354331
21
1.5055361023622047
0
LINE
8
BLACK
6
CONTINUOUS
10
5.7460127165354331
20
1.5055361023622047
11
5.7459068897637797
21
1.5055286220472441
0
LINE
8
BLACK
6
CONTINUOUS
10
5.7459068897637797
20
1.5055286220472441
11
5.7458088976377955
21
1.5054879921259843
0
LINE
8
BLACK
6
CONTINUOUS
10
5.7458088976377955
20
1.5054879921259843
11
5.7452328346456696
21
1.5054312598425197
0
LINE
8
BLACK
6
CONTINUOUS
10
5.7452328346456696
20
1.5054312598425197
11
5.743358070866142
21
1.5054312598425197
0
LINE
8
BLACK
6
CONTINUOUS
10
5.743358070866142
20
1.5054312598425197
11
5.7427820078740153
21
1.5054879921259843
0
LINE
8
BLACK
6
CONTINUOUS
10
5.7427820078740153
20
1.5054879921259843
11
5.742684015748031
21
1.5055285826771654
0
LINE
8
BLACK
6
CONTINUOUS
10
5.742684015748031
20
1.5055285826771654
11
5.7425781496062989
21
1.5055361023622047
0
LINE
8
BLACK
6
CONTINUOUS
10
5.7425781496062989
20
1.5055361023622047
11
5.7420375590551176
21
1.5057429921259842
0
LINE
8
BLACK
6
CONTINUOUS
10
5.7420375590551176
20
1.5057429921259842
11
5.7382880314960625
21
1.5076177559055117
0
LINE
8
BLACK
6
CONTINUOUS
10
5.7382880314960625
20
1.5076177559055117
11
5.7380399999999998
21
1.5077738582677165
0
LINE
8
BLACK
6
CONTINUOUS
10
5.7380399999999998
20
1.5077738582677165
11
5.7379680708661418
21
1.5078036614173227
0
LINE
8
BLACK
6
CONTINUOUS
10
5.7379680708661418
20
1.5078036614173227
11
5.7378870866141733
21
1.5078701574803148
0
LINE
8
BLACK
6
CONTINUOUS
10
5.7378870866141733
20
1.5078701574803148
11
5.7377981496062995
21
1.5079261023622046
0
LINE
8
BLACK
6
CONTINUOUS
10
5.7377981496062995
20
1.5079261023622046
11
5.7377469685039371
21
1.5079851181102362
0
LINE
8
BLACK
6
CONTINUOUS
10
5.7377469685039371
20
1.5079851181102362
11
5.73752062992126
21
1.5081708661417323
0
LINE
8
BLACK
6
CONTINUOUS
10
5.73752062992126
20
1.5081708661417323
11
5.7356458661417324
21
1.5100456299212599
0
LINE
8
BLACK
6
CONTINUOUS
10
5.7356458661417324
20
1.5100456299212599
11
5.7354600787401573
21
1.5102720078740157
0
LINE
8
BLACK
6
CONTINUOUS
10
5.7354600787401573
20
1.5102720078740157
11
5.7354011023622045
21
1.5103231496062992
0
LINE
8
BLACK
6
CONTINUOUS
10
5.7354011023622045
20
1.5103231496062992
11
5.735345118110236
21
1.510412125984252
0
LINE
8
BLACK
6
CONTINUOUS
10
5.735345118110236
20
1.510412125984252
11
5.7352786614173228
21
1.5104930708661417
0
LINE
8
BLACK
6
CONTINUOUS
10
5.7352786614173228
20
1.5104930708661417
11
5.735248818897638
21
1.5105650393700787
0
LINE
8
BLACK
6
CONTINUOUS
10
5.735248818897638
20
1.5105650393700787
11
5.7350927559055114
21
1.5108130314960631
0
LINE
8
BLACK
6
CONTINUOUS
10
5.7350927559055114
20
1.5108130314960631
11
5.7332179921259838
21
1.5145625590551182
0
LINE
8
BLACK
6
CONTINUOUS
10
5.7332179921259838
20
1.5145625590551182
11
5.7330111023622043
21
1.515103188976378
0
LINE
8
BLACK
6
CONTINUOUS
10
5.7330111023622043
20
1.515103188976378
11
5.7330035826771653
21
1.5152090157480314
0
LINE
8
BLACK
6
CONTINUOUS
10
5.7330035826771653
20
1.5152090157480314
11
5.7329629921259837
21
1.5153070078740156
0
LINE
8
BLACK
6
CONTINUOUS
10
5.7329629921259837
20
1.5153070078740156
11
5.7329062598425198
21
1.5158830708661417
0
LINE
8
BLACK
6
CONTINUOUS
10
5.7329062598425198
20
1.5158830708661417
11
5.7329062598425198
21
1.5233821259842519
0
LINE
8
BLACK
6
CONTINUOUS
10
5.7329062598425198
20
1.5233821259842519
11
5.7329629921259837
21
1.523958188976378
0
LINE
8
BLACK
6
CONTINUOUS
10
5.7329629921259837
20
1.523958188976378
11
5.7330035826771653
21
1.5240562204724408
0
LINE
8
BLACK
6
CONTINUOUS
10
5.7330035826771653
20
1.5240562204724408
11
5.7330111023622043
21
1.5241620078740157
0
LINE
8
BLACK
6
CONTINUOUS
10
5.7330111023622043
20
1.5241620078740157
11
5.7332179921259838
21
1.5247026377952755
0
LINE
8
BLACK
6
CONTINUOUS
10
5.7332179921259838
20
1.5247026377952755
11
5.7350927559055114
21
1.5284521653543306
0
LINE
8
BLACK
6
CONTINUOUS
10
5.7350927559055114
20
1.5284521653543306
11
5.735248818897638
21
1.5287001968503937
0
LINE
8
BLACK
6
CONTINUOUS
10
5.735248818897638
20
1.5287001968503937
11
5.7352786614173228
21
1.5287721259842519
0
LINE
8
BLACK
6
CONTINUOUS
10
5.7352786614173228
20
1.5287721259842519
11
5.735345118110236
21
1.5288531102362204
0
LINE
8
BLACK
6
CONTINUOUS
10
5.735345118110236
20
1.5288531102362204
11
5.7354011023622045
21
1.5289420472440944
0
LINE
8
BLACK
6
CONTINUOUS
10
5.7354011023622045
20
1.5289420472440944
11
5.7354600787401573
21
1.5289932283464567
0
LINE
8
BLACK
6
CONTINUOUS
10
5.7354600787401573
20
1.5289932283464567
11
5.7356458661417324
21
1.5292195669291337
0
LINE
8
BLACK
6
CONTINUOUS
10
5.7356458661417324
20
1.5292195669291337
11
5.73752062992126
21
1.5310943307086613
0
LINE
8
BLACK
6
CONTINUOUS
10
5.73752062992126
20
1.5310943307086613
11
5.7377469685039371
21
1.5312801181102362
0
LINE
8
BLACK
6
CONTINUOUS
10
5.7377469685039371
20
1.5312801181102362
11
5.7377981496062995
21
1.5313390944881888
0
LINE
8
BLACK
6
CONTINUOUS
10
5.7377981496062995
20
1.5313390944881888
11
5.7378870866141733
21
1.5313950787401573
0
LINE
8
BLACK
6
CONTINUOUS
10
5.7378870866141733
20
1.5313950787401573
11
5.7379680708661418
21
1.5314615354330707
0
LINE
8
BLACK
6
CONTINUOUS
10
5.7379680708661418
20
1.5314615354330707
11
5.7380399999999998
21
1.5314913779527559
0
LINE
8
BLACK
6
CONTINUOUS
10
5.7380399999999998
20
1.5314913779527559
11
5.7382880314960625
21
1.5316474409448819
0
LINE
8
BLACK
6
CONTINUOUS
10
5.7382880314960625
20
1.5316474409448819
11
5.7420375590551176
21
1.5335222047244095
0
LINE
8
BLACK
6
CONTINUOUS
10
5.7420375590551176
20
1.5335222047244095
11
5.7425781496062989
21
1.5337290944881889
0
LINE
8
BLACK
6
CONTINUOUS
10
5.7425781496062989
20
1.5337290944881889
11
5.742684015748031
21
1.533736653543307
0
LINE
8
BLACK
6
CONTINUOUS
10
5.742684015748031
20
1.533736653543307
11
5.7427820078740153
21
1.5337772047244094
0
LINE
8
BLACK
6
CONTINUOUS
10
5.7427820078740153
20
1.5337772047244094
11
5.743358070866142
21
1.533833937007874
0
LINE
8
BLACK
6
CONTINUOUS
10
5.743358070866142
20
1.533833937007874
11
5.7452328346456696
21
1.533833937007874
0
LINE
8
BLACK
6
CONTINUOUS
10
5.7452328346456696
20
1.533833937007874
11
5.7458088976377955
21
1.5337772047244094
0
LINE
8
BLACK
6
CONTINUOUS
10
5.7413576377952751
20
1.52657968503937
11
5.7401605118110233
21
1.525382559055118
0
LINE
8
BLACK
6
CONTINUOUS
10
5.7401605118110233
20
1.525382559055118
11
5.7388117716535429
21
1.5226850787401573
0
LINE
8
BLACK
6
CONTINUOUS
10
5.7388117716535429
20
1.5226850787401573
11
5.7388117716535429
21
1.5165801181102361
0
LINE
8
BLACK
6
CONTINUOUS
10
5.7388117716535429
20
1.5165801181102361
11
5.7401605118110233
21
1.5138826377952757
0
LINE
8
BLACK
6
CONTINUOUS
10
5.7401605118110233
20
1.5138826377952757
11
5.7413576377952751
21
1.5126855118110236
0
LINE
8
BLACK
6
CONTINUOUS
10
5.7413576377952751
20
1.5126855118110236
11
5.7440551181102357
21
1.5113367716535433
0
LINE
8
BLACK
6
CONTINUOUS
10
5.7440551181102357
20
1.5113367716535433
11
5.744535787401575
21
1.5113367716535433
0
LINE
8
BLACK
6
CONTINUOUS
10
5.744535787401575
20
1.5113367716535433
11
5.7472332677165356
21
1.5126855118110236
0
LINE
8
BLACK
6
CONTINUOUS
10
5.7472332677165356
20
1.5126855118110236
11
5.7484303937007875
21
1.5138826377952757
0
LINE
8
BLACK
6
CONTINUOUS
10
5.7484303937007875
20
1.5138826377952757
11
5.7497791338582678
21
1.5165801181102361
0
LINE
8
BLACK
6
CONTINUOUS
10
5.7497791338582678
20
1.5165801181102361
11
5.7497791338582678
21
1.5226850787401573
0
LINE
8
BLACK
6
CONTINUOUS
10
5.7497791338582678
20
1.5226850787401573
11
5.7484303937007875
21
1.525382559055118
0
LINE
8
BLACK
6
CONTINUOUS
10
5.7484303937007875
20
1.525382559055118
11
5.7472332677165356
21
1.52657968503937
0
LINE
8
BLACK
6
CONTINUOUS
10
5.7472332677165356
20
1.52657968503937
11
5.744535787401575
21
1.5279284251968503
0
LINE
8
BLACK
6
CONTINUOUS
10
5.744535787401575
20
1.5279284251968503
11
5.7440551181102357
21
1.5279284251968503
0
LINE
8
BLACK
6
CONTINUOUS
10
5.7440551181102357
20
1.5279284251968503
11
5.7413576377952751
21
1.52657968503937
0
LINE
8
BLACK
6
CONTINUOUS
10
5.7582305118110231
20
1.52657968503937
11
5.7570333858267713
21
1.525382559055118
0
LINE
8
BLACK
6
CONTINUOUS
10
5.7570333858267713
20
1.525382559055118
11
5.7556846456692909
21
1.5226850787401573
0
LINE
8
BLACK
6
CONTINUOUS
10
5.7556846456692909
20
1.5226850787401573
11
5.7556846456692909
21
1.5165801181102361
0
LINE
8
BLACK
6
CONTINUOUS
10
5.7556846456692909
20
1.5165801181102361
11
5.7570333858267713
21
1.5138826377952757
0
LINE
8
BLACK
6
CONTINUOUS
10
5.7570333858267713
20
1.5138826377952757
11
5.7582305118110231
21
1.5126855118110236
0
LINE
8
BLACK
6
CONTINUOUS
10
5.7582305118110231
20
1.5126855118110236
11
5.7609279921259837
21
1.5113367716535433
0
LINE
8
BLACK
6
CONTINUOUS
10
5.7609279921259837
20
1.5113367716535433
11
5.7670329527559057
21
1.5113367716535433
0
LINE
8
BLACK
6
CONTINUOUS
10
5.7670329527559057
20
1.5113367716535433
11
5.7697304330708663
21
1.5126855511811024
0
LINE
8
BLACK
6
CONTINUOUS
10
5.7697304330708663
20
1.5126855511811024
11
5.7709275984251969
21
1.5138826771653544
0
LINE
8
BLACK
6
CONTINUOUS
10
5.7709275984251969
20
1.5138826771653544
11
5.7722763385826772
21
1.5165801181102361
0
LINE
8
BLACK
6
CONTINUOUS
10
5.7722763385826772
20
1.5165801181102361
11
5.7722763385826772
21
1.5226850787401573
0
LINE
8
BLACK
6
CONTINUOUS
10
5.7722763385826772
20
1.5226850787401573
11
5.7709275984251969
21
1.525382559055118
0
LINE
8
BLACK
6
CONTINUOUS
10
5.7709275984251969
20
1.525382559055118
11
5.7697304330708663
21
1.52657968503937
0
LINE
8
BLACK
6
CONTINUOUS
10
5.7697304330708663
20
1.52657968503937
11
5.7670329527559057
21
1.5279284251968503
0
LINE
8
BLACK
6
CONTINUOUS
10
5.7670329527559057
20
1.5279284251968503
11
5.7609279921259837
21
1.5279284251968503
0
LINE
8
BLACK
6
CONTINUOUS
10
5.7609279921259837
20
1.5279284251968503
11
5.7582305118110231
21
1.52657968503937
0
LINE
8
BLACK
6
CONTINUOUS
10
5.6382842125984247
20
1.5710831496062991
11
5.638327244094488
21
1.5710895275590551
0
LINE
8
BLACK
6
CONTINUOUS
10
5.638327244094488
20
1.5710895275590551
11
5.6385427165354329
21
1.5710576771653544
0
LINE
8
BLACK
6
CONTINUOUS
10
5.6385427165354329
20
1.5710576771653544
11
5.638759763779527
21
1.5710362992125984
0
LINE
8
BLACK
6
CONTINUOUS
10
5.638759763779527
20
1.5710362992125984
11
5.6387999606299211
21
1.5710196850393701
0
LINE
8
BLACK
6
CONTINUOUS
10
5.6387999606299211
20
1.5710196850393701
11
5.6388998425196846
21
1.5710048818897637
0
LINE
8
BLACK
6
CONTINUOUS
10
5.6388998425196846
20
1.5710048818897637
11
5.6463988976377948
21
1.5691301181102362
0
LINE
8
BLACK
6
CONTINUOUS
10
5.6463988976377948
20
1.5691301181102362
11
5.6464413779527556
21
1.5691149606299213
0
LINE
8
BLACK
6
CONTINUOUS
10
5.6464413779527556
20
1.5691149606299213
11
5.6464626377952758
21
1.5691134251968504
0
LINE
8
BLACK
6
CONTINUOUS
10
5.6464626377952758
20
1.5691134251968504
11
5.6467020472440943
21
1.569021811023622
0
LINE
8
BLACK
6
CONTINUOUS
10
5.6467020472440943
20
1.569021811023622
11
5.6469440157480317
21
1.5689353543307085
0
LINE
8
BLACK
6
CONTINUOUS
10
5.6469440157480317
20
1.5689353543307085
11
5.6469611417322829
21
1.5689226771653544
0
LINE
8
BLACK
6
CONTINUOUS
10
5.6469611417322829
20
1.5689226771653544
11
5.6470032677165349
21
1.5689065354330709
0
LINE
8
BLACK
6
CONTINUOUS
10
5.6470032677165349
20
1.5689065354330709
11
5.65075279527559
21
1.5670317716535433
0
LINE
8
BLACK
6
CONTINUOUS
10
5.65075279527559
20
1.5670317716535433
11
5.6510006692913386
21
1.5668757480314961
0
LINE
8
BLACK
6
CONTINUOUS
10
5.6510006692913386
20
1.5668757480314961
11
5.6510727165354329
21
1.5668459055118109
0
LINE
8
BLACK
6
CONTINUOUS
10
5.6510727165354329
20
1.5668459055118109
11
5.6511537401574801
21
1.5667794094488188
0
LINE
8
BLACK
6
CONTINUOUS
10
5.6511537401574801
20
1.5667794094488188
11
5.6512426771653539
21
1.5667234251968503
0
LINE
8
BLACK
6
CONTINUOUS
10
5.6512426771653539
20
1.5667234251968503
11
5.6512938188976376
21
1.5666644488188977
0
LINE
8
BLACK
6
CONTINUOUS
10
5.6512938188976376
20
1.5666644488188977
11
5.6515201574803147
21
1.5664787007874015
0
LINE
8
BLACK
6
CONTINUOUS
10
5.6515201574803147
20
1.5664787007874015
11
5.653394960629921
21
1.5646039370078739
0
LINE
8
BLACK
6
CONTINUOUS
10
5.653394960629921
20
1.5646039370078739
11
5.6535807086614174
21
1.5643775984251969
0
LINE
8
BLACK
6
CONTINUOUS
10
5.6535807086614174
20
1.5643775984251969
11
5.6536397637795277
21
1.5643263779527559
0
LINE
8
BLACK
6
CONTINUOUS
10
5.6536397637795277
20
1.5643263779527559
11
5.6536957480314962
21
1.5642374409448818
0
LINE
8
BLACK
6
CONTINUOUS
10
5.6536957480314962
20
1.5642374409448818
11
5.6537622047244094
21
1.5641564566929134
0
LINE
8
BLACK
6
CONTINUOUS
10
5.6537622047244094
20
1.5641564566929134
11
5.6537920078740154
21
1.5640845275590551
0
LINE
8
BLACK
6
CONTINUOUS
10
5.6537920078740154
20
1.5640845275590551
11
5.6539481102362199
21
1.563836496062992
0
LINE
8
BLACK
6
CONTINUOUS
10
5.6539481102362199
20
1.563836496062992
11
5.6558228740157475
21
1.5600869685039369
0
LINE
8
BLACK
6
CONTINUOUS
10
5.6558228740157475
20
1.5600869685039369
11
5.6560297637795278
21
1.5595463779527559
0
LINE
8
BLACK
6
CONTINUOUS
10
5.6560297637795278
20
1.5595463779527559
11
5.6560372834645669
21
1.5594405118110235
0
LINE
8
BLACK
6
CONTINUOUS
10
5.6560372834645669
20
1.5594405118110235
11
5.6560778740157476
21
1.5593425196850392
0
LINE
8
BLACK
6
CONTINUOUS
10
5.6560778740157476
20
1.5593425196850392
11
5.6561346062992124
21
1.5587664566929134
0
LINE
8
BLACK
6
CONTINUOUS
10
5.6561346062992124
20
1.5587664566929134
11
5.6561346062992124
21
1.5550169291338583
0
LINE
8
BLACK
6
CONTINUOUS
10
5.6561346062992124
20
1.5550169291338583
11
5.6560778740157476
21
1.5544408661417322
0
LINE
8
BLACK
6
CONTINUOUS
10
5.6560778740157476
20
1.5544408661417322
11
5.6560372834645669
21
1.5543429133858266
0
LINE
8
BLACK
6
CONTINUOUS
10
5.6560372834645669
20
1.5543429133858266
11
5.6560297637795278
21
1.5542370078740158
0
LINE
8
BLACK
6
CONTINUOUS
10
5.6560297637795278
20
1.5542370078740158
11
5.6558228740157475
21
1.5536964173228347
0
LINE
8
BLACK
6
CONTINUOUS
10
5.6558228740157475
20
1.5536964173228347
11
5.6539481102362199
21
1.5499468897637796
0
LINE
8
BLACK
6
CONTINUOUS
10
5.6539481102362199
20
1.5499468897637796
11
5.6537920078740154
21
1.5496988976377952
0
LINE
8
BLACK
6
CONTINUOUS
10
5.6537920078740154
20
1.5496988976377952
11
5.6537622047244094
21
1.5496269291338582
0
LINE
8
BLACK
6
CONTINUOUS
10
5.6537622047244094
20
1.5496269291338582
11
5.6536957480314962
21
1.5495459842519685
0
LINE
8
BLACK
6
CONTINUOUS
10
5.6536957480314962
20
1.5495459842519685
11
5.6536397637795277
21
1.5494570078740157
0
LINE
8
BLACK
6
CONTINUOUS
10
5.6536397637795277
20
1.5494570078740157
11
5.6535807086614174
21
1.5494058267716535
0
LINE
8
BLACK
6
CONTINUOUS
10
5.6535807086614174
20
1.5494058267716535
11
5.653394960629921
21
1.5491794488188977
0
LINE
8
BLACK
6
CONTINUOUS
10
5.653394960629921
20
1.5491794488188977
11
5.6515201574803147
21
1.5473046850393701
0
LINE
8
BLACK
6
CONTINUOUS
10
5.6515201574803147
20
1.5473046850393701
11
5.6512938188976376
21
1.5471189763779527
0
LINE
8
BLACK
6
CONTINUOUS
10
5.6512938188976376
20
1.5471189763779527
11
5.6512426771653539
21
1.5470599606299211
0
LINE
8
BLACK
6
CONTINUOUS
10
5.6512426771653539
20
1.5470599606299211
11
5.6511537401574801
21
1.5470040157480314
0
LINE
8
BLACK
6
CONTINUOUS
10
5.6511537401574801
20
1.5470040157480314
11
5.6510727165354329
21
1.5469374803149607
0
LINE
8
BLACK
6
CONTINUOUS
10
5.6510727165354329
20
1.5469374803149607
11
5.6510006692913386
21
1.5469076771653543
0
LINE
8
BLACK
6
CONTINUOUS
10
5.6510006692913386
20
1.5469076771653543
11
5.65075279527559
21
1.5467516141732283
0
LINE
8
BLACK
6
CONTINUOUS
10
5.65075279527559
20
1.5467516141732283
11
5.6470032677165349
21
1.5448768503937007
0
LINE
8
BLACK
6
CONTINUOUS
10
5.6470032677165349
20
1.5448768503937007
11
5.6469611417322829
21
1.544860748031496
0
LINE
8
BLACK
6
CONTINUOUS
10
5.6469611417322829
20
1.544860748031496
11
5.6469440157480317
21
1.5448480314960629
0
LINE
8
BLACK
6
CONTINUOUS
10
5.6469440157480317
20
1.5448480314960629
11
5.6467020472440943
21
1.5447616141732283
0
LINE
8
BLACK
6
CONTINUOUS
10
5.6467020472440943
20
1.5447616141732283
11
5.6464626377952758
21
1.5446699606299212
0
LINE
8
BLACK
6
CONTINUOUS
10
5.6464626377952758
20
1.5446699606299212
11
5.6464413779527556
21
1.5446684645669291
0
LINE
8
BLACK
6
CONTINUOUS
10
5.6464413779527556
20
1.5446684645669291
11
5.6463988976377948
21
1.5446532677165354
0
LINE
8
BLACK
6
CONTINUOUS
10
5.6463988976377948
20
1.5446532677165354
11
5.6388998425196846
21
1.5427785039370079
0
LINE
8
BLACK
6
CONTINUOUS
10
5.6388998425196846
20
1.5427785039370079
11
5.6387999606299211
21
1.5427637401574803
0
LINE
8
BLACK
6
CONTINUOUS
10
5.6387999606299211
20
1.5427637401574803
11
5.638759763779527
21
1.5427470866141733
0
LINE
8
BLACK
6
CONTINUOUS
10
5.638759763779527
20
1.5427470866141733
11
5.6385427165354329
21
1.542725748031496
0
LINE
8
BLACK
6
CONTINUOUS
10
5.6385427165354329
20
1.542725748031496
11
5.638327244094488
21
1.5426938582677165
0
LINE
8
BLACK
6
CONTINUOUS
10
5.638327244094488
20
1.5426938582677165
11
5.6382842125984247
21
1.5427002755905512
0
LINE
8
BLACK
6
CONTINUOUS
10
5.6382842125984247
20
1.5427002755905512
11
5.6381837007874012
21
1.5426903543307087
0
LINE
8
BLACK
6
CONTINUOUS
10
5.6381837007874012
20
1.5426903543307087
11
5.6288098818897634
21
1.5426903543307087
0
LINE
8
BLACK
6
CONTINUOUS
10
5.6288098818897634
20
1.5426903543307087
11
5.6287093307086611
21
1.5427002755905512
0
LINE
8
BLACK
6
CONTINUOUS
10
5.6287093307086611
20
1.5427002755905512
11
5.6286663385826774
21
1.5426938582677165
0
LINE
8
BLACK
6
CONTINUOUS
10
5.6286663385826774
20
1.5426938582677165
11
5.6284508267716538
21
1.542725748031496
0
LINE
8
BLACK
6
CONTINUOUS
10
5.6284508267716538
20
1.542725748031496
11
5.6282338188976375
21
1.5427470866141733
0
LINE
8
BLACK
6
CONTINUOUS
10
5.6282338188976375
20
1.5427470866141733
11
5.6281935826771656
21
1.5427637401574803
0
LINE
8
BLACK
6
CONTINUOUS
10
5.6281935826771656
20
1.5427637401574803
11
5.62809374015748
21
1.5427785039370079
0
LINE
8
BLACK
6
CONTINUOUS
10
5.62809374015748
20
1.5427785039370079
11
5.6205946850393698
21
1.5446532677165354
0
LINE
8
BLACK
6
CONTINUOUS
10
5.6205946850393698
20
1.5446532677165354
11
5.6205521653543302
21
1.5446684645669291
0
LINE
8
BLACK
6
CONTINUOUS
10
5.6205521653543302
20
1.5446684645669291
11
5.6205309055118109
21
1.5446699606299212
0
LINE
8
BLACK
6
CONTINUOUS
10
5.6205309055118109
20
1.5446699606299212
11
5.6202911417322836
21
1.5447617322834646
0
LINE
8
BLACK
6
CONTINUOUS
10
5.6202911417322836
20
1.5447617322834646
11
5.6200495669291337
21
1.5448480314960629
0
LINE
8
BLACK
6
CONTINUOUS
10
5.6200495669291337
20
1.5448480314960629
11
5.6200324015748029
21
1.544860748031496
0
LINE
8
BLACK
6
CONTINUOUS
10
5.6200324015748029
20
1.544860748031496
11
5.6199903149606296
21
1.5448768503937007
0
LINE
8
BLACK
6
CONTINUOUS
10
5.6199903149606296
20
1.5448768503937007
11
5.6162407874015745
21
1.5467516141732283
0
LINE
8
BLACK
6
CONTINUOUS
10
5.6162407874015745
20
1.5467516141732283
11
5.6159927559055118
21
1.546907716535433
0
LINE
8
BLACK
6
CONTINUOUS
10
5.6159927559055118
20
1.546907716535433
11
5.6159208267716538
21
1.5469375196850392
0
LINE
8
BLACK
6
CONTINUOUS
10
5.6159208267716538
20
1.5469375196850392
11
5.6158398425196845
21
1.5470040157480314
0
LINE
8
BLACK
6
CONTINUOUS
10
5.6158398425196845
20
1.5470040157480314
11
5.6157509055118107
21
1.5470599606299211
0
LINE
8
BLACK
6
CONTINUOUS
10
5.6157509055118107
20
1.5470599606299211
11
5.6156997244094491
21
1.5471189763779527
0
LINE
8
BLACK
6
CONTINUOUS
10
5.6156997244094491
20
1.5471189763779527
11
5.6154733858267711
21
1.5473047244094489
0
LINE
8
BLACK
6
CONTINUOUS
10
5.6154733858267711
20
1.5473047244094489
11
5.6135986220472436
21
1.5491794881889764
0
LINE
8
BLACK
6
CONTINUOUS
10
5.6135986220472436
20
1.5491794881889764
11
5.6134128346456693
21
1.5494058661417323
0
LINE
8
BLACK
6
CONTINUOUS
10
5.6134128346456693
20
1.5494058661417323
11
5.6133538582677165
21
1.5494570078740157
0
LINE
8
BLACK
6
CONTINUOUS
10
5.6133538582677165
20
1.5494570078740157
11
5.613297874015748
21
1.5495459842519685
0
LINE
8
BLACK
6
CONTINUOUS
10
5.613297874015748
20
1.5495459842519685
11
5.6132314173228348
21
1.5496269291338582
0
LINE
8
BLACK
6
CONTINUOUS
10
5.6132314173228348
20
1.5496269291338582
11
5.6132015748031492
21
1.5496988976377952
0
LINE
8
BLACK
6
CONTINUOUS
10
5.6132015748031492
20
1.5496988976377952
11
5.6130455118110234
21
1.5499468897637796
0
LINE
8
BLACK
6
CONTINUOUS
10
5.6130455118110234
20
1.5499468897637796
11
5.6111707480314958
21
1.5536964173228347
0
LINE
8
BLACK
6
CONTINUOUS
10
5.6111707480314958
20
1.5536964173228347
11
5.6109638582677164
21
1.5542370472440945
0
LINE
8
BLACK
6
CONTINUOUS
10
5.6109638582677164
20
1.5542370472440945
11
5.6109563385826773
21
1.5543428740157479
0
LINE
8
BLACK
6
CONTINUOUS
10
5.6109563385826773
20
1.5543428740157479
11
5.6109157480314957
21
1.5544408661417322
0
LINE
8
BLACK
6
CONTINUOUS
10
5.6109157480314957
20
1.5544408661417322
11
5.6108590157480318
21
1.5550169291338583
0
LINE
8
BLACK
6
CONTINUOUS
10
5.6108590157480318
20
1.5550169291338583
11
5.6108590157480318
21
1.5587664566929134
0
LINE
8
BLACK
6
CONTINUOUS
10
5.6108590157480318
20
1.5587664566929134
11
5.6109157480314957
21
1.5593425196850392
0
LINE
8
BLACK
6
CONTINUOUS
10
5.6109157480314957
20
1.5593425196850392
11
5.6109563385826773
21
1.5594405511811023
0
LINE
8
BLACK
6
CONTINUOUS
10
5.6109563385826773
20
1.5594405511811023
11
5.6109638582677164
21
1.5595463385826771
0
LINE
8
BLACK
6
CONTINUOUS
10
5.6109638582677164
20
1.5595463385826771
11
5.6111707480314958
21
1.5600869685039369
0
LINE
8
BLACK
6
CONTINUOUS
10
5.6111707480314958
20
1.5600869685039369
11
5.6130455118110234
21
1.563836496062992
0
LINE
8
BLACK
6
CONTINUOUS
10
5.6130455118110234
20
1.563836496062992
11
5.6132015748031492
21
1.5640845275590551
0
LINE
8
BLACK
6
CONTINUOUS
10
5.6132015748031492
20
1.5640845275590551
11
5.6132314173228348
21
1.5641564566929134
0
LINE
8
BLACK
6
CONTINUOUS
10
5.6132314173228348
20
1.5641564566929134
11
5.613297874015748
21
1.5642374409448818
0
LINE
8
BLACK
6
CONTINUOUS
10
5.613297874015748
20
1.5642374409448818
11
5.6133538582677165
21
1.5643263779527559
0
LINE
8
BLACK
6
CONTINUOUS
10
5.6133538582677165
20
1.5643263779527559
11
5.6134128346456693
21
1.5643775590551181
0
LINE
8
BLACK
6
CONTINUOUS
10
5.6134128346456693
20
1.5643775590551181
11
5.6135986220472436
21
1.5646038976377952
0
LINE
8
BLACK
6
CONTINUOUS
10
5.6135986220472436
20
1.5646038976377952
11
5.6154733858267711
21
1.5664786614173227
0
LINE
8
BLACK
6
CONTINUOUS
10
5.6154733858267711
20
1.5664786614173227
11
5.6156997244094491
21
1.5666644488188977
0
LINE
8
BLACK
6
CONTINUOUS
10
5.6156997244094491
20
1.5666644488188977
11
5.6157509055118107
21
1.5667234251968503
0
LINE
8
BLACK
6
CONTINUOUS
10
5.6157509055118107
20
1.5667234251968503
11
5.6158398425196845
21
1.5667794094488188
0
LINE
8
BLACK
6
CONTINUOUS
10
5.6158398425196845
20
1.5667794094488188
11
5.6159208267716538
21
1.5668458661417322
0
LINE
8
BLACK
6
CONTINUOUS
10
5.6159208267716538
20
1.5668458661417322
11
5.6159927559055118
21
1.5668757086614173
0
LINE
8
BLACK
6
CONTINUOUS
10
5.6159927559055118
20
1.5668757086614173
11
5.6162407874015745
21
1.5670317716535433
0
LINE
8
BLACK
6
CONTINUOUS
10
5.6162407874015745
20
1.5670317716535433
11
5.6199903149606296
21
1.5689065354330709
0
LINE
8
BLACK
6
CONTINUOUS
10
5.6199903149606296
20
1.5689065354330709
11
5.6200324015748029
21
1.5689226771653544
0
LINE
8
BLACK
6
CONTINUOUS
10
5.6200324015748029
20
1.5689226771653544
11
5.6200495669291337
21
1.5689353543307085
0
LINE
8
BLACK
6
CONTINUOUS
10
5.6200495669291337
20
1.5689353543307085
11
5.6202911417322836
21
1.5690216929133858
0
LINE
8
BLACK
6
CONTINUOUS
10
5.6202911417322836
20
1.5690216929133858
11
5.6205309055118109
21
1.5691134251968504
0
LINE
8
BLACK
6
CONTINUOUS
10
5.6205309055118109
20
1.5691134251968504
11
5.6205521653543302
21
1.5691149606299213
0
LINE
8
BLACK
6
CONTINUOUS
10
5.6205521653543302
20
1.5691149606299213
11
5.6205946850393698
21
1.5691301181102362
0
LINE
8
BLACK
6
CONTINUOUS
10
5.6205946850393698
20
1.5691301181102362
11
5.62809374015748
21
1.5710048818897637
0
LINE
8
BLACK
6
CONTINUOUS
10
5.62809374015748
20
1.5710048818897637
11
5.6281935826771656
21
1.5710196850393701
0
LINE
8
BLACK
6
CONTINUOUS
10
5.6281935826771656
20
1.5710196850393701
11
5.6282338188976375
21
1.5710362992125984
0
LINE
8
BLACK
6
CONTINUOUS
10
5.6282338188976375
20
1.5710362992125984
11
5.6284508267716538
21
1.5710576771653544
0
LINE
8
BLACK
6
CONTINUOUS
10
5.6284508267716538
20
1.5710576771653544
11
5.6286663385826774
21
1.5710895275590551
0
LINE
8
BLACK
6
CONTINUOUS
10
5.6286663385826774
20
1.5710895275590551
11
5.6287093307086611
21
1.5710831496062991
0
LINE
8
BLACK
6
CONTINUOUS
10
5.6287093307086611
20
1.5710831496062991
11
5.6288098818897634
21
1.5710930314960629
0
LINE
8
BLACK
6
CONTINUOUS
10
5.6288098818897634
20
1.5710930314960629
11
5.6381837007874012
21
1.5710930314960629
0
LINE
8
BLACK
6
CONTINUOUS
10
5.6381837007874012
20
1.5710930314960629
11
5.6382842125984247
21
1.5710831496062991
0
LINE
8
BLACK
6
CONTINUOUS
10
5.6223413779527558
20
1.5634795275590552
11
5.6193103937007871
21
1.5619640157480315
0
LINE
8
BLACK
6
CONTINUOUS
10
5.6193103937007871
20
1.5619640157480315
11
5.6181132677165353
21
1.5607668897637794
0
LINE
8
BLACK
6
CONTINUOUS
10
5.6181132677165353
20
1.5607668897637794
11
5.616764527559055
21
1.5580694094488188
0
LINE
8
BLACK
6
CONTINUOUS
10
5.616764527559055
20
1.5580694094488188
11
5.616764527559055
21
1.5557139763779526
0
LINE
8
BLACK
6
CONTINUOUS
10
5.616764527559055
20
1.5557139763779526
11
5.6181132677165353
21
1.5530164960629922
0
LINE
8
BLACK
6
CONTINUOUS
10
5.6181132677165353
20
1.5530164960629922
11
5.6193103937007871
21
1.5518193700787402
0
LINE
8
BLACK
6
CONTINUOUS
10
5.6193103937007871
20
1.5518193700787402
11
5.6223413779527558
21
1.5503038976377952
0
LINE
8
BLACK
6
CONTINUOUS
10
5.6223413779527558
20
1.5503038976377952
11
5.6291734251968499
21
1.5485958661417323
0
LINE
8
BLACK
6
CONTINUOUS
10
5.6291734251968499
20
1.5485958661417323
11
5.6378201574803146
21
1.5485958661417323
0
LINE
8
BLACK
6
CONTINUOUS
10
5.6378201574803146
20
1.5485958661417323
11
5.6446522047244096
21
1.5503038976377952
0
LINE
8
BLACK
6
CONTINUOUS
10
5.6446522047244096
20
1.5503038976377952
11
5.6476831889763774
21
1.5518194094488189
0
LINE
8
BLACK
6
CONTINUOUS
10
5.6476831889763774
20
1.5518194094488189
11
5.6488803543307089
21
1.5530165354330707
0
LINE
8
BLACK
6
CONTINUOUS
10
5.6488803543307089
20
1.5530165354330707
11
5.6502290944881892
21
1.5557139763779526
0
LINE
8
BLACK
6
CONTINUOUS
10
5.6502290944881892
20
1.5557139763779526
11
5.6502290944881892
21
1.5580694094488188
0
LINE
8
BLACK
6
CONTINUOUS
10
5.6502290944881892
20
1.5580694094488188
11
5.6488803543307089
21
1.5607668897637794
0
LINE
8
BLACK
6
CONTINUOUS
10
5.6488803543307089
20
1.5607668897637794
11
5.6476831889763774
21
1.5619640157480315
0
LINE
8
BLACK
6
CONTINUOUS
10
5.6476831889763774
20
1.5619640157480315
11
5.6446522047244096
21
1.5634795275590552
0
LINE
8
BLACK
6
CONTINUOUS
10
5.6446522047244096
20
1.5634795275590552
11
5.6378201574803146
21
1.5651875196850393
0
LINE
8
BLACK
6
CONTINUOUS
10
5.6378201574803146
20
1.5651875196850393
11
5.6291734251968499
21
1.5651875196850393
0
LINE
8
BLACK
6
CONTINUOUS
10
5.6291734251968499
20
1.5651875196850393
11
5.6223413779527558
21
1.5634795275590552
0
LINE
8
BLACK
6
CONTINUOUS
10
5.7683060629921261
20
1.5712725196850392
11
5.7684040551181104
21
1.5712319291338583
0
LINE
8
BLACK
6
CONTINUOUS
10
5.7684040551181104
20
1.5712319291338583
11
5.7685098818897638
21
1.5712244094488188
0
LINE
8
BLACK
6
CONTINUOUS
10
5.7685098818897638
20
1.5712244094488188
11
5.7690505118110238
21
1.5710175196850393
0
LINE
8
BLACK
6
CONTINUOUS
10
5.7690505118110238
20
1.5710175196850393
11
5.7728000393700789
21
1.5691427559055118
0
LINE
8
BLACK
6
CONTINUOUS
10
5.7728000393700789
20
1.5691427559055118
11
5.7730479133858266
21
1.5689867322834645
0
LINE
8
BLACK
6
CONTINUOUS
10
5.7730479133858266
20
1.5689867322834645
11
5.7731199606299208
21
1.5689568897637796
0
LINE
8
BLACK
6
CONTINUOUS
10
5.7731199606299208
20
1.5689568897637796
11
5.773200984251968
21
1.5688903937007874
0
LINE
8
BLACK
6
CONTINUOUS
10
5.773200984251968
20
1.5688903937007874
11
5.7732899212598427
21
1.5688344094488189
0
LINE
8
BLACK
6
CONTINUOUS
10
5.7732899212598427
20
1.5688344094488189
11
5.7733410629921256
21
1.5687754330708661
0
LINE
8
BLACK
6
CONTINUOUS
10
5.7733410629921256
20
1.5687754330708661
11
5.7735674015748026
21
1.5685896850393701
0
LINE
8
BLACK
6
CONTINUOUS
10
5.7735674015748026
20
1.5685896850393701
11
5.7754422047244089
21
1.5667149212598426
0
LINE
8
BLACK
6
CONTINUOUS
10
5.7754422047244089
20
1.5667149212598426
11
5.7756279527559053
21
1.5664885826771653
0
LINE
8
BLACK
6
CONTINUOUS
10
5.7756279527559053
20
1.5664885826771653
11
5.7756870078740157
21
1.5664373622047243
0
LINE
8
BLACK
6
CONTINUOUS
10
5.7756870078740157
20
1.5664373622047243
11
5.7757429921259842
21
1.5663484251968505
0
LINE
8
BLACK
6
CONTINUOUS
10
5.7757429921259842
20
1.5663484251968505
11
5.7758094488188974
21
1.5662674409448818
0
LINE
8
BLACK
6
CONTINUOUS
10
5.7758094488188974
20
1.5662674409448818
11
5.7758392519685042
21
1.5661955118110236
0
LINE
8
BLACK
6
CONTINUOUS
10
5.7758392519685042
20
1.5661955118110236
11
5.7759953543307088
21
1.5659474803149607
0
LINE
8
BLACK
6
CONTINUOUS
10
5.7759953543307088
20
1.5659474803149607
11
5.7778701181102363
21
1.5621979527559056
0
LINE
8
BLACK
6
CONTINUOUS
10
5.7778701181102363
20
1.5621979527559056
11
5.7780770078740158
21
1.5616573622047243
0
LINE
8
BLACK
6
CONTINUOUS
10
5.7780770078740158
20
1.5616573622047243
11
5.7780845275590549
21
1.5615514960629922
0
LINE
8
BLACK
6
CONTINUOUS
10
5.7780845275590549
20
1.5615514960629922
11
5.7781251181102364
21
1.5614535039370079
0
LINE
8
BLACK
6
CONTINUOUS
10
5.7781251181102364
20
1.5614535039370079
11
5.7781818503937004
21
1.5608774409448818
0
LINE
8
BLACK
6
CONTINUOUS
10
5.7781818503937004
20
1.5608774409448818
11
5.7781818503937004
21
1.551503622047244
0
LINE
8
BLACK
6
CONTINUOUS
10
5.7781818503937004
20
1.551503622047244
11
5.7781251181102364
21
1.5509275590551181
0
LINE
8
BLACK
6
CONTINUOUS
10
5.7781251181102364
20
1.5509275590551181
11
5.7780845275590549
21
1.5508296062992126
0
LINE
8
BLACK
6
CONTINUOUS
10
5.7780845275590549
20
1.5508296062992126
11
5.7780770078740158
21
1.5507237007874015
0
LINE
8
BLACK
6
CONTINUOUS
10
5.7780770078740158
20
1.5507237007874015
11
5.7778701181102363
21
1.5501831102362205
0
LINE
8
BLACK
6
CONTINUOUS
10
5.7778701181102363
20
1.5501831102362205
11
5.7759953543307088
21
1.5464335826771654
0
LINE
8
BLACK
6
CONTINUOUS
10
5.7759953543307088
20
1.5464335826771654
11
5.7758392519685042
21
1.546185590551181
0
LINE
8
BLACK
6
CONTINUOUS
10
5.7758392519685042
20
1.546185590551181
11
5.7758094488188974
21
1.546113622047244
0
LINE
8
BLACK
6
CONTINUOUS
10
5.7758094488188974
20
1.546113622047244
11
5.7757429921259842
21
1.5460326771653543
0
LINE
8
BLACK
6
CONTINUOUS
10
5.7757429921259842
20
1.5460326771653543
11
5.7756870078740157
21
1.5459437007874015
0
LINE
8
BLACK
6
CONTINUOUS
10
5.7756870078740157
20
1.5459437007874015
11
5.7756279527559053
21
1.5458925196850393
0
LINE
8
BLACK
6
CONTINUOUS
10
5.7756279527559053
20
1.5458925196850393
11
5.7754422047244089
21
1.5456661417322834
0
LINE
8
BLACK
6
CONTINUOUS
10
5.7754422047244089
20
1.5456661417322834
11
5.7735674015748026
21
1.5437913779527559
0
LINE
8
BLACK
6
CONTINUOUS
10
5.7735674015748026
20
1.5437913779527559
11
5.7731199606299208
21
1.5434241732283465
0
LINE
8
BLACK
6
CONTINUOUS
10
5.7731199606299208
20
1.5434241732283465
11
5.7720555511811025
21
1.5429833070866141
0
LINE
8
BLACK
6
CONTINUOUS
10
5.7720555511811025
20
1.5429833070866141
11
5.7709034645669286
21
1.5429833070866141
0
LINE
8
BLACK
6
CONTINUOUS
10
5.7709034645669286
20
1.5429833070866141
11
5.7698390551181102
21
1.5434242125984252
0
LINE
8
BLACK
6
CONTINUOUS
10
5.7698390551181102
20
1.5434242125984252
11
5.76902437007874
21
1.5442388976377952
0
LINE
8
BLACK
6
CONTINUOUS
10
5.76902437007874
20
1.5442388976377952
11
5.7685835039370081
21
1.5453033070866142
0
LINE
8
BLACK
6
CONTINUOUS
10
5.7685835039370081
20
1.5453033070866142
11
5.7685835039370081
21
1.5464553937007874
0
LINE
8
BLACK
6
CONTINUOUS
10
5.7685835039370081
20
1.5464553937007874
11
5.7690244094488188
21
1.5475198031496062
0
LINE
8
BLACK
6
CONTINUOUS
10
5.7690244094488188
20
1.5475198031496062
11
5.7693916535433072
21
1.5479672834645668
0
LINE
8
BLACK
6
CONTINUOUS
10
5.7693916535433072
20
1.5479672834645668
11
5.7709275984251969
21
1.5495032283464567
0
LINE
8
BLACK
6
CONTINUOUS
10
5.7709275984251969
20
1.5495032283464567
11
5.7722763385826772
21
1.5522006692913386
0
LINE
8
BLACK
6
CONTINUOUS
10
5.7722763385826772
20
1.5522006692913386
11
5.7722763385826772
21
1.5601803937007874
0
LINE
8
BLACK
6
CONTINUOUS
10
5.7722763385826772
20
1.5601803937007874
11
5.7709275984251969
21
1.5628778740157481
0
LINE
8
BLACK
6
CONTINUOUS
10
5.7709275984251969
20
1.5628778740157481
11
5.7697304330708663
21
1.5640749999999999
0
LINE
8
BLACK
6
CONTINUOUS
10
5.7697304330708663
20
1.5640749999999999
11
5.7670329527559057
21
1.5654237401574802
0
LINE
8
BLACK
6
CONTINUOUS
10
5.7670329527559057
20
1.5654237401574802
11
5.7590532283464562
21
1.5654237401574802
0
LINE
8
BLACK
6
CONTINUOUS
10
5.7590532283464562
20
1.5654237401574802
11
5.7563557480314955
21
1.5640749999999999
0
LINE
8
BLACK
6
CONTINUOUS
10
5.7563557480314955
20
1.5640749999999999
11
5.7551586220472437
21
1.5628778740157481
0
LINE
8
BLACK
6
CONTINUOUS
10
5.7551586220472437
20
1.5628778740157481
11
5.7538098818897634
21
1.5601803937007874
0
LINE
8
BLACK
6
CONTINUOUS
10
5.7538098818897634
20
1.5601803937007874
11
5.7538098818897634
21
1.5522006692913386
0
LINE
8
BLACK
6
CONTINUOUS
10
5.7538098818897634
20
1.5522006692913386
11
5.7551586220472437
21
1.549503188976378
0
LINE
8
BLACK
6
CONTINUOUS
10
5.7551586220472437
20
1.549503188976378
11
5.7566945669291334
21
1.547967244094488
0
LINE
8
BLACK
6
CONTINUOUS
10
5.7566945669291334
20
1.547967244094488
11
5.757061771653543
21
1.5475198031496062
0
LINE
8
BLACK
6
CONTINUOUS
10
5.757061771653543
20
1.5475198031496062
11
5.7571186614173229
21
1.5473824803149605
0
LINE
8
BLACK
6
CONTINUOUS
10
5.7571186614173229
20
1.5473824803149605
11
5.757212834645669
21
1.5472673622047244
0
LINE
8
BLACK
6
CONTINUOUS
10
5.757212834645669
20
1.5472673622047244
11
5.7573375196850396
21
1.546854094488189
0
LINE
8
BLACK
6
CONTINUOUS
10
5.7573375196850396
20
1.546854094488189
11
5.7575026771653546
21
1.5464553937007874
0
LINE
8
BLACK
6
CONTINUOUS
10
5.7575026771653546
20
1.5464553937007874
11
5.7575026771653546
21
1.5463067322834645
0
LINE
8
BLACK
6
CONTINUOUS
10
5.7575026771653546
20
1.5463067322834645
11
5.7575456299212595
21
1.5461643700787402
0
LINE
8
BLACK
6
CONTINUOUS
10
5.7575456299212595
20
1.5461643700787402
11
5.7575026771653546
21
1.5457348818897638
0
LINE
8
BLACK
6
CONTINUOUS
10
5.7575026771653546
20
1.5457348818897638
11
5.7575026771653546
21
1.5453033070866142
0
LINE
8
BLACK
6
CONTINUOUS
10
5.7575026771653546
20
1.5453033070866142
11
5.757445748031496
21
1.5451659842519685
0
LINE
8
BLACK
6
CONTINUOUS
10
5.757445748031496
20
1.5451659842519685
11
5.7574309842519682
21
1.5450179527559054
0
LINE
8
BLACK
6
CONTINUOUS
10
5.7574309842519682
20
1.5450179527559054
11
5.7572268503937005
21
1.5446375196850393
0
LINE
8
BLACK
6
CONTINUOUS
10
5.7572268503937005
20
1.5446375196850393
11
5.757061771653543
21
1.5442388976377952
0
LINE
8
BLACK
6
CONTINUOUS
10
5.757061771653543
20
1.5442388976377952
11
5.7569566141732285
21
1.5441337795275589
0
LINE
8
BLACK
6
CONTINUOUS
10
5.7569566141732285
20
1.5441337795275589
11
5.7568863385826772
21
1.5440027165354331
0
LINE
8
BLACK
6
CONTINUOUS
10
5.7568863385826772
20
1.5440027165354331
11
5.7565521259842516
21
1.5437292913385827
0
LINE
8
BLACK
6
CONTINUOUS
10
5.7565521259842516
20
1.5437292913385827
11
5.7562470866141728
21
1.5434242125984252
0
LINE
8
BLACK
6
CONTINUOUS
10
5.7562470866141728
20
1.5434242125984252
11
5.7561098031496059
21
1.5433673622047244
0
LINE
8
BLACK
6
CONTINUOUS
10
5.7561098031496059
20
1.5433673622047244
11
5.7559946850393695
21
1.5432731496062992
0
LINE
8
BLACK
6
CONTINUOUS
10
5.7559946850393695
20
1.5432731496062992
11
5.7555812598425193
21
1.5431484251968504
0
LINE
8
BLACK
6
CONTINUOUS
10
5.7555812598425193
20
1.5431484251968504
11
5.7551826771653545
21
1.5429833070866141
0
LINE
8
BLACK
6
CONTINUOUS
10
5.7551826771653545
20
1.5429833070866141
11
5.7550340551181103
21
1.5429833070866141
0
LINE
8
BLACK
6
CONTINUOUS
10
5.7550340551181103
20
1.5429833070866141
11
5.754891692913386
21
1.5429403543307085
0
LINE
8
BLACK
6
CONTINUOUS
10
5.754891692913386
20
1.5429403543307085
11
5.7543128346456696
21
1.5429412204724409
0
LINE
8
BLACK
6
CONTINUOUS
10
5.7543128346456696
20
1.5429412204724409
11
5.735565196850394
21
1.5448159842519684
0
LINE
8
BLACK
6
CONTINUOUS
10
5.735565196850394
20
1.5448159842519684
11
5.7353552755905515
21
1.5448580708661417
0
LINE
8
BLACK
6
CONTINUOUS
10
5.7353552755905515
20
1.5448580708661417
11
5.7352829527559051
21
1.5448580708661417
0
LINE
8
BLACK
6
CONTINUOUS
10
5.7352829527559051
20
1.5448580708661417
11
5.7352151181102364
21
1.5448861811023622
0
LINE
8
BLACK
6
CONTINUOUS
10
5.7352151181102364
20
1.5448861811023622
11
5.7349976377952752
21
1.5449297637795276
0
LINE
8
BLACK
6
CONTINUOUS
10
5.7349976377952752
20
1.5449297637795276
11
5.7346173228346453
21
1.5451338188976378
0
LINE
8
BLACK
6
CONTINUOUS
10
5.7346173228346453
20
1.5451338188976378
11
5.7342185433070867
21
1.5452989763779528
0
LINE
8
BLACK
6
CONTINUOUS
10
5.7342185433070867
20
1.5452989763779528
11
5.7341133464566925
21
1.5454041732283463
0
LINE
8
BLACK
6
CONTINUOUS
10
5.7341133464566925
20
1.5454041732283463
11
5.7339824015748029
21
1.5454744094488189
0
LINE
8
BLACK
6
CONTINUOUS
10
5.7339824015748029
20
1.5454744094488189
11
5.7337091338582677
21
1.5458083858267717
0
LINE
8
BLACK
6
CONTINUOUS
10
5.7337091338582677
20
1.5458083858267717
11
5.7334038976377952
21
1.546113622047244
0
LINE
8
BLACK
6
CONTINUOUS
10
5.7334038976377952
20
1.546113622047244
11
5.7333469685039367
21
1.5462509842519685
0
LINE
8
BLACK
6
CONTINUOUS
10
5.7333469685039367
20
1.5462509842519685
11
5.7332528346456693
21
1.5463660629921259
0
LINE
8
BLACK
6
CONTINUOUS
10
5.7332528346456693
20
1.5463660629921259
11
5.7331281102362199
21
1.5467793700787402
0
LINE
8
BLACK
6
CONTINUOUS
10
5.7331281102362199
20
1.5467793700787402
11
5.7329629921259837
21
1.547178031496063
0
LINE
8
BLACK
6
CONTINUOUS
10
5.7329629921259837
20
1.547178031496063
11
5.7329412204724406
21
1.5473987401574802
0
LINE
8
BLACK
6
CONTINUOUS
10
5.7329412204724406
20
1.5473987401574802
11
5.7329200393700788
21
1.5474690551181103
0
LINE
8
BLACK
6
CONTINUOUS
10
5.7329200393700788
20
1.5474690551181103
11
5.7329272047244091
21
1.547541062992126
0
LINE
8
BLACK
6
CONTINUOUS
10
5.7329272047244091
20
1.547541062992126
11
5.7329062598425198
21
1.5477540944881889
0
LINE
8
BLACK
6
CONTINUOUS
10
5.7329062598425198
20
1.5477540944881889
11
5.7329062598425198
21
1.5665017322834645
0
LINE
8
BLACK
6
CONTINUOUS
10
5.7329062598425198
20
1.5665017322834645
11
5.7329629921259837
21
1.5670777952755905
0
LINE
8
BLACK
6
CONTINUOUS
10
5.7329629921259837
20
1.5670777952755905
11
5.7334038976377952
21
1.5681422047244093
0
LINE
8
BLACK
6
CONTINUOUS
10
5.7334038976377952
20
1.5681422047244093
11
5.7342185433070867
21
1.5689568503937008
0
LINE
8
BLACK
6
CONTINUOUS
10
5.7342185433070867
20
1.5689568503937008
11
5.7352829527559051
21
1.5693977559055117
0
LINE
8
BLACK
6
CONTINUOUS
10
5.7352829527559051
20
1.5693977559055117
11
5.7364350787401577
21
1.5693977559055117
0
LINE
8
BLACK
6
CONTINUOUS
10
5.7364350787401577
20
1.5693977559055117
11
5.737499488188976
21
1.5689568503937008
0
LINE
8
BLACK
6
CONTINUOUS
10
5.737499488188976
20
1.5689568503937008
11
5.7383141338582675
21
1.5681422047244093
0
LINE
8
BLACK
6
CONTINUOUS
10
5.7383141338582675
20
1.5681422047244093
11
5.738755039370079
21
1.5670777952755905
0
LINE
8
BLACK
6
CONTINUOUS
10
5.738755039370079
20
1.5670777952755905
11
5.7388117716535429
21
1.5665017322834645
0
LINE
8
BLACK
6
CONTINUOUS
10
5.7388117716535429
20
1.5665017322834645
11
5.7388117716535429
21
1.5504263385826771
0
LINE
8
BLACK
6
CONTINUOUS
10
5.7388117716535429
20
1.5504263385826771
11
5.7485830314960626
21
1.5494492125984252
0
LINE
8
BLACK
6
CONTINUOUS
10
5.7485830314960626
20
1.5494492125984252
11
5.7482161023622043
21
1.5501831102362205
0
LINE
8
BLACK
6
CONTINUOUS
10
5.7482161023622043
20
1.5501831102362205
11
5.7480092125984248
21
1.5507237401574803
0
LINE
8
BLACK
6
CONTINUOUS
10
5.7480092125984248
20
1.5507237401574803
11
5.7480016929133857
21
1.5508295669291339
0
LINE
8
BLACK
6
CONTINUOUS
10
5.7480016929133857
20
1.5508295669291339
11
5.747961102362205
21
1.5509275590551181
0
LINE
8
BLACK
6
CONTINUOUS
10
5.747961102362205
20
1.5509275590551181
11
5.7479043700787402
21
1.551503622047244
0
LINE
8
BLACK
6
CONTINUOUS
10
5.7479043700787402
20
1.551503622047244
11
5.7479043700787402
21
1.5608774409448818
0
LINE
8
BLACK
6
CONTINUOUS
10
5.7479043700787402
20
1.5608774409448818
11
5.747961102362205
21
1.5614535039370079
0
LINE
8
BLACK
6
CONTINUOUS
10
5.747961102362205
20
1.5614535039370079
11
5.7480016929133857
21
1.5615515354330709
0
LINE
8
BLACK
6
CONTINUOUS
10
5.7480016929133857
20
1.5615515354330709
11
5.7480092125984248
21
1.5616573228346455
0
LINE
8
BLACK
6
CONTINUOUS
10
5.7480092125984248
20
1.5616573228346455
11
5.7482161023622043
21
1.5621979527559056
0
LINE
8
BLACK
6
CONTINUOUS
10
5.7482161023622043
20
1.5621979527559056
11
5.7500908661417318
21
1.5659474803149607
0
LINE
8
BLACK
6
CONTINUOUS
10
5.7500908661417318
20
1.5659474803149607
11
5.7502469291338585
21
1.5661955118110236
0
LINE
8
BLACK
6
CONTINUOUS
10
5.7502469291338585
20
1.5661955118110236
11
5.7502767716535432
21
1.5662674409448818
0
LINE
8
BLACK
6
CONTINUOUS
10
5.7502767716535432
20
1.5662674409448818
11
5.7503432283464564
21
1.5663484251968505
0
LINE
8
BLACK
6
CONTINUOUS
10
5.7503432283464564
20
1.5663484251968505
11
5.7503992125984249
21
1.5664373622047243
0
LINE
8
BLACK
6
CONTINUOUS
10
5.7503992125984249
20
1.5664373622047243
11
5.7504581889763777
21
1.5664885433070865
0
LINE
8
BLACK
6
CONTINUOUS
10
5.7504581889763777
20
1.5664885433070865
11
5.7506439763779529
21
1.5667148818897638
0
LINE
8
BLACK
6
CONTINUOUS
10
5.7506439763779529
20
1.5667148818897638
11
5.7525187401574804
21
1.5685896456692914
0
LINE
8
BLACK
6
CONTINUOUS
10
5.7525187401574804
20
1.5685896456692914
11
5.7527450787401575
21
1.5687754330708661
0
LINE
8
BLACK
6
CONTINUOUS
10
5.7527450787401575
20
1.5687754330708661
11
5.75279625984252
21
1.5688344094488189
0
LINE
8
BLACK
6
CONTINUOUS
10
5.75279625984252
20
1.5688344094488189
11
5.7528851968503938
21
1.5688903937007874
0
LINE
8
BLACK
6
CONTINUOUS
10
5.7528851968503938
20
1.5688903937007874
11
5.7529661811023622
21
1.5689568503937008
0
LINE
8
BLACK
6
CONTINUOUS
10
5.7529661811023622
20
1.5689568503937008
11
5.7530381102362202
21
1.5689866929133858
0
LINE
8
BLACK
6
CONTINUOUS
10
5.7530381102362202
20
1.5689866929133858
11
5.7532861417322829
21
1.5691427559055118
0
LINE
8
BLACK
6
CONTINUOUS
10
5.7532861417322829
20
1.5691427559055118
11
5.757035669291338
21
1.5710175196850393
0
LINE
8
BLACK
6
CONTINUOUS
10
5.757035669291338
20
1.5710175196850393
11
5.7575762598425193
21
1.5712244094488188
0
LINE
8
BLACK
6
CONTINUOUS
10
5.7575762598425193
20
1.5712244094488188
11
5.7576821259842514
21
1.5712319685039369
0
LINE
8
BLACK
6
CONTINUOUS
10
5.7576821259842514
20
1.5712319685039369
11
5.7577801181102357
21
1.5712725196850392
0
LINE
8
BLACK
6
CONTINUOUS
10
5.7577801181102357
20
1.5712725196850392
11
5.7583561811023625
21
1.5713292519685038
0
LINE
8
BLACK
6
CONTINUOUS
10
5.7583561811023625
20
1.5713292519685038
11
5.7677300000000002
21
1.5713292519685038
0
LINE
8
BLACK
6
CONTINUOUS
10
5.7677300000000002
20
1.5713292519685038
11
5.7683060629921261
21
1.5712725196850392
0
LINE
8
BLACK
6
CONTINUOUS
10
5.6529474803149604
20
1.5893431102362205
11
5.6529475590551179
21
1.5893430708661418
0
LINE
8
BLACK
6
CONTINUOUS
10
5.6529475590551179
20
1.5893430708661418
11
5.6533949999999997
21
1.5889758661417321
0
LINE
8
BLACK
6
CONTINUOUS
10
5.6533949999999997
20
1.5889758661417321
11
5.6552697637795273
21
1.5871011023622046
0
LINE
8
BLACK
6
CONTINUOUS
10
5.6552697637795273
20
1.5871011023622046
11
5.6556369685039369
21
1.5866536614173228
0
LINE
8
BLACK
6
CONTINUOUS
10
5.6556369685039369
20
1.5866536614173228
11
5.6557785433070862
21
1.5863118897637796
0
LINE
8
BLACK
6
CONTINUOUS
10
5.6557785433070862
20
1.5863118897637796
11
5.6560778740157476
21
1.5855892125984252
0
LINE
8
BLACK
6
CONTINUOUS
10
5.6560778740157476
20
1.5855892125984252
11
5.6560778740157476
21
1.584437125984252
0
LINE
8
BLACK
6
CONTINUOUS
10
5.6560778740157476
20
1.584437125984252
11
5.6556369685039369
21
1.583372716535433
0
LINE
8
BLACK
6
CONTINUOUS
10
5.6556369685039369
20
1.583372716535433
11
5.6552697637795273
21
1.5829252755905512
0
LINE
8
BLACK
6
CONTINUOUS
10
5.6552697637795273
20
1.5829252755905512
11
5.6533949999999997
21
1.5810505118110236
0
LINE
8
BLACK
6
CONTINUOUS
10
5.6533949999999997
20
1.5810505118110236
11
5.6529475590551179
21
1.5806833070866142
0
LINE
8
BLACK
6
CONTINUOUS
10
5.6529475590551179
20
1.5806833070866142
11
5.6518831496062987
21
1.5802424015748031
0
LINE
8
BLACK
6
CONTINUOUS
10
5.6518831496062987
20
1.5802424015748031
11
5.6507310629921257
21
1.5802424015748031
0
LINE
8
BLACK
6
CONTINUOUS
10
5.6507310629921257
20
1.5802424015748031
11
5.6496666535433073
21
1.5806832677165354
0
LINE
8
BLACK
6
CONTINUOUS
10
5.6496666535433073
20
1.5806832677165354
11
5.6492191732283468
21
1.5810505118110236
0
LINE
8
BLACK
6
CONTINUOUS
10
5.6492191732283468
20
1.5810505118110236
11
5.6473444094488183
21
1.5829252362204724
0
LINE
8
BLACK
6
CONTINUOUS
10
5.6473444094488183
20
1.5829252362204724
11
5.6469771653543308
21
1.583372716535433
0
LINE
8
BLACK
6
CONTINUOUS
10
5.6469771653543308
20
1.583372716535433
11
5.6469771259842521
21
1.5833727559055117
0
LINE
8
BLACK
6
CONTINUOUS
10
5.6469771259842521
20
1.5833727559055117
11
5.6465362598425193
21
1.5844371653543308
0
LINE
8
BLACK
6
CONTINUOUS
10
5.6465362598425193
20
1.5844371653543308
11
5.6465362598425193
21
1.585589251968504
0
LINE
8
BLACK
6
CONTINUOUS
10
5.6465362598425193
20
1.585589251968504
11
5.6468355905511807
21
1.5863118897637796
0
LINE
8
BLACK
6
CONTINUOUS
10
5.6468355905511807
20
1.5863118897637796
11
5.6469771259842521
21
1.586653622047244
0
LINE
8
BLACK
6
CONTINUOUS
10
5.6469771259842521
20
1.586653622047244
11
5.6469771653543308
21
1.5866536614173228
0
LINE
8
BLACK
6
CONTINUOUS
10
5.6469771653543308
20
1.5866536614173228
11
5.6473444094488183
21
1.5871011417322833
0
LINE
8
BLACK
6
CONTINUOUS
10
5.6473444094488183
20
1.5871011417322833
11
5.6492191732283468
21
1.5889758661417321
0
LINE
8
BLACK
6
CONTINUOUS
10
5.6492191732283468
20
1.5889758661417321
11
5.6496666535433073
21
1.5893431102362205
0
LINE
8
BLACK
6
CONTINUOUS
10
5.6496666535433073
20
1.5893431102362205
11
5.6507310629921257
21
1.5897839763779527
0
LINE
8
BLACK
6
CONTINUOUS
10
5.6507310629921257
20
1.5897839763779527
11
5.6518831496062987
21
1.5897839763779527
0
LINE
8
BLACK
6
CONTINUOUS
10
5.6518831496062987
20
1.5897839763779527
11
5.6529474803149604
21
1.5893431102362205
0
LINE
8
BLACK
6
CONTINUOUS
10
5.7749947244094484
20
1.5895793307086614
11
5.7749948031496059
21
1.5895792913385827
0
LINE
8
BLACK
6
CONTINUOUS
10
5.7749948031496059
20
1.5895792913385827
11
5.7754422440944877
21
1.5892120866141732
0
LINE
8
BLACK
6
CONTINUOUS
10
5.7754422440944877
20
1.5892120866141732
11
5.7773170078740153
21
1.5873373228346457
0
LINE
8
BLACK
6
CONTINUOUS
10
5.7773170078740153
20
1.5873373228346457
11
5.7776842125984249
21
1.5868898818897637
0
LINE
8
BLACK
6
CONTINUOUS
10
5.7776842125984249
20
1.5868898818897637
11
5.777825787401575
21
1.5865481102362204
0
LINE
8
BLACK
6
CONTINUOUS
10
5.777825787401575
20
1.5865481102362204
11
5.7781251181102364
21
1.5858254330708661
0
LINE
8
BLACK
6
CONTINUOUS
10
5.7781251181102364
20
1.5858254330708661
11
5.7781251181102364
21
1.5846733464566929
0
LINE
8
BLACK
6
CONTINUOUS
10
5.7781251181102364
20
1.5846733464566929
11
5.7776842125984249
21
1.5836089370078741
0
LINE
8
BLACK
6
CONTINUOUS
10
5.7776842125984249
20
1.5836089370078741
11
5.7773170078740153
21
1.5831614960629921
0
LINE
8
BLACK
6
CONTINUOUS
10
5.7773170078740153
20
1.5831614960629921
11
5.7754422440944877
21
1.5812867322834645
0
LINE
8
BLACK
6
CONTINUOUS
10
5.7754422440944877
20
1.5812867322834645
11
5.7749948031496059
21
1.5809195275590551
0
LINE
8
BLACK
6
CONTINUOUS
10
5.7749948031496059
20
1.5809195275590551
11
5.7739303937007875
21
1.580478622047244
0
LINE
8
BLACK
6
CONTINUOUS
10
5.7739303937007875
20
1.580478622047244
11
5.7727783070866137
21
1.580478622047244
0
LINE
8
BLACK
6
CONTINUOUS
10
5.7727783070866137
20
1.580478622047244
11
5.7717138976377953
21
1.5809194881889763
0
LINE
8
BLACK
6
CONTINUOUS
10
5.7717138976377953
20
1.5809194881889763
11
5.7712664173228347
21
1.5812867322834645
0
LINE
8
BLACK
6
CONTINUOUS
10
5.7712664173228347
20
1.5812867322834645
11
5.7693916535433072
21
1.5831614566929133
0
LINE
8
BLACK
6
CONTINUOUS
10
5.7693916535433072
20
1.5831614566929133
11
5.7690244094488188
21
1.5836089370078741
0
LINE
8
BLACK
6
CONTINUOUS
10
5.7690244094488188
20
1.5836089370078741
11
5.76902437007874
21
1.5836089763779526
0
LINE
8
BLACK
6
CONTINUOUS
10
5.76902437007874
20
1.5836089763779526
11
5.7685835039370081
21
1.5846733858267716
0
LINE
8
BLACK
6
CONTINUOUS
10
5.7685835039370081
20
1.5846733858267716
11
5.7685835039370081
21
1.5858254724409448
0
LINE
8
BLACK
6
CONTINUOUS
10
5.7685835039370081
20
1.5858254724409448
11
5.7688828346456695
21
1.5865481102362204
0
LINE
8
BLACK
6
CONTINUOUS
10
5.7688828346456695
20
1.5865481102362204
11
5.76902437007874
21
1.5868898425196849
0
LINE
8
BLACK
6
CONTINUOUS
10
5.76902437007874
20
1.5868898425196849
11
5.7690244094488188
21
1.5868898818897637
0
LINE
8
BLACK
6
CONTINUOUS
10
5.7690244094488188
20
1.5868898818897637
11
5.7693916535433072
21
1.5873373622047244
0
LINE
8
BLACK
6
CONTINUOUS
10
5.7693916535433072
20
1.5873373622047244
11
5.7712664173228347
21
1.5892120866141732
0
LINE
8
BLACK
6
CONTINUOUS
10
5.7712664173228347
20
1.5892120866141732
11
5.7717138976377953
21
1.5895793307086614
0
LINE
8
BLACK
6
CONTINUOUS
10
5.7717138976377953
20
1.5895793307086614
11
5.7727783070866137
21
1.5900201968503938
0
LINE
8
BLACK
6
CONTINUOUS
10
5.7727783070866137
20
1.5900201968503938
11
5.7739303937007875
21
1.5900201968503938
0
LINE
8
BLACK
6
CONTINUOUS
10
5.7739303937007875
20
1.5900201968503938
11
5.7749947244094484
21
1.5895793307086614
0
LINE
8
BLACK
6
CONTINUOUS
10
5.6138293307086613
20
1.6291540157480315
11
5.6143878346456688
21
1.6291540157480315
0
LINE
8
BLACK
6
CONTINUOUS
10
5.6143878346456688
20
1.6291540157480315
11
5.6144047637795271
21
1.6291470078740158
0
LINE
8
BLACK
6
CONTINUOUS
10
5.6144047637795271
20
1.6291470078740158
11
5.6144230708661418
21
1.6291467716535433
0
LINE
8
BLACK
6
CONTINUOUS
10
5.6144230708661418
20
1.6291467716535433
11
5.6149749212598428
21
1.6289720078740157
0
LINE
8
BLACK
6
CONTINUOUS
10
5.6149749212598428
20
1.6289720078740157
11
5.6543450000000002
21
1.6120991338582678
0
LINE
8
BLACK
6
CONTINUOUS
10
5.6543450000000002
20
1.6120991338582678
11
5.6548521259842515
21
1.6118200787401575
0
LINE
8
BLACK
6
CONTINUOUS
10
5.6548521259842515
20
1.6118200787401575
11
5.6556567716535433
21
1.6109955118110235
0
LINE
8
BLACK
6
CONTINUOUS
10
5.6556567716535433
20
1.6109955118110235
11
5.6560846456692913
21
1.6099258267716534
0
LINE
8
BLACK
6
CONTINUOUS
10
5.6560846456692913
20
1.6099258267716534
11
5.6560706299212598
21
1.6087738188976377
0
LINE
8
BLACK
6
CONTINUOUS
10
5.6560706299212598
20
1.6087738188976377
11
5.655616771653543
21
1.607714842519685
0
LINE
8
BLACK
6
CONTINUOUS
10
5.655616771653543
20
1.607714842519685
11
5.6547922440944882
21
1.6069101574803148
0
LINE
8
BLACK
6
CONTINUOUS
10
5.6547922440944882
20
1.6069101574803148
11
5.6537225590551179
21
1.6064822834645669
0
LINE
8
BLACK
6
CONTINUOUS
10
5.6537225590551179
20
1.6064822834645669
11
5.6525705118110237
21
1.6064963385826772
0
LINE
8
BLACK
6
CONTINUOUS
10
5.6525705118110237
20
1.6064963385826772
11
5.6520187007874014
21
1.6066711023622047
0
LINE
8
BLACK
6
CONTINUOUS
10
5.6520187007874014
20
1.6066711023622047
11
5.616764527559055
21
1.6217800393700788
0
LINE
8
BLACK
6
CONTINUOUS
10
5.616764527559055
20
1.6217800393700788
11
5.616764527559055
21
1.6000112992125983
0
LINE
8
BLACK
6
CONTINUOUS
10
5.616764527559055
20
1.6000112992125983
11
5.6167077952755902
21
1.5994352362204725
0
LINE
8
BLACK
6
CONTINUOUS
10
5.6167077952755902
20
1.5994352362204725
11
5.6162668897637795
21
1.5983708267716534
0
LINE
8
BLACK
6
CONTINUOUS
10
5.6162668897637795
20
1.5983708267716534
11
5.6154522440944881
21
1.5975561811023622
0
LINE
8
BLACK
6
CONTINUOUS
10
5.6154522440944881
20
1.5975561811023622
11
5.6143878346456688
21
1.5971152755905511
0
LINE
8
BLACK
6
CONTINUOUS
10
5.6143878346456688
20
1.5971152755905511
11
5.6132357086614171
21
1.5971152755905511
0
LINE
8
BLACK
6
CONTINUOUS
10
5.6132357086614171
20
1.5971152755905511
11
5.6121712992125987
21
1.5975561811023622
0
LINE
8
BLACK
6
CONTINUOUS
10
5.6121712992125987
20
1.5975561811023622
11
5.6113566535433073
21
1.5983708267716534
0
LINE
8
BLACK
6
CONTINUOUS
10
5.6113566535433073
20
1.5983708267716534
11
5.6109157480314957
21
1.5994352362204725
0
LINE
8
BLACK
6
CONTINUOUS
10
5.6109157480314957
20
1.5994352362204725
11
5.6108590157480318
21
1.6000112992125983
0
LINE
8
BLACK
6
CONTINUOUS
10
5.6108590157480318
20
1.6000112992125983
11
5.6108590157480318
21
1.6262579921259843
0
LINE
8
BLACK
6
CONTINUOUS
10
5.6108590157480318
20
1.6262579921259843
11
5.6109157480314957
21
1.6268340551181102
0
LINE
8
BLACK
6
CONTINUOUS
10
5.6109157480314957
20
1.6268340551181102
11
5.6109227559055119
21
1.6268510236220473
0
LINE
8
BLACK
6
CONTINUOUS
10
5.6109227559055119
20
1.6268510236220473
11
5.6109229921259844
21
1.6268692913385827
0
LINE
8
BLACK
6
CONTINUOUS
10
5.6109229921259844
20
1.6268692913385827
11
5.6111429921259841
21
1.6273827165354331
0
LINE
8
BLACK
6
CONTINUOUS
10
5.6111429921259841
20
1.6273827165354331
11
5.6113566535433073
21
1.627898464566929
0
LINE
8
BLACK
6
CONTINUOUS
10
5.6113566535433073
20
1.627898464566929
11
5.6113695669291337
21
1.6279114173228346
0
LINE
8
BLACK
6
CONTINUOUS
10
5.6113695669291337
20
1.6279114173228346
11
5.6113768110236215
21
1.6279282677165354
0
LINE
8
BLACK
6
CONTINUOUS
10
5.6113768110236215
20
1.6279282677165354
11
5.6117768110236224
21
1.6283186614173228
0
LINE
8
BLACK
6
CONTINUOUS
10
5.6117768110236224
20
1.6283186614173228
11
5.6121712992125987
21
1.6287131102362205
0
LINE
8
BLACK
6
CONTINUOUS
10
5.6121712992125987
20
1.6287131102362205
11
5.6121882283464561
21
1.628720157480315
0
LINE
8
BLACK
6
CONTINUOUS
10
5.6121882283464561
20
1.628720157480315
11
5.612201377952756
21
1.6287329527559056
0
LINE
8
BLACK
6
CONTINUOUS
10
5.612201377952756
20
1.6287329527559056
11
5.6127203543307083
21
1.6289405905511811
0
LINE
8
BLACK
6
CONTINUOUS
10
5.6127203543307083
20
1.6289405905511811
11
5.6132357086614171
21
1.6291540157480315
0
LINE
8
BLACK
6
CONTINUOUS
10
5.6132357086614171
20
1.6291540157480315
11
5.6132540551181105
21
1.6291540157480315
0
LINE
8
BLACK
6
CONTINUOUS
10
5.6132540551181105
20
1.6291540157480315
11
5.6132710629921254
21
1.6291608267716535
0
LINE
8
BLACK
6
CONTINUOUS
10
5.6132710629921254
20
1.6291608267716535
11
5.6138293307086613
21
1.6291540157480315
0
LINE
8
BLACK
6
CONTINUOUS
10
5.7458088976377955
20
1.6275154724409449
11
5.7459068897637797
21
1.6274748818897637
0
LINE
8
BLACK
6
CONTINUOUS
10
5.7459068897637797
20
1.6274748818897637
11
5.7460127165354331
21
1.6274673622047244
0
LINE
8
BLACK
6
CONTINUOUS
10
5.7460127165354331
20
1.6274673622047244
11
5.7465533464566931
21
1.6272604724409447
0
LINE
8
BLACK
6
CONTINUOUS
10
5.7465533464566931
20
1.6272604724409447
11
5.7503028740157482
21
1.6253857086614172
0
LINE
8
BLACK
6
CONTINUOUS
10
5.7503028740157482
20
1.6253857086614172
11
5.7505508661417322
21
1.6252296456692914
0
LINE
8
BLACK
6
CONTINUOUS
10
5.7505508661417322
20
1.6252296456692914
11
5.7506228346456689
21
1.6251998031496062
0
LINE
8
BLACK
6
CONTINUOUS
10
5.7506228346456689
20
1.6251998031496062
11
5.7507037795275586
21
1.6251333464566928
0
LINE
8
BLACK
6
CONTINUOUS
10
5.7507037795275586
20
1.6251333464566928
11
5.7507927559055121
21
1.6250773622047243
0
LINE
8
BLACK
6
CONTINUOUS
10
5.7507927559055121
20
1.6250773622047243
11
5.7508438976377949
21
1.6250183858267717
0
LINE
8
BLACK
6
CONTINUOUS
10
5.7508438976377949
20
1.6250183858267717
11
5.7510702755905507
21
1.6248325984251968
0
LINE
8
BLACK
6
CONTINUOUS
10
5.7510702755905507
20
1.6248325984251968
11
5.7527318897637798
21
1.6231709842519684
0
LINE
8
BLACK
6
CONTINUOUS
10
5.7527318897637798
20
1.6231709842519684
11
5.754393503937008
21
1.6248325984251968
0
LINE
8
BLACK
6
CONTINUOUS
10
5.754393503937008
20
1.6248325984251968
11
5.7546198425196851
21
1.6250183858267717
0
LINE
8
BLACK
6
CONTINUOUS
10
5.7546198425196851
20
1.6250183858267717
11
5.7546710236220475
21
1.6250773622047243
0
LINE
8
BLACK
6
CONTINUOUS
10
5.7546710236220475
20
1.6250773622047243
11
5.7547599606299213
21
1.6251333464566928
0
LINE
8
BLACK
6
CONTINUOUS
10
5.7547599606299213
20
1.6251333464566928
11
5.7548409448818898
21
1.6251998031496062
0
LINE
8
BLACK
6
CONTINUOUS
10
5.7548409448818898
20
1.6251998031496062
11
5.7549128740157478
21
1.6252296456692914
0
LINE
8
BLACK
6
CONTINUOUS
10
5.7549128740157478
20
1.6252296456692914
11
5.7551609055118105
21
1.6253857086614172
0
LINE
8
BLACK
6
CONTINUOUS
10
5.7551609055118105
20
1.6253857086614172
11
5.7589104330708656
21
1.6272604724409447
0
LINE
8
BLACK
6
CONTINUOUS
10
5.7589104330708656
20
1.6272604724409447
11
5.7594510236220469
21
1.6274673622047244
0
LINE
8
BLACK
6
CONTINUOUS
10
5.7594510236220469
20
1.6274673622047244
11
5.759556889763779
21
1.6274749212598425
0
LINE
8
BLACK
6
CONTINUOUS
10
5.759556889763779
20
1.6274749212598425
11
5.7596548818897633
21
1.6275154724409449
0
LINE
8
BLACK
6
CONTINUOUS
10
5.7596548818897633
20
1.6275154724409449
11
5.76023094488189
21
1.6275722047244094
0
LINE
8
BLACK
6
CONTINUOUS
10
5.76023094488189
20
1.6275722047244094
11
5.7677300000000002
21
1.6275722047244094
0
LINE
8
BLACK
6
CONTINUOUS
10
5.7677300000000002
20
1.6275722047244094
11
5.7683060629921261
21
1.6275154724409449
0
LINE
8
BLACK
6
CONTINUOUS
10
5.7683060629921261
20
1.6275154724409449
11
5.7684040551181104
21
1.6274748818897637
0
LINE
8
BLACK
6
CONTINUOUS
10
5.7684040551181104
20
1.6274748818897637
11
5.7685098818897638
21
1.6274673622047244
0
LINE
8
BLACK
6
CONTINUOUS
10
5.7685098818897638
20
1.6274673622047244
11
5.7690505118110238
21
1.6272604724409447
0
LINE
8
BLACK
6
CONTINUOUS
10
5.7690505118110238
20
1.6272604724409447
11
5.7728000393700789
21
1.6253857086614172
0
LINE
8
BLACK
6
CONTINUOUS
10
5.7728000393700789
20
1.6253857086614172
11
5.7730479133858266
21
1.6252296850393699
0
LINE
8
BLACK
6
CONTINUOUS
10
5.7730479133858266
20
1.6252296850393699
11
5.7731199606299208
21
1.625199842519685
0
LINE
8
BLACK
6
CONTINUOUS
10
5.7731199606299208
20
1.625199842519685
11
5.773200984251968
21
1.6251333464566928
0
LINE
8
BLACK
6
CONTINUOUS
10
5.773200984251968
20
1.6251333464566928
11
5.7732899212598427
21
1.6250773622047243
0
LINE
8
BLACK
6
CONTINUOUS
10
5.7732899212598427
20
1.6250773622047243
11
5.7733410629921256
21
1.6250183858267717
0
LINE
8
BLACK
6
CONTINUOUS
10
5.7733410629921256
20
1.6250183858267717
11
5.7735674015748026
21
1.6248326377952755
0
LINE
8
BLACK
6
CONTINUOUS
10
5.7735674015748026
20
1.6248326377952755
11
5.7754422047244089
21
1.622957874015748
0
LINE
8
BLACK
6
CONTINUOUS
10
5.7754422047244089
20
1.622957874015748
11
5.7756279527559053
21
1.6227315354330709
0
LINE
8
BLACK
6
CONTINUOUS
10
5.7756279527559053
20
1.6227315354330709
11
5.7756870078740157
21
1.6226803149606299
0
LINE
8
BLACK
6
CONTINUOUS
10
5.7756870078740157
20
1.6226803149606299
11
5.7757429921259842
21
1.6225913779527559
0
LINE
8
BLACK
6
CONTINUOUS
10
5.7757429921259842
20
1.6225913779527559
11
5.7758094488188974
21
1.6225103937007874
0
LINE
8
BLACK
6
CONTINUOUS
10
5.7758094488188974
20
1.6225103937007874
11
5.7758392519685042
21
1.6224384645669292
0
LINE
8
BLACK
6
CONTINUOUS
10
5.7758392519685042
20
1.6224384645669292
11
5.7759953543307088
21
1.6221904330708661
0
LINE
8
BLACK
6
CONTINUOUS
10
5.7759953543307088
20
1.6221904330708661
11
5.7778701181102363
21
1.618440905511811
0
LINE
8
BLACK
6
CONTINUOUS
10
5.7778701181102363
20
1.618440905511811
11
5.7780770078740158
21
1.6179003149606299
0
LINE
8
BLACK
6
CONTINUOUS
10
5.7780770078740158
20
1.6179003149606299
11
5.7780845275590549
21
1.6177944488188976
0
LINE
8
BLACK
6
CONTINUOUS
10
5.7780845275590549
20
1.6177944488188976
11
5.7781251181102364
21
1.6176964566929133
0
LINE
8
BLACK
6
CONTINUOUS
10
5.7781251181102364
20
1.6176964566929133
11
5.7781818503937004
21
1.6171203937007874
0
LINE
8
BLACK
6
CONTINUOUS
10
5.7781818503937004
20
1.6171203937007874
11
5.7781818503937004
21
1.6096213385826772
0
LINE
8
BLACK
6
CONTINUOUS
10
5.7781818503937004
20
1.6096213385826772
11
5.7781251181102364
21
1.6090452755905511
0
LINE
8
BLACK
6
CONTINUOUS
10
5.7781251181102364
20
1.6090452755905511
11
5.7780845275590549
21
1.6089473228346456
0
LINE
8
BLACK
6
CONTINUOUS
10
5.7780845275590549
20
1.6089473228346456
11
5.7780770078740158
21
1.6088414173228347
0
LINE
8
BLACK
6
CONTINUOUS
10
5.7780770078740158
20
1.6088414173228347
11
5.7778701181102363
21
1.6083008267716534
0
LINE
8
BLACK
6
CONTINUOUS
10
5.7778701181102363
20
1.6083008267716534
11
5.7759953543307088
21
1.6045512992125983
0
LINE
8
BLACK
6
CONTINUOUS
10
5.7759953543307088
20
1.6045512992125983
11
5.7758392519685042
21
1.6043033070866142
0
LINE
8
BLACK
6
CONTINUOUS
10
5.7758392519685042
20
1.6043033070866142
11
5.7758094488188974
21
1.6042313385826772
0
LINE
8
BLACK
6
CONTINUOUS
10
5.7758094488188974
20
1.6042313385826772
11
5.7757429921259842
21
1.6041503937007873
0
LINE
8
BLACK
6
CONTINUOUS
10
5.7757429921259842
20
1.6041503937007873
11
5.7756870078740157
21
1.6040614173228347
0
LINE
8
BLACK
6
CONTINUOUS
10
5.7756870078740157
20
1.6040614173228347
11
5.7756279527559053
21
1.6040102362204725
0
LINE
8
BLACK
6
CONTINUOUS
10
5.7756279527559053
20
1.6040102362204725
11
5.7754422047244089
21
1.6037838582677164
0
LINE
8
BLACK
6
CONTINUOUS
10
5.7754422047244089
20
1.6037838582677164
11
5.7735674015748026
21
1.6019090944881889
0
LINE
8
BLACK
6
CONTINUOUS
10
5.7735674015748026
20
1.6019090944881889
11
5.7733410629921256
21
1.6017233858267717
0
LINE
8
BLACK
6
CONTINUOUS
10
5.7733410629921256
20
1.6017233858267717
11
5.7732899212598427
21
1.6016643700787401
0
LINE
8
BLACK
6
CONTINUOUS
10
5.7732899212598427
20
1.6016643700787401
11
5.773200984251968
21
1.6016084251968503
0
LINE
8
BLACK
6
CONTINUOUS
10
5.773200984251968
20
1.6016084251968503
11
5.7731199606299208
21
1.6015418897637794
0
LINE
8
BLACK
6
CONTINUOUS
10
5.7731199606299208
20
1.6015418897637794
11
5.7730479133858266
21
1.6015120866141732
0
LINE
8
BLACK
6
CONTINUOUS
10
5.7730479133858266
20
1.6015120866141732
11
5.7728000393700789
21
1.6013560236220472
0
LINE
8
BLACK
6
CONTINUOUS
10
5.7728000393700789
20
1.6013560236220472
11
5.7690505118110238
21
1.5994812598425197
0
LINE
8
BLACK
6
CONTINUOUS
10
5.7690505118110238
20
1.5994812598425197
11
5.7685098818897638
21
1.5992743700787402
0
LINE
8
BLACK
6
CONTINUOUS
10
5.7685098818897638
20
1.5992743700787402
11
5.7684040551181104
21
1.5992668897637794
0
LINE
8
BLACK
6
CONTINUOUS
10
5.7684040551181104
20
1.5992668897637794
11
5.7683060629921261
21
1.5992262598425198
0
LINE
8
BLACK
6
CONTINUOUS
10
5.7683060629921261
20
1.5992262598425198
11
5.7677300000000002
21
1.5991695275590552
0
LINE
8
BLACK
6
CONTINUOUS
10
5.7677300000000002
20
1.5991695275590552
11
5.76023094488189
21
1.5991695275590552
0
LINE
8
BLACK
6
CONTINUOUS
10
5.76023094488189
20
1.5991695275590552
11
5.7596548818897633
21
1.5992262598425198
0
LINE
8
BLACK
6
CONTINUOUS
10
5.7596548818897633
20
1.5992262598425198
11
5.759556889763779
21
1.5992668503937006
0
LINE
8
BLACK
6
CONTINUOUS
10
5.759556889763779
20
1.5992668503937006
11
5.7594510236220469
21
1.5992743700787402
0
LINE
8
BLACK
6
CONTINUOUS
10
5.7594510236220469
20
1.5992743700787402
11
5.7589104330708656
21
1.5994812598425197
0
LINE
8
BLACK
6
CONTINUOUS
10
5.7589104330708656
20
1.5994812598425197
11
5.7551609055118105
21
1.6013560236220472
0
LINE
8
BLACK
6
CONTINUOUS
10
5.7551609055118105
20
1.6013560236220472
11
5.7549128740157478
21
1.601512125984252
0
LINE
8
BLACK
6
CONTINUOUS
10
5.7549128740157478
20
1.601512125984252
11
5.7548409448818898
21
1.6015419291338582
0
LINE
8
BLACK
6
CONTINUOUS
10
5.7548409448818898
20
1.6015419291338582
11
5.7547599606299213
21
1.6016084251968503
0
LINE
8
BLACK
6
CONTINUOUS
10
5.7547599606299213
20
1.6016084251968503
11
5.7546710236220475
21
1.6016643700787401
0
LINE
8
BLACK
6
CONTINUOUS
10
5.7546710236220475
20
1.6016643700787401
11
5.7546198425196851
21
1.6017233858267717
0
LINE
8
BLACK
6
CONTINUOUS
10
5.7546198425196851
20
1.6017233858267717
11
5.754393503937008
21
1.6019091338582676
0
LINE
8
BLACK
6
CONTINUOUS
10
5.754393503937008
20
1.6019091338582676
11
5.7527318897637798
21
1.603570748031496
0
LINE
8
BLACK
6
CONTINUOUS
10
5.7527318897637798
20
1.603570748031496
11
5.7510702755905507
21
1.6019091338582676
0
LINE
8
BLACK
6
CONTINUOUS
10
5.7510702755905507
20
1.6019091338582676
11
5.7508438976377949
21
1.6017233858267717
0
LINE
8
BLACK
6
CONTINUOUS
10
5.7508438976377949
20
1.6017233858267717
11
5.7507927559055121
21
1.6016643700787401
0
LINE
8
BLACK
6
CONTINUOUS
10
5.7507927559055121
20
1.6016643700787401
11
5.7507037795275586
21
1.6016084251968503
0
LINE
8
BLACK
6
CONTINUOUS
10
5.7507037795275586
20
1.6016084251968503
11
5.7506228346456689
21
1.6015419291338582
0
LINE
8
BLACK
6
CONTINUOUS
10
5.7506228346456689
20
1.6015419291338582
11
5.7505508661417322
21
1.601512125984252
0
LINE
8
BLACK
6
CONTINUOUS
10
5.7505508661417322
20
1.601512125984252
11
5.7503028740157482
21
1.6013560236220472
0
LINE
8
BLACK
6
CONTINUOUS
10
5.7503028740157482
20
1.6013560236220472
11
5.7465533464566931
21
1.5994812598425197
0
LINE
8
BLACK
6
CONTINUOUS
10
5.7465533464566931
20
1.5994812598425197
11
5.7460127165354331
21
1.5992743700787402
0
LINE
8
BLACK
6
CONTINUOUS
10
5.7460127165354331
20
1.5992743700787402
11
5.7459068897637797
21
1.5992668897637794
0
LINE
8
BLACK
6
CONTINUOUS
10
5.7459068897637797
20
1.5992668897637794
11
5.7458088976377955
21
1.5992262598425198
0
LINE
8
BLACK
6
CONTINUOUS
10
5.7458088976377955
20
1.5992262598425198
11
5.7452328346456696
21
1.5991695275590552
0
LINE
8
BLACK
6
CONTINUOUS
10
5.7452328346456696
20
1.5991695275590552
11
5.743358070866142
21
1.5991695275590552
0
LINE
8
BLACK
6
CONTINUOUS
10
5.743358070866142
20
1.5991695275590552
11
5.7427820078740153
21
1.5992262598425198
0
LINE
8
BLACK
6
CONTINUOUS
10
5.7427820078740153
20
1.5992262598425198
11
5.742684015748031
21
1.5992668503937006
0
LINE
8
BLACK
6
CONTINUOUS
10
5.742684015748031
20
1.5992668503937006
11
5.7425781496062989
21
1.5992743700787402
0
LINE
8
BLACK
6
CONTINUOUS
10
5.7425781496062989
20
1.5992743700787402
11
5.7420375590551176
21
1.5994812598425197
0
LINE
8
BLACK
6
CONTINUOUS
10
5.7420375590551176
20
1.5994812598425197
11
5.7382880314960625
21
1.6013560236220472
0
LINE
8
BLACK
6
CONTINUOUS
10
5.7382880314960625
20
1.6013560236220472
11
5.7380399999999998
21
1.601512125984252
0
LINE
8
BLACK
6
CONTINUOUS
10
5.7380399999999998
20
1.601512125984252
11
5.7379680708661418
21
1.6015419291338582
0
LINE
8
BLACK
6
CONTINUOUS
10
5.7379680708661418
20
1.6015419291338582
11
5.7378870866141733
21
1.6016084251968503
0
LINE
8
BLACK
6
CONTINUOUS
10
5.7378870866141733
20
1.6016084251968503
11
5.7377981496062995
21
1.6016643700787401
0
LINE
8
BLACK
6
CONTINUOUS
10
5.7377981496062995
20
1.6016643700787401
11
5.7377469685039371
21
1.6017233858267717
0
LINE
8
BLACK
6
CONTINUOUS
10
5.7377469685039371
20
1.6017233858267717
11
5.73752062992126
21
1.6019091338582676
0
LINE
8
BLACK
6
CONTINUOUS
10
5.73752062992126
20
1.6019091338582676
11
5.7356458661417324
21
1.6037838976377952
0
LINE
8
BLACK
6
CONTINUOUS
10
5.7356458661417324
20
1.6037838976377952
11
5.7354600787401573
21
1.6040102755905512
0
LINE
8
BLACK
6
CONTINUOUS
10
5.7354600787401573
20
1.6040102755905512
11
5.7354011023622045
21
1.6040614173228347
0
LINE
8
BLACK
6
CONTINUOUS
10
5.7354011023622045
20
1.6040614173228347
11
5.735345118110236
21
1.6041503937007873
0
LINE
8
BLACK
6
CONTINUOUS
10
5.735345118110236
20
1.6041503937007873
11
5.7352786614173228
21
1.6042313385826772
0
LINE
8
BLACK
6
CONTINUOUS
10
5.7352786614173228
20
1.6042313385826772
11
5.735248818897638
21
1.6043033070866142
0
LINE
8
BLACK
6
CONTINUOUS
10
5.735248818897638
20
1.6043033070866142
11
5.7350927559055114
21
1.6045512992125983
0
LINE
8
BLACK
6
CONTINUOUS
10
5.7350927559055114
20
1.6045512992125983
11
5.7332179921259838
21
1.6083008267716534
0
LINE
8
BLACK
6
CONTINUOUS
10
5.7332179921259838
20
1.6083008267716534
11
5.7330111023622043
21
1.6088414566929135
0
LINE
8
BLACK
6
CONTINUOUS
10
5.7330111023622043
20
1.6088414566929135
11
5.7330035826771653
21
1.6089472834645668
0
LINE
8
BLACK
6
CONTINUOUS
10
5.7330035826771653
20
1.6089472834645668
11
5.7329629921259837
21
1.6090452755905511
0
LINE
8
BLACK
6
CONTINUOUS
10
5.7329629921259837
20
1.6090452755905511
11
5.7329062598425198
21
1.6096213385826772
0
LINE
8
BLACK
6
CONTINUOUS
10
5.7329062598425198
20
1.6096213385826772
11
5.7329062598425198
21
1.6171203937007874
0
LINE
8
BLACK
6
CONTINUOUS
10
5.7329062598425198
20
1.6171203937007874
11
5.7329629921259837
21
1.6176964566929133
0
LINE
8
BLACK
6
CONTINUOUS
10
5.7329629921259837
20
1.6176964566929133
11
5.7330035826771653
21
1.6177944881889763
0
LINE
8
BLACK
6
CONTINUOUS
10
5.7330035826771653
20
1.6177944881889763
11
5.7330111023622043
21
1.6179002755905512
0
LINE
8
BLACK
6
CONTINUOUS
10
5.7330111023622043
20
1.6179002755905512
11
5.7332179921259838
21
1.618440905511811
0
LINE
8
BLACK
6
CONTINUOUS
10
5.7332179921259838
20
1.618440905511811
11
5.7350927559055114
21
1.6221904330708661
0
LINE
8
BLACK
6
CONTINUOUS
10
5.7350927559055114
20
1.6221904330708661
11
5.735248818897638
21
1.6224384645669292
0
LINE
8
BLACK
6
CONTINUOUS
10
5.735248818897638
20
1.6224384645669292
11
5.7352786614173228
21
1.6225103937007874
0
LINE
8
BLACK
6
CONTINUOUS
10
5.7352786614173228
20
1.6225103937007874
11
5.735345118110236
21
1.6225913779527559
0
LINE
8
BLACK
6
CONTINUOUS
10
5.735345118110236
20
1.6225913779527559
11
5.7354011023622045
21
1.6226803149606299
0
LINE
8
BLACK
6
CONTINUOUS
10
5.7354011023622045
20
1.6226803149606299
11
5.7354600787401573
21
1.6227314960629922
0
LINE
8
BLACK
6
CONTINUOUS
10
5.7354600787401573
20
1.6227314960629922
11
5.7356458661417324
21
1.6229578346456692
0
LINE
8
BLACK
6
CONTINUOUS
10
5.7356458661417324
20
1.6229578346456692
11
5.73752062992126
21
1.6248325984251968
0
LINE
8
BLACK
6
CONTINUOUS
10
5.73752062992126
20
1.6248325984251968
11
5.7377469685039371
21
1.6250183858267717
0
LINE
8
BLACK
6
CONTINUOUS
10
5.7377469685039371
20
1.6250183858267717
11
5.7377981496062995
21
1.6250773622047243
0
LINE
8
BLACK
6
CONTINUOUS
10
5.7377981496062995
20
1.6250773622047243
11
5.7378870866141733
21
1.6251333464566928
0
LINE
8
BLACK
6
CONTINUOUS
10
5.7378870866141733
20
1.6251333464566928
11
5.7379680708661418
21
1.6251998031496062
0
LINE
8
BLACK
6
CONTINUOUS
10
5.7379680708661418
20
1.6251998031496062
11
5.7380399999999998
21
1.6252296456692914
0
LINE
8
BLACK
6
CONTINUOUS
10
5.7380399999999998
20
1.6252296456692914
11
5.7382880314960625
21
1.6253857086614172
0
LINE
8
BLACK
6
CONTINUOUS
10
5.7382880314960625
20
1.6253857086614172
11
5.7420375590551176
21
1.6272604724409447
0
LINE
8
BLACK
6
CONTINUOUS
10
5.7420375590551176
20
1.6272604724409447
11
5.7425781496062989
21
1.6274673622047244
0
LINE
8
BLACK
6
CONTINUOUS
10
5.7425781496062989
20
1.6274673622047244
11
5.742684015748031
21
1.6274749212598425
0
LINE
8
BLACK
6
CONTINUOUS
10
5.742684015748031
20
1.6274749212598425
11
5.7427820078740153
21
1.6275154724409449
0
LINE
8
BLACK
6
CONTINUOUS
10
5.7427820078740153
20
1.6275154724409449
11
5.743358070866142
21
1.6275722047244094
0
LINE
8
BLACK
6
CONTINUOUS
10
5.743358070866142
20
1.6275722047244094
11
5.7452328346456696
21
1.6275722047244094
0
LINE
8
BLACK
6
CONTINUOUS
10
5.7452328346456696
20
1.6275722047244094
11
5.7458088976377955
21
1.6275154724409449
0
LINE
8
BLACK
6
CONTINUOUS
10
5.7413576377952751
20
1.6203179527559055
11
5.7401605118110233
21
1.6191208267716535
0
LINE
8
BLACK
6
CONTINUOUS
10
5.7401605118110233
20
1.6191208267716535
11
5.7388117716535429
21
1.6164233464566928
0
LINE
8
BLACK
6
CONTINUOUS
10
5.7388117716535429
20
1.6164233464566928
11
5.7388117716535429
21
1.6103183858267716
0
LINE
8
BLACK
6
CONTINUOUS
10
5.7388117716535429
20
1.6103183858267716
11
5.7401605118110233
21
1.6076209055118109
0
LINE
8
BLACK
6
CONTINUOUS
10
5.7401605118110233
20
1.6076209055118109
11
5.7413576377952751
21
1.6064237795275591
0
LINE
8
BLACK
6
CONTINUOUS
10
5.7413576377952751
20
1.6064237795275591
11
5.7440551181102357
21
1.6050750393700788
0
LINE
8
BLACK
6
CONTINUOUS
10
5.7440551181102357
20
1.6050750393700788
11
5.744535787401575
21
1.6050750393700788
0
LINE
8
BLACK
6
CONTINUOUS
10
5.744535787401575
20
1.6050750393700788
11
5.7472332677165356
21
1.6064237795275591
0
LINE
8
BLACK
6
CONTINUOUS
10
5.7472332677165356
20
1.6064237795275591
11
5.7484303937007875
21
1.6076209055118109
0
LINE
8
BLACK
6
CONTINUOUS
10
5.7484303937007875
20
1.6076209055118109
11
5.7497791338582678
21
1.6103183858267716
0
LINE
8
BLACK
6
CONTINUOUS
10
5.7497791338582678
20
1.6103183858267716
11
5.7497791338582678
21
1.6164233464566928
0
LINE
8
BLACK
6
CONTINUOUS
10
5.7497791338582678
20
1.6164233464566928
11
5.7484303937007875
21
1.6191208267716535
0
LINE
8
BLACK
6
CONTINUOUS
10
5.7484303937007875
20
1.6191208267716535
11
5.7472332677165356
21
1.6203179527559055
0
LINE
8
BLACK
6
CONTINUOUS
10
5.7472332677165356
20
1.6203179527559055
11
5.744535787401575
21
1.6216666929133858
0
LINE
8
BLACK
6
CONTINUOUS
10
5.744535787401575
20
1.6216666929133858
11
5.7440551181102357
21
1.6216666929133858
0
LINE
8
BLACK
6
CONTINUOUS
10
5.7440551181102357
20
1.6216666929133858
11
5.7413576377952751
21
1.6203179527559055
0
LINE
8
BLACK
6
CONTINUOUS
10
5.7582305118110231
20
1.6203179527559055
11
5.7570333858267713
21
1.6191208267716535
0
LINE
8
BLACK
6
CONTINUOUS
10
5.7570333858267713
20
1.6191208267716535
11
5.7556846456692909
21
1.6164233464566928
0
LINE
8
BLACK
6
CONTINUOUS
10
5.7556846456692909
20
1.6164233464566928
11
5.7556846456692909
21
1.6103183858267716
0
LINE
8
BLACK
6
CONTINUOUS
10
5.7556846456692909
20
1.6103183858267716
11
5.7570333858267713
21
1.6076209055118109
0
LINE
8
BLACK
6
CONTINUOUS
10
5.7570333858267713
20
1.6076209055118109
11
5.7582305118110231
21
1.6064237795275591
0
LINE
8
BLACK
6
CONTINUOUS
10
5.7582305118110231
20
1.6064237795275591
11
5.7609279921259837
21
1.6050750393700788
0
LINE
8
BLACK
6
CONTINUOUS
10
5.7609279921259837
20
1.6050750393700788
11
5.7670329527559057
21
1.6050750393700788
0
LINE
8
BLACK
6
CONTINUOUS
10
5.7670329527559057
20
1.6050750393700788
11
5.7697304330708663
21
1.6064238188976379
0
LINE
8
BLACK
6
CONTINUOUS
10
5.7697304330708663
20
1.6064238188976379
11
5.7709275984251969
21
1.6076209448818897
0
LINE
8
BLACK
6
CONTINUOUS
10
5.7709275984251969
20
1.6076209448818897
11
5.7722763385826772
21
1.6103183858267716
0
LINE
8
BLACK
6
CONTINUOUS
10
5.7722763385826772
20
1.6103183858267716
11
5.7722763385826772
21
1.6164233464566928
0
LINE
8
BLACK
6
CONTINUOUS
10
5.7722763385826772
20
1.6164233464566928
11
5.7709275984251969
21
1.6191208267716535
0
LINE
8
BLACK
6
CONTINUOUS
10
5.7709275984251969
20
1.6191208267716535
11
5.7697304330708663
21
1.6203179527559055
0
LINE
8
BLACK
6
CONTINUOUS
10
5.7697304330708663
20
1.6203179527559055
11
5.7670329527559057
21
1.6216666929133858
0
LINE
8
BLACK
6
CONTINUOUS
10
5.7670329527559057
20
1.6216666929133858
11
5.7609279921259837
21
1.6216666929133858
0
LINE
8
BLACK
6
CONTINUOUS
10
5.7609279921259837
20
1.6216666929133858
11
5.7582305118110231
21
1.6203179527559055
0
LINE
8
BLACK
6
CONTINUOUS
10
5.6138293307086613
20
1.6666493307086614
11
5.6143878346456688
21
1.6666493307086614
0
LINE
8
BLACK
6
CONTINUOUS
10
5.6143878346456688
20
1.6666493307086614
11
5.6144047637795271
21
1.6666423228346456
0
LINE
8
BLACK
6
CONTINUOUS
10
5.6144047637795271
20
1.6666423228346456
11
5.6144230708661418
21
1.6666420866141731
0
LINE
8
BLACK
6
CONTINUOUS
10
5.6144230708661418
20
1.6666420866141731
11
5.6149749212598428
21
1.6664673228346456
0
LINE
8
BLACK
6
CONTINUOUS
10
5.6149749212598428
20
1.6664673228346456
11
5.6543450000000002
21
1.6495944488188976
0
LINE
8
BLACK
6
CONTINUOUS
10
5.6543450000000002
20
1.6495944488188976
11
5.6548521259842515
21
1.6493153937007874
0
LINE
8
BLACK
6
CONTINUOUS
10
5.6548521259842515
20
1.6493153937007874
11
5.6556567716535433
21
1.6484908267716536
0
LINE
8
BLACK
6
CONTINUOUS
10
5.6556567716535433
20
1.6484908267716536
11
5.6560846456692913
21
1.6474211417322835
0
LINE
8
BLACK
6
CONTINUOUS
10
5.6560846456692913
20
1.6474211417322835
11
5.6560706299212598
21
1.6462691338582678
0
LINE
8
BLACK
6
CONTINUOUS
10
5.6560706299212598
20
1.6462691338582678
11
5.655616771653543
21
1.6452101574803148
0
LINE
8
BLACK
6
CONTINUOUS
10
5.655616771653543
20
1.6452101574803148
11
5.6547922440944882
21
1.6444054724409449
0
LINE
8
BLACK
6
CONTINUOUS
10
5.6547922440944882
20
1.6444054724409449
11
5.6537225590551179
21
1.6439775984251968
0
LINE
8
BLACK
6
CONTINUOUS
10
5.6537225590551179
20
1.6439775984251968
11
5.6525705118110237
21
1.643991653543307
0
LINE
8
BLACK
6
CONTINUOUS
10
5.6525705118110237
20
1.643991653543307
11
5.6520187007874014
21
1.6441664173228345
0
LINE
8
BLACK
6
CONTINUOUS
10
5.6520187007874014
20
1.6441664173228345
11
5.616764527559055
21
1.6592753543307086
0
LINE
8
BLACK
6
CONTINUOUS
10
5.616764527559055
20
1.6592753543307086
11
5.616764527559055
21
1.6375066141732284
0
LINE
8
BLACK
6
CONTINUOUS
10
5.616764527559055
20
1.6375066141732284
11
5.6167077952755902
21
1.6369305511811023
0
LINE
8
BLACK
6
CONTINUOUS
10
5.6167077952755902
20
1.6369305511811023
11
5.6162668897637795
21
1.6358661417322835
0
LINE
8
BLACK
6
CONTINUOUS
10
5.6162668897637795
20
1.6358661417322835
11
5.6154522440944881
21
1.635051496062992
0
LINE
8
BLACK
6
CONTINUOUS
10
5.6154522440944881
20
1.635051496062992
11
5.6143878346456688
21
1.634610590551181
0
LINE
8
BLACK
6
CONTINUOUS
10
5.6143878346456688
20
1.634610590551181
11
5.6132357086614171
21
1.634610590551181
0
LINE
8
BLACK
6
CONTINUOUS
10
5.6132357086614171
20
1.634610590551181
11
5.6121712992125987
21
1.635051496062992
0
LINE
8
BLACK
6
CONTINUOUS
10
5.6121712992125987
20
1.635051496062992
11
5.6113566535433073
21
1.6358661417322835
0
LINE
8
BLACK
6
CONTINUOUS
10
5.6113566535433073
20
1.6358661417322835
11
5.6109157480314957
21
1.6369305511811023
0
LINE
8
BLACK
6
CONTINUOUS
10
5.6109157480314957
20
1.6369305511811023
11
5.6108590157480318
21
1.6375066141732284
0
LINE
8
BLACK
6
CONTINUOUS
10
5.6108590157480318
20
1.6375066141732284
11
5.6108590157480318
21
1.6637533070866142
0
LINE
8
BLACK
6
CONTINUOUS
10
5.6108590157480318
20
1.6637533070866142
11
5.6109157480314957
21
1.66432937007874
0
LINE
8
BLACK
6
CONTINUOUS
10
5.6109157480314957
20
1.66432937007874
11
5.6109227559055119
21
1.6643463385826771
0
LINE
8
BLACK
6
CONTINUOUS
10
5.6109227559055119
20
1.6643463385826771
11
5.6109229921259844
21
1.6643646062992126
0
LINE
8
BLACK
6
CONTINUOUS
10
5.6109229921259844
20
1.6643646062992126
11
5.6111429921259841
21
1.6648780314960629
0
LINE
8
BLACK
6
CONTINUOUS
10
5.6111429921259841
20
1.6648780314960629
11
5.6113566535433073
21
1.6653937795275591
0
LINE
8
BLACK
6
CONTINUOUS
10
5.6113566535433073
20
1.6653937795275591
11
5.6113695669291337
21
1.6654067322834645
0
LINE
8
BLACK
6
CONTINUOUS
10
5.6113695669291337
20
1.6654067322834645
11
5.6113768110236215
21
1.6654235826771653
0
LINE
8
BLACK
6
CONTINUOUS
10
5.6113768110236215
20
1.6654235826771653
11
5.6117768110236224
21
1.6658139763779527
0
LINE
8
BLACK
6
CONTINUOUS
10
5.6117768110236224
20
1.6658139763779527
11
5.6121712992125987
21
1.6662084251968503
0
LINE
8
BLACK
6
CONTINUOUS
10
5.6121712992125987
20
1.6662084251968503
11
5.6121882283464561
21
1.6662154724409448
0
LINE
8
BLACK
6
CONTINUOUS
10
5.6121882283464561
20
1.6662154724409448
11
5.612201377952756
21
1.6662282677165354
0
LINE
8
BLACK
6
CONTINUOUS
10
5.612201377952756
20
1.6662282677165354
11
5.6127203543307083
21
1.666435905511811
0
LINE
8
BLACK
6
CONTINUOUS
10
5.6127203543307083
20
1.666435905511811
11
5.6132357086614171
21
1.6666493307086614
0
LINE
8
BLACK
6
CONTINUOUS
10
5.6132357086614171
20
1.6666493307086614
11
5.6132540551181105
21
1.6666493307086614
0
LINE
8
BLACK
6
CONTINUOUS
10
5.6132540551181105
20
1.6666493307086614
11
5.6132710629921254
21
1.6666561417322834
0
LINE
8
BLACK
6
CONTINUOUS
10
5.6132710629921254
20
1.6666561417322834
11
5.6138293307086613
21
1.6666493307086614
0
LINE
8
BLACK
6
CONTINUOUS
10
5.7683060629921261
20
1.6650107874015747
11
5.7684040551181104
21
1.6649701968503936
0
LINE
8
BLACK
6
CONTINUOUS
10
5.7684040551181104
20
1.6649701968503936
11
5.7685098818897638
21
1.6649626771653543
0
LINE
8
BLACK
6
CONTINUOUS
10
5.7685098818897638
20
1.6649626771653543
11
5.7690505118110238
21
1.6647557874015748
0
LINE
8
BLACK
6
CONTINUOUS
10
5.7690505118110238
20
1.6647557874015748
11
5.7728000393700789
21
1.6628810236220473
0
LINE
8
BLACK
6
CONTINUOUS
10
5.7728000393700789
20
1.6628810236220473
11
5.7730479133858266
21
1.662725
0
LINE
8
BLACK
6
CONTINUOUS
10
5.7730479133858266
20
1.662725
11
5.7731199606299208
21
1.6626951574803148
0
LINE
8
BLACK
6
CONTINUOUS
10
5.7731199606299208
20
1.6626951574803148
11
5.773200984251968
21
1.6626286614173229
0
LINE
8
BLACK
6
CONTINUOUS
10
5.773200984251968
20
1.6626286614173229
11
5.7732899212598427
21
1.6625726771653544
0
LINE
8
BLACK
6
CONTINUOUS
10
5.7732899212598427
20
1.6625726771653544
11
5.7733410629921256
21
1.6625137007874016
0
LINE
8
BLACK
6
CONTINUOUS
10
5.7733410629921256
20
1.6625137007874016
11
5.7735674015748026
21
1.6623279527559054
0
LINE
8
BLACK
6
CONTINUOUS
10
5.7735674015748026
20
1.6623279527559054
11
5.7754422047244089
21
1.6604531889763778
0
LINE
8
BLACK
6
CONTINUOUS
10
5.7754422047244089
20
1.6604531889763778
11
5.7756279527559053
21
1.6602268503937008
0
LINE
8
BLACK
6
CONTINUOUS
10
5.7756279527559053
20
1.6602268503937008
11
5.7756870078740157
21
1.6601756299212598
0
LINE
8
BLACK
6
CONTINUOUS
10
5.7756870078740157
20
1.6601756299212598
11
5.7757429921259842
21
1.6600866929133857
0
LINE
8
BLACK
6
CONTINUOUS
10
5.7757429921259842
20
1.6600866929133857
11
5.7758094488188974
21
1.6600057086614173
0
LINE
8
BLACK
6
CONTINUOUS
10
5.7758094488188974
20
1.6600057086614173
11
5.7758392519685042
21
1.6599337795275591
0
LINE
8
BLACK
6
CONTINUOUS
10
5.7758392519685042
20
1.6599337795275591
11
5.7759953543307088
21
1.6596857480314959
0
LINE
8
BLACK
6
CONTINUOUS
10
5.7759953543307088
20
1.6596857480314959
11
5.7778701181102363
21
1.6559362204724408
0
LINE
8
BLACK
6
CONTINUOUS
10
5.7778701181102363
20
1.6559362204724408
11
5.7780770078740158
21
1.6553956299212598
0
LINE
8
BLACK
6
CONTINUOUS
10
5.7780770078740158
20
1.6553956299212598
11
5.7780845275590549
21
1.6552897637795274
0
LINE
8
BLACK
6
CONTINUOUS
10
5.7780845275590549
20
1.6552897637795274
11
5.7781251181102364
21
1.6551917716535434
0
LINE
8
BLACK
6
CONTINUOUS
10
5.7781251181102364
20
1.6551917716535434
11
5.7781818503937004
21
1.6546157086614173
0
LINE
8
BLACK
6
CONTINUOUS
10
5.7781818503937004
20
1.6546157086614173
11
5.7781818503937004
21
1.6452418897637795
0
LINE
8
BLACK
6
CONTINUOUS
10
5.7781818503937004
20
1.6452418897637795
11
5.7781251181102364
21
1.6446658267716534
0
LINE
8
BLACK
6
CONTINUOUS
10
5.7781251181102364
20
1.6446658267716534
11
5.7780845275590549
21
1.6445678740157479
0
LINE
8
BLACK
6
CONTINUOUS
10
5.7780845275590549
20
1.6445678740157479
11
5.7780770078740158
21
1.644461968503937
0
LINE
8
BLACK
6
CONTINUOUS
10
5.7780770078740158
20
1.644461968503937
11
5.7778701181102363
21
1.6439213779527559
0
LINE
8
BLACK
6
CONTINUOUS
10
5.7778701181102363
20
1.6439213779527559
11
5.7759953543307088
21
1.6401718503937008
0
LINE
8
BLACK
6
CONTINUOUS
10
5.7759953543307088
20
1.6401718503937008
11
5.7758392519685042
21
1.6399238582677165
0
LINE
8
BLACK
6
CONTINUOUS
10
5.7758392519685042
20
1.6399238582677165
11
5.7758094488188974
21
1.6398518897637795
0
LINE
8
BLACK
6
CONTINUOUS
10
5.7758094488188974
20
1.6398518897637795
11
5.7757429921259842
21
1.6397709448818898
0
LINE
8
BLACK
6
CONTINUOUS
10
5.7757429921259842
20
1.6397709448818898
11
5.7756870078740157
21
1.639681968503937
0
LINE
8
BLACK
6
CONTINUOUS
10
5.7756870078740157
20
1.639681968503937
11
5.7756279527559053
21
1.6396307874015748
0
LINE
8
BLACK
6
CONTINUOUS
10
5.7756279527559053
20
1.6396307874015748
11
5.7754422047244089
21
1.6394044094488189
0
LINE
8
BLACK
6
CONTINUOUS
10
5.7754422047244089
20
1.6394044094488189
11
5.7735674015748026
21
1.6375296456692914
0
LINE
8
BLACK
6
CONTINUOUS
10
5.7735674015748026
20
1.6375296456692914
11
5.7731199606299208
21
1.6371624409448819
0
LINE
8
BLACK
6
CONTINUOUS
10
5.7731199606299208
20
1.6371624409448819
11
5.7720555511811025
21
1.6367215748031496
0
LINE
8
BLACK
6
CONTINUOUS
10
5.7720555511811025
20
1.6367215748031496
11
5.7709034645669286
21
1.6367215748031496
0
LINE
8
BLACK
6
CONTINUOUS
10
5.7709034645669286
20
1.6367215748031496
11
5.7698390551181102
21
1.6371624803149607
0
LINE
8
BLACK
6
CONTINUOUS
10
5.7698390551181102
20
1.6371624803149607
11
5.76902437007874
21
1.6379771653543307
0
LINE
8
BLACK
6
CONTINUOUS
10
5.76902437007874
20
1.6379771653543307
11
5.7685835039370081
21
1.6390415748031495
0
LINE
8
BLACK
6
CONTINUOUS
10
5.7685835039370081
20
1.6390415748031495
11
5.7685835039370081
21
1.6401936614173227
0
LINE
8
BLACK
6
CONTINUOUS
10
5.7685835039370081
20
1.6401936614173227
11
5.7690244094488188
21
1.6412580708661417
0
LINE
8
BLACK
6
CONTINUOUS
10
5.7690244094488188
20
1.6412580708661417
11
5.7693916535433072
21
1.6417055511811023
0
LINE
8
BLACK
6
CONTINUOUS
10
5.7693916535433072
20
1.6417055511811023
11
5.7709275984251969
21
1.6432414960629922
0
LINE
8
BLACK
6
CONTINUOUS
10
5.7709275984251969
20
1.6432414960629922
11
5.7722763385826772
21
1.6459389370078741
0
LINE
8
BLACK
6
CONTINUOUS
10
5.7722763385826772
20
1.6459389370078741
11
5.7722763385826772
21
1.6539186614173227
0
LINE
8
BLACK
6
CONTINUOUS
10
5.7722763385826772
20
1.6539186614173227
11
5.7709275984251969
21
1.6566161417322833
0
LINE
8
BLACK
6
CONTINUOUS
10
5.7709275984251969
20
1.6566161417322833
11
5.7697304330708663
21
1.6578132677165354
0
LINE
8
BLACK
6
CONTINUOUS
10
5.7697304330708663
20
1.6578132677165354
11
5.7670329527559057
21
1.6591620078740157
0
LINE
8
BLACK
6
CONTINUOUS
10
5.7670329527559057
20
1.6591620078740157
11
5.7590532283464562
21
1.6591620078740157
0
LINE
8
BLACK
6
CONTINUOUS
10
5.7590532283464562
20
1.6591620078740157
11
5.7563557480314955
21
1.6578132677165354
0
LINE
8
BLACK
6
CONTINUOUS
10
5.7563557480314955
20
1.6578132677165354
11
5.7551586220472437
21
1.6566161417322833
0
LINE
8
BLACK
6
CONTINUOUS
10
5.7551586220472437
20
1.6566161417322833
11
5.7538098818897634
21
1.6539186614173227
0
LINE
8
BLACK
6
CONTINUOUS
10
5.7538098818897634
20
1.6539186614173227
11
5.7538098818897634
21
1.6459389370078741
0
LINE
8
BLACK
6
CONTINUOUS
10
5.7538098818897634
20
1.6459389370078741
11
5.7551586220472437
21
1.6432414566929134
0
LINE
8
BLACK
6
CONTINUOUS
10
5.7551586220472437
20
1.6432414566929134
11
5.7566945669291334
21
1.6417055118110235
0
LINE
8
BLACK
6
CONTINUOUS
10
5.7566945669291334
20
1.6417055118110235
11
5.757061771653543
21
1.6412580708661417
0
LINE
8
BLACK
6
CONTINUOUS
10
5.757061771653543
20
1.6412580708661417
11
5.7571186614173229
21
1.641120748031496
0
LINE
8
BLACK
6
CONTINUOUS
10
5.7571186614173229
20
1.641120748031496
11
5.757212834645669
21
1.6410056299212599
0
LINE
8
BLACK
6
CONTINUOUS
10
5.757212834645669
20
1.6410056299212599
11
5.7573375196850396
21
1.6405923622047243
0
LINE
8
BLACK
6
CONTINUOUS
10
5.7573375196850396
20
1.6405923622047243
11
5.7575026771653546
21
1.6401936614173227
0
LINE
8
BLACK
6
CONTINUOUS
10
5.7575026771653546
20
1.6401936614173227
11
5.7575026771653546
21
1.640045
0
LINE
8
BLACK
6
CONTINUOUS
10
5.7575026771653546
20
1.640045
11
5.7575456299212595
21
1.6399026377952755
0
LINE
8
BLACK
6
CONTINUOUS
10
5.7575456299212595
20
1.6399026377952755
11
5.7575026771653546
21
1.6394731496062991
0
LINE
8
BLACK
6
CONTINUOUS
10
5.7575026771653546
20
1.6394731496062991
11
5.7575026771653546
21
1.6390415748031495
0
LINE
8
BLACK
6
CONTINUOUS
10
5.7575026771653546
20
1.6390415748031495
11
5.757445748031496
21
1.638904251968504
0
LINE
8
BLACK
6
CONTINUOUS
10
5.757445748031496
20
1.638904251968504
11
5.7574309842519682
21
1.6387562204724408
0
LINE
8
BLACK
6
CONTINUOUS
10
5.7574309842519682
20
1.6387562204724408
11
5.7572268503937005
21
1.6383757874015747
0
LINE
8
BLACK
6
CONTINUOUS
10
5.7572268503937005
20
1.6383757874015747
11
5.757061771653543
21
1.6379771653543307
0
LINE
8
BLACK
6
CONTINUOUS
10
5.757061771653543
20
1.6379771653543307
11
5.7569566141732285
21
1.6378720472440944
0
LINE
8
BLACK
6
CONTINUOUS
10
5.7569566141732285
20
1.6378720472440944
11
5.7568863385826772
21
1.6377409842519686
0
LINE
8
BLACK
6
CONTINUOUS
10
5.7568863385826772
20
1.6377409842519686
11
5.7565521259842516
21
1.637467559055118
0
LINE
8
BLACK
6
CONTINUOUS
10
5.7565521259842516
20
1.637467559055118
11
5.7562470866141728
21
1.6371624803149607
0
LINE
8
BLACK
6
CONTINUOUS
10
5.7562470866141728
20
1.6371624803149607
11
5.7561098031496059
21
1.6371056299212599
0
LINE
8
BLACK
6
CONTINUOUS
10
5.7561098031496059
20
1.6371056299212599
11
5.7559946850393695
21
1.6370114173228345
0
LINE
8
BLACK
6
CONTINUOUS
10
5.7559946850393695
20
1.6370114173228345
11
5.7555812598425193
21
1.6368866929133858
0
LINE
8
BLACK
6
CONTINUOUS
10
5.7555812598425193
20
1.6368866929133858
11
5.7551826771653545
21
1.6367215748031496
0
LINE
8
BLACK
6
CONTINUOUS
10
5.7551826771653545
20
1.6367215748031496
11
5.7550340551181103
21
1.6367215748031496
0
LINE
8
BLACK
6
CONTINUOUS
10
5.7550340551181103
20
1.6367215748031496
11
5.754891692913386
21
1.636678622047244
0
LINE
8
BLACK
6
CONTINUOUS
10
5.754891692913386
20
1.636678622047244
11
5.7543128346456696
21
1.6366794881889764
0
LINE
8
BLACK
6
CONTINUOUS
10
5.7543128346456696
20
1.6366794881889764
11
5.735565196850394
21
1.6385542519685039
0
LINE
8
BLACK
6
CONTINUOUS
10
5.735565196850394
20
1.6385542519685039
11
5.7353552755905515
21
1.6385963385826772
0
LINE
8
BLACK
6
CONTINUOUS
10
5.7353552755905515
20
1.6385963385826772
11
5.7352829527559051
21
1.6385963385826772
0
LINE
8
BLACK
6
CONTINUOUS
10
5.7352829527559051
20
1.6385963385826772
11
5.7352151181102364
21
1.6386244488188977
0
LINE
8
BLACK
6
CONTINUOUS
10
5.7352151181102364
20
1.6386244488188977
11
5.7349976377952752
21
1.6386680314960629
0
LINE
8
BLACK
6
CONTINUOUS
10
5.7349976377952752
20
1.6386680314960629
11
5.7346173228346453
21
1.6388720866141733
0
LINE
8
BLACK
6
CONTINUOUS
10
5.7346173228346453
20
1.6388720866141733
11
5.7342185433070867
21
1.6390372440944883
0
LINE
8
BLACK
6
CONTINUOUS
10
5.7342185433070867
20
1.6390372440944883
11
5.7341133464566925
21
1.6391424409448818
0
LINE
8
BLACK
6
CONTINUOUS
10
5.7341133464566925
20
1.6391424409448818
11
5.7339824015748029
21
1.6392126771653543
0
LINE
8
BLACK
6
CONTINUOUS
10
5.7339824015748029
20
1.6392126771653543
11
5.7337091338582677
21
1.639546653543307
0
LINE
8
BLACK
6
CONTINUOUS
10
5.7337091338582677
20
1.639546653543307
11
5.7334038976377952
21
1.6398518897637795
0
LINE
8
BLACK
6
CONTINUOUS
10
5.7334038976377952
20
1.6398518897637795
11
5.7333469685039367
21
1.639989251968504
0
LINE
8
BLACK
6
CONTINUOUS
10
5.7333469685039367
20
1.639989251968504
11
5.7332528346456693
21
1.6401043307086614
0
LINE
8
BLACK
6
CONTINUOUS
10
5.7332528346456693
20
1.6401043307086614
11
5.7331281102362199
21
1.6405176377952755
0
LINE
8
BLACK
6
CONTINUOUS
10
5.7331281102362199
20
1.6405176377952755
11
5.7329629921259837
21
1.6409162992125983
0
LINE
8
BLACK
6
CONTINUOUS
10
5.7329629921259837
20
1.6409162992125983
11
5.7329412204724406
21
1.6411370078740157
0
LINE
8
BLACK
6
CONTINUOUS
10
5.7329412204724406
20
1.6411370078740157
11
5.7329200393700788
21
1.6412073228346455
0
LINE
8
BLACK
6
CONTINUOUS
10
5.7329200393700788
20
1.6412073228346455
11
5.7329272047244091
21
1.6412793307086613
0
LINE
8
BLACK
6
CONTINUOUS
10
5.7329272047244091
20
1.6412793307086613
11
5.7329062598425198
21
1.6414923622047244
0
LINE
8
BLACK
6
CONTINUOUS
10
5.7329062598425198
20
1.6414923622047244
11
5.7329062598425198
21
1.6602399999999999
0
LINE
8
BLACK
6
CONTINUOUS
10
5.7329062598425198
20
1.6602399999999999
11
5.7329629921259837
21
1.660816062992126
0
LINE
8
BLACK
6
CONTINUOUS
10
5.7329629921259837
20
1.660816062992126
11
5.7334038976377952
21
1.6618804724409448
0
LINE
8
BLACK
6
CONTINUOUS
10
5.7334038976377952
20
1.6618804724409448
11
5.7342185433070867
21
1.6626951181102363
0
LINE
8
BLACK
6
CONTINUOUS
10
5.7342185433070867
20
1.6626951181102363
11
5.7352829527559051
21
1.6631360236220472
0
LINE
8
BLACK
6
CONTINUOUS
10
5.7352829527559051
20
1.6631360236220472
11
5.7364350787401577
21
1.6631360236220472
0
LINE
8
BLACK
6
CONTINUOUS
10
5.7364350787401577
20
1.6631360236220472
11
5.737499488188976
21
1.6626951181102363
0
LINE
8
BLACK
6
CONTINUOUS
10
5.737499488188976
20
1.6626951181102363
11
5.7383141338582675
21
1.6618804724409448
0
LINE
8
BLACK
6
CONTINUOUS
10
5.7383141338582675
20
1.6618804724409448
11
5.738755039370079
21
1.660816062992126
0
LINE
8
BLACK
6
CONTINUOUS
10
5.738755039370079
20
1.660816062992126
11
5.7388117716535429
21
1.6602399999999999
0
LINE
8
BLACK
6
CONTINUOUS
10
5.7388117716535429
20
1.6602399999999999
11
5.7388117716535429
21
1.6441646062992126
0
LINE
8
BLACK
6
CONTINUOUS
10
5.7388117716535429
20
1.6441646062992126
11
5.7485830314960626
21
1.6431874803149606
0
LINE
8
BLACK
6
CONTINUOUS
10
5.7485830314960626
20
1.6431874803149606
11
5.7482161023622043
21
1.6439213779527559
0
LINE
8
BLACK
6
CONTINUOUS
10
5.7482161023622043
20
1.6439213779527559
11
5.7480092125984248
21
1.6444620078740158
0
LINE
8
BLACK
6
CONTINUOUS
10
5.7480092125984248
20
1.6444620078740158
11
5.7480016929133857
21
1.6445678346456694
0
LINE
8
BLACK
6
CONTINUOUS
10
5.7480016929133857
20
1.6445678346456694
11
5.747961102362205
21
1.6446658267716534
0
LINE
8
BLACK
6
CONTINUOUS
10
5.747961102362205
20
1.6446658267716534
11
5.7479043700787402
21
1.6452418897637795
0
LINE
8
BLACK
6
CONTINUOUS
10
5.7479043700787402
20
1.6452418897637795
11
5.7479043700787402
21
1.6546157086614173
0
LINE
8
BLACK
6
CONTINUOUS
10
5.7479043700787402
20
1.6546157086614173
11
5.747961102362205
21
1.6551917716535434
0
LINE
8
BLACK
6
CONTINUOUS
10
5.747961102362205
20
1.6551917716535434
11
5.7480016929133857
21
1.6552898031496062
0
LINE
8
BLACK
6
CONTINUOUS
10
5.7480016929133857
20
1.6552898031496062
11
5.7480092125984248
21
1.655395590551181
0
LINE
8
BLACK
6
CONTINUOUS
10
5.7480092125984248
20
1.655395590551181
11
5.7482161023622043
21
1.6559362204724408
0
LINE
8
BLACK
6
CONTINUOUS
10
5.7482161023622043
20
1.6559362204724408
11
5.7500908661417318
21
1.6596857480314959
0
LINE
8
BLACK
6
CONTINUOUS
10
5.7500908661417318
20
1.6596857480314959
11
5.7502469291338585
21
1.6599337795275591
0
LINE
8
BLACK
6
CONTINUOUS
10
5.7502469291338585
20
1.6599337795275591
11
5.7502767716535432
21
1.6600057086614173
0
LINE
8
BLACK
6
CONTINUOUS
10
5.7502767716535432
20
1.6600057086614173
11
5.7503432283464564
21
1.6600866929133857
0
LINE
8
BLACK
6
CONTINUOUS
10
5.7503432283464564
20
1.6600866929133857
11
5.7503992125984249
21
1.6601756299212598
0
LINE
8
BLACK
6
CONTINUOUS
10
5.7503992125984249
20
1.6601756299212598
11
5.7504581889763777
21
1.660226811023622
0
LINE
8
BLACK
6
CONTINUOUS
10
5.7504581889763777
20
1.660226811023622
11
5.7506439763779529
21
1.6604531496062991
0
LINE
8
BLACK
6
CONTINUOUS
10
5.7506439763779529
20
1.6604531496062991
11
5.7525187401574804
21
1.6623279133858266
0
LINE
8
BLACK
6
CONTINUOUS
10
5.7525187401574804
20
1.6623279133858266
11
5.7527450787401575
21
1.6625137007874016
0
LINE
8
BLACK
6
CONTINUOUS
10
5.7527450787401575
20
1.6625137007874016
11
5.75279625984252
21
1.6625726771653544
0
LINE
8
BLACK
6
CONTINUOUS
10
5.75279625984252
20
1.6625726771653544
11
5.7528851968503938
21
1.6626286614173229
0
LINE
8
BLACK
6
CONTINUOUS
10
5.7528851968503938
20
1.6626286614173229
11
5.7529661811023622
21
1.6626951181102363
0
LINE
8
BLACK
6
CONTINUOUS
10
5.7529661811023622
20
1.6626951181102363
11
5.7530381102362202
21
1.6627249606299213
0
LINE
8
BLACK
6
CONTINUOUS
10
5.7530381102362202
20
1.6627249606299213
11
5.7532861417322829
21
1.6628810236220473
0
LINE
8
BLACK
6
CONTINUOUS
10
5.7532861417322829
20
1.6628810236220473
11
5.757035669291338
21
1.6647557874015748
0
LINE
8
BLACK
6
CONTINUOUS
10
5.757035669291338
20
1.6647557874015748
11
5.7575762598425193
21
1.6649626771653543
0
LINE
8
BLACK
6
CONTINUOUS
10
5.7575762598425193
20
1.6649626771653543
11
5.7576821259842514
21
1.6649702362204724
0
LINE
8
BLACK
6
CONTINUOUS
10
5.7576821259842514
20
1.6649702362204724
11
5.7577801181102357
21
1.6650107874015747
0
LINE
8
BLACK
6
CONTINUOUS
10
5.7577801181102357
20
1.6650107874015747
11
5.7583561811023625
21
1.6650675196850393
0
LINE
8
BLACK
6
CONTINUOUS
10
5.7583561811023625
20
1.6650675196850393
11
5.7677300000000002
21
1.6650675196850393
0
LINE
8
BLACK
6
CONTINUOUS
10
5.7677300000000002
20
1.6650675196850393
11
5.7683060629921261
21
1.6650107874015747
0
LINE
8
BLACK
6
CONTINUOUS
10
5.6253518897637793
20
1.7022979133858267
11
5.6254296456692909
21
1.7023034251968503
0
LINE
8
BLACK
6
CONTINUOUS
10
5.6254296456692909
20
1.7023034251968503
11
5.6255318897637796
21
1.7022801968503936
0
LINE
8
BLACK
6
CONTINUOUS
10
5.6255318897637796
20
1.7022801968503936
11
5.6256364173228341
21
1.7022698818897637
0
LINE
8
BLACK
6
CONTINUOUS
10
5.6256364173228341
20
1.7022698818897637
11
5.6257085039370081
21
1.7022400393700787
0
LINE
8
BLACK
6
CONTINUOUS
10
5.6257085039370081
20
1.7022400393700787
11
5.6259940944881892
21
1.7021750787401575
0
LINE
8
BLACK
6
CONTINUOUS
10
5.6259940944881892
20
1.7021750787401575
11
5.6316183858267719
21
1.7003003149606299
0
LINE
8
BLACK
6
CONTINUOUS
10
5.6316183858267719
20
1.7003003149606299
11
5.6321469291338584
21
1.7000643307086614
0
LINE
8
BLACK
6
CONTINUOUS
10
5.6321469291338584
20
1.7000643307086614
11
5.6322270472440943
21
1.6999948425196849
0
LINE
8
BLACK
6
CONTINUOUS
10
5.6322270472440943
20
1.6999948425196849
11
5.6323251181102361
21
1.6999542125984251
0
LINE
8
BLACK
6
CONTINUOUS
10
5.6323251181102361
20
1.6999542125984251
11
5.6327725590551179
21
1.6995870078740156
0
LINE
8
BLACK
6
CONTINUOUS
10
5.6327725590551179
20
1.6995870078740156
11
5.6502290944881892
21
1.6821305118110237
0
LINE
8
BLACK
6
CONTINUOUS
10
5.6502290944881892
20
1.6821305118110237
11
5.6502290944881892
21
1.6993738582677165
0
LINE
8
BLACK
6
CONTINUOUS
10
5.6502290944881892
20
1.6993738582677165
11
5.6502858267716531
21
1.6999499212598426
0
LINE
8
BLACK
6
CONTINUOUS
10
5.6502858267716531
20
1.6999499212598426
11
5.6507267322834647
21
1.7010143307086614
0
LINE
8
BLACK
6
CONTINUOUS
10
5.6507267322834647
20
1.7010143307086614
11
5.6515413779527561
21
1.7018289763779526
0
LINE
8
BLACK
6
CONTINUOUS
10
5.6515413779527561
20
1.7018289763779526
11
5.6526057874015745
21
1.7022698818897637
0
LINE
8
BLACK
6
CONTINUOUS
10
5.6526057874015745
20
1.7022698818897637
11
5.6537579133858262
21
1.7022698818897637
0
LINE
8
BLACK
6
CONTINUOUS
10
5.6537579133858262
20
1.7022698818897637
11
5.6548223228346455
21
1.7018289763779526
0
LINE
8
BLACK
6
CONTINUOUS
10
5.6548223228346455
20
1.7018289763779526
11
5.6556369685039369
21
1.7010143307086614
0
LINE
8
BLACK
6
CONTINUOUS
10
5.6556369685039369
20
1.7010143307086614
11
5.6560778740157476
21
1.6999499212598426
0
LINE
8
BLACK
6
CONTINUOUS
10
5.6560778740157476
20
1.6999499212598426
11
5.6561346062992124
21
1.6993738582677165
0
LINE
8
BLACK
6
CONTINUOUS
10
5.6561346062992124
20
1.6993738582677165
11
5.6561346062992124
21
1.6750019291338583
0
LINE
8
BLACK
6
CONTINUOUS
10
5.6561346062992124
20
1.6750019291338583
11
5.6560778740157476
21
1.6744258661417322
0
LINE
8
BLACK
6
CONTINUOUS
10
5.6560778740157476
20
1.6744258661417322
11
5.6559487401574806
21
1.6741141338582677
0
LINE
8
BLACK
6
CONTINUOUS
10
5.6559487401574806
20
1.6741141338582677
11
5.6556370078740157
21
1.6733614566929134
0
LINE
8
BLACK
6
CONTINUOUS
10
5.6556370078740157
20
1.6733614566929134
11
5.6548223228346455
21
1.6725468110236219
0
LINE
8
BLACK
6
CONTINUOUS
10
5.6548223228346455
20
1.6725468110236219
11
5.6537579133858262
21
1.672105905511811
0
LINE
8
BLACK
6
CONTINUOUS
10
5.6537579133858262
20
1.672105905511811
11
5.6526058267716532
21
1.672105905511811
0
LINE
8
BLACK
6
CONTINUOUS
10
5.6526058267716532
20
1.672105905511811
11
5.6526057874015745
21
1.672105905511811
0
LINE
8
BLACK
6
CONTINUOUS
10
5.6526057874015745
20
1.672105905511811
11
5.6522940157480317
21
1.6722350393700787
0
LINE
8
BLACK
6
CONTINUOUS
10
5.6522940157480317
20
1.6722350393700787
11
5.6515413779527561
21
1.6725467716535434
0
LINE
8
BLACK
6
CONTINUOUS
10
5.6515413779527561
20
1.6725467716535434
11
5.6510939370078743
21
1.6729140157480316
0
LINE
8
BLACK
6
CONTINUOUS
10
5.6510939370078743
20
1.6729140157480316
11
5.6290896062992122
21
1.6949183070866141
0
LINE
8
BLACK
6
CONTINUOUS
10
5.6290896062992122
20
1.6949183070866141
11
5.6245812204724412
21
1.6964211023622047
0
LINE
8
BLACK
6
CONTINUOUS
10
5.6245812204724412
20
1.6964211023622047
11
5.6220078740157478
21
1.6964211023622047
0
LINE
8
BLACK
6
CONTINUOUS
10
5.6220078740157478
20
1.6964211023622047
11
5.6193103937007871
21
1.6950723622047243
0
LINE
8
BLACK
6
CONTINUOUS
10
5.6193103937007871
20
1.6950723622047243
11
5.6181132677165353
21
1.6938752362204723
0
LINE
8
BLACK
6
CONTINUOUS
10
5.6181132677165353
20
1.6938752362204723
11
5.616764527559055
21
1.6911777559055117
0
LINE
8
BLACK
6
CONTINUOUS
10
5.616764527559055
20
1.6911777559055117
11
5.616764527559055
21
1.6831980314960631
0
LINE
8
BLACK
6
CONTINUOUS
10
5.616764527559055
20
1.6831980314960631
11
5.6181132677165353
21
1.6805005511811024
0
LINE
8
BLACK
6
CONTINUOUS
10
5.6181132677165353
20
1.6805005511811024
11
5.619649212598425
21
1.6789646062992125
0
LINE
8
BLACK
6
CONTINUOUS
10
5.619649212598425
20
1.6789646062992125
11
5.6200164173228346
21
1.6785171653543307
0
LINE
8
BLACK
6
CONTINUOUS
10
5.6200164173228346
20
1.6785171653543307
11
5.6204573228346453
21
1.6774527559055117
0
LINE
8
BLACK
6
CONTINUOUS
10
5.6204573228346453
20
1.6774527559055117
11
5.6204573228346453
21
1.6763006692913385
0
LINE
8
BLACK
6
CONTINUOUS
10
5.6204573228346453
20
1.6763006692913385
11
5.6200164173228346
21
1.6752362598425197
0
LINE
8
BLACK
6
CONTINUOUS
10
5.6200164173228346
20
1.6752362598425197
11
5.6192017322834644
21
1.6744215748031495
0
LINE
8
BLACK
6
CONTINUOUS
10
5.6192017322834644
20
1.6744215748031495
11
5.6181373228346452
21
1.6739806692913386
0
LINE
8
BLACK
6
CONTINUOUS
10
5.6181373228346452
20
1.6739806692913386
11
5.6169852362204722
21
1.6739806692913386
0
LINE
8
BLACK
6
CONTINUOUS
10
5.6169852362204722
20
1.6739806692913386
11
5.6159208267716538
21
1.6744215748031495
0
LINE
8
BLACK
6
CONTINUOUS
10
5.6159208267716538
20
1.6744215748031495
11
5.6154733858267711
21
1.6747887795275591
0
LINE
8
BLACK
6
CONTINUOUS
10
5.6154733858267711
20
1.6747887795275591
11
5.6135986220472436
21
1.6766635433070867
0
LINE
8
BLACK
6
CONTINUOUS
10
5.6135986220472436
20
1.6766635433070867
11
5.6134128346456693
21
1.6768899212598425
0
LINE
8
BLACK
6
CONTINUOUS
10
5.6134128346456693
20
1.6768899212598425
11
5.6133538582677165
21
1.676941062992126
0
LINE
8
BLACK
6
CONTINUOUS
10
5.6133538582677165
20
1.676941062992126
11
5.613297874015748
21
1.6770300393700788
0
LINE
8
BLACK
6
CONTINUOUS
10
5.613297874015748
20
1.6770300393700788
11
5.6132314173228348
21
1.6771109842519685
0
LINE
8
BLACK
6
CONTINUOUS
10
5.6132314173228348
20
1.6771109842519685
11
5.6132015748031492
21
1.6771829527559055
0
LINE
8
BLACK
6
CONTINUOUS
10
5.6132015748031492
20
1.6771829527559055
11
5.6130455118110234
21
1.6774309448818898
0
LINE
8
BLACK
6
CONTINUOUS
10
5.6130455118110234
20
1.6774309448818898
11
5.6111707480314958
21
1.6811804724409449
0
LINE
8
BLACK
6
CONTINUOUS
10
5.6111707480314958
20
1.6811804724409449
11
5.6109638582677164
21
1.6817211023622047
0
LINE
8
BLACK
6
CONTINUOUS
10
5.6109638582677164
20
1.6817211023622047
11
5.6109563385826773
21
1.6818269291338583
0
LINE
8
BLACK
6
CONTINUOUS
10
5.6109563385826773
20
1.6818269291338583
11
5.6109157480314957
21
1.6819249212598424
0
LINE
8
BLACK
6
CONTINUOUS
10
5.6109157480314957
20
1.6819249212598424
11
5.6108590157480318
21
1.6825009842519685
0
LINE
8
BLACK
6
CONTINUOUS
10
5.6108590157480318
20
1.6825009842519685
11
5.6108590157480318
21
1.6918748031496063
0
LINE
8
BLACK
6
CONTINUOUS
10
5.6108590157480318
20
1.6918748031496063
11
5.6109157480314957
21
1.6924508661417323
0
LINE
8
BLACK
6
CONTINUOUS
10
5.6109157480314957
20
1.6924508661417323
11
5.6109563385826773
21
1.6925488976377951
0
LINE
8
BLACK
6
CONTINUOUS
10
5.6109563385826773
20
1.6925488976377951
11
5.6109638582677164
21
1.69265468503937
0
LINE
8
BLACK
6
CONTINUOUS
10
5.6109638582677164
20
1.69265468503937
11
5.6111707480314958
21
1.6931953149606298
0
LINE
8
BLACK
6
CONTINUOUS
10
5.6111707480314958
20
1.6931953149606298
11
5.6130455118110234
21
1.6969448425196849
0
LINE
8
BLACK
6
CONTINUOUS
10
5.6130455118110234
20
1.6969448425196849
11
5.6132015748031492
21
1.697192874015748
0
LINE
8
BLACK
6
CONTINUOUS
10
5.6132015748031492
20
1.697192874015748
11
5.6132314173228348
21
1.6972648031496063
0
LINE
8
BLACK
6
CONTINUOUS
10
5.6132314173228348
20
1.6972648031496063
11
5.613297874015748
21
1.6973457874015747
0
LINE
8
BLACK
6
CONTINUOUS
10
5.613297874015748
20
1.6973457874015747
11
5.6133538582677165
21
1.6974347244094488
0
LINE
8
BLACK
6
CONTINUOUS
10
5.6133538582677165
20
1.6974347244094488
11
5.6134128346456693
21
1.697485905511811
0
LINE
8
BLACK
6
CONTINUOUS
10
5.6134128346456693
20
1.697485905511811
11
5.6135986220472436
21
1.6977122440944881
0
LINE
8
BLACK
6
CONTINUOUS
10
5.6135986220472436
20
1.6977122440944881
11
5.6154733858267711
21
1.6995870078740156
0
LINE
8
BLACK
6
CONTINUOUS
10
5.6154733858267711
20
1.6995870078740156
11
5.6156997244094491
21
1.6997727952755906
0
LINE
8
BLACK
6
CONTINUOUS
10
5.6156997244094491
20
1.6997727952755906
11
5.6157509055118107
21
1.6998317716535434
0
LINE
8
BLACK
6
CONTINUOUS
10
5.6157509055118107
20
1.6998317716535434
11
5.6158398425196845
21
1.6998877559055117
0
LINE
8
BLACK
6
CONTINUOUS
10
5.6158398425196845
20
1.6998877559055117
11
5.6159208267716538
21
1.6999542125984251
0
LINE
8
BLACK
6
CONTINUOUS
10
5.6159208267716538
20
1.6999542125984251
11
5.6159927559055118
21
1.6999840551181102
0
LINE
8
BLACK
6
CONTINUOUS
10
5.6159927559055118
20
1.6999840551181102
11
5.6162407874015745
21
1.7001401181102362
0
LINE
8
BLACK
6
CONTINUOUS
10
5.6162407874015745
20
1.7001401181102362
11
5.6199903149606296
21
1.7020148818897638
0
LINE
8
BLACK
6
CONTINUOUS
10
5.6199903149606296
20
1.7020148818897638
11
5.6205309055118109
21
1.7022217716535433
0
LINE
8
BLACK
6
CONTINUOUS
10
5.6205309055118109
20
1.7022217716535433
11
5.620636771653543
21
1.7022293307086613
0
LINE
8
BLACK
6
CONTINUOUS
10
5.620636771653543
20
1.7022293307086613
11
5.6207347637795273
21
1.7022698818897637
0
LINE
8
BLACK
6
CONTINUOUS
10
5.6207347637795273
20
1.7022698818897637
11
5.6213108267716532
21
1.7023266141732283
0
LINE
8
BLACK
6
CONTINUOUS
10
5.6213108267716532
20
1.7023266141732283
11
5.6250603543307083
21
1.7023266141732283
0
LINE
8
BLACK
6
CONTINUOUS
10
5.6250603543307083
20
1.7023266141732283
11
5.6253518897637793
21
1.7022979133858267
0
LINE
8
BLACK
6
CONTINUOUS
10
5.7473991338582673
20
1.7025341338582676
11
5.7474768897637798
21
1.7025396456692914
0
LINE
8
BLACK
6
CONTINUOUS
10
5.7474768897637798
20
1.7025396456692914
11
5.7475791338582676
21
1.7025164173228347
0
LINE
8
BLACK
6
CONTINUOUS
10
5.7475791338582676
20
1.7025164173228347
11
5.747683661417323
21
1.7025061023622048
0
LINE
8
BLACK
6
CONTINUOUS
10
5.747683661417323
20
1.7025061023622048
11
5.747755748031496
21
1.7024762598425196
0
LINE
8
BLACK
6
CONTINUOUS
10
5.747755748031496
20
1.7024762598425196
11
5.7480413385826772
21
1.7024112992125984
0
LINE
8
BLACK
6
CONTINUOUS
10
5.7480413385826772
20
1.7024112992125984
11
5.7536656299212598
21
1.7005365354330708
0
LINE
8
BLACK
6
CONTINUOUS
10
5.7536656299212598
20
1.7005365354330708
11
5.7541941732283464
21
1.7003005511811022
0
LINE
8
BLACK
6
CONTINUOUS
10
5.7541941732283464
20
1.7003005511811022
11
5.7542742913385823
21
1.700231062992126
0
LINE
8
BLACK
6
CONTINUOUS
10
5.7542742913385823
20
1.700231062992126
11
5.754372362204724
21
1.7001904330708661
0
LINE
8
BLACK
6
CONTINUOUS
10
5.754372362204724
20
1.7001904330708661
11
5.7548198031496058
21
1.6998232283464567
0
LINE
8
BLACK
6
CONTINUOUS
10
5.7548198031496058
20
1.6998232283464567
11
5.7722763385826772
21
1.6823667322834646
0
LINE
8
BLACK
6
CONTINUOUS
10
5.7722763385826772
20
1.6823667322834646
11
5.7722763385826772
21
1.6996100787401573
0
LINE
8
BLACK
6
CONTINUOUS
10
5.7722763385826772
20
1.6996100787401573
11
5.772333070866142
21
1.7001861417322834
0
LINE
8
BLACK
6
CONTINUOUS
10
5.772333070866142
20
1.7001861417322834
11
5.7727739763779526
21
1.7012505511811022
0
LINE
8
BLACK
6
CONTINUOUS
10
5.7727739763779526
20
1.7012505511811022
11
5.7735886220472441
21
1.7020651968503937
0
LINE
8
BLACK
6
CONTINUOUS
10
5.7735886220472441
20
1.7020651968503937
11
5.7746530314960625
21
1.7025061023622048
0
LINE
8
BLACK
6
CONTINUOUS
10
5.7746530314960625
20
1.7025061023622048
11
5.7758051574803151
21
1.7025061023622048
0
LINE
8
BLACK
6
CONTINUOUS
10
5.7758051574803151
20
1.7025061023622048
11
5.7768695669291334
21
1.7020651968503937
0
LINE
8
BLACK
6
CONTINUOUS
10
5.7768695669291334
20
1.7020651968503937
11
5.7776842125984249
21
1.7012505511811022
0
LINE
8
BLACK
6
CONTINUOUS
10
5.7776842125984249
20
1.7012505511811022
11
5.7781251181102364
21
1.7001861417322834
0
LINE
8
BLACK
6
CONTINUOUS
10
5.7781251181102364
20
1.7001861417322834
11
5.7781818503937004
21
1.6996100787401573
0
LINE
8
BLACK
6
CONTINUOUS
10
5.7781818503937004
20
1.6996100787401573
11
5.7781818503937004
21
1.6752381496062991
0
LINE
8
BLACK
6
CONTINUOUS
10
5.7781818503937004
20
1.6752381496062991
11
5.7781251181102364
21
1.6746620866141733
0
LINE
8
BLACK
6
CONTINUOUS
10
5.7781251181102364
20
1.6746620866141733
11
5.7779959842519686
21
1.6743503543307086
0
LINE
8
BLACK
6
CONTINUOUS
10
5.7779959842519686
20
1.6743503543307086
11
5.7776842519685037
21
1.6735976771653542
0
LINE
8
BLACK
6
CONTINUOUS
10
5.7776842519685037
20
1.6735976771653542
11
5.7768695669291334
21
1.672783031496063
0
LINE
8
BLACK
6
CONTINUOUS
10
5.7768695669291334
20
1.672783031496063
11
5.7758051574803151
21
1.6723421259842519
0
LINE
8
BLACK
6
CONTINUOUS
10
5.7758051574803151
20
1.6723421259842519
11
5.7746530708661412
21
1.6723421259842519
0
LINE
8
BLACK
6
CONTINUOUS
10
5.7746530708661412
20
1.6723421259842519
11
5.7746530314960625
21
1.6723421259842519
0
LINE
8
BLACK
6
CONTINUOUS
10
5.7746530314960625
20
1.6723421259842519
11
5.7743412598425197
21
1.6724712598425195
0
LINE
8
BLACK
6
CONTINUOUS
10
5.7743412598425197
20
1.6724712598425195
11
5.7735886220472441
21
1.6727829921259842
0
LINE
8
BLACK
6
CONTINUOUS
10
5.7735886220472441
20
1.6727829921259842
11
5.7731411811023623
21
1.6731502362204724
0
LINE
8
BLACK
6
CONTINUOUS
10
5.7731411811023623
20
1.6731502362204724
11
5.751136850393701
21
1.6951545275590552
0
LINE
8
BLACK
6
CONTINUOUS
10
5.751136850393701
20
1.6951545275590552
11
5.7466284645669292
21
1.6966573228346455
0
LINE
8
BLACK
6
CONTINUOUS
10
5.7466284645669292
20
1.6966573228346455
11
5.7440551181102357
21
1.6966573228346455
0
LINE
8
BLACK
6
CONTINUOUS
10
5.7440551181102357
20
1.6966573228346455
11
5.7413576377952751
21
1.6953085826771652
0
LINE
8
BLACK
6
CONTINUOUS
10
5.7413576377952751
20
1.6953085826771652
11
5.7401605118110233
21
1.6941114566929134
0
LINE
8
BLACK
6
CONTINUOUS
10
5.7401605118110233
20
1.6941114566929134
11
5.7388117716535429
21
1.6914139763779528
0
LINE
8
BLACK
6
CONTINUOUS
10
5.7388117716535429
20
1.6914139763779528
11
5.7388117716535429
21
1.6834342519685039
0
LINE
8
BLACK
6
CONTINUOUS
10
5.7388117716535429
20
1.6834342519685039
11
5.7401605118110233
21
1.6807367716535433
0
LINE
8
BLACK
6
CONTINUOUS
10
5.7401605118110233
20
1.6807367716535433
11
5.741696456692913
21
1.6792008267716536
0
LINE
8
BLACK
6
CONTINUOUS
10
5.741696456692913
20
1.6792008267716536
11
5.7420636614173226
21
1.6787533858267716
0
LINE
8
BLACK
6
CONTINUOUS
10
5.7420636614173226
20
1.6787533858267716
11
5.7425045669291341
21
1.6776889763779528
0
LINE
8
BLACK
6
CONTINUOUS
10
5.7425045669291341
20
1.6776889763779528
11
5.7425045669291341
21
1.6765368897637796
0
LINE
8
BLACK
6
CONTINUOUS
10
5.7425045669291341
20
1.6765368897637796
11
5.7420636614173226
21
1.6754724803149605
0
LINE
8
BLACK
6
CONTINUOUS
10
5.7420636614173226
20
1.6754724803149605
11
5.7412489763779524
21
1.6746577952755906
0
LINE
8
BLACK
6
CONTINUOUS
10
5.7412489763779524
20
1.6746577952755906
11
5.740184566929134
21
1.6742168897637795
0
LINE
8
BLACK
6
CONTINUOUS
10
5.740184566929134
20
1.6742168897637795
11
5.7390324803149602
21
1.6742168897637795
0
LINE
8
BLACK
6
CONTINUOUS
10
5.7390324803149602
20
1.6742168897637795
11
5.7379680708661418
21
1.6746577952755906
0
LINE
8
BLACK
6
CONTINUOUS
10
5.7379680708661418
20
1.6746577952755906
11
5.73752062992126
21
1.675025
0
LINE
8
BLACK
6
CONTINUOUS
10
5.73752062992126
20
1.675025
11
5.7356458661417324
21
1.6768997637795275
0
LINE
8
BLACK
6
CONTINUOUS
10
5.7356458661417324
20
1.6768997637795275
11
5.7354600787401573
21
1.6771261417322834
0
LINE
8
BLACK
6
CONTINUOUS
10
5.7354600787401573
20
1.6771261417322834
11
5.7354011023622045
21
1.6771772834645668
0
LINE
8
BLACK
6
CONTINUOUS
10
5.7354011023622045
20
1.6771772834645668
11
5.735345118110236
21
1.6772662598425196
0
LINE
8
BLACK
6
CONTINUOUS
10
5.735345118110236
20
1.6772662598425196
11
5.7352786614173228
21
1.6773472047244093
0
LINE
8
BLACK
6
CONTINUOUS
10
5.7352786614173228
20
1.6773472047244093
11
5.735248818897638
21
1.6774191732283463
0
LINE
8
BLACK
6
CONTINUOUS
10
5.735248818897638
20
1.6774191732283463
11
5.7350927559055114
21
1.6776671653543307
0
LINE
8
BLACK
6
CONTINUOUS
10
5.7350927559055114
20
1.6776671653543307
11
5.7332179921259838
21
1.6814166929133858
0
LINE
8
BLACK
6
CONTINUOUS
10
5.7332179921259838
20
1.6814166929133858
11
5.7330111023622043
21
1.6819573228346456
0
LINE
8
BLACK
6
CONTINUOUS
10
5.7330111023622043
20
1.6819573228346456
11
5.7330035826771653
21
1.6820631496062992
0
LINE
8
BLACK
6
CONTINUOUS
10
5.7330035826771653
20
1.6820631496062992
11
5.7329629921259837
21
1.6821611417322835
0
LINE
8
BLACK
6
CONTINUOUS
10
5.7329629921259837
20
1.6821611417322835
11
5.7329062598425198
21
1.6827372047244094
0
LINE
8
BLACK
6
CONTINUOUS
10
5.7329062598425198
20
1.6827372047244094
11
5.7329062598425198
21
1.6921110236220471
0
LINE
8
BLACK
6
CONTINUOUS
10
5.7329062598425198
20
1.6921110236220471
11
5.7329629921259837
21
1.6926870866141732
0
LINE
8
BLACK
6
CONTINUOUS
10
5.7329629921259837
20
1.6926870866141732
11
5.7330035826771653
21
1.6927851181102362
0
LINE
8
BLACK
6
CONTINUOUS
10
5.7330035826771653
20
1.6927851181102362
11
5.7330111023622043
21
1.6928909055118111
0
LINE
8
BLACK
6
CONTINUOUS
10
5.7330111023622043
20
1.6928909055118111
11
5.7332179921259838
21
1.6934315354330709
0
LINE
8
BLACK
6
CONTINUOUS
10
5.7332179921259838
20
1.6934315354330709
11
5.7350927559055114
21
1.697181062992126
0
LINE
8
BLACK
6
CONTINUOUS
10
5.7350927559055114
20
1.697181062992126
11
5.735248818897638
21
1.6974290944881889
0
LINE
8
BLACK
6
CONTINUOUS
10
5.735248818897638
20
1.6974290944881889
11
5.7352786614173228
21
1.6975010236220471
0
LINE
8
BLACK
6
CONTINUOUS
10
5.7352786614173228
20
1.6975010236220471
11
5.735345118110236
21
1.6975820078740158
0
LINE
8
BLACK
6
CONTINUOUS
10
5.735345118110236
20
1.6975820078740158
11
5.7354011023622045
21
1.6976709448818896
0
LINE
8
BLACK
6
CONTINUOUS
10
5.7354011023622045
20
1.6976709448818896
11
5.7354600787401573
21
1.6977221259842519
0
LINE
8
BLACK
6
CONTINUOUS
10
5.7354600787401573
20
1.6977221259842519
11
5.7356458661417324
21
1.6979484645669292
0
LINE
8
BLACK
6
CONTINUOUS
10
5.7356458661417324
20
1.6979484645669292
11
5.73752062992126
21
1.6998232283464567
0
LINE
8
BLACK
6
CONTINUOUS
10
5.73752062992126
20
1.6998232283464567
11
5.7377469685039371
21
1.7000090157480314
0
LINE
8
BLACK
6
CONTINUOUS
10
5.7377469685039371
20
1.7000090157480314
11
5.7377981496062995
21
1.7000679921259843
0
LINE
8
BLACK
6
CONTINUOUS
10
5.7377981496062995
20
1.7000679921259843
11
5.7378870866141733
21
1.7001239763779528
0
LINE
8
BLACK
6
CONTINUOUS
10
5.7378870866141733
20
1.7001239763779528
11
5.7379680708661418
21
1.7001904330708661
0
LINE
8
BLACK
6
CONTINUOUS
10
5.7379680708661418
20
1.7001904330708661
11
5.7380399999999998
21
1.7002202755905511
0
LINE
8
BLACK
6
CONTINUOUS
10
5.7380399999999998
20
1.7002202755905511
11
5.7382880314960625
21
1.7003763385826771
0
LINE
8
BLACK
6
CONTINUOUS
10
5.7382880314960625
20
1.7003763385826771
11
5.7420375590551176
21
1.7022511023622047
0
LINE
8
BLACK
6
CONTINUOUS
10
5.7420375590551176
20
1.7022511023622047
11
5.7425781496062989
21
1.7024579921259841
0
LINE
8
BLACK
6
CONTINUOUS
10
5.7425781496062989
20
1.7024579921259841
11
5.742684015748031
21
1.7024655511811024
0
LINE
8
BLACK
6
CONTINUOUS
10
5.742684015748031
20
1.7024655511811024
11
5.7427820078740153
21
1.7025061023622048
0
LINE
8
BLACK
6
CONTINUOUS
10
5.7427820078740153
20
1.7025061023622048
11
5.743358070866142
21
1.7025628346456692
0
LINE
8
BLACK
6
CONTINUOUS
10
5.743358070866142
20
1.7025628346456692
11
5.7471075984251971
21
1.7025628346456692
0
LINE
8
BLACK
6
CONTINUOUS
10
5.7471075984251971
20
1.7025628346456692
11
5.7473991338582673
21
1.7025341338582676
0
LINE
8
BLACK
6
CONTINUOUS
10
5.6382842125984247
20
1.7398120472440946
11
5.638327244094488
21
1.7398184251968503
0
LINE
8
BLACK
6
CONTINUOUS
10
5.638327244094488
20
1.7398184251968503
11
5.6385427165354329
21
1.7397865748031496
0
LINE
8
BLACK
6
CONTINUOUS
10
5.6385427165354329
20
1.7397865748031496
11
5.638759763779527
21
1.7397651968503938
0
LINE
8
BLACK
6
CONTINUOUS
10
5.638759763779527
20
1.7397651968503938
11
5.6387999606299211
21
1.7397485826771653
0
LINE
8
BLACK
6
CONTINUOUS
10
5.6387999606299211
20
1.7397485826771653
11
5.6388998425196846
21
1.7397337795275589
0
LINE
8
BLACK
6
CONTINUOUS
10
5.6388998425196846
20
1.7397337795275589
11
5.6463988976377948
21
1.7378590157480314
0
LINE
8
BLACK
6
CONTINUOUS
10
5.6463988976377948
20
1.7378590157480314
11
5.6464413779527556
21
1.7378438582677165
0
LINE
8
BLACK
6
CONTINUOUS
10
5.6464413779527556
20
1.7378438582677165
11
5.6464626377952758
21
1.7378423228346456
0
LINE
8
BLACK
6
CONTINUOUS
10
5.6464626377952758
20
1.7378423228346456
11
5.6467020472440943
21
1.7377507086614172
0
LINE
8
BLACK
6
CONTINUOUS
10
5.6467020472440943
20
1.7377507086614172
11
5.6469440157480317
21
1.7376642519685039
0
LINE
8
BLACK
6
CONTINUOUS
10
5.6469440157480317
20
1.7376642519685039
11
5.6469611417322829
21
1.7376515748031496
0
LINE
8
BLACK
6
CONTINUOUS
10
5.6469611417322829
20
1.7376515748031496
11
5.6470032677165349
21
1.7376354330708661
0
LINE
8
BLACK
6
CONTINUOUS
10
5.6470032677165349
20
1.7376354330708661
11
5.65075279527559
21
1.7357606692913385
0
LINE
8
BLACK
6
CONTINUOUS
10
5.65075279527559
20
1.7357606692913385
11
5.6510006692913386
21
1.7356046456692913
0
LINE
8
BLACK
6
CONTINUOUS
10
5.6510006692913386
20
1.7356046456692913
11
5.6510727165354329
21
1.7355748031496063
0
LINE
8
BLACK
6
CONTINUOUS
10
5.6510727165354329
20
1.7355748031496063
11
5.6511537401574801
21
1.7355083070866142
0
LINE
8
BLACK
6
CONTINUOUS
10
5.6511537401574801
20
1.7355083070866142
11
5.6512426771653539
21
1.7354523228346457
0
LINE
8
BLACK
6
CONTINUOUS
10
5.6512426771653539
20
1.7354523228346457
11
5.6512938188976376
21
1.7353933464566929
0
LINE
8
BLACK
6
CONTINUOUS
10
5.6512938188976376
20
1.7353933464566929
11
5.6515201574803147
21
1.7352075984251969
0
LINE
8
BLACK
6
CONTINUOUS
10
5.6515201574803147
20
1.7352075984251969
11
5.653394960629921
21
1.7333328346456693
0
LINE
8
BLACK
6
CONTINUOUS
10
5.653394960629921
20
1.7333328346456693
11
5.6535807086614174
21
1.7331064960629921
0
LINE
8
BLACK
6
CONTINUOUS
10
5.6535807086614174
20
1.7331064960629921
11
5.6536397637795277
21
1.7330552755905511
0
LINE
8
BLACK
6
CONTINUOUS
10
5.6536397637795277
20
1.7330552755905511
11
5.6536957480314962
21
1.7329663385826772
0
LINE
8
BLACK
6
CONTINUOUS
10
5.6536957480314962
20
1.7329663385826772
11
5.6537622047244094
21
1.7328853543307086
0
LINE
8
BLACK
6
CONTINUOUS
10
5.6537622047244094
20
1.7328853543307086
11
5.6537920078740154
21
1.7328134251968503
0
LINE
8
BLACK
6
CONTINUOUS
10
5.6537920078740154
20
1.7328134251968503
11
5.6539481102362199
21
1.7325653937007874
0
LINE
8
BLACK
6
CONTINUOUS
10
5.6539481102362199
20
1.7325653937007874
11
5.6558228740157475
21
1.7288158661417323
0
LINE
8
BLACK
6
CONTINUOUS
10
5.6558228740157475
20
1.7288158661417323
11
5.6560297637795278
21
1.7282752755905511
0
LINE
8
BLACK
6
CONTINUOUS
10
5.6560297637795278
20
1.7282752755905511
11
5.6560372834645669
21
1.7281694094488189
0
LINE
8
BLACK
6
CONTINUOUS
10
5.6560372834645669
20
1.7281694094488189
11
5.6560778740157476
21
1.7280714173228346
0
LINE
8
BLACK
6
CONTINUOUS
10
5.6560778740157476
20
1.7280714173228346
11
5.6561346062992124
21
1.7274953543307086
0
LINE
8
BLACK
6
CONTINUOUS
10
5.6561346062992124
20
1.7274953543307086
11
5.6561346062992124
21
1.7237458267716534
0
LINE
8
BLACK
6
CONTINUOUS
10
5.6561346062992124
20
1.7237458267716534
11
5.6560778740157476
21
1.7231697637795276
0
LINE
8
BLACK
6
CONTINUOUS
10
5.6560778740157476
20
1.7231697637795276
11
5.6560372834645669
21
1.7230718110236221
0
LINE
8
BLACK
6
CONTINUOUS
10
5.6560372834645669
20
1.7230718110236221
11
5.6560297637795278
21
1.7229659055118109
0
LINE
8
BLACK
6
CONTINUOUS
10
5.6560297637795278
20
1.7229659055118109
11
5.6558228740157475
21
1.7224253149606299
0
LINE
8
BLACK
6
CONTINUOUS
10
5.6558228740157475
20
1.7224253149606299
11
5.6539481102362199
21
1.7186757874015748
0
LINE
8
BLACK
6
CONTINUOUS
10
5.6539481102362199
20
1.7186757874015748
11
5.6537920078740154
21
1.7184277952755904
0
LINE
8
BLACK
6
CONTINUOUS
10
5.6537920078740154
20
1.7184277952755904
11
5.6537622047244094
21
1.7183558267716534
0
LINE
8
BLACK
6
CONTINUOUS
10
5.6537622047244094
20
1.7183558267716534
11
5.6536957480314962
21
1.7182748818897637
0
LINE
8
BLACK
6
CONTINUOUS
10
5.6536957480314962
20
1.7182748818897637
11
5.6536397637795277
21
1.7181859055118109
0
LINE
8
BLACK
6
CONTINUOUS
10
5.6536397637795277
20
1.7181859055118109
11
5.6535807086614174
21
1.7181347244094487
0
LINE
8
BLACK
6
CONTINUOUS
10
5.6535807086614174
20
1.7181347244094487
11
5.653394960629921
21
1.7179083464566929
0
LINE
8
BLACK
6
CONTINUOUS
10
5.653394960629921
20
1.7179083464566929
11
5.6515201574803147
21
1.7160335826771653
0
LINE
8
BLACK
6
CONTINUOUS
10
5.6515201574803147
20
1.7160335826771653
11
5.6512938188976376
21
1.7158478740157479
0
LINE
8
BLACK
6
CONTINUOUS
10
5.6512938188976376
20
1.7158478740157479
11
5.6512426771653539
21
1.7157888582677165
0
LINE
8
BLACK
6
CONTINUOUS
10
5.6512426771653539
20
1.7157888582677165
11
5.6511537401574801
21
1.7157329133858268
0
LINE
8
BLACK
6
CONTINUOUS
10
5.6511537401574801
20
1.7157329133858268
11
5.6510727165354329
21
1.7156663779527559
0
LINE
8
BLACK
6
CONTINUOUS
10
5.6510727165354329
20
1.7156663779527559
11
5.6510006692913386
21
1.7156365748031495
0
LINE
8
BLACK
6
CONTINUOUS
10
5.6510006692913386
20
1.7156365748031495
11
5.65075279527559
21
1.7154805118110237
0
LINE
8
BLACK
6
CONTINUOUS
10
5.65075279527559
20
1.7154805118110237
11
5.6470032677165349
21
1.7136057480314961
0
LINE
8
BLACK
6
CONTINUOUS
10
5.6470032677165349
20
1.7136057480314961
11
5.6469611417322829
21
1.7135896456692914
0
LINE
8
BLACK
6
CONTINUOUS
10
5.6469611417322829
20
1.7135896456692914
11
5.6469440157480317
21
1.7135769291338583
0
LINE
8
BLACK
6
CONTINUOUS
10
5.6469440157480317
20
1.7135769291338583
11
5.6467020472440943
21
1.7134905118110235
0
LINE
8
BLACK
6
CONTINUOUS
10
5.6467020472440943
20
1.7134905118110235
11
5.6464626377952758
21
1.7133988582677164
0
LINE
8
BLACK
6
CONTINUOUS
10
5.6464626377952758
20
1.7133988582677164
11
5.6464413779527556
21
1.7133973622047243
0
LINE
8
BLACK
6
CONTINUOUS
10
5.6464413779527556
20
1.7133973622047243
11
5.6463988976377948
21
1.7133821653543306
0
LINE
8
BLACK
6
CONTINUOUS
10
5.6463988976377948
20
1.7133821653543306
11
5.6388998425196846
21
1.7115074015748031
0
LINE
8
BLACK
6
CONTINUOUS
10
5.6388998425196846
20
1.7115074015748031
11
5.6387999606299211
21
1.7114926377952755
0
LINE
8
BLACK
6
CONTINUOUS
10
5.6387999606299211
20
1.7114926377952755
11
5.638759763779527
21
1.7114759842519685
0
LINE
8
BLACK
6
CONTINUOUS
10
5.638759763779527
20
1.7114759842519685
11
5.6385427165354329
21
1.7114546456692914
0
LINE
8
BLACK
6
CONTINUOUS
10
5.6385427165354329
20
1.7114546456692914
11
5.638327244094488
21
1.7114227559055117
0
LINE
8
BLACK
6
CONTINUOUS
10
5.638327244094488
20
1.7114227559055117
11
5.6382842125984247
21
1.7114291732283464
0
LINE
8
BLACK
6
CONTINUOUS
10
5.6382842125984247
20
1.7114291732283464
11
5.6381837007874012
21
1.7114192519685039
0
LINE
8
BLACK
6
CONTINUOUS
10
5.6381837007874012
20
1.7114192519685039
11
5.6288098818897634
21
1.7114192519685039
0
LINE
8
BLACK
6
CONTINUOUS
10
5.6288098818897634
20
1.7114192519685039
11
5.6287093307086611
21
1.7114291732283464
0
LINE
8
BLACK
6
CONTINUOUS
10
5.6287093307086611
20
1.7114291732283464
11
5.6286663385826774
21
1.7114227559055117
0
LINE
8
BLACK
6
CONTINUOUS
10
5.6286663385826774
20
1.7114227559055117
11
5.6284508267716538
21
1.7114546456692914
0
LINE
8
BLACK
6
CONTINUOUS
10
5.6284508267716538
20
1.7114546456692914
11
5.6282338188976375
21
1.7114759842519685
0
LINE
8
BLACK
6
CONTINUOUS
10
5.6282338188976375
20
1.7114759842519685
11
5.6281935826771656
21
1.7114926377952755
0
LINE
8
BLACK
6
CONTINUOUS
10
5.6281935826771656
20
1.7114926377952755
11
5.62809374015748
21
1.7115074015748031
0
LINE
8
BLACK
6
CONTINUOUS
10
5.62809374015748
20
1.7115074015748031
11
5.6205946850393698
21
1.7133821653543306
0
LINE
8
BLACK
6
CONTINUOUS
10
5.6205946850393698
20
1.7133821653543306
11
5.6205521653543302
21
1.7133973622047243
0
LINE
8
BLACK
6
CONTINUOUS
10
5.6205521653543302
20
1.7133973622047243
11
5.6205309055118109
21
1.7133988582677164
0
LINE
8
BLACK
6
CONTINUOUS
10
5.6205309055118109
20
1.7133988582677164
11
5.6202911417322836
21
1.7134906299212598
0
LINE
8
BLACK
6
CONTINUOUS
10
5.6202911417322836
20
1.7134906299212598
11
5.6200495669291337
21
1.7135769291338583
0
LINE
8
BLACK
6
CONTINUOUS
10
5.6200495669291337
20
1.7135769291338583
11
5.6200324015748029
21
1.7135896456692914
0
LINE
8
BLACK
6
CONTINUOUS
10
5.6200324015748029
20
1.7135896456692914
11
5.6199903149606296
21
1.7136057480314961
0
LINE
8
BLACK
6
CONTINUOUS
10
5.6199903149606296
20
1.7136057480314961
11
5.6162407874015745
21
1.7154805118110237
0
LINE
8
BLACK
6
CONTINUOUS
10
5.6162407874015745
20
1.7154805118110237
11
5.6159927559055118
21
1.7156366141732282
0
LINE
8
BLACK
6
CONTINUOUS
10
5.6159927559055118
20
1.7156366141732282
11
5.6159208267716538
21
1.7156664173228346
0
LINE
8
BLACK
6
CONTINUOUS
10
5.6159208267716538
20
1.7156664173228346
11
5.6158398425196845
21
1.7157329133858268
0
LINE
8
BLACK
6
CONTINUOUS
10
5.6158398425196845
20
1.7157329133858268
11
5.6157509055118107
21
1.7157888582677165
0
LINE
8
BLACK
6
CONTINUOUS
10
5.6157509055118107
20
1.7157888582677165
11
5.6156997244094491
21
1.7158478740157479
0
LINE
8
BLACK
6
CONTINUOUS
10
5.6156997244094491
20
1.7158478740157479
11
5.6154733858267711
21
1.7160336220472441
0
LINE
8
BLACK
6
CONTINUOUS
10
5.6154733858267711
20
1.7160336220472441
11
5.6135986220472436
21
1.7179083858267716
0
LINE
8
BLACK
6
CONTINUOUS
10
5.6135986220472436
20
1.7179083858267716
11
5.6134128346456693
21
1.7181347637795275
0
LINE
8
BLACK
6
CONTINUOUS
10
5.6134128346456693
20
1.7181347637795275
11
5.6133538582677165
21
1.7181859055118109
0
LINE
8
BLACK
6
CONTINUOUS
10
5.6133538582677165
20
1.7181859055118109
11
5.613297874015748
21
1.7182748818897637
0
LINE
8
BLACK
6
CONTINUOUS
10
5.613297874015748
20
1.7182748818897637
11
5.6132314173228348
21
1.7183558267716534
0
LINE
8
BLACK
6
CONTINUOUS
10
5.6132314173228348
20
1.7183558267716534
11
5.6132015748031492
21
1.7184277952755904
0
LINE
8
BLACK
6
CONTINUOUS
10
5.6132015748031492
20
1.7184277952755904
11
5.6130455118110234
21
1.7186757874015748
0
LINE
8
BLACK
6
CONTINUOUS
10
5.6130455118110234
20
1.7186757874015748
11
5.6111707480314958
21
1.7224253149606299
0
LINE
8
BLACK
6
CONTINUOUS
10
5.6111707480314958
20
1.7224253149606299
11
5.6109638582677164
21
1.7229659448818897
0
LINE
8
BLACK
6
CONTINUOUS
10
5.6109638582677164
20
1.7229659448818897
11
5.6109563385826773
21
1.7230717716535433
0
LINE
8
BLACK
6
CONTINUOUS
10
5.6109563385826773
20
1.7230717716535433
11
5.6109157480314957
21
1.7231697637795276
0
LINE
8
BLACK
6
CONTINUOUS
10
5.6109157480314957
20
1.7231697637795276
11
5.6108590157480318
21
1.7237458267716534
0
LINE
8
BLACK
6
CONTINUOUS
10
5.6108590157480318
20
1.7237458267716534
11
5.6108590157480318
21
1.7274953543307086
0
LINE
8
BLACK
6
CONTINUOUS
10
5.6108590157480318
20
1.7274953543307086
11
5.6109157480314957
21
1.7280714173228346
0
LINE
8
BLACK
6
CONTINUOUS
10
5.6109157480314957
20
1.7280714173228346
11
5.6109563385826773
21
1.7281694488188977
0
LINE
8
BLACK
6
CONTINUOUS
10
5.6109563385826773
20
1.7281694488188977
11
5.6109638582677164
21
1.7282752362204723
0
LINE
8
BLACK
6
CONTINUOUS
10
5.6109638582677164
20
1.7282752362204723
11
5.6111707480314958
21
1.7288158661417323
0
LINE
8
BLACK
6
CONTINUOUS
10
5.6111707480314958
20
1.7288158661417323
11
5.6130455118110234
21
1.7325653937007874
0
LINE
8
BLACK
6
CONTINUOUS
10
5.6130455118110234
20
1.7325653937007874
11
5.6132015748031492
21
1.7328134251968503
0
LINE
8
BLACK
6
CONTINUOUS
10
5.6132015748031492
20
1.7328134251968503
11
5.6132314173228348
21
1.7328853543307086
0
LINE
8
BLACK
6
CONTINUOUS
10
5.6132314173228348
20
1.7328853543307086
11
5.613297874015748
21
1.7329663385826772
0
LINE
8
BLACK
6
CONTINUOUS
10
5.613297874015748
20
1.7329663385826772
11
5.6133538582677165
21
1.7330552755905511
0
LINE
8
BLACK
6
CONTINUOUS
10
5.6133538582677165
20
1.7330552755905511
11
5.6134128346456693
21
1.7331064566929133
0
LINE
8
BLACK
6
CONTINUOUS
10
5.6134128346456693
20
1.7331064566929133
11
5.6135986220472436
21
1.7333327952755906
0
LINE
8
BLACK
6
CONTINUOUS
10
5.6135986220472436
20
1.7333327952755906
11
5.6154733858267711
21
1.7352075590551181
0
LINE
8
BLACK
6
CONTINUOUS
10
5.6154733858267711
20
1.7352075590551181
11
5.6156997244094491
21
1.7353933464566929
0
LINE
8
BLACK
6
CONTINUOUS
10
5.6156997244094491
20
1.7353933464566929
11
5.6157509055118107
21
1.7354523228346457
0
LINE
8
BLACK
6
CONTINUOUS
10
5.6157509055118107
20
1.7354523228346457
11
5.6158398425196845
21
1.7355083070866142
0
LINE
8
BLACK
6
CONTINUOUS
10
5.6158398425196845
20
1.7355083070866142
11
5.6159208267716538
21
1.7355747637795276
0
LINE
8
BLACK
6
CONTINUOUS
10
5.6159208267716538
20
1.7355747637795276
11
5.6159927559055118
21
1.7356046062992125
0
LINE
8
BLACK
6
CONTINUOUS
10
5.6159927559055118
20
1.7356046062992125
11
5.6162407874015745
21
1.7357606692913385
0
LINE
8
BLACK
6
CONTINUOUS
10
5.6162407874015745
20
1.7357606692913385
11
5.6199903149606296
21
1.7376354330708661
0
LINE
8
BLACK
6
CONTINUOUS
10
5.6199903149606296
20
1.7376354330708661
11
5.6200324015748029
21
1.7376515748031496
0
LINE
8
BLACK
6
CONTINUOUS
10
5.6200324015748029
20
1.7376515748031496
11
5.6200495669291337
21
1.7376642519685039
0
LINE
8
BLACK
6
CONTINUOUS
10
5.6200495669291337
20
1.7376642519685039
11
5.6202911417322836
21
1.737750590551181
0
LINE
8
BLACK
6
CONTINUOUS
10
5.6202911417322836
20
1.737750590551181
11
5.6205309055118109
21
1.7378423228346456
0
LINE
8
BLACK
6
CONTINUOUS
10
5.6205309055118109
20
1.7378423228346456
11
5.6205521653543302
21
1.7378438582677165
0
LINE
8
BLACK
6
CONTINUOUS
10
5.6205521653543302
20
1.7378438582677165
11
5.6205946850393698
21
1.7378590157480314
0
LINE
8
BLACK
6
CONTINUOUS
10
5.6205946850393698
20
1.7378590157480314
11
5.62809374015748
21
1.7397337795275589
0
LINE
8
BLACK
6
CONTINUOUS
10
5.62809374015748
20
1.7397337795275589
11
5.6281935826771656
21
1.7397485826771653
0
LINE
8
BLACK
6
CONTINUOUS
10
5.6281935826771656
20
1.7397485826771653
11
5.6282338188976375
21
1.7397651968503938
0
LINE
8
BLACK
6
CONTINUOUS
10
5.6282338188976375
20
1.7397651968503938
11
5.6284508267716538
21
1.7397865748031496
0
LINE
8
BLACK
6
CONTINUOUS
10
5.6284508267716538
20
1.7397865748031496
11
5.6286663385826774
21
1.7398184251968503
0
LINE
8
BLACK
6
CONTINUOUS
10
5.6286663385826774
20
1.7398184251968503
11
5.6287093307086611
21
1.7398120472440946
0
LINE
8
BLACK
6
CONTINUOUS
10
5.6287093307086611
20
1.7398120472440946
11
5.6288098818897634
21
1.7398219291338581
0
LINE
8
BLACK
6
CONTINUOUS
10
5.6288098818897634
20
1.7398219291338581
11
5.6381837007874012
21
1.7398219291338581
0
LINE
8
BLACK
6
CONTINUOUS
10
5.6381837007874012
20
1.7398219291338581
11
5.6382842125984247
21
1.7398120472440946
0
LINE
8
BLACK
6
CONTINUOUS
10
5.6223413779527558
20
1.7322084251968504
11
5.6193103937007871
21
1.7306929133858266
0
LINE
8
BLACK
6
CONTINUOUS
10
5.6193103937007871
20
1.7306929133858266
11
5.6181132677165353
21
1.7294957874015748
0
LINE
8
BLACK
6
CONTINUOUS
10
5.6181132677165353
20
1.7294957874015748
11
5.616764527559055
21
1.7267983070866142
0
LINE
8
BLACK
6
CONTINUOUS
10
5.616764527559055
20
1.7267983070866142
11
5.616764527559055
21
1.724442874015748
0
LINE
8
BLACK
6
CONTINUOUS
10
5.616764527559055
20
1.724442874015748
11
5.6181132677165353
21
1.7217453937007874
0
LINE
8
BLACK
6
CONTINUOUS
10
5.6181132677165353
20
1.7217453937007874
11
5.6193103937007871
21
1.7205482677165354
0
LINE
8
BLACK
6
CONTINUOUS
10
5.6193103937007871
20
1.7205482677165354
11
5.6223413779527558
21
1.7190327952755906
0
LINE
8
BLACK
6
CONTINUOUS
10
5.6223413779527558
20
1.7190327952755906
11
5.6291734251968499
21
1.7173247637795275
0
LINE
8
BLACK
6
CONTINUOUS
10
5.6291734251968499
20
1.7173247637795275
11
5.6378201574803146
21
1.7173247637795275
0
LINE
8
BLACK
6
CONTINUOUS
10
5.6378201574803146
20
1.7173247637795275
11
5.6446522047244096
21
1.7190327952755906
0
LINE
8
BLACK
6
CONTINUOUS
10
5.6446522047244096
20
1.7190327952755906
11
5.6476831889763774
21
1.7205483070866141
0
LINE
8
BLACK
6
CONTINUOUS
10
5.6476831889763774
20
1.7205483070866141
11
5.6488803543307089
21
1.7217454330708661
0
LINE
8
BLACK
6
CONTINUOUS
10
5.6488803543307089
20
1.7217454330708661
11
5.6502290944881892
21
1.724442874015748
0
LINE
8
BLACK
6
CONTINUOUS
10
5.6502290944881892
20
1.724442874015748
11
5.6502290944881892
21
1.7267983070866142
0
LINE
8
BLACK
6
CONTINUOUS
10
5.6502290944881892
20
1.7267983070866142
11
5.6488803543307089
21
1.7294957874015748
0
LINE
8
BLACK
6
CONTINUOUS
10
5.6488803543307089
20
1.7294957874015748
11
5.6476831889763774
21
1.7306929133858266
0
LINE
8
BLACK
6
CONTINUOUS
10
5.6476831889763774
20
1.7306929133858266
11
5.6446522047244096
21
1.7322084251968504
0
LINE
8
BLACK
6
CONTINUOUS
10
5.6446522047244096
20
1.7322084251968504
11
5.6378201574803146
21
1.7339164173228345
0
LINE
8
BLACK
6
CONTINUOUS
10
5.6378201574803146
20
1.7339164173228345
11
5.6291734251968499
21
1.7339164173228345
0
LINE
8
BLACK
6
CONTINUOUS
10
5.6291734251968499
20
1.7339164173228345
11
5.6223413779527558
21
1.7322084251968504
0
LINE
8
BLACK
6
CONTINUOUS
10
5.7603314566929136
20
1.7400482677165354
11
5.760374488188976
21
1.7400546456692914
0
LINE
8
BLACK
6
CONTINUOUS
10
5.760374488188976
20
1.7400546456692914
11
5.7605899606299209
21
1.7400227952755905
0
LINE
8
BLACK
6
CONTINUOUS
10
5.7605899606299209
20
1.7400227952755905
11
5.7608070078740159
21
1.7400014173228346
0
LINE
8
BLACK
6
CONTINUOUS
10
5.7608070078740159
20
1.7400014173228346
11
5.760847204724409
21
1.7399848031496064
0
LINE
8
BLACK
6
CONTINUOUS
10
5.760847204724409
20
1.7399848031496064
11
5.7609470866141734
21
1.73997
0
LINE
8
BLACK
6
CONTINUOUS
10
5.7609470866141734
20
1.73997
11
5.7684461417322836
21
1.7380952362204725
0
LINE
8
BLACK
6
CONTINUOUS
10
5.7684461417322836
20
1.7380952362204725
11
5.7684886220472436
21
1.7380800787401574
0
LINE
8
BLACK
6
CONTINUOUS
10
5.7684886220472436
20
1.7380800787401574
11
5.7685098818897638
21
1.7380785433070867
0
LINE
8
BLACK
6
CONTINUOUS
10
5.7685098818897638
20
1.7380785433070867
11
5.7687492913385823
21
1.7379869291338583
0
LINE
8
BLACK
6
CONTINUOUS
10
5.7687492913385823
20
1.7379869291338583
11
5.7689912598425197
21
1.7379004724409448
0
LINE
8
BLACK
6
CONTINUOUS
10
5.7689912598425197
20
1.7379004724409448
11
5.7690083858267718
21
1.7378877952755905
0
LINE
8
BLACK
6
CONTINUOUS
10
5.7690083858267718
20
1.7378877952755905
11
5.7690505118110238
21
1.737871653543307
0
LINE
8
BLACK
6
CONTINUOUS
10
5.7690505118110238
20
1.737871653543307
11
5.7728000393700789
21
1.7359968897637794
0
LINE
8
BLACK
6
CONTINUOUS
10
5.7728000393700789
20
1.7359968897637794
11
5.7730479133858266
21
1.7358408661417322
0
LINE
8
BLACK
6
CONTINUOUS
10
5.7730479133858266
20
1.7358408661417322
11
5.7731199606299208
21
1.7358110236220472
0
LINE
8
BLACK
6
CONTINUOUS
10
5.7731199606299208
20
1.7358110236220472
11
5.773200984251968
21
1.7357445275590551
0
LINE
8
BLACK
6
CONTINUOUS
10
5.773200984251968
20
1.7357445275590551
11
5.7732899212598427
21
1.7356885433070866
0
LINE
8
BLACK
6
CONTINUOUS
10
5.7732899212598427
20
1.7356885433070866
11
5.7733410629921256
21
1.7356295669291337
0
LINE
8
BLACK
6
CONTINUOUS
10
5.7733410629921256
20
1.7356295669291337
11
5.7735674015748026
21
1.7354438188976378
0
LINE
8
BLACK
6
CONTINUOUS
10
5.7735674015748026
20
1.7354438188976378
11
5.7754422047244089
21
1.7335690551181102
0
LINE
8
BLACK
6
CONTINUOUS
10
5.7754422047244089
20
1.7335690551181102
11
5.7756279527559053
21
1.7333427165354329
0
LINE
8
BLACK
6
CONTINUOUS
10
5.7756279527559053
20
1.7333427165354329
11
5.7756870078740157
21
1.7332914960629922
0
LINE
8
BLACK
6
CONTINUOUS
10
5.7756870078740157
20
1.7332914960629922
11
5.7757429921259842
21
1.7332025590551181
0
LINE
8
BLACK
6
CONTINUOUS
10
5.7757429921259842
20
1.7332025590551181
11
5.7758094488188974
21
1.7331215748031497
0
LINE
8
BLACK
6
CONTINUOUS
10
5.7758094488188974
20
1.7331215748031497
11
5.7758392519685042
21
1.7330496456692912
0
LINE
8
BLACK
6
CONTINUOUS
10
5.7758392519685042
20
1.7330496456692912
11
5.7759953543307088
21
1.7328016141732283
0
LINE
8
BLACK
6
CONTINUOUS
10
5.7759953543307088
20
1.7328016141732283
11
5.7778701181102363
21
1.7290520866141732
0
LINE
8
BLACK
6
CONTINUOUS
10
5.7778701181102363
20
1.7290520866141732
11
5.7780770078740158
21
1.7285114960629921
0
LINE
8
BLACK
6
CONTINUOUS
10
5.7780770078740158
20
1.7285114960629921
11
5.7780845275590549
21
1.7284056299212598
0
LINE
8
BLACK
6
CONTINUOUS
10
5.7780845275590549
20
1.7284056299212598
11
5.7781251181102364
21
1.7283076377952755
0
LINE
8
BLACK
6
CONTINUOUS
10
5.7781251181102364
20
1.7283076377952755
11
5.7781818503937004
21
1.7277315748031497
0
LINE
8
BLACK
6
CONTINUOUS
10
5.7781818503937004
20
1.7277315748031497
11
5.7781818503937004
21
1.7239820472440945
0
LINE
8
BLACK
6
CONTINUOUS
10
5.7781818503937004
20
1.7239820472440945
11
5.7781251181102364
21
1.7234059842519684
0
LINE
8
BLACK
6
CONTINUOUS
10
5.7781251181102364
20
1.7234059842519684
11
5.7780845275590549
21
1.7233080314960629
0
LINE
8
BLACK
6
CONTINUOUS
10
5.7780845275590549
20
1.7233080314960629
11
5.7780770078740158
21
1.7232021259842518
0
LINE
8
BLACK
6
CONTINUOUS
10
5.7780770078740158
20
1.7232021259842518
11
5.7778701181102363
21
1.7226615354330708
0
LINE
8
BLACK
6
CONTINUOUS
10
5.7778701181102363
20
1.7226615354330708
11
5.7759953543307088
21
1.7189120078740157
0
LINE
8
BLACK
6
CONTINUOUS
10
5.7759953543307088
20
1.7189120078740157
11
5.7758392519685042
21
1.7186640157480315
0
LINE
8
BLACK
6
CONTINUOUS
10
5.7758392519685042
20
1.7186640157480315
11
5.7758094488188974
21
1.7185920472440945
0
LINE
8
BLACK
6
CONTINUOUS
10
5.7758094488188974
20
1.7185920472440945
11
5.7757429921259842
21
1.7185111023622046
0
LINE
8
BLACK
6
CONTINUOUS
10
5.7757429921259842
20
1.7185111023622046
11
5.7756870078740157
21
1.718422125984252
0
LINE
8
BLACK
6
CONTINUOUS
10
5.7756870078740157
20
1.718422125984252
11
5.7756279527559053
21
1.7183709448818898
0
LINE
8
BLACK
6
CONTINUOUS
10
5.7756279527559053
20
1.7183709448818898
11
5.7754422047244089
21
1.7181445669291338
0
LINE
8
BLACK
6
CONTINUOUS
10
5.7754422047244089
20
1.7181445669291338
11
5.7735674015748026
21
1.7162698031496062
0
LINE
8
BLACK
6
CONTINUOUS
10
5.7735674015748026
20
1.7162698031496062
11
5.7733410629921256
21
1.716084094488189
0
LINE
8
BLACK
6
CONTINUOUS
10
5.7733410629921256
20
1.716084094488189
11
5.7732899212598427
21
1.7160250787401574
0
LINE
8
BLACK
6
CONTINUOUS
10
5.7732899212598427
20
1.7160250787401574
11
5.773200984251968
21
1.7159691338582677
0
LINE
8
BLACK
6
CONTINUOUS
10
5.773200984251968
20
1.7159691338582677
11
5.7731199606299208
21
1.7159025984251968
0
LINE
8
BLACK
6
CONTINUOUS
10
5.7731199606299208
20
1.7159025984251968
11
5.7730479133858266
21
1.7158727952755906
0
LINE
8
BLACK
6
CONTINUOUS
10
5.7730479133858266
20
1.7158727952755906
11
5.7728000393700789
21
1.7157167322834646
0
LINE
8
BLACK
6
CONTINUOUS
10
5.7728000393700789
20
1.7157167322834646
11
5.7690505118110238
21
1.713841968503937
0
LINE
8
BLACK
6
CONTINUOUS
10
5.7690505118110238
20
1.713841968503937
11
5.7690083858267718
21
1.7138258661417323
0
LINE
8
BLACK
6
CONTINUOUS
10
5.7690083858267718
20
1.7138258661417323
11
5.7689912598425197
21
1.7138131496062992
0
LINE
8
BLACK
6
CONTINUOUS
10
5.7689912598425197
20
1.7138131496062992
11
5.7687492913385823
21
1.7137267322834646
0
LINE
8
BLACK
6
CONTINUOUS
10
5.7687492913385823
20
1.7137267322834646
11
5.7685098818897638
21
1.7136350787401575
0
LINE
8
BLACK
6
CONTINUOUS
10
5.7685098818897638
20
1.7136350787401575
11
5.7684886220472436
21
1.7136335826771654
0
LINE
8
BLACK
6
CONTINUOUS
10
5.7684886220472436
20
1.7136335826771654
11
5.7684461417322836
21
1.7136183858267715
0
LINE
8
BLACK
6
CONTINUOUS
10
5.7684461417322836
20
1.7136183858267715
11
5.7609470866141734
21
1.711743622047244
0
LINE
8
BLACK
6
CONTINUOUS
10
5.7609470866141734
20
1.711743622047244
11
5.760847204724409
21
1.7117288582677166
0
LINE
8
BLACK
6
CONTINUOUS
10
5.760847204724409
20
1.7117288582677166
11
5.7608070078740159
21
1.7117122047244093
0
LINE
8
BLACK
6
CONTINUOUS
10
5.7608070078740159
20
1.7117122047244093
11
5.7605899606299209
21
1.7116908661417323
0
LINE
8
BLACK
6
CONTINUOUS
10
5.7605899606299209
20
1.7116908661417323
11
5.760374488188976
21
1.7116589763779526
0
LINE
8
BLACK
6
CONTINUOUS
10
5.760374488188976
20
1.7116589763779526
11
5.7603314566929136
21
1.7116653937007873
0
LINE
8
BLACK
6
CONTINUOUS
10
5.7603314566929136
20
1.7116653937007873
11
5.76023094488189
21
1.7116554724409447
0
LINE
8
BLACK
6
CONTINUOUS
10
5.76023094488189
20
1.7116554724409447
11
5.7508571259842522
21
1.7116554724409447
0
LINE
8
BLACK
6
CONTINUOUS
10
5.7508571259842522
20
1.7116554724409447
11
5.7507565748031491
21
1.7116653937007873
0
LINE
8
BLACK
6
CONTINUOUS
10
5.7507565748031491
20
1.7116653937007873
11
5.7507135826771654
21
1.7116589763779526
0
LINE
8
BLACK
6
CONTINUOUS
10
5.7507135826771654
20
1.7116589763779526
11
5.7504980708661417
21
1.7116908661417323
0
LINE
8
BLACK
6
CONTINUOUS
10
5.7504980708661417
20
1.7116908661417323
11
5.7502810629921255
21
1.7117122047244093
0
LINE
8
BLACK
6
CONTINUOUS
10
5.7502810629921255
20
1.7117122047244093
11
5.7502408267716536
21
1.7117288582677166
0
LINE
8
BLACK
6
CONTINUOUS
10
5.7502408267716536
20
1.7117288582677166
11
5.750140984251968
21
1.711743622047244
0
LINE
8
BLACK
6
CONTINUOUS
10
5.750140984251968
20
1.711743622047244
11
5.7426419291338577
21
1.7136183858267715
0
LINE
8
BLACK
6
CONTINUOUS
10
5.7426419291338577
20
1.7136183858267715
11
5.7425994094488191
21
1.7136335826771654
0
LINE
8
BLACK
6
CONTINUOUS
10
5.7425994094488191
20
1.7136335826771654
11
5.7425781496062989
21
1.7136350787401575
0
LINE
8
BLACK
6
CONTINUOUS
10
5.7425781496062989
20
1.7136350787401575
11
5.7423383858267716
21
1.7137268503937007
0
LINE
8
BLACK
6
CONTINUOUS
10
5.7423383858267716
20
1.7137268503937007
11
5.7420968110236217
21
1.7138131496062992
0
LINE
8
BLACK
6
CONTINUOUS
10
5.7420968110236217
20
1.7138131496062992
11
5.7420796456692909
21
1.7138258661417323
0
LINE
8
BLACK
6
CONTINUOUS
10
5.7420796456692909
20
1.7138258661417323
11
5.7420375590551176
21
1.713841968503937
0
LINE
8
BLACK
6
CONTINUOUS
10
5.7420375590551176
20
1.713841968503937
11
5.7382880314960625
21
1.7157167322834646
0
LINE
8
BLACK
6
CONTINUOUS
10
5.7382880314960625
20
1.7157167322834646
11
5.7380399999999998
21
1.7158728346456693
0
LINE
8
BLACK
6
CONTINUOUS
10
5.7380399999999998
20
1.7158728346456693
11
5.7379680708661418
21
1.7159026377952755
0
LINE
8
BLACK
6
CONTINUOUS
10
5.7379680708661418
20
1.7159026377952755
11
5.7378870866141733
21
1.7159691338582677
0
LINE
8
BLACK
6
CONTINUOUS
10
5.7378870866141733
20
1.7159691338582677
11
5.7377981496062995
21
1.7160250787401574
0
LINE
8
BLACK
6
CONTINUOUS
10
5.7377981496062995
20
1.7160250787401574
11
5.7377469685039371
21
1.716084094488189
0
LINE
8
BLACK
6
CONTINUOUS
10
5.7377469685039371
20
1.716084094488189
11
5.73752062992126
21
1.716269842519685
0
LINE
8
BLACK
6
CONTINUOUS
10
5.73752062992126
20
1.716269842519685
11
5.7356458661417324
21
1.7181446062992125
0
LINE
8
BLACK
6
CONTINUOUS
10
5.7356458661417324
20
1.7181446062992125
11
5.7354600787401573
21
1.7183709842519685
0
LINE
8
BLACK
6
CONTINUOUS
10
5.7354600787401573
20
1.7183709842519685
11
5.7354011023622045
21
1.718422125984252
0
LINE
8
BLACK
6
CONTINUOUS
10
5.7354011023622045
20
1.718422125984252
11
5.735345118110236
21
1.7185111023622046
0
LINE
8
BLACK
6
CONTINUOUS
10
5.735345118110236
20
1.7185111023622046
11
5.7352786614173228
21
1.7185920472440945
0
LINE
8
BLACK
6
CONTINUOUS
10
5.7352786614173228
20
1.7185920472440945
11
5.735248818897638
21
1.7186640157480315
0
LINE
8
BLACK
6
CONTINUOUS
10
5.735248818897638
20
1.7186640157480315
11
5.7350927559055114
21
1.7189120078740157
0
LINE
8
BLACK
6
CONTINUOUS
10
5.7350927559055114
20
1.7189120078740157
11
5.7332179921259838
21
1.7226615354330708
0
LINE
8
BLACK
6
CONTINUOUS
10
5.7332179921259838
20
1.7226615354330708
11
5.7330111023622043
21
1.7232021653543306
0
LINE
8
BLACK
6
CONTINUOUS
10
5.7330111023622043
20
1.7232021653543306
11
5.7330035826771653
21
1.7233079921259842
0
LINE
8
BLACK
6
CONTINUOUS
10
5.7330035826771653
20
1.7233079921259842
11
5.7329629921259837
21
1.7234059842519684
0
LINE
8
BLACK
6
CONTINUOUS
10
5.7329629921259837
20
1.7234059842519684
11
5.7329062598425198
21
1.7239820472440945
0
LINE
8
BLACK
6
CONTINUOUS
10
5.7329062598425198
20
1.7239820472440945
11
5.7329062598425198
21
1.7277315748031497
0
LINE
8
BLACK
6
CONTINUOUS
10
5.7329062598425198
20
1.7277315748031497
11
5.7329629921259837
21
1.7283076377952755
0
LINE
8
BLACK
6
CONTINUOUS
10
5.7329629921259837
20
1.7283076377952755
11
5.7330035826771653
21
1.7284056692913385
0
LINE
8
BLACK
6
CONTINUOUS
10
5.7330035826771653
20
1.7284056692913385
11
5.7330111023622043
21
1.7285114566929134
0
LINE
8
BLACK
6
CONTINUOUS
10
5.7330111023622043
20
1.7285114566929134
11
5.7332179921259838
21
1.7290520866141732
0
LINE
8
BLACK
6
CONTINUOUS
10
5.7332179921259838
20
1.7290520866141732
11
5.7350927559055114
21
1.7328016141732283
0
LINE
8
BLACK
6
CONTINUOUS
10
5.7350927559055114
20
1.7328016141732283
11
5.735248818897638
21
1.7330496456692912
0
LINE
8
BLACK
6
CONTINUOUS
10
5.735248818897638
20
1.7330496456692912
11
5.7352786614173228
21
1.7331215748031497
0
LINE
8
BLACK
6
CONTINUOUS
10
5.7352786614173228
20
1.7331215748031497
11
5.735345118110236
21
1.7332025590551181
0
LINE
8
BLACK
6
CONTINUOUS
10
5.735345118110236
20
1.7332025590551181
11
5.7354011023622045
21
1.7332914960629922
0
LINE
8
BLACK
6
CONTINUOUS
10
5.7354011023622045
20
1.7332914960629922
11
5.7354600787401573
21
1.7333426771653544
0
LINE
8
BLACK
6
CONTINUOUS
10
5.7354600787401573
20
1.7333426771653544
11
5.7356458661417324
21
1.7335690157480315
0
LINE
8
BLACK
6
CONTINUOUS
10
5.7356458661417324
20
1.7335690157480315
11
5.73752062992126
21
1.735443779527559
0
LINE
8
BLACK
6
CONTINUOUS
10
5.73752062992126
20
1.735443779527559
11
5.7377469685039371
21
1.7356295669291337
0
LINE
8
BLACK
6
CONTINUOUS
10
5.7377469685039371
20
1.7356295669291337
11
5.7377981496062995
21
1.7356885433070866
0
LINE
8
BLACK
6
CONTINUOUS
10
5.7377981496062995
20
1.7356885433070866
11
5.7378870866141733
21
1.7357445275590551
0
LINE
8
BLACK
6
CONTINUOUS
10
5.7378870866141733
20
1.7357445275590551
11
5.7379680708661418
21
1.7358109842519684
0
LINE
8
BLACK
6
CONTINUOUS
10
5.7379680708661418
20
1.7358109842519684
11
5.7380399999999998
21
1.7358408267716534
0
LINE
8
BLACK
6
CONTINUOUS
10
5.7380399999999998
20
1.7358408267716534
11
5.7382880314960625
21
1.7359968897637794
0
LINE
8
BLACK
6
CONTINUOUS
10
5.7382880314960625
20
1.7359968897637794
11
5.7420375590551176
21
1.737871653543307
0
LINE
8
BLACK
6
CONTINUOUS
10
5.7420375590551176
20
1.737871653543307
11
5.7420796456692909
21
1.7378877952755905
0
LINE
8
BLACK
6
CONTINUOUS
10
5.7420796456692909
20
1.7378877952755905
11
5.7420968110236217
21
1.7379004724409448
0
LINE
8
BLACK
6
CONTINUOUS
10
5.7420968110236217
20
1.7379004724409448
11
5.7423383858267716
21
1.7379868110236221
0
LINE
8
BLACK
6
CONTINUOUS
10
5.7423383858267716
20
1.7379868110236221
11
5.7425781496062989
21
1.7380785433070867
0
LINE
8
BLACK
6
CONTINUOUS
10
5.7425781496062989
20
1.7380785433070867
11
5.7425994094488191
21
1.7380800787401574
0
LINE
8
BLACK
6
CONTINUOUS
10
5.7425994094488191
20
1.7380800787401574
11
5.7426419291338577
21
1.7380952362204725
0
LINE
8
BLACK
6
CONTINUOUS
10
5.7426419291338577
20
1.7380952362204725
11
5.750140984251968
21
1.73997
0
LINE
8
BLACK
6
CONTINUOUS
10
5.750140984251968
20
1.73997
11
5.7502408267716536
21
1.7399848031496064
0
LINE
8
BLACK
6
CONTINUOUS
10
5.7502408267716536
20
1.7399848031496064
11
5.7502810629921255
21
1.7400014173228346
0
LINE
8
BLACK
6
CONTINUOUS
10
5.7502810629921255
20
1.7400014173228346
11
5.7504980708661417
21
1.7400227952755905
0
LINE
8
BLACK
6
CONTINUOUS
10
5.7504980708661417
20
1.7400227952755905
11
5.7507135826771654
21
1.7400546456692914
0
LINE
8
BLACK
6
CONTINUOUS
10
5.7507135826771654
20
1.7400546456692914
11
5.7507565748031491
21
1.7400482677165354
0
LINE
8
BLACK
6
CONTINUOUS
10
5.7507565748031491
20
1.7400482677165354
11
5.7508571259842522
21
1.7400581496062992
0
LINE
8
BLACK
6
CONTINUOUS
10
5.7508571259842522
20
1.7400581496062992
11
5.76023094488189
21
1.7400581496062992
0
LINE
8
BLACK
6
CONTINUOUS
10
5.76023094488189
20
1.7400581496062992
11
5.7603314566929136
21
1.7400482677165354
0
LINE
8
BLACK
6
CONTINUOUS
10
5.7443886220472438
20
1.7324446456692912
11
5.7413576377952751
21
1.7309291338582677
0
LINE
8
BLACK
6
CONTINUOUS
10
5.7413576377952751
20
1.7309291338582677
11
5.7401605118110233
21
1.7297320078740157
0
LINE
8
BLACK
6
CONTINUOUS
10
5.7401605118110233
20
1.7297320078740157
11
5.7388117716535429
21
1.7270345275590551
0
LINE
8
BLACK
6
CONTINUOUS
10
5.7388117716535429
20
1.7270345275590551
11
5.7388117716535429
21
1.7246790944881889
0
LINE
8
BLACK
6
CONTINUOUS
10
5.7388117716535429
20
1.7246790944881889
11
5.7401605118110233
21
1.7219816141732283
0
LINE
8
BLACK
6
CONTINUOUS
10
5.7401605118110233
20
1.7219816141732283
11
5.7413576377952751
21
1.7207844881889764
0
LINE
8
BLACK
6
CONTINUOUS
10
5.7413576377952751
20
1.7207844881889764
11
5.7443886220472438
21
1.7192690157480315
0
LINE
8
BLACK
6
CONTINUOUS
10
5.7443886220472438
20
1.7192690157480315
11
5.7512206692913388
21
1.7175609842519686
0
LINE
8
BLACK
6
CONTINUOUS
10
5.7512206692913388
20
1.7175609842519686
11
5.7598674015748026
21
1.7175609842519686
0
LINE
8
BLACK
6
CONTINUOUS
10
5.7598674015748026
20
1.7175609842519686
11
5.7666994488188976
21
1.7192690157480315
0
LINE
8
BLACK
6
CONTINUOUS
10
5.7666994488188976
20
1.7192690157480315
11
5.7697304330708663
21
1.720784527559055
0
LINE
8
BLACK
6
CONTINUOUS
10
5.7697304330708663
20
1.720784527559055
11
5.7709275984251969
21
1.721981653543307
0
LINE
8
BLACK
6
CONTINUOUS
10
5.7709275984251969
20
1.721981653543307
11
5.7722763385826772
21
1.7246790944881889
0
LINE
8
BLACK
6
CONTINUOUS
10
5.7722763385826772
20
1.7246790944881889
11
5.7722763385826772
21
1.7270345275590551
0
LINE
8
BLACK
6
CONTINUOUS
10
5.7722763385826772
20
1.7270345275590551
11
5.7709275984251969
21
1.7297320078740157
0
LINE
8
BLACK
6
CONTINUOUS
10
5.7709275984251969
20
1.7297320078740157
11
5.7697304330708663
21
1.7309291338582677
0
LINE
8
BLACK
6
CONTINUOUS
10
5.7697304330708663
20
1.7309291338582677
11
5.7666994488188976
21
1.7324446456692912
0
LINE
8
BLACK
6
CONTINUOUS
10
5.7666994488188976
20
1.7324446456692912
11
5.7598674015748026
21
1.7341526377952756
0
LINE
8
BLACK
6
CONTINUOUS
10
5.7598674015748026
20
1.7341526377952756
11
5.7512206692913388
21
1.7341526377952756
0
LINE
8
BLACK
6
CONTINUOUS
10
5.7512206692913388
20
1.7341526377952756
11
5.7443886220472438
21
1.7324446456692912
0
LINE
8
BLACK
6
CONTINUOUS
10
5.6537579133858262
20
1.8203801574803149
11
5.6548223228346455
21
1.8199392519685038
0
LINE
8
BLACK
6
CONTINUOUS
10
5.6548223228346455
20
1.8199392519685038
11
5.6556369685039369
21
1.8191246062992126
0
LINE
8
BLACK
6
CONTINUOUS
10
5.6556369685039369
20
1.8191246062992126
11
5.6560778740157476
21
1.8180601968503936
0
LINE
8
BLACK
6
CONTINUOUS
10
5.6560778740157476
20
1.8180601968503936
11
5.6560778740157476
21
1.8169080708661416
0
LINE
8
BLACK
6
CONTINUOUS
10
5.6560778740157476
20
1.8169080708661416
11
5.6556369685039369
21
1.8158436614173228
0
LINE
8
BLACK
6
CONTINUOUS
10
5.6556369685039369
20
1.8158436614173228
11
5.6548223228346455
21
1.8150290157480315
0
LINE
8
BLACK
6
CONTINUOUS
10
5.6548223228346455
20
1.8150290157480315
11
5.6537579133858262
21
1.8145881102362205
0
LINE
8
BLACK
6
CONTINUOUS
10
5.6537579133858262
20
1.8145881102362205
11
5.6531818503937004
21
1.8145313779527559
0
LINE
8
BLACK
6
CONTINUOUS
10
5.6531818503937004
20
1.8145313779527559
11
5.6332564566929131
21
1.8145313779527559
0
LINE
8
BLACK
6
CONTINUOUS
10
5.6332564566929131
20
1.8145313779527559
11
5.6310107086614174
21
1.8134085433070866
0
LINE
8
BLACK
6
CONTINUOUS
10
5.6310107086614174
20
1.8134085433070866
11
5.6298878740157479
21
1.8111627952755904
0
LINE
8
BLACK
6
CONTINUOUS
10
5.6298878740157479
20
1.8111627952755904
11
5.6298878740157479
21
1.806932559055118
0
LINE
8
BLACK
6
CONTINUOUS
10
5.6298878740157479
20
1.806932559055118
11
5.6310107086614174
21
1.8046868503937008
0
LINE
8
BLACK
6
CONTINUOUS
10
5.6310107086614174
20
1.8046868503937008
11
5.6332564566929131
21
1.8035639763779527
0
LINE
8
BLACK
6
CONTINUOUS
10
5.6332564566929131
20
1.8035639763779527
11
5.6531818503937004
21
1.8035639763779527
0
LINE
8
BLACK
6
CONTINUOUS
10
5.6531818503937004
20
1.8035639763779527
11
5.6537579133858262
21
1.8035072440944881
0
LINE
8
BLACK
6
CONTINUOUS
10
5.6537579133858262
20
1.8035072440944881
11
5.6548223228346455
21
1.8030663385826771
0
LINE
8
BLACK
6
CONTINUOUS
10
5.6548223228346455
20
1.8030663385826771
11
5.6556369685039369
21
1.8022516929133858
0
LINE
8
BLACK
6
CONTINUOUS
10
5.6556369685039369
20
1.8022516929133858
11
5.6560778740157476
21
1.8011872834645668
0
LINE
8
BLACK
6
CONTINUOUS
10
5.6560778740157476
20
1.8011872834645668
11
5.6560778740157476
21
1.8000351574803148
0
LINE
8
BLACK
6
CONTINUOUS
10
5.6560778740157476
20
1.8000351574803148
11
5.6556369685039369
21
1.798970748031496
0
LINE
8
BLACK
6
CONTINUOUS
10
5.6556369685039369
20
1.798970748031496
11
5.6548223228346455
21
1.7981561023622046
0
LINE
8
BLACK
6
CONTINUOUS
10
5.6548223228346455
20
1.7981561023622046
11
5.6537579133858262
21
1.7977151968503937
0
LINE
8
BLACK
6
CONTINUOUS
10
5.6537579133858262
20
1.7977151968503937
11
5.6531818503937004
21
1.7976584645669291
0
LINE
8
BLACK
6
CONTINUOUS
10
5.6531818503937004
20
1.7976584645669291
11
5.6332564566929131
21
1.7976584645669291
0
LINE
8
BLACK
6
CONTINUOUS
10
5.6332564566929131
20
1.7976584645669291
11
5.6310107086614174
21
1.7965356299212598
0
LINE
8
BLACK
6
CONTINUOUS
10
5.6310107086614174
20
1.7965356299212598
11
5.6298878740157479
21
1.7942898818897637
0
LINE
8
BLACK
6
CONTINUOUS
10
5.6298878740157479
20
1.7942898818897637
11
5.6298878740157479
21
1.79005968503937
0
LINE
8
BLACK
6
CONTINUOUS
10
5.6298878740157479
20
1.79005968503937
11
5.6312366141732282
21
1.7873622047244093
0
LINE
8
BLACK
6
CONTINUOUS
10
5.6312366141732282
20
1.7873622047244093
11
5.6319077165354328
21
1.7866911023622047
0
LINE
8
BLACK
6
CONTINUOUS
10
5.6319077165354328
20
1.7866911023622047
11
5.6531818503937004
21
1.7866911023622047
0
LINE
8
BLACK
6
CONTINUOUS
10
5.6531818503937004
20
1.7866911023622047
11
5.6537579133858262
21
1.7866343700787402
0
LINE
8
BLACK
6
CONTINUOUS
10
5.6537579133858262
20
1.7866343700787402
11
5.6548223228346455
21
1.7861934645669291
0
LINE
8
BLACK
6
CONTINUOUS
10
5.6548223228346455
20
1.7861934645669291
11
5.6556369685039369
21
1.7853788188976378
0
LINE
8
BLACK
6
CONTINUOUS
10
5.6556369685039369
20
1.7853788188976378
11
5.6560778740157476
21
1.7843144094488188
0
LINE
8
BLACK
6
CONTINUOUS
10
5.6560778740157476
20
1.7843144094488188
11
5.6560778740157476
21
1.7831622834645668
0
LINE
8
BLACK
6
CONTINUOUS
10
5.6560778740157476
20
1.7831622834645668
11
5.6556369685039369
21
1.782097874015748
0
LINE
8
BLACK
6
CONTINUOUS
10
5.6556369685039369
20
1.782097874015748
11
5.6548223228346455
21
1.7812832283464566
0
LINE
8
BLACK
6
CONTINUOUS
10
5.6548223228346455
20
1.7812832283464566
11
5.6537579133858262
21
1.7808423228346457
0
LINE
8
BLACK
6
CONTINUOUS
10
5.6537579133858262
20
1.7808423228346457
11
5.6531818503937004
21
1.7807855905511811
0
LINE
8
BLACK
6
CONTINUOUS
10
5.6531818503937004
20
1.7807855905511811
11
5.6269351181102358
21
1.7807855905511811
0
LINE
8
BLACK
6
CONTINUOUS
10
5.6269351181102358
20
1.7807855905511811
11
5.62635905511811
21
1.7808423228346457
0
LINE
8
BLACK
6
CONTINUOUS
10
5.62635905511811
20
1.7808423228346457
11
5.6252946456692916
21
1.7812832283464566
0
LINE
8
BLACK
6
CONTINUOUS
10
5.6252946456692916
20
1.7812832283464566
11
5.6244800000000001
21
1.782097874015748
0
LINE
8
BLACK
6
CONTINUOUS
10
5.6244800000000001
20
1.782097874015748
11
5.6240390944881886
21
1.7831622834645668
0
LINE
8
BLACK
6
CONTINUOUS
10
5.6240390944881886
20
1.7831622834645668
11
5.6240390944881886
21
1.7843144094488188
0
LINE
8
BLACK
6
CONTINUOUS
10
5.6240390944881886
20
1.7843144094488188
11
5.6244800000000001
21
1.7853788188976378
0
LINE
8
BLACK
6
CONTINUOUS
10
5.6244800000000001
20
1.7853788188976378
11
5.6252438188976379
21
1.7861426771653544
0
LINE
8
BLACK
6
CONTINUOUS
10
5.6252438188976379
20
1.7861426771653544
11
5.6242940944881887
21
1.7880421259842518
0
LINE
8
BLACK
6
CONTINUOUS
10
5.6242940944881887
20
1.7880421259842518
11
5.6240872047244093
21
1.7885827559055119
0
LINE
8
BLACK
6
CONTINUOUS
10
5.6240872047244093
20
1.7885827559055119
11
5.6240796850393702
21
1.7886885826771652
0
LINE
8
BLACK
6
CONTINUOUS
10
5.6240796850393702
20
1.7886885826771652
11
5.6240390944881886
21
1.7887865748031495
0
LINE
8
BLACK
6
CONTINUOUS
10
5.6240390944881886
20
1.7887865748031495
11
5.6239823622047247
21
1.7893626377952756
0
LINE
8
BLACK
6
CONTINUOUS
10
5.6239823622047247
20
1.7893626377952756
11
5.6239823622047247
21
1.7949869291338583
0
LINE
8
BLACK
6
CONTINUOUS
10
5.6239823622047247
20
1.7949869291338583
11
5.6240390944881886
21
1.7955629921259841
0
LINE
8
BLACK
6
CONTINUOUS
10
5.6240390944881886
20
1.7955629921259841
11
5.6240796850393702
21
1.7956610236220472
0
LINE
8
BLACK
6
CONTINUOUS
10
5.6240796850393702
20
1.7956610236220472
11
5.6240872047244093
21
1.795766811023622
0
LINE
8
BLACK
6
CONTINUOUS
10
5.6240872047244093
20
1.795766811023622
11
5.6242940944881887
21
1.7963074409448818
0
LINE
8
BLACK
6
CONTINUOUS
10
5.6242940944881887
20
1.7963074409448818
11
5.6261688582677163
21
1.8000569685039369
0
LINE
8
BLACK
6
CONTINUOUS
10
5.6261688582677163
20
1.8000569685039369
11
5.6262294881889758
21
1.8001533464566928
0
LINE
8
BLACK
6
CONTINUOUS
10
5.6262294881889758
20
1.8001533464566928
11
5.6262446456692912
21
1.8001987401574804
0
LINE
8
BLACK
6
CONTINUOUS
10
5.6262446456692912
20
1.8001987401574804
11
5.6262936614173231
21
1.80025531496063
0
LINE
8
BLACK
6
CONTINUOUS
10
5.6262936614173231
20
1.80025531496063
11
5.6264772047244094
21
1.8005468503937008
0
LINE
8
BLACK
6
CONTINUOUS
10
5.6264772047244094
20
1.8005468503937008
11
5.6265514173228341
21
1.8006112204724409
0
LINE
8
BLACK
6
CONTINUOUS
10
5.6265514173228341
20
1.8006112204724409
11
5.6264772047244094
21
1.8006755905511811
0
LINE
8
BLACK
6
CONTINUOUS
10
5.6264772047244094
20
1.8006755905511811
11
5.6262936614173231
21
1.8009671653543307
0
LINE
8
BLACK
6
CONTINUOUS
10
5.6262936614173231
20
1.8009671653543307
11
5.6262446456692912
21
1.8010237007874015
0
LINE
8
BLACK
6
CONTINUOUS
10
5.6262446456692912
20
1.8010237007874015
11
5.6262294881889758
21
1.8010691338582676
0
LINE
8
BLACK
6
CONTINUOUS
10
5.6262294881889758
20
1.8010691338582676
11
5.6261688582677163
21
1.8011654724409449
0
LINE
8
BLACK
6
CONTINUOUS
10
5.6261688582677163
20
1.8011654724409449
11
5.6242940944881887
21
1.804915
0
LINE
8
BLACK
6
CONTINUOUS
10
5.6242940944881887
20
1.804915
11
5.6240872047244093
21
1.8054556299212599
0
LINE
8
BLACK
6
CONTINUOUS
10
5.6240872047244093
20
1.8054556299212599
11
5.6240796850393702
21
1.8055614566929132
0
LINE
8
BLACK
6
CONTINUOUS
10
5.6240796850393702
20
1.8055614566929132
11
5.6240390944881886
21
1.8056594488188975
0
LINE
8
BLACK
6
CONTINUOUS
10
5.6240390944881886
20
1.8056594488188975
11
5.6239823622047247
21
1.8062355118110236
0
LINE
8
BLACK
6
CONTINUOUS
10
5.6239823622047247
20
1.8062355118110236
11
5.6239823622047247
21
1.8118598031496063
0
LINE
8
BLACK
6
CONTINUOUS
10
5.6239823622047247
20
1.8118598031496063
11
5.6240390944881886
21
1.8124358661417321
0
LINE
8
BLACK
6
CONTINUOUS
10
5.6240390944881886
20
1.8124358661417321
11
5.6240796850393702
21
1.8125338976377952
0
LINE
8
BLACK
6
CONTINUOUS
10
5.6240796850393702
20
1.8125338976377952
11
5.6240872047244093
21
1.81263968503937
0
LINE
8
BLACK
6
CONTINUOUS
10
5.6240872047244093
20
1.81263968503937
11
5.6242940944881887
21
1.8131803149606298
0
LINE
8
BLACK
6
CONTINUOUS
10
5.6242940944881887
20
1.8131803149606298
11
5.6261688582677163
21
1.8169298818897637
0
LINE
8
BLACK
6
CONTINUOUS
10
5.6261688582677163
20
1.8169298818897637
11
5.6262294881889758
21
1.817026220472441
0
LINE
8
BLACK
6
CONTINUOUS
10
5.6262294881889758
20
1.817026220472441
11
5.6262446456692912
21
1.8170716535433071
0
LINE
8
BLACK
6
CONTINUOUS
10
5.6262446456692912
20
1.8170716535433071
11
5.6262937007874019
21
1.8171282677165355
0
LINE
8
BLACK
6
CONTINUOUS
10
5.6262937007874019
20
1.8171282677165355
11
5.6264772047244094
21
1.8174197244094488
0
LINE
8
BLACK
6
CONTINUOUS
10
5.6264772047244094
20
1.8174197244094488
11
5.6267568110236219
21
1.8176622440944881
0
LINE
8
BLACK
6
CONTINUOUS
10
5.6267568110236219
20
1.8176622440944881
11
5.626999488188976
21
1.8179420472440944
0
LINE
8
BLACK
6
CONTINUOUS
10
5.626999488188976
20
1.8179420472440944
11
5.627291023622047
21
1.8181255905511811
0
LINE
8
BLACK
6
CONTINUOUS
10
5.627291023622047
20
1.8181255905511811
11
5.6273475984251968
21
1.8181746062992126
0
LINE
8
BLACK
6
CONTINUOUS
10
5.6273475984251968
20
1.8181746062992126
11
5.6273929921259844
21
1.8181897637795275
0
LINE
8
BLACK
6
CONTINUOUS
10
5.6273929921259844
20
1.8181897637795275
11
5.6274893700787398
21
1.8182503937007874
0
LINE
8
BLACK
6
CONTINUOUS
10
5.6274893700787398
20
1.8182503937007874
11
5.6312388976377949
21
1.820125157480315
0
LINE
8
BLACK
6
CONTINUOUS
10
5.6312388976377949
20
1.820125157480315
11
5.6317794881889762
21
1.8203320472440945
0
LINE
8
BLACK
6
CONTINUOUS
10
5.6317794881889762
20
1.8203320472440945
11
5.6318853543307084
21
1.8203396062992125
0
LINE
8
BLACK
6
CONTINUOUS
10
5.6318853543307084
20
1.8203396062992125
11
5.6319833464566926
21
1.8203801574803149
0
LINE
8
BLACK
6
CONTINUOUS
10
5.6319833464566926
20
1.8203801574803149
11
5.6325594094488185
21
1.8204368897637795
0
LINE
8
BLACK
6
CONTINUOUS
10
5.6325594094488185
20
1.8204368897637795
11
5.6531818503937004
21
1.8204368897637795
0
LINE
8
BLACK
6
CONTINUOUS
10
5.6531818503937004
20
1.8204368897637795
11
5.6537579133858262
21
1.8203801574803149
0
LINE
8
BLACK
6
CONTINUOUS
10
5.7758051574803151
20
1.8206163779527558
11
5.7768695669291334
21
1.8201754724409449
0
LINE
8
BLACK
6
CONTINUOUS
10
5.7768695669291334
20
1.8201754724409449
11
5.7776842125984249
21
1.8193608267716534
0
LINE
8
BLACK
6
CONTINUOUS
10
5.7776842125984249
20
1.8193608267716534
11
5.7781251181102364
21
1.8182964173228346
0
LINE
8
BLACK
6
CONTINUOUS
10
5.7781251181102364
20
1.8182964173228346
11
5.7781251181102364
21
1.8171442913385827
0
LINE
8
BLACK
6
CONTINUOUS
10
5.7781251181102364
20
1.8171442913385827
11
5.7776842125984249
21
1.8160798818897637
0
LINE
8
BLACK
6
CONTINUOUS
10
5.7776842125984249
20
1.8160798818897637
11
5.7768695669291334
21
1.8152652362204724
0
LINE
8
BLACK
6
CONTINUOUS
10
5.7768695669291334
20
1.8152652362204724
11
5.7758051574803151
21
1.8148243307086613
0
LINE
8
BLACK
6
CONTINUOUS
10
5.7758051574803151
20
1.8148243307086613
11
5.7752290944881892
21
1.8147675984251967
0
LINE
8
BLACK
6
CONTINUOUS
10
5.7752290944881892
20
1.8147675984251967
11
5.7553037007874011
21
1.8147675984251967
0
LINE
8
BLACK
6
CONTINUOUS
10
5.7553037007874011
20
1.8147675984251967
11
5.7530579527559054
21
1.8136447637795274
0
LINE
8
BLACK
6
CONTINUOUS
10
5.7530579527559054
20
1.8136447637795274
11
5.7519351181102358
21
1.8113990157480315
0
LINE
8
BLACK
6
CONTINUOUS
10
5.7519351181102358
20
1.8113990157480315
11
5.7519351181102358
21
1.8071687795275591
0
LINE
8
BLACK
6
CONTINUOUS
10
5.7519351181102358
20
1.8071687795275591
11
5.7530579527559054
21
1.8049230708661417
0
LINE
8
BLACK
6
CONTINUOUS
10
5.7530579527559054
20
1.8049230708661417
11
5.7553037007874011
21
1.8038001968503936
0
LINE
8
BLACK
6
CONTINUOUS
10
5.7553037007874011
20
1.8038001968503936
11
5.7752290944881892
21
1.8038001968503936
0
LINE
8
BLACK
6
CONTINUOUS
10
5.7752290944881892
20
1.8038001968503936
11
5.7758051574803151
21
1.803743464566929
0
LINE
8
BLACK
6
CONTINUOUS
10
5.7758051574803151
20
1.803743464566929
11
5.7768695669291334
21
1.8033025590551182
0
LINE
8
BLACK
6
CONTINUOUS
10
5.7768695669291334
20
1.8033025590551182
11
5.7776842125984249
21
1.8024879133858267
0
LINE
8
BLACK
6
CONTINUOUS
10
5.7776842125984249
20
1.8024879133858267
11
5.7781251181102364
21
1.8014235039370079
0
LINE
8
BLACK
6
CONTINUOUS
10
5.7781251181102364
20
1.8014235039370079
11
5.7781251181102364
21
1.8002713779527559
0
LINE
8
BLACK
6
CONTINUOUS
10
5.7781251181102364
20
1.8002713779527559
11
5.7776842125984249
21
1.7992069685039369
0
LINE
8
BLACK
6
CONTINUOUS
10
5.7776842125984249
20
1.7992069685039369
11
5.7768695669291334
21
1.7983923228346457
0
LINE
8
BLACK
6
CONTINUOUS
10
5.7768695669291334
20
1.7983923228346457
11
5.7758051574803151
21
1.7979514173228346
0
LINE
8
BLACK
6
CONTINUOUS
10
5.7758051574803151
20
1.7979514173228346
11
5.7752290944881892
21
1.79789468503937
0
LINE
8
BLACK
6
CONTINUOUS
10
5.7752290944881892
20
1.79789468503937
11
5.7553037007874011
21
1.79789468503937
0
LINE
8
BLACK
6
CONTINUOUS
10
5.7553037007874011
20
1.79789468503937
11
5.7530579527559054
21
1.7967718503937007
0
LINE
8
BLACK
6
CONTINUOUS
10
5.7530579527559054
20
1.7967718503937007
11
5.7519351181102358
21
1.7945261023622048
0
LINE
8
BLACK
6
CONTINUOUS
10
5.7519351181102358
20
1.7945261023622048
11
5.7519351181102358
21
1.7902959055118111
0
LINE
8
BLACK
6
CONTINUOUS
10
5.7519351181102358
20
1.7902959055118111
11
5.7532838582677162
21
1.7875984251968504
0
LINE
8
BLACK
6
CONTINUOUS
10
5.7532838582677162
20
1.7875984251968504
11
5.7539549606299207
21
1.7869273228346456
0
LINE
8
BLACK
6
CONTINUOUS
10
5.7539549606299207
20
1.7869273228346456
11
5.7752290944881892
21
1.7869273228346456
0
LINE
8
BLACK
6
CONTINUOUS
10
5.7752290944881892
20
1.7869273228346456
11
5.7758051574803151
21
1.786870590551181
0
LINE
8
BLACK
6
CONTINUOUS
10
5.7758051574803151
20
1.786870590551181
11
5.7768695669291334
21
1.7864296850393699
0
LINE
8
BLACK
6
CONTINUOUS
10
5.7768695669291334
20
1.7864296850393699
11
5.7776842125984249
21
1.7856150393700787
0
LINE
8
BLACK
6
CONTINUOUS
10
5.7776842125984249
20
1.7856150393700787
11
5.7781251181102364
21
1.7845506299212599
0
LINE
8
BLACK
6
CONTINUOUS
10
5.7781251181102364
20
1.7845506299212599
11
5.7781251181102364
21
1.7833985039370079
0
LINE
8
BLACK
6
CONTINUOUS
10
5.7781251181102364
20
1.7833985039370079
11
5.7776842125984249
21
1.7823340944881889
0
LINE
8
BLACK
6
CONTINUOUS
10
5.7776842125984249
20
1.7823340944881889
11
5.7768695669291334
21
1.7815194488188977
0
LINE
8
BLACK
6
CONTINUOUS
10
5.7768695669291334
20
1.7815194488188977
11
5.7758051574803151
21
1.7810785433070866
0
LINE
8
BLACK
6
CONTINUOUS
10
5.7758051574803151
20
1.7810785433070866
11
5.7752290944881892
21
1.781021811023622
0
LINE
8
BLACK
6
CONTINUOUS
10
5.7752290944881892
20
1.781021811023622
11
5.7489823622047247
21
1.781021811023622
0
LINE
8
BLACK
6
CONTINUOUS
10
5.7489823622047247
20
1.781021811023622
11
5.7484062992125979
21
1.7810785433070866
0
LINE
8
BLACK
6
CONTINUOUS
10
5.7484062992125979
20
1.7810785433070866
11
5.7473418897637796
21
1.7815194488188977
0
LINE
8
BLACK
6
CONTINUOUS
10
5.7473418897637796
20
1.7815194488188977
11
5.7465272440944881
21
1.7823340944881889
0
LINE
8
BLACK
6
CONTINUOUS
10
5.7465272440944881
20
1.7823340944881889
11
5.7460863385826775
21
1.7833985039370079
0
LINE
8
BLACK
6
CONTINUOUS
10
5.7460863385826775
20
1.7833985039370079
11
5.7460863385826775
21
1.7845506299212599
0
LINE
8
BLACK
6
CONTINUOUS
10
5.7460863385826775
20
1.7845506299212599
11
5.7465272440944881
21
1.7856150393700787
0
LINE
8
BLACK
6
CONTINUOUS
10
5.7465272440944881
20
1.7856150393700787
11
5.7472910629921259
21
1.7863788976377952
0
LINE
8
BLACK
6
CONTINUOUS
10
5.7472910629921259
20
1.7863788976377952
11
5.7463413385826767
21
1.7882783464566929
0
LINE
8
BLACK
6
CONTINUOUS
10
5.7463413385826767
20
1.7882783464566929
11
5.7461344488188972
21
1.7888189763779527
0
LINE
8
BLACK
6
CONTINUOUS
10
5.7461344488188972
20
1.7888189763779527
11
5.7461269291338581
21
1.7889248031496063
0
LINE
8
BLACK
6
CONTINUOUS
10
5.7461269291338581
20
1.7889248031496063
11
5.7460863385826775
21
1.7890227952755906
0
LINE
8
BLACK
6
CONTINUOUS
10
5.7460863385826775
20
1.7890227952755906
11
5.7460296062992127
21
1.7895988582677165
0
LINE
8
BLACK
6
CONTINUOUS
10
5.7460296062992127
20
1.7895988582677165
11
5.7460296062992127
21
1.7952231496062991
0
LINE
8
BLACK
6
CONTINUOUS
10
5.7460296062992127
20
1.7952231496062991
11
5.7460863385826775
21
1.7957992125984252
0
LINE
8
BLACK
6
CONTINUOUS
10
5.7460863385826775
20
1.7957992125984252
11
5.7461269291338581
21
1.7958972440944883
0
LINE
8
BLACK
6
CONTINUOUS
10
5.7461269291338581
20
1.7958972440944883
11
5.7461344488188972
21
1.7960030314960629
0
LINE
8
BLACK
6
CONTINUOUS
10
5.7461344488188972
20
1.7960030314960629
11
5.7463413385826767
21
1.7965436614173227
0
LINE
8
BLACK
6
CONTINUOUS
10
5.7463413385826767
20
1.7965436614173227
11
5.7482161023622043
21
1.800293188976378
0
LINE
8
BLACK
6
CONTINUOUS
10
5.7482161023622043
20
1.800293188976378
11
5.7482767322834647
21
1.8003895669291339
0
LINE
8
BLACK
6
CONTINUOUS
10
5.7482767322834647
20
1.8003895669291339
11
5.7482918897637791
21
1.8004349606299213
0
LINE
8
BLACK
6
CONTINUOUS
10
5.7482918897637791
20
1.8004349606299213
11
5.7483409055118111
21
1.8004915354330708
0
LINE
8
BLACK
6
CONTINUOUS
10
5.7483409055118111
20
1.8004915354330708
11
5.7485244488188973
21
1.8007830708661416
0
LINE
8
BLACK
6
CONTINUOUS
10
5.7485244488188973
20
1.8007830708661416
11
5.748598661417323
21
1.8008474409448818
0
LINE
8
BLACK
6
CONTINUOUS
10
5.748598661417323
20
1.8008474409448818
11
5.7485244488188973
21
1.800911811023622
0
LINE
8
BLACK
6
CONTINUOUS
10
5.7485244488188973
20
1.800911811023622
11
5.7483409055118111
21
1.8012033858267715
0
LINE
8
BLACK
6
CONTINUOUS
10
5.7483409055118111
20
1.8012033858267715
11
5.7482918897637791
21
1.8012599212598426
0
LINE
8
BLACK
6
CONTINUOUS
10
5.7482918897637791
20
1.8012599212598426
11
5.7482767322834647
21
1.8013053543307087
0
LINE
8
BLACK
6
CONTINUOUS
10
5.7482767322834647
20
1.8013053543307087
11
5.7482161023622043
21
1.8014016929133858
0
LINE
8
BLACK
6
CONTINUOUS
10
5.7482161023622043
20
1.8014016929133858
11
5.7463413385826767
21
1.8051512204724409
0
LINE
8
BLACK
6
CONTINUOUS
10
5.7463413385826767
20
1.8051512204724409
11
5.7461344488188972
21
1.8056918503937007
0
LINE
8
BLACK
6
CONTINUOUS
10
5.7461344488188972
20
1.8056918503937007
11
5.7461269291338581
21
1.8057976771653543
0
LINE
8
BLACK
6
CONTINUOUS
10
5.7461269291338581
20
1.8057976771653543
11
5.7460863385826775
21
1.8058956692913386
0
LINE
8
BLACK
6
CONTINUOUS
10
5.7460863385826775
20
1.8058956692913386
11
5.7460296062992127
21
1.8064717322834645
0
LINE
8
BLACK
6
CONTINUOUS
10
5.7460296062992127
20
1.8064717322834645
11
5.7460296062992127
21
1.8120960236220471
0
LINE
8
BLACK
6
CONTINUOUS
10
5.7460296062992127
20
1.8120960236220471
11
5.7460863385826775
21
1.8126720866141732
0
LINE
8
BLACK
6
CONTINUOUS
10
5.7460863385826775
20
1.8126720866141732
11
5.7461269291338581
21
1.8127701181102363
0
LINE
8
BLACK
6
CONTINUOUS
10
5.7461269291338581
20
1.8127701181102363
11
5.7461344488188972
21
1.8128759055118109
0
LINE
8
BLACK
6
CONTINUOUS
10
5.7461344488188972
20
1.8128759055118109
11
5.7463413385826767
21
1.8134165354330709
0
LINE
8
BLACK
6
CONTINUOUS
10
5.7463413385826767
20
1.8134165354330709
11
5.7482161023622043
21
1.8171661023622048
0
LINE
8
BLACK
6
CONTINUOUS
10
5.7482161023622043
20
1.8171661023622048
11
5.7482767322834647
21
1.8172624409448819
0
LINE
8
BLACK
6
CONTINUOUS
10
5.7482767322834647
20
1.8172624409448819
11
5.7482918897637791
21
1.817307874015748
0
LINE
8
BLACK
6
CONTINUOUS
10
5.7482918897637791
20
1.817307874015748
11
5.7483409448818898
21
1.8173644881889763
0
LINE
8
BLACK
6
CONTINUOUS
10
5.7483409448818898
20
1.8173644881889763
11
5.7485244488188973
21
1.8176559448818896
0
LINE
8
BLACK
6
CONTINUOUS
10
5.7485244488188973
20
1.8176559448818896
11
5.7488040551181099
21
1.8178984645669292
0
LINE
8
BLACK
6
CONTINUOUS
10
5.7488040551181099
20
1.8178984645669292
11
5.7490467322834649
21
1.8181782677165355
0
LINE
8
BLACK
6
CONTINUOUS
10
5.7490467322834649
20
1.8181782677165355
11
5.749338267716535
21
1.8183618110236219
0
LINE
8
BLACK
6
CONTINUOUS
10
5.749338267716535
20
1.8183618110236219
11
5.7493948425196848
21
1.8184108267716534
0
LINE
8
BLACK
6
CONTINUOUS
10
5.7493948425196848
20
1.8184108267716534
11
5.7494402362204724
21
1.8184259842519686
0
LINE
8
BLACK
6
CONTINUOUS
10
5.7494402362204724
20
1.8184259842519686
11
5.7495366141732278
21
1.8184866141732283
0
LINE
8
BLACK
6
CONTINUOUS
10
5.7495366141732278
20
1.8184866141732283
11
5.7532861417322829
21
1.8203613779527559
0
LINE
8
BLACK
6
CONTINUOUS
10
5.7532861417322829
20
1.8203613779527559
11
5.7538267322834642
21
1.8205682677165353
0
LINE
8
BLACK
6
CONTINUOUS
10
5.7538267322834642
20
1.8205682677165353
11
5.7539325984251963
21
1.8205758267716534
0
LINE
8
BLACK
6
CONTINUOUS
10
5.7539325984251963
20
1.8205758267716534
11
5.7540305905511806
21
1.8206163779527558
0
LINE
8
BLACK
6
CONTINUOUS
10
5.7540305905511806
20
1.8206163779527558
11
5.7546066535433074
21
1.8206731102362204
0
LINE
8
BLACK
6
CONTINUOUS
10
5.7546066535433074
20
1.8206731102362204
11
5.7752290944881892
21
1.8206731102362204
0
LINE
8
BLACK
6
CONTINUOUS
10
5.7752290944881892
20
1.8206731102362204
11
5.7758051574803151
21
1.8206163779527558
0
LINE
8
BLACK
6
CONTINUOUS
10
5.6537579133858262
20
1.8728735826771654
11
5.6548223228346455
21
1.8724326771653543
0
LINE
8
BLACK
6
CONTINUOUS
10
5.6548223228346455
20
1.8724326771653543
11
5.6556369685039369
21
1.8716180314960629
0
LINE
8
BLACK
6
CONTINUOUS
10
5.6556369685039369
20
1.8716180314960629
11
5.6560778740157476
21
1.8705536220472441
0
LINE
8
BLACK
6
CONTINUOUS
10
5.6560778740157476
20
1.8705536220472441
11
5.6560778740157476
21
1.8694014960629921
0
LINE
8
BLACK
6
CONTINUOUS
10
5.6560778740157476
20
1.8694014960629921
11
5.6556369685039369
21
1.8683370866141731
0
LINE
8
BLACK
6
CONTINUOUS
10
5.6556369685039369
20
1.8683370866141731
11
5.6548223228346455
21
1.8675224409448818
0
LINE
8
BLACK
6
CONTINUOUS
10
5.6548223228346455
20
1.8675224409448818
11
5.6537579133858262
21
1.8670815354330708
0
LINE
8
BLACK
6
CONTINUOUS
10
5.6537579133858262
20
1.8670815354330708
11
5.6531818503937004
21
1.8670248031496062
0
LINE
8
BLACK
6
CONTINUOUS
10
5.6531818503937004
20
1.8670248031496062
11
5.6332564566929131
21
1.8670248031496062
0
LINE
8
BLACK
6
CONTINUOUS
10
5.6332564566929131
20
1.8670248031496062
11
5.6310107086614174
21
1.8659019685039369
0
LINE
8
BLACK
6
CONTINUOUS
10
5.6310107086614174
20
1.8659019685039369
11
5.6298878740157479
21
1.8636562204724409
0
LINE
8
BLACK
6
CONTINUOUS
10
5.6298878740157479
20
1.8636562204724409
11
5.6298878740157479
21
1.8594259842519685
0
LINE
8
BLACK
6
CONTINUOUS
10
5.6298878740157479
20
1.8594259842519685
11
5.6310107086614174
21
1.8571802755905511
0
LINE
8
BLACK
6
CONTINUOUS
10
5.6310107086614174
20
1.8571802755905511
11
5.6332564566929131
21
1.856057401574803
0
LINE
8
BLACK
6
CONTINUOUS
10
5.6332564566929131
20
1.856057401574803
11
5.6531818503937004
21
1.856057401574803
0
LINE
8
BLACK
6
CONTINUOUS
10
5.6531818503937004
20
1.856057401574803
11
5.6537579133858262
21
1.8560006692913384
0
LINE
8
BLACK
6
CONTINUOUS
10
5.6537579133858262
20
1.8560006692913384
11
5.6548223228346455
21
1.8555597637795276
0
LINE
8
BLACK
6
CONTINUOUS
10
5.6548223228346455
20
1.8555597637795276
11
5.6556369685039369
21
1.8547451181102361
0
LINE
8
BLACK
6
CONTINUOUS
10
5.6556369685039369
20
1.8547451181102361
11
5.6560778740157476
21
1.8536807086614173
0
LINE
8
BLACK
6
CONTINUOUS
10
5.6560778740157476
20
1.8536807086614173
11
5.6560778740157476
21
1.8525285826771654
0
LINE
8
BLACK
6
CONTINUOUS
10
5.6560778740157476
20
1.8525285826771654
11
5.6556369685039369
21
1.8514641732283463
0
LINE
8
BLACK
6
CONTINUOUS
10
5.6556369685039369
20
1.8514641732283463
11
5.6548223228346455
21
1.8506495275590551
0
LINE
8
BLACK
6
CONTINUOUS
10
5.6548223228346455
20
1.8506495275590551
11
5.6537579133858262
21
1.850208622047244
0
LINE
8
BLACK
6
CONTINUOUS
10
5.6537579133858262
20
1.850208622047244
11
5.6531818503937004
21
1.8501518897637794
0
LINE
8
BLACK
6
CONTINUOUS
10
5.6531818503937004
20
1.8501518897637794
11
5.6332564566929131
21
1.8501518897637794
0
LINE
8
BLACK
6
CONTINUOUS
10
5.6332564566929131
20
1.8501518897637794
11
5.6310107086614174
21
1.8490290551181101
0
LINE
8
BLACK
6
CONTINUOUS
10
5.6310107086614174
20
1.8490290551181101
11
5.6298878740157479
21
1.8467833070866142
0
LINE
8
BLACK
6
CONTINUOUS
10
5.6298878740157479
20
1.8467833070866142
11
5.6298878740157479
21
1.8425531102362205
0
LINE
8
BLACK
6
CONTINUOUS
10
5.6298878740157479
20
1.8425531102362205
11
5.6312366141732282
21
1.8398556299212598
0
LINE
8
BLACK
6
CONTINUOUS
10
5.6312366141732282
20
1.8398556299212598
11
5.6319077165354328
21
1.839184527559055
0
LINE
8
BLACK
6
CONTINUOUS
10
5.6319077165354328
20
1.839184527559055
11
5.6531818503937004
21
1.839184527559055
0
LINE
8
BLACK
6
CONTINUOUS
10
5.6531818503937004
20
1.839184527559055
11
5.6537579133858262
21
1.8391277952755904
0
LINE
8
BLACK
6
CONTINUOUS
10
5.6537579133858262
20
1.8391277952755904
11
5.6548223228346455
21
1.8386868897637796
0
LINE
8
BLACK
6
CONTINUOUS
10
5.6548223228346455
20
1.8386868897637796
11
5.6556369685039369
21
1.8378722440944881
0
LINE
8
BLACK
6
CONTINUOUS
10
5.6556369685039369
20
1.8378722440944881
11
5.6560778740157476
21
1.8368078346456693
0
LINE
8
BLACK
6
CONTINUOUS
10
5.6560778740157476
20
1.8368078346456693
11
5.6560778740157476
21
1.8356557086614174
0
LINE
8
BLACK
6
CONTINUOUS
10
5.6560778740157476
20
1.8356557086614174
11
5.6556369685039369
21
1.8345912992125983
0
LINE
8
BLACK
6
CONTINUOUS
10
5.6556369685039369
20
1.8345912992125983
11
5.6548223228346455
21
1.8337766535433071
0
LINE
8
BLACK
6
CONTINUOUS
10
5.6548223228346455
20
1.8337766535433071
11
5.6537579133858262
21
1.833335748031496
0
LINE
8
BLACK
6
CONTINUOUS
10
5.6537579133858262
20
1.833335748031496
11
5.6531818503937004
21
1.8332790157480314
0
LINE
8
BLACK
6
CONTINUOUS
10
5.6531818503937004
20
1.8332790157480314
11
5.6269351181102358
21
1.8332790157480314
0
LINE
8
BLACK
6
CONTINUOUS
10
5.6269351181102358
20
1.8332790157480314
11
5.62635905511811
21
1.833335748031496
0
LINE
8
BLACK
6
CONTINUOUS
10
5.62635905511811
20
1.833335748031496
11
5.6252946456692916
21
1.8337766535433071
0
LINE
8
BLACK
6
CONTINUOUS
10
5.6252946456692916
20
1.8337766535433071
11
5.6244800000000001
21
1.8345912992125983
0
LINE
8
BLACK
6
CONTINUOUS
10
5.6244800000000001
20
1.8345912992125983
11
5.6240390944881886
21
1.8356557086614174
0
LINE
8
BLACK
6
CONTINUOUS
10
5.6240390944881886
20
1.8356557086614174
11
5.6240390944881886
21
1.8368078346456693
0
LINE
8
BLACK
6
CONTINUOUS
10
5.6240390944881886
20
1.8368078346456693
11
5.6244800000000001
21
1.8378722440944881
0
LINE
8
BLACK
6
CONTINUOUS
10
5.6244800000000001
20
1.8378722440944881
11
5.6252438188976379
21
1.8386361023622046
0
LINE
8
BLACK
6
CONTINUOUS
10
5.6252438188976379
20
1.8386361023622046
11
5.6242940944881887
21
1.8405355511811023
0
LINE
8
BLACK
6
CONTINUOUS
10
5.6242940944881887
20
1.8405355511811023
11
5.6240872047244093
21
1.8410761811023622
0
LINE
8
BLACK
6
CONTINUOUS
10
5.6240872047244093
20
1.8410761811023622
11
5.6240796850393702
21
1.8411820078740158
0
LINE
8
BLACK
6
CONTINUOUS
10
5.6240796850393702
20
1.8411820078740158
11
5.6240390944881886
21
1.84128
0
LINE
8
BLACK
6
CONTINUOUS
10
5.6240390944881886
20
1.84128
11
5.6239823622047247
21
1.8418560629921259
0
LINE
8
BLACK
6
CONTINUOUS
10
5.6239823622047247
20
1.8418560629921259
11
5.6239823622047247
21
1.8474803543307086
0
LINE
8
BLACK
6
CONTINUOUS
10
5.6239823622047247
20
1.8474803543307086
11
5.6240390944881886
21
1.8480564173228347
0
LINE
8
BLACK
6
CONTINUOUS
10
5.6240390944881886
20
1.8480564173228347
11
5.6240796850393702
21
1.8481544488188977
0
LINE
8
BLACK
6
CONTINUOUS
10
5.6240796850393702
20
1.8481544488188977
11
5.6240872047244093
21
1.8482602362204723
0
LINE
8
BLACK
6
CONTINUOUS
10
5.6240872047244093
20
1.8482602362204723
11
5.6242940944881887
21
1.8488008661417323
0
LINE
8
BLACK
6
CONTINUOUS
10
5.6242940944881887
20
1.8488008661417323
11
5.6261688582677163
21
1.8525503937007874
0
LINE
8
BLACK
6
CONTINUOUS
10
5.6261688582677163
20
1.8525503937007874
11
5.6262294881889758
21
1.8526467716535433
0
LINE
8
BLACK
6
CONTINUOUS
10
5.6262294881889758
20
1.8526467716535433
11
5.6262446456692912
21
1.8526921653543307
0
LINE
8
BLACK
6
CONTINUOUS
10
5.6262446456692912
20
1.8526921653543307
11
5.6262936614173231
21
1.8527487401574803
0
LINE
8
BLACK
6
CONTINUOUS
10
5.6262936614173231
20
1.8527487401574803
11
5.6264772047244094
21
1.8530402755905511
0
LINE
8
BLACK
6
CONTINUOUS
10
5.6264772047244094
20
1.8530402755905511
11
5.6265514173228341
21
1.8531046456692912
0
LINE
8
BLACK
6
CONTINUOUS
10
5.6265514173228341
20
1.8531046456692912
11
5.6264772047244094
21
1.8531690157480314
0
LINE
8
BLACK
6
CONTINUOUS
10
5.6264772047244094
20
1.8531690157480314
11
5.6262936614173231
21
1.853460590551181
0
LINE
8
BLACK
6
CONTINUOUS
10
5.6262936614173231
20
1.853460590551181
11
5.6262446456692912
21
1.853517125984252
0
LINE
8
BLACK
6
CONTINUOUS
10
5.6262446456692912
20
1.853517125984252
11
5.6262294881889758
21
1.8535625590551181
0
LINE
8
BLACK
6
CONTINUOUS
10
5.6262294881889758
20
1.8535625590551181
11
5.6261688582677163
21
1.8536588976377952
0
LINE
8
BLACK
6
CONTINUOUS
10
5.6261688582677163
20
1.8536588976377952
11
5.6242940944881887
21
1.8574084251968503
0
LINE
8
BLACK
6
CONTINUOUS
10
5.6242940944881887
20
1.8574084251968503
11
5.6240872047244093
21
1.8579490551181101
0
LINE
8
BLACK
6
CONTINUOUS
10
5.6240872047244093
20
1.8579490551181101
11
5.6240796850393702
21
1.8580548818897638
0
LINE
8
BLACK
6
CONTINUOUS
10
5.6240796850393702
20
1.8580548818897638
11
5.6240390944881886
21
1.858152874015748
0
LINE
8
BLACK
6
CONTINUOUS
10
5.6240390944881886
20
1.858152874015748
11
5.6239823622047247
21
1.8587289370078739
0
LINE
8
BLACK
6
CONTINUOUS
10
5.6239823622047247
20
1.8587289370078739
11
5.6239823622047247
21
1.8643532283464566
0
LINE
8
BLACK
6
CONTINUOUS
10
5.6239823622047247
20
1.8643532283464566
11
5.6240390944881886
21
1.8649292913385827
0
LINE
8
BLACK
6
CONTINUOUS
10
5.6240390944881886
20
1.8649292913385827
11
5.6240796850393702
21
1.8650273228346457
0
LINE
8
BLACK
6
CONTINUOUS
10
5.6240796850393702
20
1.8650273228346457
11
5.6240872047244093
21
1.8651331102362205
0
LINE
8
BLACK
6
CONTINUOUS
10
5.6240872047244093
20
1.8651331102362205
11
5.6242940944881887
21
1.8656737401574803
0
LINE
8
BLACK
6
CONTINUOUS
10
5.6242940944881887
20
1.8656737401574803
11
5.6261688582677163
21
1.8694233070866142
0
LINE
8
BLACK
6
CONTINUOUS
10
5.6261688582677163
20
1.8694233070866142
11
5.6262294881889758
21
1.8695196456692913
0
LINE
8
BLACK
6
CONTINUOUS
10
5.6262294881889758
20
1.8695196456692913
11
5.6262446456692912
21
1.8695650787401574
0
LINE
8
BLACK
6
CONTINUOUS
10
5.6262446456692912
20
1.8695650787401574
11
5.6262937007874019
21
1.8696216929133858
0
LINE
8
BLACK
6
CONTINUOUS
10
5.6262937007874019
20
1.8696216929133858
11
5.6264772047244094
21
1.8699131496062991
0
LINE
8
BLACK
6
CONTINUOUS
10
5.6264772047244094
20
1.8699131496062991
11
5.6267568110236219
21
1.8701556692913386
0
LINE
8
BLACK
6
CONTINUOUS
10
5.6267568110236219
20
1.8701556692913386
11
5.626999488188976
21
1.8704354724409449
0
LINE
8
BLACK
6
CONTINUOUS
10
5.626999488188976
20
1.8704354724409449
11
5.627291023622047
21
1.8706190157480314
0
LINE
8
BLACK
6
CONTINUOUS
10
5.627291023622047
20
1.8706190157480314
11
5.6273475984251968
21
1.8706680314960629
0
LINE
8
BLACK
6
CONTINUOUS
10
5.6273475984251968
20
1.8706680314960629
11
5.6273929921259844
21
1.870683188976378
0
LINE
8
BLACK
6
CONTINUOUS
10
5.6273929921259844
20
1.870683188976378
11
5.6274893700787398
21
1.8707438188976377
0
LINE
8
BLACK
6
CONTINUOUS
10
5.6274893700787398
20
1.8707438188976377
11
5.6312388976377949
21
1.8726185826771653
0
LINE
8
BLACK
6
CONTINUOUS
10
5.6312388976377949
20
1.8726185826771653
11
5.6317794881889762
21
1.8728254724409448
0
LINE
8
BLACK
6
CONTINUOUS
10
5.6317794881889762
20
1.8728254724409448
11
5.6318853543307084
21
1.8728330314960628
0
LINE
8
BLACK
6
CONTINUOUS
10
5.6318853543307084
20
1.8728330314960628
11
5.6319833464566926
21
1.8728735826771654
0
LINE
8
BLACK
6
CONTINUOUS
10
5.6319833464566926
20
1.8728735826771654
11
5.6325594094488185
21
1.8729303149606298
0
LINE
8
BLACK
6
CONTINUOUS
10
5.6325594094488185
20
1.8729303149606298
11
5.6531818503937004
21
1.8729303149606298
0
LINE
8
BLACK
6
CONTINUOUS
10
5.6531818503937004
20
1.8729303149606298
11
5.6537579133858262
21
1.8728735826771654
0
LINE
8
BLACK
6
CONTINUOUS
10
5.7758051574803151
20
1.8731098031496063
11
5.7768695669291334
21
1.8726688976377952
0
LINE
8
BLACK
6
CONTINUOUS
10
5.7768695669291334
20
1.8726688976377952
11
5.7776842125984249
21
1.871854251968504
0
LINE
8
BLACK
6
CONTINUOUS
10
5.7776842125984249
20
1.871854251968504
11
5.7781251181102364
21
1.8707898425196849
0
LINE
8
BLACK
6
CONTINUOUS
10
5.7781251181102364
20
1.8707898425196849
11
5.7781251181102364
21
1.869637716535433
0
LINE
8
BLACK
6
CONTINUOUS
10
5.7781251181102364
20
1.869637716535433
11
5.7776842125984249
21
1.8685733070866142
0
LINE
8
BLACK
6
CONTINUOUS
10
5.7776842125984249
20
1.8685733070866142
11
5.7768695669291334
21
1.8677586614173227
0
LINE
8
BLACK
6
CONTINUOUS
10
5.7768695669291334
20
1.8677586614173227
11
5.7758051574803151
21
1.8673177559055119
0
LINE
8
BLACK
6
CONTINUOUS
10
5.7758051574803151
20
1.8673177559055119
11
5.7752290944881892
21
1.8672610236220473
0
LINE
8
BLACK
6
CONTINUOUS
10
5.7752290944881892
20
1.8672610236220473
11
5.7553037007874011
21
1.8672610236220473
0
LINE
8
BLACK
6
CONTINUOUS
10
5.7553037007874011
20
1.8672610236220473
11
5.7530579527559054
21
1.866138188976378
0
LINE
8
BLACK
6
CONTINUOUS
10
5.7530579527559054
20
1.866138188976378
11
5.7519351181102358
21
1.8638924409448818
0
LINE
8
BLACK
6
CONTINUOUS
10
5.7519351181102358
20
1.8638924409448818
11
5.7519351181102358
21
1.8596622047244094
0
LINE
8
BLACK
6
CONTINUOUS
10
5.7519351181102358
20
1.8596622047244094
11
5.7530579527559054
21
1.857416496062992
0
LINE
8
BLACK
6
CONTINUOUS
10
5.7530579527559054
20
1.857416496062992
11
5.7553037007874011
21
1.8562936220472441
0
LINE
8
BLACK
6
CONTINUOUS
10
5.7553037007874011
20
1.8562936220472441
11
5.7752290944881892
21
1.8562936220472441
0
LINE
8
BLACK
6
CONTINUOUS
10
5.7752290944881892
20
1.8562936220472441
11
5.7758051574803151
21
1.8562368897637795
0
LINE
8
BLACK
6
CONTINUOUS
10
5.7758051574803151
20
1.8562368897637795
11
5.7768695669291334
21
1.8557959842519685
0
LINE
8
BLACK
6
CONTINUOUS
10
5.7768695669291334
20
1.8557959842519685
11
5.7776842125984249
21
1.8549813385826772
0
LINE
8
BLACK
6
CONTINUOUS
10
5.7776842125984249
20
1.8549813385826772
11
5.7781251181102364
21
1.8539169291338582
0
LINE
8
BLACK
6
CONTINUOUS
10
5.7781251181102364
20
1.8539169291338582
11
5.7781251181102364
21
1.8527648031496062
0
LINE
8
BLACK
6
CONTINUOUS
10
5.7781251181102364
20
1.8527648031496062
11
5.7776842125984249
21
1.8517003937007874
0
LINE
8
BLACK
6
CONTINUOUS
10
5.7776842125984249
20
1.8517003937007874
11
5.7768695669291334
21
1.850885748031496
0
LINE
8
BLACK
6
CONTINUOUS
10
5.7768695669291334
20
1.850885748031496
11
5.7758051574803151
21
1.8504448425196851
0
LINE
8
BLACK
6
CONTINUOUS
10
5.7758051574803151
20
1.8504448425196851
11
5.7752290944881892
21
1.8503881102362205
0
LINE
8
BLACK
6
CONTINUOUS
10
5.7752290944881892
20
1.8503881102362205
11
5.7553037007874011
21
1.8503881102362205
0
LINE
8
BLACK
6
CONTINUOUS
10
5.7553037007874011
20
1.8503881102362205
11
5.7530579527559054
21
1.8492652755905512
0
LINE
8
BLACK
6
CONTINUOUS
10
5.7530579527559054
20
1.8492652755905512
11
5.7519351181102358
21
1.8470195275590551
0
LINE
8
BLACK
6
CONTINUOUS
10
5.7519351181102358
20
1.8470195275590551
11
5.7519351181102358
21
1.8427893307086614
0
LINE
8
BLACK
6
CONTINUOUS
10
5.7519351181102358
20
1.8427893307086614
11
5.7532838582677162
21
1.8400918503937007
0
LINE
8
BLACK
6
CONTINUOUS
10
5.7532838582677162
20
1.8400918503937007
11
5.7539549606299207
21
1.8394207480314959
0
LINE
8
BLACK
6
CONTINUOUS
10
5.7539549606299207
20
1.8394207480314959
11
5.7752290944881892
21
1.8394207480314959
0
LINE
8
BLACK
6
CONTINUOUS
10
5.7752290944881892
20
1.8394207480314959
11
5.7758051574803151
21
1.8393640157480315
0
LINE
8
BLACK
6
CONTINUOUS
10
5.7758051574803151
20
1.8393640157480315
11
5.7768695669291334
21
1.8389231102362205
0
LINE
8
BLACK
6
CONTINUOUS
10
5.7768695669291334
20
1.8389231102362205
11
5.7776842125984249
21
1.838108464566929
0
LINE
8
BLACK
6
CONTINUOUS
10
5.7776842125984249
20
1.838108464566929
11
5.7781251181102364
21
1.8370440551181102
0
LINE
8
BLACK
6
CONTINUOUS
10
5.7781251181102364
20
1.8370440551181102
11
5.7781251181102364
21
1.8358919291338582
0
LINE
8
BLACK
6
CONTINUOUS
10
5.7781251181102364
20
1.8358919291338582
11
5.7776842125984249
21
1.8348275196850394
0
LINE
8
BLACK
6
CONTINUOUS
10
5.7776842125984249
20
1.8348275196850394
11
5.7768695669291334
21
1.834012874015748
0
LINE
8
BLACK
6
CONTINUOUS
10
5.7768695669291334
20
1.834012874015748
11
5.7758051574803151
21
1.8335719685039369
0
LINE
8
BLACK
6
CONTINUOUS
10
5.7758051574803151
20
1.8335719685039369
11
5.7752290944881892
21
1.8335152362204723
0
LINE
8
BLACK
6
CONTINUOUS
10
5.7752290944881892
20
1.8335152362204723
11
5.7489823622047247
21
1.8335152362204723
0
LINE
8
BLACK
6
CONTINUOUS
10
5.7489823622047247
20
1.8335152362204723
11
5.7484062992125979
21
1.8335719685039369
0
LINE
8
BLACK
6
CONTINUOUS
10
5.7484062992125979
20
1.8335719685039369
11
5.7473418897637796
21
1.834012874015748
0
LINE
8
BLACK
6
CONTINUOUS
10
5.7473418897637796
20
1.834012874015748
11
5.7465272440944881
21
1.8348275196850394
0
LINE
8
BLACK
6
CONTINUOUS
10
5.7465272440944881
20
1.8348275196850394
11
5.7460863385826775
21
1.8358919291338582
0
LINE
8
BLACK
6
CONTINUOUS
10
5.7460863385826775
20
1.8358919291338582
11
5.7460863385826775
21
1.8370440551181102
0
LINE
8
BLACK
6
CONTINUOUS
10
5.7460863385826775
20
1.8370440551181102
11
5.7465272440944881
21
1.838108464566929
0
LINE
8
BLACK
6
CONTINUOUS
10
5.7465272440944881
20
1.838108464566929
11
5.7472910629921259
21
1.8388723228346455
0
LINE
8
BLACK
6
CONTINUOUS
10
5.7472910629921259
20
1.8388723228346455
11
5.7463413385826767
21
1.8407717716535432
0
LINE
8
BLACK
6
CONTINUOUS
10
5.7463413385826767
20
1.8407717716535432
11
5.7461344488188972
21
1.841312401574803
0
LINE
8
BLACK
6
CONTINUOUS
10
5.7461344488188972
20
1.841312401574803
11
5.7461269291338581
21
1.8414182283464566
0
LINE
8
BLACK
6
CONTINUOUS
10
5.7461269291338581
20
1.8414182283464566
11
5.7460863385826775
21
1.8415162204724409
0
LINE
8
BLACK
6
CONTINUOUS
10
5.7460863385826775
20
1.8415162204724409
11
5.7460296062992127
21
1.842092283464567
0
LINE
8
BLACK
6
CONTINUOUS
10
5.7460296062992127
20
1.842092283464567
11
5.7460296062992127
21
1.8477165748031497
0
LINE
8
BLACK
6
CONTINUOUS
10
5.7460296062992127
20
1.8477165748031497
11
5.7460863385826775
21
1.8482926377952755
0
LINE
8
BLACK
6
CONTINUOUS
10
5.7460863385826775
20
1.8482926377952755
11
5.7461269291338581
21
1.8483906692913386
0
LINE
8
BLACK
6
CONTINUOUS
10
5.7461269291338581
20
1.8483906692913386
11
5.7461344488188972
21
1.8484964566929134
0
LINE
8
BLACK
6
CONTINUOUS
10
5.7461344488188972
20
1.8484964566929134
11
5.7463413385826767
21
1.8490370866141732
0
LINE
8
BLACK
6
CONTINUOUS
10
5.7463413385826767
20
1.8490370866141732
11
5.7482161023622043
21
1.8527866141732283
0
LINE
8
BLACK
6
CONTINUOUS
10
5.7482161023622043
20
1.8527866141732283
11
5.7482767322834647
21
1.8528829921259842
0
LINE
8
BLACK
6
CONTINUOUS
10
5.7482767322834647
20
1.8528829921259842
11
5.7482918897637791
21
1.8529283858267716
0
LINE
8
BLACK
6
CONTINUOUS
10
5.7482918897637791
20
1.8529283858267716
11
5.7483409055118111
21
1.8529849606299211
0
LINE
8
BLACK
6
CONTINUOUS
10
5.7483409055118111
20
1.8529849606299211
11
5.7485244488188973
21
1.8532764960629922
0
LINE
8
BLACK
6
CONTINUOUS
10
5.7485244488188973
20
1.8532764960629922
11
5.748598661417323
21
1.8533408661417323
0
LINE
8
BLACK
6
CONTINUOUS
10
5.748598661417323
20
1.8533408661417323
11
5.7485244488188973
21
1.8534052362204725
0
LINE
8
BLACK
6
CONTINUOUS
10
5.7485244488188973
20
1.8534052362204725
11
5.7483409055118111
21
1.853696811023622
0
LINE
8
BLACK
6
CONTINUOUS
10
5.7483409055118111
20
1.853696811023622
11
5.7482918897637791
21
1.8537533464566929
0
LINE
8
BLACK
6
CONTINUOUS
10
5.7482918897637791
20
1.8537533464566929
11
5.7482767322834647
21
1.853798779527559
0
LINE
8
BLACK
6
CONTINUOUS
10
5.7482767322834647
20
1.853798779527559
11
5.7482161023622043
21
1.8538951181102361
0
LINE
8
BLACK
6
CONTINUOUS
10
5.7482161023622043
20
1.8538951181102361
11
5.7463413385826767
21
1.8576446456692912
0
LINE
8
BLACK
6
CONTINUOUS
10
5.7463413385826767
20
1.8576446456692912
11
5.7461344488188972
21
1.8581852755905512
0
LINE
8
BLACK
6
CONTINUOUS
10
5.7461344488188972
20
1.8581852755905512
11
5.7461269291338581
21
1.8582911023622046
0
LINE
8
BLACK
6
CONTINUOUS
10
5.7461269291338581
20
1.8582911023622046
11
5.7460863385826775
21
1.8583890944881889
0
LINE
8
BLACK
6
CONTINUOUS
10
5.7460863385826775
20
1.8583890944881889
11
5.7460296062992127
21
1.858965157480315
0
LINE
8
BLACK
6
CONTINUOUS
10
5.7460296062992127
20
1.858965157480315
11
5.7460296062992127
21
1.8645894488188977
0
LINE
8
BLACK
6
CONTINUOUS
10
5.7460296062992127
20
1.8645894488188977
11
5.7460863385826775
21
1.8651655118110235
0
LINE
8
BLACK
6
CONTINUOUS
10
5.7460863385826775
20
1.8651655118110235
11
5.7461269291338581
21
1.8652635433070865
0
LINE
8
BLACK
6
CONTINUOUS
10
5.7461269291338581
20
1.8652635433070865
11
5.7461344488188972
21
1.8653693307086614
0
LINE
8
BLACK
6
CONTINUOUS
10
5.7461344488188972
20
1.8653693307086614
11
5.7463413385826767
21
1.8659099606299212
0
LINE
8
BLACK
6
CONTINUOUS
10
5.7463413385826767
20
1.8659099606299212
11
5.7482161023622043
21
1.8696595275590551
0
LINE
8
BLACK
6
CONTINUOUS
10
5.7482161023622043
20
1.8696595275590551
11
5.7482767322834647
21
1.8697558661417322
0
LINE
8
BLACK
6
CONTINUOUS
10
5.7482767322834647
20
1.8697558661417322
11
5.7482918897637791
21
1.8698012992125983
0
LINE
8
BLACK
6
CONTINUOUS
10
5.7482918897637791
20
1.8698012992125983
11
5.7483409448818898
21
1.8698579133858266
0
LINE
8
BLACK
6
CONTINUOUS
10
5.7483409448818898
20
1.8698579133858266
11
5.7485244488188973
21
1.8701493700787402
0
LINE
8
BLACK
6
CONTINUOUS
10
5.7485244488188973
20
1.8701493700787402
11
5.7488040551181099
21
1.8703918897637795
0
LINE
8
BLACK
6
CONTINUOUS
10
5.7488040551181099
20
1.8703918897637795
11
5.7490467322834649
21
1.8706716929133858
0
LINE
8
BLACK
6
CONTINUOUS
10
5.7490467322834649
20
1.8706716929133858
11
5.749338267716535
21
1.8708552362204725
0
LINE
8
BLACK
6
CONTINUOUS
10
5.749338267716535
20
1.8708552362204725
11
5.7493948425196848
21
1.870904251968504
0
LINE
8
BLACK
6
CONTINUOUS
10
5.7493948425196848
20
1.870904251968504
11
5.7494402362204724
21
1.8709194094488188
0
LINE
8
BLACK
6
CONTINUOUS
10
5.7494402362204724
20
1.8709194094488188
11
5.7495366141732278
21
1.8709800393700786
0
LINE
8
BLACK
6
CONTINUOUS
10
5.7495366141732278
20
1.8709800393700786
11
5.7532861417322829
21
1.8728548031496062
0
LINE
8
BLACK
6
CONTINUOUS
10
5.7532861417322829
20
1.8728548031496062
11
5.7538267322834642
21
1.8730616929133859
0
LINE
8
BLACK
6
CONTINUOUS
10
5.7538267322834642
20
1.8730616929133859
11
5.7539325984251963
21
1.8730692519685039
0
LINE
8
BLACK
6
CONTINUOUS
10
5.7539325984251963
20
1.8730692519685039
11
5.7540305905511806
21
1.8731098031496063
0
LINE
8
BLACK
6
CONTINUOUS
10
5.7540305905511806
20
1.8731098031496063
11
5.7546066535433074
21
1.8731665354330709
0
LINE
8
BLACK
6
CONTINUOUS
10
5.7546066535433074
20
1.8731665354330709
11
5.7752290944881892
21
1.8731665354330709
0
LINE
8
BLACK
6
CONTINUOUS
10
5.7752290944881892
20
1.8731665354330709
11
5.7758051574803151
21
1.8731098031496063
0
LINE
8
BLACK
6
CONTINUOUS
10
0.2155336220472441
20
3.3337168110236219
11
0.2156316141732283
21
3.3336762204724408
0
LINE
8
BLACK
6
CONTINUOUS
10
0.2156316141732283
20
3.3336762204724408
11
0.2157374409448819
21
3.3336687007874013
0
LINE
8
BLACK
6
CONTINUOUS
10
0.2157374409448819
20
3.3336687007874013
11
0.2162780708661417
21
3.3334618110236218
0
LINE
8
BLACK
6
CONTINUOUS
10
0.2162780708661417
20
3.3334618110236218
11
0.2200275984251968
21
3.3315870472440943
0
LINE
8
BLACK
6
CONTINUOUS
10
0.2200275984251968
20
3.3315870472440943
11
0.2202755905511811
21
3.3314309842519685
0
LINE
8
BLACK
6
CONTINUOUS
10
0.2202755905511811
20
3.3314309842519685
11
0.2203475590551181
21
3.3314011417322833
0
LINE
8
BLACK
6
CONTINUOUS
10
0.2203475590551181
20
3.3314011417322833
11
0.2204285039370079
21
3.3313346850393701
0
LINE
8
BLACK
6
CONTINUOUS
10
0.2204285039370079
20
3.3313346850393701
11
0.2205174803149606
21
3.3312787007874016
0
LINE
8
BLACK
6
CONTINUOUS
10
0.2205174803149606
20
3.3312787007874016
11
0.2205686220472441
21
3.3312197244094488
0
LINE
8
BLACK
6
CONTINUOUS
10
0.2205686220472441
20
3.3312197244094488
11
0.220795
21
3.3310339370078741
0
LINE
8
BLACK
6
CONTINUOUS
10
0.220795
20
3.3310339370078741
11
0.2226697637795275
21
3.3291591732283465
0
LINE
8
BLACK
6
CONTINUOUS
10
0.2226697637795275
20
3.3291591732283465
11
0.2228555118110236
21
3.328932834645669
0
LINE
8
BLACK
6
CONTINUOUS
10
0.2228555118110236
20
3.328932834645669
11
0.2229145275590551
21
3.328881653543307
0
LINE
8
BLACK
6
CONTINUOUS
10
0.2229145275590551
20
3.328881653543307
11
0.2229704724409449
21
3.3287927165354332
0
LINE
8
BLACK
6
CONTINUOUS
10
0.2229704724409449
20
3.3287927165354332
11
0.223036968503937
21
3.3287117322834643
0
LINE
8
BLACK
6
CONTINUOUS
10
0.223036968503937
20
3.3287117322834643
11
0.2230667716535433
21
3.3286398031496063
0
LINE
8
BLACK
6
CONTINUOUS
10
0.2230667716535433
20
3.3286398031496063
11
0.223222874015748
21
3.3283917716535432
0
LINE
8
BLACK
6
CONTINUOUS
10
0.223222874015748
20
3.3283917716535432
11
0.2250976377952756
21
3.3246422440944881
0
LINE
8
BLACK
6
CONTINUOUS
10
0.2250976377952756
20
3.3246422440944881
11
0.2253045275590551
21
3.3241016535433072
0
LINE
8
BLACK
6
CONTINUOUS
10
0.2253045275590551
20
3.3241016535433072
11
0.2253120472440945
21
3.3239957874015746
0
LINE
8
BLACK
6
CONTINUOUS
10
0.2253120472440945
20
3.3239957874015746
11
0.2253526377952756
21
3.3238977952755904
0
LINE
8
BLACK
6
CONTINUOUS
10
0.2253526377952756
20
3.3238977952755904
11
0.2254093700787402
21
3.3233217322834645
0
LINE
8
BLACK
6
CONTINUOUS
10
0.2254093700787402
20
3.3233217322834645
11
0.2254093700787402
21
3.3120731496062992
0
LINE
8
BLACK
6
CONTINUOUS
10
0.2254093700787402
20
3.3120731496062992
11
0.2253526377952756
21
3.3114970866141733
0
LINE
8
BLACK
6
CONTINUOUS
10
0.2253526377952756
20
3.3114970866141733
11
0.2253120472440945
21
3.3113991338582678
0
LINE
8
BLACK
6
CONTINUOUS
10
0.2253120472440945
20
3.3113991338582678
11
0.2253045275590551
21
3.3112932283464565
0
LINE
8
BLACK
6
CONTINUOUS
10
0.2253045275590551
20
3.3112932283464565
11
0.2250976377952756
21
3.3107526377952756
0
LINE
8
BLACK
6
CONTINUOUS
10
0.2250976377952756
20
3.3107526377952756
11
0.223222874015748
21
3.3070031102362205
0
LINE
8
BLACK
6
CONTINUOUS
10
0.223222874015748
20
3.3070031102362205
11
0.2230668110236221
21
3.3067552362204724
0
LINE
8
BLACK
6
CONTINUOUS
10
0.2230668110236221
20
3.3067552362204724
11
0.2230370078740157
21
3.3066831889763777
0
LINE
8
BLACK
6
CONTINUOUS
10
0.2230370078740157
20
3.3066831889763777
11
0.2229704724409449
21
3.3066021653543305
0
LINE
8
BLACK
6
CONTINUOUS
10
0.2229704724409449
20
3.3066021653543305
11
0.2229145275590551
21
3.3065132283464567
0
LINE
8
BLACK
6
CONTINUOUS
10
0.2229145275590551
20
3.3065132283464567
11
0.2228555118110236
21
3.306462086614173
0
LINE
8
BLACK
6
CONTINUOUS
10
0.2228555118110236
20
3.306462086614173
11
0.2226697637795275
21
3.3062357086614171
0
LINE
8
BLACK
6
CONTINUOUS
10
0.2226697637795275
20
3.3062357086614171
11
0.2207950393700787
21
3.3043609448818896
0
LINE
8
BLACK
6
CONTINUOUS
10
0.2207950393700787
20
3.3043609448818896
11
0.2205686614173228
21
3.3041751968503936
0
LINE
8
BLACK
6
CONTINUOUS
10
0.2205686614173228
20
3.3041751968503936
11
0.2205174803149606
21
3.3041161417322833
0
LINE
8
BLACK
6
CONTINUOUS
10
0.2205174803149606
20
3.3041161417322833
11
0.2204285039370079
21
3.3040601574803148
0
LINE
8
BLACK
6
CONTINUOUS
10
0.2204285039370079
20
3.3040601574803148
11
0.2203475590551181
21
3.3039937007874016
0
LINE
8
BLACK
6
CONTINUOUS
10
0.2203475590551181
20
3.3039937007874016
11
0.2202755905511811
21
3.3039638976377952
0
LINE
8
BLACK
6
CONTINUOUS
10
0.2202755905511811
20
3.3039638976377952
11
0.2200275984251968
21
3.3038077952755907
0
LINE
8
BLACK
6
CONTINUOUS
10
0.2200275984251968
20
3.3038077952755907
11
0.2162780708661417
21
3.3019330314960631
0
LINE
8
BLACK
6
CONTINUOUS
10
0.2162780708661417
20
3.3019330314960631
11
0.2157374409448819
21
3.3017261417322832
0
LINE
8
BLACK
6
CONTINUOUS
10
0.2157374409448819
20
3.3017261417322832
11
0.2156316141732283
21
3.3017186614173228
0
LINE
8
BLACK
6
CONTINUOUS
10
0.2156316141732283
20
3.3017186614173228
11
0.2155336220472441
21
3.301678031496063
0
LINE
8
BLACK
6
CONTINUOUS
10
0.2155336220472441
20
3.301678031496063
11
0.2149575590551181
21
3.3016212992125982
0
LINE
8
BLACK
6
CONTINUOUS
10
0.2149575590551181
20
3.3016212992125982
11
0.2074585039370079
21
3.3016212992125982
0
LINE
8
BLACK
6
CONTINUOUS
10
0.2074585039370079
20
3.3016212992125982
11
0.2068824409448819
21
3.301678031496063
0
LINE
8
BLACK
6
CONTINUOUS
10
0.2068824409448819
20
3.301678031496063
11
0.2067844488188976
21
3.3017186220472441
0
LINE
8
BLACK
6
CONTINUOUS
10
0.2067844488188976
20
3.3017186220472441
11
0.2066785826771654
21
3.3017261417322832
0
LINE
8
BLACK
6
CONTINUOUS
10
0.2066785826771654
20
3.3017261417322832
11
0.2066617322834646
21
3.3017325984251968
0
LINE
8
BLACK
6
CONTINUOUS
10
0.2066617322834646
20
3.3017325984251968
11
0.2066617322834646
21
3.2914507086614173
0
LINE
8
BLACK
6
CONTINUOUS
10
0.2066617322834646
20
3.2914507086614173
11
0.206605
21
3.2908746456692914
0
LINE
8
BLACK
6
CONTINUOUS
10
0.206605
20
3.2908746456692914
11
0.206164094488189
21
3.2898102362204722
0
LINE
8
BLACK
6
CONTINUOUS
10
0.206164094488189
20
3.2898102362204722
11
0.2053494488188976
21
3.2889955905511812
0
LINE
8
BLACK
6
CONTINUOUS
10
0.2053494488188976
20
3.2889955905511812
11
0.2042850393700787
21
3.2885546850393701
0
LINE
8
BLACK
6
CONTINUOUS
10
0.2042850393700787
20
3.2885546850393701
11
0.2031329133858268
21
3.2885546850393701
0
LINE
8
BLACK
6
CONTINUOUS
10
0.2031329133858268
20
3.2885546850393701
11
0.2020685039370079
21
3.2889955905511812
0
LINE
8
BLACK
6
CONTINUOUS
10
0.2020685039370079
20
3.2889955905511812
11
0.2012538582677165
21
3.2898102362204722
0
LINE
8
BLACK
6
CONTINUOUS
10
0.2012538582677165
20
3.2898102362204722
11
0.2008129527559055
21
3.2908746456692914
0
LINE
8
BLACK
6
CONTINUOUS
10
0.2008129527559055
20
3.2908746456692914
11
0.2007562204724409
21
3.2914507086614173
0
LINE
8
BLACK
6
CONTINUOUS
10
0.2007562204724409
20
3.2914507086614173
11
0.2007562204724409
21
3.3308207874015747
0
LINE
8
BLACK
6
CONTINUOUS
10
0.2007562204724409
20
3.3308207874015747
11
0.2008129527559055
21
3.3313968503937006
0
LINE
8
BLACK
6
CONTINUOUS
10
0.2008129527559055
20
3.3313968503937006
11
0.2012538582677165
21
3.3324612598425194
0
LINE
8
BLACK
6
CONTINUOUS
10
0.2012538582677165
20
3.3324612598425194
11
0.2020685039370079
21
3.3332759055118109
0
LINE
8
BLACK
6
CONTINUOUS
10
0.2020685039370079
20
3.3332759055118109
11
0.2031329133858268
21
3.3337168110236219
0
LINE
8
BLACK
6
CONTINUOUS
10
0.2031329133858268
20
3.3337168110236219
11
0.2042850393700787
21
3.3337168110236219
0
LINE
8
BLACK
6
CONTINUOUS
10
0.2042850393700787
20
3.3337168110236219
11
0.2053494488188976
21
3.3332759055118109
0
LINE
8
BLACK
6
CONTINUOUS
10
0.2053494488188976
20
3.3332759055118109
11
0.2054883464566929
21
3.3331370078740155
0
LINE
8
BLACK
6
CONTINUOUS
10
0.2054883464566929
20
3.3331370078740155
11
0.2061379921259842
21
3.3334618110236218
0
LINE
8
BLACK
6
CONTINUOUS
10
0.2061379921259842
20
3.3334618110236218
11
0.2066785826771654
21
3.3336687007874013
0
LINE
8
BLACK
6
CONTINUOUS
10
0.2066785826771654
20
3.3336687007874013
11
0.2067844488188976
21
3.3336762598425196
0
LINE
8
BLACK
6
CONTINUOUS
10
0.2067844488188976
20
3.3336762598425196
11
0.2068824409448819
21
3.3337168110236219
0
LINE
8
BLACK
6
CONTINUOUS
10
0.2068824409448819
20
3.3337168110236219
11
0.2074585039370079
21
3.3337735433070868
0
LINE
8
BLACK
6
CONTINUOUS
10
0.2074585039370079
20
3.3337735433070868
11
0.2149575590551181
21
3.3337735433070868
0
LINE
8
BLACK
6
CONTINUOUS
10
0.2149575590551181
20
3.3337735433070868
11
0.2155336220472441
21
3.3337168110236219
0
LINE
8
BLACK
6
CONTINUOUS
10
0.2066617322834646
20
3.3271211417322832
11
0.2066617322834646
21
3.3082737401574804
0
LINE
8
BLACK
6
CONTINUOUS
10
0.2066617322834646
20
3.3082737401574804
11
0.2081555511811023
21
3.3075268110236218
0
LINE
8
BLACK
6
CONTINUOUS
10
0.2081555511811023
20
3.3075268110236218
11
0.2142605118110236
21
3.3075268110236218
0
LINE
8
BLACK
6
CONTINUOUS
10
0.2142605118110236
20
3.3075268110236218
11
0.2169579527559055
21
3.3088755511811021
0
LINE
8
BLACK
6
CONTINUOUS
10
0.2169579527559055
20
3.3088755511811021
11
0.2181550787401575
21
3.3100727165354331
0
LINE
8
BLACK
6
CONTINUOUS
10
0.2181550787401575
20
3.3100727165354331
11
0.2195038582677165
21
3.3127701968503938
0
LINE
8
BLACK
6
CONTINUOUS
10
0.2195038582677165
20
3.3127701968503938
11
0.2195038582677165
21
3.3226246850393699
0
LINE
8
BLACK
6
CONTINUOUS
10
0.2195038582677165
20
3.3226246850393699
11
0.2181551181102362
21
3.3253221653543306
0
LINE
8
BLACK
6
CONTINUOUS
10
0.2181551181102362
20
3.3253221653543306
11
0.2169579921259842
21
3.3265192913385828
0
LINE
8
BLACK
6
CONTINUOUS
10
0.2169579921259842
20
3.3265192913385828
11
0.2142605118110236
21
3.3278680314960627
0
LINE
8
BLACK
6
CONTINUOUS
10
0.2142605118110236
20
3.3278680314960627
11
0.2081555511811023
21
3.3278680314960627
0
LINE
8
BLACK
6
CONTINUOUS
10
0.2081555511811023
20
3.3278680314960627
11
0.2066617322834646
21
3.3271211417322832
0
LINE
8
BLACK
6
CONTINUOUS
10
0.0703662992125984
20
3.3463992519685037
11
0.0711809448818898
21
3.3455846062992127
0
LINE
8
BLACK
6
CONTINUOUS
10
0.0711809448818898
20
3.3455846062992127
11
0.0716218503937008
21
3.3445201968503935
0
LINE
8
BLACK
6
CONTINUOUS
10
0.0716218503937008
20
3.3445201968503935
11
0.0716785826771654
21
3.3439441338582676
0
LINE
8
BLACK
6
CONTINUOUS
10
0.0716785826771654
20
3.3439441338582676
11
0.0716785826771654
21
3.3075268110236218
0
LINE
8
BLACK
6
CONTINUOUS
10
0.0716785826771654
20
3.3075268110236218
11
0.0874734645669291
21
3.3075268110236218
0
LINE
8
BLACK
6
CONTINUOUS
10
0.0874734645669291
20
3.3075268110236218
11
0.0880495275590551
21
3.3074700787401574
0
LINE
8
BLACK
6
CONTINUOUS
10
0.0880495275590551
20
3.3074700787401574
11
0.089113937007874
21
3.3070291732283463
0
LINE
8
BLACK
6
CONTINUOUS
10
0.089113937007874
20
3.3070291732283463
11
0.0899285826771654
21
3.3062145275590549
0
LINE
8
BLACK
6
CONTINUOUS
10
0.0899285826771654
20
3.3062145275590549
11
0.0903694881889764
21
3.3051501181102361
0
LINE
8
BLACK
6
CONTINUOUS
10
0.0903694881889764
20
3.3051501181102361
11
0.0903694881889764
21
3.3039979921259843
0
LINE
8
BLACK
6
CONTINUOUS
10
0.0903694881889764
20
3.3039979921259843
11
0.0899285826771654
21
3.3029335826771651
0
LINE
8
BLACK
6
CONTINUOUS
10
0.0899285826771654
20
3.3029335826771651
11
0.089113937007874
21
3.3021189370078741
0
LINE
8
BLACK
6
CONTINUOUS
10
0.089113937007874
20
3.3021189370078741
11
0.0880495275590551
21
3.301678031496063
0
LINE
8
BLACK
6
CONTINUOUS
10
0.0880495275590551
20
3.301678031496063
11
0.0874734645669291
21
3.3016212992125982
0
LINE
8
BLACK
6
CONTINUOUS
10
0.0874734645669291
20
3.3016212992125982
11
0.0687258267716535
21
3.3016212992125982
0
LINE
8
BLACK
6
CONTINUOUS
10
0.0687258267716535
20
3.3016212992125982
11
0.0681497637795276
21
3.301678031496063
0
LINE
8
BLACK
6
CONTINUOUS
10
0.0681497637795276
20
3.301678031496063
11
0.0670853543307087
21
3.3021189370078741
0
LINE
8
BLACK
6
CONTINUOUS
10
0.0670853543307087
20
3.3021189370078741
11
0.0662707086614173
21
3.3029335826771651
0
LINE
8
BLACK
6
CONTINUOUS
10
0.0662707086614173
20
3.3029335826771651
11
0.0658298031496063
21
3.3039979921259843
0
LINE
8
BLACK
6
CONTINUOUS
10
0.0658298031496063
20
3.3039979921259843
11
0.0657730708661417
21
3.3045740551181102
0
LINE
8
BLACK
6
CONTINUOUS
10
0.0657730708661417
20
3.3045740551181102
11
0.0657730708661417
21
3.3439441338582676
0
LINE
8
BLACK
6
CONTINUOUS
10
0.0657730708661417
20
3.3439441338582676
11
0.0658298031496063
21
3.3445201968503935
0
LINE
8
BLACK
6
CONTINUOUS
10
0.0658298031496063
20
3.3445201968503935
11
0.0662707086614173
21
3.3455846062992127
0
LINE
8
BLACK
6
CONTINUOUS
10
0.0662707086614173
20
3.3455846062992127
11
0.0670853543307087
21
3.3463992519685037
0
LINE
8
BLACK
6
CONTINUOUS
10
0.0670853543307087
20
3.3463992519685037
11
0.0681497637795276
21
3.3468401574803148
0
LINE
8
BLACK
6
CONTINUOUS
10
0.0681497637795276
20
3.3468401574803148
11
0.0693018897637795
21
3.3468401574803148
0
LINE
8
BLACK
6
CONTINUOUS
10
0.0693018897637795
20
3.3468401574803148
11
0.0703662992125984
21
3.3463992519685037
0
LINE
8
BLACK
6
CONTINUOUS
10
0.1480420472440945
20
3.3468401574803148
11
0.1481400393700787
21
3.3467995669291337
0
LINE
8
BLACK
6
CONTINUOUS
10
0.1481400393700787
20
3.3467995669291337
11
0.1482458661417323
21
3.3467920472440946
0
LINE
8
BLACK
6
CONTINUOUS
10
0.1482458661417323
20
3.3467920472440946
11
0.1487864960629921
21
3.3465851574803147
0
LINE
8
BLACK
6
CONTINUOUS
10
0.1487864960629921
20
3.3465851574803147
11
0.1525360236220472
21
3.3447103937007872
0
LINE
8
BLACK
6
CONTINUOUS
10
0.1525360236220472
20
3.3447103937007872
11
0.1527840157480315
21
3.3445543307086614
0
LINE
8
BLACK
6
CONTINUOUS
10
0.1527840157480315
20
3.3445543307086614
11
0.1528559842519685
21
3.3445244881889762
0
LINE
8
BLACK
6
CONTINUOUS
10
0.1528559842519685
20
3.3445244881889762
11
0.1529369291338583
21
3.344458031496063
0
LINE
8
BLACK
6
CONTINUOUS
10
0.1529369291338583
20
3.344458031496063
11
0.153025905511811
21
3.3444020472440945
0
LINE
8
BLACK
6
CONTINUOUS
10
0.153025905511811
20
3.3444020472440945
11
0.1530770472440945
21
3.3443430708661417
0
LINE
8
BLACK
6
CONTINUOUS
10
0.1530770472440945
20
3.3443430708661417
11
0.1533034251968504
21
3.344157283464567
0
LINE
8
BLACK
6
CONTINUOUS
10
0.1533034251968504
20
3.344157283464567
11
0.1551781889763779
21
3.3422825196850394
0
LINE
8
BLACK
6
CONTINUOUS
10
0.1551781889763779
20
3.3422825196850394
11
0.155363937007874
21
3.3420561811023619
0
LINE
8
BLACK
6
CONTINUOUS
10
0.155363937007874
20
3.3420561811023619
11
0.1554229527559055
21
3.3420049999999999
0
LINE
8
BLACK
6
CONTINUOUS
10
0.1554229527559055
20
3.3420049999999999
11
0.1554788976377953
21
3.3419160629921261
0
LINE
8
BLACK
6
CONTINUOUS
10
0.1554788976377953
20
3.3419160629921261
11
0.1555453937007874
21
3.3418350787401576
0
LINE
8
BLACK
6
CONTINUOUS
10
0.1555453937007874
20
3.3418350787401576
11
0.1555751968503937
21
3.3417631496062992
0
LINE
8
BLACK
6
CONTINUOUS
10
0.1555751968503937
20
3.3417631496062992
11
0.1557312992125984
21
3.341515118110236
0
LINE
8
BLACK
6
CONTINUOUS
10
0.1557312992125984
20
3.341515118110236
11
0.157606062992126
21
3.3377655905511809
0
LINE
8
BLACK
6
CONTINUOUS
10
0.157606062992126
20
3.3377655905511809
11
0.1578129527559055
21
3.3372250000000001
0
LINE
8
BLACK
6
CONTINUOUS
10
0.1578129527559055
20
3.3372250000000001
11
0.1578204724409449
21
3.3371191338582675
0
LINE
8
BLACK
6
CONTINUOUS
10
0.1578204724409449
20
3.3371191338582675
11
0.157861062992126
21
3.3370211417322833
0
LINE
8
BLACK
6
CONTINUOUS
10
0.157861062992126
20
3.3370211417322833
11
0.1579177952755906
21
3.3364450787401574
0
LINE
8
BLACK
6
CONTINUOUS
10
0.1579177952755906
20
3.3364450787401574
11
0.1579177952755906
21
3.3326955511811023
0
LINE
8
BLACK
6
CONTINUOUS
10
0.1579177952755906
20
3.3326955511811023
11
0.157861062992126
21
3.3321194881889764
0
LINE
8
BLACK
6
CONTINUOUS
10
0.157861062992126
20
3.3321194881889764
11
0.1578204724409449
21
3.3320215354330709
0
LINE
8
BLACK
6
CONTINUOUS
10
0.1578204724409449
20
3.3320215354330709
11
0.1578129527559055
21
3.3319156299212596
0
LINE
8
BLACK
6
CONTINUOUS
10
0.1578129527559055
20
3.3319156299212596
11
0.157606062992126
21
3.3313750393700787
0
LINE
8
BLACK
6
CONTINUOUS
10
0.157606062992126
20
3.3313750393700787
11
0.1557312992125984
21
3.3276255118110236
0
LINE
8
BLACK
6
CONTINUOUS
10
0.1557312992125984
20
3.3276255118110236
11
0.1555751968503937
21
3.3273775196850393
0
LINE
8
BLACK
6
CONTINUOUS
10
0.1555751968503937
20
3.3273775196850393
11
0.1555453937007874
21
3.3273055511811025
0
LINE
8
BLACK
6
CONTINUOUS
10
0.1555453937007874
20
3.3273055511811025
11
0.1554788976377953
21
3.3272246062992124
0
LINE
8
BLACK
6
CONTINUOUS
10
0.1554788976377953
20
3.3272246062992124
11
0.1554229527559055
21
3.3271356299212598
0
LINE
8
BLACK
6
CONTINUOUS
10
0.1554229527559055
20
3.3271356299212598
11
0.155363937007874
21
3.3270844881889765
0
LINE
8
BLACK
6
CONTINUOUS
10
0.155363937007874
20
3.3270844881889765
11
0.1551781889763779
21
3.3268581102362202
0
LINE
8
BLACK
6
CONTINUOUS
10
0.1551781889763779
20
3.3268581102362202
11
0.1543136614173228
21
3.3259936220472439
0
LINE
8
BLACK
6
CONTINUOUS
10
0.1543136614173228
20
3.3259936220472439
11
0.1545525590551181
21
3.3258869685039367
0
LINE
8
BLACK
6
CONTINUOUS
10
0.1545525590551181
20
3.3258869685039367
11
0.1546326771653543
21
3.3258174803149605
0
LINE
8
BLACK
6
CONTINUOUS
10
0.1546326771653543
20
3.3258174803149605
11
0.1547307480314961
21
3.3257768503937006
0
LINE
8
BLACK
6
CONTINUOUS
10
0.1547307480314961
20
3.3257768503937006
11
0.1551781889763779
21
3.3254096456692914
0
LINE
8
BLACK
6
CONTINUOUS
10
0.1551781889763779
20
3.3254096456692914
11
0.1570529527559055
21
3.3235348818897639
0
LINE
8
BLACK
6
CONTINUOUS
10
0.1570529527559055
20
3.3235348818897639
11
0.1572387007874016
21
3.3233085433070864
0
LINE
8
BLACK
6
CONTINUOUS
10
0.1572387007874016
20
3.3233085433070864
11
0.1572977165354331
21
3.3232573622047243
0
LINE
8
BLACK
6
CONTINUOUS
10
0.1572977165354331
20
3.3232573622047243
11
0.1573536614173228
21
3.3231684251968505
0
LINE
8
BLACK
6
CONTINUOUS
10
0.1573536614173228
20
3.3231684251968505
11
0.157420157480315
21
3.3230874409448816
0
LINE
8
BLACK
6
CONTINUOUS
10
0.157420157480315
20
3.3230874409448816
11
0.1574499606299213
21
3.3230155118110236
0
LINE
8
BLACK
6
CONTINUOUS
10
0.1574499606299213
20
3.3230155118110236
11
0.157606062992126
21
3.3227674803149605
0
LINE
8
BLACK
6
CONTINUOUS
10
0.157606062992126
20
3.3227674803149605
11
0.1594808267716535
21
3.3190179527559054
0
LINE
8
BLACK
6
CONTINUOUS
10
0.1594808267716535
20
3.3190179527559054
11
0.1596877165354331
21
3.3184773622047241
0
LINE
8
BLACK
6
CONTINUOUS
10
0.1596877165354331
20
3.3184773622047241
11
0.1596952362204724
21
3.318371496062992
0
LINE
8
BLACK
6
CONTINUOUS
10
0.1596952362204724
20
3.318371496062992
11
0.1597358267716535
21
3.3182735039370077
0
LINE
8
BLACK
6
CONTINUOUS
10
0.1597358267716535
20
3.3182735039370077
11
0.1597925590551181
21
3.3176974409448818
0
LINE
8
BLACK
6
CONTINUOUS
10
0.1597925590551181
20
3.3176974409448818
11
0.1597925590551181
21
3.3120731496062992
0
LINE
8
BLACK
6
CONTINUOUS
10
0.1597925590551181
20
3.3120731496062992
11
0.1597358267716535
21
3.3114970866141733
0
LINE
8
BLACK
6
CONTINUOUS
10
0.1597358267716535
20
3.3114970866141733
11
0.1596952362204724
21
3.3113991338582678
0
LINE
8
BLACK
6
CONTINUOUS
10
0.1596952362204724
20
3.3113991338582678
11
0.1596877165354331
21
3.3112932283464565
0
LINE
8
BLACK
6
CONTINUOUS
10
0.1596877165354331
20
3.3112932283464565
11
0.1594808267716535
21
3.3107526377952756
0
LINE
8
BLACK
6
CONTINUOUS
10
0.1594808267716535
20
3.3107526377952756
11
0.157606062992126
21
3.3070031102362205
0
LINE
8
BLACK
6
CONTINUOUS
10
0.157606062992126
20
3.3070031102362205
11
0.15745
21
3.3067552362204724
0
LINE
8
BLACK
6
CONTINUOUS
10
0.15745
20
3.3067552362204724
11
0.1574201968503937
21
3.3066831889763777
0
LINE
8
BLACK
6
CONTINUOUS
10
0.1574201968503937
20
3.3066831889763777
11
0.1573536614173228
21
3.3066021653543305
0
LINE
8
BLACK
6
CONTINUOUS
10
0.1573536614173228
20
3.3066021653543305
11
0.1572977165354331
21
3.3065132283464567
0
LINE
8
BLACK
6
CONTINUOUS
10
0.1572977165354331
20
3.3065132283464567
11
0.1572387007874016
21
3.306462086614173
0
LINE
8
BLACK
6
CONTINUOUS
10
0.1572387007874016
20
3.306462086614173
11
0.1570529527559055
21
3.3062357086614171
0
LINE
8
BLACK
6
CONTINUOUS
10
0.1570529527559055
20
3.3062357086614171
11
0.1551782283464567
21
3.3043609448818896
0
LINE
8
BLACK
6
CONTINUOUS
10
0.1551782283464567
20
3.3043609448818896
11
0.1549518503937008
21
3.3041751968503936
0
LINE
8
BLACK
6
CONTINUOUS
10
0.1549518503937008
20
3.3041751968503936
11
0.1549006692913386
21
3.3041161417322833
0
LINE
8
BLACK
6
CONTINUOUS
10
0.1549006692913386
20
3.3041161417322833
11
0.1548116929133858
21
3.3040601574803148
0
LINE
8
BLACK
6
CONTINUOUS
10
0.1548116929133858
20
3.3040601574803148
11
0.1547307480314961
21
3.3039937007874016
0
LINE
8
BLACK
6
CONTINUOUS
10
0.1547307480314961
20
3.3039937007874016
11
0.154658779527559
21
3.3039638976377952
0
LINE
8
BLACK
6
CONTINUOUS
10
0.154658779527559
20
3.3039638976377952
11
0.1544107874015748
21
3.3038077952755907
0
LINE
8
BLACK
6
CONTINUOUS
10
0.1544107874015748
20
3.3038077952755907
11
0.1506612598425197
21
3.3019330314960631
0
LINE
8
BLACK
6
CONTINUOUS
10
0.1506612598425197
20
3.3019330314960631
11
0.1501206299212599
21
3.3017261417322832
0
LINE
8
BLACK
6
CONTINUOUS
10
0.1501206299212599
20
3.3017261417322832
11
0.1500148031496063
21
3.3017186614173228
0
LINE
8
BLACK
6
CONTINUOUS
10
0.1500148031496063
20
3.3017186614173228
11
0.149916811023622
21
3.301678031496063
0
LINE
8
BLACK
6
CONTINUOUS
10
0.149916811023622
20
3.301678031496063
11
0.1493407480314961
21
3.3016212992125982
0
LINE
8
BLACK
6
CONTINUOUS
10
0.1493407480314961
20
3.3016212992125982
11
0.1343426377952756
21
3.3016212992125982
0
LINE
8
BLACK
6
CONTINUOUS
10
0.1343426377952756
20
3.3016212992125982
11
0.1337665748031496
21
3.301678031496063
0
LINE
8
BLACK
6
CONTINUOUS
10
0.1337665748031496
20
3.301678031496063
11
0.1327021653543307
21
3.3021189370078741
0
LINE
8
BLACK
6
CONTINUOUS
10
0.1327021653543307
20
3.3021189370078741
11
0.1318875196850394
21
3.3029335826771651
0
LINE
8
BLACK
6
CONTINUOUS
10
0.1318875196850394
20
3.3029335826771651
11
0.1314466141732283
21
3.3039979921259843
0
LINE
8
BLACK
6
CONTINUOUS
10
0.1314466141732283
20
3.3039979921259843
11
0.1313898818897638
21
3.3045740551181102
0
LINE
8
BLACK
6
CONTINUOUS
10
0.1313898818897638
20
3.3045740551181102
11
0.1313898818897638
21
3.3439441338582676
0
LINE
8
BLACK
6
CONTINUOUS
10
0.1313898818897638
20
3.3439441338582676
11
0.1314466141732283
21
3.3445201968503935
0
LINE
8
BLACK
6
CONTINUOUS
10
0.1314466141732283
20
3.3445201968503935
11
0.1318875196850394
21
3.3455846062992127
0
LINE
8
BLACK
6
CONTINUOUS
10
0.1318875196850394
20
3.3455846062992127
11
0.1327021653543307
21
3.3463992519685037
0
LINE
8
BLACK
6
CONTINUOUS
10
0.1327021653543307
20
3.3463992519685037
11
0.1337665748031496
21
3.3468401574803148
0
LINE
8
BLACK
6
CONTINUOUS
10
0.1337665748031496
20
3.3468401574803148
11
0.1343426377952756
21
3.3468968897637796
0
LINE
8
BLACK
6
CONTINUOUS
10
0.1343426377952756
20
3.3468968897637796
11
0.1474659842519685
21
3.3468968897637796
0
LINE
8
BLACK
6
CONTINUOUS
10
0.1474659842519685
20
3.3468968897637796
11
0.1480420472440945
21
3.3468401574803148
0
LINE
8
BLACK
6
CONTINUOUS
10
0.1372953937007874
20
3.3075268110236218
11
0.1486437007874016
21
3.3075268110236218
0
LINE
8
BLACK
6
CONTINUOUS
10
0.1486437007874016
20
3.3075268110236218
11
0.1513411417322835
21
3.3088755511811021
0
LINE
8
BLACK
6
CONTINUOUS
10
0.1513411417322835
20
3.3088755511811021
11
0.1525382677165354
21
3.3100727165354331
0
LINE
8
BLACK
6
CONTINUOUS
10
0.1525382677165354
20
3.3100727165354331
11
0.1538870472440945
21
3.3127701968503938
0
LINE
8
BLACK
6
CONTINUOUS
10
0.1538870472440945
20
3.3127701968503938
11
0.1538870472440945
21
3.3170003937007873
0
LINE
8
BLACK
6
CONTINUOUS
10
0.1538870472440945
20
3.3170003937007873
11
0.1525383070866142
21
3.3196978740157479
0
LINE
8
BLACK
6
CONTINUOUS
10
0.1525383070866142
20
3.3196978740157479
11
0.1514952362204725
21
3.3207409448818899
0
LINE
8
BLACK
6
CONTINUOUS
10
0.1514952362204725
20
3.3207409448818899
11
0.1469868503937008
21
3.32224374015748
0
LINE
8
BLACK
6
CONTINUOUS
10
0.1469868503937008
20
3.32224374015748
11
0.1372953937007874
21
3.32224374015748
0
LINE
8
BLACK
6
CONTINUOUS
10
0.1372953937007874
20
3.32224374015748
11
0.1372953937007874
21
3.3075268110236218
0
LINE
8
BLACK
6
CONTINUOUS
10
0.1372953937007874
20
3.3281492519685036
11
0.146768937007874
21
3.3281492519685036
0
LINE
8
BLACK
6
CONTINUOUS
10
0.146768937007874
20
3.3281492519685036
11
0.1494664173228346
21
3.329497992125984
0
LINE
8
BLACK
6
CONTINUOUS
10
0.1494664173228346
20
3.329497992125984
11
0.1506635433070866
21
3.3306951181102362
0
LINE
8
BLACK
6
CONTINUOUS
10
0.1506635433070866
20
3.3306951181102362
11
0.1520122834645669
21
3.3333925984251969
0
LINE
8
BLACK
6
CONTINUOUS
10
0.1520122834645669
20
3.3333925984251969
11
0.1520122834645669
21
3.3357480314960628
0
LINE
8
BLACK
6
CONTINUOUS
10
0.1520122834645669
20
3.3357480314960628
11
0.1506635433070866
21
3.3384455118110234
0
LINE
8
BLACK
6
CONTINUOUS
10
0.1506635433070866
20
3.3384455118110234
11
0.1494664173228346
21
3.3396426377952757
0
LINE
8
BLACK
6
CONTINUOUS
10
0.1494664173228346
20
3.3396426377952757
11
0.146768937007874
21
3.340991377952756
0
LINE
8
BLACK
6
CONTINUOUS
10
0.146768937007874
20
3.340991377952756
11
0.1372953937007874
21
3.340991377952756
0
LINE
8
BLACK
6
CONTINUOUS
10
0.1372953937007874
20
3.340991377952756
11
0.1372953937007874
21
3.3281492519685036
0
LINE
8
BLACK
6
CONTINUOUS
10
0.2511541732283464
20
3.3337168110236219
11
0.2512521653543307
21
3.3336762204724408
0
LINE
8
BLACK
6
CONTINUOUS
10
0.2512521653543307
20
3.3336762204724408
11
0.2513579921259843
21
3.3336687007874013
0
LINE
8
BLACK
6
CONTINUOUS
10
0.2513579921259843
20
3.3336687007874013
11
0.2518986220472441
21
3.3334618110236218
0
LINE
8
BLACK
6
CONTINUOUS
10
0.2518986220472441
20
3.3334618110236218
11
0.2556481496062992
21
3.3315870472440943
0
LINE
8
BLACK
6
CONTINUOUS
10
0.2556481496062992
20
3.3315870472440943
11
0.2557444881889764
21
3.3315264173228347
0
LINE
8
BLACK
6
CONTINUOUS
10
0.2557444881889764
20
3.3315264173228347
11
0.2557899212598425
21
3.3315112598425194
0
LINE
8
BLACK
6
CONTINUOUS
10
0.2557899212598425
20
3.3315112598425194
11
0.2558464566929134
21
3.3314622440944883
0
LINE
8
BLACK
6
CONTINUOUS
10
0.2558464566929134
20
3.3314622440944883
11
0.256138031496063
21
3.3312787007874016
0
LINE
8
BLACK
6
CONTINUOUS
10
0.256138031496063
20
3.3312787007874016
11
0.2563805905511811
21
3.3309990157480316
0
LINE
8
BLACK
6
CONTINUOUS
10
0.2563805905511811
20
3.3309990157480316
11
0.2566603149606299
21
3.3307564173228346
0
LINE
8
BLACK
6
CONTINUOUS
10
0.2566603149606299
20
3.3307564173228346
11
0.2568438188976378
21
3.3304648818897635
0
LINE
8
BLACK
6
CONTINUOUS
10
0.2568438188976378
20
3.3304648818897635
11
0.256892874015748
21
3.3304083070866142
0
LINE
8
BLACK
6
CONTINUOUS
10
0.256892874015748
20
3.3304083070866142
11
0.2569079921259843
21
3.3303629133858266
0
LINE
8
BLACK
6
CONTINUOUS
10
0.2569079921259843
20
3.3303629133858266
11
0.2569686614173228
21
3.3302665354330707
0
LINE
8
BLACK
6
CONTINUOUS
10
0.2569686614173228
20
3.3302665354330707
11
0.2588434251968504
21
3.3265170078740156
0
LINE
8
BLACK
6
CONTINUOUS
10
0.2588434251968504
20
3.3265170078740156
11
0.2590503149606299
21
3.3259764173228348
0
LINE
8
BLACK
6
CONTINUOUS
10
0.2590503149606299
20
3.3259764173228348
11
0.2590578346456693
21
3.3258705511811022
0
LINE
8
BLACK
6
CONTINUOUS
10
0.2590578346456693
20
3.3258705511811022
11
0.2590984251968504
21
3.3257725590551179
0
LINE
8
BLACK
6
CONTINUOUS
10
0.2590984251968504
20
3.3257725590551179
11
0.259155157480315
21
3.3251964960629921
0
LINE
8
BLACK
6
CONTINUOUS
10
0.259155157480315
20
3.3251964960629921
11
0.259155157480315
21
3.3045740551181102
0
LINE
8
BLACK
6
CONTINUOUS
10
0.259155157480315
20
3.3045740551181102
11
0.2590984251968504
21
3.3039979921259843
0
LINE
8
BLACK
6
CONTINUOUS
10
0.2590984251968504
20
3.3039979921259843
11
0.2586575196850394
21
3.3029335826771651
0
LINE
8
BLACK
6
CONTINUOUS
10
0.2586575196850394
20
3.3029335826771651
11
0.257842874015748
21
3.3021189370078741
0
LINE
8
BLACK
6
CONTINUOUS
10
0.257842874015748
20
3.3021189370078741
11
0.2567784645669292
21
3.301678031496063
0
LINE
8
BLACK
6
CONTINUOUS
10
0.2567784645669292
20
3.301678031496063
11
0.2556263385826771
21
3.301678031496063
0
LINE
8
BLACK
6
CONTINUOUS
10
0.2556263385826771
20
3.301678031496063
11
0.2545619291338583
21
3.3021189370078741
0
LINE
8
BLACK
6
CONTINUOUS
10
0.2545619291338583
20
3.3021189370078741
11
0.2544229921259842
21
3.3022578740157478
0
LINE
8
BLACK
6
CONTINUOUS
10
0.2544229921259842
20
3.3022578740157478
11
0.2537733858267717
21
3.3019330314960631
0
LINE
8
BLACK
6
CONTINUOUS
10
0.2537733858267717
20
3.3019330314960631
11
0.2532327559055118
21
3.3017261417322832
0
LINE
8
BLACK
6
CONTINUOUS
10
0.2532327559055118
20
3.3017261417322832
11
0.2531269291338583
21
3.3017186614173228
0
LINE
8
BLACK
6
CONTINUOUS
10
0.2531269291338583
20
3.3017186614173228
11
0.253028937007874
21
3.301678031496063
0
LINE
8
BLACK
6
CONTINUOUS
10
0.253028937007874
20
3.301678031496063
11
0.252452874015748
21
3.3016212992125982
0
LINE
8
BLACK
6
CONTINUOUS
10
0.252452874015748
20
3.3016212992125982
11
0.2430790551181102
21
3.3016212992125982
0
LINE
8
BLACK
6
CONTINUOUS
10
0.2430790551181102
20
3.3016212992125982
11
0.2425029921259843
21
3.301678031496063
0
LINE
8
BLACK
6
CONTINUOUS
10
0.2425029921259843
20
3.301678031496063
11
0.242405
21
3.3017186220472441
0
LINE
8
BLACK
6
CONTINUOUS
10
0.242405
20
3.3017186220472441
11
0.2422991338582677
21
3.3017261417322832
0
LINE
8
BLACK
6
CONTINUOUS
10
0.2422991338582677
20
3.3017261417322832
11
0.2417585433070866
21
3.3019330314960631
0
LINE
8
BLACK
6
CONTINUOUS
10
0.2417585433070866
20
3.3019330314960631
11
0.2380090157480315
21
3.3038077952755907
0
LINE
8
BLACK
6
CONTINUOUS
10
0.2380090157480315
20
3.3038077952755907
11
0.2379126377952756
21
3.303868464566929
0
LINE
8
BLACK
6
CONTINUOUS
10
0.2379126377952756
20
3.303868464566929
11
0.2378672440944882
21
3.3038835826771651
0
LINE
8
BLACK
6
CONTINUOUS
10
0.2378672440944882
20
3.3038835826771651
11
0.2378106692913386
21
3.3039326377952754
0
LINE
8
BLACK
6
CONTINUOUS
10
0.2378106692913386
20
3.3039326377952754
11
0.2375191338582677
21
3.3041161417322833
0
LINE
8
BLACK
6
CONTINUOUS
10
0.2375191338582677
20
3.3041161417322833
11
0.2372764566929134
21
3.3043959842519683
0
LINE
8
BLACK
6
CONTINUOUS
10
0.2372764566929134
20
3.3043959842519683
11
0.2369968503937008
21
3.3046384645669291
0
LINE
8
BLACK
6
CONTINUOUS
10
0.2369968503937008
20
3.3046384645669291
11
0.2368133464566929
21
3.3049299606299214
0
LINE
8
BLACK
6
CONTINUOUS
10
0.2368133464566929
20
3.3049299606299214
11
0.2367642913385827
21
3.3049865354330707
0
LINE
8
BLACK
6
CONTINUOUS
10
0.2367642913385827
20
3.3049865354330707
11
0.2367491338582677
21
3.3050320078740159
0
LINE
8
BLACK
6
CONTINUOUS
10
0.2367491338582677
20
3.3050320078740159
11
0.2366885039370079
21
3.3051283070866142
0
LINE
8
BLACK
6
CONTINUOUS
10
0.2366885039370079
20
3.3051283070866142
11
0.2348137401574803
21
3.3088778740157481
0
LINE
8
BLACK
6
CONTINUOUS
10
0.2348137401574803
20
3.3088778740157481
11
0.2346068503937008
21
3.3094185039370076
0
LINE
8
BLACK
6
CONTINUOUS
10
0.2346068503937008
20
3.3094185039370076
11
0.2345993307086614
21
3.3095243307086615
0
LINE
8
BLACK
6
CONTINUOUS
10
0.2345993307086614
20
3.3095243307086615
11
0.2345587401574803
21
3.3096223228346457
0
LINE
8
BLACK
6
CONTINUOUS
10
0.2345587401574803
20
3.3096223228346457
11
0.2345020078740157
21
3.3101983858267716
0
LINE
8
BLACK
6
CONTINUOUS
10
0.2345020078740157
20
3.3101983858267716
11
0.2345020078740157
21
3.3139479133858267
0
LINE
8
BLACK
6
CONTINUOUS
10
0.2345020078740157
20
3.3139479133858267
11
0.2345587401574803
21
3.3145239763779526
0
LINE
8
BLACK
6
CONTINUOUS
10
0.2345587401574803
20
3.3145239763779526
11
0.2345993307086614
21
3.3146220078740156
0
LINE
8
BLACK
6
CONTINUOUS
10
0.2345993307086614
20
3.3146220078740156
11
0.2346068503937008
21
3.3147277952755907
0
LINE
8
BLACK
6
CONTINUOUS
10
0.2346068503937008
20
3.3147277952755907
11
0.2348137401574803
21
3.3152684251968503
0
LINE
8
BLACK
6
CONTINUOUS
10
0.2348137401574803
20
3.3152684251968503
11
0.2366885039370079
21
3.3190179527559054
0
LINE
8
BLACK
6
CONTINUOUS
10
0.2366885039370079
20
3.3190179527559054
11
0.2367491338582677
21
3.3191143307086612
0
LINE
8
BLACK
6
CONTINUOUS
10
0.2367491338582677
20
3.3191143307086612
11
0.2367642913385827
21
3.3191597244094488
0
LINE
8
BLACK
6
CONTINUOUS
10
0.2367642913385827
20
3.3191597244094488
11
0.2368133070866142
21
3.3192162992125982
0
LINE
8
BLACK
6
CONTINUOUS
10
0.2368133070866142
20
3.3192162992125982
11
0.2369968503937008
21
3.3195078346456692
0
LINE
8
BLACK
6
CONTINUOUS
10
0.2369968503937008
20
3.3195078346456692
11
0.2372765354330709
21
3.3197504330708663
0
LINE
8
BLACK
6
CONTINUOUS
10
0.2372765354330709
20
3.3197504330708663
11
0.2375191338582677
21
3.3200301181102363
0
LINE
8
BLACK
6
CONTINUOUS
10
0.2375191338582677
20
3.3200301181102363
11
0.2378106692913386
21
3.3202136614173225
0
LINE
8
BLACK
6
CONTINUOUS
10
0.2378106692913386
20
3.3202136614173225
11
0.2378672440944882
21
3.3202626771653541
0
LINE
8
BLACK
6
CONTINUOUS
10
0.2378672440944882
20
3.3202626771653541
11
0.2379126377952756
21
3.3202778346456694
0
LINE
8
BLACK
6
CONTINUOUS
10
0.2379126377952756
20
3.3202778346456694
11
0.2380090157480315
21
3.3203384645669289
0
LINE
8
BLACK
6
CONTINUOUS
10
0.2380090157480315
20
3.3203384645669289
11
0.2417585433070866
21
3.3222132283464565
0
LINE
8
BLACK
6
CONTINUOUS
10
0.2417585433070866
20
3.3222132283464565
11
0.2422991338582677
21
3.322420118110236
0
LINE
8
BLACK
6
CONTINUOUS
10
0.2422991338582677
20
3.322420118110236
11
0.242405
21
3.3224276771653543
0
LINE
8
BLACK
6
CONTINUOUS
10
0.242405
20
3.3224276771653543
11
0.2425029921259843
21
3.3224682283464566
0
LINE
8
BLACK
6
CONTINUOUS
10
0.2425029921259843
20
3.3224682283464566
11
0.2430790551181102
21
3.322524960629921
0
LINE
8
BLACK
6
CONTINUOUS
10
0.2430790551181102
20
3.322524960629921
11
0.2517558267716535
21
3.322524960629921
0
LINE
8
BLACK
6
CONTINUOUS
10
0.2517558267716535
20
3.322524960629921
11
0.2532496456692913
21
3.3232718897637796
0
LINE
8
BLACK
6
CONTINUOUS
10
0.2532496456692913
20
3.3232718897637796
11
0.2532496456692913
21
3.3244994488188975
0
LINE
8
BLACK
6
CONTINUOUS
10
0.2532496456692913
20
3.3244994488188975
11
0.2521267716535433
21
3.3267451968503936
0
LINE
8
BLACK
6
CONTINUOUS
10
0.2521267716535433
20
3.3267451968503936
11
0.249881062992126
21
3.3278680314960627
0
LINE
8
BLACK
6
CONTINUOUS
10
0.249881062992126
20
3.3278680314960627
11
0.2437761023622047
21
3.3278680314960627
0
LINE
8
BLACK
6
CONTINUOUS
10
0.2437761023622047
20
3.3278680314960627
11
0.2406500393700787
21
3.3263050000000001
0
LINE
8
BLACK
6
CONTINUOUS
10
0.2406500393700787
20
3.3263050000000001
11
0.2401094094488189
21
3.3260981102362206
0
LINE
8
BLACK
6
CONTINUOUS
10
0.2401094094488189
20
3.3260981102362206
11
0.2389601968503937
21
3.3260164566929133
0
LINE
8
BLACK
6
CONTINUOUS
10
0.2389601968503937
20
3.3260164566929133
11
0.2378672440944882
21
3.3263807874015749
0
LINE
8
BLACK
6
CONTINUOUS
10
0.2378672440944882
20
3.3263807874015749
11
0.2369968503937008
21
3.3271356299212598
0
LINE
8
BLACK
6
CONTINUOUS
10
0.2369968503937008
20
3.3271356299212598
11
0.2364816141732283
21
3.3281661417322832
0
LINE
8
BLACK
6
CONTINUOUS
10
0.2364816141732283
20
3.3281661417322832
11
0.2363999606299212
21
3.3293153543307086
0
LINE
8
BLACK
6
CONTINUOUS
10
0.2363999606299212
20
3.3293153543307086
11
0.2367642913385827
21
3.3304083070866142
0
LINE
8
BLACK
6
CONTINUOUS
10
0.2367642913385827
20
3.3304083070866142
11
0.2375191338582677
21
3.3312787007874016
0
LINE
8
BLACK
6
CONTINUOUS
10
0.2375191338582677
20
3.3312787007874016
11
0.2380090157480315
21
3.3315870472440943
0
LINE
8
BLACK
6
CONTINUOUS
10
0.2380090157480315
20
3.3315870472440943
11
0.2417585433070866
21
3.3334618110236218
0
LINE
8
BLACK
6
CONTINUOUS
10
0.2417585433070866
20
3.3334618110236218
11
0.2422991338582677
21
3.3336687007874013
0
LINE
8
BLACK
6
CONTINUOUS
10
0.2422991338582677
20
3.3336687007874013
11
0.242405
21
3.3336762598425196
0
LINE
8
BLACK
6
CONTINUOUS
10
0.242405
20
3.3336762598425196
11
0.2425029921259843
21
3.3337168110236219
0
LINE
8
BLACK
6
CONTINUOUS
10
0.2425029921259843
20
3.3337168110236219
11
0.2430790551181102
21
3.3337735433070868
0
LINE
8
BLACK
6
CONTINUOUS
10
0.2430790551181102
20
3.3337735433070868
11
0.2505781102362205
21
3.3337735433070868
0
LINE
8
BLACK
6
CONTINUOUS
10
0.2505781102362205
20
3.3337735433070868
11
0.2511541732283464
21
3.3337168110236219
0
LINE
8
BLACK
6
CONTINUOUS
10
0.2532327559055118
20
3.3167242913385828
11
0.2531269291338583
21
3.316716811023622
0
LINE
8
BLACK
6
CONTINUOUS
10
0.2531269291338583
20
3.316716811023622
11
0.253028937007874
21
3.3166761811023622
0
LINE
8
BLACK
6
CONTINUOUS
10
0.253028937007874
20
3.3166761811023622
11
0.252452874015748
21
3.3166194488188974
0
LINE
8
BLACK
6
CONTINUOUS
10
0.252452874015748
20
3.3166194488188974
11
0.2437761023622047
21
3.3166194488188974
0
LINE
8
BLACK
6
CONTINUOUS
10
0.2437761023622047
20
3.3166194488188974
11
0.2415303543307087
21
3.3154966141732283
0
LINE
8
BLACK
6
CONTINUOUS
10
0.2415303543307087
20
3.3154966141732283
11
0.2404075196850394
21
3.3132508661417321
0
LINE
8
BLACK
6
CONTINUOUS
10
0.2404075196850394
20
3.3132508661417321
11
0.2404075196850394
21
3.3108954330708662
0
LINE
8
BLACK
6
CONTINUOUS
10
0.2404075196850394
20
3.3108954330708662
11
0.2415303543307087
21
3.3086496850393701
0
LINE
8
BLACK
6
CONTINUOUS
10
0.2415303543307087
20
3.3086496850393701
11
0.2437761023622047
21
3.3075268110236218
0
LINE
8
BLACK
6
CONTINUOUS
10
0.2437761023622047
20
3.3075268110236218
11
0.2517558267716535
21
3.3075268110236218
0
LINE
8
BLACK
6
CONTINUOUS
10
0.2517558267716535
20
3.3075268110236218
11
0.2532496456692913
21
3.3082737401574804
0
LINE
8
BLACK
6
CONTINUOUS
10
0.2532496456692913
20
3.3082737401574804
11
0.2532496456692913
21
3.3167307874015748
0
LINE
8
BLACK
6
CONTINUOUS
10
0.2532496456692913
20
3.3167307874015748
11
0.2532327559055118
21
3.3167242913385828
0
LINE
8
BLACK
6
CONTINUOUS
10
0.2765905511811024
20
3.3463992519685037
11
0.2774051968503937
21
3.3455846062992127
0
LINE
8
BLACK
6
CONTINUOUS
10
0.2774051968503937
20
3.3455846062992127
11
0.2778461023622047
21
3.3445201968503935
0
LINE
8
BLACK
6
CONTINUOUS
10
0.2778461023622047
20
3.3445201968503935
11
0.2779028346456693
21
3.3439441338582676
0
LINE
8
BLACK
6
CONTINUOUS
10
0.2779028346456693
20
3.3439441338582676
11
0.2779028346456693
21
3.3337735433070868
0
LINE
8
BLACK
6
CONTINUOUS
10
0.2779028346456693
20
3.3337735433070868
11
0.2843238976377953
21
3.3337735433070868
0
LINE
8
BLACK
6
CONTINUOUS
10
0.2843238976377953
20
3.3337735433070868
11
0.2848999606299212
21
3.3337168110236219
0
LINE
8
BLACK
6
CONTINUOUS
10
0.2848999606299212
20
3.3337168110236219
11
0.2859643700787401
21
3.3332759055118109
0
LINE
8
BLACK
6
CONTINUOUS
10
0.2859643700787401
20
3.3332759055118109
11
0.2867790157480315
21
3.3324612598425194
0
LINE
8
BLACK
6
CONTINUOUS
10
0.2867790157480315
20
3.3324612598425194
11
0.2872199212598425
21
3.3313968503937006
0
LINE
8
BLACK
6
CONTINUOUS
10
0.2872199212598425
20
3.3313968503937006
11
0.2872199212598425
21
3.3302447244094489
0
LINE
8
BLACK
6
CONTINUOUS
10
0.2872199212598425
20
3.3302447244094489
11
0.2867790157480315
21
3.32918031496063
0
LINE
8
BLACK
6
CONTINUOUS
10
0.2867790157480315
20
3.32918031496063
11
0.2859643700787401
21
3.3283656692913386
0
LINE
8
BLACK
6
CONTINUOUS
10
0.2859643700787401
20
3.3283656692913386
11
0.2848999606299212
21
3.3279247637795275
0
LINE
8
BLACK
6
CONTINUOUS
10
0.2848999606299212
20
3.3279247637795275
11
0.2843238976377953
21
3.3278680314960627
0
LINE
8
BLACK
6
CONTINUOUS
10
0.2843238976377953
20
3.3278680314960627
11
0.2779028346456693
21
3.3278680314960627
0
LINE
8
BLACK
6
CONTINUOUS
10
0.2779028346456693
20
3.3278680314960627
11
0.2779028346456693
21
3.3108954330708662
0
LINE
8
BLACK
6
CONTINUOUS
10
0.2779028346456693
20
3.3108954330708662
11
0.2790256692913386
21
3.3086496850393701
0
LINE
8
BLACK
6
CONTINUOUS
10
0.2790256692913386
20
3.3086496850393701
11
0.2812714173228346
21
3.3075268110236218
0
LINE
8
BLACK
6
CONTINUOUS
10
0.2812714173228346
20
3.3075268110236218
11
0.2843238976377953
21
3.3075268110236218
0
LINE
8
BLACK
6
CONTINUOUS
10
0.2843238976377953
20
3.3075268110236218
11
0.2848999606299212
21
3.3074700787401574
0
LINE
8
BLACK
6
CONTINUOUS
10
0.2848999606299212
20
3.3074700787401574
11
0.2859643700787401
21
3.3070291732283463
0
LINE
8
BLACK
6
CONTINUOUS
10
0.2859643700787401
20
3.3070291732283463
11
0.2867790157480315
21
3.3062145275590549
0
LINE
8
BLACK
6
CONTINUOUS
10
0.2867790157480315
20
3.3062145275590549
11
0.2872199212598425
21
3.3051501181102361
0
LINE
8
BLACK
6
CONTINUOUS
10
0.2872199212598425
20
3.3051501181102361
11
0.2872199212598425
21
3.3039979921259843
0
LINE
8
BLACK
6
CONTINUOUS
10
0.2872199212598425
20
3.3039979921259843
11
0.2867790157480315
21
3.3029335826771651
0
LINE
8
BLACK
6
CONTINUOUS
10
0.2867790157480315
20
3.3029335826771651
11
0.2859643700787401
21
3.3021189370078741
0
LINE
8
BLACK
6
CONTINUOUS
10
0.2859643700787401
20
3.3021189370078741
11
0.2848999606299212
21
3.301678031496063
0
LINE
8
BLACK
6
CONTINUOUS
10
0.2848999606299212
20
3.301678031496063
11
0.2843238976377953
21
3.3016212992125982
0
LINE
8
BLACK
6
CONTINUOUS
10
0.2843238976377953
20
3.3016212992125982
11
0.2805743700787401
21
3.3016212992125982
0
LINE
8
BLACK
6
CONTINUOUS
10
0.2805743700787401
20
3.3016212992125982
11
0.2799983070866142
21
3.301678031496063
0
LINE
8
BLACK
6
CONTINUOUS
10
0.2799983070866142
20
3.301678031496063
11
0.2799003149606299
21
3.3017186220472441
0
LINE
8
BLACK
6
CONTINUOUS
10
0.2799003149606299
20
3.3017186220472441
11
0.2797944488188976
21
3.3017261417322832
0
LINE
8
BLACK
6
CONTINUOUS
10
0.2797944488188976
20
3.3017261417322832
11
0.2792538582677165
21
3.3019330314960631
0
LINE
8
BLACK
6
CONTINUOUS
10
0.2792538582677165
20
3.3019330314960631
11
0.2755043307086614
21
3.3038077952755907
0
LINE
8
BLACK
6
CONTINUOUS
10
0.2755043307086614
20
3.3038077952755907
11
0.2754079527559055
21
3.303868464566929
0
LINE
8
BLACK
6
CONTINUOUS
10
0.2754079527559055
20
3.303868464566929
11
0.2753625590551181
21
3.3038835826771651
0
LINE
8
BLACK
6
CONTINUOUS
10
0.2753625590551181
20
3.3038835826771651
11
0.2753059842519685
21
3.3039326377952754
0
LINE
8
BLACK
6
CONTINUOUS
10
0.2753059842519685
20
3.3039326377952754
11
0.2750144488188976
21
3.3041161417322833
0
LINE
8
BLACK
6
CONTINUOUS
10
0.2750144488188976
20
3.3041161417322833
11
0.2747717716535433
21
3.3043959842519683
0
LINE
8
BLACK
6
CONTINUOUS
10
0.2747717716535433
20
3.3043959842519683
11
0.2744921653543307
21
3.3046384645669291
0
LINE
8
BLACK
6
CONTINUOUS
10
0.2744921653543307
20
3.3046384645669291
11
0.2743086614173229
21
3.3049299606299214
0
LINE
8
BLACK
6
CONTINUOUS
10
0.2743086614173229
20
3.3049299606299214
11
0.2742596062992126
21
3.3049865354330707
0
LINE
8
BLACK
6
CONTINUOUS
10
0.2742596062992126
20
3.3049865354330707
11
0.2742444488188976
21
3.3050320078740159
0
LINE
8
BLACK
6
CONTINUOUS
10
0.2742444488188976
20
3.3050320078740159
11
0.2741838188976378
21
3.3051283070866142
0
LINE
8
BLACK
6
CONTINUOUS
10
0.2741838188976378
20
3.3051283070866142
11
0.2723090551181102
21
3.3088778740157481
0
LINE
8
BLACK
6
CONTINUOUS
10
0.2723090551181102
20
3.3088778740157481
11
0.2721021653543307
21
3.3094185039370076
0
LINE
8
BLACK
6
CONTINUOUS
10
0.2721021653543307
20
3.3094185039370076
11
0.2720946456692913
21
3.3095243307086615
0
LINE
8
BLACK
6
CONTINUOUS
10
0.2720946456692913
20
3.3095243307086615
11
0.2720540551181102
21
3.3096223228346457
0
LINE
8
BLACK
6
CONTINUOUS
10
0.2720540551181102
20
3.3096223228346457
11
0.2719973228346457
21
3.3101983858267716
0
LINE
8
BLACK
6
CONTINUOUS
10
0.2719973228346457
20
3.3101983858267716
11
0.2719973228346457
21
3.3278680314960627
0
LINE
8
BLACK
6
CONTINUOUS
10
0.2719973228346457
20
3.3278680314960627
11
0.2693257874015748
21
3.3278680314960627
0
LINE
8
BLACK
6
CONTINUOUS
10
0.2693257874015748
20
3.3278680314960627
11
0.2687497244094488
21
3.3279247637795275
0
LINE
8
BLACK
6
CONTINUOUS
10
0.2687497244094488
20
3.3279247637795275
11
0.2676853149606299
21
3.3283656692913386
0
LINE
8
BLACK
6
CONTINUOUS
10
0.2676853149606299
20
3.3283656692913386
11
0.2668706692913386
21
3.32918031496063
0
LINE
8
BLACK
6
CONTINUOUS
10
0.2668706692913386
20
3.32918031496063
11
0.2664297637795275
21
3.3302447244094489
0
LINE
8
BLACK
6
CONTINUOUS
10
0.2664297637795275
20
3.3302447244094489
11
0.2664297637795275
21
3.3313968503937006
0
LINE
8
BLACK
6
CONTINUOUS
10
0.2664297637795275
20
3.3313968503937006
11
0.2668706692913386
21
3.3324612598425194
0
LINE
8
BLACK
6
CONTINUOUS
10
0.2668706692913386
20
3.3324612598425194
11
0.2676853149606299
21
3.3332759055118109
0
LINE
8
BLACK
6
CONTINUOUS
10
0.2676853149606299
20
3.3332759055118109
11
0.2687497244094488
21
3.3337168110236219
0
LINE
8
BLACK
6
CONTINUOUS
10
0.2687497244094488
20
3.3337168110236219
11
0.2693257874015748
21
3.3337735433070868
0
LINE
8
BLACK
6
CONTINUOUS
10
0.2693257874015748
20
3.3337735433070868
11
0.2719973228346457
21
3.3337735433070868
0
LINE
8
BLACK
6
CONTINUOUS
10
0.2719973228346457
20
3.3337735433070868
11
0.2719973228346457
21
3.3439441338582676
0
LINE
8
BLACK
6
CONTINUOUS
10
0.2719973228346457
20
3.3439441338582676
11
0.2720540551181102
21
3.3445201968503935
0
LINE
8
BLACK
6
CONTINUOUS
10
0.2720540551181102
20
3.3445201968503935
11
0.2724949606299212
21
3.3455846062992127
0
LINE
8
BLACK
6
CONTINUOUS
10
0.2724949606299212
20
3.3455846062992127
11
0.2733096062992126
21
3.3463992519685037
0
LINE
8
BLACK
6
CONTINUOUS
10
0.2733096062992126
20
3.3463992519685037
11
0.2743740157480315
21
3.3468401574803148
0
LINE
8
BLACK
6
CONTINUOUS
10
0.2743740157480315
20
3.3468401574803148
11
0.2755261417322835
21
3.3468401574803148
0
LINE
8
BLACK
6
CONTINUOUS
10
0.2755261417322835
20
3.3468401574803148
11
0.2765905511811024
21
3.3463992519685037
0
LINE
8
BLACK
6
CONTINUOUS
10
0.2990877559055118
20
3.3463992519685037
11
0.2999024015748031
21
3.3455846062992127
0
LINE
8
BLACK
6
CONTINUOUS
10
0.2999024015748031
20
3.3455846062992127
11
0.3003433070866142
21
3.3445201968503935
0
LINE
8
BLACK
6
CONTINUOUS
10
0.3003433070866142
20
3.3445201968503935
11
0.3004000393700788
21
3.3439441338582676
0
LINE
8
BLACK
6
CONTINUOUS
10
0.3004000393700788
20
3.3439441338582676
11
0.3004000393700788
21
3.3337735433070868
0
LINE
8
BLACK
6
CONTINUOUS
10
0.3004000393700788
20
3.3337735433070868
11
0.3068211023622047
21
3.3337735433070868
0
LINE
8
BLACK
6
CONTINUOUS
10
0.3068211023622047
20
3.3337735433070868
11
0.3073971653543307
21
3.3337168110236219
0
LINE
8
BLACK
6
CONTINUOUS
10
0.3073971653543307
20
3.3337168110236219
11
0.3084615748031496
21
3.3332759055118109
0
LINE
8
BLACK
6
CONTINUOUS
10
0.3084615748031496
20
3.3332759055118109
11
0.3092762204724409
21
3.3324612598425194
0
LINE
8
BLACK
6
CONTINUOUS
10
0.3092762204724409
20
3.3324612598425194
11
0.3097171259842519
21
3.3313968503937006
0
LINE
8
BLACK
6
CONTINUOUS
10
0.3097171259842519
20
3.3313968503937006
11
0.3097171259842519
21
3.3302447244094489
0
LINE
8
BLACK
6
CONTINUOUS
10
0.3097171259842519
20
3.3302447244094489
11
0.3092762204724409
21
3.32918031496063
0
LINE
8
BLACK
6
CONTINUOUS
10
0.3092762204724409
20
3.32918031496063
11
0.3084615748031496
21
3.3283656692913386
0
LINE
8
BLACK
6
CONTINUOUS
10
0.3084615748031496
20
3.3283656692913386
11
0.3073971653543307
21
3.3279247637795275
0
LINE
8
BLACK
6
CONTINUOUS
10
0.3073971653543307
20
3.3279247637795275
11
0.3068211023622047
21
3.3278680314960627
0
LINE
8
BLACK
6
CONTINUOUS
10
0.3068211023622047
20
3.3278680314960627
11
0.3004000393700788
21
3.3278680314960627
0
LINE
8
BLACK
6
CONTINUOUS
10
0.3004000393700788
20
3.3278680314960627
11
0.3004000393700788
21
3.3108954330708662
0
LINE
8
BLACK
6
CONTINUOUS
10
0.3004000393700788
20
3.3108954330708662
11
0.301522874015748
21
3.3086496850393701
0
LINE
8
BLACK
6
CONTINUOUS
10
0.301522874015748
20
3.3086496850393701
11
0.3037686220472441
21
3.3075268110236218
0
LINE
8
BLACK
6
CONTINUOUS
10
0.3037686220472441
20
3.3075268110236218
11
0.3068211023622047
21
3.3075268110236218
0
LINE
8
BLACK
6
CONTINUOUS
10
0.3068211023622047
20
3.3075268110236218
11
0.3073971653543307
21
3.3074700787401574
0
LINE
8
BLACK
6
CONTINUOUS
10
0.3073971653543307
20
3.3074700787401574
11
0.3084615748031496
21
3.3070291732283463
0
LINE
8
BLACK
6
CONTINUOUS
10
0.3084615748031496
20
3.3070291732283463
11
0.3092762204724409
21
3.3062145275590549
0
LINE
8
BLACK
6
CONTINUOUS
10
0.3092762204724409
20
3.3062145275590549
11
0.3097171259842519
21
3.3051501181102361
0
LINE
8
BLACK
6
CONTINUOUS
10
0.3097171259842519
20
3.3051501181102361
11
0.3097171259842519
21
3.3039979921259843
0
LINE
8
BLACK
6
CONTINUOUS
10
0.3097171259842519
20
3.3039979921259843
11
0.3092762204724409
21
3.3029335826771651
0
LINE
8
BLACK
6
CONTINUOUS
10
0.3092762204724409
20
3.3029335826771651
11
0.3084615748031496
21
3.3021189370078741
0
LINE
8
BLACK
6
CONTINUOUS
10
0.3084615748031496
20
3.3021189370078741
11
0.3073971653543307
21
3.301678031496063
0
LINE
8
BLACK
6
CONTINUOUS
10
0.3073971653543307
20
3.301678031496063
11
0.3068211023622047
21
3.3016212992125982
0
LINE
8
BLACK
6
CONTINUOUS
10
0.3068211023622047
20
3.3016212992125982
11
0.3030715748031496
21
3.3016212992125982
0
LINE
8
BLACK
6
CONTINUOUS
10
0.3030715748031496
20
3.3016212992125982
11
0.3024955118110236
21
3.301678031496063
0
LINE
8
BLACK
6
CONTINUOUS
10
0.3024955118110236
20
3.301678031496063
11
0.3023975196850394
21
3.3017186220472441
0
LINE
8
BLACK
6
CONTINUOUS
10
0.3023975196850394
20
3.3017186220472441
11
0.3022916535433071
21
3.3017261417322832
0
LINE
8
BLACK
6
CONTINUOUS
10
0.3022916535433071
20
3.3017261417322832
11
0.301751062992126
21
3.3019330314960631
0
LINE
8
BLACK
6
CONTINUOUS
10
0.301751062992126
20
3.3019330314960631
11
0.2980015354330708
21
3.3038077952755907
0
LINE
8
BLACK
6
CONTINUOUS
10
0.2980015354330708
20
3.3038077952755907
11
0.2979051574803149
21
3.303868464566929
0
LINE
8
BLACK
6
CONTINUOUS
10
0.2979051574803149
20
3.303868464566929
11
0.2978597637795276
21
3.3038835826771651
0
LINE
8
BLACK
6
CONTINUOUS
10
0.2978597637795276
20
3.3038835826771651
11
0.2978031889763779
21
3.3039326377952754
0
LINE
8
BLACK
6
CONTINUOUS
10
0.2978031889763779
20
3.3039326377952754
11
0.2975116535433071
21
3.3041161417322833
0
LINE
8
BLACK
6
CONTINUOUS
10
0.2975116535433071
20
3.3041161417322833
11
0.2972689763779527
21
3.3043959842519683
0
LINE
8
BLACK
6
CONTINUOUS
10
0.2972689763779527
20
3.3043959842519683
11
0.2969893700787402
21
3.3046384645669291
0
LINE
8
BLACK
6
CONTINUOUS
10
0.2969893700787402
20
3.3046384645669291
11
0.2968058661417323
21
3.3049299606299214
0
LINE
8
BLACK
6
CONTINUOUS
10
0.2968058661417323
20
3.3049299606299214
11
0.2967568110236221
21
3.3049865354330707
0
LINE
8
BLACK
6
CONTINUOUS
10
0.2967568110236221
20
3.3049865354330707
11
0.2967416535433071
21
3.3050320078740159
0
LINE
8
BLACK
6
CONTINUOUS
10
0.2967416535433071
20
3.3050320078740159
11
0.2966810236220472
21
3.3051283070866142
0
LINE
8
BLACK
6
CONTINUOUS
10
0.2966810236220472
20
3.3051283070866142
11
0.2948062598425197
21
3.3088778740157481
0
LINE
8
BLACK
6
CONTINUOUS
10
0.2948062598425197
20
3.3088778740157481
11
0.2945993700787402
21
3.3094185039370076
0
LINE
8
BLACK
6
CONTINUOUS
10
0.2945993700787402
20
3.3094185039370076
11
0.2945918503937008
21
3.3095243307086615
0
LINE
8
BLACK
6
CONTINUOUS
10
0.2945918503937008
20
3.3095243307086615
11
0.2945512598425197
21
3.3096223228346457
0
LINE
8
BLACK
6
CONTINUOUS
10
0.2945512598425197
20
3.3096223228346457
11
0.2944945275590551
21
3.3101983858267716
0
LINE
8
BLACK
6
CONTINUOUS
10
0.2944945275590551
20
3.3101983858267716
11
0.2944945275590551
21
3.3278680314960627
0
LINE
8
BLACK
6
CONTINUOUS
10
0.2944945275590551
20
3.3278680314960627
11
0.2918229921259842
21
3.3278680314960627
0
LINE
8
BLACK
6
CONTINUOUS
10
0.2918229921259842
20
3.3278680314960627
11
0.2912469291338582
21
3.3279247637795275
0
LINE
8
BLACK
6
CONTINUOUS
10
0.2912469291338582
20
3.3279247637795275
11
0.2901825196850394
21
3.3283656692913386
0
LINE
8
BLACK
6
CONTINUOUS
10
0.2901825196850394
20
3.3283656692913386
11
0.289367874015748
21
3.32918031496063
0
LINE
8
BLACK
6
CONTINUOUS
10
0.289367874015748
20
3.32918031496063
11
0.288926968503937
21
3.3302447244094489
0
LINE
8
BLACK
6
CONTINUOUS
10
0.288926968503937
20
3.3302447244094489
11
0.288926968503937
21
3.3313968503937006
0
LINE
8
BLACK
6
CONTINUOUS
10
0.288926968503937
20
3.3313968503937006
11
0.289367874015748
21
3.3324612598425194
0
LINE
8
BLACK
6
CONTINUOUS
10
0.289367874015748
20
3.3324612598425194
11
0.2901825196850394
21
3.3332759055118109
0
LINE
8
BLACK
6
CONTINUOUS
10
0.2901825196850394
20
3.3332759055118109
11
0.2912469291338582
21
3.3337168110236219
0
LINE
8
BLACK
6
CONTINUOUS
10
0.2912469291338582
20
3.3337168110236219
11
0.2918229921259842
21
3.3337735433070868
0
LINE
8
BLACK
6
CONTINUOUS
10
0.2918229921259842
20
3.3337735433070868
11
0.2944945275590551
21
3.3337735433070868
0
LINE
8
BLACK
6
CONTINUOUS
10
0.2944945275590551
20
3.3337735433070868
11
0.2944945275590551
21
3.3439441338582676
0
LINE
8
BLACK
6
CONTINUOUS
10
0.2944945275590551
20
3.3439441338582676
11
0.2945512598425197
21
3.3445201968503935
0
LINE
8
BLACK
6
CONTINUOUS
10
0.2945512598425197
20
3.3445201968503935
11
0.2949921653543307
21
3.3455846062992127
0
LINE
8
BLACK
6
CONTINUOUS
10
0.2949921653543307
20
3.3455846062992127
11
0.2958068110236221
21
3.3463992519685037
0
LINE
8
BLACK
6
CONTINUOUS
10
0.2958068110236221
20
3.3463992519685037
11
0.2968712204724409
21
3.3468401574803148
0
LINE
8
BLACK
6
CONTINUOUS
10
0.2968712204724409
20
3.3468401574803148
11
0.2980233464566929
21
3.3468401574803148
0
LINE
8
BLACK
6
CONTINUOUS
10
0.2980233464566929
20
3.3468401574803148
11
0.2990877559055118
21
3.3463992519685037
0
LINE
8
BLACK
6
CONTINUOUS
10
0.3317691338582677
20
3.3337168110236219
11
0.3318671259842519
21
3.3336762204724408
0
LINE
8
BLACK
6
CONTINUOUS
10
0.3318671259842519
20
3.3336762204724408
11
0.3319729527559055
21
3.3336687007874013
0
LINE
8
BLACK
6
CONTINUOUS
10
0.3319729527559055
20
3.3336687007874013
11
0.3325135826771654
21
3.3334618110236218
0
LINE
8
BLACK
6
CONTINUOUS
10
0.3325135826771654
20
3.3334618110236218
11
0.3362631102362205
21
3.3315870472440943
0
LINE
8
BLACK
6
CONTINUOUS
10
0.3362631102362205
20
3.3315870472440943
11
0.3363594488188976
21
3.3315264173228347
0
LINE
8
BLACK
6
CONTINUOUS
10
0.3363594488188976
20
3.3315264173228347
11
0.3364048818897638
21
3.3315112598425194
0
LINE
8
BLACK
6
CONTINUOUS
10
0.3364048818897638
20
3.3315112598425194
11
0.3364614173228346
21
3.3314622440944883
0
LINE
8
BLACK
6
CONTINUOUS
10
0.3364614173228346
20
3.3314622440944883
11
0.3367529921259843
21
3.3312787007874016
0
LINE
8
BLACK
6
CONTINUOUS
10
0.3367529921259843
20
3.3312787007874016
11
0.3369955511811024
21
3.3309990157480316
0
LINE
8
BLACK
6
CONTINUOUS
10
0.3369955511811024
20
3.3309990157480316
11
0.3372752755905511
21
3.3307564173228346
0
LINE
8
BLACK
6
CONTINUOUS
10
0.3372752755905511
20
3.3307564173228346
11
0.337458779527559
21
3.3304648818897635
0
LINE
8
BLACK
6
CONTINUOUS
10
0.337458779527559
20
3.3304648818897635
11
0.3375078346456693
21
3.3304083070866142
0
LINE
8
BLACK
6
CONTINUOUS
10
0.3375078346456693
20
3.3304083070866142
11
0.3375229527559055
21
3.3303629133858266
0
LINE
8
BLACK
6
CONTINUOUS
10
0.3375229527559055
20
3.3303629133858266
11
0.3375836220472441
21
3.3302665354330707
0
LINE
8
BLACK
6
CONTINUOUS
10
0.3375836220472441
20
3.3302665354330707
11
0.3394583858267716
21
3.3265170078740156
0
LINE
8
BLACK
6
CONTINUOUS
10
0.3394583858267716
20
3.3265170078740156
11
0.3396652755905512
21
3.3259764173228348
0
LINE
8
BLACK
6
CONTINUOUS
10
0.3396652755905512
20
3.3259764173228348
11
0.3396727952755905
21
3.3258705511811022
0
LINE
8
BLACK
6
CONTINUOUS
10
0.3396727952755905
20
3.3258705511811022
11
0.3397133858267716
21
3.3257725590551179
0
LINE
8
BLACK
6
CONTINUOUS
10
0.3397133858267716
20
3.3257725590551179
11
0.3397701181102362
21
3.3251964960629921
0
LINE
8
BLACK
6
CONTINUOUS
10
0.3397701181102362
20
3.3251964960629921
11
0.3397701181102362
21
3.3214469685039369
0
LINE
8
BLACK
6
CONTINUOUS
10
0.3397701181102362
20
3.3214469685039369
11
0.3397133858267716
21
3.3208709055118111
0
LINE
8
BLACK
6
CONTINUOUS
10
0.3397133858267716
20
3.3208709055118111
11
0.3396025984251969
21
3.3206035433070866
0
LINE
8
BLACK
6
CONTINUOUS
10
0.3396025984251969
20
3.3206035433070866
11
0.3395464960629921
21
3.3203198425196851
0
LINE
8
BLACK
6
CONTINUOUS
10
0.3395464960629921
20
3.3203198425196851
11
0.3393844094488189
21
3.3200767322834643
0
LINE
8
BLACK
6
CONTINUOUS
10
0.3393844094488189
20
3.3200767322834643
11
0.3392724803149606
21
3.3198064960629918
0
LINE
8
BLACK
6
CONTINUOUS
10
0.3392724803149606
20
3.3198064960629918
11
0.3390678346456693
21
3.3196018503937008
0
LINE
8
BLACK
6
CONTINUOUS
10
0.3390678346456693
20
3.3196018503937008
11
0.3389074409448819
21
3.3193612598425197
0
LINE
8
BLACK
6
CONTINUOUS
10
0.3389074409448819
20
3.3193612598425197
11
0.3386646062992126
21
3.3191986614173228
0
LINE
8
BLACK
6
CONTINUOUS
10
0.3386646062992126
20
3.3191986614173228
11
0.3384578346456693
21
3.3189918503937008
0
LINE
8
BLACK
6
CONTINUOUS
10
0.3384578346456693
20
3.3189918503937008
11
0.3381905511811024
21
3.3188811417322834
0
LINE
8
BLACK
6
CONTINUOUS
10
0.3381905511811024
20
3.3188811417322834
11
0.3379501968503937
21
3.3187201574803149
0
LINE
8
BLACK
6
CONTINUOUS
10
0.3379501968503937
20
3.3187201574803149
11
0.3373964173228347
21
3.3185515354330706
0
LINE
8
BLACK
6
CONTINUOUS
10
0.3373964173228347
20
3.3185515354330706
11
0.3210224803149606
21
3.3152767716535432
0
LINE
8
BLACK
6
CONTINUOUS
10
0.3210224803149606
20
3.3152767716535432
11
0.3210224803149606
21
3.3108954330708662
0
LINE
8
BLACK
6
CONTINUOUS
10
0.3210224803149606
20
3.3108954330708662
11
0.3221453149606299
21
3.3086496850393701
0
LINE
8
BLACK
6
CONTINUOUS
10
0.3221453149606299
20
3.3086496850393701
11
0.324391062992126
21
3.3075268110236218
0
LINE
8
BLACK
6
CONTINUOUS
10
0.324391062992126
20
3.3075268110236218
11
0.3304960236220472
21
3.3075268110236218
0
LINE
8
BLACK
6
CONTINUOUS
10
0.3304960236220472
20
3.3075268110236218
11
0.3336220866141732
21
3.3090898425196849
0
LINE
8
BLACK
6
CONTINUOUS
10
0.3336220866141732
20
3.3090898425196849
11
0.3341626771653543
21
3.3092967322834643
0
LINE
8
BLACK
6
CONTINUOUS
10
0.3341626771653543
20
3.3092967322834643
11
0.3353118897637795
21
3.3093783858267716
0
LINE
8
BLACK
6
CONTINUOUS
10
0.3353118897637795
20
3.3093783858267716
11
0.3364048818897638
21
3.30901405511811
0
LINE
8
BLACK
6
CONTINUOUS
10
0.3364048818897638
20
3.30901405511811
11
0.3372752362204725
21
3.3082592125984251
0
LINE
8
BLACK
6
CONTINUOUS
10
0.3372752362204725
20
3.3082592125984251
11
0.3377905118110236
21
3.3072287007874017
0
LINE
8
BLACK
6
CONTINUOUS
10
0.3377905118110236
20
3.3072287007874017
11
0.3378721653543307
21
3.3060794881889763
0
LINE
8
BLACK
6
CONTINUOUS
10
0.3378721653543307
20
3.3060794881889763
11
0.3375078346456693
21
3.3049865354330707
0
LINE
8
BLACK
6
CONTINUOUS
10
0.3375078346456693
20
3.3049865354330707
11
0.3367529921259843
21
3.3041161417322833
0
LINE
8
BLACK
6
CONTINUOUS
10
0.3367529921259843
20
3.3041161417322833
11
0.3362631102362205
21
3.3038077952755907
0
LINE
8
BLACK
6
CONTINUOUS
10
0.3362631102362205
20
3.3038077952755907
11
0.3325135826771654
21
3.3019330314960631
0
LINE
8
BLACK
6
CONTINUOUS
10
0.3325135826771654
20
3.3019330314960631
11
0.3319729527559055
21
3.3017261417322832
0
LINE
8
BLACK
6
CONTINUOUS
10
0.3319729527559055
20
3.3017261417322832
11
0.3318671259842519
21
3.3017186614173228
0
LINE
8
BLACK
6
CONTINUOUS
10
0.3318671259842519
20
3.3017186614173228
11
0.3317691338582677
21
3.301678031496063
0
LINE
8
BLACK
6
CONTINUOUS
10
0.3317691338582677
20
3.301678031496063
11
0.3311930708661417
21
3.3016212992125982
0
LINE
8
BLACK
6
CONTINUOUS
10
0.3311930708661417
20
3.3016212992125982
11
0.3236940157480315
21
3.3016212992125982
0
LINE
8
BLACK
6
CONTINUOUS
10
0.3236940157480315
20
3.3016212992125982
11
0.3231179527559055
21
3.301678031496063
0
LINE
8
BLACK
6
CONTINUOUS
10
0.3231179527559055
20
3.301678031496063
11
0.3230199606299213
21
3.3017186220472441
0
LINE
8
BLACK
6
CONTINUOUS
10
0.3230199606299213
20
3.3017186220472441
11
0.322914094488189
21
3.3017261417322832
0
LINE
8
BLACK
6
CONTINUOUS
10
0.322914094488189
20
3.3017261417322832
11
0.3223735039370079
21
3.3019330314960631
0
LINE
8
BLACK
6
CONTINUOUS
10
0.3223735039370079
20
3.3019330314960631
11
0.3186239763779528
21
3.3038077952755907
0
LINE
8
BLACK
6
CONTINUOUS
10
0.3186239763779528
20
3.3038077952755907
11
0.3185275984251968
21
3.303868464566929
0
LINE
8
BLACK
6
CONTINUOUS
10
0.3185275984251968
20
3.303868464566929
11
0.3184822047244095
21
3.3038835826771651
0
LINE
8
BLACK
6
CONTINUOUS
10
0.3184822047244095
20
3.3038835826771651
11
0.3184256299212598
21
3.3039326377952754
0
LINE
8
BLACK
6
CONTINUOUS
10
0.3184256299212598
20
3.3039326377952754
11
0.318134094488189
21
3.3041161417322833
0
LINE
8
BLACK
6
CONTINUOUS
10
0.318134094488189
20
3.3041161417322833
11
0.3178914173228347
21
3.3043959842519683
0
LINE
8
BLACK
6
CONTINUOUS
10
0.3178914173228347
20
3.3043959842519683
11
0.317611811023622
21
3.3046384645669291
0
LINE
8
BLACK
6
CONTINUOUS
10
0.317611811023622
20
3.3046384645669291
11
0.3174283070866142
21
3.3049299606299214
0
LINE
8
BLACK
6
CONTINUOUS
10
0.3174283070866142
20
3.3049299606299214
11
0.3173792519685039
21
3.3049865354330707
0
LINE
8
BLACK
6
CONTINUOUS
10
0.3173792519685039
20
3.3049865354330707
11
0.317364094488189
21
3.3050320078740159
0
LINE
8
BLACK
6
CONTINUOUS
10
0.317364094488189
20
3.3050320078740159
11
0.3173034645669291
21
3.3051283070866142
0
LINE
8
BLACK
6
CONTINUOUS
10
0.3173034645669291
20
3.3051283070866142
11
0.3154287007874016
21
3.3088778740157481
0
LINE
8
BLACK
6
CONTINUOUS
10
0.3154287007874016
20
3.3088778740157481
11
0.3152218110236221
21
3.3094185039370076
0
LINE
8
BLACK
6
CONTINUOUS
10
0.3152218110236221
20
3.3094185039370076
11
0.3152142913385827
21
3.3095243307086615
0
LINE
8
BLACK
6
CONTINUOUS
10
0.3152142913385827
20
3.3095243307086615
11
0.3151737007874016
21
3.3096223228346457
0
LINE
8
BLACK
6
CONTINUOUS
10
0.3151737007874016
20
3.3096223228346457
11
0.315116968503937
21
3.3101983858267716
0
LINE
8
BLACK
6
CONTINUOUS
10
0.315116968503937
20
3.3101983858267716
11
0.315116968503937
21
3.3251964960629921
0
LINE
8
BLACK
6
CONTINUOUS
10
0.315116968503937
20
3.3251964960629921
11
0.3151737007874016
21
3.3257725590551179
0
LINE
8
BLACK
6
CONTINUOUS
10
0.3151737007874016
20
3.3257725590551179
11
0.3152142913385827
21
3.3258705905511809
0
LINE
8
BLACK
6
CONTINUOUS
10
0.3152142913385827
20
3.3258705905511809
11
0.3152218110236221
21
3.325976377952756
0
LINE
8
BLACK
6
CONTINUOUS
10
0.3152218110236221
20
3.325976377952756
11
0.3154287007874016
21
3.3265170078740156
0
LINE
8
BLACK
6
CONTINUOUS
10
0.3154287007874016
20
3.3265170078740156
11
0.3173034645669291
21
3.3302665354330707
0
LINE
8
BLACK
6
CONTINUOUS
10
0.3173034645669291
20
3.3302665354330707
11
0.317364094488189
21
3.3303629133858266
0
LINE
8
BLACK
6
CONTINUOUS
10
0.317364094488189
20
3.3303629133858266
11
0.3173792519685039
21
3.3304083070866142
0
LINE
8
BLACK
6
CONTINUOUS
10
0.3173792519685039
20
3.3304083070866142
11
0.3174282677165354
21
3.3304648818897635
0
LINE
8
BLACK
6
CONTINUOUS
10
0.3174282677165354
20
3.3304648818897635
11
0.317611811023622
21
3.3307564173228346
0
LINE
8
BLACK
6
CONTINUOUS
10
0.317611811023622
20
3.3307564173228346
11
0.3178914960629921
21
3.3309990157480316
0
LINE
8
BLACK
6
CONTINUOUS
10
0.3178914960629921
20
3.3309990157480316
11
0.318134094488189
21
3.3312787007874016
0
LINE
8
BLACK
6
CONTINUOUS
10
0.318134094488189
20
3.3312787007874016
11
0.3184256299212598
21
3.3314622440944883
0
LINE
8
BLACK
6
CONTINUOUS
10
0.3184256299212598
20
3.3314622440944883
11
0.3184822047244095
21
3.3315112598425194
0
LINE
8
BLACK
6
CONTINUOUS
10
0.3184822047244095
20
3.3315112598425194
11
0.3185275984251968
21
3.3315264173228347
0
LINE
8
BLACK
6
CONTINUOUS
10
0.3185275984251968
20
3.3315264173228347
11
0.3186239763779528
21
3.3315870472440943
0
LINE
8
BLACK
6
CONTINUOUS
10
0.3186239763779528
20
3.3315870472440943
11
0.3223735039370079
21
3.3334618110236218
0
LINE
8
BLACK
6
CONTINUOUS
10
0.3223735039370079
20
3.3334618110236218
11
0.322914094488189
21
3.3336687007874013
0
LINE
8
BLACK
6
CONTINUOUS
10
0.322914094488189
20
3.3336687007874013
11
0.3230199606299213
21
3.3336762598425196
0
LINE
8
BLACK
6
CONTINUOUS
10
0.3230199606299213
20
3.3336762598425196
11
0.3231179527559055
21
3.3337168110236219
0
LINE
8
BLACK
6
CONTINUOUS
10
0.3231179527559055
20
3.3337168110236219
11
0.3236940157480315
21
3.3337735433070868
0
LINE
8
BLACK
6
CONTINUOUS
10
0.3236940157480315
20
3.3337735433070868
11
0.3311930708661417
21
3.3337735433070868
0
LINE
8
BLACK
6
CONTINUOUS
10
0.3311930708661417
20
3.3337735433070868
11
0.3317691338582677
21
3.3337168110236219
0
LINE
8
BLACK
6
CONTINUOUS
10
0.3221453149606299
20
3.3267451968503936
11
0.3210224803149606
21
3.3244994488188975
0
LINE
8
BLACK
6
CONTINUOUS
10
0.3210224803149606
20
3.3244994488188975
11
0.3210224803149606
21
3.3212992519685041
0
LINE
8
BLACK
6
CONTINUOUS
10
0.3210224803149606
20
3.3212992519685041
11
0.3338646062992126
21
3.3238676377952756
0
LINE
8
BLACK
6
CONTINUOUS
10
0.3338646062992126
20
3.3238676377952756
11
0.3338646062992126
21
3.3244994488188975
0
LINE
8
BLACK
6
CONTINUOUS
10
0.3338646062992126
20
3.3244994488188975
11
0.3327417322834645
21
3.3267451968503936
0
LINE
8
BLACK
6
CONTINUOUS
10
0.3327417322834645
20
3.3267451968503936
11
0.3304960236220472
21
3.3278680314960627
0
LINE
8
BLACK
6
CONTINUOUS
10
0.3304960236220472
20
3.3278680314960627
11
0.324391062992126
21
3.3278680314960627
0
LINE
8
BLACK
6
CONTINUOUS
10
0.324391062992126
20
3.3278680314960627
11
0.3221453149606299
21
3.3267451968503936
0
LINE
8
BLACK
6
CONTINUOUS
10
0.1086653937007874
20
3.346806968503937
11
0.1088758267716535
21
3.3467920078740159
0
LINE
8
BLACK
6
CONTINUOUS
10
0.1088758267716535
20
3.3467920078740159
11
0.1092069291338583
21
3.3466264566929134
0
LINE
8
BLACK
6
CONTINUOUS
10
0.1092069291338583
20
3.3466264566929134
11
0.109558188976378
21
3.3465093700787403
0
LINE
8
BLACK
6
CONTINUOUS
10
0.109558188976378
20
3.3465093700787403
11
0.1097175196850394
21
3.346371181102362
0
LINE
8
BLACK
6
CONTINUOUS
10
0.1097175196850394
20
3.346371181102362
11
0.1099062598425197
21
3.3462768110236221
0
LINE
8
BLACK
6
CONTINUOUS
10
0.1099062598425197
20
3.3462768110236221
11
0.1101488976377953
21
3.3459970866141733
0
LINE
8
BLACK
6
CONTINUOUS
10
0.1101488976377953
20
3.3459970866141733
11
0.1104285826771653
21
3.3457544881889763
0
LINE
8
BLACK
6
CONTINUOUS
10
0.1104285826771653
20
3.3457544881889763
11
0.110522874015748
21
3.3455658661417322
0
LINE
8
BLACK
6
CONTINUOUS
10
0.110522874015748
20
3.3455658661417322
11
0.1106611417322835
21
3.3454064566929134
0
LINE
8
BLACK
6
CONTINUOUS
10
0.1106611417322835
20
3.3454064566929134
11
0.110897125984252
21
3.3448778740157481
0
LINE
8
BLACK
6
CONTINUOUS
10
0.110897125984252
20
3.3448778740157481
11
0.1240204724409449
21
3.3055077952755907
0
LINE
8
BLACK
6
CONTINUOUS
10
0.1240204724409449
20
3.3055077952755907
11
0.1241488188976378
21
3.3049433858267716
0
LINE
8
BLACK
6
CONTINUOUS
10
0.1241488188976378
20
3.3049433858267716
11
0.124067125984252
21
3.3037941732283462
0
LINE
8
BLACK
6
CONTINUOUS
10
0.124067125984252
20
3.3037941732283462
11
0.1235519291338583
21
3.3027637007874016
0
LINE
8
BLACK
6
CONTINUOUS
10
0.1235519291338583
20
3.3027637007874016
11
0.1226815354330709
21
3.3020088188976375
0
LINE
8
BLACK
6
CONTINUOUS
10
0.1226815354330709
20
3.3020088188976375
11
0.1215885433070866
21
3.3016444881889764
0
LINE
8
BLACK
6
CONTINUOUS
10
0.1215885433070866
20
3.3016444881889764
11
0.1204393307086614
21
3.3017261811023619
0
LINE
8
BLACK
6
CONTINUOUS
10
0.1204393307086614
20
3.3017261811023619
11
0.1194088976377953
21
3.3022414173228345
0
LINE
8
BLACK
6
CONTINUOUS
10
0.1194088976377953
20
3.3022414173228345
11
0.1186540157480315
21
3.3031117716535432
0
LINE
8
BLACK
6
CONTINUOUS
10
0.1186540157480315
20
3.3031117716535432
11
0.118418031496063
21
3.3036403149606297
0
LINE
8
BLACK
6
CONTINUOUS
10
0.118418031496063
20
3.3036403149606297
11
0.1153414960629921
21
3.3128699212598423
0
LINE
8
BLACK
6
CONTINUOUS
10
0.1153414960629921
20
3.3128699212598423
11
0.1008503149606299
21
3.3128699212598423
0
LINE
8
BLACK
6
CONTINUOUS
10
0.1008503149606299
20
3.3128699212598423
11
0.0977737795275591
21
3.3036403149606297
0
LINE
8
BLACK
6
CONTINUOUS
10
0.0977737795275591
20
3.3036403149606297
11
0.0975377952755905
21
3.3031117322834644
0
LINE
8
BLACK
6
CONTINUOUS
10
0.0975377952755905
20
3.3031117322834644
11
0.0967829133858268
21
3.3022413779527557
0
LINE
8
BLACK
6
CONTINUOUS
10
0.0967829133858268
20
3.3022413779527557
11
0.0957524803149606
21
3.3017261811023619
0
LINE
8
BLACK
6
CONTINUOUS
10
0.0957524803149606
20
3.3017261811023619
11
0.0946032677165354
21
3.3016444881889764
0
LINE
8
BLACK
6
CONTINUOUS
10
0.0946032677165354
20
3.3016444881889764
11
0.0935102362204724
21
3.3020088188976375
0
LINE
8
BLACK
6
CONTINUOUS
10
0.0935102362204724
20
3.3020088188976375
11
0.0926398818897638
21
3.3027637007874016
0
LINE
8
BLACK
6
CONTINUOUS
10
0.0926398818897638
20
3.3027637007874016
11
0.0921246850393701
21
3.3037941338582675
0
LINE
8
BLACK
6
CONTINUOUS
10
0.0921246850393701
20
3.3037941338582675
11
0.0920429921259843
21
3.3049433464566929
0
LINE
8
BLACK
6
CONTINUOUS
10
0.0920429921259843
20
3.3049433464566929
11
0.0921713385826772
21
3.3055077952755907
0
LINE
8
BLACK
6
CONTINUOUS
10
0.0921713385826772
20
3.3055077952755907
11
0.1052946850393701
21
3.3448778740157481
0
LINE
8
BLACK
6
CONTINUOUS
10
0.1052946850393701
20
3.3448778740157481
11
0.1055306692913386
21
3.3454064173228346
0
LINE
8
BLACK
6
CONTINUOUS
10
0.1055306692913386
20
3.3454064173228346
11
0.1056688582677165
21
3.3455657874015747
0
LINE
8
BLACK
6
CONTINUOUS
10
0.1056688582677165
20
3.3455657874015747
11
0.1057632283464567
21
3.3457544881889763
0
LINE
8
BLACK
6
CONTINUOUS
10
0.1057632283464567
20
3.3457544881889763
11
0.1060430708661417
21
3.3459972440944883
0
LINE
8
BLACK
6
CONTINUOUS
10
0.1060430708661417
20
3.3459972440944883
11
0.1062855511811024
21
3.3462767716535433
0
LINE
8
BLACK
6
CONTINUOUS
10
0.1062855511811024
20
3.3462767716535433
11
0.106474094488189
21
3.3463710629921257
0
LINE
8
BLACK
6
CONTINUOUS
10
0.106474094488189
20
3.3463710629921257
11
0.1066335826771654
21
3.3465093700787403
0
LINE
8
BLACK
6
CONTINUOUS
10
0.1066335826771654
20
3.3465093700787403
11
0.1069849606299213
21
3.3466264960629921
0
LINE
8
BLACK
6
CONTINUOUS
10
0.1069849606299213
20
3.3466264960629921
11
0.1073159842519685
21
3.3467920078740159
0
LINE
8
BLACK
6
CONTINUOUS
10
0.1073159842519685
20
3.3467920078740159
11
0.1075263779527559
21
3.346806968503937
0
LINE
8
BLACK
6
CONTINUOUS
10
0.1075263779527559
20
3.346806968503937
11
0.1077266141732283
21
3.3468737007874014
0
LINE
8
BLACK
6
CONTINUOUS
10
0.1077266141732283
20
3.3468737007874014
11
0.108095905511811
21
3.3468474803149606
0
LINE
8
BLACK
6
CONTINUOUS
10
0.108095905511811
20
3.3468474803149606
11
0.1084651968503937
21
3.3468737007874014
0
LINE
8
BLACK
6
CONTINUOUS
10
0.1084651968503937
20
3.3468737007874014
11
0.1086653937007874
21
3.346806968503937
0
LINE
8
BLACK
6
CONTINUOUS
10
0.1028188188976378
20
3.3187754330708659
11
0.1133729921259842
21
3.3187754330708659
0
LINE
8
BLACK
6
CONTINUOUS
10
0.1133729921259842
20
3.3187754330708659
11
0.108095905511811
21
3.3346067322834645
0
LINE
8
BLACK
6
CONTINUOUS
10
0.108095905511811
20
3.3346067322834645
11
0.1028188188976378
21
3.3187754330708659
0
LINE
8
BLACK
6
CONTINUOUS
10
0.0500421653543307
20
3.3468401574803148
11
0.0505542125984252
21
3.3468401574803148
0
LINE
8
BLACK
6
CONTINUOUS
10
0.0505542125984252
20
3.3468401574803148
11
0.0506149606299213
21
3.3468149999999999
0
LINE
8
BLACK
6
CONTINUOUS
10
0.0506149606299213
20
3.3468149999999999
11
0.0506808267716535
21
3.3468120866141731
0
LINE
8
BLACK
6
CONTINUOUS
10
0.0506808267716535
20
3.3468120866141731
11
0.0511456692913386
21
3.3465951968503935
0
LINE
8
BLACK
6
CONTINUOUS
10
0.0511456692913386
20
3.3465951968503935
11
0.0516186220472441
21
3.3463992519685037
0
LINE
8
BLACK
6
CONTINUOUS
10
0.0516186220472441
20
3.3463992519685037
11
0.0516651181102362
21
3.346352755905512
0
LINE
8
BLACK
6
CONTINUOUS
10
0.0516651181102362
20
3.346352755905512
11
0.051724842519685
21
3.3463248818897635
0
LINE
8
BLACK
6
CONTINUOUS
10
0.051724842519685
20
3.3463248818897635
11
0.052071062992126
21
3.3459468110236221
0
LINE
8
BLACK
6
CONTINUOUS
10
0.052071062992126
20
3.3459468110236221
11
0.0524332677165354
21
3.3455846062992127
0
LINE
8
BLACK
6
CONTINUOUS
10
0.0524332677165354
20
3.3455846062992127
11
0.0524584645669291
21
3.345523779527559
0
LINE
8
BLACK
6
CONTINUOUS
10
0.0524584645669291
20
3.345523779527559
11
0.0525029527559055
21
3.3454751968503937
0
LINE
8
BLACK
6
CONTINUOUS
10
0.0525029527559055
20
3.3454751968503937
11
0.052678031496063
21
3.3449937007874015
0
LINE
8
BLACK
6
CONTINUOUS
10
0.052678031496063
20
3.3449937007874015
11
0.0528741732283465
21
3.3445201968503935
0
LINE
8
BLACK
6
CONTINUOUS
10
0.0528741732283465
20
3.3445201968503935
11
0.0528830708661417
21
3.344429842519685
0
LINE
8
BLACK
6
CONTINUOUS
10
0.0528830708661417
20
3.344429842519685
11
0.0528966535433071
21
3.3443924803149607
0
LINE
8
BLACK
6
CONTINUOUS
10
0.0528966535433071
20
3.3443924803149607
11
0.0528935826771654
21
3.3443229527559053
0
LINE
8
BLACK
6
CONTINUOUS
10
0.0528935826771654
20
3.3443229527559053
11
0.052930905511811
21
3.3439441338582676
0
LINE
8
BLACK
6
CONTINUOUS
10
0.052930905511811
20
3.3439441338582676
11
0.052930905511811
21
3.3045740551181102
0
LINE
8
BLACK
6
CONTINUOUS
10
0.052930905511811
20
3.3045740551181102
11
0.0528741732283465
21
3.3039979921259843
0
LINE
8
BLACK
6
CONTINUOUS
10
0.0528741732283465
20
3.3039979921259843
11
0.0524332677165354
21
3.3029335826771651
0
LINE
8
BLACK
6
CONTINUOUS
10
0.0524332677165354
20
3.3029335826771651
11
0.0516186220472441
21
3.3021189370078741
0
LINE
8
BLACK
6
CONTINUOUS
10
0.0516186220472441
20
3.3021189370078741
11
0.0505542125984252
21
3.301678031496063
0
LINE
8
BLACK
6
CONTINUOUS
10
0.0505542125984252
20
3.301678031496063
11
0.0494020866141732
21
3.301678031496063
0
LINE
8
BLACK
6
CONTINUOUS
10
0.0494020866141732
20
3.301678031496063
11
0.0483376771653543
21
3.3021189370078741
0
LINE
8
BLACK
6
CONTINUOUS
10
0.0483376771653543
20
3.3021189370078741
11
0.047523031496063
21
3.3029335826771651
0
LINE
8
BLACK
6
CONTINUOUS
10
0.047523031496063
20
3.3029335826771651
11
0.047082125984252
21
3.3039979921259843
0
LINE
8
BLACK
6
CONTINUOUS
10
0.047082125984252
20
3.3039979921259843
11
0.0470253937007874
21
3.3045740551181102
0
LINE
8
BLACK
6
CONTINUOUS
10
0.0470253937007874
20
3.3045740551181102
11
0.0470253937007874
21
3.3306344094488187
0
LINE
8
BLACK
6
CONTINUOUS
10
0.0470253937007874
20
3.3306344094488187
11
0.0395305511811024
21
3.3145740157480312
0
LINE
8
BLACK
6
CONTINUOUS
10
0.0395305511811024
20
3.3145740157480312
11
0.0394055905511811
21
3.3143631102362203
0
LINE
8
BLACK
6
CONTINUOUS
10
0.0394055905511811
20
3.3143631102362203
11
0.0393796062992126
21
3.3142916141732282
0
LINE
8
BLACK
6
CONTINUOUS
10
0.0393796062992126
20
3.3142916141732282
11
0.0393332677165354
21
3.3142410629921257
0
LINE
8
BLACK
6
CONTINUOUS
10
0.0393332677165354
20
3.3142410629921257
11
0.0392355118110236
21
3.3140759842519683
0
LINE
8
BLACK
6
CONTINUOUS
10
0.0392355118110236
20
3.3140759842519683
11
0.0389046850393701
21
3.3137730708661417
0
LINE
8
BLACK
6
CONTINUOUS
10
0.0389046850393701
20
3.3137730708661417
11
0.0386014960629921
21
3.3134419291338584
0
LINE
8
BLACK
6
CONTINUOUS
10
0.0386014960629921
20
3.3134419291338584
11
0.0384825196850394
21
3.3133864566929132
0
LINE
8
BLACK
6
CONTINUOUS
10
0.0384825196850394
20
3.3133864566929132
11
0.0383858661417323
21
3.3132978740157482
0
LINE
8
BLACK
6
CONTINUOUS
10
0.0383858661417323
20
3.3132978740157482
11
0.0379643700787402
21
3.3131446456692912
0
LINE
8
BLACK
6
CONTINUOUS
10
0.0379643700787402
20
3.3131446456692912
11
0.0375574803149606
21
3.3129547244094488
0
LINE
8
BLACK
6
CONTINUOUS
10
0.0375574803149606
20
3.3129547244094488
11
0.0374262992125984
21
3.3129489763779527
0
LINE
8
BLACK
6
CONTINUOUS
10
0.0374262992125984
20
3.3129489763779527
11
0.0373031496062992
21
3.3129041732283464
0
LINE
8
BLACK
6
CONTINUOUS
10
0.0373031496062992
20
3.3129041732283464
11
0.0368550393700787
21
3.3129238582677165
0
LINE
8
BLACK
6
CONTINUOUS
10
0.0368550393700787
20
3.3129238582677165
11
0.0364064566929134
21
3.3129041338582677
0
LINE
8
BLACK
6
CONTINUOUS
10
0.0364064566929134
20
3.3129041338582677
11
0.0362831496062992
21
3.3129489763779527
0
LINE
8
BLACK
6
CONTINUOUS
10
0.0362831496062992
20
3.3129489763779527
11
0.036152125984252
21
3.3129547244094488
0
LINE
8
BLACK
6
CONTINUOUS
10
0.036152125984252
20
3.3129547244094488
11
0.0357454724409449
21
3.313144527559055
0
LINE
8
BLACK
6
CONTINUOUS
10
0.0357454724409449
20
3.313144527559055
11
0.0353237401574803
21
3.3132978740157482
0
LINE
8
BLACK
6
CONTINUOUS
10
0.0353237401574803
20
3.3132978740157482
11
0.0352269291338583
21
3.3133865354330707
0
LINE
8
BLACK
6
CONTINUOUS
10
0.0352269291338583
20
3.3133865354330707
11
0.0351081102362205
21
3.3134419685039371
0
LINE
8
BLACK
6
CONTINUOUS
10
0.0351081102362205
20
3.3134419685039371
11
0.034805157480315
21
3.3137727952755904
0
LINE
8
BLACK
6
CONTINUOUS
10
0.034805157480315
20
3.3137727952755904
11
0.034474094488189
21
3.3140759448818895
0
LINE
8
BLACK
6
CONTINUOUS
10
0.034474094488189
20
3.3140759448818895
11
0.0343762204724409
21
3.3142411417322832
0
LINE
8
BLACK
6
CONTINUOUS
10
0.0343762204724409
20
3.3142411417322832
11
0.03433
21
3.3142916141732282
0
LINE
8
BLACK
6
CONTINUOUS
10
0.03433
20
3.3142916141732282
11
0.0343040157480315
21
3.3143629921259841
0
LINE
8
BLACK
6
CONTINUOUS
10
0.0343040157480315
20
3.3143629921259841
11
0.0341790551181102
21
3.3145739763779525
0
LINE
8
BLACK
6
CONTINUOUS
10
0.0341790551181102
20
3.3145739763779525
11
0.0266842125984252
21
3.3306344094488187
0
LINE
8
BLACK
6
CONTINUOUS
10
0.0266842125984252
20
3.3306344094488187
11
0.0266842125984252
21
3.3045740551181102
0
LINE
8
BLACK
6
CONTINUOUS
10
0.0266842125984252
20
3.3045740551181102
11
0.0266274803149606
21
3.3039979921259843
0
LINE
8
BLACK
6
CONTINUOUS
10
0.0266274803149606
20
3.3039979921259843
11
0.0261865748031496
21
3.3029335826771651
0
LINE
8
BLACK
6
CONTINUOUS
10
0.0261865748031496
20
3.3029335826771651
11
0.0253719291338583
21
3.3021189370078741
0
LINE
8
BLACK
6
CONTINUOUS
10
0.0253719291338583
20
3.3021189370078741
11
0.0243075196850394
21
3.301678031496063
0
LINE
8
BLACK
6
CONTINUOUS
10
0.0243075196850394
20
3.301678031496063
11
0.0231553937007874
21
3.301678031496063
0
LINE
8
BLACK
6
CONTINUOUS
10
0.0231553937007874
20
3.301678031496063
11
0.0220909842519685
21
3.3021189370078741
0
LINE
8
BLACK
6
CONTINUOUS
10
0.0220909842519685
20
3.3021189370078741
11
0.0212763385826772
21
3.3029335826771651
0
LINE
8
BLACK
6
CONTINUOUS
10
0.0212763385826772
20
3.3029335826771651
11
0.0208354330708661
21
3.3039979921259843
0
LINE
8
BLACK
6
CONTINUOUS
10
0.0208354330708661
20
3.3039979921259843
11
0.0207787007874016
21
3.3045740551181102
0
LINE
8
BLACK
6
CONTINUOUS
10
0.0207787007874016
20
3.3045740551181102
11
0.0207787007874016
21
3.3439441338582676
0
LINE
8
BLACK
6
CONTINUOUS
10
0.0207787007874016
20
3.3439441338582676
11
0.0208159842519685
21
3.3443229527559053
0
LINE
8
BLACK
6
CONTINUOUS
10
0.0208159842519685
20
3.3443229527559053
11
0.0208129527559055
21
3.3443924803149607
0
LINE
8
BLACK
6
CONTINUOUS
10
0.0208129527559055
20
3.3443924803149607
11
0.0208264960629921
21
3.344429842519685
0
LINE
8
BLACK
6
CONTINUOUS
10
0.0208264960629921
20
3.344429842519685
11
0.0208354330708661
21
3.3445201968503935
0
LINE
8
BLACK
6
CONTINUOUS
10
0.0208354330708661
20
3.3445201968503935
11
0.0210315354330709
21
3.3449937007874015
0
LINE
8
BLACK
6
CONTINUOUS
10
0.0210315354330709
20
3.3449937007874015
11
0.0212066535433071
21
3.3454751968503937
0
LINE
8
BLACK
6
CONTINUOUS
10
0.0212066535433071
20
3.3454751968503937
11
0.0212511023622047
21
3.345523779527559
0
LINE
8
BLACK
6
CONTINUOUS
10
0.0212511023622047
20
3.345523779527559
11
0.0212763385826772
21
3.3455846062992127
0
LINE
8
BLACK
6
CONTINUOUS
10
0.0212763385826772
20
3.3455846062992127
11
0.0216387401574803
21
3.3459470472440942
0
LINE
8
BLACK
6
CONTINUOUS
10
0.0216387401574803
20
3.3459470472440942
11
0.0219847637795276
21
3.3463248425196848
0
LINE
8
BLACK
6
CONTINUOUS
10
0.0219847637795276
20
3.3463248425196848
11
0.0220444094488189
21
3.3463527165354332
0
LINE
8
BLACK
6
CONTINUOUS
10
0.0220444094488189
20
3.3463527165354332
11
0.0220909842519685
21
3.3463992519685037
0
LINE
8
BLACK
6
CONTINUOUS
10
0.0220909842519685
20
3.3463992519685037
11
0.0225642519685039
21
3.3465953149606298
0
LINE
8
BLACK
6
CONTINUOUS
10
0.0225642519685039
20
3.3465953149606298
11
0.0230287795275591
21
3.3468120866141731
0
LINE
8
BLACK
6
CONTINUOUS
10
0.0230287795275591
20
3.3468120866141731
11
0.0230945669291339
21
3.3468149999999999
0
LINE
8
BLACK
6
CONTINUOUS
10
0.0230945669291339
20
3.3468149999999999
11
0.0231553937007874
21
3.3468401574803148
0
LINE
8
BLACK
6
CONTINUOUS
10
0.0231553937007874
20
3.3468401574803148
11
0.0236679527559055
21
3.3468401574803148
0
LINE
8
BLACK
6
CONTINUOUS
10
0.0236679527559055
20
3.3468401574803148
11
0.0241798031496063
21
3.3468626377952755
0
LINE
8
BLACK
6
CONTINUOUS
10
0.0241798031496063
20
3.3468626377952755
11
0.0242416141732283
21
3.3468401574803148
0
LINE
8
BLACK
6
CONTINUOUS
10
0.0242416141732283
20
3.3468401574803148
11
0.0243075196850394
21
3.3468401574803148
0
LINE
8
BLACK
6
CONTINUOUS
10
0.0243075196850394
20
3.3468401574803148
11
0.0247809842519685
21
3.34664405511811
0
LINE
8
BLACK
6
CONTINUOUS
10
0.0247809842519685
20
3.34664405511811
11
0.0252625196850394
21
3.3464689370078737
0
LINE
8
BLACK
6
CONTINUOUS
10
0.0252625196850394
20
3.3464689370078737
11
0.025311062992126
21
3.3464244881889762
0
LINE
8
BLACK
6
CONTINUOUS
10
0.025311062992126
20
3.3464244881889762
11
0.0253719291338583
21
3.3463992519685037
0
LINE
8
BLACK
6
CONTINUOUS
10
0.0253719291338583
20
3.3463992519685037
11
0.0257343307086614
21
3.3460368503937006
0
LINE
8
BLACK
6
CONTINUOUS
10
0.0257343307086614
20
3.3460368503937006
11
0.0261121653543307
21
3.3456908267716536
0
LINE
8
BLACK
6
CONTINUOUS
10
0.0261121653543307
20
3.3456908267716536
11
0.0261583858267717
21
3.3456127952755903
0
LINE
8
BLACK
6
CONTINUOUS
10
0.0261583858267717
20
3.3456127952755903
11
0.0261865748031496
21
3.3455846062992127
0
LINE
8
BLACK
6
CONTINUOUS
10
0.0261865748031496
20
3.3455846062992127
11
0.0262132677165354
21
3.3455201968503938
0
LINE
8
BLACK
6
CONTINUOUS
10
0.0262132677165354
20
3.3455201968503938
11
0.0264072047244094
21
3.3451927952755907
0
LINE
8
BLACK
6
CONTINUOUS
10
0.0264072047244094
20
3.3451927952755907
11
0.0368547637795276
21
3.322805118110236
0
LINE
8
BLACK
6
CONTINUOUS
10
0.0368547637795276
20
3.322805118110236
11
0.0473024015748032
21
3.3451928346456694
0
LINE
8
BLACK
6
CONTINUOUS
10
0.0473024015748032
20
3.3451928346456694
11
0.0474963779527559
21
3.3455203149606296
0
LINE
8
BLACK
6
CONTINUOUS
10
0.0474963779527559
20
3.3455203149606296
11
0.047523031496063
21
3.3455846062992127
0
LINE
8
BLACK
6
CONTINUOUS
10
0.047523031496063
20
3.3455846062992127
11
0.0475511417322835
21
3.3456127559055115
0
LINE
8
BLACK
6
CONTINUOUS
10
0.0475511417322835
20
3.3456127559055115
11
0.0475974409448819
21
3.3456908661417324
0
LINE
8
BLACK
6
CONTINUOUS
10
0.0475974409448819
20
3.3456908661417324
11
0.0479755118110236
21
3.3460371259842518
0
LINE
8
BLACK
6
CONTINUOUS
10
0.0479755118110236
20
3.3460371259842518
11
0.0483376771653543
21
3.3463992519685037
0
LINE
8
BLACK
6
CONTINUOUS
10
0.0483376771653543
20
3.3463992519685037
11
0.0483985039370079
21
3.3464244488188974
0
LINE
8
BLACK
6
CONTINUOUS
10
0.0483985039370079
20
3.3464244488188974
11
0.0484470866141732
21
3.3464689370078737
0
LINE
8
BLACK
6
CONTINUOUS
10
0.0484470866141732
20
3.3464689370078737
11
0.0489288976377953
21
3.3466441732283463
0
LINE
8
BLACK
6
CONTINUOUS
10
0.0489288976377953
20
3.3466441732283463
11
0.0494020866141732
21
3.3468401574803148
0
LINE
8
BLACK
6
CONTINUOUS
10
0.0494020866141732
20
3.3468401574803148
11
0.049467874015748
21
3.3468401574803148
0
LINE
8
BLACK
6
CONTINUOUS
10
0.049467874015748
20
3.3468401574803148
11
0.0495298031496063
21
3.3468626771653542
0
LINE
8
BLACK
6
CONTINUOUS
10
0.0495298031496063
20
3.3468626771653542
11
0.0500421653543307
21
3.3468401574803148
0
LINE
8
BLACK
6
CONTINUOUS
10
0.3655149212598425
20
3.3337168110236219
11
0.3665793307086614
21
3.3332759055118109
0
LINE
8
BLACK
6
CONTINUOUS
10
0.3665793307086614
20
3.3332759055118109
11
0.3673939763779527
21
3.3324612598425194
0
LINE
8
BLACK
6
CONTINUOUS
10
0.3673939763779527
20
3.3324612598425194
11
0.3678348818897638
21
3.3313968503937006
0
LINE
8
BLACK
6
CONTINUOUS
10
0.3678348818897638
20
3.3313968503937006
11
0.3678348818897638
21
3.3302447244094489
0
LINE
8
BLACK
6
CONTINUOUS
10
0.3678348818897638
20
3.3302447244094489
11
0.3673939763779527
21
3.32918031496063
0
LINE
8
BLACK
6
CONTINUOUS
10
0.3673939763779527
20
3.32918031496063
11
0.3665793307086614
21
3.3283656692913386
0
LINE
8
BLACK
6
CONTINUOUS
10
0.3665793307086614
20
3.3283656692913386
11
0.3655149212598425
21
3.3279247637795275
0
LINE
8
BLACK
6
CONTINUOUS
10
0.3655149212598425
20
3.3279247637795275
11
0.3649388582677165
21
3.3278680314960627
0
LINE
8
BLACK
6
CONTINUOUS
10
0.3649388582677165
20
3.3278680314960627
11
0.3618863779527559
21
3.3278680314960627
0
LINE
8
BLACK
6
CONTINUOUS
10
0.3618863779527559
20
3.3278680314960627
11
0.3591888976377953
21
3.3265192913385828
0
LINE
8
BLACK
6
CONTINUOUS
10
0.3591888976377953
20
3.3265192913385828
11
0.3579917716535433
21
3.3253221653543306
0
LINE
8
BLACK
6
CONTINUOUS
10
0.3579917716535433
20
3.3253221653543306
11
0.356643031496063
21
3.3226246850393699
0
LINE
8
BLACK
6
CONTINUOUS
10
0.356643031496063
20
3.3226246850393699
11
0.356643031496063
21
3.3045740551181102
0
LINE
8
BLACK
6
CONTINUOUS
10
0.356643031496063
20
3.3045740551181102
11
0.3565862992125984
21
3.3039979921259843
0
LINE
8
BLACK
6
CONTINUOUS
10
0.3565862992125984
20
3.3039979921259843
11
0.3561453937007874
21
3.3029335826771651
0
LINE
8
BLACK
6
CONTINUOUS
10
0.3561453937007874
20
3.3029335826771651
11
0.3553307480314961
21
3.3021189370078741
0
LINE
8
BLACK
6
CONTINUOUS
10
0.3553307480314961
20
3.3021189370078741
11
0.3542663385826771
21
3.301678031496063
0
LINE
8
BLACK
6
CONTINUOUS
10
0.3542663385826771
20
3.301678031496063
11
0.3531142125984252
21
3.301678031496063
0
LINE
8
BLACK
6
CONTINUOUS
10
0.3531142125984252
20
3.301678031496063
11
0.3520498031496063
21
3.3021189370078741
0
LINE
8
BLACK
6
CONTINUOUS
10
0.3520498031496063
20
3.3021189370078741
11
0.351235157480315
21
3.3029335826771651
0
LINE
8
BLACK
6
CONTINUOUS
10
0.351235157480315
20
3.3029335826771651
11
0.3507942519685039
21
3.3039979921259843
0
LINE
8
BLACK
6
CONTINUOUS
10
0.3507942519685039
20
3.3039979921259843
11
0.3507375196850394
21
3.3045740551181102
0
LINE
8
BLACK
6
CONTINUOUS
10
0.3507375196850394
20
3.3045740551181102
11
0.3507375196850394
21
3.3308207874015747
0
LINE
8
BLACK
6
CONTINUOUS
10
0.3507375196850394
20
3.3308207874015747
11
0.3507942519685039
21
3.3313968503937006
0
LINE
8
BLACK
6
CONTINUOUS
10
0.3507942519685039
20
3.3313968503937006
11
0.351235157480315
21
3.3324612598425194
0
LINE
8
BLACK
6
CONTINUOUS
10
0.351235157480315
20
3.3324612598425194
11
0.3520498031496063
21
3.3332759055118109
0
LINE
8
BLACK
6
CONTINUOUS
10
0.3520498031496063
20
3.3332759055118109
11
0.3531142125984252
21
3.3337168110236219
0
LINE
8
BLACK
6
CONTINUOUS
10
0.3531142125984252
20
3.3337168110236219
11
0.3542663385826771
21
3.3337168110236219
0
LINE
8
BLACK
6
CONTINUOUS
10
0.3542663385826771
20
3.3337168110236219
11
0.3553307480314961
21
3.3332759055118109
0
LINE
8
BLACK
6
CONTINUOUS
10
0.3553307480314961
20
3.3332759055118109
11
0.3561453937007874
21
3.3324612598425194
0
LINE
8
BLACK
6
CONTINUOUS
10
0.3561453937007874
20
3.3324612598425194
11
0.3564408661417323
21
3.3317478740157478
0
LINE
8
BLACK
6
CONTINUOUS
10
0.3564408661417323
20
3.3317478740157478
11
0.3598688188976378
21
3.3334618110236218
0
LINE
8
BLACK
6
CONTINUOUS
10
0.3598688188976378
20
3.3334618110236218
11
0.3604094094488189
21
3.3336687007874013
0
LINE
8
BLACK
6
CONTINUOUS
10
0.3604094094488189
20
3.3336687007874013
11
0.3605152755905512
21
3.3336762598425196
0
LINE
8
BLACK
6
CONTINUOUS
10
0.3605152755905512
20
3.3336762598425196
11
0.3606132677165354
21
3.3337168110236219
0
LINE
8
BLACK
6
CONTINUOUS
10
0.3606132677165354
20
3.3337168110236219
11
0.3611893307086614
21
3.3337735433070868
0
LINE
8
BLACK
6
CONTINUOUS
10
0.3611893307086614
20
3.3337735433070868
11
0.3649388582677165
21
3.3337735433070868
0
LINE
8
BLACK
6
CONTINUOUS
10
0.3649388582677165
20
3.3337735433070868
11
0.3655149212598425
21
3.3337168110236219
0
LINE
8
BLACK
6
CONTINUOUS
10
0.3898868897637795
20
3.3337168110236219
11
0.3899848818897638
21
3.3336762204724408
0
LINE
8
BLACK
6
CONTINUOUS
10
0.3899848818897638
20
3.3336762204724408
11
0.3900907086614173
21
3.3336687007874013
0
LINE
8
BLACK
6
CONTINUOUS
10
0.3900907086614173
20
3.3336687007874013
11
0.3906313385826772
21
3.3334618110236218
0
LINE
8
BLACK
6
CONTINUOUS
10
0.3906313385826772
20
3.3334618110236218
11
0.3943808661417323
21
3.3315870472440943
0
LINE
8
BLACK
6
CONTINUOUS
10
0.3943808661417323
20
3.3315870472440943
11
0.3944772047244094
21
3.3315264173228347
0
LINE
8
BLACK
6
CONTINUOUS
10
0.3944772047244094
20
3.3315264173228347
11
0.3945226377952756
21
3.3315112598425194
0
LINE
8
BLACK
6
CONTINUOUS
10
0.3945226377952756
20
3.3315112598425194
11
0.3945791732283465
21
3.3314622440944883
0
LINE
8
BLACK
6
CONTINUOUS
10
0.3945791732283465
20
3.3314622440944883
11
0.3948707480314961
21
3.3312787007874016
0
LINE
8
BLACK
6
CONTINUOUS
10
0.3948707480314961
20
3.3312787007874016
11
0.3951133070866142
21
3.3309990157480316
0
LINE
8
BLACK
6
CONTINUOUS
10
0.3951133070866142
20
3.3309990157480316
11
0.395393031496063
21
3.3307564173228346
0
LINE
8
BLACK
6
CONTINUOUS
10
0.395393031496063
20
3.3307564173228346
11
0.3955765354330709
21
3.3304648818897635
0
LINE
8
BLACK
6
CONTINUOUS
10
0.3955765354330709
20
3.3304648818897635
11
0.3956255905511811
21
3.3304083070866142
0
LINE
8
BLACK
6
CONTINUOUS
10
0.3956255905511811
20
3.3304083070866142
11
0.3956407086614173
21
3.3303629133858266
0
LINE
8
BLACK
6
CONTINUOUS
10
0.3956407086614173
20
3.3303629133858266
11
0.3957013779527559
21
3.3302665354330707
0
LINE
8
BLACK
6
CONTINUOUS
10
0.3957013779527559
20
3.3302665354330707
11
0.3975761417322835
21
3.3265170078740156
0
LINE
8
BLACK
6
CONTINUOUS
10
0.3975761417322835
20
3.3265170078740156
11
0.397783031496063
21
3.3259764173228348
0
LINE
8
BLACK
6
CONTINUOUS
10
0.397783031496063
20
3.3259764173228348
11
0.3977905511811023
21
3.3258705511811022
0
LINE
8
BLACK
6
CONTINUOUS
10
0.3977905511811023
20
3.3258705511811022
11
0.3978311417322835
21
3.3257725590551179
0
LINE
8
BLACK
6
CONTINUOUS
10
0.3978311417322835
20
3.3257725590551179
11
0.397887874015748
21
3.3251964960629921
0
LINE
8
BLACK
6
CONTINUOUS
10
0.397887874015748
20
3.3251964960629921
11
0.397887874015748
21
3.3045740551181102
0
LINE
8
BLACK
6
CONTINUOUS
10
0.397887874015748
20
3.3045740551181102
11
0.3978311417322835
21
3.3039979921259843
0
LINE
8
BLACK
6
CONTINUOUS
10
0.3978311417322835
20
3.3039979921259843
11
0.3973902362204724
21
3.3029335826771651
0
LINE
8
BLACK
6
CONTINUOUS
10
0.3973902362204724
20
3.3029335826771651
11
0.3965755905511811
21
3.3021189370078741
0
LINE
8
BLACK
6
CONTINUOUS
10
0.3965755905511811
20
3.3021189370078741
11
0.3955111811023622
21
3.301678031496063
0
LINE
8
BLACK
6
CONTINUOUS
10
0.3955111811023622
20
3.301678031496063
11
0.3943590551181102
21
3.301678031496063
0
LINE
8
BLACK
6
CONTINUOUS
10
0.3943590551181102
20
3.301678031496063
11
0.3932946456692913
21
3.3021189370078741
0
LINE
8
BLACK
6
CONTINUOUS
10
0.3932946456692913
20
3.3021189370078741
11
0.39248
21
3.3029335826771651
0
LINE
8
BLACK
6
CONTINUOUS
10
0.39248
20
3.3029335826771651
11
0.392039094488189
21
3.3039979921259843
0
LINE
8
BLACK
6
CONTINUOUS
10
0.392039094488189
20
3.3039979921259843
11
0.3919823622047244
21
3.3045740551181102
0
LINE
8
BLACK
6
CONTINUOUS
10
0.3919823622047244
20
3.3045740551181102
11
0.3919823622047244
21
3.3244994488188975
0
LINE
8
BLACK
6
CONTINUOUS
10
0.3919823622047244
20
3.3244994488188975
11
0.3908594881889764
21
3.3267451968503936
0
LINE
8
BLACK
6
CONTINUOUS
10
0.3908594881889764
20
3.3267451968503936
11
0.388613779527559
21
3.3278680314960627
0
LINE
8
BLACK
6
CONTINUOUS
10
0.388613779527559
20
3.3278680314960627
11
0.3843835826771653
21
3.3278680314960627
0
LINE
8
BLACK
6
CONTINUOUS
10
0.3843835826771653
20
3.3278680314960627
11
0.3816861023622047
21
3.3265192913385828
0
LINE
8
BLACK
6
CONTINUOUS
10
0.3816861023622047
20
3.3265192913385828
11
0.381015
21
3.3258481889763778
0
LINE
8
BLACK
6
CONTINUOUS
10
0.381015
20
3.3258481889763778
11
0.381015
21
3.3045740551181102
0
LINE
8
BLACK
6
CONTINUOUS
10
0.381015
20
3.3045740551181102
11
0.3809582677165354
21
3.3039979921259843
0
LINE
8
BLACK
6
CONTINUOUS
10
0.3809582677165354
20
3.3039979921259843
11
0.3805173622047244
21
3.3029335826771651
0
LINE
8
BLACK
6
CONTINUOUS
10
0.3805173622047244
20
3.3029335826771651
11
0.3797027165354331
21
3.3021189370078741
0
LINE
8
BLACK
6
CONTINUOUS
10
0.3797027165354331
20
3.3021189370078741
11
0.3786383070866142
21
3.301678031496063
0
LINE
8
BLACK
6
CONTINUOUS
10
0.3786383070866142
20
3.301678031496063
11
0.3774861811023622
21
3.301678031496063
0
LINE
8
BLACK
6
CONTINUOUS
10
0.3774861811023622
20
3.301678031496063
11
0.3764217716535433
21
3.3021189370078741
0
LINE
8
BLACK
6
CONTINUOUS
10
0.3764217716535433
20
3.3021189370078741
11
0.3756071259842519
21
3.3029335826771651
0
LINE
8
BLACK
6
CONTINUOUS
10
0.3756071259842519
20
3.3029335826771651
11
0.3751662204724409
21
3.3039979921259843
0
LINE
8
BLACK
6
CONTINUOUS
10
0.3751662204724409
20
3.3039979921259843
11
0.3751094881889764
21
3.3045740551181102
0
LINE
8
BLACK
6
CONTINUOUS
10
0.3751094881889764
20
3.3045740551181102
11
0.3751094881889764
21
3.3308207874015747
0
LINE
8
BLACK
6
CONTINUOUS
10
0.3751094881889764
20
3.3308207874015747
11
0.3751662204724409
21
3.3313968503937006
0
LINE
8
BLACK
6
CONTINUOUS
10
0.3751662204724409
20
3.3313968503937006
11
0.3756071259842519
21
3.3324612598425194
0
LINE
8
BLACK
6
CONTINUOUS
10
0.3756071259842519
20
3.3324612598425194
11
0.3764217716535433
21
3.3332759055118109
0
LINE
8
BLACK
6
CONTINUOUS
10
0.3764217716535433
20
3.3332759055118109
11
0.3774861811023622
21
3.3337168110236219
0
LINE
8
BLACK
6
CONTINUOUS
10
0.3774861811023622
20
3.3337168110236219
11
0.3786383070866142
21
3.3337168110236219
0
LINE
8
BLACK
6
CONTINUOUS
10
0.3786383070866142
20
3.3337168110236219
11
0.3797027165354331
21
3.3332759055118109
0
LINE
8
BLACK
6
CONTINUOUS
10
0.3797027165354331
20
3.3332759055118109
11
0.3804665354330709
21
3.3325120866141731
0
LINE
8
BLACK
6
CONTINUOUS
10
0.3804665354330709
20
3.3325120866141731
11
0.3823660236220472
21
3.3334618110236218
0
LINE
8
BLACK
6
CONTINUOUS
10
0.3823660236220472
20
3.3334618110236218
11
0.3829066141732284
21
3.3336687007874013
0
LINE
8
BLACK
6
CONTINUOUS
10
0.3829066141732284
20
3.3336687007874013
11
0.3830124803149606
21
3.3336762598425196
0
LINE
8
BLACK
6
CONTINUOUS
10
0.3830124803149606
20
3.3336762598425196
11
0.3831104724409449
21
3.3337168110236219
0
LINE
8
BLACK
6
CONTINUOUS
10
0.3831104724409449
20
3.3337168110236219
11
0.3836865354330709
21
3.3337735433070868
0
LINE
8
BLACK
6
CONTINUOUS
10
0.3836865354330709
20
3.3337735433070868
11
0.3893108267716535
21
3.3337735433070868
0
LINE
8
BLACK
6
CONTINUOUS
10
0.3893108267716535
20
3.3337735433070868
11
0.3898868897637795
21
3.3337168110236219
0
LINE
8
BLACK
6
CONTINUOUS
10
5.4366577952755906
20
3.5214464566929133
11
5.4367557874015748
21
3.5214058661417322
0
LINE
8
BLACK
6
CONTINUOUS
10
5.4367557874015748
20
3.5214058661417322
11
5.4368616141732282
21
3.5213983464566927
0
LINE
8
BLACK
6
CONTINUOUS
10
5.4368616141732282
20
3.5213983464566927
11
5.4374022440944882
21
3.5211914566929132
0
LINE
8
BLACK
6
CONTINUOUS
10
5.4374022440944882
20
3.5211914566929132
11
5.4411517716535434
21
3.5193166929133857
0
LINE
8
BLACK
6
CONTINUOUS
10
5.4411517716535434
20
3.5193166929133857
11
5.4413997637795273
21
3.5191606299212599
0
LINE
8
BLACK
6
CONTINUOUS
10
5.4413997637795273
20
3.5191606299212599
11
5.441471732283464
21
3.5191307874015747
0
LINE
8
BLACK
6
CONTINUOUS
10
5.441471732283464
20
3.5191307874015747
11
5.4415526771653546
21
3.5190643307086615
0
LINE
8
BLACK
6
CONTINUOUS
10
5.4415526771653546
20
3.5190643307086615
11
5.4416416535433072
21
3.519008346456693
0
LINE
8
BLACK
6
CONTINUOUS
10
5.4416416535433072
20
3.519008346456693
11
5.44169279527559
21
3.5189493700787402
0
LINE
8
BLACK
6
CONTINUOUS
10
5.44169279527559
20
3.5189493700787402
11
5.4419191732283467
21
3.5187635826771655
0
LINE
8
BLACK
6
CONTINUOUS
10
5.4419191732283467
20
3.5187635826771655
11
5.4437939370078743
21
3.5168888188976379
0
LINE
8
BLACK
6
CONTINUOUS
10
5.4437939370078743
20
3.5168888188976379
11
5.4439796850393698
21
3.5166624803149604
0
LINE
8
BLACK
6
CONTINUOUS
10
5.4439796850393698
20
3.5166624803149604
11
5.4440387007874014
21
3.5166112992125984
0
LINE
8
BLACK
6
CONTINUOUS
10
5.4440387007874014
20
3.5166112992125984
11
5.4440946456692911
21
3.5165223622047241
0
LINE
8
BLACK
6
CONTINUOUS
10
5.4440946456692911
20
3.5165223622047241
11
5.444161141732283
21
3.5164413779527557
0
LINE
8
BLACK
6
CONTINUOUS
10
5.444161141732283
20
3.5164413779527557
11
5.4441909448818899
21
3.5163694488188977
0
LINE
8
BLACK
6
CONTINUOUS
10
5.4441909448818899
20
3.5163694488188977
11
5.4443470472440945
21
3.5161214173228346
0
LINE
8
BLACK
6
CONTINUOUS
10
5.4443470472440945
20
3.5161214173228346
11
5.446221811023622
21
3.5123718897637795
0
LINE
8
BLACK
6
CONTINUOUS
10
5.446221811023622
20
3.5123718897637795
11
5.4462379133858265
21
3.5123298031496062
0
LINE
8
BLACK
6
CONTINUOUS
10
5.4462379133858265
20
3.5123298031496062
11
5.4462506299212601
21
3.5123126377952754
0
LINE
8
BLACK
6
CONTINUOUS
10
5.4462506299212601
20
3.5123126377952754
11
5.4463369291338584
21
3.5120710629921259
0
LINE
8
BLACK
6
CONTINUOUS
10
5.4463369291338584
20
3.5120710629921259
11
5.4464287007874015
21
3.5118312992125982
0
LINE
8
BLACK
6
CONTINUOUS
10
5.4464287007874015
20
3.5118312992125982
11
5.4464301968503932
21
3.5118100393700789
0
LINE
8
BLACK
6
CONTINUOUS
10
5.4464301968503932
20
3.5118100393700789
11
5.4464453937007873
21
3.5117675196850393
0
LINE
8
BLACK
6
CONTINUOUS
10
5.4464453937007873
20
3.5117675196850393
11
5.4483201574803148
21
3.5042684645669291
0
LINE
8
BLACK
6
CONTINUOUS
10
5.4483201574803148
20
3.5042684645669291
11
5.4483349212598426
21
3.5041686220472439
0
LINE
8
BLACK
6
CONTINUOUS
10
5.4483349212598426
20
3.5041686220472439
11
5.4483515748031497
21
3.5041283858267716
0
LINE
8
BLACK
6
CONTINUOUS
10
5.4483515748031497
20
3.5041283858267716
11
5.4483729133858265
21
3.5039113779527558
0
LINE
8
BLACK
6
CONTINUOUS
10
5.4483729133858265
20
3.5039113779527558
11
5.4484048031496064
21
3.5036958661417321
0
LINE
8
BLACK
6
CONTINUOUS
10
5.4484048031496064
20
3.5036958661417321
11
5.4483983858267715
21
3.503652874015748
0
LINE
8
BLACK
6
CONTINUOUS
10
5.4483983858267715
20
3.503652874015748
11
5.4484083070866136
21
3.5035523228346457
0
LINE
8
BLACK
6
CONTINUOUS
10
5.4484083070866136
20
3.5035523228346457
11
5.4484083070866136
21
3.4941785039370079
0
LINE
8
BLACK
6
CONTINUOUS
10
5.4484083070866136
20
3.4941785039370079
11
5.4483983858267715
21
3.4940779921259844
0
LINE
8
BLACK
6
CONTINUOUS
10
5.4483983858267715
20
3.4940779921259844
11
5.4484048031496064
21
3.494034960629921
0
LINE
8
BLACK
6
CONTINUOUS
10
5.4484048031496064
20
3.494034960629921
11
5.4483729133858265
21
3.4938194881889761
0
LINE
8
BLACK
6
CONTINUOUS
10
5.4483729133858265
20
3.4938194881889761
11
5.4483515748031497
21
3.4936024409448816
0
LINE
8
BLACK
6
CONTINUOUS
10
5.4483515748031497
20
3.4936024409448816
11
5.4483349212598426
21
3.493562244094488
0
LINE
8
BLACK
6
CONTINUOUS
10
5.4483349212598426
20
3.493562244094488
11
5.4483201574803148
21
3.4934623622047245
0
LINE
8
BLACK
6
CONTINUOUS
10
5.4483201574803148
20
3.4934623622047245
11
5.4464453937007873
21
3.4859633070866143
0
LINE
8
BLACK
6
CONTINUOUS
10
5.4464453937007873
20
3.4859633070866143
11
5.4464301968503932
21
3.4859208267716535
0
LINE
8
BLACK
6
CONTINUOUS
10
5.4464301968503932
20
3.4859208267716535
11
5.4464287007874015
21
3.485899527559055
0
LINE
8
BLACK
6
CONTINUOUS
10
5.4464287007874015
20
3.485899527559055
11
5.4463369291338584
21
3.4856598031496064
0
LINE
8
BLACK
6
CONTINUOUS
10
5.4463369291338584
20
3.4856598031496064
11
5.4462506299212601
21
3.4854181889763778
0
LINE
8
BLACK
6
CONTINUOUS
10
5.4462506299212601
20
3.4854181889763778
11
5.4462379133858265
21
3.4854010629921257
0
LINE
8
BLACK
6
CONTINUOUS
10
5.4462379133858265
20
3.4854010629921257
11
5.446221811023622
21
3.4853589370078741
0
LINE
8
BLACK
6
CONTINUOUS
10
5.446221811023622
20
3.4853589370078741
11
5.4443470472440945
21
3.481609409448819
0
LINE
8
BLACK
6
CONTINUOUS
10
5.4443470472440945
20
3.481609409448819
11
5.4441909842519687
21
3.4813615354330709
0
LINE
8
BLACK
6
CONTINUOUS
10
5.4441909842519687
20
3.4813615354330709
11
5.4441611811023618
21
3.4812894881889762
0
LINE
8
BLACK
6
CONTINUOUS
10
5.4441611811023618
20
3.4812894881889762
11
5.4440946456692911
21
3.481208464566929
0
LINE
8
BLACK
6
CONTINUOUS
10
5.4440946456692911
20
3.481208464566929
11
5.4440387007874014
21
3.4811195275590552
0
LINE
8
BLACK
6
CONTINUOUS
10
5.4440387007874014
20
3.4811195275590552
11
5.4439796850393698
21
3.4810683858267715
0
LINE
8
BLACK
6
CONTINUOUS
10
5.4439796850393698
20
3.4810683858267715
11
5.4437939370078743
21
3.4808420078740157
0
LINE
8
BLACK
6
CONTINUOUS
10
5.4437939370078743
20
3.4808420078740157
11
5.4419192125984255
21
3.4789672440944881
0
LINE
8
BLACK
6
CONTINUOUS
10
5.4419192125984255
20
3.4789672440944881
11
5.4416928346456688
21
3.4787814960629921
0
LINE
8
BLACK
6
CONTINUOUS
10
5.4416928346456688
20
3.4787814960629921
11
5.4416416535433072
21
3.4787224409448818
0
LINE
8
BLACK
6
CONTINUOUS
10
5.4416416535433072
20
3.4787224409448818
11
5.4415526771653546
21
3.4786664566929133
0
LINE
8
BLACK
6
CONTINUOUS
10
5.4415526771653546
20
3.4786664566929133
11
5.441471732283464
21
3.4786000000000001
0
LINE
8
BLACK
6
CONTINUOUS
10
5.441471732283464
20
3.4786000000000001
11
5.4413997637795273
21
3.4785701968503937
0
LINE
8
BLACK
6
CONTINUOUS
10
5.4413997637795273
20
3.4785701968503937
11
5.4411517716535434
21
3.4784140944881887
0
LINE
8
BLACK
6
CONTINUOUS
10
5.4411517716535434
20
3.4784140944881887
11
5.4374022440944882
21
3.4765393307086612
0
LINE
8
BLACK
6
CONTINUOUS
10
5.4374022440944882
20
3.4765393307086612
11
5.4368616141732282
21
3.4763324409448817
0
LINE
8
BLACK
6
CONTINUOUS
10
5.4368616141732282
20
3.4763324409448817
11
5.4367557874015748
21
3.4763249606299214
0
LINE
8
BLACK
6
CONTINUOUS
10
5.4367557874015748
20
3.4763249606299214
11
5.4366577952755906
21
3.4762843307086615
0
LINE
8
BLACK
6
CONTINUOUS
10
5.4366577952755906
20
3.4762843307086615
11
5.4360817322834647
21
3.4762275984251967
0
LINE
8
BLACK
6
CONTINUOUS
10
5.4360817322834647
20
3.4762275984251967
11
5.4323322047244096
21
3.4762275984251967
0
LINE
8
BLACK
6
CONTINUOUS
10
5.4323322047244096
20
3.4762275984251967
11
5.4317561417322837
21
3.4762843307086615
0
LINE
8
BLACK
6
CONTINUOUS
10
5.4317561417322837
20
3.4762843307086615
11
5.4316581496062994
21
3.4763249212598426
0
LINE
8
BLACK
6
CONTINUOUS
10
5.4316581496062994
20
3.4763249212598426
11
5.4315522834645664
21
3.4763324409448817
0
LINE
8
BLACK
6
CONTINUOUS
10
5.4315522834645664
20
3.4763324409448817
11
5.431011692913386
21
3.4765393307086612
0
LINE
8
BLACK
6
CONTINUOUS
10
5.431011692913386
20
3.4765393307086612
11
5.4272621653543309
21
3.4784140944881887
0
LINE
8
BLACK
6
CONTINUOUS
10
5.4272621653543309
20
3.4784140944881887
11
5.4270141338582674
21
3.4785701968503937
0
LINE
8
BLACK
6
CONTINUOUS
10
5.4270141338582674
20
3.4785701968503937
11
5.4269422047244094
21
3.4786000000000001
0
LINE
8
BLACK
6
CONTINUOUS
10
5.4269422047244094
20
3.4786000000000001
11
5.4268612204724409
21
3.4786664566929133
0
LINE
8
BLACK
6
CONTINUOUS
10
5.4268612204724409
20
3.4786664566929133
11
5.4267722834645671
21
3.4787224409448818
0
LINE
8
BLACK
6
CONTINUOUS
10
5.4267722834645671
20
3.4787224409448818
11
5.4267210629921259
21
3.4787814960629921
0
LINE
8
BLACK
6
CONTINUOUS
10
5.4267210629921259
20
3.4787814960629921
11
5.4264947244094488
21
3.4789672440944881
0
LINE
8
BLACK
6
CONTINUOUS
10
5.4264947244094488
20
3.4789672440944881
11
5.4246199606299212
21
3.4808420472440944
0
LINE
8
BLACK
6
CONTINUOUS
10
5.4246199606299212
20
3.4808420472440944
11
5.4244342125984248
21
3.4810683858267715
0
LINE
8
BLACK
6
CONTINUOUS
10
5.4244342125984248
20
3.4810683858267715
11
5.424375236220472
21
3.4811195275590552
0
LINE
8
BLACK
6
CONTINUOUS
10
5.424375236220472
20
3.4811195275590552
11
5.4243192519685035
21
3.481208464566929
0
LINE
8
BLACK
6
CONTINUOUS
10
5.4243192519685035
20
3.481208464566929
11
5.4242527559055116
21
3.4812894881889762
0
LINE
8
BLACK
6
CONTINUOUS
10
5.4242527559055116
20
3.4812894881889762
11
5.4242229133858268
21
3.4813615354330709
0
LINE
8
BLACK
6
CONTINUOUS
10
5.4242229133858268
20
3.4813615354330709
11
5.4240668897637798
21
3.481609409448819
0
LINE
8
BLACK
6
CONTINUOUS
10
5.4240668897637798
20
3.481609409448819
11
5.4221921259842523
21
3.4853589370078741
0
LINE
8
BLACK
6
CONTINUOUS
10
5.4221921259842523
20
3.4853589370078741
11
5.4221759842519681
21
3.4854010629921257
0
LINE
8
BLACK
6
CONTINUOUS
10
5.4221759842519681
20
3.4854010629921257
11
5.4221633070866142
21
3.4854181889763778
0
LINE
8
BLACK
6
CONTINUOUS
10
5.4221633070866142
20
3.4854181889763778
11
5.4220768503937009
21
3.4856601574803148
0
LINE
8
BLACK
6
CONTINUOUS
10
5.4220768503937009
20
3.4856601574803148
11
5.4219852362204719
21
3.4858995669291337
0
LINE
8
BLACK
6
CONTINUOUS
10
5.4219852362204719
20
3.4858995669291337
11
5.4219837007874014
21
3.4859208267716535
0
LINE
8
BLACK
6
CONTINUOUS
10
5.4219837007874014
20
3.4859208267716535
11
5.4219685433070861
21
3.4859633070866143
0
LINE
8
BLACK
6
CONTINUOUS
10
5.4219685433070861
20
3.4859633070866143
11
5.4200937795275586
21
3.4934623622047245
0
LINE
8
BLACK
6
CONTINUOUS
10
5.4200937795275586
20
3.4934623622047245
11
5.4200789763779529
21
3.493562244094488
0
LINE
8
BLACK
6
CONTINUOUS
10
5.4200789763779529
20
3.493562244094488
11
5.4200623622047246
21
3.4936024409448816
0
LINE
8
BLACK
6
CONTINUOUS
10
5.4200623622047246
20
3.4936024409448816
11
5.4200409842519681
21
3.4938194881889761
0
LINE
8
BLACK
6
CONTINUOUS
10
5.4200409842519681
20
3.4938194881889761
11
5.4200091338582679
21
3.494034960629921
0
LINE
8
BLACK
6
CONTINUOUS
10
5.4200091338582679
20
3.494034960629921
11
5.4200155118110231
21
3.4940779921259844
0
LINE
8
BLACK
6
CONTINUOUS
10
5.4200155118110231
20
3.4940779921259844
11
5.4200056299212598
21
3.4941785039370079
0
LINE
8
BLACK
6
CONTINUOUS
10
5.4200056299212598
20
3.4941785039370079
11
5.4200056299212598
21
3.5035523228346457
0
LINE
8
BLACK
6
CONTINUOUS
10
5.4200056299212598
20
3.5035523228346457
11
5.4200155118110231
21
3.503652874015748
0
LINE
8
BLACK
6
CONTINUOUS
10
5.4200155118110231
20
3.503652874015748
11
5.4200091338582679
21
3.5036958661417321
0
LINE
8
BLACK
6
CONTINUOUS
10
5.4200091338582679
20
3.5036958661417321
11
5.4200409842519681
21
3.5039113779527558
0
LINE
8
BLACK
6
CONTINUOUS
10
5.4200409842519681
20
3.5039113779527558
11
5.4200623622047246
21
3.5041283858267716
0
LINE
8
BLACK
6
CONTINUOUS
10
5.4200623622047246
20
3.5041283858267716
11
5.4200789763779529
21
3.5041686220472439
0
LINE
8
BLACK
6
CONTINUOUS
10
5.4200789763779529
20
3.5041686220472439
11
5.4200937795275586
21
3.5042684645669291
0
LINE
8
BLACK
6
CONTINUOUS
10
5.4200937795275586
20
3.5042684645669291
11
5.4219685433070861
21
3.5117675196850393
0
LINE
8
BLACK
6
CONTINUOUS
10
5.4219685433070861
20
3.5117675196850393
11
5.4219837007874014
21
3.5118100393700789
0
LINE
8
BLACK
6
CONTINUOUS
10
5.4219837007874014
20
3.5118100393700789
11
5.4219852362204719
21
3.5118312598425194
0
LINE
8
BLACK
6
CONTINUOUS
10
5.4219852362204719
20
3.5118312598425194
11
5.4220768503937009
21
3.5120707086614171
0
LINE
8
BLACK
6
CONTINUOUS
10
5.4220768503937009
20
3.5120707086614171
11
5.4221633070866142
21
3.5123126377952754
0
LINE
8
BLACK
6
CONTINUOUS
10
5.4221633070866142
20
3.5123126377952754
11
5.4221759842519681
21
3.5123298031496062
0
LINE
8
BLACK
6
CONTINUOUS
10
5.4221759842519681
20
3.5123298031496062
11
5.4221921259842523
21
3.5123718897637795
0
LINE
8
BLACK
6
CONTINUOUS
10
5.4221921259842523
20
3.5123718897637795
11
5.4240668897637798
21
3.5161214173228346
0
LINE
8
BLACK
6
CONTINUOUS
10
5.4240668897637798
20
3.5161214173228346
11
5.4242229527559056
21
3.5163694488188977
0
LINE
8
BLACK
6
CONTINUOUS
10
5.4242229527559056
20
3.5163694488188977
11
5.4242527952755903
21
3.5164413779527557
0
LINE
8
BLACK
6
CONTINUOUS
10
5.4242527952755903
20
3.5164413779527557
11
5.4243192519685035
21
3.5165223622047241
0
LINE
8
BLACK
6
CONTINUOUS
10
5.4243192519685035
20
3.5165223622047241
11
5.424375236220472
21
3.5166112992125984
0
LINE
8
BLACK
6
CONTINUOUS
10
5.424375236220472
20
3.5166112992125984
11
5.4244342125984248
21
3.5166624803149604
0
LINE
8
BLACK
6
CONTINUOUS
10
5.4244342125984248
20
3.5166624803149604
11
5.42462
21
3.5168888188976379
0
LINE
8
BLACK
6
CONTINUOUS
10
5.42462
20
3.5168888188976379
11
5.4264947637795276
21
3.5187635826771655
0
LINE
8
BLACK
6
CONTINUOUS
10
5.4264947637795276
20
3.5187635826771655
11
5.4267211023622046
21
3.5189493700787402
0
LINE
8
BLACK
6
CONTINUOUS
10
5.4267211023622046
20
3.5189493700787402
11
5.4267722834645671
21
3.519008346456693
0
LINE
8
BLACK
6
CONTINUOUS
10
5.4267722834645671
20
3.519008346456693
11
5.4268612204724409
21
3.5190643307086615
0
LINE
8
BLACK
6
CONTINUOUS
10
5.4268612204724409
20
3.5190643307086615
11
5.4269422047244094
21
3.5191307874015747
0
LINE
8
BLACK
6
CONTINUOUS
10
5.4269422047244094
20
3.5191307874015747
11
5.4270141338582674
21
3.5191606299212599
0
LINE
8
BLACK
6
CONTINUOUS
10
5.4270141338582674
20
3.5191606299212599
11
5.4272621653543309
21
3.5193166929133857
0
LINE
8
BLACK
6
CONTINUOUS
10
5.4272621653543309
20
3.5193166929133857
11
5.431011692913386
21
3.5211914566929132
0
LINE
8
BLACK
6
CONTINUOUS
10
5.431011692913386
20
3.5211914566929132
11
5.4315522834645664
21
3.5213983464566927
0
LINE
8
BLACK
6
CONTINUOUS
10
5.4315522834645664
20
3.5213983464566927
11
5.4316581496062994
21
3.521405905511811
0
LINE
8
BLACK
6
CONTINUOUS
10
5.4316581496062994
20
3.521405905511811
11
5.4317561417322837
21
3.5214464566929133
0
LINE
8
BLACK
6
CONTINUOUS
10
5.4317561417322837
20
3.5214464566929133
11
5.4323322047244096
21
3.5215031889763777
0
LINE
8
BLACK
6
CONTINUOUS
10
5.4323322047244096
20
3.5215031889763777
11
5.4360817322834647
21
3.5215031889763777
0
LINE
8
BLACK
6
CONTINUOUS
10
5.4360817322834647
20
3.5215031889763777
11
5.4366577952755906
21
3.5214464566929133
0
LINE
8
BLACK
6
CONTINUOUS
10
5.4303317716535435
20
3.5142489370078738
11
5.4291346456692908
21
3.513051811023622
0
LINE
8
BLACK
6
CONTINUOUS
10
5.4291346456692908
20
3.513051811023622
11
5.4276191338582676
21
3.5100208267716533
0
LINE
8
BLACK
6
CONTINUOUS
10
5.4276191338582676
20
3.5100208267716533
11
5.4259111417322829
21
3.5031887795275591
0
LINE
8
BLACK
6
CONTINUOUS
10
5.4259111417322829
20
3.5031887795275591
11
5.4259111417322829
21
3.4945420472440945
0
LINE
8
BLACK
6
CONTINUOUS
10
5.4259111417322829
20
3.4945420472440945
11
5.4276191338582676
21
3.4877099999999999
0
LINE
8
BLACK
6
CONTINUOUS
10
5.4276191338582676
20
3.4877099999999999
11
5.4291346456692908
21
3.4846790157480316
0
LINE
8
BLACK
6
CONTINUOUS
10
5.4291346456692908
20
3.4846790157480316
11
5.4303317716535435
21
3.4834818503937006
0
LINE
8
BLACK
6
CONTINUOUS
10
5.4303317716535435
20
3.4834818503937006
11
5.4330292519685042
21
3.4821331102362203
0
LINE
8
BLACK
6
CONTINUOUS
10
5.4330292519685042
20
3.4821331102362203
11
5.4353846850393701
21
3.4821331102362203
0
LINE
8
BLACK
6
CONTINUOUS
10
5.4353846850393701
20
3.4821331102362203
11
5.438082125984252
21
3.4834818503937006
0
LINE
8
BLACK
6
CONTINUOUS
10
5.438082125984252
20
3.4834818503937006
11
5.4392792519685038
21
3.4846790157480316
0
LINE
8
BLACK
6
CONTINUOUS
10
5.4392792519685038
20
3.4846790157480316
11
5.4407947637795271
21
3.4877099999999999
0
LINE
8
BLACK
6
CONTINUOUS
10
5.4407947637795271
20
3.4877099999999999
11
5.4425027952755904
21
3.4945420472440945
0
LINE
8
BLACK
6
CONTINUOUS
10
5.4425027952755904
20
3.4945420472440945
11
5.4425027952755904
21
3.5031887795275591
0
LINE
8
BLACK
6
CONTINUOUS
10
5.4425027952755904
20
3.5031887795275591
11
5.4407947637795271
21
3.5100208267716533
0
LINE
8
BLACK
6
CONTINUOUS
10
5.4407947637795271
20
3.5100208267716533
11
5.4392792913385826
21
3.513051811023622
0
LINE
8
BLACK
6
CONTINUOUS
10
5.4392792913385826
20
3.513051811023622
11
5.4380821653543308
21
3.5142489370078738
0
LINE
8
BLACK
6
CONTINUOUS
10
5.4380821653543308
20
3.5142489370078738
11
5.4353846850393701
21
3.5155976771653541
0
LINE
8
BLACK
6
CONTINUOUS
10
5.4353846850393701
20
3.5155976771653541
11
5.4330292519685042
21
3.5155976771653541
0
LINE
8
BLACK
6
CONTINUOUS
10
5.4330292519685042
20
3.5155976771653541
11
5.4303317716535435
21
3.5142489370078738
0
LINE
8
BLACK
6
CONTINUOUS
10
5.5003998031496062
20
3.5214464566929133
11
5.5014642125984254
21
3.5210055511811023
0
LINE
8
BLACK
6
CONTINUOUS
10
5.5014642125984254
20
3.5210055511811023
11
5.502278858267716
21
3.5201909055118108
0
LINE
8
BLACK
6
CONTINUOUS
10
5.502278858267716
20
3.5201909055118108
11
5.5027197637795275
21
3.519126496062992
0
LINE
8
BLACK
6
CONTINUOUS
10
5.5027197637795275
20
3.519126496062992
11
5.5027197637795275
21
3.5179743700787403
0
LINE
8
BLACK
6
CONTINUOUS
10
5.5027197637795275
20
3.5179743700787403
11
5.502278858267716
21
3.516909960629921
0
LINE
8
BLACK
6
CONTINUOUS
10
5.502278858267716
20
3.516909960629921
11
5.5014642125984254
21
3.51609531496063
0
LINE
8
BLACK
6
CONTINUOUS
10
5.5014642125984254
20
3.51609531496063
11
5.5003998031496062
21
3.5156544094488189
0
LINE
8
BLACK
6
CONTINUOUS
10
5.5003998031496062
20
3.5156544094488189
11
5.4998237401574803
21
3.5155976771653541
0
LINE
8
BLACK
6
CONTINUOUS
10
5.4998237401574803
20
3.5155976771653541
11
5.4837483070866142
21
3.5155976771653541
0
LINE
8
BLACK
6
CONTINUOUS
10
5.4837483070866142
20
3.5155976771653541
11
5.4827711811023621
21
3.5058264173228344
0
LINE
8
BLACK
6
CONTINUOUS
10
5.4827711811023621
20
3.5058264173228344
11
5.4835051181102363
21
3.5061933464566928
0
LINE
8
BLACK
6
CONTINUOUS
10
5.4835051181102363
20
3.5061933464566928
11
5.4840457086614176
21
3.5064002362204723
0
LINE
8
BLACK
6
CONTINUOUS
10
5.4840457086614176
20
3.5064002362204723
11
5.4841515748031497
21
3.5064077952755905
0
LINE
8
BLACK
6
CONTINUOUS
10
5.4841515748031497
20
3.5064077952755905
11
5.484249566929134
21
3.5064483464566929
0
LINE
8
BLACK
6
CONTINUOUS
10
5.484249566929134
20
3.5064483464566929
11
5.4848256299212599
21
3.5065050787401573
0
LINE
8
BLACK
6
CONTINUOUS
10
5.4848256299212599
20
3.5065050787401573
11
5.4941994488188977
21
3.5065050787401573
0
LINE
8
BLACK
6
CONTINUOUS
10
5.4941994488188977
20
3.5065050787401573
11
5.4947755118110235
21
3.5064483464566929
0
LINE
8
BLACK
6
CONTINUOUS
10
5.4947755118110235
20
3.5064483464566929
11
5.4948735039370078
21
3.5064077559055118
0
LINE
8
BLACK
6
CONTINUOUS
10
5.4948735039370078
20
3.5064077559055118
11
5.4949793307086612
21
3.5064002362204723
0
LINE
8
BLACK
6
CONTINUOUS
10
5.4949793307086612
20
3.5064002362204723
11
5.4955199606299212
21
3.5061933464566928
0
LINE
8
BLACK
6
CONTINUOUS
10
5.4955199606299212
20
3.5061933464566928
11
5.4992694881889763
21
3.5043185826771652
0
LINE
8
BLACK
6
CONTINUOUS
10
5.4992694881889763
20
3.5043185826771652
11
5.4995174803149602
21
3.5041625196850394
0
LINE
8
BLACK
6
CONTINUOUS
10
5.4995174803149602
20
3.5041625196850394
11
5.4995894488188979
21
3.5041326771653543
0
LINE
8
BLACK
6
CONTINUOUS
10
5.4995894488188979
20
3.5041326771653543
11
5.4996703937007876
21
3.5040662204724407
0
LINE
8
BLACK
6
CONTINUOUS
10
5.4996703937007876
20
3.5040662204724407
11
5.4997593700787402
21
3.5040102362204721
0
LINE
8
BLACK
6
CONTINUOUS
10
5.4997593700787402
20
3.5040102362204721
11
5.4998105118110239
21
3.5039512598425198
0
LINE
8
BLACK
6
CONTINUOUS
10
5.4998105118110239
20
3.5039512598425198
11
5.5000368897637797
21
3.5037654724409446
0
LINE
8
BLACK
6
CONTINUOUS
10
5.5000368897637797
20
3.5037654724409446
11
5.5019116535433072
21
3.5018907086614171
0
LINE
8
BLACK
6
CONTINUOUS
10
5.5019116535433072
20
3.5018907086614171
11
5.5020974015748028
21
3.50166437007874
0
LINE
8
BLACK
6
CONTINUOUS
10
5.5020974015748028
20
3.50166437007874
11
5.5021564173228343
21
3.501613188976378
0
LINE
8
BLACK
6
CONTINUOUS
10
5.5021564173228343
20
3.501613188976378
11
5.5022123622047241
21
3.5015242519685037
0
LINE
8
BLACK
6
CONTINUOUS
10
5.5022123622047241
20
3.5015242519685037
11
5.502278858267716
21
3.5014432677165352
0
LINE
8
BLACK
6
CONTINUOUS
10
5.502278858267716
20
3.5014432677165352
11
5.5023086614173229
21
3.5013713385826772
0
LINE
8
BLACK
6
CONTINUOUS
10
5.5023086614173229
20
3.5013713385826772
11
5.5024647637795274
21
3.5011233070866141
0
LINE
8
BLACK
6
CONTINUOUS
10
5.5024647637795274
20
3.5011233070866141
11
5.504339527559055
21
3.497373779527559
0
LINE
8
BLACK
6
CONTINUOUS
10
5.504339527559055
20
3.497373779527559
11
5.5045464173228345
21
3.4968331889763777
0
LINE
8
BLACK
6
CONTINUOUS
10
5.5045464173228345
20
3.4968331889763777
11
5.5045539370078735
21
3.4967273228346456
0
LINE
8
BLACK
6
CONTINUOUS
10
5.5045539370078735
20
3.4967273228346456
11
5.5045945275590551
21
3.4966293307086613
0
LINE
8
BLACK
6
CONTINUOUS
10
5.5045945275590551
20
3.4966293307086613
11
5.5046512598425199
21
3.4960532677165355
0
LINE
8
BLACK
6
CONTINUOUS
10
5.5046512598425199
20
3.4960532677165355
11
5.5046512598425199
21
3.4866794488188977
0
LINE
8
BLACK
6
CONTINUOUS
10
5.5046512598425199
20
3.4866794488188977
11
5.5045945275590551
21
3.4861033858267714
0
LINE
8
BLACK
6
CONTINUOUS
10
5.5045945275590551
20
3.4861033858267714
11
5.5045539370078735
21
3.4860054330708659
0
LINE
8
BLACK
6
CONTINUOUS
10
5.5045539370078735
20
3.4860054330708659
11
5.5045464173228345
21
3.485899527559055
0
LINE
8
BLACK
6
CONTINUOUS
10
5.5045464173228345
20
3.485899527559055
11
5.504339527559055
21
3.4853589370078741
0
LINE
8
BLACK
6
CONTINUOUS
10
5.504339527559055
20
3.4853589370078741
11
5.5024647637795274
21
3.481609409448819
0
LINE
8
BLACK
6
CONTINUOUS
10
5.5024647637795274
20
3.481609409448819
11
5.5023087007874016
21
3.4813615354330709
0
LINE
8
BLACK
6
CONTINUOUS
10
5.5023087007874016
20
3.4813615354330709
11
5.5022788976377948
21
3.4812894881889762
0
LINE
8
BLACK
6
CONTINUOUS
10
5.5022788976377948
20
3.4812894881889762
11
5.5022123622047241
21
3.481208464566929
0
LINE
8
BLACK
6
CONTINUOUS
10
5.5022123622047241
20
3.481208464566929
11
5.5021564173228343
21
3.4811195275590552
0
LINE
8
BLACK
6
CONTINUOUS
10
5.5021564173228343
20
3.4811195275590552
11
5.5020974015748028
21
3.4810683858267715
0
LINE
8
BLACK
6
CONTINUOUS
10
5.5020974015748028
20
3.4810683858267715
11
5.5019116535433072
21
3.4808420078740157
0
LINE
8
BLACK
6
CONTINUOUS
10
5.5019116535433072
20
3.4808420078740157
11
5.5000369291338584
21
3.4789672440944881
0
LINE
8
BLACK
6
CONTINUOUS
10
5.5000369291338584
20
3.4789672440944881
11
5.4998105511811026
21
3.4787814960629921
0
LINE
8
BLACK
6
CONTINUOUS
10
5.4998105511811026
20
3.4787814960629921
11
5.4997593700787402
21
3.4787224409448818
0
LINE
8
BLACK
6
CONTINUOUS
10
5.4997593700787402
20
3.4787224409448818
11
5.4996703937007876
21
3.4786664566929133
0
LINE
8
BLACK
6
CONTINUOUS
10
5.4996703937007876
20
3.4786664566929133
11
5.4995894488188979
21
3.4786000000000001
0
LINE
8
BLACK
6
CONTINUOUS
10
5.4995894488188979
20
3.4786000000000001
11
5.4995174803149602
21
3.4785701968503937
0
LINE
8
BLACK
6
CONTINUOUS
10
5.4995174803149602
20
3.4785701968503937
11
5.4992694881889763
21
3.4784140944881887
0
LINE
8
BLACK
6
CONTINUOUS
10
5.4992694881889763
20
3.4784140944881887
11
5.4955199606299212
21
3.4765393307086612
0
LINE
8
BLACK
6
CONTINUOUS
10
5.4955199606299212
20
3.4765393307086612
11
5.4949793307086612
21
3.4763324409448817
0
LINE
8
BLACK
6
CONTINUOUS
10
5.4949793307086612
20
3.4763324409448817
11
5.4948735039370078
21
3.4763249606299214
0
LINE
8
BLACK
6
CONTINUOUS
10
5.4948735039370078
20
3.4763249606299214
11
5.4947755118110235
21
3.4762843307086615
0
LINE
8
BLACK
6
CONTINUOUS
10
5.4947755118110235
20
3.4762843307086615
11
5.4941994488188977
21
3.4762275984251967
0
LINE
8
BLACK
6
CONTINUOUS
10
5.4941994488188977
20
3.4762275984251967
11
5.4848256299212599
21
3.4762275984251967
0
LINE
8
BLACK
6
CONTINUOUS
10
5.4848256299212599
20
3.4762275984251967
11
5.484249566929134
21
3.4762843307086615
0
LINE
8
BLACK
6
CONTINUOUS
10
5.484249566929134
20
3.4762843307086615
11
5.4841515748031497
21
3.4763249212598426
0
LINE
8
BLACK
6
CONTINUOUS
10
5.4841515748031497
20
3.4763249212598426
11
5.4840457086614176
21
3.4763324409448817
0
LINE
8
BLACK
6
CONTINUOUS
10
5.4840457086614176
20
3.4763324409448817
11
5.4835051181102363
21
3.4765393307086612
0
LINE
8
BLACK
6
CONTINUOUS
10
5.4835051181102363
20
3.4765393307086612
11
5.4797555905511812
21
3.4784140944881887
0
LINE
8
BLACK
6
CONTINUOUS
10
5.4797555905511812
20
3.4784140944881887
11
5.4795075590551177
21
3.4785701968503937
0
LINE
8
BLACK
6
CONTINUOUS
10
5.4795075590551177
20
3.4785701968503937
11
5.4794356299212597
21
3.4786000000000001
0
LINE
8
BLACK
6
CONTINUOUS
10
5.4794356299212597
20
3.4786000000000001
11
5.4793546456692912
21
3.4786664566929133
0
LINE
8
BLACK
6
CONTINUOUS
10
5.4793546456692912
20
3.4786664566929133
11
5.4792657086614174
21
3.4787224409448818
0
LINE
8
BLACK
6
CONTINUOUS
10
5.4792657086614174
20
3.4787224409448818
11
5.4792144881889762
21
3.4787814960629921
0
LINE
8
BLACK
6
CONTINUOUS
10
5.4792144881889762
20
3.4787814960629921
11
5.4789881496062991
21
3.4789672440944881
0
LINE
8
BLACK
6
CONTINUOUS
10
5.4789881496062991
20
3.4789672440944881
11
5.4771133858267715
21
3.4808420472440944
0
LINE
8
BLACK
6
CONTINUOUS
10
5.4771133858267715
20
3.4808420472440944
11
5.4767461811023619
21
3.4812894881889762
0
LINE
8
BLACK
6
CONTINUOUS
10
5.4767461811023619
20
3.4812894881889762
11
5.47630531496063
21
3.482353897637795
0
LINE
8
BLACK
6
CONTINUOUS
10
5.47630531496063
20
3.482353897637795
11
5.47630531496063
21
3.4835059842519684
0
LINE
8
BLACK
6
CONTINUOUS
10
5.47630531496063
20
3.4835059842519684
11
5.4767462204724406
21
3.4845703937007872
0
LINE
8
BLACK
6
CONTINUOUS
10
5.4767462204724406
20
3.4845703937007872
11
5.4775609055118109
21
3.4853850787401575
0
LINE
8
BLACK
6
CONTINUOUS
10
5.4775609055118109
20
3.4853850787401575
11
5.4786253149606301
21
3.4858259448818898
0
LINE
8
BLACK
6
CONTINUOUS
10
5.4786253149606301
20
3.4858259448818898
11
5.4797774015748031
21
3.4858259448818898
0
LINE
8
BLACK
6
CONTINUOUS
10
5.4797774015748031
20
3.4858259448818898
11
5.4808418110236223
21
3.4853850393700787
0
LINE
8
BLACK
6
CONTINUOUS
10
5.4808418110236223
20
3.4853850393700787
11
5.4812892913385829
21
3.4850177952755903
0
LINE
8
BLACK
6
CONTINUOUS
10
5.4812892913385829
20
3.4850177952755903
11
5.4828251968503938
21
3.4834818503937006
0
LINE
8
BLACK
6
CONTINUOUS
10
5.4828251968503938
20
3.4834818503937006
11
5.4855226771653545
21
3.4821331102362203
0
LINE
8
BLACK
6
CONTINUOUS
10
5.4855226771653545
20
3.4821331102362203
11
5.4935024015748031
21
3.4821331102362203
0
LINE
8
BLACK
6
CONTINUOUS
10
5.4935024015748031
20
3.4821331102362203
11
5.496199842519685
21
3.4834818503937006
0
LINE
8
BLACK
6
CONTINUOUS
10
5.496199842519685
20
3.4834818503937006
11
5.4973969685039368
21
3.4846790157480316
0
LINE
8
BLACK
6
CONTINUOUS
10
5.4973969685039368
20
3.4846790157480316
11
5.4987457480314959
21
3.4873764960629918
0
LINE
8
BLACK
6
CONTINUOUS
10
5.4987457480314959
20
3.4873764960629918
11
5.4987457480314959
21
3.4953562204724409
0
LINE
8
BLACK
6
CONTINUOUS
10
5.4987457480314959
20
3.4953562204724409
11
5.4973970078740155
21
3.4980537007874015
0
LINE
8
BLACK
6
CONTINUOUS
10
5.4973970078740155
20
3.4980537007874015
11
5.4961998818897637
21
3.4992508267716533
0
LINE
8
BLACK
6
CONTINUOUS
10
5.4961998818897637
20
3.4992508267716533
11
5.4935024015748031
21
3.5005995669291337
0
LINE
8
BLACK
6
CONTINUOUS
10
5.4935024015748031
20
3.5005995669291337
11
5.4855226771653545
21
3.5005995669291337
0
LINE
8
BLACK
6
CONTINUOUS
10
5.4855226771653545
20
3.5005995669291337
11
5.4828251968503938
21
3.4992508267716533
0
LINE
8
BLACK
6
CONTINUOUS
10
5.4828251968503938
20
3.4992508267716533
11
5.4812892519685041
21
3.4977148818897636
0
LINE
8
BLACK
6
CONTINUOUS
10
5.4812892519685041
20
3.4977148818897636
11
5.4808418110236223
21
3.4973476771653544
0
LINE
8
BLACK
6
CONTINUOUS
10
5.4808418110236223
20
3.4973476771653544
11
5.4807044488188978
21
3.4972907874015746
0
LINE
8
BLACK
6
CONTINUOUS
10
5.4807044488188978
20
3.4972907874015746
11
5.4805893700787403
21
3.4971966141732285
0
LINE
8
BLACK
6
CONTINUOUS
10
5.4805893700787403
20
3.4971966141732285
11
5.4801759842519679
21
3.4970719291338583
0
LINE
8
BLACK
6
CONTINUOUS
10
5.4801759842519679
20
3.4970719291338583
11
5.4797773622047243
21
3.4969067716535434
0
LINE
8
BLACK
6
CONTINUOUS
10
5.4797773622047243
20
3.4969067716535434
11
5.4796287401574801
21
3.4969067716535434
0
LINE
8
BLACK
6
CONTINUOUS
10
5.4796287401574801
20
3.4969067716535434
11
5.4794863779527558
21
3.4968638188976375
0
LINE
8
BLACK
6
CONTINUOUS
10
5.4794863779527558
20
3.4968638188976375
11
5.4790568503937003
21
3.4969067716535434
0
LINE
8
BLACK
6
CONTINUOUS
10
5.4790568503937003
20
3.4969067716535434
11
5.4786253149606301
21
3.4969067716535434
0
LINE
8
BLACK
6
CONTINUOUS
10
5.4786253149606301
20
3.4969067716535434
11
5.4784879527559056
21
3.4969637007874015
0
LINE
8
BLACK
6
CONTINUOUS
10
5.4784879527559056
20
3.4969637007874015
11
5.4783399606299215
21
3.4969784645669288
0
LINE
8
BLACK
6
CONTINUOUS
10
5.4783399606299215
20
3.4969784645669288
11
5.4779595669291341
21
3.4971825196850395
0
LINE
8
BLACK
6
CONTINUOUS
10
5.4779595669291341
20
3.4971825196850395
11
5.4775608661417321
21
3.4973476771653544
0
LINE
8
BLACK
6
CONTINUOUS
10
5.4775608661417321
20
3.4973476771653544
11
5.4774556692913388
21
3.4974528740157478
0
LINE
8
BLACK
6
CONTINUOUS
10
5.4774556692913388
20
3.4974528740157478
11
5.4773247244094483
21
3.4975231102362203
0
LINE
8
BLACK
6
CONTINUOUS
10
5.4773247244094483
20
3.4975231102362203
11
5.4770514566929132
21
3.4978570866141729
0
LINE
8
BLACK
6
CONTINUOUS
10
5.4770514566929132
20
3.4978570866141729
11
5.4767462204724406
21
3.4981623228346455
0
LINE
8
BLACK
6
CONTINUOUS
10
5.4767462204724406
20
3.4981623228346455
11
5.476689291338583
21
3.4982996850393699
0
LINE
8
BLACK
6
CONTINUOUS
10
5.476689291338583
20
3.4982996850393699
11
5.4765951574803147
21
3.4984147637795275
0
LINE
8
BLACK
6
CONTINUOUS
10
5.4765951574803147
20
3.4984147637795275
11
5.4764704330708662
21
3.498828149606299
0
LINE
8
BLACK
6
CONTINUOUS
10
5.4764704330708662
20
3.498828149606299
11
5.47630531496063
21
3.499226771653543
0
LINE
8
BLACK
6
CONTINUOUS
10
5.47630531496063
20
3.499226771653543
11
5.47630531496063
21
3.499375433070866
0
LINE
8
BLACK
6
CONTINUOUS
10
5.47630531496063
20
3.499375433070866
11
5.4762623622047242
21
3.499517755905512
0
LINE
8
BLACK
6
CONTINUOUS
10
5.4762623622047242
20
3.499517755905512
11
5.4762632283464567
21
3.5000966141732284
0
LINE
8
BLACK
6
CONTINUOUS
10
5.4762632283464567
20
3.5000966141732284
11
5.4781379921259843
21
3.5188442519685039
0
LINE
8
BLACK
6
CONTINUOUS
10
5.4781379921259843
20
3.5188442519685039
11
5.4781800787401576
21
3.5190542125984252
0
LINE
8
BLACK
6
CONTINUOUS
10
5.4781800787401576
20
3.5190542125984252
11
5.4781800787401576
21
3.519126496062992
0
LINE
8
BLACK
6
CONTINUOUS
10
5.4781800787401576
20
3.519126496062992
11
5.4782081496062993
21
3.5191943307086615
0
LINE
8
BLACK
6
CONTINUOUS
10
5.4782081496062993
20
3.5191943307086615
11
5.478251771653543
21
3.5194118110236219
0
LINE
8
BLACK
6
CONTINUOUS
10
5.478251771653543
20
3.5194118110236219
11
5.4784557874015745
21
3.5197921259842517
0
LINE
8
BLACK
6
CONTINUOUS
10
5.4784557874015745
20
3.5197921259842517
11
5.4786209842519682
21
3.5201909055118108
0
LINE
8
BLACK
6
CONTINUOUS
10
5.4786209842519682
20
3.5201909055118108
11
5.4787261417322837
21
3.5202961023622046
0
LINE
8
BLACK
6
CONTINUOUS
10
5.4787261417322837
20
3.5202961023622046
11
5.478796417322835
21
3.5204270472440946
0
LINE
8
BLACK
6
CONTINUOUS
10
5.478796417322835
20
3.5204270472440946
11
5.4791303543307084
21
3.5207003149606297
0
LINE
8
BLACK
6
CONTINUOUS
10
5.4791303543307084
20
3.5207003149606297
11
5.4794356299212597
21
3.5210055511811023
0
LINE
8
BLACK
6
CONTINUOUS
10
5.4794356299212597
20
3.5210055511811023
11
5.4795729527559054
21
3.5210624803149604
0
LINE
8
BLACK
6
CONTINUOUS
10
5.4795729527559054
20
3.5210624803149604
11
5.4796880708661417
21
3.5211566141732282
0
LINE
8
BLACK
6
CONTINUOUS
10
5.4796880708661417
20
3.5211566141732282
11
5.4801013385826769
21
3.5212813385826771
0
LINE
8
BLACK
6
CONTINUOUS
10
5.4801013385826769
20
3.5212813385826771
11
5.4805000393700789
21
3.5214464566929133
0
LINE
8
BLACK
6
CONTINUOUS
10
5.4805000393700789
20
3.5214464566929133
11
5.4807207086614174
21
3.5214682283464565
0
LINE
8
BLACK
6
CONTINUOUS
10
5.4807207086614174
20
3.5214682283464565
11
5.4807910629921262
21
3.5214894094488187
0
LINE
8
BLACK
6
CONTINUOUS
10
5.4807910629921262
20
3.5214894094488187
11
5.4808630314960629
21
3.521482244094488
0
LINE
8
BLACK
6
CONTINUOUS
10
5.4808630314960629
20
3.521482244094488
11
5.4810761023622048
21
3.5215031889763777
0
LINE
8
BLACK
6
CONTINUOUS
10
5.4810761023622048
20
3.5215031889763777
11
5.4998237401574803
21
3.5215031889763777
0
LINE
8
BLACK
6
CONTINUOUS
10
5.4998237401574803
20
3.5215031889763777
11
5.5003998031496062
21
3.5214464566929133
0
LINE
8
BLACK
6
CONTINUOUS
10
5.5303960629921258
20
3.5214464566929133
11
5.5304940551181101
21
3.5214058661417322
0
LINE
8
BLACK
6
CONTINUOUS
10
5.5304940551181101
20
3.5214058661417322
11
5.5305998818897635
21
3.5213983464566927
0
LINE
8
BLACK
6
CONTINUOUS
10
5.5305998818897635
20
3.5213983464566927
11
5.5311405118110235
21
3.5211914566929132
0
LINE
8
BLACK
6
CONTINUOUS
10
5.5311405118110235
20
3.5211914566929132
11
5.5348900393700786
21
3.5193166929133857
0
LINE
8
BLACK
6
CONTINUOUS
10
5.5348900393700786
20
3.5193166929133857
11
5.5351380314960625
21
3.5191606299212599
0
LINE
8
BLACK
6
CONTINUOUS
10
5.5351380314960625
20
3.5191606299212599
11
5.5352100000000002
21
3.5191307874015747
0
LINE
8
BLACK
6
CONTINUOUS
10
5.5352100000000002
20
3.5191307874015747
11
5.5352909448818899
21
3.5190643307086615
0
LINE
8
BLACK
6
CONTINUOUS
10
5.5352909448818899
20
3.5190643307086615
11
5.5353799212598425
21
3.519008346456693
0
LINE
8
BLACK
6
CONTINUOUS
10
5.5353799212598425
20
3.519008346456693
11
5.5354310629921262
21
3.5189493700787402
0
LINE
8
BLACK
6
CONTINUOUS
10
5.5354310629921262
20
3.5189493700787402
11
5.535657440944882
21
3.5187635826771655
0
LINE
8
BLACK
6
CONTINUOUS
10
5.535657440944882
20
3.5187635826771655
11
5.5375322047244095
21
3.5168888188976379
0
LINE
8
BLACK
6
CONTINUOUS
10
5.5375322047244095
20
3.5168888188976379
11
5.5377179527559051
21
3.5166624803149604
0
LINE
8
BLACK
6
CONTINUOUS
10
5.5377179527559051
20
3.5166624803149604
11
5.5377769685039366
21
3.5166112992125984
0
LINE
8
BLACK
6
CONTINUOUS
10
5.5377769685039366
20
3.5166112992125984
11
5.5378329133858264
21
3.5165223622047241
0
LINE
8
BLACK
6
CONTINUOUS
10
5.5378329133858264
20
3.5165223622047241
11
5.5378994094488192
21
3.5164413779527557
0
LINE
8
BLACK
6
CONTINUOUS
10
5.5378994094488192
20
3.5164413779527557
11
5.5379292125984252
21
3.5163694488188977
0
LINE
8
BLACK
6
CONTINUOUS
10
5.5379292125984252
20
3.5163694488188977
11
5.5380853149606297
21
3.5161214173228346
0
LINE
8
BLACK
6
CONTINUOUS
10
5.5380853149606297
20
3.5161214173228346
11
5.5399600787401573
21
3.5123718897637795
0
LINE
8
BLACK
6
CONTINUOUS
10
5.5399600787401573
20
3.5123718897637795
11
5.5399761811023618
21
3.5123298031496062
0
LINE
8
BLACK
6
CONTINUOUS
10
5.5399761811023618
20
3.5123298031496062
11
5.5399888976377953
21
3.5123126377952754
0
LINE
8
BLACK
6
CONTINUOUS
10
5.5399888976377953
20
3.5123126377952754
11
5.5400751968503936
21
3.5120710629921259
0
LINE
8
BLACK
6
CONTINUOUS
10
5.5400751968503936
20
3.5120710629921259
11
5.5401669685039368
21
3.5118312992125982
0
LINE
8
BLACK
6
CONTINUOUS
10
5.5401669685039368
20
3.5118312992125982
11
5.5401684645669294
21
3.5118100393700789
0
LINE
8
BLACK
6
CONTINUOUS
10
5.5401684645669294
20
3.5118100393700789
11
5.5401836614173225
21
3.5117675196850393
0
LINE
8
BLACK
6
CONTINUOUS
10
5.5401836614173225
20
3.5117675196850393
11
5.5420584251968501
21
3.5042684645669291
0
LINE
8
BLACK
6
CONTINUOUS
10
5.5420584251968501
20
3.5042684645669291
11
5.5420731889763779
21
3.5041686220472439
0
LINE
8
BLACK
6
CONTINUOUS
10
5.5420731889763779
20
3.5041686220472439
11
5.542089842519685
21
3.5041283858267716
0
LINE
8
BLACK
6
CONTINUOUS
10
5.542089842519685
20
3.5041283858267716
11
5.5421111811023618
21
3.5039113779527558
0
LINE
8
BLACK
6
CONTINUOUS
10
5.5421111811023618
20
3.5039113779527558
11
5.5421430708661417
21
3.5036958661417321
0
LINE
8
BLACK
6
CONTINUOUS
10
5.5421430708661417
20
3.5036958661417321
11
5.5421366535433068
21
3.503652874015748
0
LINE
8
BLACK
6
CONTINUOUS
10
5.5421366535433068
20
3.503652874015748
11
5.5421465748031498
21
3.5035523228346457
0
LINE
8
BLACK
6
CONTINUOUS
10
5.5421465748031498
20
3.5035523228346457
11
5.5421465748031498
21
3.4941785039370079
0
LINE
8
BLACK
6
CONTINUOUS
10
5.5421465748031498
20
3.4941785039370079
11
5.5421366535433068
21
3.4940779921259844
0
LINE
8
BLACK
6
CONTINUOUS
10
5.5421366535433068
20
3.4940779921259844
11
5.5421430708661417
21
3.494034960629921
0
LINE
8
BLACK
6
CONTINUOUS
10
5.5421430708661417
20
3.494034960629921
11
5.5421111811023618
21
3.4938194881889761
0
LINE
8
BLACK
6
CONTINUOUS
10
5.5421111811023618
20
3.4938194881889761
11
5.542089842519685
21
3.4936024409448816
0
LINE
8
BLACK
6
CONTINUOUS
10
5.542089842519685
20
3.4936024409448816
11
5.5420731889763779
21
3.493562244094488
0
LINE
8
BLACK
6
CONTINUOUS
10
5.5420731889763779
20
3.493562244094488
11
5.5420584251968501
21
3.4934623622047245
0
LINE
8
BLACK
6
CONTINUOUS
10
5.5420584251968501
20
3.4934623622047245
11
5.5401836614173225
21
3.4859633070866143
0
LINE
8
BLACK
6
CONTINUOUS
10
5.5401836614173225
20
3.4859633070866143
11
5.5401684645669294
21
3.4859208267716535
0
LINE
8
BLACK
6
CONTINUOUS
10
5.5401684645669294
20
3.4859208267716535
11
5.5401669685039368
21
3.485899527559055
0
LINE
8
BLACK
6
CONTINUOUS
10
5.5401669685039368
20
3.485899527559055
11
5.5400751968503936
21
3.4856598031496064
0
LINE
8
BLACK
6
CONTINUOUS
10
5.5400751968503936
20
3.4856598031496064
11
5.5399888976377953
21
3.4854181889763778
0
LINE
8
BLACK
6
CONTINUOUS
10
5.5399888976377953
20
3.4854181889763778
11
5.5399761811023618
21
3.4854010629921257
0
LINE
8
BLACK
6
CONTINUOUS
10
5.5399761811023618
20
3.4854010629921257
11
5.5399600787401573
21
3.4853589370078741
0
LINE
8
BLACK
6
CONTINUOUS
10
5.5399600787401573
20
3.4853589370078741
11
5.5380853149606297
21
3.481609409448819
0
LINE
8
BLACK
6
CONTINUOUS
10
5.5380853149606297
20
3.481609409448819
11
5.5379292519685039
21
3.4813615354330709
0
LINE
8
BLACK
6
CONTINUOUS
10
5.5379292519685039
20
3.4813615354330709
11
5.537899448818898
21
3.4812894881889762
0
LINE
8
BLACK
6
CONTINUOUS
10
5.537899448818898
20
3.4812894881889762
11
5.5378329133858264
21
3.481208464566929
0
LINE
8
BLACK
6
CONTINUOUS
10
5.5378329133858264
20
3.481208464566929
11
5.5377769685039366
21
3.4811195275590552
0
LINE
8
BLACK
6
CONTINUOUS
10
5.5377769685039366
20
3.4811195275590552
11
5.5377179527559051
21
3.4810683858267715
0
LINE
8
BLACK
6
CONTINUOUS
10
5.5377179527559051
20
3.4810683858267715
11
5.5375322047244095
21
3.4808420078740157
0
LINE
8
BLACK
6
CONTINUOUS
10
5.5375322047244095
20
3.4808420078740157
11
5.5356574803149607
21
3.4789672440944881
0
LINE
8
BLACK
6
CONTINUOUS
10
5.5356574803149607
20
3.4789672440944881
11
5.5354311023622049
21
3.4787814960629921
0
LINE
8
BLACK
6
CONTINUOUS
10
5.5354311023622049
20
3.4787814960629921
11
5.5353799212598425
21
3.4787224409448818
0
LINE
8
BLACK
6
CONTINUOUS
10
5.5353799212598425
20
3.4787224409448818
11
5.5352909448818899
21
3.4786664566929133
0
LINE
8
BLACK
6
CONTINUOUS
10
5.5352909448818899
20
3.4786664566929133
11
5.5352100000000002
21
3.4786000000000001
0
LINE
8
BLACK
6
CONTINUOUS
10
5.5352100000000002
20
3.4786000000000001
11
5.5351380314960625
21
3.4785701968503937
0
LINE
8
BLACK
6
CONTINUOUS
10
5.5351380314960625
20
3.4785701968503937
11
5.5348900393700786
21
3.4784140944881887
0
LINE
8
BLACK
6
CONTINUOUS
10
5.5348900393700786
20
3.4784140944881887
11
5.5311405118110235
21
3.4765393307086612
0
LINE
8
BLACK
6
CONTINUOUS
10
5.5311405118110235
20
3.4765393307086612
11
5.5305998818897635
21
3.4763324409448817
0
LINE
8
BLACK
6
CONTINUOUS
10
5.5305998818897635
20
3.4763324409448817
11
5.5304940551181101
21
3.4763249606299214
0
LINE
8
BLACK
6
CONTINUOUS
10
5.5304940551181101
20
3.4763249606299214
11
5.5303960629921258
21
3.4762843307086615
0
LINE
8
BLACK
6
CONTINUOUS
10
5.5303960629921258
20
3.4762843307086615
11
5.52982
21
3.4762275984251967
0
LINE
8
BLACK
6
CONTINUOUS
10
5.52982
20
3.4762275984251967
11
5.5260704724409448
21
3.4762275984251967
0
LINE
8
BLACK
6
CONTINUOUS
10
5.5260704724409448
20
3.4762275984251967
11
5.525494409448819
21
3.4762843307086615
0
LINE
8
BLACK
6
CONTINUOUS
10
5.525494409448819
20
3.4762843307086615
11
5.5253964173228347
21
3.4763249212598426
0
LINE
8
BLACK
6
CONTINUOUS
10
5.5253964173228347
20
3.4763249212598426
11
5.5252905511811026
21
3.4763324409448817
0
LINE
8
BLACK
6
CONTINUOUS
10
5.5252905511811026
20
3.4763324409448817
11
5.5247499606299213
21
3.4765393307086612
0
LINE
8
BLACK
6
CONTINUOUS
10
5.5247499606299213
20
3.4765393307086612
11
5.5210004330708662
21
3.4784140944881887
0
LINE
8
BLACK
6
CONTINUOUS
10
5.5210004330708662
20
3.4784140944881887
11
5.5207524015748026
21
3.4785701968503937
0
LINE
8
BLACK
6
CONTINUOUS
10
5.5207524015748026
20
3.4785701968503937
11
5.5206804724409446
21
3.4786000000000001
0
LINE
8
BLACK
6
CONTINUOUS
10
5.5206804724409446
20
3.4786000000000001
11
5.5205994881889762
21
3.4786664566929133
0
LINE
8
BLACK
6
CONTINUOUS
10
5.5205994881889762
20
3.4786664566929133
11
5.5205105511811023
21
3.4787224409448818
0
LINE
8
BLACK
6
CONTINUOUS
10
5.5205105511811023
20
3.4787224409448818
11
5.5204593307086611
21
3.4787814960629921
0
LINE
8
BLACK
6
CONTINUOUS
10
5.5204593307086611
20
3.4787814960629921
11
5.5202329921259841
21
3.4789672440944881
0
LINE
8
BLACK
6
CONTINUOUS
10
5.5202329921259841
20
3.4789672440944881
11
5.5183582283464565
21
3.4808420472440944
0
LINE
8
BLACK
6
CONTINUOUS
10
5.5183582283464565
20
3.4808420472440944
11
5.5181724803149601
21
3.4810683858267715
0
LINE
8
BLACK
6
CONTINUOUS
10
5.5181724803149601
20
3.4810683858267715
11
5.5181135039370082
21
3.4811195275590552
0
LINE
8
BLACK
6
CONTINUOUS
10
5.5181135039370082
20
3.4811195275590552
11
5.5180575196850397
21
3.481208464566929
0
LINE
8
BLACK
6
CONTINUOUS
10
5.5180575196850397
20
3.481208464566929
11
5.5179910236220469
21
3.4812894881889762
0
LINE
8
BLACK
6
CONTINUOUS
10
5.5179910236220469
20
3.4812894881889762
11
5.5179611811023621
21
3.4813615354330709
0
LINE
8
BLACK
6
CONTINUOUS
10
5.5179611811023621
20
3.4813615354330709
11
5.5178051574803151
21
3.481609409448819
0
LINE
8
BLACK
6
CONTINUOUS
10
5.5178051574803151
20
3.481609409448819
11
5.5159303937007875
21
3.4853589370078741
0
LINE
8
BLACK
6
CONTINUOUS
10
5.5159303937007875
20
3.4853589370078741
11
5.5159142519685034
21
3.4854010629921257
0
LINE
8
BLACK
6
CONTINUOUS
10
5.5159142519685034
20
3.4854010629921257
11
5.5159015748031495
21
3.4854181889763778
0
LINE
8
BLACK
6
CONTINUOUS
10
5.5159015748031495
20
3.4854181889763778
11
5.5158151181102362
21
3.4856601574803148
0
LINE
8
BLACK
6
CONTINUOUS
10
5.5158151181102362
20
3.4856601574803148
11
5.5157235039370081
21
3.4858995669291337
0
LINE
8
BLACK
6
CONTINUOUS
10
5.5157235039370081
20
3.4858995669291337
11
5.5157219685039367
21
3.4859208267716535
0
LINE
8
BLACK
6
CONTINUOUS
10
5.5157219685039367
20
3.4859208267716535
11
5.5157068110236223
21
3.4859633070866143
0
LINE
8
BLACK
6
CONTINUOUS
10
5.5157068110236223
20
3.4859633070866143
11
5.5138320472440947
21
3.4934623622047245
0
LINE
8
BLACK
6
CONTINUOUS
10
5.5138320472440947
20
3.4934623622047245
11
5.5138172440944881
21
3.493562244094488
0
LINE
8
BLACK
6
CONTINUOUS
10
5.5138172440944881
20
3.493562244094488
11
5.5138006299212599
21
3.4936024409448816
0
LINE
8
BLACK
6
CONTINUOUS
10
5.5138006299212599
20
3.4936024409448816
11
5.5137792519685034
21
3.4938194881889761
0
LINE
8
BLACK
6
CONTINUOUS
10
5.5137792519685034
20
3.4938194881889761
11
5.5137474015748031
21
3.494034960629921
0
LINE
8
BLACK
6
CONTINUOUS
10
5.5137474015748031
20
3.494034960629921
11
5.5137537795275593
21
3.4940779921259844
0
LINE
8
BLACK
6
CONTINUOUS
10
5.5137537795275593
20
3.4940779921259844
11
5.513743897637795
21
3.4941785039370079
0
LINE
8
BLACK
6
CONTINUOUS
10
5.513743897637795
20
3.4941785039370079
11
5.513743897637795
21
3.5035523228346457
0
LINE
8
BLACK
6
CONTINUOUS
10
5.513743897637795
20
3.5035523228346457
11
5.5137537795275593
21
3.503652874015748
0
LINE
8
BLACK
6
CONTINUOUS
10
5.5137537795275593
20
3.503652874015748
11
5.5137474015748031
21
3.5036958661417321
0
LINE
8
BLACK
6
CONTINUOUS
10
5.5137474015748031
20
3.5036958661417321
11
5.5137792519685034
21
3.5039113779527558
0
LINE
8
BLACK
6
CONTINUOUS
10
5.5137792519685034
20
3.5039113779527558
11
5.5138006299212599
21
3.5041283858267716
0
LINE
8
BLACK
6
CONTINUOUS
10
5.5138006299212599
20
3.5041283858267716
11
5.5138172440944881
21
3.5041686220472439
0
LINE
8
BLACK
6
CONTINUOUS
10
5.5138172440944881
20
3.5041686220472439
11
5.5138320472440947
21
3.5042684645669291
0
LINE
8
BLACK
6
CONTINUOUS
10
5.5138320472440947
20
3.5042684645669291
11
5.5157068110236223
21
3.5117675196850393
0
LINE
8
BLACK
6
CONTINUOUS
10
5.5157068110236223
20
3.5117675196850393
11
5.5157219685039367
21
3.5118100393700789
0
LINE
8
BLACK
6
CONTINUOUS
10
5.5157219685039367
20
3.5118100393700789
11
5.5157235039370081
21
3.5118312598425194
0
LINE
8
BLACK
6
CONTINUOUS
10
5.5157235039370081
20
3.5118312598425194
11
5.5158151181102362
21
3.5120707086614171
0
LINE
8
BLACK
6
CONTINUOUS
10
5.5158151181102362
20
3.5120707086614171
11
5.5159015748031495
21
3.5123126377952754
0
LINE
8
BLACK
6
CONTINUOUS
10
5.5159015748031495
20
3.5123126377952754
11
5.5159142519685034
21
3.5123298031496062
0
LINE
8
BLACK
6
CONTINUOUS
10
5.5159142519685034
20
3.5123298031496062
11
5.5159303937007875
21
3.5123718897637795
0
LINE
8
BLACK
6
CONTINUOUS
10
5.5159303937007875
20
3.5123718897637795
11
5.5178051574803151
21
3.5161214173228346
0
LINE
8
BLACK
6
CONTINUOUS
10
5.5178051574803151
20
3.5161214173228346
11
5.5179612204724409
21
3.5163694488188977
0
LINE
8
BLACK
6
CONTINUOUS
10
5.5179612204724409
20
3.5163694488188977
11
5.5179910629921256
21
3.5164413779527557
0
LINE
8
BLACK
6
CONTINUOUS
10
5.5179910629921256
20
3.5164413779527557
11
5.5180575196850397
21
3.5165223622047241
0
LINE
8
BLACK
6
CONTINUOUS
10
5.5180575196850397
20
3.5165223622047241
11
5.5181135039370082
21
3.5166112992125984
0
LINE
8
BLACK
6
CONTINUOUS
10
5.5181135039370082
20
3.5166112992125984
11
5.5181724803149601
21
3.5166624803149604
0
LINE
8
BLACK
6
CONTINUOUS
10
5.5181724803149601
20
3.5166624803149604
11
5.5183582677165353
21
3.5168888188976379
0
LINE
8
BLACK
6
CONTINUOUS
10
5.5183582677165353
20
3.5168888188976379
11
5.5202330314960628
21
3.5187635826771655
0
LINE
8
BLACK
6
CONTINUOUS
10
5.5202330314960628
20
3.5187635826771655
11
5.5204593700787399
21
3.5189493700787402
0
LINE
8
BLACK
6
CONTINUOUS
10
5.5204593700787399
20
3.5189493700787402
11
5.5205105511811023
21
3.519008346456693
0
LINE
8
BLACK
6
CONTINUOUS
10
5.5205105511811023
20
3.519008346456693
11
5.5205994881889762
21
3.5190643307086615
0
LINE
8
BLACK
6
CONTINUOUS
10
5.5205994881889762
20
3.5190643307086615
11
5.5206804724409446
21
3.5191307874015747
0
LINE
8
BLACK
6
CONTINUOUS
10
5.5206804724409446
20
3.5191307874015747
11
5.5207524015748026
21
3.5191606299212599
0
LINE
8
BLACK
6
CONTINUOUS
10
5.5207524015748026
20
3.5191606299212599
11
5.5210004330708662
21
3.5193166929133857
0
LINE
8
BLACK
6
CONTINUOUS
10
5.5210004330708662
20
3.5193166929133857
11
5.5247499606299213
21
3.5211914566929132
0
LINE
8
BLACK
6
CONTINUOUS
10
5.5247499606299213
20
3.5211914566929132
11
5.5252905511811026
21
3.5213983464566927
0
LINE
8
BLACK
6
CONTINUOUS
10
5.5252905511811026
20
3.5213983464566927
11
5.5253964173228347
21
3.521405905511811
0
LINE
8
BLACK
6
CONTINUOUS
10
5.5253964173228347
20
3.521405905511811
11
5.525494409448819
21
3.5214464566929133
0
LINE
8
BLACK
6
CONTINUOUS
10
5.525494409448819
20
3.5214464566929133
11
5.5260704724409448
21
3.5215031889763777
0
LINE
8
BLACK
6
CONTINUOUS
10
5.5260704724409448
20
3.5215031889763777
11
5.52982
21
3.5215031889763777
0
LINE
8
BLACK
6
CONTINUOUS
10
5.52982
20
3.5215031889763777
11
5.5303960629921258
21
3.5214464566929133
0
LINE
8
BLACK
6
CONTINUOUS
10
5.5240700393700788
20
3.5142489370078738
11
5.522872913385827
21
3.513051811023622
0
LINE
8
BLACK
6
CONTINUOUS
10
5.522872913385827
20
3.513051811023622
11
5.5213574015748028
21
3.5100208267716533
0
LINE
8
BLACK
6
CONTINUOUS
10
5.5213574015748028
20
3.5100208267716533
11
5.5196494094488191
21
3.5031887795275591
0
LINE
8
BLACK
6
CONTINUOUS
10
5.5196494094488191
20
3.5031887795275591
11
5.5196494094488191
21
3.4945420472440945
0
LINE
8
BLACK
6
CONTINUOUS
10
5.5196494094488191
20
3.4945420472440945
11
5.5213574015748028
21
3.4877099999999999
0
LINE
8
BLACK
6
CONTINUOUS
10
5.5213574015748028
20
3.4877099999999999
11
5.522872913385827
21
3.4846790157480316
0
LINE
8
BLACK
6
CONTINUOUS
10
5.522872913385827
20
3.4846790157480316
11
5.5240700393700788
21
3.4834818503937006
0
LINE
8
BLACK
6
CONTINUOUS
10
5.5240700393700788
20
3.4834818503937006
11
5.5267675196850394
21
3.4821331102362203
0
LINE
8
BLACK
6
CONTINUOUS
10
5.5267675196850394
20
3.4821331102362203
11
5.5291229527559054
21
3.4821331102362203
0
LINE
8
BLACK
6
CONTINUOUS
10
5.5291229527559054
20
3.4821331102362203
11
5.5318203937007873
21
3.4834818503937006
0
LINE
8
BLACK
6
CONTINUOUS
10
5.5318203937007873
20
3.4834818503937006
11
5.5330175196850391
21
3.4846790157480316
0
LINE
8
BLACK
6
CONTINUOUS
10
5.5330175196850391
20
3.4846790157480316
11
5.5345330314960632
21
3.4877099999999999
0
LINE
8
BLACK
6
CONTINUOUS
10
5.5345330314960632
20
3.4877099999999999
11
5.5362410629921257
21
3.4945420472440945
0
LINE
8
BLACK
6
CONTINUOUS
10
5.5362410629921257
20
3.4945420472440945
11
5.5362410629921257
21
3.5031887795275591
0
LINE
8
BLACK
6
CONTINUOUS
10
5.5362410629921257
20
3.5031887795275591
11
5.5345330314960632
21
3.5100208267716533
0
LINE
8
BLACK
6
CONTINUOUS
10
5.5345330314960632
20
3.5100208267716533
11
5.5330175590551178
21
3.513051811023622
0
LINE
8
BLACK
6
CONTINUOUS
10
5.5330175590551178
20
3.513051811023622
11
5.531820433070866
21
3.5142489370078738
0
LINE
8
BLACK
6
CONTINUOUS
10
5.531820433070866
20
3.5142489370078738
11
5.5291229527559054
21
3.5155976771653541
0
LINE
8
BLACK
6
CONTINUOUS
10
5.5291229527559054
20
3.5155976771653541
11
5.5267675196850394
21
3.5155976771653541
0
LINE
8
BLACK
6
CONTINUOUS
10
5.5267675196850394
20
3.5155976771653541
11
5.5240700393700788
21
3.5142489370078738
0
LINE
8
BLACK
6
CONTINUOUS
10
5.5678913779527557
20
3.5214464566929133
11
5.56798937007874
21
3.5214058661417322
0
LINE
8
BLACK
6
CONTINUOUS
10
5.56798937007874
20
3.5214058661417322
11
5.5680951968503933
21
3.5213983464566927
0
LINE
8
BLACK
6
CONTINUOUS
10
5.5680951968503933
20
3.5213983464566927
11
5.5686358267716534
21
3.5211914566929132
0
LINE
8
BLACK
6
CONTINUOUS
10
5.5686358267716534
20
3.5211914566929132
11
5.5723853543307085
21
3.5193166929133857
0
LINE
8
BLACK
6
CONTINUOUS
10
5.5723853543307085
20
3.5193166929133857
11
5.5726333464566924
21
3.5191606299212599
0
LINE
8
BLACK
6
CONTINUOUS
10
5.5726333464566924
20
3.5191606299212599
11
5.57270531496063
21
3.5191307874015747
0
LINE
8
BLACK
6
CONTINUOUS
10
5.57270531496063
20
3.5191307874015747
11
5.5727862598425197
21
3.5190643307086615
0
LINE
8
BLACK
6
CONTINUOUS
10
5.5727862598425197
20
3.5190643307086615
11
5.5728752362204723
21
3.519008346456693
0
LINE
8
BLACK
6
CONTINUOUS
10
5.5728752362204723
20
3.519008346456693
11
5.572926377952756
21
3.5189493700787402
0
LINE
8
BLACK
6
CONTINUOUS
10
5.572926377952756
20
3.5189493700787402
11
5.5731527559055118
21
3.5187635826771655
0
LINE
8
BLACK
6
CONTINUOUS
10
5.5731527559055118
20
3.5187635826771655
11
5.5750275196850394
21
3.5168888188976379
0
LINE
8
BLACK
6
CONTINUOUS
10
5.5750275196850394
20
3.5168888188976379
11
5.5752132677165349
21
3.5166624803149604
0
LINE
8
BLACK
6
CONTINUOUS
10
5.5752132677165349
20
3.5166624803149604
11
5.5752722834645665
21
3.5166112992125984
0
LINE
8
BLACK
6
CONTINUOUS
10
5.5752722834645665
20
3.5166112992125984
11
5.5753282283464562
21
3.5165223622047241
0
LINE
8
BLACK
6
CONTINUOUS
10
5.5753282283464562
20
3.5165223622047241
11
5.5753947244094491
21
3.5164413779527557
0
LINE
8
BLACK
6
CONTINUOUS
10
5.5753947244094491
20
3.5164413779527557
11
5.575424527559055
21
3.5163694488188977
0
LINE
8
BLACK
6
CONTINUOUS
10
5.575424527559055
20
3.5163694488188977
11
5.5755806299212596
21
3.5161214173228346
0
LINE
8
BLACK
6
CONTINUOUS
10
5.5755806299212596
20
3.5161214173228346
11
5.5774553937007871
21
3.5123718897637795
0
LINE
8
BLACK
6
CONTINUOUS
10
5.5774553937007871
20
3.5123718897637795
11
5.5774714960629916
21
3.5123298031496062
0
LINE
8
BLACK
6
CONTINUOUS
10
5.5774714960629916
20
3.5123298031496062
11
5.5774842125984252
21
3.5123126377952754
0
LINE
8
BLACK
6
CONTINUOUS
10
5.5774842125984252
20
3.5123126377952754
11
5.5775705118110235
21
3.5120710629921259
0
LINE
8
BLACK
6
CONTINUOUS
10
5.5775705118110235
20
3.5120710629921259
11
5.5776622834645666
21
3.5118312992125982
0
LINE
8
BLACK
6
CONTINUOUS
10
5.5776622834645666
20
3.5118312992125982
11
5.5776637795275592
21
3.5118100393700789
0
LINE
8
BLACK
6
CONTINUOUS
10
5.5776637795275592
20
3.5118100393700789
11
5.5776789763779524
21
3.5117675196850393
0
LINE
8
BLACK
6
CONTINUOUS
10
5.5776789763779524
20
3.5117675196850393
11
5.57955374015748
21
3.5042684645669291
0
LINE
8
BLACK
6
CONTINUOUS
10
5.57955374015748
20
3.5042684645669291
11
5.5795685039370078
21
3.5041686220472439
0
LINE
8
BLACK
6
CONTINUOUS
10
5.5795685039370078
20
3.5041686220472439
11
5.5795851574803148
21
3.5041283858267716
0
LINE
8
BLACK
6
CONTINUOUS
10
5.5795851574803148
20
3.5041283858267716
11
5.5796064960629916
21
3.5039113779527558
0
LINE
8
BLACK
6
CONTINUOUS
10
5.5796064960629916
20
3.5039113779527558
11
5.5796383858267715
21
3.5036958661417321
0
LINE
8
BLACK
6
CONTINUOUS
10
5.5796383858267715
20
3.5036958661417321
11
5.5796319685039366
21
3.503652874015748
0
LINE
8
BLACK
6
CONTINUOUS
10
5.5796319685039366
20
3.503652874015748
11
5.5796418897637796
21
3.5035523228346457
0
LINE
8
BLACK
6
CONTINUOUS
10
5.5796418897637796
20
3.5035523228346457
11
5.5796418897637796
21
3.4941785039370079
0
LINE
8
BLACK
6
CONTINUOUS
10
5.5796418897637796
20
3.4941785039370079
11
5.5796319685039366
21
3.4940779921259844
0
LINE
8
BLACK
6
CONTINUOUS
10
5.5796319685039366
20
3.4940779921259844
11
5.5796383858267715
21
3.494034960629921
0
LINE
8
BLACK
6
CONTINUOUS
10
5.5796383858267715
20
3.494034960629921
11
5.5796064960629916
21
3.4938194881889761
0
LINE
8
BLACK
6
CONTINUOUS
10
5.5796064960629916
20
3.4938194881889761
11
5.5795851574803148
21
3.4936024409448816
0
LINE
8
BLACK
6
CONTINUOUS
10
5.5795851574803148
20
3.4936024409448816
11
5.5795685039370078
21
3.493562244094488
0
LINE
8
BLACK
6
CONTINUOUS
10
5.5795685039370078
20
3.493562244094488
11
5.57955374015748
21
3.4934623622047245
0
LINE
8
BLACK
6
CONTINUOUS
10
5.57955374015748
20
3.4934623622047245
11
5.5776789763779524
21
3.4859633070866143
0
LINE
8
BLACK
6
CONTINUOUS
10
5.5776789763779524
20
3.4859633070866143
11
5.5776637795275592
21
3.4859208267716535
0
LINE
8
BLACK
6
CONTINUOUS
10
5.5776637795275592
20
3.4859208267716535
11
5.5776622834645666
21
3.485899527559055
0
LINE
8
BLACK
6
CONTINUOUS
10
5.5776622834645666
20
3.485899527559055
11
5.5775705118110235
21
3.4856598031496064
0
LINE
8
BLACK
6
CONTINUOUS
10
5.5775705118110235
20
3.4856598031496064
11
5.5774842125984252
21
3.4854181889763778
0
LINE
8
BLACK
6
CONTINUOUS
10
5.5774842125984252
20
3.4854181889763778
11
5.5774714960629916
21
3.4854010629921257
0
LINE
8
BLACK
6
CONTINUOUS
10
5.5774714960629916
20
3.4854010629921257
11
5.5774553937007871
21
3.4853589370078741
0
LINE
8
BLACK
6
CONTINUOUS
10
5.5774553937007871
20
3.4853589370078741
11
5.5755806299212596
21
3.481609409448819
0
LINE
8
BLACK
6
CONTINUOUS
10
5.5755806299212596
20
3.481609409448819
11
5.5754245669291338
21
3.4813615354330709
0
LINE
8
BLACK
6
CONTINUOUS
10
5.5754245669291338
20
3.4813615354330709
11
5.5753947637795278
21
3.4812894881889762
0
LINE
8
BLACK
6
CONTINUOUS
10
5.5753947637795278
20
3.4812894881889762
11
5.5753282283464562
21
3.481208464566929
0
LINE
8
BLACK
6
CONTINUOUS
10
5.5753282283464562
20
3.481208464566929
11
5.5752722834645665
21
3.4811195275590552
0
LINE
8
BLACK
6
CONTINUOUS
10
5.5752722834645665
20
3.4811195275590552
11
5.5752132677165349
21
3.4810683858267715
0
LINE
8
BLACK
6
CONTINUOUS
10
5.5752132677165349
20
3.4810683858267715
11
5.5750275196850394
21
3.4808420078740157
0
LINE
8
BLACK
6
CONTINUOUS
10
5.5750275196850394
20
3.4808420078740157
11
5.5731527952755906
21
3.4789672440944881
0
LINE
8
BLACK
6
CONTINUOUS
10
5.5731527952755906
20
3.4789672440944881
11
5.5729264173228348
21
3.4787814960629921
0
LINE
8
BLACK
6
CONTINUOUS
10
5.5729264173228348
20
3.4787814960629921
11
5.5728752362204723
21
3.4787224409448818
0
LINE
8
BLACK
6
CONTINUOUS
10
5.5728752362204723
20
3.4787224409448818
11
5.5727862598425197
21
3.4786664566929133
0
LINE
8
BLACK
6
CONTINUOUS
10
5.5727862598425197
20
3.4786664566929133
11
5.57270531496063
21
3.4786000000000001
0
LINE
8
BLACK
6
CONTINUOUS
10
5.57270531496063
20
3.4786000000000001
11
5.5726333464566924
21
3.4785701968503937
0
LINE
8
BLACK
6
CONTINUOUS
10
5.5726333464566924
20
3.4785701968503937
11
5.5723853543307085
21
3.4784140944881887
0
LINE
8
BLACK
6
CONTINUOUS
10
5.5723853543307085
20
3.4784140944881887
11
5.5686358267716534
21
3.4765393307086612
0
LINE
8
BLACK
6
CONTINUOUS
10
5.5686358267716534
20
3.4765393307086612
11
5.5680951968503933
21
3.4763324409448817
0
LINE
8
BLACK
6
CONTINUOUS
10
5.5680951968503933
20
3.4763324409448817
11
5.56798937007874
21
3.4763249606299214
0
LINE
8
BLACK
6
CONTINUOUS
10
5.56798937007874
20
3.4763249606299214
11
5.5678913779527557
21
3.4762843307086615
0
LINE
8
BLACK
6
CONTINUOUS
10
5.5678913779527557
20
3.4762843307086615
11
5.5673153149606298
21
3.4762275984251967
0
LINE
8
BLACK
6
CONTINUOUS
10
5.5673153149606298
20
3.4762275984251967
11
5.5635657874015747
21
3.4762275984251967
0
LINE
8
BLACK
6
CONTINUOUS
10
5.5635657874015747
20
3.4762275984251967
11
5.5629897244094488
21
3.4762843307086615
0
LINE
8
BLACK
6
CONTINUOUS
10
5.5629897244094488
20
3.4762843307086615
11
5.5628917322834646
21
3.4763249212598426
0
LINE
8
BLACK
6
CONTINUOUS
10
5.5628917322834646
20
3.4763249212598426
11
5.5627858661417324
21
3.4763324409448817
0
LINE
8
BLACK
6
CONTINUOUS
10
5.5627858661417324
20
3.4763324409448817
11
5.5622452755905512
21
3.4765393307086612
0
LINE
8
BLACK
6
CONTINUOUS
10
5.5622452755905512
20
3.4765393307086612
11
5.558495748031496
21
3.4784140944881887
0
LINE
8
BLACK
6
CONTINUOUS
10
5.558495748031496
20
3.4784140944881887
11
5.5582477165354334
21
3.4785701968503937
0
LINE
8
BLACK
6
CONTINUOUS
10
5.5582477165354334
20
3.4785701968503937
11
5.5581757874015745
21
3.4786000000000001
0
LINE
8
BLACK
6
CONTINUOUS
10
5.5581757874015745
20
3.4786000000000001
11
5.558094803149606
21
3.4786664566929133
0
LINE
8
BLACK
6
CONTINUOUS
10
5.558094803149606
20
3.4786664566929133
11
5.5580058661417322
21
3.4787224409448818
0
LINE
8
BLACK
6
CONTINUOUS
10
5.5580058661417322
20
3.4787224409448818
11
5.557954645669291
21
3.4787814960629921
0
LINE
8
BLACK
6
CONTINUOUS
10
5.557954645669291
20
3.4787814960629921
11
5.5577283070866139
21
3.4789672440944881
0
LINE
8
BLACK
6
CONTINUOUS
10
5.5577283070866139
20
3.4789672440944881
11
5.5558535433070864
21
3.4808420472440944
0
LINE
8
BLACK
6
CONTINUOUS
10
5.5558535433070864
20
3.4808420472440944
11
5.5556677952755908
21
3.4810683858267715
0
LINE
8
BLACK
6
CONTINUOUS
10
5.5556677952755908
20
3.4810683858267715
11
5.555608818897638
21
3.4811195275590552
0
LINE
8
BLACK
6
CONTINUOUS
10
5.555608818897638
20
3.4811195275590552
11
5.5555528346456695
21
3.481208464566929
0
LINE
8
BLACK
6
CONTINUOUS
10
5.5555528346456695
20
3.481208464566929
11
5.5554863385826767
21
3.4812894881889762
0
LINE
8
BLACK
6
CONTINUOUS
10
5.5554863385826767
20
3.4812894881889762
11
5.555456496062992
21
3.4813615354330709
0
LINE
8
BLACK
6
CONTINUOUS
10
5.555456496062992
20
3.4813615354330709
11
5.5553004724409449
21
3.481609409448819
0
LINE
8
BLACK
6
CONTINUOUS
10
5.5553004724409449
20
3.481609409448819
11
5.5534257086614174
21
3.4853589370078741
0
LINE
8
BLACK
6
CONTINUOUS
10
5.5534257086614174
20
3.4853589370078741
11
5.5534095669291341
21
3.4854010629921257
0
LINE
8
BLACK
6
CONTINUOUS
10
5.5534095669291341
20
3.4854010629921257
11
5.5533968897637793
21
3.4854181889763778
0
LINE
8
BLACK
6
CONTINUOUS
10
5.5533968897637793
20
3.4854181889763778
11
5.553310433070866
21
3.4856601574803148
0
LINE
8
BLACK
6
CONTINUOUS
10
5.553310433070866
20
3.4856601574803148
11
5.5532188188976379
21
3.4858995669291337
0
LINE
8
BLACK
6
CONTINUOUS
10
5.5532188188976379
20
3.4858995669291337
11
5.5532172834645666
21
3.4859208267716535
0
LINE
8
BLACK
6
CONTINUOUS
10
5.5532172834645666
20
3.4859208267716535
11
5.5532021259842521
21
3.4859633070866143
0
LINE
8
BLACK
6
CONTINUOUS
10
5.5532021259842521
20
3.4859633070866143
11
5.5513273622047246
21
3.4934623622047245
0
LINE
8
BLACK
6
CONTINUOUS
10
5.5513273622047246
20
3.4934623622047245
11
5.551312559055118
21
3.493562244094488
0
LINE
8
BLACK
6
CONTINUOUS
10
5.551312559055118
20
3.493562244094488
11
5.5512959448818897
21
3.4936024409448816
0
LINE
8
BLACK
6
CONTINUOUS
10
5.5512959448818897
20
3.4936024409448816
11
5.5512745669291341
21
3.4938194881889761
0
LINE
8
BLACK
6
CONTINUOUS
10
5.5512745669291341
20
3.4938194881889761
11
5.551242716535433
21
3.494034960629921
0
LINE
8
BLACK
6
CONTINUOUS
10
5.551242716535433
20
3.494034960629921
11
5.5512490944881892
21
3.4940779921259844
0
LINE
8
BLACK
6
CONTINUOUS
10
5.5512490944881892
20
3.4940779921259844
11
5.5512392125984249
21
3.4941785039370079
0
LINE
8
BLACK
6
CONTINUOUS
10
5.5512392125984249
20
3.4941785039370079
11
5.5512392125984249
21
3.5035523228346457
0
LINE
8
BLACK
6
CONTINUOUS
10
5.5512392125984249
20
3.5035523228346457
11
5.5512490944881892
21
3.503652874015748
0
LINE
8
BLACK
6
CONTINUOUS
10
5.5512490944881892
20
3.503652874015748
11
5.551242716535433
21
3.5036958661417321
0
LINE
8
BLACK
6
CONTINUOUS
10
5.551242716535433
20
3.5036958661417321
11
5.5512745669291341
21
3.5039113779527558
0
LINE
8
BLACK
6
CONTINUOUS
10
5.5512745669291341
20
3.5039113779527558
11
5.5512959448818897
21
3.5041283858267716
0
LINE
8
BLACK
6
CONTINUOUS
10
5.5512959448818897
20
3.5041283858267716
11
5.551312559055118
21
3.5041686220472439
0
LINE
8
BLACK
6
CONTINUOUS
10
5.551312559055118
20
3.5041686220472439
11
5.5513273622047246
21
3.5042684645669291
0
LINE
8
BLACK
6
CONTINUOUS
10
5.5513273622047246
20
3.5042684645669291
11
5.5532021259842521
21
3.5117675196850393
0
LINE
8
BLACK
6
CONTINUOUS
10
5.5532021259842521
20
3.5117675196850393
11
5.5532172834645666
21
3.5118100393700789
0
LINE
8
BLACK
6
CONTINUOUS
10
5.5532172834645666
20
3.5118100393700789
11
5.5532188188976379
21
3.5118312598425194
0
LINE
8
BLACK
6
CONTINUOUS
10
5.5532188188976379
20
3.5118312598425194
11
5.553310433070866
21
3.5120707086614171
0
LINE
8
BLACK
6
CONTINUOUS
10
5.553310433070866
20
3.5120707086614171
11
5.5533968897637793
21
3.5123126377952754
0
LINE
8
BLACK
6
CONTINUOUS
10
5.5533968897637793
20
3.5123126377952754
11
5.5534095669291341
21
3.5123298031496062
0
LINE
8
BLACK
6
CONTINUOUS
10
5.5534095669291341
20
3.5123298031496062
11
5.5534257086614174
21
3.5123718897637795
0
LINE
8
BLACK
6
CONTINUOUS
10
5.5534257086614174
20
3.5123718897637795
11
5.5553004724409449
21
3.5161214173228346
0
LINE
8
BLACK
6
CONTINUOUS
10
5.5553004724409449
20
3.5161214173228346
11
5.5554565354330707
21
3.5163694488188977
0
LINE
8
BLACK
6
CONTINUOUS
10
5.5554565354330707
20
3.5163694488188977
11
5.5554863779527555
21
3.5164413779527557
0
LINE
8
BLACK
6
CONTINUOUS
10
5.5554863779527555
20
3.5164413779527557
11
5.5555528346456695
21
3.5165223622047241
0
LINE
8
BLACK
6
CONTINUOUS
10
5.5555528346456695
20
3.5165223622047241
11
5.555608818897638
21
3.5166112992125984
0
LINE
8
BLACK
6
CONTINUOUS
10
5.555608818897638
20
3.5166112992125984
11
5.5556677952755908
21
3.5166624803149604
0
LINE
8
BLACK
6
CONTINUOUS
10
5.5556677952755908
20
3.5166624803149604
11
5.5558535826771651
21
3.5168888188976379
0
LINE
8
BLACK
6
CONTINUOUS
10
5.5558535826771651
20
3.5168888188976379
11
5.5577283464566927
21
3.5187635826771655
0
LINE
8
BLACK
6
CONTINUOUS
10
5.5577283464566927
20
3.5187635826771655
11
5.5579546850393697
21
3.5189493700787402
0
LINE
8
BLACK
6
CONTINUOUS
10
5.5579546850393697
20
3.5189493700787402
11
5.5580058661417322
21
3.519008346456693
0
LINE
8
BLACK
6
CONTINUOUS
10
5.5580058661417322
20
3.519008346456693
11
5.558094803149606
21
3.5190643307086615
0
LINE
8
BLACK
6
CONTINUOUS
10
5.558094803149606
20
3.5190643307086615
11
5.5581757874015745
21
3.5191307874015747
0
LINE
8
BLACK
6
CONTINUOUS
10
5.5581757874015745
20
3.5191307874015747
11
5.5582477165354334
21
3.5191606299212599
0
LINE
8
BLACK
6
CONTINUOUS
10
5.5582477165354334
20
3.5191606299212599
11
5.558495748031496
21
3.5193166929133857
0
LINE
8
BLACK
6
CONTINUOUS
10
5.558495748031496
20
3.5193166929133857
11
5.5622452755905512
21
3.5211914566929132
0
LINE
8
BLACK
6
CONTINUOUS
10
5.5622452755905512
20
3.5211914566929132
11
5.5627858661417324
21
3.5213983464566927
0
LINE
8
BLACK
6
CONTINUOUS
10
5.5627858661417324
20
3.5213983464566927
11
5.5628917322834646
21
3.521405905511811
0
LINE
8
BLACK
6
CONTINUOUS
10
5.5628917322834646
20
3.521405905511811
11
5.5629897244094488
21
3.5214464566929133
0
LINE
8
BLACK
6
CONTINUOUS
10
5.5629897244094488
20
3.5214464566929133
11
5.5635657874015747
21
3.5215031889763777
0
LINE
8
BLACK
6
CONTINUOUS
10
5.5635657874015747
20
3.5215031889763777
11
5.5673153149606298
21
3.5215031889763777
0
LINE
8
BLACK
6
CONTINUOUS
10
5.5673153149606298
20
3.5215031889763777
11
5.5678913779527557
21
3.5214464566929133
0
LINE
8
BLACK
6
CONTINUOUS
10
5.5615653543307086
20
3.5142489370078738
11
5.5603682283464568
21
3.513051811023622
0
LINE
8
BLACK
6
CONTINUOUS
10
5.5603682283464568
20
3.513051811023622
11
5.5588527165354327
21
3.5100208267716533
0
LINE
8
BLACK
6
CONTINUOUS
10
5.5588527165354327
20
3.5100208267716533
11
5.557144724409449
21
3.5031887795275591
0
LINE
8
BLACK
6
CONTINUOUS
10
5.557144724409449
20
3.5031887795275591
11
5.557144724409449
21
3.4945420472440945
0
LINE
8
BLACK
6
CONTINUOUS
10
5.557144724409449
20
3.4945420472440945
11
5.5588527165354327
21
3.4877099999999999
0
LINE
8
BLACK
6
CONTINUOUS
10
5.5588527165354327
20
3.4877099999999999
11
5.5603682283464568
21
3.4846790157480316
0
LINE
8
BLACK
6
CONTINUOUS
10
5.5603682283464568
20
3.4846790157480316
11
5.5615653543307086
21
3.4834818503937006
0
LINE
8
BLACK
6
CONTINUOUS
10
5.5615653543307086
20
3.4834818503937006
11
5.5642628346456693
21
3.4821331102362203
0
LINE
8
BLACK
6
CONTINUOUS
10
5.5642628346456693
20
3.4821331102362203
11
5.5666182677165352
21
3.4821331102362203
0
LINE
8
BLACK
6
CONTINUOUS
10
5.5666182677165352
20
3.4821331102362203
11
5.5693157086614171
21
3.4834818503937006
0
LINE
8
BLACK
6
CONTINUOUS
10
5.5693157086614171
20
3.4834818503937006
11
5.5705128346456689
21
3.4846790157480316
0
LINE
8
BLACK
6
CONTINUOUS
10
5.5705128346456689
20
3.4846790157480316
11
5.5720283464566931
21
3.4877099999999999
0
LINE
8
BLACK
6
CONTINUOUS
10
5.5720283464566931
20
3.4877099999999999
11
5.5737363779527556
21
3.4945420472440945
0
LINE
8
BLACK
6
CONTINUOUS
10
5.5737363779527556
20
3.4945420472440945
11
5.5737363779527556
21
3.5031887795275591
0
LINE
8
BLACK
6
CONTINUOUS
10
5.5737363779527556
20
3.5031887795275591
11
5.5720283464566931
21
3.5100208267716533
0
LINE
8
BLACK
6
CONTINUOUS
10
5.5720283464566931
20
3.5100208267716533
11
5.5705128740157477
21
3.513051811023622
0
LINE
8
BLACK
6
CONTINUOUS
10
5.5705128740157477
20
3.513051811023622
11
5.5693157480314959
21
3.5142489370078738
0
LINE
8
BLACK
6
CONTINUOUS
10
5.5693157480314959
20
3.5142489370078738
11
5.5666182677165352
21
3.5155976771653541
0
LINE
8
BLACK
6
CONTINUOUS
10
5.5666182677165352
20
3.5155976771653541
11
5.5642628346456693
21
3.5155976771653541
0
LINE
8
BLACK
6
CONTINUOUS
10
5.5642628346456693
20
3.5155976771653541
11
5.5615653543307086
21
3.5142489370078738
0
LINE
8
BLACK
6
CONTINUOUS
10
5.6053866929133855
20
3.5214464566929133
11
5.6054846850393698
21
3.5214058661417322
0
LINE
8
BLACK
6
CONTINUOUS
10
5.6054846850393698
20
3.5214058661417322
11
5.6055905118110232
21
3.5213983464566927
0
LINE
8
BLACK
6
CONTINUOUS
10
5.6055905118110232
20
3.5213983464566927
11
5.6061311417322832
21
3.5211914566929132
0
LINE
8
BLACK
6
CONTINUOUS
10
5.6061311417322832
20
3.5211914566929132
11
5.6098806692913383
21
3.5193166929133857
0
LINE
8
BLACK
6
CONTINUOUS
10
5.6098806692913383
20
3.5193166929133857
11
5.6101286614173231
21
3.5191606299212599
0
LINE
8
BLACK
6
CONTINUOUS
10
5.6101286614173231
20
3.5191606299212599
11
5.6102006299212599
21
3.5191307874015747
0
LINE
8
BLACK
6
CONTINUOUS
10
5.6102006299212599
20
3.5191307874015747
11
5.6102815748031496
21
3.5190643307086615
0
LINE
8
BLACK
6
CONTINUOUS
10
5.6102815748031496
20
3.5190643307086615
11
5.6103705511811022
21
3.519008346456693
0
LINE
8
BLACK
6
CONTINUOUS
10
5.6103705511811022
20
3.519008346456693
11
5.6104216929133859
21
3.5189493700787402
0
LINE
8
BLACK
6
CONTINUOUS
10
5.6104216929133859
20
3.5189493700787402
11
5.6106480708661417
21
3.5187635826771655
0
LINE
8
BLACK
6
CONTINUOUS
10
5.6106480708661417
20
3.5187635826771655
11
5.6125228346456693
21
3.5168888188976379
0
LINE
8
BLACK
6
CONTINUOUS
10
5.6125228346456693
20
3.5168888188976379
11
5.6127085826771657
21
3.5166624803149604
0
LINE
8
BLACK
6
CONTINUOUS
10
5.6127085826771657
20
3.5166624803149604
11
5.6127675984251963
21
3.5166112992125984
0
LINE
8
BLACK
6
CONTINUOUS
10
5.6127675984251963
20
3.5166112992125984
11
5.6128235433070861
21
3.5165223622047241
0
LINE
8
BLACK
6
CONTINUOUS
10
5.6128235433070861
20
3.5165223622047241
11
5.6128900393700789
21
3.5164413779527557
0
LINE
8
BLACK
6
CONTINUOUS
10
5.6128900393700789
20
3.5164413779527557
11
5.6129198425196849
21
3.5163694488188977
0
LINE
8
BLACK
6
CONTINUOUS
10
5.6129198425196849
20
3.5163694488188977
11
5.6130759448818894
21
3.5161214173228346
0
LINE
8
BLACK
6
CONTINUOUS
10
5.6130759448818894
20
3.5161214173228346
11
5.614950708661417
21
3.5123718897637795
0
LINE
8
BLACK
6
CONTINUOUS
10
5.614950708661417
20
3.5123718897637795
11
5.6149668110236215
21
3.5123298031496062
0
LINE
8
BLACK
6
CONTINUOUS
10
5.6149668110236215
20
3.5123298031496062
11
5.6149795275590551
21
3.5123126377952754
0
LINE
8
BLACK
6
CONTINUOUS
10
5.6149795275590551
20
3.5123126377952754
11
5.6150658267716533
21
3.5120710629921259
0
LINE
8
BLACK
6
CONTINUOUS
10
5.6150658267716533
20
3.5120710629921259
11
5.6151575984251965
21
3.5118312992125982
0
LINE
8
BLACK
6
CONTINUOUS
10
5.6151575984251965
20
3.5118312992125982
11
5.6151590944881891
21
3.5118100393700789
0
LINE
8
BLACK
6
CONTINUOUS
10
5.6151590944881891
20
3.5118100393700789
11
5.6151742913385823
21
3.5117675196850393
0
LINE
8
BLACK
6
CONTINUOUS
10
5.6151742913385823
20
3.5117675196850393
11
5.6170490551181098
21
3.5042684645669291
0
LINE
8
BLACK
6
CONTINUOUS
10
5.6170490551181098
20
3.5042684645669291
11
5.6170638188976376
21
3.5041686220472439
0
LINE
8
BLACK
6
CONTINUOUS
10
5.6170638188976376
20
3.5041686220472439
11
5.6170804724409447
21
3.5041283858267716
0
LINE
8
BLACK
6
CONTINUOUS
10
5.6170804724409447
20
3.5041283858267716
11
5.6171018110236215
21
3.5039113779527558
0
LINE
8
BLACK
6
CONTINUOUS
10
5.6171018110236215
20
3.5039113779527558
11
5.6171337007874014
21
3.5036958661417321
0
LINE
8
BLACK
6
CONTINUOUS
10
5.6171337007874014
20
3.5036958661417321
11
5.6171272834645665
21
3.503652874015748
0
LINE
8
BLACK
6
CONTINUOUS
10
5.6171272834645665
20
3.503652874015748
11
5.6171372047244095
21
3.5035523228346457
0
LINE
8
BLACK
6
CONTINUOUS
10
5.6171372047244095
20
3.5035523228346457
11
5.6171372047244095
21
3.4941785039370079
0
LINE
8
BLACK
6
CONTINUOUS
10
5.6171372047244095
20
3.4941785039370079
11
5.6171272834645665
21
3.4940779921259844
0
LINE
8
BLACK
6
CONTINUOUS
10
5.6171272834645665
20
3.4940779921259844
11
5.6171337007874014
21
3.494034960629921
0
LINE
8
BLACK
6
CONTINUOUS
10
5.6171337007874014
20
3.494034960629921
11
5.6171018110236215
21
3.4938194881889761
0
LINE
8
BLACK
6
CONTINUOUS
10
5.6171018110236215
20
3.4938194881889761
11
5.6170804724409447
21
3.4936024409448816
0
LINE
8
BLACK
6
CONTINUOUS
10
5.6170804724409447
20
3.4936024409448816
11
5.6170638188976376
21
3.493562244094488
0
LINE
8
BLACK
6
CONTINUOUS
10
5.6170638188976376
20
3.493562244094488
11
5.6170490551181098
21
3.4934623622047245
0
LINE
8
BLACK
6
CONTINUOUS
10
5.6170490551181098
20
3.4934623622047245
11
5.6151742913385823
21
3.4859633070866143
0
LINE
8
BLACK
6
CONTINUOUS
10
5.6151742913385823
20
3.4859633070866143
11
5.6151590944881891
21
3.4859208267716535
0
LINE
8
BLACK
6
CONTINUOUS
10
5.6151590944881891
20
3.4859208267716535
11
5.6151575984251965
21
3.485899527559055
0
LINE
8
BLACK
6
CONTINUOUS
10
5.6151575984251965
20
3.485899527559055
11
5.6150658267716533
21
3.4856598031496064
0
LINE
8
BLACK
6
CONTINUOUS
10
5.6150658267716533
20
3.4856598031496064
11
5.6149795275590551
21
3.4854181889763778
0
LINE
8
BLACK
6
CONTINUOUS
10
5.6149795275590551
20
3.4854181889763778
11
5.6149668110236215
21
3.4854010629921257
0
LINE
8
BLACK
6
CONTINUOUS
10
5.6149668110236215
20
3.4854010629921257
11
5.614950708661417
21
3.4853589370078741
0
LINE
8
BLACK
6
CONTINUOUS
10
5.614950708661417
20
3.4853589370078741
11
5.6130759448818894
21
3.481609409448819
0
LINE
8
BLACK
6
CONTINUOUS
10
5.6130759448818894
20
3.481609409448819
11
5.6129198818897637
21
3.4813615354330709
0
LINE
8
BLACK
6
CONTINUOUS
10
5.6129198818897637
20
3.4813615354330709
11
5.6128900787401577
21
3.4812894881889762
0
LINE
8
BLACK
6
CONTINUOUS
10
5.6128900787401577
20
3.4812894881889762
11
5.6128235433070861
21
3.481208464566929
0
LINE
8
BLACK
6
CONTINUOUS
10
5.6128235433070861
20
3.481208464566929
11
5.6127675984251963
21
3.4811195275590552
0
LINE
8
BLACK
6
CONTINUOUS
10
5.6127675984251963
20
3.4811195275590552
11
5.6127085826771657
21
3.4810683858267715
0
LINE
8
BLACK
6
CONTINUOUS
10
5.6127085826771657
20
3.4810683858267715
11
5.6125228346456693
21
3.4808420078740157
0
LINE
8
BLACK
6
CONTINUOUS
10
5.6125228346456693
20
3.4808420078740157
11
5.6106481102362205
21
3.4789672440944881
0
LINE
8
BLACK
6
CONTINUOUS
10
5.6106481102362205
20
3.4789672440944881
11
5.6104217322834646
21
3.4787814960629921
0
LINE
8
BLACK
6
CONTINUOUS
10
5.6104217322834646
20
3.4787814960629921
11
5.6103705511811022
21
3.4787224409448818
0
LINE
8
BLACK
6
CONTINUOUS
10
5.6103705511811022
20
3.4787224409448818
11
5.6102815748031496
21
3.4786664566929133
0
LINE
8
BLACK
6
CONTINUOUS
10
5.6102815748031496
20
3.4786664566929133
11
5.6102006299212599
21
3.4786000000000001
0
LINE
8
BLACK
6
CONTINUOUS
10
5.6102006299212599
20
3.4786000000000001
11
5.6101286614173231
21
3.4785701968503937
0
LINE
8
BLACK
6
CONTINUOUS
10
5.6101286614173231
20
3.4785701968503937
11
5.6098806692913383
21
3.4784140944881887
0
LINE
8
BLACK
6
CONTINUOUS
10
5.6098806692913383
20
3.4784140944881887
11
5.6061311417322832
21
3.4765393307086612
0
LINE
8
BLACK
6
CONTINUOUS
10
5.6061311417322832
20
3.4765393307086612
11
5.6055905118110232
21
3.4763324409448817
0
LINE
8
BLACK
6
CONTINUOUS
10
5.6055905118110232
20
3.4763324409448817
11
5.6054846850393698
21
3.4763249606299214
0
LINE
8
BLACK
6
CONTINUOUS
10
5.6054846850393698
20
3.4763249606299214
11
5.6053866929133855
21
3.4762843307086615
0
LINE
8
BLACK
6
CONTINUOUS
10
5.6053866929133855
20
3.4762843307086615
11
5.6048106299212597
21
3.4762275984251967
0
LINE
8
BLACK
6
CONTINUOUS
10
5.6048106299212597
20
3.4762275984251967
11
5.6010611023622046
21
3.4762275984251967
0
LINE
8
BLACK
6
CONTINUOUS
10
5.6010611023622046
20
3.4762275984251967
11
5.6004850393700787
21
3.4762843307086615
0
LINE
8
BLACK
6
CONTINUOUS
10
5.6004850393700787
20
3.4762843307086615
11
5.6003870472440944
21
3.4763249212598426
0
LINE
8
BLACK
6
CONTINUOUS
10
5.6003870472440944
20
3.4763249212598426
11
5.6002811811023623
21
3.4763324409448817
0
LINE
8
BLACK
6
CONTINUOUS
10
5.6002811811023623
20
3.4763324409448817
11
5.599740590551181
21
3.4765393307086612
0
LINE
8
BLACK
6
CONTINUOUS
10
5.599740590551181
20
3.4765393307086612
11
5.5959910629921259
21
3.4784140944881887
0
LINE
8
BLACK
6
CONTINUOUS
10
5.5959910629921259
20
3.4784140944881887
11
5.5957430314960632
21
3.4785701968503937
0
LINE
8
BLACK
6
CONTINUOUS
10
5.5957430314960632
20
3.4785701968503937
11
5.5956711023622043
21
3.4786000000000001
0
LINE
8
BLACK
6
CONTINUOUS
10
5.5956711023622043
20
3.4786000000000001
11
5.5955901181102359
21
3.4786664566929133
0
LINE
8
BLACK
6
CONTINUOUS
10
5.5955901181102359
20
3.4786664566929133
11
5.5955011811023621
21
3.4787224409448818
0
LINE
8
BLACK
6
CONTINUOUS
10
5.5955011811023621
20
3.4787224409448818
11
5.5954499606299208
21
3.4787814960629921
0
LINE
8
BLACK
6
CONTINUOUS
10
5.5954499606299208
20
3.4787814960629921
11
5.5952236220472438
21
3.4789672440944881
0
LINE
8
BLACK
6
CONTINUOUS
10
5.5952236220472438
20
3.4789672440944881
11
5.5933488582677162
21
3.4808420472440944
0
LINE
8
BLACK
6
CONTINUOUS
10
5.5933488582677162
20
3.4808420472440944
11
5.5931631102362207
21
3.4810683858267715
0
LINE
8
BLACK
6
CONTINUOUS
10
5.5931631102362207
20
3.4810683858267715
11
5.5931041338582679
21
3.4811195275590552
0
LINE
8
BLACK
6
CONTINUOUS
10
5.5931041338582679
20
3.4811195275590552
11
5.5930481496062994
21
3.481208464566929
0
LINE
8
BLACK
6
CONTINUOUS
10
5.5930481496062994
20
3.481208464566929
11
5.5929816535433066
21
3.4812894881889762
0
LINE
8
BLACK
6
CONTINUOUS
10
5.5929816535433066
20
3.4812894881889762
11
5.5929518110236218
21
3.4813615354330709
0
LINE
8
BLACK
6
CONTINUOUS
10
5.5929518110236218
20
3.4813615354330709
11
5.5927957874015748
21
3.481609409448819
0
LINE
8
BLACK
6
CONTINUOUS
10
5.5927957874015748
20
3.481609409448819
11
5.5909210236220472
21
3.4853589370078741
0
LINE
8
BLACK
6
CONTINUOUS
10
5.5909210236220472
20
3.4853589370078741
11
5.590904881889764
21
3.4854010629921257
0
LINE
8
BLACK
6
CONTINUOUS
10
5.590904881889764
20
3.4854010629921257
11
5.5908922047244092
21
3.4854181889763778
0
LINE
8
BLACK
6
CONTINUOUS
10
5.5908922047244092
20
3.4854181889763778
11
5.5908057480314959
21
3.4856601574803148
0
LINE
8
BLACK
6
CONTINUOUS
10
5.5908057480314959
20
3.4856601574803148
11
5.5907141338582678
21
3.4858995669291337
0
LINE
8
BLACK
6
CONTINUOUS
10
5.5907141338582678
20
3.4858995669291337
11
5.5907125984251964
21
3.4859208267716535
0
LINE
8
BLACK
6
CONTINUOUS
10
5.5907125984251964
20
3.4859208267716535
11
5.590697440944882
21
3.4859633070866143
0
LINE
8
BLACK
6
CONTINUOUS
10
5.590697440944882
20
3.4859633070866143
11
5.5888226771653544
21
3.4934623622047245
0
LINE
8
BLACK
6
CONTINUOUS
10
5.5888226771653544
20
3.4934623622047245
11
5.5888078740157479
21
3.493562244094488
0
LINE
8
BLACK
6
CONTINUOUS
10
5.5888078740157479
20
3.493562244094488
11
5.5887912598425196
21
3.4936024409448816
0
LINE
8
BLACK
6
CONTINUOUS
10
5.5887912598425196
20
3.4936024409448816
11
5.588769881889764
21
3.4938194881889761
0
LINE
8
BLACK
6
CONTINUOUS
10
5.588769881889764
20
3.4938194881889761
11
5.5887380314960629
21
3.494034960629921
0
LINE
8
BLACK
6
CONTINUOUS
10
5.5887380314960629
20
3.494034960629921
11
5.588744409448819
21
3.4940779921259844
0
LINE
8
BLACK
6
CONTINUOUS
10
5.588744409448819
20
3.4940779921259844
11
5.5887345275590548
21
3.4941785039370079
0
LINE
8
BLACK
6
CONTINUOUS
10
5.5887345275590548
20
3.4941785039370079
11
5.5887345275590548
21
3.5035523228346457
0
LINE
8
BLACK
6
CONTINUOUS
10
5.5887345275590548
20
3.5035523228346457
11
5.588744409448819
21
3.503652874015748
0
LINE
8
BLACK
6
CONTINUOUS
10
5.588744409448819
20
3.503652874015748
11
5.5887380314960629
21
3.5036958661417321
0
LINE
8
BLACK
6
CONTINUOUS
10
5.5887380314960629
20
3.5036958661417321
11
5.588769881889764
21
3.5039113779527558
0
LINE
8
BLACK
6
CONTINUOUS
10
5.588769881889764
20
3.5039113779527558
11
5.5887912598425196
21
3.5041283858267716
0
LINE
8
BLACK
6
CONTINUOUS
10
5.5887912598425196
20
3.5041283858267716
11
5.5888078740157479
21
3.5041686220472439
0
LINE
8
BLACK
6
CONTINUOUS
10
5.5888078740157479
20
3.5041686220472439
11
5.5888226771653544
21
3.5042684645669291
0
LINE
8
BLACK
6
CONTINUOUS
10
5.5888226771653544
20
3.5042684645669291
11
5.590697440944882
21
3.5117675196850393
0
LINE
8
BLACK
6
CONTINUOUS
10
5.590697440944882
20
3.5117675196850393
11
5.5907125984251964
21
3.5118100393700789
0
LINE
8
BLACK
6
CONTINUOUS
10
5.5907125984251964
20
3.5118100393700789
11
5.5907141338582678
21
3.5118312598425194
0
LINE
8
BLACK
6
CONTINUOUS
10
5.5907141338582678
20
3.5118312598425194
11
5.5908057480314959
21
3.5120707086614171
0
LINE
8
BLACK
6
CONTINUOUS
10
5.5908057480314959
20
3.5120707086614171
11
5.5908922047244092
21
3.5123126377952754
0
LINE
8
BLACK
6
CONTINUOUS
10
5.5908922047244092
20
3.5123126377952754
11
5.590904881889764
21
3.5123298031496062
0
LINE
8
BLACK
6
CONTINUOUS
10
5.590904881889764
20
3.5123298031496062
11
5.5909210236220472
21
3.5123718897637795
0
LINE
8
BLACK
6
CONTINUOUS
10
5.5909210236220472
20
3.5123718897637795
11
5.5927957874015748
21
3.5161214173228346
0
LINE
8
BLACK
6
CONTINUOUS
10
5.5927957874015748
20
3.5161214173228346
11
5.5929518503937006
21
3.5163694488188977
0
LINE
8
BLACK
6
CONTINUOUS
10
5.5929518503937006
20
3.5163694488188977
11
5.5929816929133853
21
3.5164413779527557
0
LINE
8
BLACK
6
CONTINUOUS
10
5.5929816929133853
20
3.5164413779527557
11
5.5930481496062994
21
3.5165223622047241
0
LINE
8
BLACK
6
CONTINUOUS
10
5.5930481496062994
20
3.5165223622047241
11
5.5931041338582679
21
3.5166112992125984
0
LINE
8
BLACK
6
CONTINUOUS
10
5.5931041338582679
20
3.5166112992125984
11
5.5931631102362207
21
3.5166624803149604
0
LINE
8
BLACK
6
CONTINUOUS
10
5.5931631102362207
20
3.5166624803149604
11
5.593348897637795
21
3.5168888188976379
0
LINE
8
BLACK
6
CONTINUOUS
10
5.593348897637795
20
3.5168888188976379
11
5.5952236614173225
21
3.5187635826771655
0
LINE
8
BLACK
6
CONTINUOUS
10
5.5952236614173225
20
3.5187635826771655
11
5.5954499999999996
21
3.5189493700787402
0
LINE
8
BLACK
6
CONTINUOUS
10
5.5954499999999996
20
3.5189493700787402
11
5.5955011811023621
21
3.519008346456693
0
LINE
8
BLACK
6
CONTINUOUS
10
5.5955011811023621
20
3.519008346456693
11
5.5955901181102359
21
3.5190643307086615
0
LINE
8
BLACK
6
CONTINUOUS
10
5.5955901181102359
20
3.5190643307086615
11
5.5956711023622043
21
3.5191307874015747
0
LINE
8
BLACK
6
CONTINUOUS
10
5.5956711023622043
20
3.5191307874015747
11
5.5957430314960632
21
3.5191606299212599
0
LINE
8
BLACK
6
CONTINUOUS
10
5.5957430314960632
20
3.5191606299212599
11
5.5959910629921259
21
3.5193166929133857
0
LINE
8
BLACK
6
CONTINUOUS
10
5.5959910629921259
20
3.5193166929133857
11
5.599740590551181
21
3.5211914566929132
0
LINE
8
BLACK
6
CONTINUOUS
10
5.599740590551181
20
3.5211914566929132
11
5.6002811811023623
21
3.5213983464566927
0
LINE
8
BLACK
6
CONTINUOUS
10
5.6002811811023623
20
3.5213983464566927
11
5.6003870472440944
21
3.521405905511811
0
LINE
8
BLACK
6
CONTINUOUS
10
5.6003870472440944
20
3.521405905511811
11
5.6004850393700787
21
3.5214464566929133
0
LINE
8
BLACK
6
CONTINUOUS
10
5.6004850393700787
20
3.5214464566929133
11
5.6010611023622046
21
3.5215031889763777
0
LINE
8
BLACK
6
CONTINUOUS
10
5.6010611023622046
20
3.5215031889763777
11
5.6048106299212597
21
3.5215031889763777
0
LINE
8
BLACK
6
CONTINUOUS
10
5.6048106299212597
20
3.5215031889763777
11
5.6053866929133855
21
3.5214464566929133
0
LINE
8
BLACK
6
CONTINUOUS
10
5.5990606692913385
20
3.5142489370078738
11
5.5978635433070867
21
3.513051811023622
0
LINE
8
BLACK
6
CONTINUOUS
10
5.5978635433070867
20
3.513051811023622
11
5.5963480314960625
21
3.5100208267716533
0
LINE
8
BLACK
6
CONTINUOUS
10
5.5963480314960625
20
3.5100208267716533
11
5.5946400393700788
21
3.5031887795275591
0
LINE
8
BLACK
6
CONTINUOUS
10
5.5946400393700788
20
3.5031887795275591
11
5.5946400393700788
21
3.4945420472440945
0
LINE
8
BLACK
6
CONTINUOUS
10
5.5946400393700788
20
3.4945420472440945
11
5.5963480314960625
21
3.4877099999999999
0
LINE
8
BLACK
6
CONTINUOUS
10
5.5963480314960625
20
3.4877099999999999
11
5.5978635433070867
21
3.4846790157480316
0
LINE
8
BLACK
6
CONTINUOUS
10
5.5978635433070867
20
3.4846790157480316
11
5.5990606692913385
21
3.4834818503937006
0
LINE
8
BLACK
6
CONTINUOUS
10
5.5990606692913385
20
3.4834818503937006
11
5.6017581496062991
21
3.4821331102362203
0
LINE
8
BLACK
6
CONTINUOUS
10
5.6017581496062991
20
3.4821331102362203
11
5.6041135826771651
21
3.4821331102362203
0
LINE
8
BLACK
6
CONTINUOUS
10
5.6041135826771651
20
3.4821331102362203
11
5.606811023622047
21
3.4834818503937006
0
LINE
8
BLACK
6
CONTINUOUS
10
5.606811023622047
20
3.4834818503937006
11
5.6080081496062988
21
3.4846790157480316
0
LINE
8
BLACK
6
CONTINUOUS
10
5.6080081496062988
20
3.4846790157480316
11
5.6095236614173229
21
3.4877099999999999
0
LINE
8
BLACK
6
CONTINUOUS
10
5.6095236614173229
20
3.4877099999999999
11
5.6112316929133854
21
3.4945420472440945
0
LINE
8
BLACK
6
CONTINUOUS
10
5.6112316929133854
20
3.4945420472440945
11
5.6112316929133854
21
3.5031887795275591
0
LINE
8
BLACK
6
CONTINUOUS
10
5.6112316929133854
20
3.5031887795275591
11
5.6095236614173229
21
3.5100208267716533
0
LINE
8
BLACK
6
CONTINUOUS
10
5.6095236614173229
20
3.5100208267716533
11
5.6080081889763775
21
3.513051811023622
0
LINE
8
BLACK
6
CONTINUOUS
10
5.6080081889763775
20
3.513051811023622
11
5.6068110629921257
21
3.5142489370078738
0
LINE
8
BLACK
6
CONTINUOUS
10
5.6068110629921257
20
3.5142489370078738
11
5.6041135826771651
21
3.5155976771653541
0
LINE
8
BLACK
6
CONTINUOUS
10
5.6041135826771651
20
3.5155976771653541
11
5.6017581496062991
21
3.5155976771653541
0
LINE
8
BLACK
6
CONTINUOUS
10
5.6017581496062991
20
3.5155976771653541
11
5.5990606692913385
21
3.5142489370078738
0
LINE
8
BLACK
6
CONTINUOUS
10
5.4632485826771653
20
3.4856834251968505
11
5.4639688976377956
21
3.4853850787401575
0
LINE
8
BLACK
6
CONTINUOUS
10
5.4639688976377956
20
3.4853850787401575
11
5.4639689370078734
21
3.4853850393700787
0
LINE
8
BLACK
6
CONTINUOUS
10
5.4639689370078734
20
3.4853850393700787
11
5.4644164173228349
21
3.4850177952755903
0
LINE
8
BLACK
6
CONTINUOUS
10
5.4644164173228349
20
3.4850177952755903
11
5.4662911417322837
21
3.4831430314960627
0
LINE
8
BLACK
6
CONTINUOUS
10
5.4662911417322837
20
3.4831430314960627
11
5.4666583858267712
21
3.4826955511811022
0
LINE
8
BLACK
6
CONTINUOUS
10
5.4666583858267712
20
3.4826955511811022
11
5.4670974409448814
21
3.4816354724409448
0
LINE
8
BLACK
6
CONTINUOUS
10
5.4670974409448814
20
3.4816354724409448
11
5.467099251968504
21
3.4816311417322834
0
LINE
8
BLACK
6
CONTINUOUS
10
5.467099251968504
20
3.4816311417322834
11
5.467099251968504
21
3.48047905511811
0
LINE
8
BLACK
6
CONTINUOUS
10
5.467099251968504
20
3.48047905511811
11
5.4666583464566925
21
3.4794146456692912
0
LINE
8
BLACK
6
CONTINUOUS
10
5.4666583464566925
20
3.4794146456692912
11
5.4662911417322837
21
3.4789672047244093
0
LINE
8
BLACK
6
CONTINUOUS
10
5.4662911417322837
20
3.4789672047244093
11
5.4644163779527561
21
3.4770924409448818
0
LINE
8
BLACK
6
CONTINUOUS
10
5.4644163779527561
20
3.4770924409448818
11
5.4639689370078734
21
3.4767252362204726
0
LINE
8
BLACK
6
CONTINUOUS
10
5.4639689370078734
20
3.4767252362204726
11
5.4629045275590551
21
3.4762843307086615
0
LINE
8
BLACK
6
CONTINUOUS
10
5.4629045275590551
20
3.4762843307086615
11
5.4629044881889763
21
3.4762843307086615
0
LINE
8
BLACK
6
CONTINUOUS
10
5.4629044881889763
20
3.4762843307086615
11
5.4617524409448821
21
3.4762843307086615
0
LINE
8
BLACK
6
CONTINUOUS
10
5.4617524409448821
20
3.4762843307086615
11
5.4617524015748034
21
3.4762843307086615
0
LINE
8
BLACK
6
CONTINUOUS
10
5.4617524015748034
20
3.4762843307086615
11
5.4606879921259841
21
3.4767252362204726
0
LINE
8
BLACK
6
CONTINUOUS
10
5.4606879921259841
20
3.4767252362204726
11
5.4602405511811023
21
3.4770924409448818
0
LINE
8
BLACK
6
CONTINUOUS
10
5.4602405511811023
20
3.4770924409448818
11
5.4583657874015747
21
3.4789672047244093
0
LINE
8
BLACK
6
CONTINUOUS
10
5.4583657874015747
20
3.4789672047244093
11
5.4579985826771651
21
3.4794146456692912
0
LINE
8
BLACK
6
CONTINUOUS
10
5.4579985826771651
20
3.4794146456692912
11
5.4577559842519685
21
3.4800003543307088
0
LINE
8
BLACK
6
CONTINUOUS
10
5.4577559842519685
20
3.4800003543307088
11
5.4575576771653544
21
3.48047905511811
0
LINE
8
BLACK
6
CONTINUOUS
10
5.4575576771653544
20
3.48047905511811
11
5.4575576771653544
21
3.4816311417322834
0
LINE
8
BLACK
6
CONTINUOUS
10
5.4575576771653544
20
3.4816311417322834
11
5.4579985433070863
21
3.4826955511811022
0
LINE
8
BLACK
6
CONTINUOUS
10
5.4579985433070863
20
3.4826955511811022
11
5.458365748031496
21
3.483142992125984
0
LINE
8
BLACK
6
CONTINUOUS
10
5.458365748031496
20
3.483142992125984
11
5.4602405118110235
21
3.4850177952755903
0
LINE
8
BLACK
6
CONTINUOUS
10
5.4602405118110235
20
3.4850177952755903
11
5.4606879921259841
21
3.4853850393700787
0
LINE
8
BLACK
6
CONTINUOUS
10
5.4606879921259841
20
3.4853850393700787
11
5.4606880314960629
21
3.4853850787401575
0
LINE
8
BLACK
6
CONTINUOUS
10
5.4606880314960629
20
3.4853850787401575
11
5.4614083464566932
21
3.4856834251968505
0
LINE
8
BLACK
6
CONTINUOUS
10
5.4614083464566932
20
3.4856834251968505
11
5.4617524015748034
21
3.4858259448818898
0
LINE
8
BLACK
6
CONTINUOUS
10
5.4617524015748034
20
3.4858259448818898
11
5.4629044881889763
21
3.4858259448818898
0
LINE
8
BLACK
6
CONTINUOUS
10
5.4629044881889763
20
3.4858259448818898
11
5.4629045275590551
21
3.4858259448818898
0
LINE
8
BLACK
6
CONTINUOUS
10
5.4629045275590551
20
3.4858259448818898
11
5.4632485826771653
21
3.4856834251968505
0
LINE
8
BLACK
6
CONTINUOUS
10
5.672878267716535
20
3.5083231102362205
11
5.6729762598425193
21
3.5082825196850393
0
LINE
8
BLACK
6
CONTINUOUS
10
5.6729762598425193
20
3.5082825196850393
11
5.6730820866141727
21
3.5082749999999998
0
LINE
8
BLACK
6
CONTINUOUS
10
5.6730820866141727
20
3.5082749999999998
11
5.6736227165354327
21
3.5080681102362203
0
LINE
8
BLACK
6
CONTINUOUS
10
5.6736227165354327
20
3.5080681102362203
11
5.6773722440944878
21
3.5061933464566928
0
LINE
8
BLACK
6
CONTINUOUS
10
5.6773722440944878
20
3.5061933464566928
11
5.6774685826771654
21
3.5061327165354328
0
LINE
8
BLACK
6
CONTINUOUS
10
5.6774685826771654
20
3.5061327165354328
11
5.6775140157480317
21
3.5061175590551179
0
LINE
8
BLACK
6
CONTINUOUS
10
5.6775140157480317
20
3.5061175590551179
11
5.6775705511811019
21
3.5060685433070864
0
LINE
8
BLACK
6
CONTINUOUS
10
5.6775705511811019
20
3.5060685433070864
11
5.6778621259842517
21
3.5058850000000001
0
LINE
8
BLACK
6
CONTINUOUS
10
5.6778621259842517
20
3.5058850000000001
11
5.6779264960629918
21
3.5058107874015749
0
LINE
8
BLACK
6
CONTINUOUS
10
5.6779264960629918
20
3.5058107874015749
11
5.677990866141732
21
3.5058850000000001
0
LINE
8
BLACK
6
CONTINUOUS
10
5.677990866141732
20
3.5058850000000001
11
5.678282401574803
21
3.5060685433070864
0
LINE
8
BLACK
6
CONTINUOUS
10
5.678282401574803
20
3.5060685433070864
11
5.6783389763779528
21
3.5061175590551179
0
LINE
8
BLACK
6
CONTINUOUS
10
5.6783389763779528
20
3.5061175590551179
11
5.6783843700787404
21
3.5061327165354328
0
LINE
8
BLACK
6
CONTINUOUS
10
5.6783843700787404
20
3.5061327165354328
11
5.6784807480314958
21
3.5061933464566928
0
LINE
8
BLACK
6
CONTINUOUS
10
5.6784807480314958
20
3.5061933464566928
11
5.6822302755905509
21
3.5080681102362203
0
LINE
8
BLACK
6
CONTINUOUS
10
5.6822302755905509
20
3.5080681102362203
11
5.6827708661417322
21
3.5082749999999998
0
LINE
8
BLACK
6
CONTINUOUS
10
5.6827708661417322
20
3.5082749999999998
11
5.6828767322834643
21
3.5082825590551181
0
LINE
8
BLACK
6
CONTINUOUS
10
5.6828767322834643
20
3.5082825590551181
11
5.6829747244094486
21
3.5083231102362205
0
LINE
8
BLACK
6
CONTINUOUS
10
5.6829747244094486
20
3.5083231102362205
11
5.6835507874015745
21
3.5083798425196848
0
LINE
8
BLACK
6
CONTINUOUS
10
5.6835507874015745
20
3.5083798425196848
11
5.6891750787401572
21
3.5083798425196848
0
LINE
8
BLACK
6
CONTINUOUS
10
5.6891750787401572
20
3.5083798425196848
11
5.689751141732283
21
3.5083231102362205
0
LINE
8
BLACK
6
CONTINUOUS
10
5.689751141732283
20
3.5083231102362205
11
5.6898491338582673
21
3.5082825196850393
0
LINE
8
BLACK
6
CONTINUOUS
10
5.6898491338582673
20
3.5082825196850393
11
5.6899549606299216
21
3.5082749999999998
0
LINE
8
BLACK
6
CONTINUOUS
10
5.6899549606299216
20
3.5082749999999998
11
5.6904955905511807
21
3.5080681102362203
0
LINE
8
BLACK
6
CONTINUOUS
10
5.6904955905511807
20
3.5080681102362203
11
5.6942451574803146
21
3.5061933464566928
0
LINE
8
BLACK
6
CONTINUOUS
10
5.6942451574803146
20
3.5061933464566928
11
5.6943414566929134
21
3.5061327165354328
0
LINE
8
BLACK
6
CONTINUOUS
10
5.6943414566929134
20
3.5061327165354328
11
5.6943869291338585
21
3.5061175590551179
0
LINE
8
BLACK
6
CONTINUOUS
10
5.6943869291338585
20
3.5061175590551179
11
5.6944435039370074
21
3.5060685039370076
0
LINE
8
BLACK
6
CONTINUOUS
10
5.6944435039370074
20
3.5060685039370076
11
5.6947349999999997
21
3.5058850000000001
0
LINE
8
BLACK
6
CONTINUOUS
10
5.6947349999999997
20
3.5058850000000001
11
5.6949774803149609
21
3.5056053937007872
0
LINE
8
BLACK
6
CONTINUOUS
10
5.6949774803149609
20
3.5056053937007872
11
5.6952573228346459
21
3.5053627165354331
0
LINE
8
BLACK
6
CONTINUOUS
10
5.6952573228346459
20
3.5053627165354331
11
5.6954408267716534
21
3.505071181102362
0
LINE
8
BLACK
6
CONTINUOUS
10
5.6954408267716534
20
3.505071181102362
11
5.6954898818897632
21
3.5050146062992127
0
LINE
8
BLACK
6
CONTINUOUS
10
5.6954898818897632
20
3.5050146062992127
11
5.6955049999999998
21
3.5049692125984251
0
LINE
8
BLACK
6
CONTINUOUS
10
5.6955049999999998
20
3.5049692125984251
11
5.6955656692913381
21
3.5048728346456692
0
LINE
8
BLACK
6
CONTINUOUS
10
5.6955656692913381
20
3.5048728346456692
11
5.6974404330708657
21
3.5011233070866141
0
LINE
8
BLACK
6
CONTINUOUS
10
5.6974404330708657
20
3.5011233070866141
11
5.6976473228346451
21
3.5005827165354328
0
LINE
8
BLACK
6
CONTINUOUS
10
5.6976473228346451
20
3.5005827165354328
11
5.6976548425196851
21
3.5004768503937007
0
LINE
8
BLACK
6
CONTINUOUS
10
5.6976548425196851
20
3.5004768503937007
11
5.6976954330708658
21
3.5003788582677164
0
LINE
8
BLACK
6
CONTINUOUS
10
5.6976954330708658
20
3.5003788582677164
11
5.6977521653543306
21
3.4998027952755906
0
LINE
8
BLACK
6
CONTINUOUS
10
5.6977521653543306
20
3.4998027952755906
11
5.6977521653543306
21
3.4791803543307087
0
LINE
8
BLACK
6
CONTINUOUS
10
5.6977521653543306
20
3.4791803543307087
11
5.6976954330708658
21
3.4786042913385824
0
LINE
8
BLACK
6
CONTINUOUS
10
5.6976954330708658
20
3.4786042913385824
11
5.6972545275590551
21
3.4775398818897636
0
LINE
8
BLACK
6
CONTINUOUS
10
5.6972545275590551
20
3.4775398818897636
11
5.6964398818897637
21
3.4767252362204726
0
LINE
8
BLACK
6
CONTINUOUS
10
5.6964398818897637
20
3.4767252362204726
11
5.6953754724409444
21
3.4762843307086615
0
LINE
8
BLACK
6
CONTINUOUS
10
5.6953754724409444
20
3.4762843307086615
11
5.6942233464566927
21
3.4762843307086615
0
LINE
8
BLACK
6
CONTINUOUS
10
5.6942233464566927
20
3.4762843307086615
11
5.6931589370078735
21
3.4767252362204726
0
LINE
8
BLACK
6
CONTINUOUS
10
5.6931589370078735
20
3.4767252362204726
11
5.6923442913385829
21
3.4775398818897636
0
LINE
8
BLACK
6
CONTINUOUS
10
5.6923442913385829
20
3.4775398818897636
11
5.6919033858267714
21
3.4786042913385824
0
LINE
8
BLACK
6
CONTINUOUS
10
5.6919033858267714
20
3.4786042913385824
11
5.6918466535433065
21
3.4791803543307087
0
LINE
8
BLACK
6
CONTINUOUS
10
5.6918466535433065
20
3.4791803543307087
11
5.6918466535433065
21
3.499105748031496
0
LINE
8
BLACK
6
CONTINUOUS
10
5.6918466535433065
20
3.499105748031496
11
5.6907237795275591
21
3.5013514960629921
0
LINE
8
BLACK
6
CONTINUOUS
10
5.6907237795275591
20
3.5013514960629921
11
5.6884780314960626
21
3.5024743307086612
0
LINE
8
BLACK
6
CONTINUOUS
10
5.6884780314960626
20
3.5024743307086612
11
5.6842478346456691
21
3.5024743307086612
0
LINE
8
BLACK
6
CONTINUOUS
10
5.6842478346456691
20
3.5024743307086612
11
5.6820020866141734
21
3.5013514960629921
0
LINE
8
BLACK
6
CONTINUOUS
10
5.6820020866141734
20
3.5013514960629921
11
5.6808792519685039
21
3.499105748031496
0
LINE
8
BLACK
6
CONTINUOUS
10
5.6808792519685039
20
3.499105748031496
11
5.6808792519685039
21
3.4791803543307087
0
LINE
8
BLACK
6
CONTINUOUS
10
5.6808792519685039
20
3.4791803543307087
11
5.680822519685039
21
3.4786042913385824
0
LINE
8
BLACK
6
CONTINUOUS
10
5.680822519685039
20
3.4786042913385824
11
5.6803816141732284
21
3.4775398818897636
0
LINE
8
BLACK
6
CONTINUOUS
10
5.6803816141732284
20
3.4775398818897636
11
5.6795669685039369
21
3.4767252362204726
0
LINE
8
BLACK
6
CONTINUOUS
10
5.6795669685039369
20
3.4767252362204726
11
5.6785025590551177
21
3.4762843307086615
0
LINE
8
BLACK
6
CONTINUOUS
10
5.6785025590551177
20
3.4762843307086615
11
5.677350433070866
21
3.4762843307086615
0
LINE
8
BLACK
6
CONTINUOUS
10
5.677350433070866
20
3.4762843307086615
11
5.6762860236220467
21
3.4767252362204726
0
LINE
8
BLACK
6
CONTINUOUS
10
5.6762860236220467
20
3.4767252362204726
11
5.6754713779527561
21
3.4775398818897636
0
LINE
8
BLACK
6
CONTINUOUS
10
5.6754713779527561
20
3.4775398818897636
11
5.6750304724409446
21
3.4786042913385824
0
LINE
8
BLACK
6
CONTINUOUS
10
5.6750304724409446
20
3.4786042913385824
11
5.6749737401574798
21
3.4791803543307087
0
LINE
8
BLACK
6
CONTINUOUS
10
5.6749737401574798
20
3.4791803543307087
11
5.6749737401574798
21
3.499105748031496
0
LINE
8
BLACK
6
CONTINUOUS
10
5.6749737401574798
20
3.499105748031496
11
5.6738508661417324
21
3.5013514960629921
0
LINE
8
BLACK
6
CONTINUOUS
10
5.6738508661417324
20
3.5013514960629921
11
5.6716051574803146
21
3.5024743307086612
0
LINE
8
BLACK
6
CONTINUOUS
10
5.6716051574803146
20
3.5024743307086612
11
5.6673749606299211
21
3.5024743307086612
0
LINE
8
BLACK
6
CONTINUOUS
10
5.6673749606299211
20
3.5024743307086612
11
5.6646774803149604
21
3.5011255905511809
0
LINE
8
BLACK
6
CONTINUOUS
10
5.6646774803149604
20
3.5011255905511809
11
5.6640063779527559
21
3.5004544881889763
0
LINE
8
BLACK
6
CONTINUOUS
10
5.6640063779527559
20
3.5004544881889763
11
5.6640063779527559
21
3.4791803543307087
0
LINE
8
BLACK
6
CONTINUOUS
10
5.6640063779527559
20
3.4791803543307087
11
5.663949645669291
21
3.4786042913385824
0
LINE
8
BLACK
6
CONTINUOUS
10
5.663949645669291
20
3.4786042913385824
11
5.6635087401574804
21
3.4775398818897636
0
LINE
8
BLACK
6
CONTINUOUS
10
5.6635087401574804
20
3.4775398818897636
11
5.6626940944881889
21
3.4767252362204726
0
LINE
8
BLACK
6
CONTINUOUS
10
5.6626940944881889
20
3.4767252362204726
11
5.6616296850393697
21
3.4762843307086615
0
LINE
8
BLACK
6
CONTINUOUS
10
5.6616296850393697
20
3.4762843307086615
11
5.660477559055118
21
3.4762843307086615
0
LINE
8
BLACK
6
CONTINUOUS
10
5.660477559055118
20
3.4762843307086615
11
5.6594131496062987
21
3.4767252362204726
0
LINE
8
BLACK
6
CONTINUOUS
10
5.6594131496062987
20
3.4767252362204726
11
5.6585985039370081
21
3.4775398818897636
0
LINE
8
BLACK
6
CONTINUOUS
10
5.6585985039370081
20
3.4775398818897636
11
5.6581575984251966
21
3.4786042913385824
0
LINE
8
BLACK
6
CONTINUOUS
10
5.6581575984251966
20
3.4786042913385824
11
5.6581008661417318
21
3.4791803543307087
0
LINE
8
BLACK
6
CONTINUOUS
10
5.6581008661417318
20
3.4791803543307087
11
5.6581008661417318
21
3.5054270866141732
0
LINE
8
BLACK
6
CONTINUOUS
10
5.6581008661417318
20
3.5054270866141732
11
5.6581575984251966
21
3.5060031496062991
0
LINE
8
BLACK
6
CONTINUOUS
10
5.6581575984251966
20
3.5060031496062991
11
5.6585985039370081
21
3.5070675590551179
0
LINE
8
BLACK
6
CONTINUOUS
10
5.6585985039370081
20
3.5070675590551179
11
5.6594131496062987
21
3.5078822047244094
0
LINE
8
BLACK
6
CONTINUOUS
10
5.6594131496062987
20
3.5078822047244094
11
5.660477559055118
21
3.5083231102362205
0
LINE
8
BLACK
6
CONTINUOUS
10
5.660477559055118
20
3.5083231102362205
11
5.6616296850393697
21
3.5083231102362205
0
LINE
8
BLACK
6
CONTINUOUS
10
5.6616296850393697
20
3.5083231102362205
11
5.6626940944881889
21
3.5078822047244094
0
LINE
8
BLACK
6
CONTINUOUS
10
5.6626940944881889
20
3.5078822047244094
11
5.6634579133858267
21
3.5071183858267716
0
LINE
8
BLACK
6
CONTINUOUS
10
5.6634579133858267
20
3.5071183858267716
11
5.6653574015748029
21
3.5080681102362203
0
LINE
8
BLACK
6
CONTINUOUS
10
5.6653574015748029
20
3.5080681102362203
11
5.6658979921259842
21
3.5082749999999998
0
LINE
8
BLACK
6
CONTINUOUS
10
5.6658979921259842
20
3.5082749999999998
11
5.6660038582677164
21
3.5082825590551181
0
LINE
8
BLACK
6
CONTINUOUS
10
5.6660038582677164
20
3.5082825590551181
11
5.6661018503937006
21
3.5083231102362205
0
LINE
8
BLACK
6
CONTINUOUS
10
5.6661018503937006
20
3.5083231102362205
11
5.6666779133858265
21
3.5083798425196848
0
LINE
8
BLACK
6
CONTINUOUS
10
5.6666779133858265
20
3.5083798425196848
11
5.6723022047244092
21
3.5083798425196848
0
LINE
8
BLACK
6
CONTINUOUS
10
5.6723022047244092
20
3.5083798425196848
11
5.672878267716535
21
3.5083231102362205
0
LINE
8
BLACK
6
CONTINUOUS
10
5.7253716929133853
20
3.5083231102362205
11
5.7254696850393696
21
3.5082825196850393
0
LINE
8
BLACK
6
CONTINUOUS
10
5.7254696850393696
20
3.5082825196850393
11
5.7255755118110239
21
3.5082749999999998
0
LINE
8
BLACK
6
CONTINUOUS
10
5.7255755118110239
20
3.5082749999999998
11
5.726116141732283
21
3.5080681102362203
0
LINE
8
BLACK
6
CONTINUOUS
10
5.726116141732283
20
3.5080681102362203
11
5.7298656692913381
21
3.5061933464566928
0
LINE
8
BLACK
6
CONTINUOUS
10
5.7298656692913381
20
3.5061933464566928
11
5.7299620078740157
21
3.5061327165354328
0
LINE
8
BLACK
6
CONTINUOUS
10
5.7299620078740157
20
3.5061327165354328
11
5.730007440944882
21
3.5061175590551179
0
LINE
8
BLACK
6
CONTINUOUS
10
5.730007440944882
20
3.5061175590551179
11
5.7300639763779531
21
3.5060685433070864
0
LINE
8
BLACK
6
CONTINUOUS
10
5.7300639763779531
20
3.5060685433070864
11
5.730355551181102
21
3.5058850000000001
0
LINE
8
BLACK
6
CONTINUOUS
10
5.730355551181102
20
3.5058850000000001
11
5.7304199212598421
21
3.5058107874015749
0
LINE
8
BLACK
6
CONTINUOUS
10
5.7304199212598421
20
3.5058107874015749
11
5.7304842913385823
21
3.5058850000000001
0
LINE
8
BLACK
6
CONTINUOUS
10
5.7304842913385823
20
3.5058850000000001
11
5.7307758267716533
21
3.5060685433070864
0
LINE
8
BLACK
6
CONTINUOUS
10
5.7307758267716533
20
3.5060685433070864
11
5.7308324015748031
21
3.5061175590551179
0
LINE
8
BLACK
6
CONTINUOUS
10
5.7308324015748031
20
3.5061175590551179
11
5.7308777952755907
21
3.5061327165354328
0
LINE
8
BLACK
6
CONTINUOUS
10
5.7308777952755907
20
3.5061327165354328
11
5.7309741732283461
21
3.5061933464566928
0
LINE
8
BLACK
6
CONTINUOUS
10
5.7309741732283461
20
3.5061933464566928
11
5.7347237007874012
21
3.5080681102362203
0
LINE
8
BLACK
6
CONTINUOUS
10
5.7347237007874012
20
3.5080681102362203
11
5.7352642913385825
21
3.5082749999999998
0
LINE
8
BLACK
6
CONTINUOUS
10
5.7352642913385825
20
3.5082749999999998
11
5.7353701574803146
21
3.5082825590551181
0
LINE
8
BLACK
6
CONTINUOUS
10
5.7353701574803146
20
3.5082825590551181
11
5.7354681496062989
21
3.5083231102362205
0
LINE
8
BLACK
6
CONTINUOUS
10
5.7354681496062989
20
3.5083231102362205
11
5.7360442125984248
21
3.5083798425196848
0
LINE
8
BLACK
6
CONTINUOUS
10
5.7360442125984248
20
3.5083798425196848
11
5.7416685039370075
21
3.5083798425196848
0
LINE
8
BLACK
6
CONTINUOUS
10
5.7416685039370075
20
3.5083798425196848
11
5.7422445669291333
21
3.5083231102362205
0
LINE
8
BLACK
6
CONTINUOUS
10
5.7422445669291333
20
3.5083231102362205
11
5.7423425590551176
21
3.5082825196850393
0
LINE
8
BLACK
6
CONTINUOUS
10
5.7423425590551176
20
3.5082825196850393
11
5.7424483858267719
21
3.5082749999999998
0
LINE
8
BLACK
6
CONTINUOUS
10
5.7424483858267719
20
3.5082749999999998
11
5.742989015748031
21
3.5080681102362203
0
LINE
8
BLACK
6
CONTINUOUS
10
5.742989015748031
20
3.5080681102362203
11
5.7467385826771649
21
3.5061933464566928
0
LINE
8
BLACK
6
CONTINUOUS
10
5.7467385826771649
20
3.5061933464566928
11
5.7468348818897637
21
3.5061327165354328
0
LINE
8
BLACK
6
CONTINUOUS
10
5.7468348818897637
20
3.5061327165354328
11
5.7468803543307088
21
3.5061175590551179
0
LINE
8
BLACK
6
CONTINUOUS
10
5.7468803543307088
20
3.5061175590551179
11
5.7469369291338586
21
3.5060685039370076
0
LINE
8
BLACK
6
CONTINUOUS
10
5.7469369291338586
20
3.5060685039370076
11
5.74722842519685
21
3.5058850000000001
0
LINE
8
BLACK
6
CONTINUOUS
10
5.74722842519685
20
3.5058850000000001
11
5.7474709055118112
21
3.5056053937007872
0
LINE
8
BLACK
6
CONTINUOUS
10
5.7474709055118112
20
3.5056053937007872
11
5.7477507480314962
21
3.5053627165354331
0
LINE
8
BLACK
6
CONTINUOUS
10
5.7477507480314962
20
3.5053627165354331
11
5.7479342519685037
21
3.505071181102362
0
LINE
8
BLACK
6
CONTINUOUS
10
5.7479342519685037
20
3.505071181102362
11
5.7479833070866144
21
3.5050146062992127
0
LINE
8
BLACK
6
CONTINUOUS
10
5.7479833070866144
20
3.5050146062992127
11
5.7479984251968501
21
3.5049692125984251
0
LINE
8
BLACK
6
CONTINUOUS
10
5.7479984251968501
20
3.5049692125984251
11
5.7480590944881884
21
3.5048728346456692
0
LINE
8
BLACK
6
CONTINUOUS
10
5.7480590944881884
20
3.5048728346456692
11
5.749933858267716
21
3.5011233070866141
0
LINE
8
BLACK
6
CONTINUOUS
10
5.749933858267716
20
3.5011233070866141
11
5.7501407480314963
21
3.5005827165354328
0
LINE
8
BLACK
6
CONTINUOUS
10
5.7501407480314963
20
3.5005827165354328
11
5.7501482677165354
21
3.5004768503937007
0
LINE
8
BLACK
6
CONTINUOUS
10
5.7501482677165354
20
3.5004768503937007
11
5.7501888582677161
21
3.5003788582677164
0
LINE
8
BLACK
6
CONTINUOUS
10
5.7501888582677161
20
3.5003788582677164
11
5.7502455905511809
21
3.4998027952755906
0
LINE
8
BLACK
6
CONTINUOUS
10
5.7502455905511809
20
3.4998027952755906
11
5.7502455905511809
21
3.4791803543307087
0
LINE
8
BLACK
6
CONTINUOUS
10
5.7502455905511809
20
3.4791803543307087
11
5.7501888582677161
21
3.4786042913385824
0
LINE
8
BLACK
6
CONTINUOUS
10
5.7501888582677161
20
3.4786042913385824
11
5.7497479527559054
21
3.4775398818897636
0
LINE
8
BLACK
6
CONTINUOUS
10
5.7497479527559054
20
3.4775398818897636
11
5.748933307086614
21
3.4767252362204726
0
LINE
8
BLACK
6
CONTINUOUS
10
5.748933307086614
20
3.4767252362204726
11
5.7478688976377947
21
3.4762843307086615
0
LINE
8
BLACK
6
CONTINUOUS
10
5.7478688976377947
20
3.4762843307086615
11
5.746716771653543
21
3.4762843307086615
0
LINE
8
BLACK
6
CONTINUOUS
10
5.746716771653543
20
3.4762843307086615
11
5.7456523622047246
21
3.4767252362204726
0
LINE
8
BLACK
6
CONTINUOUS
10
5.7456523622047246
20
3.4767252362204726
11
5.7448377165354332
21
3.4775398818897636
0
LINE
8
BLACK
6
CONTINUOUS
10
5.7448377165354332
20
3.4775398818897636
11
5.7443968110236217
21
3.4786042913385824
0
LINE
8
BLACK
6
CONTINUOUS
10
5.7443968110236217
20
3.4786042913385824
11
5.7443400787401577
21
3.4791803543307087
0
LINE
8
BLACK
6
CONTINUOUS
10
5.7443400787401577
20
3.4791803543307087
11
5.7443400787401577
21
3.499105748031496
0
LINE
8
BLACK
6
CONTINUOUS
10
5.7443400787401577
20
3.499105748031496
11
5.7432172047244094
21
3.5013514960629921
0
LINE
8
BLACK
6
CONTINUOUS
10
5.7432172047244094
20
3.5013514960629921
11
5.7409714566929129
21
3.5024743307086612
0
LINE
8
BLACK
6
CONTINUOUS
10
5.7409714566929129
20
3.5024743307086612
11
5.7367412598425194
21
3.5024743307086612
0
LINE
8
BLACK
6
CONTINUOUS
10
5.7367412598425194
20
3.5024743307086612
11
5.7344955118110237
21
3.5013514960629921
0
LINE
8
BLACK
6
CONTINUOUS
10
5.7344955118110237
20
3.5013514960629921
11
5.7333726771653541
21
3.499105748031496
0
LINE
8
BLACK
6
CONTINUOUS
10
5.7333726771653541
20
3.499105748031496
11
5.7333726771653541
21
3.4791803543307087
0
LINE
8
BLACK
6
CONTINUOUS
10
5.7333726771653541
20
3.4791803543307087
11
5.7333159448818893
21
3.4786042913385824
0
LINE
8
BLACK
6
CONTINUOUS
10
5.7333159448818893
20
3.4786042913385824
11
5.7328750393700787
21
3.4775398818897636
0
LINE
8
BLACK
6
CONTINUOUS
10
5.7328750393700787
20
3.4775398818897636
11
5.7320603937007872
21
3.4767252362204726
0
LINE
8
BLACK
6
CONTINUOUS
10
5.7320603937007872
20
3.4767252362204726
11
5.730995984251968
21
3.4762843307086615
0
LINE
8
BLACK
6
CONTINUOUS
10
5.730995984251968
20
3.4762843307086615
11
5.7298438582677163
21
3.4762843307086615
0
LINE
8
BLACK
6
CONTINUOUS
10
5.7298438582677163
20
3.4762843307086615
11
5.7287794488188979
21
3.4767252362204726
0
LINE
8
BLACK
6
CONTINUOUS
10
5.7287794488188979
20
3.4767252362204726
11
5.7279648031496064
21
3.4775398818897636
0
LINE
8
BLACK
6
CONTINUOUS
10
5.7279648031496064
20
3.4775398818897636
11
5.7275238976377949
21
3.4786042913385824
0
LINE
8
BLACK
6
CONTINUOUS
10
5.7275238976377949
20
3.4786042913385824
11
5.727467165354331
21
3.4791803543307087
0
LINE
8
BLACK
6
CONTINUOUS
10
5.727467165354331
20
3.4791803543307087
11
5.727467165354331
21
3.499105748031496
0
LINE
8
BLACK
6
CONTINUOUS
10
5.727467165354331
20
3.499105748031496
11
5.7263442913385827
21
3.5013514960629921
0
LINE
8
BLACK
6
CONTINUOUS
10
5.7263442913385827
20
3.5013514960629921
11
5.7240985826771649
21
3.5024743307086612
0
LINE
8
BLACK
6
CONTINUOUS
10
5.7240985826771649
20
3.5024743307086612
11
5.7198683858267714
21
3.5024743307086612
0
LINE
8
BLACK
6
CONTINUOUS
10
5.7198683858267714
20
3.5024743307086612
11
5.7171709055118107
21
3.5011255905511809
0
LINE
8
BLACK
6
CONTINUOUS
10
5.7171709055118107
20
3.5011255905511809
11
5.7164998031496062
21
3.5004544881889763
0
LINE
8
BLACK
6
CONTINUOUS
10
5.7164998031496062
20
3.5004544881889763
11
5.7164998031496062
21
3.4791803543307087
0
LINE
8
BLACK
6
CONTINUOUS
10
5.7164998031496062
20
3.4791803543307087
11
5.7164430708661413
21
3.4786042913385824
0
LINE
8
BLACK
6
CONTINUOUS
10
5.7164430708661413
20
3.4786042913385824
11
5.7160021653543307
21
3.4775398818897636
0
LINE
8
BLACK
6
CONTINUOUS
10
5.7160021653543307
20
3.4775398818897636
11
5.7151875196850392
21
3.4767252362204726
0
LINE
8
BLACK
6
CONTINUOUS
10
5.7151875196850392
20
3.4767252362204726
11
5.71412311023622
21
3.4762843307086615
0
LINE
8
BLACK
6
CONTINUOUS
10
5.71412311023622
20
3.4762843307086615
11
5.7129709842519683
21
3.4762843307086615
0
LINE
8
BLACK
6
CONTINUOUS
10
5.7129709842519683
20
3.4762843307086615
11
5.7119065748031499
21
3.4767252362204726
0
LINE
8
BLACK
6
CONTINUOUS
10
5.7119065748031499
20
3.4767252362204726
11
5.7110919291338584
21
3.4775398818897636
0
LINE
8
BLACK
6
CONTINUOUS
10
5.7110919291338584
20
3.4775398818897636
11
5.7106510236220469
21
3.4786042913385824
0
LINE
8
BLACK
6
CONTINUOUS
10
5.7106510236220469
20
3.4786042913385824
11
5.710594291338583
21
3.4791803543307087
0
LINE
8
BLACK
6
CONTINUOUS
10
5.710594291338583
20
3.4791803543307087
11
5.710594291338583
21
3.5054270866141732
0
LINE
8
BLACK
6
CONTINUOUS
10
5.710594291338583
20
3.5054270866141732
11
5.7106510236220469
21
3.5060031496062991
0
LINE
8
BLACK
6
CONTINUOUS
10
5.7106510236220469
20
3.5060031496062991
11
5.7110919291338584
21
3.5070675590551179
0
LINE
8
BLACK
6
CONTINUOUS
10
5.7110919291338584
20
3.5070675590551179
11
5.7119065748031499
21
3.5078822047244094
0
LINE
8
BLACK
6
CONTINUOUS
10
5.7119065748031499
20
3.5078822047244094
11
5.7129709842519683
21
3.5083231102362205
0
LINE
8
BLACK
6
CONTINUOUS
10
5.7129709842519683
20
3.5083231102362205
11
5.71412311023622
21
3.5083231102362205
0
LINE
8
BLACK
6
CONTINUOUS
10
5.71412311023622
20
3.5083231102362205
11
5.7151875196850392
21
3.5078822047244094
0
LINE
8
BLACK
6
CONTINUOUS
10
5.7151875196850392
20
3.5078822047244094
11
5.715951338582677
21
3.5071183858267716
0
LINE
8
BLACK
6
CONTINUOUS
10
5.715951338582677
20
3.5071183858267716
11
5.7178508267716532
21
3.5080681102362203
0
LINE
8
BLACK
6
CONTINUOUS
10
5.7178508267716532
20
3.5080681102362203
11
5.7183914173228345
21
3.5082749999999998
0
LINE
8
BLACK
6
CONTINUOUS
10
5.7183914173228345
20
3.5082749999999998
11
5.7184972834645666
21
3.5082825590551181
0
LINE
8
BLACK
6
CONTINUOUS
10
5.7184972834645666
20
3.5082825590551181
11
5.7185952755905509
21
3.5083231102362205
0
LINE
8
BLACK
6
CONTINUOUS
10
5.7185952755905509
20
3.5083231102362205
11
5.7191713385826768
21
3.5083798425196848
0
LINE
8
BLACK
6
CONTINUOUS
10
5.7191713385826768
20
3.5083798425196848
11
5.7247956299212595
21
3.5083798425196848
0
LINE
8
BLACK
6
CONTINUOUS
10
5.7247956299212595
20
3.5083798425196848
11
5.7253716929133853
21
3.5083231102362205
0
LINE
8
BLACK
6
CONTINUOUS
10
5.2330582283464562
20
3.729320472440945
11
5.2331562204724404
21
3.7292798818897639
0
LINE
8
BLACK
6
CONTINUOUS
10
5.2331562204724404
20
3.7292798818897639
11
5.2332620472440947
21
3.7292723622047244
0
LINE
8
BLACK
6
CONTINUOUS
10
5.2332620472440947
20
3.7292723622047244
11
5.2338026771653539
21
3.7290654724409449
0
LINE
8
BLACK
6
CONTINUOUS
10
5.2338026771653539
20
3.7290654724409449
11
5.237552204724409
21
3.7271907086614173
0
LINE
8
BLACK
6
CONTINUOUS
10
5.237552204724409
20
3.7271907086614173
11
5.2378001968503938
21
3.7270346456692911
0
LINE
8
BLACK
6
CONTINUOUS
10
5.2378001968503938
20
3.7270346456692911
11
5.2378721653543305
21
3.7270048031496064
0
LINE
8
BLACK
6
CONTINUOUS
10
5.2378721653543305
20
3.7270048031496064
11
5.2379531102362202
21
3.7269383464566928
0
LINE
8
BLACK
6
CONTINUOUS
10
5.2379531102362202
20
3.7269383464566928
11
5.2380420866141728
21
3.7268823622047242
0
LINE
8
BLACK
6
CONTINUOUS
10
5.2380420866141728
20
3.7268823622047242
11
5.2380932283464565
21
3.7268233858267714
0
LINE
8
BLACK
6
CONTINUOUS
10
5.2380932283464565
20
3.7268233858267714
11
5.2383196062992123
21
3.7266375984251967
0
LINE
8
BLACK
6
CONTINUOUS
10
5.2383196062992123
20
3.7266375984251967
11
5.2401943700787399
21
3.7247628346456692
0
LINE
8
BLACK
6
CONTINUOUS
10
5.2401943700787399
20
3.7247628346456692
11
5.2403801181102363
21
3.7245364960629921
0
LINE
8
BLACK
6
CONTINUOUS
10
5.2403801181102363
20
3.7245364960629921
11
5.2404391338582679
21
3.7244853149606296
0
LINE
8
BLACK
6
CONTINUOUS
10
5.2404391338582679
20
3.7244853149606296
11
5.2404950787401576
21
3.7243963779527558
0
LINE
8
BLACK
6
CONTINUOUS
10
5.2404950787401576
20
3.7243963779527558
11
5.2405615748031495
21
3.7243153937007873
0
LINE
8
BLACK
6
CONTINUOUS
10
5.2405615748031495
20
3.7243153937007873
11
5.2405913779527555
21
3.7242434645669289
0
LINE
8
BLACK
6
CONTINUOUS
10
5.2405913779527555
20
3.7242434645669289
11
5.2407474803149601
21
3.7239954330708662
0
LINE
8
BLACK
6
CONTINUOUS
10
5.2407474803149601
20
3.7239954330708662
11
5.2426222440944876
21
3.7202459055118111
0
LINE
8
BLACK
6
CONTINUOUS
10
5.2426222440944876
20
3.7202459055118111
11
5.242829133858268
21
3.7197053149606298
0
LINE
8
BLACK
6
CONTINUOUS
10
5.242829133858268
20
3.7197053149606298
11
5.2428366535433071
21
3.7195994488188977
0
LINE
8
BLACK
6
CONTINUOUS
10
5.2428366535433071
20
3.7195994488188977
11
5.2428772440944877
21
3.7195014566929134
0
LINE
8
BLACK
6
CONTINUOUS
10
5.2428772440944877
20
3.7195014566929134
11
5.2429339763779526
21
3.7189253937007871
0
LINE
8
BLACK
6
CONTINUOUS
10
5.2429339763779526
20
3.7189253937007871
11
5.2429339763779526
21
3.7170506299212596
0
LINE
8
BLACK
6
CONTINUOUS
10
5.2429339763779526
20
3.7170506299212596
11
5.2428772440944877
21
3.7164745669291337
0
LINE
8
BLACK
6
CONTINUOUS
10
5.2428772440944877
20
3.7164745669291337
11
5.2428366535433071
21
3.7163766141732282
0
LINE
8
BLACK
6
CONTINUOUS
10
5.2428366535433071
20
3.7163766141732282
11
5.242829133858268
21
3.7162707086614173
0
LINE
8
BLACK
6
CONTINUOUS
10
5.242829133858268
20
3.7162707086614173
11
5.2426222440944876
21
3.715730118110236
0
LINE
8
BLACK
6
CONTINUOUS
10
5.2426222440944876
20
3.715730118110236
11
5.2407474803149601
21
3.7119805905511809
0
LINE
8
BLACK
6
CONTINUOUS
10
5.2407474803149601
20
3.7119805905511809
11
5.2405913779527555
21
3.711732598425197
0
LINE
8
BLACK
6
CONTINUOUS
10
5.2405913779527555
20
3.711732598425197
11
5.2405615748031495
21
3.7116606299212598
0
LINE
8
BLACK
6
CONTINUOUS
10
5.2405615748031495
20
3.7116606299212598
11
5.2404950787401576
21
3.7115796850393701
0
LINE
8
BLACK
6
CONTINUOUS
10
5.2404950787401576
20
3.7115796850393701
11
5.2404391338582679
21
3.7114907086614171
0
LINE
8
BLACK
6
CONTINUOUS
10
5.2404391338582679
20
3.7114907086614171
11
5.2403801181102363
21
3.7114395669291338
0
LINE
8
BLACK
6
CONTINUOUS
10
5.2403801181102363
20
3.7114395669291338
11
5.2401943700787399
21
3.711213188976378
0
LINE
8
BLACK
6
CONTINUOUS
10
5.2401943700787399
20
3.711213188976378
11
5.2385327559055117
21
3.7095515748031493
0
LINE
8
BLACK
6
CONTINUOUS
10
5.2385327559055117
20
3.7095515748031493
11
5.2401943700787399
21
3.7078899606299212
0
LINE
8
BLACK
6
CONTINUOUS
10
5.2401943700787399
20
3.7078899606299212
11
5.2403801181102363
21
3.7076636220472441
0
LINE
8
BLACK
6
CONTINUOUS
10
5.2403801181102363
20
3.7076636220472441
11
5.2404391338582679
21
3.7076124409448816
0
LINE
8
BLACK
6
CONTINUOUS
10
5.2404391338582679
20
3.7076124409448816
11
5.2404950787401576
21
3.7075235039370078
0
LINE
8
BLACK
6
CONTINUOUS
10
5.2404950787401576
20
3.7075235039370078
11
5.2405615748031495
21
3.7074425196850394
0
LINE
8
BLACK
6
CONTINUOUS
10
5.2405615748031495
20
3.7074425196850394
11
5.2405913779527555
21
3.7073705905511809
0
LINE
8
BLACK
6
CONTINUOUS
10
5.2405913779527555
20
3.7073705905511809
11
5.2407474803149601
21
3.7071225590551182
0
LINE
8
BLACK
6
CONTINUOUS
10
5.2407474803149601
20
3.7071225590551182
11
5.2426222440944876
21
3.7033730314960631
0
LINE
8
BLACK
6
CONTINUOUS
10
5.2426222440944876
20
3.7033730314960631
11
5.242829133858268
21
3.7028324409448818
0
LINE
8
BLACK
6
CONTINUOUS
10
5.242829133858268
20
3.7028324409448818
11
5.2428366535433071
21
3.7027265748031497
0
LINE
8
BLACK
6
CONTINUOUS
10
5.2428366535433071
20
3.7027265748031497
11
5.2428772440944877
21
3.7026285826771654
0
LINE
8
BLACK
6
CONTINUOUS
10
5.2428772440944877
20
3.7026285826771654
11
5.2429339763779526
21
3.7020525196850391
0
LINE
8
BLACK
6
CONTINUOUS
10
5.2429339763779526
20
3.7020525196850391
11
5.2429339763779526
21
3.6945534645669289
0
LINE
8
BLACK
6
CONTINUOUS
10
5.2429339763779526
20
3.6945534645669289
11
5.2428772440944877
21
3.693977401574803
0
LINE
8
BLACK
6
CONTINUOUS
10
5.2428772440944877
20
3.693977401574803
11
5.2428366535433071
21
3.6938794488188975
0
LINE
8
BLACK
6
CONTINUOUS
10
5.2428366535433071
20
3.6938794488188975
11
5.242829133858268
21
3.6937735433070866
0
LINE
8
BLACK
6
CONTINUOUS
10
5.242829133858268
20
3.6937735433070866
11
5.2426222440944876
21
3.6932329527559054
0
LINE
8
BLACK
6
CONTINUOUS
10
5.2426222440944876
20
3.6932329527559054
11
5.2407474803149601
21
3.6894834251968502
0
LINE
8
BLACK
6
CONTINUOUS
10
5.2407474803149601
20
3.6894834251968502
11
5.2405914173228343
21
3.6892355511811021
0
LINE
8
BLACK
6
CONTINUOUS
10
5.2405914173228343
20
3.6892355511811021
11
5.2405616141732283
21
3.6891635039370079
0
LINE
8
BLACK
6
CONTINUOUS
10
5.2405616141732283
20
3.6891635039370079
11
5.2404950787401576
21
3.6890824803149607
0
LINE
8
BLACK
6
CONTINUOUS
10
5.2404950787401576
20
3.6890824803149607
11
5.2404391338582679
21
3.6889935433070864
0
LINE
8
BLACK
6
CONTINUOUS
10
5.2404391338582679
20
3.6889935433070864
11
5.2403801181102363
21
3.6889424015748031
0
LINE
8
BLACK
6
CONTINUOUS
10
5.2403801181102363
20
3.6889424015748031
11
5.2401943700787399
21
3.6887160236220473
0
LINE
8
BLACK
6
CONTINUOUS
10
5.2401943700787399
20
3.6887160236220473
11
5.2383196456692911
21
3.6868412598425198
0
LINE
8
BLACK
6
CONTINUOUS
10
5.2383196456692911
20
3.6868412598425198
11
5.2380932677165353
21
3.6866555118110234
0
LINE
8
BLACK
6
CONTINUOUS
10
5.2380932677165353
20
3.6866555118110234
11
5.2380420866141728
21
3.6865964566929135
0
LINE
8
BLACK
6
CONTINUOUS
10
5.2380420866141728
20
3.6865964566929135
11
5.2379531102362202
21
3.686540472440945
0
LINE
8
BLACK
6
CONTINUOUS
10
5.2379531102362202
20
3.686540472440945
11
5.2378721653543305
21
3.6864740157480314
0
LINE
8
BLACK
6
CONTINUOUS
10
5.2378721653543305
20
3.6864740157480314
11
5.2378001968503938
21
3.6864442125984249
0
LINE
8
BLACK
6
CONTINUOUS
10
5.2378001968503938
20
3.6864442125984249
11
5.237552204724409
21
3.6862881102362204
0
LINE
8
BLACK
6
CONTINUOUS
10
5.237552204724409
20
3.6862881102362204
11
5.2338026771653539
21
3.6844133464566928
0
LINE
8
BLACK
6
CONTINUOUS
10
5.2338026771653539
20
3.6844133464566928
11
5.2332620472440947
21
3.6842064566929134
0
LINE
8
BLACK
6
CONTINUOUS
10
5.2332620472440947
20
3.6842064566929134
11
5.2331562204724404
21
3.6841989763779526
0
LINE
8
BLACK
6
CONTINUOUS
10
5.2331562204724404
20
3.6841989763779526
11
5.2330582283464562
21
3.6841583464566927
0
LINE
8
BLACK
6
CONTINUOUS
10
5.2330582283464562
20
3.6841583464566927
11
5.2324821653543303
21
3.6841016141732283
0
LINE
8
BLACK
6
CONTINUOUS
10
5.2324821653543303
20
3.6841016141732283
11
5.2249831102362201
21
3.6841016141732283
0
LINE
8
BLACK
6
CONTINUOUS
10
5.2249831102362201
20
3.6841016141732283
11
5.2244070472440942
21
3.6841583464566927
0
LINE
8
BLACK
6
CONTINUOUS
10
5.2244070472440942
20
3.6841583464566927
11
5.2243090551181099
21
3.6841989370078738
0
LINE
8
BLACK
6
CONTINUOUS
10
5.2243090551181099
20
3.6841989370078738
11
5.2242031889763778
21
3.6842064566929134
0
LINE
8
BLACK
6
CONTINUOUS
10
5.2242031889763778
20
3.6842064566929134
11
5.2236625984251965
21
3.6844133464566928
0
LINE
8
BLACK
6
CONTINUOUS
10
5.2236625984251965
20
3.6844133464566928
11
5.2199130708661414
21
3.6862881102362204
0
LINE
8
BLACK
6
CONTINUOUS
10
5.2199130708661414
20
3.6862881102362204
11
5.2196650393700788
21
3.6864442125984249
0
LINE
8
BLACK
6
CONTINUOUS
10
5.2196650393700788
20
3.6864442125984249
11
5.2195931102362207
21
3.6864740157480314
0
LINE
8
BLACK
6
CONTINUOUS
10
5.2195931102362207
20
3.6864740157480314
11
5.2195121259842523
21
3.686540472440945
0
LINE
8
BLACK
6
CONTINUOUS
10
5.2195121259842523
20
3.686540472440945
11
5.2194231889763776
21
3.6865964566929135
0
LINE
8
BLACK
6
CONTINUOUS
10
5.2194231889763776
20
3.6865964566929135
11
5.2193719685039373
21
3.6866555118110234
0
LINE
8
BLACK
6
CONTINUOUS
10
5.2193719685039373
20
3.6866555118110234
11
5.2191456299212593
21
3.6868412598425198
0
LINE
8
BLACK
6
CONTINUOUS
10
5.2191456299212593
20
3.6868412598425198
11
5.2172708661417317
21
3.6887160629921261
0
LINE
8
BLACK
6
CONTINUOUS
10
5.2172708661417317
20
3.6887160629921261
11
5.2170851181102362
21
3.6889424015748031
0
LINE
8
BLACK
6
CONTINUOUS
10
5.2170851181102362
20
3.6889424015748031
11
5.2170261417322834
21
3.6889935433070864
0
LINE
8
BLACK
6
CONTINUOUS
10
5.2170261417322834
20
3.6889935433070864
11
5.2169701574803149
21
3.6890824803149607
0
LINE
8
BLACK
6
CONTINUOUS
10
5.2169701574803149
20
3.6890824803149607
11
5.216903661417323
21
3.6891635039370079
0
LINE
8
BLACK
6
CONTINUOUS
10
5.216903661417323
20
3.6891635039370079
11
5.2168738188976373
21
3.6892355511811021
0
LINE
8
BLACK
6
CONTINUOUS
10
5.2168738188976373
20
3.6892355511811021
11
5.2167177952755903
21
3.6894834251968502
0
LINE
8
BLACK
6
CONTINUOUS
10
5.2167177952755903
20
3.6894834251968502
11
5.2148430314960628
21
3.6932329527559054
0
LINE
8
BLACK
6
CONTINUOUS
10
5.2148430314960628
20
3.6932329527559054
11
5.2146361417322833
21
3.6937735826771654
0
LINE
8
BLACK
6
CONTINUOUS
10
5.2146361417322833
20
3.6937735826771654
11
5.2146286220472442
21
3.6938794094488188
0
LINE
8
BLACK
6
CONTINUOUS
10
5.2146286220472442
20
3.6938794094488188
11
5.2145880314960626
21
3.693977401574803
0
LINE
8
BLACK
6
CONTINUOUS
10
5.2145880314960626
20
3.693977401574803
11
5.2145312992125987
21
3.6945534645669289
0
LINE
8
BLACK
6
CONTINUOUS
10
5.2145312992125987
20
3.6945534645669289
11
5.2145312992125987
21
3.7020525196850391
0
LINE
8
BLACK
6
CONTINUOUS
10
5.2145312992125987
20
3.7020525196850391
11
5.2145880314960626
21
3.7026285826771654
0
LINE
8
BLACK
6
CONTINUOUS
10
5.2145880314960626
20
3.7026285826771654
11
5.2146286220472442
21
3.7027266141732285
0
LINE
8
BLACK
6
CONTINUOUS
10
5.2146286220472442
20
3.7027266141732285
11
5.2146361417322833
21
3.7028324015748031
0
LINE
8
BLACK
6
CONTINUOUS
10
5.2146361417322833
20
3.7028324015748031
11
5.2148430314960628
21
3.7033730314960631
0
LINE
8
BLACK
6
CONTINUOUS
10
5.2148430314960628
20
3.7033730314960631
11
5.2167177952755903
21
3.7071225590551182
0
LINE
8
BLACK
6
CONTINUOUS
10
5.2167177952755903
20
3.7071225590551182
11
5.2168738582677161
21
3.7073705905511809
0
LINE
8
BLACK
6
CONTINUOUS
10
5.2168738582677161
20
3.7073705905511809
11
5.2169037007874017
21
3.7074425196850394
0
LINE
8
BLACK
6
CONTINUOUS
10
5.2169037007874017
20
3.7074425196850394
11
5.2169701574803149
21
3.7075235039370078
0
LINE
8
BLACK
6
CONTINUOUS
10
5.2169701574803149
20
3.7075235039370078
11
5.2170261417322834
21
3.7076124409448816
0
LINE
8
BLACK
6
CONTINUOUS
10
5.2170261417322834
20
3.7076124409448816
11
5.2170851181102362
21
3.7076636220472441
0
LINE
8
BLACK
6
CONTINUOUS
10
5.2170851181102362
20
3.7076636220472441
11
5.2172709055118105
21
3.7078899606299212
0
LINE
8
BLACK
6
CONTINUOUS
10
5.2172709055118105
20
3.7078899606299212
11
5.2189325196850396
21
3.7095515748031493
0
LINE
8
BLACK
6
CONTINUOUS
10
5.2189325196850396
20
3.7095515748031493
11
5.2172709055118105
21
3.711213188976378
0
LINE
8
BLACK
6
CONTINUOUS
10
5.2172709055118105
20
3.711213188976378
11
5.2170851181102362
21
3.7114395669291338
0
LINE
8
BLACK
6
CONTINUOUS
10
5.2170851181102362
20
3.7114395669291338
11
5.2170261417322834
21
3.7114907086614171
0
LINE
8
BLACK
6
CONTINUOUS
10
5.2170261417322834
20
3.7114907086614171
11
5.2169701574803149
21
3.7115796850393701
0
LINE
8
BLACK
6
CONTINUOUS
10
5.2169701574803149
20
3.7115796850393701
11
5.2169037007874017
21
3.7116606299212598
0
LINE
8
BLACK
6
CONTINUOUS
10
5.2169037007874017
20
3.7116606299212598
11
5.2168738582677161
21
3.711732598425197
0
LINE
8
BLACK
6
CONTINUOUS
10
5.2168738582677161
20
3.711732598425197
11
5.2167177952755903
21
3.7119805905511809
0
LINE
8
BLACK
6
CONTINUOUS
10
5.2167177952755903
20
3.7119805905511809
11
5.2148430314960628
21
3.715730118110236
0
LINE
8
BLACK
6
CONTINUOUS
10
5.2148430314960628
20
3.715730118110236
11
5.2146361417322833
21
3.716270748031496
0
LINE
8
BLACK
6
CONTINUOUS
10
5.2146361417322833
20
3.716270748031496
11
5.2146286220472442
21
3.7163765748031494
0
LINE
8
BLACK
6
CONTINUOUS
10
5.2146286220472442
20
3.7163765748031494
11
5.2145880314960626
21
3.7164745669291337
0
LINE
8
BLACK
6
CONTINUOUS
10
5.2145880314960626
20
3.7164745669291337
11
5.2145312992125987
21
3.7170506299212596
0
LINE
8
BLACK
6
CONTINUOUS
10
5.2145312992125987
20
3.7170506299212596
11
5.2145312992125987
21
3.7189253937007871
0
LINE
8
BLACK
6
CONTINUOUS
10
5.2145312992125987
20
3.7189253937007871
11
5.2145880314960626
21
3.7195014566929134
0
LINE
8
BLACK
6
CONTINUOUS
10
5.2145880314960626
20
3.7195014566929134
11
5.2146286220472442
21
3.7195994881889765
0
LINE
8
BLACK
6
CONTINUOUS
10
5.2146286220472442
20
3.7195994881889765
11
5.2146361417322833
21
3.7197052755905511
0
LINE
8
BLACK
6
CONTINUOUS
10
5.2146361417322833
20
3.7197052755905511
11
5.2148430314960628
21
3.7202459055118111
0
LINE
8
BLACK
6
CONTINUOUS
10
5.2148430314960628
20
3.7202459055118111
11
5.2167177952755903
21
3.7239954330708662
0
LINE
8
BLACK
6
CONTINUOUS
10
5.2167177952755903
20
3.7239954330708662
11
5.2168738582677161
21
3.7242434645669289
0
LINE
8
BLACK
6
CONTINUOUS
10
5.2168738582677161
20
3.7242434645669289
11
5.2169037007874017
21
3.7243153937007873
0
LINE
8
BLACK
6
CONTINUOUS
10
5.2169037007874017
20
3.7243153937007873
11
5.2169701574803149
21
3.7243963779527558
0
LINE
8
BLACK
6
CONTINUOUS
10
5.2169701574803149
20
3.7243963779527558
11
5.2170261417322834
21
3.7244853149606296
0
LINE
8
BLACK
6
CONTINUOUS
10
5.2170261417322834
20
3.7244853149606296
11
5.2170851181102362
21
3.7245364960629921
0
LINE
8
BLACK
6
CONTINUOUS
10
5.2170851181102362
20
3.7245364960629921
11
5.2172709055118105
21
3.7247628346456692
0
LINE
8
BLACK
6
CONTINUOUS
10
5.2172709055118105
20
3.7247628346456692
11
5.2191456692913381
21
3.7266375984251967
0
LINE
8
BLACK
6
CONTINUOUS
10
5.2191456692913381
20
3.7266375984251967
11
5.219372007874016
21
3.7268233858267714
0
LINE
8
BLACK
6
CONTINUOUS
10
5.219372007874016
20
3.7268233858267714
11
5.2194231889763776
21
3.7268823622047242
0
LINE
8
BLACK
6
CONTINUOUS
10
5.2194231889763776
20
3.7268823622047242
11
5.2195121259842523
21
3.7269383464566928
0
LINE
8
BLACK
6
CONTINUOUS
10
5.2195121259842523
20
3.7269383464566928
11
5.2195931102362207
21
3.7270048031496064
0
LINE
8
BLACK
6
CONTINUOUS
10
5.2195931102362207
20
3.7270048031496064
11
5.2196650393700788
21
3.7270346456692911
0
LINE
8
BLACK
6
CONTINUOUS
10
5.2196650393700788
20
3.7270346456692911
11
5.2199130708661414
21
3.7271907086614173
0
LINE
8
BLACK
6
CONTINUOUS
10
5.2199130708661414
20
3.7271907086614173
11
5.2236625984251965
21
3.7290654724409449
0
LINE
8
BLACK
6
CONTINUOUS
10
5.2236625984251965
20
3.7290654724409449
11
5.2242031889763778
21
3.7292723622047244
0
LINE
8
BLACK
6
CONTINUOUS
10
5.2242031889763778
20
3.7292723622047244
11
5.2243090551181099
21
3.7292799212598426
0
LINE
8
BLACK
6
CONTINUOUS
10
5.2243090551181099
20
3.7292799212598426
11
5.2244070472440942
21
3.729320472440945
0
LINE
8
BLACK
6
CONTINUOUS
10
5.2244070472440942
20
3.729320472440945
11
5.2249831102362201
21
3.7293772047244094
0
LINE
8
BLACK
6
CONTINUOUS
10
5.2249831102362201
20
3.7293772047244094
11
5.2324821653543303
21
3.7293772047244094
0
LINE
8
BLACK
6
CONTINUOUS
10
5.2324821653543303
20
3.7293772047244094
11
5.2330582283464562
21
3.729320472440945
0
LINE
8
BLACK
6
CONTINUOUS
10
5.222982677165354
20
3.7052500787401574
11
5.2217855511811022
21
3.7040529527559056
0
LINE
8
BLACK
6
CONTINUOUS
10
5.2217855511811022
20
3.7040529527559056
11
5.2204368110236219
21
3.701355472440945
0
LINE
8
BLACK
6
CONTINUOUS
10
5.2204368110236219
20
3.701355472440945
11
5.2204368110236219
21
3.6952505118110235
0
LINE
8
BLACK
6
CONTINUOUS
10
5.2204368110236219
20
3.6952505118110235
11
5.2217855511811022
21
3.6925530314960628
0
LINE
8
BLACK
6
CONTINUOUS
10
5.2217855511811022
20
3.6925530314960628
11
5.222982677165354
21
3.6913558661417323
0
LINE
8
BLACK
6
CONTINUOUS
10
5.222982677165354
20
3.6913558661417323
11
5.2256801574803147
21
3.690007125984252
0
LINE
8
BLACK
6
CONTINUOUS
10
5.2256801574803147
20
3.690007125984252
11
5.2317851181102357
21
3.690007125984252
0
LINE
8
BLACK
6
CONTINUOUS
10
5.2317851181102357
20
3.690007125984252
11
5.2344825590551176
21
3.6913558661417323
0
LINE
8
BLACK
6
CONTINUOUS
10
5.2344825590551176
20
3.6913558661417323
11
5.2356796850393703
21
3.6925530314960628
0
LINE
8
BLACK
6
CONTINUOUS
10
5.2356796850393703
20
3.6925530314960628
11
5.2370284645669294
21
3.6952505118110235
0
LINE
8
BLACK
6
CONTINUOUS
10
5.2370284645669294
20
3.6952505118110235
11
5.2370284645669294
21
3.701355472440945
0
LINE
8
BLACK
6
CONTINUOUS
10
5.2370284645669294
20
3.701355472440945
11
5.2356797244094491
21
3.7040529527559056
0
LINE
8
BLACK
6
CONTINUOUS
10
5.2356797244094491
20
3.7040529527559056
11
5.2344825984251964
21
3.7052500787401574
0
LINE
8
BLACK
6
CONTINUOUS
10
5.2344825984251964
20
3.7052500787401574
11
5.2317851181102357
21
3.7065988188976378
0
LINE
8
BLACK
6
CONTINUOUS
10
5.2317851181102357
20
3.7065988188976378
11
5.2256801574803147
21
3.7065988188976378
0
LINE
8
BLACK
6
CONTINUOUS
10
5.2256801574803147
20
3.7065988188976378
11
5.222982677165354
21
3.7052500787401574
0
LINE
8
BLACK
6
CONTINUOUS
10
5.222982677165354
20
3.7221229527559054
11
5.2217855511811022
21
3.7209258267716536
0
LINE
8
BLACK
6
CONTINUOUS
10
5.2217855511811022
20
3.7209258267716536
11
5.2204368110236219
21
3.718228346456693
0
LINE
8
BLACK
6
CONTINUOUS
10
5.2204368110236219
20
3.718228346456693
11
5.2204368110236219
21
3.7177476771653541
0
LINE
8
BLACK
6
CONTINUOUS
10
5.2204368110236219
20
3.7177476771653541
11
5.2217855511811022
21
3.7150501968503935
0
LINE
8
BLACK
6
CONTINUOUS
10
5.2217855511811022
20
3.7150501968503935
11
5.222982677165354
21
3.7138530708661417
0
LINE
8
BLACK
6
CONTINUOUS
10
5.222982677165354
20
3.7138530708661417
11
5.2256801574803147
21
3.7125043307086614
0
LINE
8
BLACK
6
CONTINUOUS
10
5.2256801574803147
20
3.7125043307086614
11
5.2317851181102357
21
3.7125043307086614
0
LINE
8
BLACK
6
CONTINUOUS
10
5.2317851181102357
20
3.7125043307086614
11
5.2344825984251964
21
3.7138530708661417
0
LINE
8
BLACK
6
CONTINUOUS
10
5.2344825984251964
20
3.7138530708661417
11
5.2356797244094491
21
3.7150501968503935
0
LINE
8
BLACK
6
CONTINUOUS
10
5.2356797244094491
20
3.7150501968503935
11
5.2370284645669294
21
3.7177476771653541
0
LINE
8
BLACK
6
CONTINUOUS
10
5.2370284645669294
20
3.7177476771653541
11
5.2370284645669294
21
3.718228346456693
0
LINE
8
BLACK
6
CONTINUOUS
10
5.2370284645669294
20
3.718228346456693
11
5.2356797244094491
21
3.7209258267716536
0
LINE
8
BLACK
6
CONTINUOUS
10
5.2356797244094491
20
3.7209258267716536
11
5.2344825984251964
21
3.7221229527559054
0
LINE
8
BLACK
6
CONTINUOUS
10
5.2344825984251964
20
3.7221229527559054
11
5.2317851181102357
21
3.7234716929133858
0
LINE
8
BLACK
6
CONTINUOUS
10
5.2317851181102357
20
3.7234716929133858
11
5.2256801574803147
21
3.7234716929133858
0
LINE
8
BLACK
6
CONTINUOUS
10
5.2256801574803147
20
3.7234716929133858
11
5.222982677165354
21
3.7221229527559054
0
LINE
8
BLACK
6
CONTINUOUS
10
5.2777811811023625
20
3.7293472047244092
11
5.2778586614173228
21
3.7293523622047244
0
LINE
8
BLACK
6
CONTINUOUS
10
5.2778586614173228
20
3.7293523622047244
11
5.2779120078740158
21
3.7293343307086615
0
LINE
8
BLACK
6
CONTINUOUS
10
5.2779120078740158
20
3.7293343307086615
11
5.2780525984251971
21
3.729320472440945
0
LINE
8
BLACK
6
CONTINUOUS
10
5.2780525984251971
20
3.729320472440945
11
5.2784957874015745
21
3.7291368897637795
0
LINE
8
BLACK
6
CONTINUOUS
10
5.2784957874015745
20
3.7291368897637795
11
5.2789500393700788
21
3.7289832677165355
0
LINE
8
BLACK
6
CONTINUOUS
10
5.2789500393700788
20
3.7289832677165355
11
5.2790249999999999
21
3.7289177165354328
0
LINE
8
BLACK
6
CONTINUOUS
10
5.2790249999999999
20
3.7289177165354328
11
5.2791170078740155
21
3.7288795669291339
0
LINE
8
BLACK
6
CONTINUOUS
10
5.2791170078740155
20
3.7288795669291339
11
5.2794559842519684
21
3.728540590551181
0
LINE
8
BLACK
6
CONTINUOUS
10
5.2794559842519684
20
3.728540590551181
11
5.2798171259842519
21
3.7282246062992126
0
LINE
8
BLACK
6
CONTINUOUS
10
5.2798171259842519
20
3.7282246062992126
11
5.2798612992125982
21
3.7281352755905512
0
LINE
8
BLACK
6
CONTINUOUS
10
5.2798612992125982
20
3.7281352755905512
11
5.279931653543307
21
3.7280649212598425
0
LINE
8
BLACK
6
CONTINUOUS
10
5.279931653543307
20
3.7280649212598425
11
5.2801151181102357
21
3.7276220078740159
0
LINE
8
BLACK
6
CONTINUOUS
10
5.2801151181102357
20
3.7276220078740159
11
5.2803278346456688
21
3.7271918503937007
0
LINE
8
BLACK
6
CONTINUOUS
10
5.2803278346456688
20
3.7271918503937007
11
5.2803344488188975
21
3.7270925196850393
0
LINE
8
BLACK
6
CONTINUOUS
10
5.2803344488188975
20
3.7270925196850393
11
5.2803725590551176
21
3.7270005118110237
0
LINE
8
BLACK
6
CONTINUOUS
10
5.2803725590551176
20
3.7270005118110237
11
5.2803725590551176
21
3.7265208267716536
0
LINE
8
BLACK
6
CONTINUOUS
10
5.2803725590551176
20
3.7265208267716536
11
5.2804044488188975
21
3.7260423228346458
0
LINE
8
BLACK
6
CONTINUOUS
10
5.2804044488188975
20
3.7260423228346458
11
5.2803725590551176
21
3.7259480314960629
0
LINE
8
BLACK
6
CONTINUOUS
10
5.2803725590551176
20
3.7259480314960629
11
5.2803725590551176
21
3.7258483858267715
0
LINE
8
BLACK
6
CONTINUOUS
10
5.2803725590551176
20
3.7258483858267715
11
5.2801889370078738
21
3.7254051968503936
0
LINE
8
BLACK
6
CONTINUOUS
10
5.2801889370078738
20
3.7254051968503936
11
5.2800353543307086
21
3.7249509448818898
0
LINE
8
BLACK
6
CONTINUOUS
10
5.2800353543307086
20
3.7249509448818898
11
5.2799532283464563
21
3.7248361023622047
0
LINE
8
BLACK
6
CONTINUOUS
10
5.2799532283464563
20
3.7248361023622047
11
5.279931653543307
21
3.7247839763779527
0
LINE
8
BLACK
6
CONTINUOUS
10
5.279931653543307
20
3.7247839763779527
11
5.279876692913386
21
3.72472905511811
0
LINE
8
BLACK
6
CONTINUOUS
10
5.279876692913386
20
3.72472905511811
11
5.2796987007874012
21
3.7244800393700785
0
LINE
8
BLACK
6
CONTINUOUS
10
5.2796987007874012
20
3.7244800393700785
11
5.270765787401575
21
3.7142710236220471
0
LINE
8
BLACK
6
CONTINUOUS
10
5.270765787401575
20
3.7142710236220471
11
5.2712979921259837
21
3.7140673622047244
0
LINE
8
BLACK
6
CONTINUOUS
10
5.2712979921259837
20
3.7140673622047244
11
5.2750475196850388
21
3.7121925984251969
0
LINE
8
BLACK
6
CONTINUOUS
10
5.2750475196850388
20
3.7121925984251969
11
5.2752955118110236
21
3.7120365354330707
0
LINE
8
BLACK
6
CONTINUOUS
10
5.2752955118110236
20
3.7120365354330707
11
5.2753674803149604
21
3.7120066929133859
0
LINE
8
BLACK
6
CONTINUOUS
10
5.2753674803149604
20
3.7120066929133859
11
5.2754484251968501
21
3.7119402362204723
0
LINE
8
BLACK
6
CONTINUOUS
10
5.2754484251968501
20
3.7119402362204723
11
5.2755374015748027
21
3.7118842519685038
0
LINE
8
BLACK
6
CONTINUOUS
10
5.2755374015748027
20
3.7118842519685038
11
5.2755885433070864
21
3.711825275590551
0
LINE
8
BLACK
6
CONTINUOUS
10
5.2755885433070864
20
3.711825275590551
11
5.2758149212598422
21
3.7116394881889763
0
LINE
8
BLACK
6
CONTINUOUS
10
5.2758149212598422
20
3.7116394881889763
11
5.2776896850393697
21
3.7097647244094487
0
LINE
8
BLACK
6
CONTINUOUS
10
5.2776896850393697
20
3.7097647244094487
11
5.2778754330708662
21
3.7095383858267716
0
LINE
8
BLACK
6
CONTINUOUS
10
5.2778754330708662
20
3.7095383858267716
11
5.2779344488188977
21
3.7094872047244092
0
LINE
8
BLACK
6
CONTINUOUS
10
5.2779344488188977
20
3.7094872047244092
11
5.2779903937007875
21
3.7093982677165354
0
LINE
8
BLACK
6
CONTINUOUS
10
5.2779903937007875
20
3.7093982677165354
11
5.2780568897637794
21
3.7093172834645669
0
LINE
8
BLACK
6
CONTINUOUS
10
5.2780568897637794
20
3.7093172834645669
11
5.2780866929133854
21
3.7092453543307085
0
LINE
8
BLACK
6
CONTINUOUS
10
5.2780866929133854
20
3.7092453543307085
11
5.2782427952755908
21
3.7089973228346458
0
LINE
8
BLACK
6
CONTINUOUS
10
5.2782427952755908
20
3.7089973228346458
11
5.2801175590551184
21
3.7052477952755907
0
LINE
8
BLACK
6
CONTINUOUS
10
5.2801175590551184
20
3.7052477952755907
11
5.2803244488188978
21
3.7047072047244094
0
LINE
8
BLACK
6
CONTINUOUS
10
5.2803244488188978
20
3.7047072047244094
11
5.2803319685039369
21
3.7046013385826773
0
LINE
8
BLACK
6
CONTINUOUS
10
5.2803319685039369
20
3.7046013385826773
11
5.2803725590551176
21
3.704503346456693
0
LINE
8
BLACK
6
CONTINUOUS
10
5.2803725590551176
20
3.704503346456693
11
5.2804292913385824
21
3.7039272834645667
0
LINE
8
BLACK
6
CONTINUOUS
10
5.2804292913385824
20
3.7039272834645667
11
5.2804292913385824
21
3.6945534645669289
0
LINE
8
BLACK
6
CONTINUOUS
10
5.2804292913385824
20
3.6945534645669289
11
5.2803725590551176
21
3.693977401574803
0
LINE
8
BLACK
6
CONTINUOUS
10
5.2803725590551176
20
3.693977401574803
11
5.2803319685039369
21
3.6938794488188975
0
LINE
8
BLACK
6
CONTINUOUS
10
5.2803319685039369
20
3.6938794488188975
11
5.2803244488188978
21
3.6937735433070866
0
LINE
8
BLACK
6
CONTINUOUS
10
5.2803244488188978
20
3.6937735433070866
11
5.2801175590551184
21
3.6932329527559054
0
LINE
8
BLACK
6
CONTINUOUS
10
5.2801175590551184
20
3.6932329527559054
11
5.2782427952755908
21
3.6894834251968502
0
LINE
8
BLACK
6
CONTINUOUS
10
5.2782427952755908
20
3.6894834251968502
11
5.2780867322834641
21
3.6892355511811021
0
LINE
8
BLACK
6
CONTINUOUS
10
5.2780867322834641
20
3.6892355511811021
11
5.2780569291338582
21
3.6891635039370079
0
LINE
8
BLACK
6
CONTINUOUS
10
5.2780569291338582
20
3.6891635039370079
11
5.2779903937007875
21
3.6890824803149607
0
LINE
8
BLACK
6
CONTINUOUS
10
5.2779903937007875
20
3.6890824803149607
11
5.2779344488188977
21
3.6889935433070864
0
LINE
8
BLACK
6
CONTINUOUS
10
5.2779344488188977
20
3.6889935433070864
11
5.2778754330708662
21
3.6889424015748031
0
LINE
8
BLACK
6
CONTINUOUS
10
5.2778754330708662
20
3.6889424015748031
11
5.2776896850393697
21
3.6887160236220473
0
LINE
8
BLACK
6
CONTINUOUS
10
5.2776896850393697
20
3.6887160236220473
11
5.2758149606299209
21
3.6868412598425198
0
LINE
8
BLACK
6
CONTINUOUS
10
5.2758149606299209
20
3.6868412598425198
11
5.2755885826771651
21
3.6866555118110234
0
LINE
8
BLACK
6
CONTINUOUS
10
5.2755885826771651
20
3.6866555118110234
11
5.2755374015748027
21
3.6865964566929135
0
LINE
8
BLACK
6
CONTINUOUS
10
5.2755374015748027
20
3.6865964566929135
11
5.2754484251968501
21
3.686540472440945
0
LINE
8
BLACK
6
CONTINUOUS
10
5.2754484251968501
20
3.686540472440945
11
5.2753674803149604
21
3.6864740157480314
0
LINE
8
BLACK
6
CONTINUOUS
10
5.2753674803149604
20
3.6864740157480314
11
5.2752955118110236
21
3.6864442125984249
0
LINE
8
BLACK
6
CONTINUOUS
10
5.2752955118110236
20
3.6864442125984249
11
5.2750475196850388
21
3.6862881102362204
0
LINE
8
BLACK
6
CONTINUOUS
10
5.2750475196850388
20
3.6862881102362204
11
5.2712979921259837
21
3.6844133464566928
0
LINE
8
BLACK
6
CONTINUOUS
10
5.2712979921259837
20
3.6844133464566928
11
5.2707573622047246
21
3.6842064566929134
0
LINE
8
BLACK
6
CONTINUOUS
10
5.2707573622047246
20
3.6842064566929134
11
5.2706515354330712
21
3.6841989763779526
0
LINE
8
BLACK
6
CONTINUOUS
10
5.2706515354330712
20
3.6841989763779526
11
5.2705535433070869
21
3.6841583464566927
0
LINE
8
BLACK
6
CONTINUOUS
10
5.2705535433070869
20
3.6841583464566927
11
5.2699774803149602
21
3.6841016141732283
0
LINE
8
BLACK
6
CONTINUOUS
10
5.2699774803149602
20
3.6841016141732283
11
5.2587288976377948
21
3.6841016141732283
0
LINE
8
BLACK
6
CONTINUOUS
10
5.2587288976377948
20
3.6841016141732283
11
5.258152834645669
21
3.6841583464566927
0
LINE
8
BLACK
6
CONTINUOUS
10
5.258152834645669
20
3.6841583464566927
11
5.2580548425196847
21
3.6841989370078738
0
LINE
8
BLACK
6
CONTINUOUS
10
5.2580548425196847
20
3.6841989370078738
11
5.2579489763779526
21
3.6842064566929134
0
LINE
8
BLACK
6
CONTINUOUS
10
5.2579489763779526
20
3.6842064566929134
11
5.2574083858267713
21
3.6844133464566928
0
LINE
8
BLACK
6
CONTINUOUS
10
5.2574083858267713
20
3.6844133464566928
11
5.2536588582677162
21
3.6862881102362204
0
LINE
8
BLACK
6
CONTINUOUS
10
5.2536588582677162
20
3.6862881102362204
11
5.2534108267716535
21
3.6864442125984249
0
LINE
8
BLACK
6
CONTINUOUS
10
5.2534108267716535
20
3.6864442125984249
11
5.2533388976377955
21
3.6864740157480314
0
LINE
8
BLACK
6
CONTINUOUS
10
5.2533388976377955
20
3.6864740157480314
11
5.253257913385827
21
3.686540472440945
0
LINE
8
BLACK
6
CONTINUOUS
10
5.253257913385827
20
3.686540472440945
11
5.2531689763779523
21
3.6865964566929135
0
LINE
8
BLACK
6
CONTINUOUS
10
5.2531689763779523
20
3.6865964566929135
11
5.253117755905512
21
3.6866555118110234
0
LINE
8
BLACK
6
CONTINUOUS
10
5.253117755905512
20
3.6866555118110234
11
5.2528914173228349
21
3.6868412598425198
0
LINE
8
BLACK
6
CONTINUOUS
10
5.2528914173228349
20
3.6868412598425198
11
5.2510166535433074
21
3.6887160629921261
0
LINE
8
BLACK
6
CONTINUOUS
10
5.2510166535433074
20
3.6887160629921261
11
5.2506494488188977
21
3.6891635039370079
0
LINE
8
BLACK
6
CONTINUOUS
10
5.2506494488188977
20
3.6891635039370079
11
5.2502085826771649
21
3.6902279133858267
0
LINE
8
BLACK
6
CONTINUOUS
10
5.2502085826771649
20
3.6902279133858267
11
5.2502085826771649
21
3.6913800000000001
0
LINE
8
BLACK
6
CONTINUOUS
10
5.2502085826771649
20
3.6913800000000001
11
5.2506494881889765
21
3.6924444094488189
0
LINE
8
BLACK
6
CONTINUOUS
10
5.2506494881889765
20
3.6924444094488189
11
5.2514641732283467
21
3.6932590944881887
0
LINE
8
BLACK
6
CONTINUOUS
10
5.2514641732283467
20
3.6932590944881887
11
5.252528582677165
21
3.693699960629921
0
LINE
8
BLACK
6
CONTINUOUS
10
5.252528582677165
20
3.693699960629921
11
5.253680669291338
21
3.693699960629921
0
LINE
8
BLACK
6
CONTINUOUS
10
5.253680669291338
20
3.693699960629921
11
5.2547450787401573
21
3.6932590551181104
0
LINE
8
BLACK
6
CONTINUOUS
10
5.2547450787401573
20
3.6932590551181104
11
5.2551925590551178
21
3.692891811023622
0
LINE
8
BLACK
6
CONTINUOUS
10
5.2551925590551178
20
3.692891811023622
11
5.2567284645669288
21
3.6913558661417323
0
LINE
8
BLACK
6
CONTINUOUS
10
5.2567284645669288
20
3.6913558661417323
11
5.2594259448818894
21
3.690007125984252
0
LINE
8
BLACK
6
CONTINUOUS
10
5.2594259448818894
20
3.690007125984252
11
5.2692804330708665
21
3.690007125984252
0
LINE
8
BLACK
6
CONTINUOUS
10
5.2692804330708665
20
3.690007125984252
11
5.2719778740157484
21
3.6913558661417323
0
LINE
8
BLACK
6
CONTINUOUS
10
5.2719778740157484
20
3.6913558661417323
11
5.2731750000000002
21
3.6925530314960628
0
LINE
8
BLACK
6
CONTINUOUS
10
5.2731750000000002
20
3.6925530314960628
11
5.2745237795275592
21
3.6952505118110235
0
LINE
8
BLACK
6
CONTINUOUS
10
5.2745237795275592
20
3.6952505118110235
11
5.2745237795275592
21
3.7032302362204725
0
LINE
8
BLACK
6
CONTINUOUS
10
5.2745237795275592
20
3.7032302362204725
11
5.2731750393700789
21
3.7059277165354332
0
LINE
8
BLACK
6
CONTINUOUS
10
5.2731750393700789
20
3.7059277165354332
11
5.2719779133858262
21
3.707124842519685
0
LINE
8
BLACK
6
CONTINUOUS
10
5.2719779133858262
20
3.707124842519685
11
5.2692804330708665
21
3.7084735826771653
0
LINE
8
BLACK
6
CONTINUOUS
10
5.2692804330708665
20
3.7084735826771653
11
5.2643531889763775
21
3.7084735826771653
0
LINE
8
BLACK
6
CONTINUOUS
10
5.2643531889763775
20
3.7084735826771653
11
5.2640485039370075
21
3.7085036220472438
0
LINE
8
BLACK
6
CONTINUOUS
10
5.2640485039370075
20
3.7085036220472438
11
5.2639710629921259
21
3.7084984251968502
0
LINE
8
BLACK
6
CONTINUOUS
10
5.2639710629921259
20
3.7084984251968502
11
5.2639176771653542
21
3.7085164960629919
0
LINE
8
BLACK
6
CONTINUOUS
10
5.2639176771653542
20
3.7085164960629919
11
5.2637771259842516
21
3.7085303149606297
0
LINE
8
BLACK
6
CONTINUOUS
10
5.2637771259842516
20
3.7085303149606297
11
5.2633338976377955
21
3.7087139370078739
0
LINE
8
BLACK
6
CONTINUOUS
10
5.2633338976377955
20
3.7087139370078739
11
5.26287968503937
21
3.7088675196850391
0
LINE
8
BLACK
6
CONTINUOUS
10
5.26287968503937
20
3.7088675196850391
11
5.2628046850393702
21
3.7089331102362202
0
LINE
8
BLACK
6
CONTINUOUS
10
5.2628046850393702
20
3.7089331102362202
11
5.2627127165354333
21
3.7089712204724408
0
LINE
8
BLACK
6
CONTINUOUS
10
5.2627127165354333
20
3.7089712204724408
11
5.2623737007874016
21
3.7093102362204724
0
LINE
8
BLACK
6
CONTINUOUS
10
5.2623737007874016
20
3.7093102362204724
11
5.2620125984251969
21
3.7096261811023621
0
LINE
8
BLACK
6
CONTINUOUS
10
5.2620125984251969
20
3.7096261811023621
11
5.2619683858267718
21
3.7097155511811022
0
LINE
8
BLACK
6
CONTINUOUS
10
5.2619683858267718
20
3.7097155511811022
11
5.2618980708661418
21
3.7097858661417322
0
LINE
8
BLACK
6
CONTINUOUS
10
5.2618980708661418
20
3.7097858661417322
11
5.2617145669291334
21
3.7102288188976376
0
LINE
8
BLACK
6
CONTINUOUS
10
5.2617145669291334
20
3.7102288188976376
11
5.2615018897637791
21
3.710658937007874
0
LINE
8
BLACK
6
CONTINUOUS
10
5.2615018897637791
20
3.710658937007874
11
5.2614952362204725
21
3.7107583070866141
0
LINE
8
BLACK
6
CONTINUOUS
10
5.2614952362204725
20
3.7107583070866141
11
5.2614571653543303
21
3.710850275590551
0
LINE
8
BLACK
6
CONTINUOUS
10
5.2614571653543303
20
3.710850275590551
11
5.2614571653543303
21
3.7113299999999998
0
LINE
8
BLACK
6
CONTINUOUS
10
5.2614571653543303
20
3.7113299999999998
11
5.2614252755905513
21
3.7118084645669289
0
LINE
8
BLACK
6
CONTINUOUS
10
5.2614252755905513
20
3.7118084645669289
11
5.2614571653543303
21
3.7119027952755905
0
LINE
8
BLACK
6
CONTINUOUS
10
5.2614571653543303
20
3.7119027952755905
11
5.2614571653543303
21
3.7120024015748032
0
LINE
8
BLACK
6
CONTINUOUS
10
5.2614571653543303
20
3.7120024015748032
11
5.2616407480314962
21
3.7124456299212598
0
LINE
8
BLACK
6
CONTINUOUS
10
5.2616407480314962
20
3.7124456299212598
11
5.2617943700787402
21
3.7128998425196849
0
LINE
8
BLACK
6
CONTINUOUS
10
5.2617943700787402
20
3.7128998425196849
11
5.2618764566929137
21
3.7130147244094487
0
LINE
8
BLACK
6
CONTINUOUS
10
5.2618764566929137
20
3.7130147244094487
11
5.2618980708661418
21
3.713066811023622
0
LINE
8
BLACK
6
CONTINUOUS
10
5.2618980708661418
20
3.713066811023622
11
5.261952992125984
21
3.7131217716535434
0
LINE
8
BLACK
6
CONTINUOUS
10
5.261952992125984
20
3.7131217716535434
11
5.2621310236220475
21
3.7133707480314961
0
LINE
8
BLACK
6
CONTINUOUS
10
5.2621310236220475
20
3.7133707480314961
11
5.2709693700787401
21
3.7234716929133858
0
LINE
8
BLACK
6
CONTINUOUS
10
5.2709693700787401
20
3.7234716929133858
11
5.2531046062992122
21
3.7234716929133858
0
LINE
8
BLACK
6
CONTINUOUS
10
5.2531046062992122
20
3.7234716929133858
11
5.2525285433070863
21
3.7235284251968501
0
LINE
8
BLACK
6
CONTINUOUS
10
5.2525285433070863
20
3.7235284251968501
11
5.2514641338582679
21
3.7239693307086612
0
LINE
8
BLACK
6
CONTINUOUS
10
5.2514641338582679
20
3.7239693307086612
11
5.2506494881889765
21
3.7247839763779527
0
LINE
8
BLACK
6
CONTINUOUS
10
5.2506494881889765
20
3.7247839763779527
11
5.2502085826771649
21
3.7258483858267715
0
LINE
8
BLACK
6
CONTINUOUS
10
5.2502085826771649
20
3.7258483858267715
11
5.2502085826771649
21
3.7270005118110237
0
LINE
8
BLACK
6
CONTINUOUS
10
5.2502085826771649
20
3.7270005118110237
11
5.2506494881889765
21
3.7280649212598425
0
LINE
8
BLACK
6
CONTINUOUS
10
5.2506494881889765
20
3.7280649212598425
11
5.2514641338582679
21
3.7288795669291339
0
LINE
8
BLACK
6
CONTINUOUS
10
5.2514641338582679
20
3.7288795669291339
11
5.2525285433070863
21
3.729320472440945
0
LINE
8
BLACK
6
CONTINUOUS
10
5.2525285433070863
20
3.729320472440945
11
5.2531046062992122
21
3.7293772047244094
0
LINE
8
BLACK
6
CONTINUOUS
10
5.2531046062992122
20
3.7293772047244094
11
5.2774765354330704
21
3.7293772047244094
0
LINE
8
BLACK
6
CONTINUOUS
10
5.2774765354330704
20
3.7293772047244094
11
5.2777811811023625
21
3.7293472047244092
0
LINE
8
BLACK
6
CONTINUOUS
10
5.1720772047244097
20
3.7308644488188976
11
5.1729475984251971
21
3.730109566929134
0
LINE
8
BLACK
6
CONTINUOUS
10
5.1729475984251971
20
3.730109566929134
11
5.1734627952755901
21
3.7290790944881889
0
LINE
8
BLACK
6
CONTINUOUS
10
5.1734627952755901
20
3.7290790944881889
11
5.1735444881889761
21
3.7279298818897635
0
LINE
8
BLACK
6
CONTINUOUS
10
5.1735444881889761
20
3.7279298818897635
11
5.1734161417322833
21
3.7273654330708661
0
LINE
8
BLACK
6
CONTINUOUS
10
5.1734161417322833
20
3.7273654330708661
11
5.1653378346456691
21
3.7031305118110236
0
LINE
8
BLACK
6
CONTINUOUS
10
5.1653378346456691
20
3.7031305118110236
11
5.177035984251968
21
3.7031305118110236
0
LINE
8
BLACK
6
CONTINUOUS
10
5.177035984251968
20
3.7031305118110236
11
5.177035984251968
21
3.7133011023622045
0
LINE
8
BLACK
6
CONTINUOUS
10
5.177035984251968
20
3.7133011023622045
11
5.1770927165354328
21
3.7138771653543308
0
LINE
8
BLACK
6
CONTINUOUS
10
5.1770927165354328
20
3.7138771653543308
11
5.1775336220472443
21
3.7149415748031496
0
LINE
8
BLACK
6
CONTINUOUS
10
5.1775336220472443
20
3.7149415748031496
11
5.1783482677165349
21
3.715756220472441
0
LINE
8
BLACK
6
CONTINUOUS
10
5.1783482677165349
20
3.715756220472441
11
5.1794126771653541
21
3.7161971259842517
0
LINE
8
BLACK
6
CONTINUOUS
10
5.1794126771653541
20
3.7161971259842517
11
5.1805648031496059
21
3.7161971259842517
0
LINE
8
BLACK
6
CONTINUOUS
10
5.1805648031496059
20
3.7161971259842517
11
5.1816292125984251
21
3.715756220472441
0
LINE
8
BLACK
6
CONTINUOUS
10
5.1816292125984251
20
3.715756220472441
11
5.1824438582677166
21
3.7149415748031496
0
LINE
8
BLACK
6
CONTINUOUS
10
5.1824438582677166
20
3.7149415748031496
11
5.1828847637795272
21
3.7138771653543308
0
LINE
8
BLACK
6
CONTINUOUS
10
5.1828847637795272
20
3.7138771653543308
11
5.182941496062992
21
3.7133011023622045
0
LINE
8
BLACK
6
CONTINUOUS
10
5.182941496062992
20
3.7133011023622045
11
5.182941496062992
21
3.7031305118110236
0
LINE
8
BLACK
6
CONTINUOUS
10
5.182941496062992
20
3.7031305118110236
11
5.1856130314960627
21
3.7031305118110236
0
LINE
8
BLACK
6
CONTINUOUS
10
5.1856130314960627
20
3.7031305118110236
11
5.1861890944881885
21
3.7030737795275588
0
LINE
8
BLACK
6
CONTINUOUS
10
5.1861890944881885
20
3.7030737795275588
11
5.1872535039370078
21
3.7026328740157481
0
LINE
8
BLACK
6
CONTINUOUS
10
5.1872535039370078
20
3.7026328740157481
11
5.1880681496062993
21
3.7018182283464567
0
LINE
8
BLACK
6
CONTINUOUS
10
5.1880681496062993
20
3.7018182283464567
11
5.1885090551181099
21
3.7007538188976379
0
LINE
8
BLACK
6
CONTINUOUS
10
5.1885090551181099
20
3.7007538188976379
11
5.1885090551181099
21
3.6996016929133857
0
LINE
8
BLACK
6
CONTINUOUS
10
5.1885090551181099
20
3.6996016929133857
11
5.1880681496062993
21
3.6985372834645669
0
LINE
8
BLACK
6
CONTINUOUS
10
5.1880681496062993
20
3.6985372834645669
11
5.1872535039370078
21
3.6977226377952754
0
LINE
8
BLACK
6
CONTINUOUS
10
5.1872535039370078
20
3.6977226377952754
11
5.1861890944881885
21
3.6972817322834644
0
LINE
8
BLACK
6
CONTINUOUS
10
5.1861890944881885
20
3.6972817322834644
11
5.1856130314960627
21
3.697225
0
LINE
8
BLACK
6
CONTINUOUS
10
5.1856130314960627
20
3.697225
11
5.182941496062992
21
3.697225
0
LINE
8
BLACK
6
CONTINUOUS
10
5.182941496062992
20
3.697225
11
5.182941496062992
21
3.6870543700787399
0
LINE
8
BLACK
6
CONTINUOUS
10
5.182941496062992
20
3.6870543700787399
11
5.1828847637795272
21
3.6864783070866141
0
LINE
8
BLACK
6
CONTINUOUS
10
5.1828847637795272
20
3.6864783070866141
11
5.1824438582677166
21
3.6854138976377953
0
LINE
8
BLACK
6
CONTINUOUS
10
5.1824438582677166
20
3.6854138976377953
11
5.1816292125984251
21
3.6845992519685038
0
LINE
8
BLACK
6
CONTINUOUS
10
5.1816292125984251
20
3.6845992519685038
11
5.1805648031496059
21
3.6841583464566927
0
LINE
8
BLACK
6
CONTINUOUS
10
5.1805648031496059
20
3.6841583464566927
11
5.1794126771653541
21
3.6841583464566927
0
LINE
8
BLACK
6
CONTINUOUS
10
5.1794126771653541
20
3.6841583464566927
11
5.1783482677165349
21
3.6845992519685038
0
LINE
8
BLACK
6
CONTINUOUS
10
5.1783482677165349
20
3.6845992519685038
11
5.1775336220472443
21
3.6854138976377953
0
LINE
8
BLACK
6
CONTINUOUS
10
5.1775336220472443
20
3.6854138976377953
11
5.1770927165354328
21
3.6864783070866141
0
LINE
8
BLACK
6
CONTINUOUS
10
5.1770927165354328
20
3.6864783070866141
11
5.177035984251968
21
3.6870543700787399
0
LINE
8
BLACK
6
CONTINUOUS
10
5.177035984251968
20
3.6870543700787399
11
5.177035984251968
21
3.697225
0
LINE
8
BLACK
6
CONTINUOUS
10
5.177035984251968
20
3.697225
11
5.1612411023622045
21
3.697225
0
LINE
8
BLACK
6
CONTINUOUS
10
5.1612411023622045
20
3.697225
11
5.1609495275590547
21
3.6972537401574801
0
LINE
8
BLACK
6
CONTINUOUS
10
5.1609495275590547
20
3.6972537401574801
11
5.1608718110236218
21
3.6972481889763777
0
LINE
8
BLACK
6
CONTINUOUS
10
5.1608718110236218
20
3.6972481889763777
11
5.1608156692913383
21
3.6972669291338582
0
LINE
8
BLACK
6
CONTINUOUS
10
5.1608156692913383
20
3.6972669291338582
11
5.1606650393700786
21
3.6972817322834644
0
LINE
8
BLACK
6
CONTINUOUS
10
5.1606650393700786
20
3.6972817322834644
11
5.1602277165354327
21
3.697462874015748
0
LINE
8
BLACK
6
CONTINUOUS
10
5.1602277165354327
20
3.697462874015748
11
5.1597787795275591
21
3.6976125196850393
0
LINE
8
BLACK
6
CONTINUOUS
10
5.1597787795275591
20
3.6976125196850393
11
5.1596985826771649
21
3.6976820866141731
0
LINE
8
BLACK
6
CONTINUOUS
10
5.1596985826771649
20
3.6976820866141731
11
5.1596006299212593
21
3.6977226377952754
0
LINE
8
BLACK
6
CONTINUOUS
10
5.1596006299212593
20
3.6977226377952754
11
5.1592659842519684
21
3.6980572834645669
0
LINE
8
BLACK
6
CONTINUOUS
10
5.1592659842519684
20
3.6980572834645669
11
5.1589084251968504
21
3.6983674015748029
0
LINE
8
BLACK
6
CONTINUOUS
10
5.1589084251968504
20
3.6983674015748029
11
5.1588609842519686
21
3.6984622834645666
0
LINE
8
BLACK
6
CONTINUOUS
10
5.1588609842519686
20
3.6984622834645666
11
5.1587859842519688
21
3.6985372834645669
0
LINE
8
BLACK
6
CONTINUOUS
10
5.1587859842519688
20
3.6985372834645669
11
5.1586048031496059
21
3.6989746456692911
0
LINE
8
BLACK
6
CONTINUOUS
10
5.1586048031496059
20
3.6989746456692911
11
5.1583932283464566
21
3.6993978346456693
0
LINE
8
BLACK
6
CONTINUOUS
10
5.1583932283464566
20
3.6993978346456693
11
5.1583857086614175
21
3.6995036220472439
0
LINE
8
BLACK
6
CONTINUOUS
10
5.1583857086614175
20
3.6995036220472439
11
5.1583450787401572
21
3.6996016929133857
0
LINE
8
BLACK
6
CONTINUOUS
10
5.1583450787401572
20
3.6996016929133857
11
5.1583450787401572
21
3.7000751968503938
0
LINE
8
BLACK
6
CONTINUOUS
10
5.1583450787401572
20
3.7000751968503938
11
5.1583115354330706
21
3.7005470472440942
0
LINE
8
BLACK
6
CONTINUOUS
10
5.1583115354330706
20
3.7005470472440942
11
5.1583450787401572
21
3.7006945669291338
0
LINE
8
BLACK
6
CONTINUOUS
10
5.1583450787401572
20
3.7006945669291338
11
5.1583450787401572
21
3.7007538188976379
0
LINE
8
BLACK
6
CONTINUOUS
10
5.1583450787401572
20
3.7007538188976379
11
5.158374921259842
21
3.7008259448818897
0
LINE
8
BLACK
6
CONTINUOUS
10
5.158374921259842
20
3.7008259448818897
11
5.1584398818897634
21
3.7011114960629921
0
LINE
8
BLACK
6
CONTINUOUS
10
5.1584398818897634
20
3.7011114960629921
11
5.1678137007874012
21
3.7292329527559054
0
LINE
8
BLACK
6
CONTINUOUS
10
5.1678137007874012
20
3.7292329527559054
11
5.16804968503937
21
3.7297614960629919
0
LINE
8
BLACK
6
CONTINUOUS
10
5.16804968503937
20
3.7297614960629919
11
5.1688045669291336
21
3.7306318503937006
0
LINE
8
BLACK
6
CONTINUOUS
10
5.1688045669291336
20
3.7306318503937006
11
5.169835
21
3.7311470866141732
0
LINE
8
BLACK
6
CONTINUOUS
10
5.169835
20
3.7311470866141732
11
5.1709842125984249
21
3.7312287795275592
0
LINE
8
BLACK
6
CONTINUOUS
10
5.1709842125984249
20
3.7312287795275592
11
5.1720772047244097
21
3.7308644488188976
0
LINE
8
BLACK
6
CONTINUOUS
10
5.2016281102362205
20
3.6935173622047244
11
5.2022516141732282
21
3.6932590944881887
0
LINE
8
BLACK
6
CONTINUOUS
10
5.2022516141732282
20
3.6932590944881887
11
5.202251653543307
21
3.6932590551181104
0
LINE
8
BLACK
6
CONTINUOUS
10
5.202251653543307
20
3.6932590551181104
11
5.2026991338582675
21
3.692891811023622
0
LINE
8
BLACK
6
CONTINUOUS
10
5.2026991338582675
20
3.692891811023622
11
5.2045738582677163
21
3.6910170472440944
0
LINE
8
BLACK
6
CONTINUOUS
10
5.2045738582677163
20
3.6910170472440944
11
5.2049411023622048
21
3.6905695669291338
0
LINE
8
BLACK
6
CONTINUOUS
10
5.2049411023622048
20
3.6905695669291338
11
5.2053801574803149
21
3.6895094881889765
0
LINE
8
BLACK
6
CONTINUOUS
10
5.2053801574803149
20
3.6895094881889765
11
5.2053819685039366
21
3.689505157480315
0
LINE
8
BLACK
6
CONTINUOUS
10
5.2053819685039366
20
3.689505157480315
11
5.2053819685039366
21
3.6883530708661416
0
LINE
8
BLACK
6
CONTINUOUS
10
5.2053819685039366
20
3.6883530708661416
11
5.204941062992126
21
3.6872886614173228
0
LINE
8
BLACK
6
CONTINUOUS
10
5.204941062992126
20
3.6872886614173228
11
5.2045738582677163
21
3.686841220472441
0
LINE
8
BLACK
6
CONTINUOUS
10
5.2045738582677163
20
3.686841220472441
11
5.2026990944881888
21
3.6849664566929135
0
LINE
8
BLACK
6
CONTINUOUS
10
5.2026990944881888
20
3.6849664566929135
11
5.202251653543307
21
3.6845992519685038
0
LINE
8
BLACK
6
CONTINUOUS
10
5.202251653543307
20
3.6845992519685038
11
5.2011872440944877
21
3.6841583464566927
0
LINE
8
BLACK
6
CONTINUOUS
10
5.2011872440944877
20
3.6841583464566927
11
5.201187204724409
21
3.6841583464566927
0
LINE
8
BLACK
6
CONTINUOUS
10
5.201187204724409
20
3.6841583464566927
11
5.2000351574803148
21
3.6841583464566927
0
LINE
8
BLACK
6
CONTINUOUS
10
5.2000351574803148
20
3.6841583464566927
11
5.200035118110236
21
3.6841583464566927
0
LINE
8
BLACK
6
CONTINUOUS
10
5.200035118110236
20
3.6841583464566927
11
5.1989707086614176
21
3.6845992519685038
0
LINE
8
BLACK
6
CONTINUOUS
10
5.1989707086614176
20
3.6845992519685038
11
5.1985232677165349
21
3.6849664566929135
0
LINE
8
BLACK
6
CONTINUOUS
10
5.1985232677165349
20
3.6849664566929135
11
5.1966485039370074
21
3.686841220472441
0
LINE
8
BLACK
6
CONTINUOUS
10
5.1966485039370074
20
3.686841220472441
11
5.1962812992125986
21
3.6872886614173228
0
LINE
8
BLACK
6
CONTINUOUS
10
5.1962812992125986
20
3.6872886614173228
11
5.1960387007874012
21
3.68787437007874
0
LINE
8
BLACK
6
CONTINUOUS
10
5.1960387007874012
20
3.68787437007874
11
5.1958403937007871
21
3.6883530708661416
0
LINE
8
BLACK
6
CONTINUOUS
10
5.1958403937007871
20
3.6883530708661416
11
5.1958403937007871
21
3.689505157480315
0
LINE
8
BLACK
6
CONTINUOUS
10
5.1958403937007871
20
3.689505157480315
11
5.1962812598425199
21
3.6905695669291338
0
LINE
8
BLACK
6
CONTINUOUS
10
5.1962812598425199
20
3.6905695669291338
11
5.1966484645669286
21
3.6910170078740157
0
LINE
8
BLACK
6
CONTINUOUS
10
5.1966484645669286
20
3.6910170078740157
11
5.1985232283464562
21
3.692891811023622
0
LINE
8
BLACK
6
CONTINUOUS
10
5.1985232283464562
20
3.692891811023622
11
5.1989707086614176
21
3.6932590551181104
0
LINE
8
BLACK
6
CONTINUOUS
10
5.1989707086614176
20
3.6932590551181104
11
5.1989707480314955
21
3.6932590944881887
0
LINE
8
BLACK
6
CONTINUOUS
10
5.1989707480314955
20
3.6932590944881887
11
5.1995942519685041
21
3.6935173622047244
0
LINE
8
BLACK
6
CONTINUOUS
10
5.1995942519685041
20
3.6935173622047244
11
5.200035118110236
21
3.693699960629921
0
LINE
8
BLACK
6
CONTINUOUS
10
5.200035118110236
20
3.693699960629921
11
5.201187204724409
21
3.693699960629921
0
LINE
8
BLACK
6
CONTINUOUS
10
5.201187204724409
20
3.693699960629921
11
5.2011872440944877
21
3.693699960629921
0
LINE
8
BLACK
6
CONTINUOUS
10
5.2011872440944877
20
3.693699960629921
11
5.2016281102362205
21
3.6935173622047244
0
LINE
8
BLACK
6
CONTINUOUS
10
5.3361703543307089
20
3.7161971259842517
11
5.3362683464566931
21
3.7161565354330706
0
LINE
8
BLACK
6
CONTINUOUS
10
5.3362683464566931
20
3.7161565354330706
11
5.3363741732283465
21
3.7161490157480315
0
LINE
8
BLACK
6
CONTINUOUS
10
5.3363741732283465
20
3.7161490157480315
11
5.3369148031496065
21
3.715942125984252
0
LINE
8
BLACK
6
CONTINUOUS
10
5.3369148031496065
20
3.715942125984252
11
5.3406643307086616
21
3.7140673622047244
0
LINE
8
BLACK
6
CONTINUOUS
10
5.3406643307086616
20
3.7140673622047244
11
5.3407606692913383
21
3.7140067322834645
0
LINE
8
BLACK
6
CONTINUOUS
10
5.3407606692913383
20
3.7140067322834645
11
5.3408061023622047
21
3.7139915748031496
0
LINE
8
BLACK
6
CONTINUOUS
10
5.3408061023622047
20
3.7139915748031496
11
5.3408626377952757
21
3.7139425590551181
0
LINE
8
BLACK
6
CONTINUOUS
10
5.3408626377952757
20
3.7139425590551181
11
5.3411542125984255
21
3.7137590157480314
0
LINE
8
BLACK
6
CONTINUOUS
10
5.3411542125984255
20
3.7137590157480314
11
5.3412185826771656
21
3.7136848031496061
0
LINE
8
BLACK
6
CONTINUOUS
10
5.3412185826771656
20
3.7136848031496061
11
5.3412829527559058
21
3.7137590157480314
0
LINE
8
BLACK
6
CONTINUOUS
10
5.3412829527559058
20
3.7137590157480314
11
5.341574488188976
21
3.7139425590551181
0
LINE
8
BLACK
6
CONTINUOUS
10
5.341574488188976
20
3.7139425590551181
11
5.3416310629921258
21
3.7139915748031496
0
LINE
8
BLACK
6
CONTINUOUS
10
5.3416310629921258
20
3.7139915748031496
11
5.3416764566929134
21
3.7140067322834645
0
LINE
8
BLACK
6
CONTINUOUS
10
5.3416764566929134
20
3.7140067322834645
11
5.3417728346456688
21
3.7140673622047244
0
LINE
8
BLACK
6
CONTINUOUS
10
5.3417728346456688
20
3.7140673622047244
11
5.3455223622047239
21
3.715942125984252
0
LINE
8
BLACK
6
CONTINUOUS
10
5.3455223622047239
20
3.715942125984252
11
5.3460629527559052
21
3.7161490157480315
0
LINE
8
BLACK
6
CONTINUOUS
10
5.3460629527559052
20
3.7161490157480315
11
5.3461688188976373
21
3.7161565748031493
0
LINE
8
BLACK
6
CONTINUOUS
10
5.3461688188976373
20
3.7161565748031493
11
5.3462668110236216
21
3.7161971259842517
0
LINE
8
BLACK
6
CONTINUOUS
10
5.3462668110236216
20
3.7161971259842517
11
5.3468428740157483
21
3.7162538582677165
0
LINE
8
BLACK
6
CONTINUOUS
10
5.3468428740157483
20
3.7162538582677165
11
5.352467165354331
21
3.7162538582677165
0
LINE
8
BLACK
6
CONTINUOUS
10
5.352467165354331
20
3.7162538582677165
11
5.3530432283464568
21
3.7161971259842517
0
LINE
8
BLACK
6
CONTINUOUS
10
5.3530432283464568
20
3.7161971259842517
11
5.3531412204724411
21
3.7161565354330706
0
LINE
8
BLACK
6
CONTINUOUS
10
5.3531412204724411
20
3.7161565354330706
11
5.3532470472440945
21
3.7161490157480315
0
LINE
8
BLACK
6
CONTINUOUS
10
5.3532470472440945
20
3.7161490157480315
11
5.3537876771653545
21
3.715942125984252
0
LINE
8
BLACK
6
CONTINUOUS
10
5.3537876771653545
20
3.715942125984252
11
5.3575372440944884
21
3.7140673622047244
0
LINE
8
BLACK
6
CONTINUOUS
10
5.3575372440944884
20
3.7140673622047244
11
5.3576335433070863
21
3.7140067322834645
0
LINE
8
BLACK
6
CONTINUOUS
10
5.3576335433070863
20
3.7140067322834645
11
5.3576790157480314
21
3.7139915748031496
0
LINE
8
BLACK
6
CONTINUOUS
10
5.3576790157480314
20
3.7139915748031496
11
5.3577355905511812
21
3.7139425196850393
0
LINE
8
BLACK
6
CONTINUOUS
10
5.3577355905511812
20
3.7139425196850393
11
5.3580270866141735
21
3.7137590157480314
0
LINE
8
BLACK
6
CONTINUOUS
10
5.3580270866141735
20
3.7137590157480314
11
5.3582695669291338
21
3.7134794094488188
0
LINE
8
BLACK
6
CONTINUOUS
10
5.3582695669291338
20
3.7134794094488188
11
5.3585494094488189
21
3.7132367322834643
0
LINE
8
BLACK
6
CONTINUOUS
10
5.3585494094488189
20
3.7132367322834643
11
5.3587329133858264
21
3.7129451968503937
0
LINE
8
BLACK
6
CONTINUOUS
10
5.3587329133858264
20
3.7129451968503937
11
5.3587819685039371
21
3.7128886220472439
0
LINE
8
BLACK
6
CONTINUOUS
10
5.3587819685039371
20
3.7128886220472439
11
5.3587970866141728
21
3.7128432283464567
0
LINE
8
BLACK
6
CONTINUOUS
10
5.3587970866141728
20
3.7128432283464567
11
5.3588577559055119
21
3.7127468503937009
0
LINE
8
BLACK
6
CONTINUOUS
10
5.3588577559055119
20
3.7127468503937009
11
5.3607325196850395
21
3.7089973228346458
0
LINE
8
BLACK
6
CONTINUOUS
10
5.3607325196850395
20
3.7089973228346458
11
5.360939409448819
21
3.7084567322834645
0
LINE
8
BLACK
6
CONTINUOUS
10
5.360939409448819
20
3.7084567322834645
11
5.3609469291338581
21
3.7083508661417324
0
LINE
8
BLACK
6
CONTINUOUS
10
5.3609469291338581
20
3.7083508661417324
11
5.3609875196850396
21
3.7082528740157481
0
LINE
8
BLACK
6
CONTINUOUS
10
5.3609875196850396
20
3.7082528740157481
11
5.3610442519685035
21
3.7076768110236218
0
LINE
8
BLACK
6
CONTINUOUS
10
5.3610442519685035
20
3.7076768110236218
11
5.3610442519685035
21
3.6870543700787399
0
LINE
8
BLACK
6
CONTINUOUS
10
5.3610442519685035
20
3.6870543700787399
11
5.3609875196850396
21
3.6864783070866141
0
LINE
8
BLACK
6
CONTINUOUS
10
5.3609875196850396
20
3.6864783070866141
11
5.3605466141732281
21
3.6854138976377953
0
LINE
8
BLACK
6
CONTINUOUS
10
5.3605466141732281
20
3.6854138976377953
11
5.3597319685039366
21
3.6845992519685038
0
LINE
8
BLACK
6
CONTINUOUS
10
5.3597319685039366
20
3.6845992519685038
11
5.3586675590551183
21
3.6841583464566927
0
LINE
8
BLACK
6
CONTINUOUS
10
5.3586675590551183
20
3.6841583464566927
11
5.3575154330708656
21
3.6841583464566927
0
LINE
8
BLACK
6
CONTINUOUS
10
5.3575154330708656
20
3.6841583464566927
11
5.3564510236220473
21
3.6845992519685038
0
LINE
8
BLACK
6
CONTINUOUS
10
5.3564510236220473
20
3.6845992519685038
11
5.3556363779527558
21
3.6854138976377953
0
LINE
8
BLACK
6
CONTINUOUS
10
5.3556363779527558
20
3.6854138976377953
11
5.3551954724409452
21
3.6864783070866141
0
LINE
8
BLACK
6
CONTINUOUS
10
5.3551954724409452
20
3.6864783070866141
11
5.3551387401574804
21
3.6870543700787399
0
LINE
8
BLACK
6
CONTINUOUS
10
5.3551387401574804
20
3.6870543700787399
11
5.3551387401574804
21
3.7069797637795276
0
LINE
8
BLACK
6
CONTINUOUS
10
5.3551387401574804
20
3.7069797637795276
11
5.3540158661417321
21
3.7092255118110233
0
LINE
8
BLACK
6
CONTINUOUS
10
5.3540158661417321
20
3.7092255118110233
11
5.3517701181102364
21
3.7103483464566929
0
LINE
8
BLACK
6
CONTINUOUS
10
5.3517701181102364
20
3.7103483464566929
11
5.347539921259842
21
3.7103483464566929
0
LINE
8
BLACK
6
CONTINUOUS
10
5.347539921259842
20
3.7103483464566929
11
5.3452941732283463
21
3.7092255118110233
0
LINE
8
BLACK
6
CONTINUOUS
10
5.3452941732283463
20
3.7092255118110233
11
5.3441713385826768
21
3.7069797637795276
0
LINE
8
BLACK
6
CONTINUOUS
10
5.3441713385826768
20
3.7069797637795276
11
5.3441713385826768
21
3.6870543700787399
0
LINE
8
BLACK
6
CONTINUOUS
10
5.3441713385826768
20
3.6870543700787399
11
5.3441146062992129
21
3.6864783070866141
0
LINE
8
BLACK
6
CONTINUOUS
10
5.3441146062992129
20
3.6864783070866141
11
5.3436737007874013
21
3.6854138976377953
0
LINE
8
BLACK
6
CONTINUOUS
10
5.3436737007874013
20
3.6854138976377953
11
5.3428590551181099
21
3.6845992519685038
0
LINE
8
BLACK
6
CONTINUOUS
10
5.3428590551181099
20
3.6845992519685038
11
5.3417946456692915
21
3.6841583464566927
0
LINE
8
BLACK
6
CONTINUOUS
10
5.3417946456692915
20
3.6841583464566927
11
5.3406425196850389
21
3.6841583464566927
0
LINE
8
BLACK
6
CONTINUOUS
10
5.3406425196850389
20
3.6841583464566927
11
5.3395781102362205
21
3.6845992519685038
0
LINE
8
BLACK
6
CONTINUOUS
10
5.3395781102362205
20
3.6845992519685038
11
5.3387634645669291
21
3.6854138976377953
0
LINE
8
BLACK
6
CONTINUOUS
10
5.3387634645669291
20
3.6854138976377953
11
5.3383225590551184
21
3.6864783070866141
0
LINE
8
BLACK
6
CONTINUOUS
10
5.3383225590551184
20
3.6864783070866141
11
5.3382658267716536
21
3.6870543700787399
0
LINE
8
BLACK
6
CONTINUOUS
10
5.3382658267716536
20
3.6870543700787399
11
5.3382658267716536
21
3.7069797637795276
0
LINE
8
BLACK
6
CONTINUOUS
10
5.3382658267716536
20
3.7069797637795276
11
5.3371429527559053
21
3.7092255118110233
0
LINE
8
BLACK
6
CONTINUOUS
10
5.3371429527559053
20
3.7092255118110233
11
5.3348972440944884
21
3.7103483464566929
0
LINE
8
BLACK
6
CONTINUOUS
10
5.3348972440944884
20
3.7103483464566929
11
5.330667047244094
21
3.7103483464566929
0
LINE
8
BLACK
6
CONTINUOUS
10
5.330667047244094
20
3.7103483464566929
11
5.3279695669291334
21
3.7089996062992125
0
LINE
8
BLACK
6
CONTINUOUS
10
5.3279695669291334
20
3.7089996062992125
11
5.3272984645669288
21
3.708328503937008
0
LINE
8
BLACK
6
CONTINUOUS
10
5.3272984645669288
20
3.708328503937008
11
5.3272984645669288
21
3.6870543700787399
0
LINE
8
BLACK
6
CONTINUOUS
10
5.3272984645669288
20
3.6870543700787399
11
5.3272417322834649
21
3.6864783070866141
0
LINE
8
BLACK
6
CONTINUOUS
10
5.3272417322834649
20
3.6864783070866141
11
5.3268008267716533
21
3.6854138976377953
0
LINE
8
BLACK
6
CONTINUOUS
10
5.3268008267716533
20
3.6854138976377953
11
5.3259861811023619
21
3.6845992519685038
0
LINE
8
BLACK
6
CONTINUOUS
10
5.3259861811023619
20
3.6845992519685038
11
5.3249217716535435
21
3.6841583464566927
0
LINE
8
BLACK
6
CONTINUOUS
10
5.3249217716535435
20
3.6841583464566927
11
5.3237696456692909
21
3.6841583464566927
0
LINE
8
BLACK
6
CONTINUOUS
10
5.3237696456692909
20
3.6841583464566927
11
5.3227052362204725
21
3.6845992519685038
0
LINE
8
BLACK
6
CONTINUOUS
10
5.3227052362204725
20
3.6845992519685038
11
5.3218905905511811
21
3.6854138976377953
0
LINE
8
BLACK
6
CONTINUOUS
10
5.3218905905511811
20
3.6854138976377953
11
5.3214496850393695
21
3.6864783070866141
0
LINE
8
BLACK
6
CONTINUOUS
10
5.3214496850393695
20
3.6864783070866141
11
5.3213929527559056
21
3.6870543700787399
0
LINE
8
BLACK
6
CONTINUOUS
10
5.3213929527559056
20
3.6870543700787399
11
5.3213929527559056
21
3.7133011023622045
0
LINE
8
BLACK
6
CONTINUOUS
10
5.3213929527559056
20
3.7133011023622045
11
5.3214496850393695
21
3.7138771653543308
0
LINE
8
BLACK
6
CONTINUOUS
10
5.3214496850393695
20
3.7138771653543308
11
5.3218905905511811
21
3.7149415748031496
0
LINE
8
BLACK
6
CONTINUOUS
10
5.3218905905511811
20
3.7149415748031496
11
5.3227052362204725
21
3.715756220472441
0
LINE
8
BLACK
6
CONTINUOUS
10
5.3227052362204725
20
3.715756220472441
11
5.3237696456692909
21
3.7161971259842517
0
LINE
8
BLACK
6
CONTINUOUS
10
5.3237696456692909
20
3.7161971259842517
11
5.3249217716535435
21
3.7161971259842517
0
LINE
8
BLACK
6
CONTINUOUS
10
5.3249217716535435
20
3.7161971259842517
11
5.3259861811023619
21
3.715756220472441
0
LINE
8
BLACK
6
CONTINUOUS
10
5.3259861811023619
20
3.715756220472441
11
5.3267499999999997
21
3.7149924015748033
0
LINE
8
BLACK
6
CONTINUOUS
10
5.3267499999999997
20
3.7149924015748033
11
5.3286494881889759
21
3.715942125984252
0
LINE
8
BLACK
6
CONTINUOUS
10
5.3286494881889759
20
3.715942125984252
11
5.3291900787401572
21
3.7161490157480315
0
LINE
8
BLACK
6
CONTINUOUS
10
5.3291900787401572
20
3.7161490157480315
11
5.3292959448818893
21
3.7161565748031493
0
LINE
8
BLACK
6
CONTINUOUS
10
5.3292959448818893
20
3.7161565748031493
11
5.3293939370078736
21
3.7161971259842517
0
LINE
8
BLACK
6
CONTINUOUS
10
5.3293939370078736
20
3.7161971259842517
11
5.3299700000000003
21
3.7162538582677165
0
LINE
8
BLACK
6
CONTINUOUS
10
5.3299700000000003
20
3.7162538582677165
11
5.335594291338583
21
3.7162538582677165
0
LINE
8
BLACK
6
CONTINUOUS
10
5.335594291338583
20
3.7162538582677165
11
5.3361703543307089
21
3.7161971259842517
0
LINE
8
BLACK
6
CONTINUOUS
10
5.3886637795275592
20
3.7161971259842517
11
5.3887617716535434
21
3.7161565354330706
0
LINE
8
BLACK
6
CONTINUOUS
10
5.3887617716535434
20
3.7161565354330706
11
5.3888675984251968
21
3.7161490157480315
0
LINE
8
BLACK
6
CONTINUOUS
10
5.3888675984251968
20
3.7161490157480315
11
5.3894082283464568
21
3.715942125984252
0
LINE
8
BLACK
6
CONTINUOUS
10
5.3894082283464568
20
3.715942125984252
11
5.3931577559055119
21
3.7140673622047244
0
LINE
8
BLACK
6
CONTINUOUS
10
5.3931577559055119
20
3.7140673622047244
11
5.3932540944881886
21
3.7140067322834645
0
LINE
8
BLACK
6
CONTINUOUS
10
5.3932540944881886
20
3.7140067322834645
11
5.393299527559055
21
3.7139915748031496
0
LINE
8
BLACK
6
CONTINUOUS
10
5.393299527559055
20
3.7139915748031496
11
5.393356062992126
21
3.7139425590551181
0
LINE
8
BLACK
6
CONTINUOUS
10
5.393356062992126
20
3.7139425590551181
11
5.3936476377952758
21
3.7137590157480314
0
LINE
8
BLACK
6
CONTINUOUS
10
5.3936476377952758
20
3.7137590157480314
11
5.3937120078740159
21
3.7136848031496061
0
LINE
8
BLACK
6
CONTINUOUS
10
5.3937120078740159
20
3.7136848031496061
11
5.3937763779527561
21
3.7137590157480314
0
LINE
8
BLACK
6
CONTINUOUS
10
5.3937763779527561
20
3.7137590157480314
11
5.3940679133858263
21
3.7139425590551181
0
LINE
8
BLACK
6
CONTINUOUS
10
5.3940679133858263
20
3.7139425590551181
11
5.3941244881889761
21
3.7139915748031496
0
LINE
8
BLACK
6
CONTINUOUS
10
5.3941244881889761
20
3.7139915748031496
11
5.3941698818897637
21
3.7140067322834645
0
LINE
8
BLACK
6
CONTINUOUS
10
5.3941698818897637
20
3.7140067322834645
11
5.39426625984252
21
3.7140673622047244
0
LINE
8
BLACK
6
CONTINUOUS
10
5.39426625984252
20
3.7140673622047244
11
5.3980157874015751
21
3.715942125984252
0
LINE
8
BLACK
6
CONTINUOUS
10
5.3980157874015751
20
3.715942125984252
11
5.3985563779527554
21
3.7161490157480315
0
LINE
8
BLACK
6
CONTINUOUS
10
5.3985563779527554
20
3.7161490157480315
11
5.3986622440944885
21
3.7161565748031493
0
LINE
8
BLACK
6
CONTINUOUS
10
5.3986622440944885
20
3.7161565748031493
11
5.3987602362204727
21
3.7161971259842517
0
LINE
8
BLACK
6
CONTINUOUS
10
5.3987602362204727
20
3.7161971259842517
11
5.3993362992125986
21
3.7162538582677165
0
LINE
8
BLACK
6
CONTINUOUS
10
5.3993362992125986
20
3.7162538582677165
11
5.4049605905511813
21
3.7162538582677165
0
LINE
8
BLACK
6
CONTINUOUS
10
5.4049605905511813
20
3.7162538582677165
11
5.4055366535433071
21
3.7161971259842517
0
LINE
8
BLACK
6
CONTINUOUS
10
5.4055366535433071
20
3.7161971259842517
11
5.4056346456692914
21
3.7161565354330706
0
LINE
8
BLACK
6
CONTINUOUS
10
5.4056346456692914
20
3.7161565354330706
11
5.4057404724409448
21
3.7161490157480315
0
LINE
8
BLACK
6
CONTINUOUS
10
5.4057404724409448
20
3.7161490157480315
11
5.4062811023622048
21
3.715942125984252
0
LINE
8
BLACK
6
CONTINUOUS
10
5.4062811023622048
20
3.715942125984252
11
5.4100306692913387
21
3.7140673622047244
0
LINE
8
BLACK
6
CONTINUOUS
10
5.4100306692913387
20
3.7140673622047244
11
5.4101269685039366
21
3.7140067322834645
0
LINE
8
BLACK
6
CONTINUOUS
10
5.4101269685039366
20
3.7140067322834645
11
5.4101724409448817
21
3.7139915748031496
0
LINE
8
BLACK
6
CONTINUOUS
10
5.4101724409448817
20
3.7139915748031496
11
5.4102290157480315
21
3.7139425196850393
0
LINE
8
BLACK
6
CONTINUOUS
10
5.4102290157480315
20
3.7139425196850393
11
5.4105205118110238
21
3.7137590157480314
0
LINE
8
BLACK
6
CONTINUOUS
10
5.4105205118110238
20
3.7137590157480314
11
5.4107629921259841
21
3.7134794094488188
0
LINE
8
BLACK
6
CONTINUOUS
10
5.4107629921259841
20
3.7134794094488188
11
5.4110428346456692
21
3.7132367322834643
0
LINE
8
BLACK
6
CONTINUOUS
10
5.4110428346456692
20
3.7132367322834643
11
5.4112263385826767
21
3.7129451968503937
0
LINE
8
BLACK
6
CONTINUOUS
10
5.4112263385826767
20
3.7129451968503937
11
5.4112753937007874
21
3.7128886220472439
0
LINE
8
BLACK
6
CONTINUOUS
10
5.4112753937007874
20
3.7128886220472439
11
5.4112905118110239
21
3.7128432283464567
0
LINE
8
BLACK
6
CONTINUOUS
10
5.4112905118110239
20
3.7128432283464567
11
5.4113511811023622
21
3.7127468503937009
0
LINE
8
BLACK
6
CONTINUOUS
10
5.4113511811023622
20
3.7127468503937009
11
5.4132259448818898
21
3.7089973228346458
0
LINE
8
BLACK
6
CONTINUOUS
10
5.4132259448818898
20
3.7089973228346458
11
5.4134328346456693
21
3.7084567322834645
0
LINE
8
BLACK
6
CONTINUOUS
10
5.4134328346456693
20
3.7084567322834645
11
5.4134403543307084
21
3.7083508661417324
0
LINE
8
BLACK
6
CONTINUOUS
10
5.4134403543307084
20
3.7083508661417324
11
5.4134809448818899
21
3.7082528740157481
0
LINE
8
BLACK
6
CONTINUOUS
10
5.4134809448818899
20
3.7082528740157481
11
5.4135376771653538
21
3.7076768110236218
0
LINE
8
BLACK
6
CONTINUOUS
10
5.4135376771653538
20
3.7076768110236218
11
5.4135376771653538
21
3.6870543700787399
0
LINE
8
BLACK
6
CONTINUOUS
10
5.4135376771653538
20
3.6870543700787399
11
5.4134809448818899
21
3.6864783070866141
0
LINE
8
BLACK
6
CONTINUOUS
10
5.4134809448818899
20
3.6864783070866141
11
5.4130400393700784
21
3.6854138976377953
0
LINE
8
BLACK
6
CONTINUOUS
10
5.4130400393700784
20
3.6854138976377953
11
5.4122253937007869
21
3.6845992519685038
0
LINE
8
BLACK
6
CONTINUOUS
10
5.4122253937007869
20
3.6845992519685038
11
5.4111609842519686
21
3.6841583464566927
0
LINE
8
BLACK
6
CONTINUOUS
10
5.4111609842519686
20
3.6841583464566927
11
5.4100088582677168
21
3.6841583464566927
0
LINE
8
BLACK
6
CONTINUOUS
10
5.4100088582677168
20
3.6841583464566927
11
5.4089444488188976
21
3.6845992519685038
0
LINE
8
BLACK
6
CONTINUOUS
10
5.4089444488188976
20
3.6845992519685038
11
5.4081298031496061
21
3.6854138976377953
0
LINE
8
BLACK
6
CONTINUOUS
10
5.4081298031496061
20
3.6854138976377953
11
5.4076888976377955
21
3.6864783070866141
0
LINE
8
BLACK
6
CONTINUOUS
10
5.4076888976377955
20
3.6864783070866141
11
5.4076321653543307
21
3.6870543700787399
0
LINE
8
BLACK
6
CONTINUOUS
10
5.4076321653543307
20
3.6870543700787399
11
5.4076321653543307
21
3.7069797637795276
0
LINE
8
BLACK
6
CONTINUOUS
10
5.4076321653543307
20
3.7069797637795276
11
5.4065092913385824
21
3.7092255118110233
0
LINE
8
BLACK
6
CONTINUOUS
10
5.4065092913385824
20
3.7092255118110233
11
5.4042635433070867
21
3.7103483464566929
0
LINE
8
BLACK
6
CONTINUOUS
10
5.4042635433070867
20
3.7103483464566929
11
5.4000333464566932
21
3.7103483464566929
0
LINE
8
BLACK
6
CONTINUOUS
10
5.4000333464566932
20
3.7103483464566929
11
5.3977875984251966
21
3.7092255118110233
0
LINE
8
BLACK
6
CONTINUOUS
10
5.3977875984251966
20
3.7092255118110233
11
5.3966647637795271
21
3.7069797637795276
0
LINE
8
BLACK
6
CONTINUOUS
10
5.3966647637795271
20
3.7069797637795276
11
5.3966647637795271
21
3.6870543700787399
0
LINE
8
BLACK
6
CONTINUOUS
10
5.3966647637795271
20
3.6870543700787399
11
5.3966080314960632
21
3.6864783070866141
0
LINE
8
BLACK
6
CONTINUOUS
10
5.3966080314960632
20
3.6864783070866141
11
5.3961671259842516
21
3.6854138976377953
0
LINE
8
BLACK
6
CONTINUOUS
10
5.3961671259842516
20
3.6854138976377953
11
5.3953524803149602
21
3.6845992519685038
0
LINE
8
BLACK
6
CONTINUOUS
10
5.3953524803149602
20
3.6845992519685038
11
5.3942880708661418
21
3.6841583464566927
0
LINE
8
BLACK
6
CONTINUOUS
10
5.3942880708661418
20
3.6841583464566927
11
5.3931359448818901
21
3.6841583464566927
0
LINE
8
BLACK
6
CONTINUOUS
10
5.3931359448818901
20
3.6841583464566927
11
5.3920715354330708
21
3.6845992519685038
0
LINE
8
BLACK
6
CONTINUOUS
10
5.3920715354330708
20
3.6845992519685038
11
5.3912568897637794
21
3.6854138976377953
0
LINE
8
BLACK
6
CONTINUOUS
10
5.3912568897637794
20
3.6854138976377953
11
5.3908159842519687
21
3.6864783070866141
0
LINE
8
BLACK
6
CONTINUOUS
10
5.3908159842519687
20
3.6864783070866141
11
5.3907592519685039
21
3.6870543700787399
0
LINE
8
BLACK
6
CONTINUOUS
10
5.3907592519685039
20
3.6870543700787399
11
5.3907592519685039
21
3.7069797637795276
0
LINE
8
BLACK
6
CONTINUOUS
10
5.3907592519685039
20
3.7069797637795276
11
5.3896363779527556
21
3.7092255118110233
0
LINE
8
BLACK
6
CONTINUOUS
10
5.3896363779527556
20
3.7092255118110233
11
5.3873906692913387
21
3.7103483464566929
0
LINE
8
BLACK
6
CONTINUOUS
10
5.3873906692913387
20
3.7103483464566929
11
5.3831604724409452
21
3.7103483464566929
0
LINE
8
BLACK
6
CONTINUOUS
10
5.3831604724409452
20
3.7103483464566929
11
5.3804629921259846
21
3.7089996062992125
0
LINE
8
BLACK
6
CONTINUOUS
10
5.3804629921259846
20
3.7089996062992125
11
5.3797918897637791
21
3.708328503937008
0
LINE
8
BLACK
6
CONTINUOUS
10
5.3797918897637791
20
3.708328503937008
11
5.3797918897637791
21
3.6870543700787399
0
LINE
8
BLACK
6
CONTINUOUS
10
5.3797918897637791
20
3.6870543700787399
11
5.3797351574803152
21
3.6864783070866141
0
LINE
8
BLACK
6
CONTINUOUS
10
5.3797351574803152
20
3.6864783070866141
11
5.3792942519685036
21
3.6854138976377953
0
LINE
8
BLACK
6
CONTINUOUS
10
5.3792942519685036
20
3.6854138976377953
11
5.3784796062992122
21
3.6845992519685038
0
LINE
8
BLACK
6
CONTINUOUS
10
5.3784796062992122
20
3.6845992519685038
11
5.3774151968503938
21
3.6841583464566927
0
LINE
8
BLACK
6
CONTINUOUS
10
5.3774151968503938
20
3.6841583464566927
11
5.3762630708661412
21
3.6841583464566927
0
LINE
8
BLACK
6
CONTINUOUS
10
5.3762630708661412
20
3.6841583464566927
11
5.3751986614173228
21
3.6845992519685038
0
LINE
8
BLACK
6
CONTINUOUS
10
5.3751986614173228
20
3.6845992519685038
11
5.3743840157480314
21
3.6854138976377953
0
LINE
8
BLACK
6
CONTINUOUS
10
5.3743840157480314
20
3.6854138976377953
11
5.3739431102362207
21
3.6864783070866141
0
LINE
8
BLACK
6
CONTINUOUS
10
5.3739431102362207
20
3.6864783070866141
11
5.3738863779527559
21
3.6870543700787399
0
LINE
8
BLACK
6
CONTINUOUS
10
5.3738863779527559
20
3.6870543700787399
11
5.3738863779527559
21
3.7133011023622045
0
LINE
8
BLACK
6
CONTINUOUS
10
5.3738863779527559
20
3.7133011023622045
11
5.3739431102362207
21
3.7138771653543308
0
LINE
8
BLACK
6
CONTINUOUS
10
5.3739431102362207
20
3.7138771653543308
11
5.3743840157480314
21
3.7149415748031496
0
LINE
8
BLACK
6
CONTINUOUS
10
5.3743840157480314
20
3.7149415748031496
11
5.3751986614173228
21
3.715756220472441
0
LINE
8
BLACK
6
CONTINUOUS
10
5.3751986614173228
20
3.715756220472441
11
5.3762630708661412
21
3.7161971259842517
0
LINE
8
BLACK
6
CONTINUOUS
10
5.3762630708661412
20
3.7161971259842517
11
5.3774151968503938
21
3.7161971259842517
0
LINE
8
BLACK
6
CONTINUOUS
10
5.3774151968503938
20
3.7161971259842517
11
5.3784796062992122
21
3.715756220472441
0
LINE
8
BLACK
6
CONTINUOUS
10
5.3784796062992122
20
3.715756220472441
11
5.3792434251968499
21
3.7149924015748033
0
LINE
8
BLACK
6
CONTINUOUS
10
5.3792434251968499
20
3.7149924015748033
11
5.3811429133858271
21
3.715942125984252
0
LINE
8
BLACK
6
CONTINUOUS
10
5.3811429133858271
20
3.715942125984252
11
5.3816835039370075
21
3.7161490157480315
0
LINE
8
BLACK
6
CONTINUOUS
10
5.3816835039370075
20
3.7161490157480315
11
5.3817893700787405
21
3.7161565748031493
0
LINE
8
BLACK
6
CONTINUOUS
10
5.3817893700787405
20
3.7161565748031493
11
5.3818873622047239
21
3.7161971259842517
0
LINE
8
BLACK
6
CONTINUOUS
10
5.3818873622047239
20
3.7161971259842517
11
5.3824634251968506
21
3.7162538582677165
0
LINE
8
BLACK
6
CONTINUOUS
10
5.3824634251968506
20
3.7162538582677165
11
5.3880877165354333
21
3.7162538582677165
0
LINE
8
BLACK
6
CONTINUOUS
10
5.3880877165354333
20
3.7162538582677165
11
5.3886637795275592
21
3.7161971259842517
0
CIRCLE
8
BLACK
10
1.4364566929133857
20
0.5951181102362204
40
0.0068897637795276
0
CIRCLE
8
BLACK
10
2.1962992125984253
20
0.5951181102362204
40
0.0068897637795276
0
CIRCLE
8
BLACK
10
1.4364566929133857
20
2.7848818897637795
40
0.0068897637795276
0
CIRCLE
8
BLACK
10
2.1962992125984253
20
2.7848818897637795
40
0.0068897637795276
0
CIRCLE
8
BLACK
10
1.4364566929133857
20
0.2608661417322835
40
0.0068897637795276
0
CIRCLE
8
BLACK
10
1.4364566929133857
20
3.1191338582677166
40
0.0068897637795276
0
CIRCLE
8
BLACK
10
2.1962992125984253
20
0.2608661417322835
40
0.0068897637795276
0
CIRCLE
8
BLACK
10
2.1962992125984253
20
3.1191338582677166
40
0.0068897637795276
0
CIRCLE
8
BLACK
10
5.1899999999999995
20
3.0899999999999999
40
0.0068897637795276
0
LINE
8
BLACK
6
CONTINUOUS
10
5.1175107480314956
20
1.3246533858267717
11
5.1210587795275586
21
1.3231837401574802
0
LINE
8
BLACK
6
CONTINUOUS
10
5.1210587795275586
20
1.3231837401574802
11
5.1237742913385826
21
1.3204682283464566
0
LINE
8
BLACK
6
CONTINUOUS
10
5.1237742913385826
20
1.3204682283464566
11
5.1252439370078742
21
1.3169201968503936
0
LINE
8
BLACK
6
CONTINUOUS
10
5.1252439370078742
20
1.3169201968503936
11
5.1252439370078742
21
1.3130798031496063
0
LINE
8
BLACK
6
CONTINUOUS
10
5.1252439370078742
20
1.3130798031496063
11
5.1237742913385826
21
1.3095317716535433
0
LINE
8
BLACK
6
CONTINUOUS
10
5.1237742913385826
20
1.3095317716535433
11
5.1210587795275586
21
1.3068162598425197
0
LINE
8
BLACK
6
CONTINUOUS
10
5.1210587795275586
20
1.3068162598425197
11
5.1175107480314956
21
1.3053466141732284
0
LINE
8
BLACK
6
CONTINUOUS
10
5.1175107480314956
20
1.3053466141732284
11
5.1155905511811026
21
1.3051574803149606
0
LINE
8
BLACK
6
CONTINUOUS
10
5.1155905511811026
20
1.3051574803149606
11
5.0998425196850397
21
1.3051574803149606
0
LINE
8
BLACK
6
CONTINUOUS
10
5.0998425196850397
20
1.3051574803149606
11
5.0979223228346457
21
1.3053466141732284
0
LINE
8
BLACK
6
CONTINUOUS
10
5.0979223228346457
20
1.3053466141732284
11
5.0943742913385828
21
1.3068162598425197
0
LINE
8
BLACK
6
CONTINUOUS
10
5.0943742913385828
20
1.3068162598425197
11
5.0916587795275587
21
1.3095317716535433
0
LINE
8
BLACK
6
CONTINUOUS
10
5.0916587795275587
20
1.3095317716535433
11
5.0901891338582672
21
1.3130798031496063
0
LINE
8
BLACK
6
CONTINUOUS
10
5.0901891338582672
20
1.3130798031496063
11
5.0901891338582672
21
1.3169201968503936
0
LINE
8
BLACK
6
CONTINUOUS
10
5.0901891338582672
20
1.3169201968503936
11
5.0916587795275587
21
1.3204682283464566
0
LINE
8
BLACK
6
CONTINUOUS
10
5.0916587795275587
20
1.3204682283464566
11
5.0943742913385828
21
1.3231837401574802
0
LINE
8
BLACK
6
CONTINUOUS
10
5.0943742913385828
20
1.3231837401574802
11
5.0979223228346457
21
1.3246533858267717
0
LINE
8
BLACK
6
CONTINUOUS
10
5.0979223228346457
20
1.3246533858267717
11
5.0998425196850397
21
1.3248425196850393
0
LINE
8
BLACK
6
CONTINUOUS
10
5.0998425196850397
20
1.3248425196850393
11
5.1155905511811026
21
1.3248425196850393
0
LINE
8
BLACK
6
CONTINUOUS
10
5.1155905511811026
20
1.3248425196850393
11
5.1175107480314956
21
1.3246533858267717
0
LINE
8
BLACK
6
CONTINUOUS
10
5.1175107480314956
20
1.4919762204724409
11
5.1210587795275586
21
1.4905065748031496
0
LINE
8
BLACK
6
CONTINUOUS
10
5.1210587795275586
20
1.4905065748031496
11
5.1237742913385826
21
1.487791062992126
0
LINE
8
BLACK
6
CONTINUOUS
10
5.1237742913385826
20
1.487791062992126
11
5.1252439370078742
21
1.4842430314960628
0
LINE
8
BLACK
6
CONTINUOUS
10
5.1252439370078742
20
1.4842430314960628
11
5.1252439370078742
21
1.4804026377952755
0
LINE
8
BLACK
6
CONTINUOUS
10
5.1252439370078742
20
1.4804026377952755
11
5.1237742913385826
21
1.4768546062992125
0
LINE
8
BLACK
6
CONTINUOUS
10
5.1237742913385826
20
1.4768546062992125
11
5.1210587795275586
21
1.4741390944881889
0
LINE
8
BLACK
6
CONTINUOUS
10
5.1210587795275586
20
1.4741390944881889
11
5.1175107480314956
21
1.4726694488188976
0
LINE
8
BLACK
6
CONTINUOUS
10
5.1175107480314956
20
1.4726694488188976
11
5.1155905511811026
21
1.4724803149606298
0
LINE
8
BLACK
6
CONTINUOUS
10
5.1155905511811026
20
1.4724803149606298
11
5.0998425196850397
21
1.4724803149606298
0
LINE
8
BLACK
6
CONTINUOUS
10
5.0998425196850397
20
1.4724803149606298
11
5.0979223228346457
21
1.4726694488188976
0
LINE
8
BLACK
6
CONTINUOUS
10
5.0979223228346457
20
1.4726694488188976
11
5.0943742913385828
21
1.4741390944881889
0
LINE
8
BLACK
6
CONTINUOUS
10
5.0943742913385828
20
1.4741390944881889
11
5.0916587795275587
21
1.4768546062992125
0
LINE
8
BLACK
6
CONTINUOUS
10
5.0916587795275587
20
1.4768546062992125
11
5.0901891338582672
21
1.4804026377952755
0
LINE
8
BLACK
6
CONTINUOUS
10
5.0901891338582672
20
1.4804026377952755
11
5.0901891338582672
21
1.4842430314960628
0
LINE
8
BLACK
6
CONTINUOUS
10
5.0901891338582672
20
1.4842430314960628
11
5.0916587795275587
21
1.487791062992126
0
LINE
8
BLACK
6
CONTINUOUS
10
5.0916587795275587
20
1.487791062992126
11
5.0943742913385828
21
1.4905065748031496
0
LINE
8
BLACK
6
CONTINUOUS
10
5.0943742913385828
20
1.4905065748031496
11
5.0979223228346457
21
1.4919762204724409
0
LINE
8
BLACK
6
CONTINUOUS
10
5.0979223228346457
20
1.4919762204724409
11
5.0998425196850397
21
1.4921653543307087
0
LINE
8
BLACK
6
CONTINUOUS
10
5.0998425196850397
20
1.4921653543307087
11
5.1155905511811026
21
1.4921653543307087
0
LINE
8
BLACK
6
CONTINUOUS
10
5.1155905511811026
20
1.4921653543307087
11
5.1175107480314956
21
1.4919762204724409
0
CIRCLE
8
BLACK
10
0.39
20
3.0899999999999999
40
0.0068897637795276
0
CIRCLE
8
BLACK
10
3.0506299212598424
20
0.5953149606299213
40
0.0068897637795276
0
CIRCLE
8
BLACK
10
3.8104724409448818
20
0.5953149606299213
40
0.0068897637795276
0
CIRCLE
8
BLACK
10
4.5703149606299212
20
0.5953149606299213
40
0.0068897637795276
0
CIRCLE
8
BLACK
10
3.0506299212598424
20
2.7846850393700788
40
0.0068897637795276
0
CIRCLE
8
BLACK
10
3.8104724409448818
20
2.7846850393700788
40
0.0068897637795276
0
CIRCLE
8
BLACK
10
4.5703149606299212
20
2.7846850393700788
40
0.0068897637795276
0
CIRCLE
8
BLACK
10
3.0506299212598424
20
0.2628346456692913
40
0.0068897637795276
0
CIRCLE
8
BLACK
10
3.0506299212598424
20
3.1171653543307087
40
0.0068897637795276
0
CIRCLE
8
BLACK
10
3.8104724409448818
20
0.2628346456692913
40
0.0068897637795276
0
CIRCLE
8
BLACK
10
3.8104724409448818
20
3.1171653543307087
40
0.0068897637795276
0
CIRCLE
8
BLACK
10
4.5703149606299212
20
0.2628346456692913
40
0.0068897637795276
0
CIRCLE
8
BLACK
10
4.5703149606299212
20
3.1171653543307087
40
0.0068897637795276
0
CIRCLE
8
BLACK
10
5.1899999999999995
20
0.29
40
0.0068897637795276
0
CIRCLE
8
BLACK
10
0.39
20
0.29
40
0.0068897637795276
0
CIRCLE
8
BLACK
10
0.7494488188976378
20
2.6321259842519686
40
0.0068897637795276
0
CIRCLE
8
BLACK
10
0.7494488188976378
20
0.7340944881889764
40
0.0068897637795276
0
CIRCLE
8
BLACK
10
0.5289763779527559
20
1.4931496062992127
40
0.0068897637795276
0
CIRCLE
8
BLACK
10
0.5289763779527559
20
1.5718897637795275
40
0.0068897637795276
0
CIRCLE
8
BLACK
10
0.5289763779527559
20
1.6506299212598425
40
0.0068897637795276
0
CIRCLE
8
BLACK
10
0.5289763779527559
20
1.7293700787401574
40
0.0068897637795276
0
CIRCLE
8
BLACK
10
0.5289763779527559
20
1.8081102362204724
40
0.0068897637795276
0
CIRCLE
8
BLACK
10
0.5289763779527559
20
1.8868503937007874
40
0.0068897637795276
0
CIRCLE
8
BLACK
10
0.6077165354330708
20
1.4931496062992127
40
0.0068897637795276
0
CIRCLE
8
BLACK
10
0.6077165354330708
20
1.5718897637795275
40
0.0068897637795276
0
CIRCLE
8
BLACK
10
0.6077165354330708
20
1.6506299212598425
40
0.0068897637795276
0
CIRCLE
8
BLACK
10
0.6077165354330708
20
1.7293700787401574
40
0.0068897637795276
0
CIRCLE
8
BLACK
10
0.6077165354330708
20
1.8081102362204724
40
0.0068897637795276
0
CIRCLE
8
BLACK
10
0.6077165354330708
20
1.8868503937007874
40
0.0068897637795276
0
CIRCLE
8
BLACK
10
0.6864566929133858
20
1.4931496062992127
40
0.0068897637795276
0
CIRCLE
8
BLACK
10
0.6864566929133858
20
1.5718897637795275
40
0.0068897637795276
0
CIRCLE
8
BLACK
10
0.6864566929133858
20
1.6506299212598425
40
0.0068897637795276
0
CIRCLE
8
BLACK
10
0.6864566929133858
20
1.7293700787401574
40
0.0068897637795276
0
CIRCLE
8
BLACK
10
0.6864566929133858
20
1.8081102362204724
40
0.0068897637795276
0
CIRCLE
8
BLACK
10
0.6864566929133858
20
1.8868503937007874
40
0.0068897637795276
0
CIRCLE
8
BLACK
10
0.7651968503937008
20
1.4931496062992127
40
0.0068897637795276
0
CIRCLE
8
BLACK
10
0.7651968503937008
20
1.5718897637795275
40
0.0068897637795276
0
CIRCLE
8
BLACK
10
0.7651968503937008
20
1.6506299212598425
40
0.0068897637795276
0
CIRCLE
8
BLACK
10
0.7651968503937008
20
1.7293700787401574
40
0.0068897637795276
0
CIRCLE
8
BLACK
10
0.7651968503937008
20
1.8081102362204724
40
0.0068897637795276
0
CIRCLE
8
BLACK
10
0.7651968503937008
20
1.8868503937007874
40
0.0068897637795276
0
CIRCLE
8
BLACK
10
0.8439370078740157
20
1.4931496062992127
40
0.0068897637795276
0
CIRCLE
8
BLACK
10
0.8439370078740157
20
1.5718897637795275
40
0.0068897637795276
0
CIRCLE
8
BLACK
10
0.8439370078740157
20
1.6506299212598425
40
0.0068897637795276
0
CIRCLE
8
BLACK
10
0.8439370078740157
20
1.7293700787401574
40
0.0068897637795276
0
CIRCLE
8
BLACK
10
0.8439370078740157
20
1.8081102362204724
40
0.0068897637795276
0
CIRCLE
8
BLACK
10
0.8439370078740157
20
1.8868503937007874
40
0.0068897637795276
0
CIRCLE
8
BLACK
10
0.9462992125984252
20
1.068740157480315
40
0.0068897637795276
0
CIRCLE
8
BLACK
10
0.8478740157480315
20
1.068740157480315
40
0.0068897637795276
0
CIRCLE
8
BLACK
10
0.7494488188976378
20
1.068740157480315
40
0.0068897637795276
0
CIRCLE
8
BLACK
10
0.6510236220472441
20
1.068740157480315
40
0.0068897637795276
0
CIRCLE
8
BLACK
10
0.5525984251968504
20
1.068740157480315
40
0.0068897637795276
0
CIRCLE
8
BLACK
10
0.9462992125984252
20
0.9506299212598425
40
0.0068897637795276
0
CIRCLE
8
BLACK
10
0.8478740157480315
20
0.9506299212598425
40
0.0068897637795276
0
CIRCLE
8
BLACK
10
0.7494488188976378
20
0.9506299212598425
40
0.0068897637795276
0
CIRCLE
8
BLACK
10
0.6510236220472441
20
0.9506299212598425
40
0.0068897637795276
0
CIRCLE
8
BLACK
10
0.5525984251968504
20
0.9506299212598425
40
0.0068897637795276
0
CIRCLE
8
BLACK
10
0.9462992125984252
20
1.285275590551181
40
0.0068897637795276
0
CIRCLE
8
BLACK
10
0.8478740157480315
20
1.285275590551181
40
0.0068897637795276
0
CIRCLE
8
BLACK
10
0.7494488188976378
20
1.285275590551181
40
0.0068897637795276
0
CIRCLE
8
BLACK
10
0.6510236220472441
20
1.285275590551181
40
0.0068897637795276
0
CIRCLE
8
BLACK
10
0.5525984251968504
20
1.285275590551181
40
0.0068897637795276
0
CIRCLE
8
BLACK
10
0.9462992125984252
20
1.1671653543307086
40
0.0068897637795276
0
CIRCLE
8
BLACK
10
0.8478740157480315
20
1.1671653543307086
40
0.0068897637795276
0
CIRCLE
8
BLACK
10
0.7494488188976378
20
1.1671653543307086
40
0.0068897637795276
0
CIRCLE
8
BLACK
10
0.6510236220472441
20
1.1671653543307086
40
0.0068897637795276
0
CIRCLE
8
BLACK
10
0.5525984251968504
20
1.1671653543307086
40
0.0068897637795276
0
CIRCLE
8
BLACK
10
0.9462992125984252
20
2.1990551181102362
40
0.0068897637795276
0
CIRCLE
8
BLACK
10
0.8478740157480315
20
2.1990551181102362
40
0.0068897637795276
0
CIRCLE
8
BLACK
10
0.7494488188976378
20
2.1990551181102362
40
0.0068897637795276
0
CIRCLE
8
BLACK
10
0.6510236220472441
20
2.1990551181102362
40
0.0068897637795276
0
CIRCLE
8
BLACK
10
0.5525984251968504
20
2.1990551181102362
40
0.0068897637795276
0
CIRCLE
8
BLACK
10
0.9462992125984252
20
2.0809448818897636
40
0.0068897637795276
0
CIRCLE
8
BLACK
10
0.8478740157480315
20
2.0809448818897636
40
0.0068897637795276
0
CIRCLE
8
BLACK
10
0.7494488188976378
20
2.0809448818897636
40
0.0068897637795276
0
CIRCLE
8
BLACK
10
0.6510236220472441
20
2.0809448818897636
40
0.0068897637795276
0
CIRCLE
8
BLACK
10
0.5525984251968504
20
2.0809448818897636
40
0.0068897637795276
0
CIRCLE
8
BLACK
10
0.9462992125984252
20
2.4155905511811024
40
0.0068897637795276
0
CIRCLE
8
BLACK
10
0.8478740157480315
20
2.4155905511811024
40
0.0068897637795276
0
CIRCLE
8
BLACK
10
0.7494488188976378
20
2.4155905511811024
40
0.0068897637795276
0
CIRCLE
8
BLACK
10
0.6510236220472441
20
2.4155905511811024
40
0.0068897637795276
0
CIRCLE
8
BLACK
10
0.5525984251968504
20
2.4155905511811024
40
0.0068897637795276
0
CIRCLE
8
BLACK
10
0.9462992125984252
20
2.2974803149606298
40
0.0068897637795276
0
CIRCLE
8
BLACK
10
0.8478740157480315
20
2.2974803149606298
40
0.0068897637795276
0
CIRCLE
8
BLACK
10
0.7494488188976378
20
2.2974803149606298
40
0.0068897637795276
0
CIRCLE
8
BLACK
10
0.6510236220472441
20
2.2974803149606298
40
0.0068897637795276
0
CIRCLE
8
BLACK
10
0.5525984251968504
20
2.2974803149606298
40
0.0068897637795276
0
LINE
8
BLACK
6
CONTINUOUS
10
5.1214477559055114
20
1.0352833070866141
11
5.1249957874015744
21
1.0338136614173228
0
LINE
8
BLACK
6
CONTINUOUS
10
5.1249957874015744
20
1.0338136614173228
11
5.1277112992125984
21
1.0310981496062992
0
LINE
8
BLACK
6
CONTINUOUS
10
5.1277112992125984
20
1.0310981496062992
11
5.1291809448818899
21
1.0275501181102362
0
LINE
8
BLACK
6
CONTINUOUS
10
5.1291809448818899
20
1.0275501181102362
11
5.1291809448818899
21
1.0237097244094489
0
LINE
8
BLACK
6
CONTINUOUS
10
5.1291809448818899
20
1.0237097244094489
11
5.1277112992125984
21
1.0201616929133859
0
LINE
8
BLACK
6
CONTINUOUS
10
5.1277112992125984
20
1.0201616929133859
11
5.1249957874015744
21
1.0174461811023623
0
LINE
8
BLACK
6
CONTINUOUS
10
5.1249957874015744
20
1.0174461811023623
11
5.1214477559055114
21
1.0159765354330708
0
LINE
8
BLACK
6
CONTINUOUS
10
5.1214477559055114
20
1.0159765354330708
11
5.1195275590551184
21
1.0157874015748032
0
LINE
8
BLACK
6
CONTINUOUS
10
5.1195275590551184
20
1.0157874015748032
11
5.1037795275590554
21
1.0157874015748032
0
LINE
8
BLACK
6
CONTINUOUS
10
5.1037795275590554
20
1.0157874015748032
11
5.1018593307086615
21
1.0159765354330708
0
LINE
8
BLACK
6
CONTINUOUS
10
5.1018593307086615
20
1.0159765354330708
11
5.0983112992125985
21
1.0174461811023623
0
LINE
8
BLACK
6
CONTINUOUS
10
5.0983112992125985
20
1.0174461811023623
11
5.0955957874015745
21
1.0201616929133859
0
LINE
8
BLACK
6
CONTINUOUS
10
5.0955957874015745
20
1.0201616929133859
11
5.094126141732283
21
1.0237097244094489
0
LINE
8
BLACK
6
CONTINUOUS
10
5.094126141732283
20
1.0237097244094489
11
5.094126141732283
21
1.0275501181102362
0
LINE
8
BLACK
6
CONTINUOUS
10
5.094126141732283
20
1.0275501181102362
11
5.0955957874015745
21
1.0310981496062992
0
LINE
8
BLACK
6
CONTINUOUS
10
5.0955957874015745
20
1.0310981496062992
11
5.0983112992125985
21
1.0338136614173228
0
LINE
8
BLACK
6
CONTINUOUS
10
5.0983112992125985
20
1.0338136614173228
11
5.1018593307086615
21
1.0352833070866141
0
LINE
8
BLACK
6
CONTINUOUS
10
5.1018593307086615
20
1.0352833070866141
11
5.1037795275590554
21
1.0354724409448819
0
LINE
8
BLACK
6
CONTINUOUS
10
5.1037795275590554
20
1.0354724409448819
11
5.1195275590551184
21
1.0354724409448819
0
LINE
8
BLACK
6
CONTINUOUS
10
5.1195275590551184
20
1.0354724409448819
11
5.1214477559055114
21
1.0352833070866141
0
LINE
8
BLACK
6
CONTINUOUS
10
5.1214477559055114
20
1.2026061417322835
11
5.1249957874015744
21
1.201136496062992
0
LINE
8
BLACK
6
CONTINUOUS
10
5.1249957874015744
20
1.201136496062992
11
5.1277112992125984
21
1.1984209842519684
0
LINE
8
BLACK
6
CONTINUOUS
10
5.1277112992125984
20
1.1984209842519684
11
5.1291809448818899
21
1.1948729527559054
0
LINE
8
BLACK
6
CONTINUOUS
10
5.1291809448818899
20
1.1948729527559054
11
5.1291809448818899
21
1.1910325590551181
0
LINE
8
BLACK
6
CONTINUOUS
10
5.1291809448818899
20
1.1910325590551181
11
5.1277112992125984
21
1.1874845275590551
0
LINE
8
BLACK
6
CONTINUOUS
10
5.1277112992125984
20
1.1874845275590551
11
5.1249957874015744
21
1.1847690157480315
0
LINE
8
BLACK
6
CONTINUOUS
10
5.1249957874015744
20
1.1847690157480315
11
5.1214477559055114
21
1.1832993700787402
0
LINE
8
BLACK
6
CONTINUOUS
10
5.1214477559055114
20
1.1832993700787402
11
5.1195275590551184
21
1.1831102362204724
0
LINE
8
BLACK
6
CONTINUOUS
10
5.1195275590551184
20
1.1831102362204724
11
5.1037795275590554
21
1.1831102362204724
0
LINE
8
BLACK
6
CONTINUOUS
10
5.1037795275590554
20
1.1831102362204724
11
5.1018593307086615
21
1.1832993700787402
0
LINE
8
BLACK
6
CONTINUOUS
10
5.1018593307086615
20
1.1832993700787402
11
5.0983112992125985
21
1.1847690157480315
0
LINE
8
BLACK
6
CONTINUOUS
10
5.0983112992125985
20
1.1847690157480315
11
5.0955957874015745
21
1.1874845275590551
0
LINE
8
BLACK
6
CONTINUOUS
10
5.0955957874015745
20
1.1874845275590551
11
5.094126141732283
21
1.1910325590551181
0
LINE
8
BLACK
6
CONTINUOUS
10
5.094126141732283
20
1.1910325590551181
11
5.094126141732283
21
1.1948729527559054
0
LINE
8
BLACK
6
CONTINUOUS
10
5.094126141732283
20
1.1948729527559054
11
5.0955957874015745
21
1.1984209842519684
0
LINE
8
BLACK
6
CONTINUOUS
10
5.0955957874015745
20
1.1984209842519684
11
5.0983112992125985
21
1.201136496062992
0
LINE
8
BLACK
6
CONTINUOUS
10
5.0983112992125985
20
1.201136496062992
11
5.1018593307086615
21
1.2026061417322835
0
LINE
8
BLACK
6
CONTINUOUS
10
5.1018593307086615
20
1.2026061417322835
11
5.1037795275590554
21
1.2027952755905511
0
LINE
8
BLACK
6
CONTINUOUS
10
5.1037795275590554
20
1.2027952755905511
11
5.1195275590551184
21
1.2027952755905511
0
LINE
8
BLACK
6
CONTINUOUS
10
5.1195275590551184
20
1.2027952755905511
11
5.1214477559055114
21
1.2026061417322835
0
CIRCLE
8
BLACK
10
5.1360629921259839
20
2.8010236220472442
40
0.0068897637795276
0
CIRCLE
8
BLACK
10
5.1360629921259839
20
2.5734645669291338
40
0.0068897637795276
0
LINE
8
BLACK
6
CONTINUOUS
10
5.2982345669291337
20
2.8690327952755905
11
5.3012127952755908
21
2.8682348031496061
0
LINE
8
BLACK
6
CONTINUOUS
10
5.3012127952755908
20
2.8682348031496061
11
5.3038829921259838
21
2.8666931496062991
0
LINE
8
BLACK
6
CONTINUOUS
10
5.3038829921259838
20
2.8666931496062991
11
5.3060632283464564
21
2.8645129133858269
0
LINE
8
BLACK
6
CONTINUOUS
10
5.3060632283464564
20
2.8645129133858269
11
5.3076048818897634
21
2.861842716535433
0
LINE
8
BLACK
6
CONTINUOUS
10
5.3076048818897634
20
2.861842716535433
11
5.3084028740157478
21
2.8588644881889764
0
LINE
8
BLACK
6
CONTINUOUS
10
5.3084028740157478
20
2.8588644881889764
11
5.3084028740157478
21
2.8557811811023623
0
LINE
8
BLACK
6
CONTINUOUS
10
5.3084028740157478
20
2.8557811811023623
11
5.3076048818897634
21
2.8528029527559053
0
LINE
8
BLACK
6
CONTINUOUS
10
5.3076048818897634
20
2.8528029527559053
11
5.3060632283464564
21
2.8501327559055118
0
LINE
8
BLACK
6
CONTINUOUS
10
5.3060632283464564
20
2.8501327559055118
11
5.3038829921259838
21
2.8479525196850393
0
LINE
8
BLACK
6
CONTINUOUS
10
5.3038829921259838
20
2.8479525196850393
11
5.3012127952755908
21
2.8464108661417322
0
LINE
8
BLACK
6
CONTINUOUS
10
5.3012127952755908
20
2.8464108661417322
11
5.2982345669291337
21
2.8456128740157478
0
LINE
8
BLACK
6
CONTINUOUS
10
5.2982345669291337
20
2.8456128740157478
11
5.2966929133858267
21
2.8455118110236222
0
LINE
8
BLACK
6
CONTINUOUS
10
5.2966929133858267
20
2.8455118110236222
11
5.2651968503937008
21
2.8455118110236222
0
LINE
8
BLACK
6
CONTINUOUS
10
5.2651968503937008
20
2.8455118110236222
11
5.2636551968503937
21
2.8456128740157478
0
LINE
8
BLACK
6
CONTINUOUS
10
5.2636551968503937
20
2.8456128740157478
11
5.2606769685039367
21
2.8464108661417322
0
LINE
8
BLACK
6
CONTINUOUS
10
5.2606769685039367
20
2.8464108661417322
11
5.2580067716535428
21
2.8479525196850393
0
LINE
8
BLACK
6
CONTINUOUS
10
5.2580067716535428
20
2.8479525196850393
11
5.2558265354330711
21
2.8501327559055118
0
LINE
8
BLACK
6
CONTINUOUS
10
5.2558265354330711
20
2.8501327559055118
11
5.2542848818897641
21
2.8528029527559053
0
LINE
8
BLACK
6
CONTINUOUS
10
5.2542848818897641
20
2.8528029527559053
11
5.2534868897637796
21
2.8557811811023623
0
LINE
8
BLACK
6
CONTINUOUS
10
5.2534868897637796
20
2.8557811811023623
11
5.2534868897637796
21
2.8588644881889764
0
LINE
8
BLACK
6
CONTINUOUS
10
5.2534868897637796
20
2.8588644881889764
11
5.2542848818897641
21
2.861842716535433
0
LINE
8
BLACK
6
CONTINUOUS
10
5.2542848818897641
20
2.861842716535433
11
5.2558265354330711
21
2.8645129133858269
0
LINE
8
BLACK
6
CONTINUOUS
10
5.2558265354330711
20
2.8645129133858269
11
5.2580067716535428
21
2.8666931496062991
0
LINE
8
BLACK
6
CONTINUOUS
10
5.2580067716535428
20
2.8666931496062991
11
5.2606769685039367
21
2.8682348031496061
0
LINE
8
BLACK
6
CONTINUOUS
10
5.2606769685039367
20
2.8682348031496061
11
5.2636551968503937
21
2.8690327952755905
0
LINE
8
BLACK
6
CONTINUOUS
10
5.2636551968503937
20
2.8690327952755905
11
5.2651968503937008
21
2.8691338582677166
0
LINE
8
BLACK
6
CONTINUOUS
10
5.2651968503937008
20
2.8691338582677166
11
5.2966929133858267
21
2.8691338582677166
0
LINE
8
BLACK
6
CONTINUOUS
10
5.2966929133858267
20
2.8691338582677166
11
5.2982345669291337
21
2.8690327952755905
0
LINE
8
BLACK
6
CONTINUOUS
10
5.2982345669291337
20
2.5288753149606298
11
5.3012127952755908
21
2.5280773228346458
0
LINE
8
BLACK
6
CONTINUOUS
10
5.3012127952755908
20
2.5280773228346458
11
5.3038829921259838
21
2.5265356692913383
0
LINE
8
BLACK
6
CONTINUOUS
10
5.3038829921259838
20
2.5265356692913383
11
5.3060632283464564
21
2.5243554330708662
0
LINE
8
BLACK
6
CONTINUOUS
10
5.3060632283464564
20
2.5243554330708662
11
5.3076048818897634
21
2.5216852362204722
0
LINE
8
BLACK
6
CONTINUOUS
10
5.3076048818897634
20
2.5216852362204722
11
5.3084028740157478
21
2.5187070078740157
0
LINE
8
BLACK
6
CONTINUOUS
10
5.3084028740157478
20
2.5187070078740157
11
5.3084028740157478
21
2.5156237007874016
0
LINE
8
BLACK
6
CONTINUOUS
10
5.3084028740157478
20
2.5156237007874016
11
5.3076048818897634
21
2.5126454724409446
0
LINE
8
BLACK
6
CONTINUOUS
10
5.3076048818897634
20
2.5126454724409446
11
5.3060632283464564
21
2.5099752755905511
0
LINE
8
BLACK
6
CONTINUOUS
10
5.3060632283464564
20
2.5099752755905511
11
5.3038829921259838
21
2.5077950393700785
0
LINE
8
BLACK
6
CONTINUOUS
10
5.3038829921259838
20
2.5077950393700785
11
5.3012127952755908
21
2.5062533858267715
0
LINE
8
BLACK
6
CONTINUOUS
10
5.3012127952755908
20
2.5062533858267715
11
5.2982345669291337
21
2.5054553937007875
0
LINE
8
BLACK
6
CONTINUOUS
10
5.2982345669291337
20
2.5054553937007875
11
5.2966929133858267
21
2.5053543307086614
0
LINE
8
BLACK
6
CONTINUOUS
10
5.2966929133858267
20
2.5053543307086614
11
5.2651968503937008
21
2.5053543307086614
0
LINE
8
BLACK
6
CONTINUOUS
10
5.2651968503937008
20
2.5053543307086614
11
5.2636551968503937
21
2.5054553937007875
0
LINE
8
BLACK
6
CONTINUOUS
10
5.2636551968503937
20
2.5054553937007875
11
5.2606769685039367
21
2.5062533858267715
0
LINE
8
BLACK
6
CONTINUOUS
10
5.2606769685039367
20
2.5062533858267715
11
5.2580067716535428
21
2.5077950393700785
0
LINE
8
BLACK
6
CONTINUOUS
10
5.2580067716535428
20
2.5077950393700785
11
5.2558265354330711
21
2.5099752755905511
0
LINE
8
BLACK
6
CONTINUOUS
10
5.2558265354330711
20
2.5099752755905511
11
5.2542848818897641
21
2.5126454724409446
0
LINE
8
BLACK
6
CONTINUOUS
10
5.2542848818897641
20
2.5126454724409446
11
5.2534868897637796
21
2.5156237007874016
0
LINE
8
BLACK
6
CONTINUOUS
10
5.2534868897637796
20
2.5156237007874016
11
5.2534868897637796
21
2.5187070078740157
0
LINE
8
BLACK
6
CONTINUOUS
10
5.2534868897637796
20
2.5187070078740157
11
5.2542848818897641
21
2.5216852362204722
0
LINE
8
BLACK
6
CONTINUOUS
10
5.2542848818897641
20
2.5216852362204722
11
5.2558265354330711
21
2.5243554330708662
0
LINE
8
BLACK
6
CONTINUOUS
10
5.2558265354330711
20
2.5243554330708662
11
5.2580067716535428
21
2.5265356692913383
0
LINE
8
BLACK
6
CONTINUOUS
10
5.2580067716535428
20
2.5265356692913383
11
5.2606769685039367
21
2.5280773228346458
0
LINE
8
BLACK
6
CONTINUOUS
10
5.2606769685039367
20
2.5280773228346458
11
5.2636551968503937
21
2.5288753149606298
0
LINE
8
BLACK
6
CONTINUOUS
10
5.2636551968503937
20
2.5288753149606298
11
5.2651968503937008
21
2.5289763779527559
0
LINE
8
BLACK
6
CONTINUOUS
10
5.2651968503937008
20
2.5289763779527559
11
5.2966929133858267
21
2.5289763779527559
0
LINE
8
BLACK
6
CONTINUOUS
10
5.2966929133858267
20
2.5289763779527559
11
5.2982345669291337
21
2.5288753149606298
0
LINE
8
BLACK
6
CONTINUOUS
10
5.1395731496062993
20
2.8690327952755905
11
5.1425513779527554
21
2.8682348031496061
0
LINE
8
BLACK
6
CONTINUOUS
10
5.1425513779527554
20
2.8682348031496061
11
5.1452215748031493
21
2.8666931496062991
0
LINE
8
BLACK
6
CONTINUOUS
10
5.1452215748031493
20
2.8666931496062991
11
5.1474018110236219
21
2.8645129133858269
0
LINE
8
BLACK
6
CONTINUOUS
10
5.1474018110236219
20
2.8645129133858269
11
5.148943464566929
21
2.861842716535433
0
LINE
8
BLACK
6
CONTINUOUS
10
5.148943464566929
20
2.861842716535433
11
5.1497414566929134
21
2.8588644881889764
0
LINE
8
BLACK
6
CONTINUOUS
10
5.1497414566929134
20
2.8588644881889764
11
5.1497414566929134
21
2.8557811811023623
0
LINE
8
BLACK
6
CONTINUOUS
10
5.1497414566929134
20
2.8557811811023623
11
5.148943464566929
21
2.8528029527559053
0
LINE
8
BLACK
6
CONTINUOUS
10
5.148943464566929
20
2.8528029527559053
11
5.1474018110236219
21
2.8501327559055118
0
LINE
8
BLACK
6
CONTINUOUS
10
5.1474018110236219
20
2.8501327559055118
11
5.1452215748031493
21
2.8479525196850393
0
LINE
8
BLACK
6
CONTINUOUS
10
5.1452215748031493
20
2.8479525196850393
11
5.1425513779527554
21
2.8464108661417322
0
LINE
8
BLACK
6
CONTINUOUS
10
5.1425513779527554
20
2.8464108661417322
11
5.1395731496062993
21
2.8456128740157478
0
LINE
8
BLACK
6
CONTINUOUS
10
5.1395731496062993
20
2.8456128740157478
11
5.1380314960629923
21
2.8455118110236222
0
LINE
8
BLACK
6
CONTINUOUS
10
5.1380314960629923
20
2.8455118110236222
11
5.0947244094488191
21
2.8455118110236222
0
LINE
8
BLACK
6
CONTINUOUS
10
5.0947244094488191
20
2.8455118110236222
11
5.0931827559055121
21
2.8456128740157478
0
LINE
8
BLACK
6
CONTINUOUS
10
5.0931827559055121
20
2.8456128740157478
11
5.0902045275590551
21
2.8464108661417322
0
LINE
8
BLACK
6
CONTINUOUS
10
5.0902045275590551
20
2.8464108661417322
11
5.0875343307086611
21
2.8479525196850393
0
LINE
8
BLACK
6
CONTINUOUS
10
5.0875343307086611
20
2.8479525196850393
11
5.0853540944881885
21
2.8501327559055118
0
LINE
8
BLACK
6
CONTINUOUS
10
5.0853540944881885
20
2.8501327559055118
11
5.0838124409448815
21
2.8528029527559053
0
LINE
8
BLACK
6
CONTINUOUS
10
5.0838124409448815
20
2.8528029527559053
11
5.0830144488188971
21
2.8557811811023623
0
LINE
8
BLACK
6
CONTINUOUS
10
5.0830144488188971
20
2.8557811811023623
11
5.0830144488188971
21
2.8588644881889764
0
LINE
8
BLACK
6
CONTINUOUS
10
5.0830144488188971
20
2.8588644881889764
11
5.0838124409448815
21
2.861842716535433
0
LINE
8
BLACK
6
CONTINUOUS
10
5.0838124409448815
20
2.861842716535433
11
5.0853540944881885
21
2.8645129133858269
0
LINE
8
BLACK
6
CONTINUOUS
10
5.0853540944881885
20
2.8645129133858269
11
5.0875343307086611
21
2.8666931496062991
0
LINE
8
BLACK
6
CONTINUOUS
10
5.0875343307086611
20
2.8666931496062991
11
5.0902045275590551
21
2.8682348031496061
0
LINE
8
BLACK
6
CONTINUOUS
10
5.0902045275590551
20
2.8682348031496061
11
5.0931827559055121
21
2.8690327952755905
0
LINE
8
BLACK
6
CONTINUOUS
10
5.0931827559055121
20
2.8690327952755905
11
5.0947244094488191
21
2.8691338582677166
0
LINE
8
BLACK
6
CONTINUOUS
10
5.0947244094488191
20
2.8691338582677166
11
5.1380314960629923
21
2.8691338582677166
0
LINE
8
BLACK
6
CONTINUOUS
10
5.1380314960629923
20
2.8691338582677166
11
5.1395731496062993
21
2.8690327952755905
0
LINE
8
BLACK
6
CONTINUOUS
10
5.1395731496062993
20
2.5288753149606298
11
5.1425513779527554
21
2.5280773228346458
0
LINE
8
BLACK
6
CONTINUOUS
10
5.1425513779527554
20
2.5280773228346458
11
5.1452215748031493
21
2.5265356692913383
0
LINE
8
BLACK
6
CONTINUOUS
10
5.1452215748031493
20
2.5265356692913383
11
5.1474018110236219
21
2.5243554330708662
0
LINE
8
BLACK
6
CONTINUOUS
10
5.1474018110236219
20
2.5243554330708662
11
5.148943464566929
21
2.5216852362204722
0
LINE
8
BLACK
6
CONTINUOUS
10
5.148943464566929
20
2.5216852362204722
11
5.1497414566929134
21
2.5187070078740157
0
LINE
8
BLACK
6
CONTINUOUS
10
5.1497414566929134
20
2.5187070078740157
11
5.1497414566929134
21
2.5156237007874016
0
LINE
8
BLACK
6
CONTINUOUS
10
5.1497414566929134
20
2.5156237007874016
11
5.148943464566929
21
2.5126454724409446
0
LINE
8
BLACK
6
CONTINUOUS
10
5.148943464566929
20
2.5126454724409446
11
5.1474018110236219
21
2.5099752755905511
0
LINE
8
BLACK
6
CONTINUOUS
10
5.1474018110236219
20
2.5099752755905511
11
5.1452215748031493
21
2.5077950393700785
0
LINE
8
BLACK
6
CONTINUOUS
10
5.1452215748031493
20
2.5077950393700785
11
5.1425513779527554
21
2.5062533858267715
0
LINE
8
BLACK
6
CONTINUOUS
10
5.1425513779527554
20
2.5062533858267715
11
5.1395731496062993
21
2.5054553937007875
0
LINE
8
BLACK
6
CONTINUOUS
10
5.1395731496062993
20
2.5054553937007875
11
5.1380314960629923
21
2.5053543307086614
0
LINE
8
BLACK
6
CONTINUOUS
10
5.1380314960629923
20
2.5053543307086614
11
5.0947244094488191
21
2.5053543307086614
0
LINE
8
BLACK
6
CONTINUOUS
10
5.0947244094488191
20
2.5053543307086614
11
5.0931827559055121
21
2.5054553937007875
0
LINE
8
BLACK
6
CONTINUOUS
10
5.0931827559055121
20
2.5054553937007875
11
5.0902045275590551
21
2.5062533858267715
0
LINE
8
BLACK
6
CONTINUOUS
10
5.0902045275590551
20
2.5062533858267715
11
5.0875343307086611
21
2.5077950393700785
0
LINE
8
BLACK
6
CONTINUOUS
10
5.0875343307086611
20
2.5077950393700785
11
5.0853540944881885
21
2.5099752755905511
0
LINE
8
BLACK
6
CONTINUOUS
10
5.0853540944881885
20
2.5099752755905511
11
5.0838124409448815
21
2.5126454724409446
0
LINE
8
BLACK
6
CONTINUOUS
10
5.0838124409448815
20
2.5126454724409446
11
5.0830144488188971
21
2.5156237007874016
0
LINE
8
BLACK
6
CONTINUOUS
10
5.0830144488188971
20
2.5156237007874016
11
5.0830144488188971
21
2.5187070078740157
0
LINE
8
BLACK
6
CONTINUOUS
10
5.0830144488188971
20
2.5187070078740157
11
5.0838124409448815
21
2.5216852362204722
0
LINE
8
BLACK
6
CONTINUOUS
10
5.0838124409448815
20
2.5216852362204722
11
5.0853540944881885
21
2.5243554330708662
0
LINE
8
BLACK
6
CONTINUOUS
10
5.0853540944881885
20
2.5243554330708662
11
5.0875343307086611
21
2.5265356692913383
0
LINE
8
BLACK
6
CONTINUOUS
10
5.0875343307086611
20
2.5265356692913383
11
5.0902045275590551
21
2.5280773228346458
0
LINE
8
BLACK
6
CONTINUOUS
10
5.0902045275590551
20
2.5280773228346458
11
5.0931827559055121
21
2.5288753149606298
0
LINE
8
BLACK
6
CONTINUOUS
10
5.0931827559055121
20
2.5288753149606298
11
5.0947244094488191
21
2.5289763779527559
0
LINE
8
BLACK
6
CONTINUOUS
10
5.0947244094488191
20
2.5289763779527559
11
5.1380314960629923
21
2.5289763779527559
0
LINE
8
BLACK
6
CONTINUOUS
10
5.1380314960629923
20
2.5289763779527559
11
5.1395731496062993
21
2.5288753149606298
0
CIRCLE
8
BLACK
10
1.4364566929133857
20
0.5951181102362204
40
0.0068897637795276
0
CIRCLE
8
BLACK
10
2.1962992125984253
20
0.5951181102362204
40
0.0068897637795276
0
CIRCLE
8
BLACK
10
1.4364566929133857
20
2.7848818897637795
40
0.0068897637795276
0
CIRCLE
8
BLACK
10
2.1962992125984253
20
2.7848818897637795
40
0.0068897637795276
0
CIRCLE
8
BLACK
10
1.4364566929133857
20
0.2608661417322835
40
0.0068897637795276
0
CIRCLE
8
BLACK
10
1.4364566929133857
20
3.1191338582677166
40
0.0068897637795276
0
CIRCLE
8
BLACK
10
2.1962992125984253
20
0.2608661417322835
40
0.0068897637795276
0
CIRCLE
8
BLACK
10
2.1962992125984253
20
3.1191338582677166
40
0.0068897637795276
0
CIRCLE
8
BLACK
10
5.1899999999999995
20
3.0899999999999999
40
0.0068897637795276
0
LINE
8
BLACK
6
CONTINUOUS
10
5.0998425196850397
20
1.3051574803149606
11
5.1155905511811026
21
1.3051574803149606
0
ARC
8
BLACK
10
5.1155905511811026
20
1.3149999999999999
40
0.0098425196850394
50
-90.00000000
51
90.00000000
0
LINE
8
BLACK
6
CONTINUOUS
10
5.1155905511811026
20
1.3248425196850393
11
5.0998425196850397
21
1.3248425196850393
0
ARC
8
BLACK
10
5.0998425196850397
20
1.3149999999999999
40
0.0098425196850394
50
90.00000000
51
270.00000000
0
LINE
8
BLACK
6
CONTINUOUS
10
5.0998425196850397
20
1.4724803149606298
11
5.1155905511811026
21
1.4724803149606298
0
ARC
8
BLACK
10
5.1155905511811026
20
1.4823228346456692
40
0.0098425196850394
50
-90.00000000
51
90.00000000
0
LINE
8
BLACK
6
CONTINUOUS
10
5.1155905511811026
20
1.4921653543307087
11
5.0998425196850397
21
1.4921653543307087
0
ARC
8
BLACK
10
5.0998425196850397
20
1.4823228346456692
40
0.0098425196850394
50
90.00000000
51
270.00000000
0
CIRCLE
8
BLACK
10
0.39
20
3.0899999999999999
40
0.0068897637795276
0
CIRCLE
8
BLACK
10
3.0506299212598424
20
0.5953149606299213
40
0.0068897637795276
0
CIRCLE
8
BLACK
10
3.8104724409448818
20
0.5953149606299213
40
0.0068897637795276
0
CIRCLE
8
BLACK
10
4.5703149606299212
20
0.5953149606299213
40
0.0068897637795276
0
CIRCLE
8
BLACK
10
3.0506299212598424
20
2.7846850393700788
40
0.0068897637795276
0
CIRCLE
8
BLACK
10
3.8104724409448818
20
2.7846850393700788
40
0.0068897637795276
0
CIRCLE
8
BLACK
10
4.5703149606299212
20
2.7846850393700788
40
0.0068897637795276
0
CIRCLE
8
BLACK
10
3.0506299212598424
20
0.2628346456692913
40
0.0068897637795276
0
CIRCLE
8
BLACK
10
3.0506299212598424
20
3.1171653543307087
40
0.0068897637795276
0
CIRCLE
8
BLACK
10
3.8104724409448818
20
0.2628346456692913
40
0.0068897637795276
0
CIRCLE
8
BLACK
10
3.8104724409448818
20
3.1171653543307087
40
0.0068897637795276
0
CIRCLE
8
BLACK
10
4.5703149606299212
20
0.2628346456692913
40
0.0068897637795276
0
CIRCLE
8
BLACK
10
4.5703149606299212
20
3.1171653543307087
40
0.0068897637795276
0
CIRCLE
8
BLACK
10
5.1899999999999995
20
0.29
40
0.0068897637795276
0
CIRCLE
8
BLACK
10
0.39
20
0.29
40
0.0068897637795276
0
CIRCLE
8
BLACK
10
0.7494488188976378
20
2.6321259842519686
40
0.0068897637795276
0
CIRCLE
8
BLACK
10
0.7494488188976378
20
0.7340944881889764
40
0.0068897637795276
0
CIRCLE
8
BLACK
10
0.5289763779527559
20
1.4931496062992127
40
0.0068897637795276
0
CIRCLE
8
BLACK
10
0.5289763779527559
20
1.5718897637795275
40
0.0068897637795276
0
CIRCLE
8
BLACK
10
0.5289763779527559
20
1.6506299212598425
40
0.0068897637795276
0
CIRCLE
8
BLACK
10
0.5289763779527559
20
1.7293700787401574
40
0.0068897637795276
0
CIRCLE
8
BLACK
10
0.5289763779527559
20
1.8081102362204724
40
0.0068897637795276
0
CIRCLE
8
BLACK
10
0.5289763779527559
20
1.8868503937007874
40
0.0068897637795276
0
CIRCLE
8
BLACK
10
0.6077165354330708
20
1.4931496062992127
40
0.0068897637795276
0
CIRCLE
8
BLACK
10
0.6077165354330708
20
1.5718897637795275
40
0.0068897637795276
0
CIRCLE
8
BLACK
10
0.6077165354330708
20
1.6506299212598425
40
0.0068897637795276
0
CIRCLE
8
BLACK
10
0.6077165354330708
20
1.7293700787401574
40
0.0068897637795276
0
CIRCLE
8
BLACK
10
0.6077165354330708
20
1.8081102362204724
40
0.0068897637795276
0
CIRCLE
8
BLACK
10
0.6077165354330708
20
1.8868503937007874
40
0.0068897637795276
0
CIRCLE
8
BLACK
10
0.6864566929133858
20
1.4931496062992127
40
0.0068897637795276
0
CIRCLE
8
BLACK
10
0.6864566929133858
20
1.5718897637795275
40
0.0068897637795276
0
CIRCLE
8
BLACK
10
0.6864566929133858
20
1.6506299212598425
40
0.0068897637795276
0
CIRCLE
8
BLACK
10
0.6864566929133858
20
1.7293700787401574
40
0.0068897637795276
0
CIRCLE
8
BLACK
10
0.6864566929133858
20
1.8081102362204724
40
0.0068897637795276
0
CIRCLE
8
BLACK
10
0.6864566929133858
20
1.8868503937007874
40
0.0068897637795276
0
CIRCLE
8
BLACK
10
0.7651968503937008
20
1.4931496062992127
40
0.0068897637795276
0
CIRCLE
8
BLACK
10
0.7651968503937008
20
1.5718897637795275
40
0.0068897637795276
0
CIRCLE
8
BLACK
10
0.7651968503937008
20
1.6506299212598425
40
0.0068897637795276
0
CIRCLE
8
BLACK
10
0.7651968503937008
20
1.7293700787401574
40
0.0068897637795276
0
CIRCLE
8
BLACK
10
0.7651968503937008
20
1.8081102362204724
40
0.0068897637795276
0
CIRCLE
8
BLACK
10
0.7651968503937008
20
1.8868503937007874
40
0.0068897637795276
0
CIRCLE
8
BLACK
10
0.8439370078740157
20
1.4931496062992127
40
0.0068897637795276
0
CIRCLE
8
BLACK
10
0.8439370078740157
20
1.5718897637795275
40
0.0068897637795276
0
CIRCLE
8
BLACK
10
0.8439370078740157
20
1.6506299212598425
40
0.0068897637795276
0
CIRCLE
8
BLACK
10
0.8439370078740157
20
1.7293700787401574
40
0.0068897637795276
0
CIRCLE
8
BLACK
10
0.8439370078740157
20
1.8081102362204724
40
0.0068897637795276
0
CIRCLE
8
BLACK
10
0.8439370078740157
20
1.8868503937007874
40
0.0068897637795276
0
CIRCLE
8
BLACK
10
0.9462992125984252
20
1.068740157480315
40
0.0068897637795276
0
CIRCLE
8
BLACK
10
0.8478740157480315
20
1.068740157480315
40
0.0068897637795276
0
CIRCLE
8
BLACK
10
0.7494488188976378
20
1.068740157480315
40
0.0068897637795276
0
CIRCLE
8
BLACK
10
0.6510236220472441
20
1.068740157480315
40
0.0068897637795276
0
CIRCLE
8
BLACK
10
0.5525984251968504
20
1.068740157480315
40
0.0068897637795276
0
CIRCLE
8
BLACK
10
0.9462992125984252
20
0.9506299212598425
40
0.0068897637795276
0
CIRCLE
8
BLACK
10
0.8478740157480315
20
0.9506299212598425
40
0.0068897637795276
0
CIRCLE
8
BLACK
10
0.7494488188976378
20
0.9506299212598425
40
0.0068897637795276
0
CIRCLE
8
BLACK
10
0.6510236220472441
20
0.9506299212598425
40
0.0068897637795276
0
CIRCLE
8
BLACK
10
0.5525984251968504
20
0.9506299212598425
40
0.0068897637795276
0
CIRCLE
8
BLACK
10
0.9462992125984252
20
1.285275590551181
40
0.0068897637795276
0
CIRCLE
8
BLACK
10
0.8478740157480315
20
1.285275590551181
40
0.0068897637795276
0
CIRCLE
8
BLACK
10
0.7494488188976378
20
1.285275590551181
40
0.0068897637795276
0
CIRCLE
8
BLACK
10
0.6510236220472441
20
1.285275590551181
40
0.0068897637795276
0
CIRCLE
8
BLACK
10
0.5525984251968504
20
1.285275590551181
40
0.0068897637795276
0
CIRCLE
8
BLACK
10
0.9462992125984252
20
1.1671653543307086
40
0.0068897637795276
0
CIRCLE
8
BLACK
10
0.8478740157480315
20
1.1671653543307086
40
0.0068897637795276
0
CIRCLE
8
BLACK
10
0.7494488188976378
20
1.1671653543307086
40
0.0068897637795276
0
CIRCLE
8
BLACK
10
0.6510236220472441
20
1.1671653543307086
40
0.0068897637795276
0
CIRCLE
8
BLACK
10
0.5525984251968504
20
1.1671653543307086
40
0.0068897637795276
0
CIRCLE
8
BLACK
10
0.9462992125984252
20
2.1990551181102362
40
0.0068897637795276
0
CIRCLE
8
BLACK
10
0.8478740157480315
20
2.1990551181102362
40
0.0068897637795276
0
CIRCLE
8
BLACK
10
0.7494488188976378
20
2.1990551181102362
40
0.0068897637795276
0
CIRCLE
8
BLACK
10
0.6510236220472441
20
2.1990551181102362
40
0.0068897637795276
0
CIRCLE
8
BLACK
10
0.5525984251968504
20
2.1990551181102362
40
0.0068897637795276
0
CIRCLE
8
BLACK
10
0.9462992125984252
20
2.0809448818897636
40
0.0068897637795276
0
CIRCLE
8
BLACK
10
0.8478740157480315
20
2.0809448818897636
40
0.0068897637795276
0
CIRCLE
8
BLACK
10
0.7494488188976378
20
2.0809448818897636
40
0.0068897637795276
0
CIRCLE
8
BLACK
10
0.6510236220472441
20
2.0809448818897636
40
0.0068897637795276
0
CIRCLE
8
BLACK
10
0.5525984251968504
20
2.0809448818897636
40
0.0068897637795276
0
CIRCLE
8
BLACK
10
0.9462992125984252
20
2.4155905511811024
40
0.0068897637795276
0
CIRCLE
8
BLACK
10
0.8478740157480315
20
2.4155905511811024
40
0.0068897637795276
0
CIRCLE
8
BLACK
10
0.7494488188976378
20
2.4155905511811024
40
0.0068897637795276
0
CIRCLE
8
BLACK
10
0.6510236220472441
20
2.4155905511811024
40
0.0068897637795276
0
CIRCLE
8
BLACK
10
0.5525984251968504
20
2.4155905511811024
40
0.0068897637795276
0
CIRCLE
8
BLACK
10
0.9462992125984252
20
2.2974803149606298
40
0.0068897637795276
0
CIRCLE
8
BLACK
10
0.8478740157480315
20
2.2974803149606298
40
0.0068897637795276
0
CIRCLE
8
BLACK
10
0.7494488188976378
20
2.2974803149606298
40
0.0068897637795276
0
CIRCLE
8
BLACK
10
0.6510236220472441
20
2.2974803149606298
40
0.0068897637795276
0
CIRCLE
8
BLACK
10
0.5525984251968504
20
2.2974803149606298
40
0.0068897637795276
0
LINE
8
BLACK
6
CONTINUOUS
10
5.1037795275590554
20
1.0157874015748032
11
5.1195275590551184
21
1.0157874015748032
0
ARC
8
BLACK
10
5.1195275590551184
20
1.0256299212598425
40
0.0098425196850394
50
-90.00000000
51
90.00000000
0
LINE
8
BLACK
6
CONTINUOUS
10
5.1195275590551184
20
1.0354724409448819
11
5.1037795275590554
21
1.0354724409448819
0
ARC
8
BLACK
10
5.1037795275590554
20
1.0256299212598425
40
0.0098425196850394
50
90.00000000
51
270.00000000
0
LINE
8
BLACK
6
CONTINUOUS
10
5.1037795275590554
20
1.1831102362204724
11
5.1195275590551184
21
1.1831102362204724
0
ARC
8
BLACK
10
5.1195275590551184
20
1.1929527559055118
40
0.0098425196850394
50
-90.00000000
51
90.00000000
0
LINE
8
BLACK
6
CONTINUOUS
10
5.1195275590551184
20
1.2027952755905511
11
5.1037795275590554
21
1.2027952755905511
0
ARC
8
BLACK
10
5.1037795275590554
20
1.1929527559055118
40
0.0098425196850394
50
90.00000000
51
270.00000000
0
CIRCLE
8
BLACK
10
5.1360629921259839
20
2.8010236220472442
40
0.0068897637795276
0
CIRCLE
8
BLACK
10
5.1360629921259839
20
2.5734645669291338
40
0.0068897637795276
0
LINE
8
BLACK
6
CONTINUOUS
10
5.2966929133858267
20
2.8691338582677166
11
5.2651968503937008
21
2.8691338582677166
0
ARC
8
BLACK
10
5.2651968503937008
20
2.8573228346456694
40
0.0118110236220472
50
90.00000000
51
270.00000000
0
LINE
8
BLACK
6
CONTINUOUS
10
5.2651968503937008
20
2.8455118110236222
11
5.2966929133858267
21
2.8455118110236222
0
ARC
8
BLACK
10
5.2966929133858267
20
2.8573228346456694
40
0.0118110236220472
50
270.00000000
51
450.00000000
0
LINE
8
BLACK
6
CONTINUOUS
10
5.2966929133858267
20
2.5289763779527559
11
5.2651968503937008
21
2.5289763779527559
0
ARC
8
BLACK
10
5.2651968503937008
20
2.5171653543307086
40
0.0118110236220472
50
90.00000000
51
270.00000000
0
LINE
8
BLACK
6
CONTINUOUS
10
5.2651968503937008
20
2.5053543307086614
11
5.2966929133858267
21
2.5053543307086614
0
ARC
8
BLACK
10
5.2966929133858267
20
2.5171653543307086
40
0.0118110236220472
50
270.00000000
51
450.00000000
0
LINE
8
BLACK
6
CONTINUOUS
10
5.1380314960629923
20
2.8691338582677166
11
5.0947244094488191
21
2.8691338582677166
0
ARC
8
BLACK
10
5.0947244094488191
20
2.8573228346456694
40
0.0118110236220472
50
90.00000000
51
270.00000000
0
LINE
8
BLACK
6
CONTINUOUS
10
5.0947244094488191
20
2.8455118110236222
11
5.1380314960629923
21
2.8455118110236222
0
ARC
8
BLACK
10
5.1380314960629923
20
2.8573228346456694
40
0.0118110236220472
50
270.00000000
51
450.00000000
0
LINE
8
BLACK
6
CONTINUOUS
10
5.1380314960629923
20
2.5289763779527559
11
5.0947244094488191
21
2.5289763779527559
0
ARC
8
BLACK
10
5.0947244094488191
20
2.5171653543307086
40
0.0118110236220472
50
90.00000000
51
270.00000000
0
LINE
8
BLACK
6
CONTINUOUS
10
5.0947244094488191
20
2.5053543307086614
11
5.1380314960629923
21
2.5053543307086614
0
ARC
8
BLACK
10
5.1380314960629923
20
2.5171653543307086
40
0.0118110236220472
50
270.00000000
51
450.00000000
  0
ENDSEC
  0
EOF
