  0
SECTION
  2
HEADER
  9
$ACADVER
  1
AC1018
  9
$HANDSEED
  5
FFFFFFFF
  9
$ANGBASE
  50
0.0
  9
$ANGDIR
  70
1
  9
$MEASUREMENT
  70
0
  9
$INSUNITS
  70
1
  0
ENDSEC
  0
SECTION
  2
TABLES
  0
TABLE
  2
APPID
  5
1
330
0
100
AcDbSymbolTable
 70
1
  0
APPID
  5
2
330
1
100
AcDbSymbolTableRecord
100
AcDbRegAppTableRecord
  2
ACAD
 70
0
  0
ENDTAB
  0
TABLE
  2
LTYPE
  5
3
330
0
100
AcDbSymbolTable
 70
6
  0
LTYPE
  5
4
330
3
100
AcDbSymbolTableRecord
100
AcDbLinetypeTableRecord
  2
ByBlock
 70
0
  3

 72
65
 73
0
 40
0
  0
LTYPE
  5
5
330
3
100
AcDbSymbolTableRecord
100
AcDbLinetypeTableRecord
  2
ByLayer
 70
0
  3

 72
65
 73
0
 40
0
  0
LTYPE
  5
6
330
3
100
AcDbSymbolTableRecord
100
AcDbLinetypeTableRecord
  2
CONTINUOUS
 70
0
  3
Solid line
 72
65
 73
0
 40
0
  0
LTYPE
  5
7
330
3
100
AcDbSymbolTableRecord
100
AcDbLinetypeTableRecord
  2
DASHDOT
 70
0
  3
Dash Dot ____ _ ____ _
 72
65
 73
4
 40
2
 49
1.25
 74
0
 49
-0.25
 74
0
 49
0.25
 74
0
 49
-0.25
 74
0
  0
LTYPE
  5
8
330
3
100
AcDbSymbolTableRecord
100
AcDbLinetypeTableRecord
  2
DASHED
 70
0
  3
Dashed __ __ __ __ __
 72
65
 73
2
 40
0.75
 49
0.5
 74
0
 49
-0.25
 74
0
  0
LTYPE
  5
9
330
3
100
AcDbSymbolTableRecord
100
AcDbLinetypeTableRecord
  2
DOTTED
 70
0
  3
Dotted .  .  .  .
 72
65
 73
2
 40
0.2
 49
0.0
 74
0
 49
-0.2
 74
0
  0
ENDTAB
  0
TABLE
  2
STYLE
  5
A
330
0
100
AcDbSymbolTable
 70
4
  0
STYLE
  5
B
330
A
100
AcDbSymbolTableRecord
100
AcDbTextStyleTableRecord
  2
KICAD
 70
0
 40
0
 41
1
 42
1
 50
0
 71
0
  3
isocp.shx
  0
STYLE
  5
C
330
A
100
AcDbSymbolTableRecord
100
AcDbTextStyleTableRecord
  2
KICADB
 70
0
 40
0
 41
1
 42
1
 50
0
 71
0
  3
isocp.shx
  0
STYLE
  5
D
330
A
100
AcDbSymbolTableRecord
100
AcDbTextStyleTableRecord
  2
KICADI
 70
0
 40
0
 41
1
 42
1
 50
15
 71
0
  3
isocp.shx
  0
STYLE
  5
E
330
A
100
AcDbSymbolTableRecord
100
AcDbTextStyleTableRecord
  2
KICADBI
 70
0
 40
0
 41
1
 42
1
 50
15
 71
0
  3
isocp.shx
  0
ENDTAB
  0
TABLE
  2
LAYER
  5
F
330
0
100
AcDbSymbolTable
 70
2
  0
LAYER
  5
12
330
F
100
AcDbSymbolTableRecord
100
AcDbLayerTableRecord
  2
0
 70
0
 62
7
  6
CONTINUOUS
390
10
  0
LAYER
  5
13
330
F
100
AcDbSymbolTableRecord
100
AcDbLayerTableRecord
  2
BLACK
 70
0
 62
250
  6
CONTINUOUS
390
10
  0
ENDTAB
  0
TABLE
  2
VPORT
  5
14
330
0
100
AcDbSymbolTable
 70
0
  0
ENDTAB
  0
TABLE
  2
VIEW
  5
15
330
0
100
AcDbSymbolTable
 70
0
  0
ENDTAB
  0
TABLE
  2
UCS
  5
16
330
0
100
AcDbSymbolTable
 70
0
  0
ENDTAB
  0
TABLE
  2
DIMSTYLE
  5
17
330
0
100
AcDbSymbolTable
 70
1
100
AcDbDimStyleTable
 71
0
  0
DIMSTYLE
105
18
330
17
100
AcDbSymbolTableRecord
100
AcDbDimStyleTableRecord
  2
Standard
 70
0
  0
ENDTAB
  0
TABLE
  2
BLOCK_RECORD
  5
19
330
0
100
AcDbSymbolTable
 70
3
  0
BLOCK_RECORD
  5
1A
330
19
100
AcDbSymbolTableRecord
100
AcDbBlockTableRecord
  2
*Model_Space
340
1D
 70
0
280
1
281
0
  0
BLOCK_RECORD
  5
1B
330
19
100
AcDbSymbolTableRecord
100
AcDbBlockTableRecord
  2
*Paper_Space
340
1E
 70
0
280
1
281
0
  0
BLOCK_RECORD
  5
1C
330
19
100
AcDbSymbolTableRecord
100
AcDbBlockTableRecord
  2
*Paper_Space0
340
1F
 70
0
280
1
281
0
  0
ENDTAB
  0
ENDSEC
  0
SECTION
  2
BLOCKS
  0
BLOCK
  5
23
330
1A
100
AcDbEntity
  8
0
100
AcDbBlockBegin
  2
*Model_Space
 70
0
 10
0.0
 20
0.0
 30
0.0
  3
*Model_Space
  1

  0
ENDBLK
  5
22
330
1A
100
AcDbEntity
  8
0
100
AcDbBlockEnd
  0
BLOCK
  5
25
330
1B
100
AcDbEntity
 67
1
  8
0
100
AcDbBlockBegin
  2
*Paper_Space
 70
0
 10
0.0
 20
0.0
 30
0.0
  3
*Paper_Space
  1

  0
ENDBLK
  5
24
330
1B
100
AcDbEntity
 67
1
  8
0
100
AcDbBlockEnd
  0
BLOCK
  5
27
330
1C
100
AcDbEntity
 67
1
  8
0
100
AcDbBlockBegin
  2
*Paper_Space0
 70
0
 10
0.0
 20
0.0
 30
0.0
  3
*Paper_Space0
  1

  0
ENDBLK
  5
26
330
1C
100
AcDbEntity
 67
1
  8
0
100
AcDbBlockEnd
  0
ENDSEC
  0
SECTION
  2
ENTITIES
  0
LINE
  5
28
330
1A
100
AcDbEntity
  8
BLACK
  6
CONTINUOUS
100
AcDbLine
 10
1.0391463385826771
 20
0.3386947637795276
 30
0
 11
1.0396790157480316
 21
0.3381620866141732
 31
0
  0
LINE
  5
29
330
1A
100
AcDbEntity
  8
BLACK
  6
CONTINUOUS
100
AcDbLine
 10
1.0396790157480316
 20
0.3381620866141732
 30
0
 11
1.0397539370078739
 21
0.3377854330708661
 31
0
  0
LINE
  5
2A
330
1A
100
AcDbEntity
  8
BLACK
  6
CONTINUOUS
100
AcDbLine
 10
1.0397539370078739
 20
0.3377854330708661
 30
0
 11
1.0397539370078739
 21
0.12125
 31
0
  0
LINE
  5
2B
330
1A
100
AcDbEntity
  8
BLACK
  6
CONTINUOUS
100
AcDbLine
 10
1.0397539370078739
 20
0.12125
 30
0
 11
1.0396790157480316
 21
0.1208733464566929
 31
0
  0
LINE
  5
2C
330
1A
100
AcDbEntity
  8
BLACK
  6
CONTINUOUS
100
AcDbLine
 10
1.0396790157480316
 20
0.1208733464566929
 30
0
 11
1.0391463385826771
 21
0.1203406692913386
 31
0
  0
LINE
  5
2D
330
1A
100
AcDbEntity
  8
BLACK
  6
CONTINUOUS
100
AcDbLine
 10
1.0391463385826771
 20
0.1203406692913386
 30
0
 11
1.0387696850393699
 21
0.1202657480314961
 31
0
  0
LINE
  5
2E
330
1A
100
AcDbEntity
  8
BLACK
  6
CONTINUOUS
100
AcDbLine
 10
1.0387696850393699
 20
0.1202657480314961
 30
0
 11
0.8970374015748032
 21
0.1202657480314961
 31
0
  0
LINE
  5
2F
330
1A
100
AcDbEntity
  8
BLACK
  6
CONTINUOUS
100
AcDbLine
 10
0.8970374015748032
 20
0.1202657480314961
 30
0
 11
0.8966607480314961
 21
0.1203406692913386
 31
0
  0
LINE
  5
30
330
1A
100
AcDbEntity
  8
BLACK
  6
CONTINUOUS
100
AcDbLine
 10
0.8966607480314961
 20
0.1203406692913386
 30
0
 11
0.8961280708661417
 21
0.1208733464566929
 31
0
  0
LINE
  5
31
330
1A
100
AcDbEntity
  8
BLACK
  6
CONTINUOUS
100
AcDbLine
 10
0.8961280708661417
 20
0.1208733464566929
 30
0
 11
0.8960531496062992
 21
0.12125
 31
0
  0
LINE
  5
32
330
1A
100
AcDbEntity
  8
BLACK
  6
CONTINUOUS
100
AcDbLine
 10
0.8960531496062992
 20
0.12125
 30
0
 11
0.8960531496062992
 21
0.3377854330708661
 31
0
  0
LINE
  5
33
330
1A
100
AcDbEntity
  8
BLACK
  6
CONTINUOUS
100
AcDbLine
 10
0.8960531496062992
 20
0.3377854330708661
 30
0
 11
0.8961280708661417
 21
0.3381620866141732
 31
0
  0
LINE
  5
34
330
1A
100
AcDbEntity
  8
BLACK
  6
CONTINUOUS
100
AcDbLine
 10
0.8961280708661417
 20
0.3381620866141732
 30
0
 11
0.8966607480314961
 21
0.3386947637795276
 31
0
  0
LINE
  5
35
330
1A
100
AcDbEntity
  8
BLACK
  6
CONTINUOUS
100
AcDbLine
 10
0.8966607480314961
 20
0.3386947637795276
 30
0
 11
0.8970374015748032
 21
0.33876968503937
 31
0
  0
LINE
  5
36
330
1A
100
AcDbEntity
  8
BLACK
  6
CONTINUOUS
100
AcDbLine
 10
0.8970374015748032
 20
0.33876968503937
 30
0
 11
1.0387696850393699
 21
0.33876968503937
 31
0
  0
LINE
  5
37
330
1A
100
AcDbEntity
  8
BLACK
  6
CONTINUOUS
100
AcDbLine
 10
1.0387696850393699
 20
0.33876968503937
 30
0
 11
1.0391463385826771
 21
0.3386947637795276
 31
0
  0
LINE
  5
38
330
1A
100
AcDbEntity
  8
BLACK
  6
CONTINUOUS
100
AcDbLine
 10
0.8980216535433071
 20
0.3368011811023622
 30
0
 11
0.8980216535433071
 21
0.1222342519685039
 31
0
  0
LINE
  5
39
330
1A
100
AcDbEntity
  8
BLACK
  6
CONTINUOUS
100
AcDbLine
 10
0.8980216535433071
 20
0.1222342519685039
 30
0
 11
1.037785433070866
 21
0.1222342519685039
 31
0
  0
LINE
  5
3A
330
1A
100
AcDbEntity
  8
BLACK
  6
CONTINUOUS
100
AcDbLine
 10
1.037785433070866
 20
0.1222342519685039
 30
0
 11
1.037785433070866
 21
0.3368011811023622
 31
0
  0
LINE
  5
3B
330
1A
100
AcDbEntity
  8
BLACK
  6
CONTINUOUS
100
AcDbLine
 10
1.037785433070866
 20
0.3368011811023622
 30
0
 11
0.8980216535433071
 21
0.3368011811023622
 31
0
  0
LINE
  5
3C
330
1A
100
AcDbEntity
  8
BLACK
  6
CONTINUOUS
100
AcDbLine
 10
0.8065013385826771
 20
0.2707064566929134
 30
0
 11
0.8075666929133858
 21
0.2696411023622047
 31
0
  0
LINE
  5
3D
330
1A
100
AcDbEntity
  8
BLACK
  6
CONTINUOUS
100
AcDbLine
 10
0.8075666929133858
 20
0.2696411023622047
 30
0
 11
0.8077165354330709
 21
0.2688877952755905
 31
0
  0
LINE
  5
3E
330
1A
100
AcDbEntity
  8
BLACK
  6
CONTINUOUS
100
AcDbLine
 10
0.8077165354330709
 20
0.2688877952755905
 30
0
 11
0.8077165354330709
 21
0.1350295275590551
 31
0
  0
LINE
  5
3F
330
1A
100
AcDbEntity
  8
BLACK
  6
CONTINUOUS
100
AcDbLine
 10
0.8077165354330709
 20
0.1350295275590551
 30
0
 11
0.8075666929133858
 21
0.1342762204724409
 31
0
  0
LINE
  5
40
330
1A
100
AcDbEntity
  8
BLACK
  6
CONTINUOUS
100
AcDbLine
 10
0.8075666929133858
 20
0.1342762204724409
 30
0
 11
0.8065013385826771
 21
0.1332108661417323
 31
0
  0
LINE
  5
41
330
1A
100
AcDbEntity
  8
BLACK
  6
CONTINUOUS
100
AcDbLine
 10
0.8065013385826771
 20
0.1332108661417323
 30
0
 11
0.805748031496063
 21
0.1330610236220472
 31
0
  0
LINE
  5
42
330
1A
100
AcDbEntity
  8
BLACK
  6
CONTINUOUS
100
AcDbLine
 10
0.805748031496063
 20
0.1330610236220472
 30
0
 11
0.7285826771653543
 21
0.1330610236220472
 31
0
  0
LINE
  5
43
330
1A
100
AcDbEntity
  8
BLACK
  6
CONTINUOUS
100
AcDbLine
 10
0.7285826771653543
 20
0.1330610236220472
 30
0
 11
0.7278293700787402
 21
0.1332108661417323
 31
0
  0
LINE
  5
44
330
1A
100
AcDbEntity
  8
BLACK
  6
CONTINUOUS
100
AcDbLine
 10
0.7278293700787402
 20
0.1332108661417323
 30
0
 11
0.7267640157480315
 21
0.1342762204724409
 31
0
  0
LINE
  5
45
330
1A
100
AcDbEntity
  8
BLACK
  6
CONTINUOUS
100
AcDbLine
 10
0.7267640157480315
 20
0.1342762204724409
 30
0
 11
0.7266141732283464
 21
0.1350295275590551
 31
0
  0
LINE
  5
46
330
1A
100
AcDbEntity
  8
BLACK
  6
CONTINUOUS
100
AcDbLine
 10
0.7266141732283464
 20
0.1350295275590551
 30
0
 11
0.7266141732283464
 21
0.2688877952755905
 31
0
  0
LINE
  5
47
330
1A
100
AcDbEntity
  8
BLACK
  6
CONTINUOUS
100
AcDbLine
 10
0.7266141732283464
 20
0.2688877952755905
 30
0
 11
0.7267640157480315
 21
0.2696411023622047
 31
0
  0
LINE
  5
48
330
1A
100
AcDbEntity
  8
BLACK
  6
CONTINUOUS
100
AcDbLine
 10
0.7267640157480315
 20
0.2696411023622047
 30
0
 11
0.7278293700787402
 21
0.2707064566929134
 31
0
  0
LINE
  5
49
330
1A
100
AcDbEntity
  8
BLACK
  6
CONTINUOUS
100
AcDbLine
 10
0.7278293700787402
 20
0.2707064566929134
 30
0
 11
0.7285826771653543
 21
0.2708562992125984
 31
0
  0
LINE
  5
4A
330
1A
100
AcDbEntity
  8
BLACK
  6
CONTINUOUS
100
AcDbLine
 10
0.7285826771653543
 20
0.2708562992125984
 30
0
 11
0.805748031496063
 21
0.2708562992125984
 31
0
  0
LINE
  5
4B
330
1A
100
AcDbEntity
  8
BLACK
  6
CONTINUOUS
100
AcDbLine
 10
0.805748031496063
 20
0.2708562992125984
 30
0
 11
0.8065013385826771
 21
0.2707064566929134
 31
0
  0
LINE
  5
4C
330
1A
100
AcDbEntity
  8
BLACK
  6
CONTINUOUS
100
AcDbLine
 10
0.7305511811023622
 20
0.2669192913385827
 30
0
 11
0.7305511811023622
 21
0.136998031496063
 31
0
  0
LINE
  5
4D
330
1A
100
AcDbEntity
  8
BLACK
  6
CONTINUOUS
100
AcDbLine
 10
0.7305511811023622
 20
0.136998031496063
 30
0
 11
0.8037795275590551
 21
0.136998031496063
 31
0
  0
LINE
  5
4E
330
1A
100
AcDbEntity
  8
BLACK
  6
CONTINUOUS
100
AcDbLine
 10
0.8037795275590551
 20
0.136998031496063
 30
0
 11
0.8037795275590551
 21
0.2669192913385827
 31
0
  0
LINE
  5
4F
330
1A
100
AcDbEntity
  8
BLACK
  6
CONTINUOUS
100
AcDbLine
 10
0.8037795275590551
 20
0.2669192913385827
 30
0
 11
0.7305511811023622
 21
0.2669192913385827
 31
0
  0
LINE
  5
50
330
1A
100
AcDbEntity
  8
BLACK
  6
CONTINUOUS
100
AcDbLine
 10
0.7245623622047244
 20
0.2716907086614173
 30
0
 11
0.725627716535433
 21
0.2706253543307087
 31
0
  0
LINE
  5
51
330
1A
100
AcDbEntity
  8
BLACK
  6
CONTINUOUS
100
AcDbLine
 10
0.725627716535433
 20
0.2706253543307087
 30
0
 11
0.7257775590551181
 21
0.2698720472440945
 31
0
  0
LINE
  5
52
330
1A
100
AcDbEntity
  8
BLACK
  6
CONTINUOUS
100
AcDbLine
 10
0.7257775590551181
 20
0.2698720472440945
 30
0
 11
0.7257775590551181
 21
0.1360137795275591
 31
0
  0
LINE
  5
53
330
1A
100
AcDbEntity
  8
BLACK
  6
CONTINUOUS
100
AcDbLine
 10
0.7257775590551181
 20
0.1360137795275591
 30
0
 11
0.725627716535433
 21
0.1352604724409449
 31
0
  0
LINE
  5
54
330
1A
100
AcDbEntity
  8
BLACK
  6
CONTINUOUS
100
AcDbLine
 10
0.725627716535433
 20
0.1352604724409449
 30
0
 11
0.7245623622047244
 21
0.1341951181102362
 31
0
  0
LINE
  5
55
330
1A
100
AcDbEntity
  8
BLACK
  6
CONTINUOUS
100
AcDbLine
 10
0.7245623622047244
 20
0.1341951181102362
 30
0
 11
0.7238090551181102
 21
0.1340452755905512
 31
0
  0
LINE
  5
56
330
1A
100
AcDbEntity
  8
BLACK
  6
CONTINUOUS
100
AcDbLine
 10
0.7238090551181102
 20
0.1340452755905512
 30
0
 11
0.6056988188976378
 21
0.1340452755905512
 31
0
  0
LINE
  5
57
330
1A
100
AcDbEntity
  8
BLACK
  6
CONTINUOUS
100
AcDbLine
 10
0.6056988188976378
 20
0.1340452755905512
 30
0
 11
0.6049455118110236
 21
0.1341951181102362
 31
0
  0
LINE
  5
58
330
1A
100
AcDbEntity
  8
BLACK
  6
CONTINUOUS
100
AcDbLine
 10
0.6049455118110236
 20
0.1341951181102362
 30
0
 11
0.603880157480315
 21
0.1352604724409449
 31
0
  0
LINE
  5
59
330
1A
100
AcDbEntity
  8
BLACK
  6
CONTINUOUS
100
AcDbLine
 10
0.603880157480315
 20
0.1352604724409449
 30
0
 11
0.6037303149606299
 21
0.1360137795275591
 31
0
  0
LINE
  5
5A
330
1A
100
AcDbEntity
  8
BLACK
  6
CONTINUOUS
100
AcDbLine
 10
0.6037303149606299
 20
0.1360137795275591
 30
0
 11
0.6037303149606299
 21
0.2698720472440945
 31
0
  0
LINE
  5
5B
330
1A
100
AcDbEntity
  8
BLACK
  6
CONTINUOUS
100
AcDbLine
 10
0.6037303149606299
 20
0.2698720472440945
 30
0
 11
0.603880157480315
 21
0.2706253543307087
 31
0
  0
LINE
  5
5C
330
1A
100
AcDbEntity
  8
BLACK
  6
CONTINUOUS
100
AcDbLine
 10
0.603880157480315
 20
0.2706253543307087
 30
0
 11
0.6049455118110236
 21
0.2716907086614173
 31
0
  0
LINE
  5
5D
330
1A
100
AcDbEntity
  8
BLACK
  6
CONTINUOUS
100
AcDbLine
 10
0.6049455118110236
 20
0.2716907086614173
 30
0
 11
0.6056988188976378
 21
0.2718405511811023
 31
0
  0
LINE
  5
5E
330
1A
100
AcDbEntity
  8
BLACK
  6
CONTINUOUS
100
AcDbLine
 10
0.6056988188976378
 20
0.2718405511811023
 30
0
 11
0.7238090551181102
 21
0.2718405511811023
 31
0
  0
LINE
  5
5F
330
1A
100
AcDbEntity
  8
BLACK
  6
CONTINUOUS
100
AcDbLine
 10
0.7238090551181102
 20
0.2718405511811023
 30
0
 11
0.7245623622047244
 21
0.2716907086614173
 31
0
  0
LINE
  5
60
330
1A
100
AcDbEntity
  8
BLACK
  6
CONTINUOUS
100
AcDbLine
 10
0.6076673228346456
 20
0.2679035433070866
 30
0
 11
0.6076673228346456
 21
0.1379822834645669
 31
0
  0
LINE
  5
61
330
1A
100
AcDbEntity
  8
BLACK
  6
CONTINUOUS
100
AcDbLine
 10
0.6076673228346456
 20
0.1379822834645669
 30
0
 11
0.7218405511811024
 21
0.1379822834645669
 31
0
  0
LINE
  5
62
330
1A
100
AcDbEntity
  8
BLACK
  6
CONTINUOUS
100
AcDbLine
 10
0.7218405511811024
 20
0.1379822834645669
 30
0
 11
0.7218405511811024
 21
0.2679035433070866
 31
0
  0
LINE
  5
63
330
1A
100
AcDbEntity
  8
BLACK
  6
CONTINUOUS
100
AcDbLine
 10
0.7218405511811024
 20
0.2679035433070866
 30
0
 11
0.6076673228346456
 21
0.2679035433070866
 31
0
  0
LINE
  5
64
330
1A
100
AcDbEntity
  8
BLACK
  6
CONTINUOUS
100
AcDbLine
 10
2.4989750787401572
 20
0.5756652362204724
 30
0
 11
2.4995077559055119
 21
0.5751325590551181
 31
0
  0
LINE
  5
65
330
1A
100
AcDbEntity
  8
BLACK
  6
CONTINUOUS
100
AcDbLine
 10
2.4995077559055119
 20
0.5751325590551181
 30
0
 11
2.4995826771653542
 21
0.574755905511811
 31
0
  0
LINE
  5
66
330
1A
100
AcDbEntity
  8
BLACK
  6
CONTINUOUS
100
AcDbLine
 10
2.4995826771653542
 20
0.574755905511811
 30
0
 11
2.4995826771653542
 21
0.1369606299212598
 31
0
  0
LINE
  5
67
330
1A
100
AcDbEntity
  8
BLACK
  6
CONTINUOUS
100
AcDbLine
 10
2.4995826771653542
 20
0.1369606299212598
 30
0
 11
2.4995077559055119
 21
0.1365839763779527
 31
0
  0
LINE
  5
68
330
1A
100
AcDbEntity
  8
BLACK
  6
CONTINUOUS
100
AcDbLine
 10
2.4995077559055119
 20
0.1365839763779527
 30
0
 11
2.4989750787401572
 21
0.1360512992125984
 31
0
  0
LINE
  5
69
330
1A
100
AcDbEntity
  8
BLACK
  6
CONTINUOUS
100
AcDbLine
 10
2.4989750787401572
 20
0.1360512992125984
 30
0
 11
2.4985984251968505
 21
0.1359763779527559
 31
0
  0
LINE
  5
6A
330
1A
100
AcDbEntity
  8
BLACK
  6
CONTINUOUS
100
AcDbLine
 10
2.4985984251968505
 20
0.1359763779527559
 30
0
 11
2.2804881889763777
 21
0.1359763779527559
 31
0
  0
LINE
  5
6B
330
1A
100
AcDbEntity
  8
BLACK
  6
CONTINUOUS
100
AcDbLine
 10
2.2804881889763777
 20
0.1359763779527559
 30
0
 11
2.280111535433071
 21
0.1360512992125984
 31
0
  0
LINE
  5
6C
330
1A
100
AcDbEntity
  8
BLACK
  6
CONTINUOUS
100
AcDbLine
 10
2.280111535433071
 20
0.1360512992125984
 30
0
 11
2.2795788582677163
 21
0.1365839763779527
 31
0
  0
LINE
  5
6D
330
1A
100
AcDbEntity
  8
BLACK
  6
CONTINUOUS
100
AcDbLine
 10
2.2795788582677163
 20
0.1365839763779527
 30
0
 11
2.279503937007874
 21
0.1369606299212598
 31
0
  0
LINE
  5
6E
330
1A
100
AcDbEntity
  8
BLACK
  6
CONTINUOUS
100
AcDbLine
 10
2.279503937007874
 20
0.1369606299212598
 30
0
 11
2.279503937007874
 21
0.574755905511811
 31
0
  0
LINE
  5
6F
330
1A
100
AcDbEntity
  8
BLACK
  6
CONTINUOUS
100
AcDbLine
 10
2.279503937007874
 20
0.574755905511811
 30
0
 11
2.2795788582677163
 21
0.5751325590551181
 31
0
  0
LINE
  5
70
330
1A
100
AcDbEntity
  8
BLACK
  6
CONTINUOUS
100
AcDbLine
 10
2.2795788582677163
 20
0.5751325590551181
 30
0
 11
2.280111535433071
 21
0.5756652362204724
 31
0
  0
LINE
  5
71
330
1A
100
AcDbEntity
  8
BLACK
  6
CONTINUOUS
100
AcDbLine
 10
2.280111535433071
 20
0.5756652362204724
 30
0
 11
2.2804881889763777
 21
0.5757401574803149
 31
0
  0
LINE
  5
72
330
1A
100
AcDbEntity
  8
BLACK
  6
CONTINUOUS
100
AcDbLine
 10
2.2804881889763777
 20
0.5757401574803149
 30
0
 11
2.4985984251968505
 21
0.5757401574803149
 31
0
  0
LINE
  5
73
330
1A
100
AcDbEntity
  8
BLACK
  6
CONTINUOUS
100
AcDbLine
 10
2.4985984251968505
 20
0.5757401574803149
 30
0
 11
2.4989750787401572
 21
0.5756652362204724
 31
0
  0
LINE
  5
74
330
1A
100
AcDbEntity
  8
BLACK
  6
CONTINUOUS
100
AcDbLine
 10
2.2814724409448819
 20
0.5737716535433071
 30
0
 11
2.2814724409448819
 21
0.1379448818897638
 31
0
  0
LINE
  5
75
330
1A
100
AcDbEntity
  8
BLACK
  6
CONTINUOUS
100
AcDbLine
 10
2.2814724409448819
 20
0.1379448818897638
 30
0
 11
2.4976141732283463
 21
0.1379448818897638
 31
0
  0
LINE
  5
76
330
1A
100
AcDbEntity
  8
BLACK
  6
CONTINUOUS
100
AcDbLine
 10
2.4976141732283463
 20
0.1379448818897638
 30
0
 11
2.4976141732283463
 21
0.5737716535433071
 31
0
  0
LINE
  5
77
330
1A
100
AcDbEntity
  8
BLACK
  6
CONTINUOUS
100
AcDbLine
 10
2.4976141732283463
 20
0.5737716535433071
 30
0
 11
2.2814724409448819
 21
0.5737716535433071
 31
0
  0
LINE
  5
78
330
1A
100
AcDbEntity
  8
BLACK
  6
CONTINUOUS
100
AcDbLine
 10
3.3499750787401572
 20
0.5756652362204724
 30
0
 11
3.3505077559055119
 21
0.5751325590551181
 31
0
  0
LINE
  5
79
330
1A
100
AcDbEntity
  8
BLACK
  6
CONTINUOUS
100
AcDbLine
 10
3.3505077559055119
 20
0.5751325590551181
 30
0
 11
3.3505826771653542
 21
0.574755905511811
 31
0
  0
LINE
  5
7A
330
1A
100
AcDbEntity
  8
BLACK
  6
CONTINUOUS
100
AcDbLine
 10
3.3505826771653542
 20
0.574755905511811
 30
0
 11
3.3505826771653542
 21
0.1369606299212598
 31
0
  0
LINE
  5
7B
330
1A
100
AcDbEntity
  8
BLACK
  6
CONTINUOUS
100
AcDbLine
 10
3.3505826771653542
 20
0.1369606299212598
 30
0
 11
3.3505077559055119
 21
0.1365839763779527
 31
0
  0
LINE
  5
7C
330
1A
100
AcDbEntity
  8
BLACK
  6
CONTINUOUS
100
AcDbLine
 10
3.3505077559055119
 20
0.1365839763779527
 30
0
 11
3.3499750787401572
 21
0.1360512992125984
 31
0
  0
LINE
  5
7D
330
1A
100
AcDbEntity
  8
BLACK
  6
CONTINUOUS
100
AcDbLine
 10
3.3499750787401572
 20
0.1360512992125984
 30
0
 11
3.3495984251968505
 21
0.1359763779527559
 31
0
  0
LINE
  5
7E
330
1A
100
AcDbEntity
  8
BLACK
  6
CONTINUOUS
100
AcDbLine
 10
3.3495984251968505
 20
0.1359763779527559
 30
0
 11
3.1314881889763777
 21
0.1359763779527559
 31
0
  0
LINE
  5
7F
330
1A
100
AcDbEntity
  8
BLACK
  6
CONTINUOUS
100
AcDbLine
 10
3.1314881889763777
 20
0.1359763779527559
 30
0
 11
3.131111535433071
 21
0.1360512992125984
 31
0
  0
LINE
  5
80
330
1A
100
AcDbEntity
  8
BLACK
  6
CONTINUOUS
100
AcDbLine
 10
3.131111535433071
 20
0.1360512992125984
 30
0
 11
3.1305788582677163
 21
0.1365839763779527
 31
0
  0
LINE
  5
81
330
1A
100
AcDbEntity
  8
BLACK
  6
CONTINUOUS
100
AcDbLine
 10
3.1305788582677163
 20
0.1365839763779527
 30
0
 11
3.130503937007874
 21
0.1369606299212598
 31
0
  0
LINE
  5
82
330
1A
100
AcDbEntity
  8
BLACK
  6
CONTINUOUS
100
AcDbLine
 10
3.130503937007874
 20
0.1369606299212598
 30
0
 11
3.130503937007874
 21
0.574755905511811
 31
0
  0
LINE
  5
83
330
1A
100
AcDbEntity
  8
BLACK
  6
CONTINUOUS
100
AcDbLine
 10
3.130503937007874
 20
0.574755905511811
 30
0
 11
3.1305788582677163
 21
0.5751325590551181
 31
0
  0
LINE
  5
84
330
1A
100
AcDbEntity
  8
BLACK
  6
CONTINUOUS
100
AcDbLine
 10
3.1305788582677163
 20
0.5751325590551181
 30
0
 11
3.131111535433071
 21
0.5756652362204724
 31
0
  0
LINE
  5
85
330
1A
100
AcDbEntity
  8
BLACK
  6
CONTINUOUS
100
AcDbLine
 10
3.131111535433071
 20
0.5756652362204724
 30
0
 11
3.1314881889763777
 21
0.5757401574803149
 31
0
  0
LINE
  5
86
330
1A
100
AcDbEntity
  8
BLACK
  6
CONTINUOUS
100
AcDbLine
 10
3.1314881889763777
 20
0.5757401574803149
 30
0
 11
3.3495984251968505
 21
0.5757401574803149
 31
0
  0
LINE
  5
87
330
1A
100
AcDbEntity
  8
BLACK
  6
CONTINUOUS
100
AcDbLine
 10
3.3495984251968505
 20
0.5757401574803149
 30
0
 11
3.3499750787401572
 21
0.5756652362204724
 31
0
  0
LINE
  5
88
330
1A
100
AcDbEntity
  8
BLACK
  6
CONTINUOUS
100
AcDbLine
 10
3.1324724409448819
 20
0.5737716535433071
 30
0
 11
3.1324724409448819
 21
0.1379448818897638
 31
0
  0
LINE
  5
89
330
1A
100
AcDbEntity
  8
BLACK
  6
CONTINUOUS
100
AcDbLine
 10
3.1324724409448819
 20
0.1379448818897638
 30
0
 11
3.3486141732283463
 21
0.1379448818897638
 31
0
  0
LINE
  5
8A
330
1A
100
AcDbEntity
  8
BLACK
  6
CONTINUOUS
100
AcDbLine
 10
3.3486141732283463
 20
0.1379448818897638
 30
0
 11
3.3486141732283463
 21
0.5737716535433071
 31
0
  0
LINE
  5
8B
330
1A
100
AcDbEntity
  8
BLACK
  6
CONTINUOUS
100
AcDbLine
 10
3.3486141732283463
 20
0.5737716535433071
 30
0
 11
3.1324724409448819
 21
0.5737716535433071
 31
0
  0
LINE
  5
8C
330
1A
100
AcDbEntity
  8
BLACK
  6
CONTINUOUS
100
AcDbLine
 10
4.4869750787401577
 20
0.5756652362204724
 30
0
 11
4.4875077559055114
 21
0.5751325590551181
 31
0
  0
LINE
  5
8D
330
1A
100
AcDbEntity
  8
BLACK
  6
CONTINUOUS
100
AcDbLine
 10
4.4875077559055114
 20
0.5751325590551181
 30
0
 11
4.4875826771653546
 21
0.574755905511811
 31
0
  0
LINE
  5
8E
330
1A
100
AcDbEntity
  8
BLACK
  6
CONTINUOUS
100
AcDbLine
 10
4.4875826771653546
 20
0.574755905511811
 30
0
 11
4.4875826771653546
 21
0.1369606299212598
 31
0
  0
LINE
  5
8F
330
1A
100
AcDbEntity
  8
BLACK
  6
CONTINUOUS
100
AcDbLine
 10
4.4875826771653546
 20
0.1369606299212598
 30
0
 11
4.4875077559055114
 21
0.1365839763779527
 31
0
  0
LINE
  5
90
330
1A
100
AcDbEntity
  8
BLACK
  6
CONTINUOUS
100
AcDbLine
 10
4.4875077559055114
 20
0.1365839763779527
 30
0
 11
4.4869750787401577
 21
0.1360512992125984
 31
0
  0
LINE
  5
91
330
1A
100
AcDbEntity
  8
BLACK
  6
CONTINUOUS
100
AcDbLine
 10
4.4869750787401577
 20
0.1360512992125984
 30
0
 11
4.48659842519685
 21
0.1359763779527559
 31
0
  0
LINE
  5
92
330
1A
100
AcDbEntity
  8
BLACK
  6
CONTINUOUS
100
AcDbLine
 10
4.48659842519685
 20
0.1359763779527559
 30
0
 11
4.2684881889763782
 21
0.1359763779527559
 31
0
  0
LINE
  5
93
330
1A
100
AcDbEntity
  8
BLACK
  6
CONTINUOUS
100
AcDbLine
 10
4.2684881889763782
 20
0.1359763779527559
 30
0
 11
4.2681115354330705
 21
0.1360512992125984
 31
0
  0
LINE
  5
94
330
1A
100
AcDbEntity
  8
BLACK
  6
CONTINUOUS
100
AcDbLine
 10
4.2681115354330705
 20
0.1360512992125984
 30
0
 11
4.2675788582677168
 21
0.1365839763779527
 31
0
  0
LINE
  5
95
330
1A
100
AcDbEntity
  8
BLACK
  6
CONTINUOUS
100
AcDbLine
 10
4.2675788582677168
 20
0.1365839763779527
 30
0
 11
4.2675039370078736
 21
0.1369606299212598
 31
0
  0
LINE
  5
96
330
1A
100
AcDbEntity
  8
BLACK
  6
CONTINUOUS
100
AcDbLine
 10
4.2675039370078736
 20
0.1369606299212598
 30
0
 11
4.2675039370078736
 21
0.574755905511811
 31
0
  0
LINE
  5
97
330
1A
100
AcDbEntity
  8
BLACK
  6
CONTINUOUS
100
AcDbLine
 10
4.2675039370078736
 20
0.574755905511811
 30
0
 11
4.2675788582677168
 21
0.5751325590551181
 31
0
  0
LINE
  5
98
330
1A
100
AcDbEntity
  8
BLACK
  6
CONTINUOUS
100
AcDbLine
 10
4.2675788582677168
 20
0.5751325590551181
 30
0
 11
4.2681115354330705
 21
0.5756652362204724
 31
0
  0
LINE
  5
99
330
1A
100
AcDbEntity
  8
BLACK
  6
CONTINUOUS
100
AcDbLine
 10
4.2681115354330705
 20
0.5756652362204724
 30
0
 11
4.2684881889763782
 21
0.5757401574803149
 31
0
  0
LINE
  5
9A
330
1A
100
AcDbEntity
  8
BLACK
  6
CONTINUOUS
100
AcDbLine
 10
4.2684881889763782
 20
0.5757401574803149
 30
0
 11
4.48659842519685
 21
0.5757401574803149
 31
0
  0
LINE
  5
9B
330
1A
100
AcDbEntity
  8
BLACK
  6
CONTINUOUS
100
AcDbLine
 10
4.48659842519685
 20
0.5757401574803149
 30
0
 11
4.4869750787401577
 21
0.5756652362204724
 31
0
  0
LINE
  5
9C
330
1A
100
AcDbEntity
  8
BLACK
  6
CONTINUOUS
100
AcDbLine
 10
4.2694724409448819
 20
0.5737716535433071
 30
0
 11
4.2694724409448819
 21
0.1379448818897638
 31
0
  0
LINE
  5
9D
330
1A
100
AcDbEntity
  8
BLACK
  6
CONTINUOUS
100
AcDbLine
 10
4.2694724409448819
 20
0.1379448818897638
 30
0
 11
4.4856141732283463
 21
0.1379448818897638
 31
0
  0
LINE
  5
9E
330
1A
100
AcDbEntity
  8
BLACK
  6
CONTINUOUS
100
AcDbLine
 10
4.4856141732283463
 20
0.1379448818897638
 30
0
 11
4.4856141732283463
 21
0.5737716535433071
 31
0
  0
LINE
  5
9F
330
1A
100
AcDbEntity
  8
BLACK
  6
CONTINUOUS
100
AcDbLine
 10
4.4856141732283463
 20
0.5737716535433071
 30
0
 11
4.2694724409448819
 21
0.5737716535433071
 31
0
  0
LINE
  5
A0
330
1A
100
AcDbEntity
  8
BLACK
  6
CONTINUOUS
100
AcDbLine
 10
1.7369750787401574
 20
0.5787046062992126
 30
0
 11
1.7375077559055119
 21
0.5781719291338583
 31
0
  0
LINE
  5
A1
330
1A
100
AcDbEntity
  8
BLACK
  6
CONTINUOUS
100
AcDbLine
 10
1.7375077559055119
 20
0.5781719291338583
 30
0
 11
1.7375826771653542
 21
0.5777952755905512
 31
0
  0
LINE
  5
A2
330
1A
100
AcDbEntity
  8
BLACK
  6
CONTINUOUS
100
AcDbLine
 10
1.7375826771653542
 20
0.5777952755905512
 30
0
 11
1.7375826771653542
 21
0.14
 31
0
  0
LINE
  5
A3
330
1A
100
AcDbEntity
  8
BLACK
  6
CONTINUOUS
100
AcDbLine
 10
1.7375826771653542
 20
0.14
 30
0
 11
1.7375077559055119
 21
0.1396233464566929
 31
0
  0
LINE
  5
A4
330
1A
100
AcDbEntity
  8
BLACK
  6
CONTINUOUS
100
AcDbLine
 10
1.7375077559055119
 20
0.1396233464566929
 30
0
 11
1.7369750787401574
 21
0.1390906692913386
 31
0
  0
LINE
  5
A5
330
1A
100
AcDbEntity
  8
BLACK
  6
CONTINUOUS
100
AcDbLine
 10
1.7369750787401574
 20
0.1390906692913386
 30
0
 11
1.7365984251968503
 21
0.1390157480314961
 31
0
  0
LINE
  5
A6
330
1A
100
AcDbEntity
  8
BLACK
  6
CONTINUOUS
100
AcDbLine
 10
1.7365984251968503
 20
0.1390157480314961
 30
0
 11
1.5184881889763779
 21
0.1390157480314961
 31
0
  0
LINE
  5
A7
330
1A
100
AcDbEntity
  8
BLACK
  6
CONTINUOUS
100
AcDbLine
 10
1.5184881889763779
 20
0.1390157480314961
 30
0
 11
1.5181115354330708
 21
0.1390906692913386
 31
0
  0
LINE
  5
A8
330
1A
100
AcDbEntity
  8
BLACK
  6
CONTINUOUS
100
AcDbLine
 10
1.5181115354330708
 20
0.1390906692913386
 30
0
 11
1.5175788582677165
 21
0.1396233464566929
 31
0
  0
LINE
  5
A9
330
1A
100
AcDbEntity
  8
BLACK
  6
CONTINUOUS
100
AcDbLine
 10
1.5175788582677165
 20
0.1396233464566929
 30
0
 11
1.517503937007874
 21
0.14
 31
0
  0
LINE
  5
AA
330
1A
100
AcDbEntity
  8
BLACK
  6
CONTINUOUS
100
AcDbLine
 10
1.517503937007874
 20
0.14
 30
0
 11
1.517503937007874
 21
0.5777952755905512
 31
0
  0
LINE
  5
AB
330
1A
100
AcDbEntity
  8
BLACK
  6
CONTINUOUS
100
AcDbLine
 10
1.517503937007874
 20
0.5777952755905512
 30
0
 11
1.5175788582677165
 21
0.5781719291338583
 31
0
  0
LINE
  5
AC
330
1A
100
AcDbEntity
  8
BLACK
  6
CONTINUOUS
100
AcDbLine
 10
1.5175788582677165
 20
0.5781719291338583
 30
0
 11
1.5181115354330708
 21
0.5787046062992126
 31
0
  0
LINE
  5
AD
330
1A
100
AcDbEntity
  8
BLACK
  6
CONTINUOUS
100
AcDbLine
 10
1.5181115354330708
 20
0.5787046062992126
 30
0
 11
1.5184881889763779
 21
0.5787795275590552
 31
0
  0
LINE
  5
AE
330
1A
100
AcDbEntity
  8
BLACK
  6
CONTINUOUS
100
AcDbLine
 10
1.5184881889763779
 20
0.5787795275590552
 30
0
 11
1.7365984251968503
 21
0.5787795275590552
 31
0
  0
LINE
  5
AF
330
1A
100
AcDbEntity
  8
BLACK
  6
CONTINUOUS
100
AcDbLine
 10
1.7365984251968503
 20
0.5787795275590552
 30
0
 11
1.7369750787401574
 21
0.5787046062992126
 31
0
  0
LINE
  5
B0
330
1A
100
AcDbEntity
  8
BLACK
  6
CONTINUOUS
100
AcDbLine
 10
1.5194724409448819
 20
0.5768110236220473
 30
0
 11
1.5194724409448819
 21
0.1409842519685039
 31
0
  0
LINE
  5
B1
330
1A
100
AcDbEntity
  8
BLACK
  6
CONTINUOUS
100
AcDbLine
 10
1.5194724409448819
 20
0.1409842519685039
 30
0
 11
1.7356141732283463
 21
0.1409842519685039
 31
0
  0
LINE
  5
B2
330
1A
100
AcDbEntity
  8
BLACK
  6
CONTINUOUS
100
AcDbLine
 10
1.7356141732283463
 20
0.1409842519685039
 30
0
 11
1.7356141732283463
 21
0.5768110236220473
 31
0
  0
LINE
  5
B3
330
1A
100
AcDbEntity
  8
BLACK
  6
CONTINUOUS
100
AcDbLine
 10
1.7356141732283463
 20
0.5768110236220473
 30
0
 11
1.5194724409448819
 21
0.5768110236220473
 31
0
  0
LINE
  5
B4
330
1A
100
AcDbEntity
  8
BLACK
  6
CONTINUOUS
100
AcDbLine
 10
4.109975078740157
 20
0.5796652362204724
 30
0
 11
4.1105077559055117
 21
0.5791325590551181
 31
0
  0
LINE
  5
B5
330
1A
100
AcDbEntity
  8
BLACK
  6
CONTINUOUS
100
AcDbLine
 10
4.1105077559055117
 20
0.5791325590551181
 30
0
 11
4.110582677165354
 21
0.578755905511811
 31
0
  0
LINE
  5
B6
330
1A
100
AcDbEntity
  8
BLACK
  6
CONTINUOUS
100
AcDbLine
 10
4.110582677165354
 20
0.578755905511811
 30
0
 11
4.110582677165354
 21
0.1409606299212599
 31
0
  0
LINE
  5
B7
330
1A
100
AcDbEntity
  8
BLACK
  6
CONTINUOUS
100
AcDbLine
 10
4.110582677165354
 20
0.1409606299212599
 30
0
 11
4.1105077559055117
 21
0.1405839763779528
 31
0
  0
LINE
  5
B8
330
1A
100
AcDbEntity
  8
BLACK
  6
CONTINUOUS
100
AcDbLine
 10
4.1105077559055117
 20
0.1405839763779528
 30
0
 11
4.109975078740157
 21
0.1400512992125984
 31
0
  0
LINE
  5
B9
330
1A
100
AcDbEntity
  8
BLACK
  6
CONTINUOUS
100
AcDbLine
 10
4.109975078740157
 20
0.1400512992125984
 30
0
 11
4.1095984251968503
 21
0.1399763779527559
 31
0
  0
LINE
  5
BA
330
1A
100
AcDbEntity
  8
BLACK
  6
CONTINUOUS
100
AcDbLine
 10
4.1095984251968503
 20
0.1399763779527559
 30
0
 11
3.8914881889763779
 21
0.1399763779527559
 31
0
  0
LINE
  5
BB
330
1A
100
AcDbEntity
  8
BLACK
  6
CONTINUOUS
100
AcDbLine
 10
3.8914881889763779
 20
0.1399763779527559
 30
0
 11
3.8911115354330708
 21
0.1400512992125984
 31
0
  0
LINE
  5
BC
330
1A
100
AcDbEntity
  8
BLACK
  6
CONTINUOUS
100
AcDbLine
 10
3.8911115354330708
 20
0.1400512992125984
 30
0
 11
3.8905788582677165
 21
0.1405839763779528
 31
0
  0
LINE
  5
BD
330
1A
100
AcDbEntity
  8
BLACK
  6
CONTINUOUS
100
AcDbLine
 10
3.8905788582677165
 20
0.1405839763779528
 30
0
 11
3.8905039370078738
 21
0.1409606299212599
 31
0
  0
LINE
  5
BE
330
1A
100
AcDbEntity
  8
BLACK
  6
CONTINUOUS
100
AcDbLine
 10
3.8905039370078738
 20
0.1409606299212599
 30
0
 11
3.8905039370078738
 21
0.578755905511811
 31
0
  0
LINE
  5
BF
330
1A
100
AcDbEntity
  8
BLACK
  6
CONTINUOUS
100
AcDbLine
 10
3.8905039370078738
 20
0.578755905511811
 30
0
 11
3.8905788582677165
 21
0.5791325590551181
 31
0
  0
LINE
  5
C0
330
1A
100
AcDbEntity
  8
BLACK
  6
CONTINUOUS
100
AcDbLine
 10
3.8905788582677165
 20
0.5791325590551181
 30
0
 11
3.8911115354330708
 21
0.5796652362204724
 31
0
  0
LINE
  5
C1
330
1A
100
AcDbEntity
  8
BLACK
  6
CONTINUOUS
100
AcDbLine
 10
3.8911115354330708
 20
0.5796652362204724
 30
0
 11
3.8914881889763779
 21
0.5797401574803149
 31
0
  0
LINE
  5
C2
330
1A
100
AcDbEntity
  8
BLACK
  6
CONTINUOUS
100
AcDbLine
 10
3.8914881889763779
 20
0.5797401574803149
 30
0
 11
4.1095984251968503
 21
0.5797401574803149
 31
0
  0
LINE
  5
C3
330
1A
100
AcDbEntity
  8
BLACK
  6
CONTINUOUS
100
AcDbLine
 10
4.1095984251968503
 20
0.5797401574803149
 30
0
 11
4.109975078740157
 21
0.5796652362204724
 31
0
  0
LINE
  5
C4
330
1A
100
AcDbEntity
  8
BLACK
  6
CONTINUOUS
100
AcDbLine
 10
3.8924724409448817
 20
0.5777716535433071
 30
0
 11
3.8924724409448817
 21
0.1419448818897638
 31
0
  0
LINE
  5
C5
330
1A
100
AcDbEntity
  8
BLACK
  6
CONTINUOUS
100
AcDbLine
 10
3.8924724409448817
 20
0.1419448818897638
 30
0
 11
4.1086141732283465
 21
0.1419448818897638
 31
0
  0
LINE
  5
C6
330
1A
100
AcDbEntity
  8
BLACK
  6
CONTINUOUS
100
AcDbLine
 10
4.1086141732283465
 20
0.1419448818897638
 30
0
 11
4.1086141732283465
 21
0.5777716535433071
 31
0
  0
LINE
  5
C7
330
1A
100
AcDbEntity
  8
BLACK
  6
CONTINUOUS
100
AcDbLine
 10
4.1086141732283465
 20
0.5777716535433071
 30
0
 11
3.8924724409448817
 21
0.5777716535433071
 31
0
  0
LINE
  5
C8
330
1A
100
AcDbEntity
  8
BLACK
  6
CONTINUOUS
100
AcDbLine
 10
2.6984907480314959
 20
0.5868126377952756
 30
0
 11
2.7153685039370079
 21
0.5851542913385827
 31
0
  0
LINE
  5
C9
330
1A
100
AcDbEntity
  8
BLACK
  6
CONTINUOUS
100
AcDbLine
 10
2.7153685039370079
 20
0.5851542913385827
 30
0
 11
2.7320284251968503
 21
0.5819834645669291
 31
0
  0
LINE
  5
CA
330
1A
100
AcDbEntity
  8
BLACK
  6
CONTINUOUS
100
AcDbLine
 10
2.7320284251968503
 20
0.5819834645669291
 30
0
 11
2.7483353543307087
 21
0.5773259448818897
 31
0
  0
LINE
  5
CB
330
1A
100
AcDbEntity
  8
BLACK
  6
CONTINUOUS
100
AcDbLine
 10
2.7483353543307087
 20
0.5773259448818897
 30
0
 11
2.7641568503937006
 21
0.5712194881889764
 31
0
  0
LINE
  5
CC
330
1A
100
AcDbEntity
  8
BLACK
  6
CONTINUOUS
100
AcDbLine
 10
2.7641568503937006
 20
0.5712194881889764
 30
0
 11
2.7793644488188978
 21
0.5637137401574803
 31
0
  0
LINE
  5
CD
330
1A
100
AcDbEntity
  8
BLACK
  6
CONTINUOUS
100
AcDbLine
 10
2.7793644488188978
 20
0.5637137401574803
 30
0
 11
2.7938347244094488
 21
0.5548695669291338
 31
0
  0
LINE
  5
CE
330
1A
100
AcDbEntity
  8
BLACK
  6
CONTINUOUS
100
AcDbLine
 10
2.7938347244094488
 20
0.5548695669291338
 30
0
 11
2.8074501574803148
 21
0.544758779527559
 31
0
  0
LINE
  5
CF
330
1A
100
AcDbEntity
  8
BLACK
  6
CONTINUOUS
100
AcDbLine
 10
2.8074501574803148
 20
0.544758779527559
 30
0
 11
2.8201002362204726
 21
0.5334635039370078
 31
0
  0
LINE
  5
D0
330
1A
100
AcDbEntity
  8
BLACK
  6
CONTINUOUS
100
AcDbLine
 10
2.8201002362204726
 20
0.5334635039370078
 30
0
 11
2.8316822834645667
 21
0.5210754330708661
 31
0
  0
LINE
  5
D1
330
1A
100
AcDbEntity
  8
BLACK
  6
CONTINUOUS
100
AcDbLine
 10
2.8316822834645667
 20
0.5210754330708661
 30
0
 11
2.8417789370078741
 21
0.5081102362204725
 31
0
  0
LINE
  5
D2
330
1A
100
AcDbEntity
  8
BLACK
  6
CONTINUOUS
100
AcDbLine
 10
2.8417789370078741
 20
0.5081102362204725
 30
0
 11
2.9346062992125983
 21
0.5081102362204725
 31
0
  0
LINE
  5
D3
330
1A
100
AcDbEntity
  8
BLACK
  6
CONTINUOUS
100
AcDbLine
 10
2.9346062992125983
 20
0.5081102362204725
 30
0
 11
2.9349829527559055
 21
0.5080353149606299
 31
0
  0
LINE
  5
D4
330
1A
100
AcDbEntity
  8
BLACK
  6
CONTINUOUS
100
AcDbLine
 10
2.9349829527559055
 20
0.5080353149606299
 30
0
 11
2.9355156299212597
 21
0.5075026377952756
 31
0
  0
LINE
  5
D5
330
1A
100
AcDbEntity
  8
BLACK
  6
CONTINUOUS
100
AcDbLine
 10
2.9355156299212597
 20
0.5075026377952756
 30
0
 11
2.9355905511811025
 21
0.5071259842519685
 31
0
  0
LINE
  5
D6
330
1A
100
AcDbEntity
  8
BLACK
  6
CONTINUOUS
100
AcDbLine
 10
2.9355905511811025
 20
0.5071259842519685
 30
0
 11
2.9355905511811025
 21
0.2905905511811023
 31
0
  0
LINE
  5
D7
330
1A
100
AcDbEntity
  8
BLACK
  6
CONTINUOUS
100
AcDbLine
 10
2.9355905511811025
 20
0.2905905511811023
 30
0
 11
2.9355156299212597
 21
0.2902138976377953
 31
0
  0
LINE
  5
D8
330
1A
100
AcDbEntity
  8
BLACK
  6
CONTINUOUS
100
AcDbLine
 10
2.9355156299212597
 20
0.2902138976377953
 30
0
 11
2.9349829527559055
 21
0.2896812204724409
 31
0
  0
LINE
  5
D9
330
1A
100
AcDbEntity
  8
BLACK
  6
CONTINUOUS
100
AcDbLine
 10
2.9349829527559055
 20
0.2896812204724409
 30
0
 11
2.9346062992125983
 21
0.2896062992125984
 31
0
  0
LINE
  5
DA
330
1A
100
AcDbEntity
  8
BLACK
  6
CONTINUOUS
100
AcDbLine
 10
2.9346062992125983
 20
0.2896062992125984
 30
0
 11
2.8418052755905512
 21
0.2896062992125984
 31
0
  0
LINE
  5
DB
330
1A
100
AcDbEntity
  8
BLACK
  6
CONTINUOUS
100
AcDbLine
 10
2.8418052755905512
 20
0.2896062992125984
 30
0
 11
2.8313729527559053
 21
0.2762797244094488
 31
0
  0
LINE
  5
DC
330
1A
100
AcDbEntity
  8
BLACK
  6
CONTINUOUS
100
AcDbLine
 10
2.8313729527559053
 20
0.2762797244094488
 30
0
 11
2.8197596456692913
 21
0.2639209448818898
 31
0
  0
LINE
  5
DD
330
1A
100
AcDbEntity
  8
BLACK
  6
CONTINUOUS
100
AcDbLine
 10
2.8197596456692913
 20
0.2639209448818898
 30
0
 11
2.8070810629921259
 21
0.2526576771653543
 31
0
  0
LINE
  5
DE
330
1A
100
AcDbEntity
  8
BLACK
  6
CONTINUOUS
100
AcDbLine
 10
2.8070810629921259
 20
0.2526576771653543
 30
0
 11
2.7934401181102362
 21
0.2425813779527559
 31
0
  0
LINE
  5
DF
330
1A
100
AcDbEntity
  8
BLACK
  6
CONTINUOUS
100
AcDbLine
 10
2.7934401181102362
 20
0.2425813779527559
 30
0
 11
2.7789475590551183
 21
0.233773779527559
 31
0
  0
LINE
  5
E0
330
1A
100
AcDbEntity
  8
BLACK
  6
CONTINUOUS
100
AcDbLine
 10
2.7789475590551183
 20
0.233773779527559
 30
0
 11
2.7680412598425197
 21
0.2284251968503937
 31
0
  0
LINE
  5
E1
330
1A
100
AcDbEntity
  8
BLACK
  6
CONTINUOUS
100
AcDbLine
 10
2.7680412598425197
 20
0.2284251968503937
 30
0
 11
2.9004724409448817
 21
0.2284251968503937
 31
0
  0
LINE
  5
E2
330
1A
100
AcDbEntity
  8
BLACK
  6
CONTINUOUS
100
AcDbLine
 10
2.9004724409448817
 20
0.2284251968503937
 30
0
 11
2.9008490944881888
 21
0.2283502755905512
 31
0
  0
LINE
  5
E3
330
1A
100
AcDbEntity
  8
BLACK
  6
CONTINUOUS
100
AcDbLine
 10
2.9008490944881888
 20
0.2283502755905512
 30
0
 11
2.9013817716535431
 21
0.2278175984251968
 31
0
  0
LINE
  5
E4
330
1A
100
AcDbEntity
  8
BLACK
  6
CONTINUOUS
100
AcDbLine
 10
2.9013817716535431
 20
0.2278175984251968
 30
0
 11
2.9014566929133858
 21
0.2274409448818898
 31
0
  0
LINE
  5
E5
330
1A
100
AcDbEntity
  8
BLACK
  6
CONTINUOUS
100
AcDbLine
 10
2.9014566929133858
 20
0.2274409448818898
 30
0
 11
2.9014566929133858
 21
0.1502755905511811
 31
0
  0
LINE
  5
E6
330
1A
100
AcDbEntity
  8
BLACK
  6
CONTINUOUS
100
AcDbLine
 10
2.9014566929133858
 20
0.1502755905511811
 30
0
 11
2.9013817716535431
 21
0.149898937007874
 31
0
  0
LINE
  5
E7
330
1A
100
AcDbEntity
  8
BLACK
  6
CONTINUOUS
100
AcDbLine
 10
2.9013817716535431
 20
0.149898937007874
 30
0
 11
2.9008490944881888
 21
0.1493662598425197
 31
0
  0
LINE
  5
E8
330
1A
100
AcDbEntity
  8
BLACK
  6
CONTINUOUS
100
AcDbLine
 10
2.9008490944881888
 20
0.1493662598425197
 30
0
 11
2.9004724409448817
 21
0.1492913385826772
 31
0
  0
LINE
  5
E9
330
1A
100
AcDbEntity
  8
BLACK
  6
CONTINUOUS
100
AcDbLine
 10
2.9004724409448817
 20
0.1492913385826772
 30
0
 11
2.7666141732283465
 21
0.1492913385826772
 31
0
  0
LINE
  5
EA
330
1A
100
AcDbEntity
  8
BLACK
  6
CONTINUOUS
100
AcDbLine
 10
2.7666141732283465
 20
0.1492913385826772
 30
0
 11
2.7662375196850393
 21
0.1493662598425197
 31
0
  0
LINE
  5
EB
330
1A
100
AcDbEntity
  8
BLACK
  6
CONTINUOUS
100
AcDbLine
 10
2.7662375196850393
 20
0.1493662598425197
 30
0
 11
2.7657048425196851
 21
0.149898937007874
 31
0
  0
LINE
  5
EC
330
1A
100
AcDbEntity
  8
BLACK
  6
CONTINUOUS
100
AcDbLine
 10
2.7657048425196851
 20
0.149898937007874
 30
0
 11
2.7656299212598423
 21
0.1502755905511811
 31
0
  0
LINE
  5
ED
330
1A
100
AcDbEntity
  8
BLACK
  6
CONTINUOUS
100
AcDbLine
 10
2.7656299212598423
 20
0.1502755905511811
 30
0
 11
2.7656299212598423
 21
0.2272426771653543
 31
0
  0
LINE
  5
EE
330
1A
100
AcDbEntity
  8
BLACK
  6
CONTINUOUS
100
AcDbLine
 10
2.7656299212598423
 20
0.2272426771653543
 30
0
 11
2.7637210236220473
 21
0.2263064960629921
 31
0
  0
LINE
  5
EF
330
1A
100
AcDbEntity
  8
BLACK
  6
CONTINUOUS
100
AcDbLine
 10
2.7637210236220473
 20
0.2263064960629921
 30
0
 11
2.7478841338582676
 21
0.2202400393700787
 31
0
  0
LINE
  5
F0
330
1A
100
AcDbEntity
  8
BLACK
  6
CONTINUOUS
100
AcDbLine
 10
2.7478841338582676
 20
0.2202400393700787
 30
0
 11
2.7315655118110236
 21
0.2156237401574803
 31
0
  0
LINE
  5
F1
330
1A
100
AcDbEntity
  8
BLACK
  6
CONTINUOUS
100
AcDbLine
 10
2.7315655118110236
 20
0.2156237401574803
 30
0
 11
2.7148975984251966
 21
0.2124950393700787
 31
0
  0
LINE
  5
F2
330
1A
100
AcDbEntity
  8
BLACK
  6
CONTINUOUS
100
AcDbLine
 10
2.7148975984251966
 20
0.2124950393700787
 30
0
 11
2.6980157480314961
 21
0.2108793307086614
 31
0
  0
LINE
  5
F3
330
1A
100
AcDbEntity
  8
BLACK
  6
CONTINUOUS
100
AcDbLine
 10
2.6980157480314961
 20
0.2108793307086614
 30
0
 11
2.6810569685039369
 21
0.2107897637795275
 31
0
  0
LINE
  5
F4
330
1A
100
AcDbEntity
  8
BLACK
  6
CONTINUOUS
100
AcDbLine
 10
2.6810569685039369
 20
0.2107897637795275
 30
0
 11
2.6641589763779527
 21
0.2122270472440945
 31
0
  0
LINE
  5
F5
330
1A
100
AcDbEntity
  8
BLACK
  6
CONTINUOUS
100
AcDbLine
 10
2.6641589763779527
 20
0.2122270472440945
 30
0
 11
2.6474589370078738
 21
0.2151795275590551
 31
0
  0
LINE
  5
F6
330
1A
100
AcDbEntity
  8
BLACK
  6
CONTINUOUS
100
AcDbLine
 10
2.6474589370078738
 20
0.2151795275590551
 30
0
 11
2.6310924803149605
 21
0.2196231889763779
 31
0
  0
LINE
  5
F7
330
1A
100
AcDbEntity
  8
BLACK
  6
CONTINUOUS
100
AcDbLine
 10
2.6310924803149605
 20
0.2196231889763779
 30
0
 11
2.6151924015748031
 21
0.2255220078740157
 31
0
  0
LINE
  5
F8
330
1A
100
AcDbEntity
  8
BLACK
  6
CONTINUOUS
100
AcDbLine
 10
2.6151924015748031
 20
0.2255220078740157
 30
0
 11
2.5998878740157481
 21
0.2328281102362205
 31
0
  0
LINE
  5
F9
330
1A
100
AcDbEntity
  8
BLACK
  6
CONTINUOUS
100
AcDbLine
 10
2.5998878740157481
 20
0.2328281102362205
 30
0
 11
2.5853030708661415
 21
0.2414820866141732
 31
0
  0
LINE
  5
FA
330
1A
100
AcDbEntity
  8
BLACK
  6
CONTINUOUS
100
AcDbLine
 10
2.5853030708661415
 20
0.2414820866141732
 30
0
 11
2.5715564173228347
 21
0.2514137795275591
 31
0
  0
LINE
  5
FB
330
1A
100
AcDbEntity
  8
BLACK
  6
CONTINUOUS
100
AcDbLine
 10
2.5715564173228347
 20
0.2514137795275591
 30
0
 11
2.5587595669291336
 21
0.2625424803149606
 31
0
  0
LINE
  5
FC
330
1A
100
AcDbEntity
  8
BLACK
  6
CONTINUOUS
100
AcDbLine
 10
2.5587595669291336
 20
0.2625424803149606
 30
0
 11
2.5470163779527559
 21
0.2747779133858267
 31
0
  0
LINE
  5
FD
330
1A
100
AcDbEntity
  8
BLACK
  6
CONTINUOUS
100
AcDbLine
 10
2.5470163779527559
 20
0.2747779133858267
 30
0
 11
2.5364222047244094
 21
0.2880206692913386
 31
0
  0
LINE
  5
FE
330
1A
100
AcDbEntity
  8
BLACK
  6
CONTINUOUS
100
AcDbLine
 10
2.5364222047244094
 20
0.2880206692913386
 30
0
 11
2.5270629921259844
 21
0.3021633070866142
 31
0
  0
LINE
  5
FF
330
1A
100
AcDbEntity
  8
BLACK
  6
CONTINUOUS
100
AcDbLine
 10
2.5270629921259844
 20
0.3021633070866142
 30
0
 11
2.5190148031496062
 21
0.3170909448818898
 31
0
  0
LINE
  5
100
330
1A
100
AcDbEntity
  8
BLACK
  6
CONTINUOUS
100
AcDbLine
 10
2.5190148031496062
 20
0.3170909448818898
 30
0
 11
2.5123429527559056
 21
0.3326824409448819
 31
0
  0
LINE
  5
101
330
1A
100
AcDbEntity
  8
BLACK
  6
CONTINUOUS
100
AcDbLine
 10
2.5123429527559056
 20
0.3326824409448819
 30
0
 11
2.5071016141732283
 21
0.3488111811023622
 31
0
  0
LINE
  5
102
330
1A
100
AcDbEntity
  8
BLACK
  6
CONTINUOUS
100
AcDbLine
 10
2.5071016141732283
 20
0.3488111811023622
 30
0
 11
2.5033333070866139
 21
0.3653462204724409
 31
0
  0
LINE
  5
103
330
1A
100
AcDbEntity
  8
BLACK
  6
CONTINUOUS
100
AcDbLine
 10
2.5033333070866139
 20
0.3653462204724409
 30
0
 11
2.5010686614173228
 21
0.3821533464566929
 31
0
  0
LINE
  5
104
330
1A
100
AcDbEntity
  8
BLACK
  6
CONTINUOUS
100
AcDbLine
 10
2.5010686614173228
 20
0.3821533464566929
 30
0
 11
2.5003260236220473
 21
0.3990961023622047
 31
0
  0
LINE
  5
105
330
1A
100
AcDbEntity
  8
BLACK
  6
CONTINUOUS
100
AcDbLine
 10
2.5003260236220473
 20
0.3990961023622047
 30
0
 11
2.5011114566929131
 21
0.4160368897637795
 31
0
  0
LINE
  5
106
330
1A
100
AcDbEntity
  8
BLACK
  6
CONTINUOUS
100
AcDbLine
 10
2.5011114566929131
 20
0.4160368897637795
 30
0
 11
2.5034185826771651
 21
0.4328382283464567
 31
0
  0
LINE
  5
107
330
1A
100
AcDbEntity
  8
BLACK
  6
CONTINUOUS
100
AcDbLine
 10
2.5034185826771651
 20
0.4328382283464567
 30
0
 11
2.5072286614173227
 21
0.4493637007874016
 31
0
  0
LINE
  5
108
330
1A
100
AcDbEntity
  8
BLACK
  6
CONTINUOUS
100
AcDbLine
 10
2.5072286614173227
 20
0.4493637007874016
 30
0
 11
2.5125107480314961
 21
0.4654791338582677
 31
0
  0
LINE
  5
109
330
1A
100
AcDbEntity
  8
BLACK
  6
CONTINUOUS
100
AcDbLine
 10
2.5125107480314961
 20
0.4654791338582677
 30
0
 11
2.5192220078740157
 21
0.4810537401574803
 31
0
  0
LINE
  5
10A
330
1A
100
AcDbEntity
  8
BLACK
  6
CONTINUOUS
100
AcDbLine
 10
2.5192220078740157
 20
0.4810537401574803
 30
0
 11
2.5273078740157482
 21
0.4959609842519685
 31
0
  0
LINE
  5
10B
330
1A
100
AcDbEntity
  8
BLACK
  6
CONTINUOUS
100
AcDbLine
 10
2.5273078740157482
 20
0.4959609842519685
 30
0
 11
2.536702755905512
 21
0.5100799212598425
 31
0
  0
LINE
  5
10C
330
1A
100
AcDbEntity
  8
BLACK
  6
CONTINUOUS
100
AcDbLine
 10
2.536702755905512
 20
0.5100799212598425
 30
0
 11
2.5473303937007872
 21
0.5232958661417323
 31
0
  0
LINE
  5
10D
330
1A
100
AcDbEntity
  8
BLACK
  6
CONTINUOUS
100
AcDbLine
 10
2.5473303937007872
 20
0.5232958661417323
 30
0
 11
2.5591044881889764
 21
0.5355015748031496
 31
0
  0
LINE
  5
10E
330
1A
100
AcDbEntity
  8
BLACK
  6
CONTINUOUS
100
AcDbLine
 10
2.5591044881889764
 20
0.5355015748031496
 30
0
 11
2.5719294094488188
 21
0.5465979133858268
 31
0
  0
LINE
  5
10F
330
1A
100
AcDbEntity
  8
BLACK
  6
CONTINUOUS
100
AcDbLine
 10
2.5719294094488188
 20
0.5465979133858268
 30
0
 11
2.5857011023622047
 21
0.5564948031496063
 31
0
  0
LINE
  5
110
330
1A
100
AcDbEntity
  8
BLACK
  6
CONTINUOUS
100
AcDbLine
 10
2.5857011023622047
 20
0.5564948031496063
 30
0
 11
2.6003077165354331
 21
0.5651119291338582
 31
0
  0
LINE
  5
111
330
1A
100
AcDbEntity
  8
BLACK
  6
CONTINUOUS
100
AcDbLine
 10
2.6003077165354331
 20
0.5651119291338582
 30
0
 11
2.6156306692913387
 21
0.5723792913385827
 31
0
  0
LINE
  5
112
330
1A
100
AcDbEntity
  8
BLACK
  6
CONTINUOUS
100
AcDbLine
 10
2.6156306692913387
 20
0.5723792913385827
 30
0
 11
2.6315455905511809
 21
0.5782379133858268
 31
0
  0
LINE
  5
113
330
1A
100
AcDbEntity
  8
BLACK
  6
CONTINUOUS
100
AcDbLine
 10
2.6315455905511809
 20
0.5782379133858268
 30
0
 11
2.6479232677165352
 21
0.5826402362204725
 31
0
  0
LINE
  5
114
330
1A
100
AcDbEntity
  8
BLACK
  6
CONTINUOUS
100
AcDbLine
 10
2.6479232677165352
 20
0.5826402362204725
 30
0
 11
2.6646307086614174
 21
0.5855505118110236
 31
0
  0
LINE
  5
115
330
1A
100
AcDbEntity
  8
BLACK
  6
CONTINUOUS
100
AcDbLine
 10
2.6646307086614174
 20
0.5855505118110236
 30
0
 11
2.6815322834645667
 21
0.5869450787401574
 31
0
  0
LINE
  5
116
330
1A
100
AcDbEntity
  8
BLACK
  6
CONTINUOUS
100
AcDbLine
 10
2.6815322834645667
 20
0.5869450787401574
 30
0
 11
2.6984907480314959
 21
0.5868126377952756
 31
0
  0
LINE
  5
117
330
1A
100
AcDbEntity
  8
BLACK
  6
CONTINUOUS
100
AcDbLine
 10
2.7675984251968502
 20
0.2264566929133858
 30
0
 11
2.7675984251968502
 21
0.151259842519685
 31
0
  0
LINE
  5
118
330
1A
100
AcDbEntity
  8
BLACK
  6
CONTINUOUS
100
AcDbLine
 10
2.7675984251968502
 20
0.151259842519685
 30
0
 11
2.8994881889763779
 21
0.151259842519685
 31
0
  0
LINE
  5
119
330
1A
100
AcDbEntity
  8
BLACK
  6
CONTINUOUS
100
AcDbLine
 10
2.8994881889763779
 20
0.151259842519685
 30
0
 11
2.8994881889763779
 21
0.2264566929133858
 31
0
  0
LINE
  5
11A
330
1A
100
AcDbEntity
  8
BLACK
  6
CONTINUOUS
100
AcDbLine
 10
2.8994881889763779
 20
0.2264566929133858
 30
0
 11
2.7675984251968502
 21
0.2264566929133858
 31
0
  0
LINE
  5
11B
330
1A
100
AcDbEntity
  8
BLACK
  6
CONTINUOUS
100
AcDbLine
 10
2.6732122047244093
 20
0.5846634645669291
 30
0
 11
2.6565497637795277
 21
0.5825292519685039
 31
0
  0
LINE
  5
11C
330
1A
100
AcDbEntity
  8
BLACK
  6
CONTINUOUS
100
AcDbLine
 10
2.6565497637795277
 20
0.5825292519685039
 30
0
 11
2.640147086614173
 21
0.5789038976377953
 31
0
  0
LINE
  5
11D
330
1A
100
AcDbEntity
  8
BLACK
  6
CONTINUOUS
100
AcDbLine
 10
2.640147086614173
 20
0.5789038976377953
 30
0
 11
2.6241373228346454
 21
0.573816811023622
 31
0
  0
LINE
  5
11E
330
1A
100
AcDbEntity
  8
BLACK
  6
CONTINUOUS
100
AcDbLine
 10
2.6241373228346454
 20
0.573816811023622
 30
0
 11
2.6086504330708662
 21
0.5673092913385827
 31
0
  0
LINE
  5
11F
330
1A
100
AcDbEntity
  8
BLACK
  6
CONTINUOUS
100
AcDbLine
 10
2.6086504330708662
 20
0.5673092913385827
 30
0
 11
2.5938121653543305
 21
0.5594342125984252
 31
0
  0
LINE
  5
120
330
1A
100
AcDbEntity
  8
BLACK
  6
CONTINUOUS
100
AcDbLine
 10
2.5938121653543305
 20
0.5594342125984252
 30
0
 11
2.5797429527559053
 21
0.5502554330708661
 31
0
  0
LINE
  5
121
330
1A
100
AcDbEntity
  8
BLACK
  6
CONTINUOUS
100
AcDbLine
 10
2.5797429527559053
 20
0.5502554330708661
 30
0
 11
2.5665570866141731
 21
0.5398475590551181
 31
0
  0
LINE
  5
122
330
1A
100
AcDbEntity
  8
BLACK
  6
CONTINUOUS
100
AcDbLine
 10
2.5665570866141731
 20
0.5398475590551181
 30
0
 11
2.5543615748031496
 21
0.5282950393700787
 31
0
  0
LINE
  5
123
330
1A
100
AcDbEntity
  8
BLACK
  6
CONTINUOUS
100
AcDbLine
 10
2.5543615748031496
 20
0.5282950393700787
 30
0
 11
2.5432553937007873
 21
0.5156916929133858
 31
0
  0
LINE
  5
124
330
1A
100
AcDbEntity
  8
BLACK
  6
CONTINUOUS
100
AcDbLine
 10
2.5432553937007873
 20
0.5156916929133858
 30
0
 11
2.533328779527559
 21
0.5021398031496063
 31
0
  0
LINE
  5
125
330
1A
100
AcDbEntity
  8
BLACK
  6
CONTINUOUS
100
AcDbLine
 10
2.533328779527559
 20
0.5021398031496063
 30
0
 11
2.5246622834645667
 21
0.4877494094488189
 31
0
  0
LINE
  5
126
330
1A
100
AcDbEntity
  8
BLACK
  6
CONTINUOUS
100
AcDbLine
 10
2.5246622834645667
 20
0.4877494094488189
 30
0
 11
2.5173262992125984
 21
0.4726373622047244
 31
0
  0
LINE
  5
127
330
1A
100
AcDbEntity
  8
BLACK
  6
CONTINUOUS
100
AcDbLine
 10
2.5173262992125984
 20
0.4726373622047244
 30
0
 11
2.51138031496063
 21
0.4569262992125984
 31
0
  0
LINE
  5
128
330
1A
100
AcDbEntity
  8
BLACK
  6
CONTINUOUS
100
AcDbLine
 10
2.51138031496063
 20
0.4569262992125984
 30
0
 11
2.5068726771653544
 21
0.4407438188976378
 31
0
  0
LINE
  5
129
330
1A
100
AcDbEntity
  8
BLACK
  6
CONTINUOUS
100
AcDbLine
 10
2.5068726771653544
 20
0.4407438188976378
 30
0
 11
2.5038399212598423
 21
0.4242212992125984
 31
0
  0
LINE
  5
12A
330
1A
100
AcDbEntity
  8
BLACK
  6
CONTINUOUS
100
AcDbLine
 10
2.5038399212598423
 20
0.4242212992125984
 30
0
 11
2.5023067322834645
 21
0.407492874015748
 31
0
  0
LINE
  5
12B
330
1A
100
AcDbEntity
  8
BLACK
  6
CONTINUOUS
100
AcDbLine
 10
2.5023067322834645
 20
0.407492874015748
 30
0
 11
2.5022855118110234
 21
0.3906943307086614
 31
0
  0
LINE
  5
12C
330
1A
100
AcDbEntity
  8
BLACK
  6
CONTINUOUS
100
AcDbLine
 10
2.5022855118110234
 20
0.3906943307086614
 30
0
 11
2.5037764173228347
 21
0.3739620472440945
 31
0
  0
LINE
  5
12D
330
1A
100
AcDbEntity
  8
BLACK
  6
CONTINUOUS
100
AcDbLine
 10
2.5037764173228347
 20
0.3739620472440945
 30
0
 11
2.5067674015748032
 21
0.3574319291338582
 31
0
  0
LINE
  5
12E
330
1A
100
AcDbEntity
  8
BLACK
  6
CONTINUOUS
100
AcDbLine
 10
2.5067674015748032
 20
0.3574319291338582
 30
0
 11
2.5112341338582675
 21
0.3412381102362205
 31
0
  0
LINE
  5
12F
330
1A
100
AcDbEntity
  8
BLACK
  6
CONTINUOUS
100
AcDbLine
 10
2.5112341338582675
 20
0.3412381102362205
 30
0
 11
2.5171403937007875
 21
0.3255120866141732
 31
0
  0
LINE
  5
130
330
1A
100
AcDbEntity
  8
BLACK
  6
CONTINUOUS
100
AcDbLine
 10
2.5171403937007875
 20
0.3255120866141732
 30
0
 11
2.5244381889763781
 21
0.3103815354330708
 31
0
  0
LINE
  5
131
330
1A
100
AcDbEntity
  8
BLACK
  6
CONTINUOUS
100
AcDbLine
 10
2.5244381889763781
 20
0.3103815354330708
 30
0
 11
2.5330682677165353
 21
0.2959692913385827
 31
0
  0
LINE
  5
132
330
1A
100
AcDbEntity
  8
BLACK
  6
CONTINUOUS
100
AcDbLine
 10
2.5330682677165353
 20
0.2959692913385827
 30
0
 11
2.5429606299212599
 21
0.2823923622047244
 31
0
  0
LINE
  5
133
330
1A
100
AcDbEntity
  8
BLACK
  6
CONTINUOUS
100
AcDbLine
 10
2.5429606299212599
 20
0.2823923622047244
 30
0
 11
2.5540348818897636
 21
0.2697609842519685
 31
0
  0
LINE
  5
134
330
1A
100
AcDbEntity
  8
BLACK
  6
CONTINUOUS
100
AcDbLine
 10
2.5540348818897636
 20
0.2697609842519685
 30
0
 11
2.566201181102362
 21
0.2581776771653543
 31
0
  0
LINE
  5
135
330
1A
100
AcDbEntity
  8
BLACK
  6
CONTINUOUS
100
AcDbLine
 10
2.566201181102362
 20
0.2581776771653543
 30
0
 11
2.5793607086614174
 21
0.2477364960629921
 31
0
  0
LINE
  5
136
330
1A
100
AcDbEntity
  8
BLACK
  6
CONTINUOUS
100
AcDbLine
 10
2.5793607086614174
 20
0.2477364960629921
 30
0
 11
2.5934066535433069
 21
0.2385222440944882
 31
0
  0
LINE
  5
137
330
1A
100
AcDbEntity
  8
BLACK
  6
CONTINUOUS
100
AcDbLine
 10
2.5934066535433069
 20
0.2385222440944882
 30
0
 11
2.608225
 21
0.2306096456692913
 31
0
  0
LINE
  5
138
330
1A
100
AcDbEntity
  8
BLACK
  6
CONTINUOUS
100
AcDbLine
 10
2.608225
 20
0.2306096456692913
 30
0
 11
2.6236953937007872
 21
0.224063031496063
 31
0
  0
LINE
  5
139
330
1A
100
AcDbEntity
  8
BLACK
  6
CONTINUOUS
100
AcDbLine
 10
2.6236953937007872
 20
0.224063031496063
 30
0
 11
2.6396922440944883
 21
0.2189355118110236
 31
0
  0
LINE
  5
13A
330
1A
100
AcDbEntity
  8
BLACK
  6
CONTINUOUS
100
AcDbLine
 10
2.6396922440944883
 20
0.2189355118110236
 30
0
 11
2.6560857086614171
 21
0.2152687007874016
 31
0
  0
LINE
  5
13B
330
1A
100
AcDbEntity
  8
BLACK
  6
CONTINUOUS
100
AcDbLine
 10
2.6560857086614171
 20
0.2152687007874016
 30
0
 11
2.6727427165354332
 21
0.2130923622047244
 31
0
  0
LINE
  5
13C
330
1A
100
AcDbEntity
  8
BLACK
  6
CONTINUOUS
100
AcDbLine
 10
2.6727427165354332
 20
0.2130923622047244
 30
0
 11
2.6895279527559053
 21
0.2124242125984252
 31
0
  0
LINE
  5
13D
330
1A
100
AcDbEntity
  8
BLACK
  6
CONTINUOUS
100
AcDbLine
 10
2.6895279527559053
 20
0.2124242125984252
 30
0
 11
2.7063052362204725
 21
0.2132696456692913
 31
0
  0
LINE
  5
13E
330
1A
100
AcDbEntity
  8
BLACK
  6
CONTINUOUS
100
AcDbLine
 10
2.7063052362204725
 20
0.2132696456692913
 30
0
 11
2.722938307086614
 21
0.2156217716535433
 31
0
  0
LINE
  5
13F
330
1A
100
AcDbEntity
  8
BLACK
  6
CONTINUOUS
100
AcDbLine
 10
2.722938307086614
 20
0.2156217716535433
 30
0
 11
2.7392921259842518
 21
0.2194615354330709
 31
0
  0
LINE
  5
140
330
1A
100
AcDbEntity
  8
BLACK
  6
CONTINUOUS
100
AcDbLine
 10
2.7392921259842518
 20
0.2194615354330709
 30
0
 11
2.755233937007874
 21
0.2247577559055118
 31
0
  0
LINE
  5
141
330
1A
100
AcDbEntity
  8
BLACK
  6
CONTINUOUS
100
AcDbLine
 10
2.755233937007874
 20
0.2247577559055118
 30
0
 11
2.7706343307086612
 21
0.2314674409448819
 31
0
  0
LINE
  5
142
330
1A
100
AcDbEntity
  8
BLACK
  6
CONTINUOUS
100
AcDbLine
 10
2.7706343307086612
 20
0.2314674409448819
 30
0
 11
2.7853682283464565
 21
0.239536062992126
 31
0
  0
LINE
  5
143
330
1A
100
AcDbEntity
  8
BLACK
  6
CONTINUOUS
100
AcDbLine
 10
2.7853682283464565
 20
0.239536062992126
 30
0
 11
2.7993160629921259
 21
0.2488981889763779
 31
0
  0
LINE
  5
144
330
1A
100
AcDbEntity
  8
BLACK
  6
CONTINUOUS
100
AcDbLine
 10
2.7993160629921259
 20
0.2488981889763779
 30
0
 11
2.8123645669291339
 21
0.2594777952755906
 31
0
  0
LINE
  5
145
330
1A
100
AcDbEntity
  8
BLACK
  6
CONTINUOUS
100
AcDbLine
 10
2.8123645669291339
 20
0.2594777952755906
 30
0
 11
2.8244078346456694
 21
0.271188937007874
 31
0
  0
LINE
  5
146
330
1A
100
AcDbEntity
  8
BLACK
  6
CONTINUOUS
100
AcDbLine
 10
2.8244078346456694
 20
0.271188937007874
 30
0
 11
2.8353480708661416
 21
0.2839366141732284
 31
0
  0
LINE
  5
147
330
1A
100
AcDbEntity
  8
BLACK
  6
CONTINUOUS
100
AcDbLine
 10
2.8353480708661416
 20
0.2839366141732284
 30
0
 11
2.8402235433070864
 21
0.2907760236220472
 31
0
  0
LINE
  5
148
330
1A
100
AcDbEntity
  8
BLACK
  6
CONTINUOUS
100
AcDbLine
 10
2.8402235433070864
 20
0.2907760236220472
 30
0
 11
2.8403898818897639
 21
0.2908992519685039
 31
0
  0
LINE
  5
149
330
1A
100
AcDbEntity
  8
BLACK
  6
CONTINUOUS
100
AcDbLine
 10
2.8403898818897639
 20
0.2908992519685039
 30
0
 11
2.8403898818897639
 21
0.2909672047244095
 31
0
  0
LINE
  5
14A
330
1A
100
AcDbEntity
  8
BLACK
  6
CONTINUOUS
100
AcDbLine
 10
2.8403898818897639
 20
0.2909672047244095
 30
0
 11
2.8409225590551181
 21
0.2914998818897638
 31
0
  0
LINE
  5
14B
330
1A
100
AcDbEntity
  8
BLACK
  6
CONTINUOUS
100
AcDbLine
 10
2.8409225590551181
 20
0.2914998818897638
 30
0
 11
2.8412992125984253
 21
0.2915748031496063
 31
0
  0
LINE
  5
14C
330
1A
100
AcDbEntity
  8
BLACK
  6
CONTINUOUS
100
AcDbLine
 10
2.8412992125984253
 20
0.2915748031496063
 30
0
 11
2.9336220472440946
 21
0.2915748031496063
 31
0
  0
LINE
  5
14D
330
1A
100
AcDbEntity
  8
BLACK
  6
CONTINUOUS
100
AcDbLine
 10
2.9336220472440946
 20
0.2915748031496063
 30
0
 11
2.9336220472440946
 21
0.5061417322834646
 31
0
  0
LINE
  5
14E
330
1A
100
AcDbEntity
  8
BLACK
  6
CONTINUOUS
100
AcDbLine
 10
2.9336220472440946
 20
0.5061417322834646
 30
0
 11
2.8412992125984253
 21
0.5061417322834646
 31
0
  0
LINE
  5
14F
330
1A
100
AcDbEntity
  8
BLACK
  6
CONTINUOUS
100
AcDbLine
 10
2.8412992125984253
 20
0.5061417322834646
 30
0
 11
2.8410421259842518
 21
0.506192874015748
 31
0
  0
LINE
  5
150
330
1A
100
AcDbEntity
  8
BLACK
  6
CONTINUOUS
100
AcDbLine
 10
2.8410421259842518
 20
0.506192874015748
 30
0
 11
2.840984094488189
 21
0.5061935433070867
 31
0
  0
LINE
  5
151
330
1A
100
AcDbEntity
  8
BLACK
  6
CONTINUOUS
100
AcDbLine
 10
2.840984094488189
 20
0.5061935433070867
 30
0
 11
2.8409641732283464
 21
0.5062083858267716
 31
0
  0
LINE
  5
152
330
1A
100
AcDbEntity
  8
BLACK
  6
CONTINUOUS
100
AcDbLine
 10
2.8409641732283464
 20
0.5062083858267716
 30
0
 11
2.8409225590551181
 21
0.506216653543307
 31
0
  0
LINE
  5
153
330
1A
100
AcDbEntity
  8
BLACK
  6
CONTINUOUS
100
AcDbLine
 10
2.8409225590551181
 20
0.506216653543307
 30
0
 11
2.8408335826771651
 21
0.5063056299212598
 31
0
  0
LINE
  5
154
330
1A
100
AcDbEntity
  8
BLACK
  6
CONTINUOUS
100
AcDbLine
 10
2.8408335826771651
 20
0.5063056299212598
 30
0
 11
2.8404962204724407
 21
0.5065568503937008
 31
0
  0
LINE
  5
155
330
1A
100
AcDbEntity
  8
BLACK
  6
CONTINUOUS
100
AcDbLine
 10
2.8404962204724407
 20
0.5065568503937008
 30
0
 11
2.835638031496063
 21
0.5134085433070866
 31
0
  0
LINE
  5
156
330
1A
100
AcDbEntity
  8
BLACK
  6
CONTINUOUS
100
AcDbLine
 10
2.835638031496063
 20
0.5134085433070866
 30
0
 11
2.8247300393700785
 21
0.5261838188976378
 31
0
  0
LINE
  5
157
330
1A
100
AcDbEntity
  8
BLACK
  6
CONTINUOUS
100
AcDbLine
 10
2.8247300393700785
 20
0.5261838188976378
 30
0
 11
2.8127164173228345
 21
0.5379253937007874
 31
0
  0
LINE
  5
158
330
1A
100
AcDbEntity
  8
BLACK
  6
CONTINUOUS
100
AcDbLine
 10
2.8127164173228345
 20
0.5379253937007874
 30
0
 11
2.7996946850393698
 21
0.5485379133858268
 31
0
  0
LINE
  5
159
330
1A
100
AcDbEntity
  8
BLACK
  6
CONTINUOUS
100
AcDbLine
 10
2.7996946850393698
 20
0.5485379133858268
 30
0
 11
2.7857705511811024
 21
0.5579352362204725
 31
0
  0
LINE
  5
15A
330
1A
100
AcDbEntity
  8
BLACK
  6
CONTINUOUS
100
AcDbLine
 10
2.7857705511811024
 20
0.5579352362204725
 30
0
 11
2.771057086614173
 21
0.5660411023622047
 31
0
  0
LINE
  5
15B
330
1A
100
AcDbEntity
  8
BLACK
  6
CONTINUOUS
100
AcDbLine
 10
2.771057086614173
 20
0.5660411023622047
 30
0
 11
2.7556737007874017
 21
0.5727896850393701
 31
0
  0
LINE
  5
15C
330
1A
100
AcDbEntity
  8
BLACK
  6
CONTINUOUS
100
AcDbLine
 10
2.7556737007874017
 20
0.5727896850393701
 30
0
 11
2.7397453149606297
 21
0.5781261417322835
 31
0
  0
LINE
  5
15D
330
1A
100
AcDbEntity
  8
BLACK
  6
CONTINUOUS
100
AcDbLine
 10
2.7397453149606297
 20
0.5781261417322835
 30
0
 11
2.7234012598425195
 21
0.5820072440944882
 31
0
  0
LINE
  5
15E
330
1A
100
AcDbEntity
  8
BLACK
  6
CONTINUOUS
100
AcDbLine
 10
2.7234012598425195
 20
0.5820072440944882
 30
0
 11
2.7067741732283466
 21
0.5844014173228347
 31
0
  0
LINE
  5
15F
330
1A
100
AcDbEntity
  8
BLACK
  6
CONTINUOUS
100
AcDbLine
 10
2.7067741732283466
 20
0.5844014173228347
 30
0
 11
2.6899990944881891
 21
0.5852892125984251
 31
0
  0
LINE
  5
160
330
1A
100
AcDbEntity
  8
BLACK
  6
CONTINUOUS
100
AcDbLine
 10
2.6899990944881891
 20
0.5852892125984251
 30
0
 11
2.6732122047244093
 21
0.5846634645669291
 31
0
  0
LINE
  5
161
330
1A
100
AcDbEntity
  8
BLACK
  6
CONTINUOUS
100
AcDbLine
 10
1.1214619685039371
 20
0.3277930708661417
 30
0
 11
1.1225273228346457
 21
0.3267277165354331
 31
0
  0
LINE
  5
162
330
1A
100
AcDbEntity
  8
BLACK
  6
CONTINUOUS
100
AcDbLine
 10
1.1225273228346457
 20
0.3267277165354331
 30
0
 11
1.1226771653543306
 21
0.3259744094488189
 31
0
  0
LINE
  5
163
330
1A
100
AcDbEntity
  8
BLACK
  6
CONTINUOUS
100
AcDbLine
 10
1.1226771653543306
 20
0.3259744094488189
 30
0
 11
1.1226771653543306
 21
0.1921161417322834
 31
0
  0
LINE
  5
164
330
1A
100
AcDbEntity
  8
BLACK
  6
CONTINUOUS
100
AcDbLine
 10
1.1226771653543306
 20
0.1921161417322834
 30
0
 11
1.1225273228346457
 21
0.1913628346456693
 31
0
  0
LINE
  5
165
330
1A
100
AcDbEntity
  8
BLACK
  6
CONTINUOUS
100
AcDbLine
 10
1.1225273228346457
 20
0.1913628346456693
 30
0
 11
1.1214619685039371
 21
0.1902974803149606
 31
0
  0
LINE
  5
166
330
1A
100
AcDbEntity
  8
BLACK
  6
CONTINUOUS
100
AcDbLine
 10
1.1214619685039371
 20
0.1902974803149606
 30
0
 11
1.1207086614173227
 21
0.1901476377952756
 31
0
  0
LINE
  5
167
330
1A
100
AcDbEntity
  8
BLACK
  6
CONTINUOUS
100
AcDbLine
 10
1.1207086614173227
 20
0.1901476377952756
 30
0
 11
1.0435433070866142
 21
0.1901476377952756
 31
0
  0
LINE
  5
168
330
1A
100
AcDbEntity
  8
BLACK
  6
CONTINUOUS
100
AcDbLine
 10
1.0435433070866142
 20
0.1901476377952756
 30
0
 11
1.0427899999999999
 21
0.1902974803149606
 31
0
  0
LINE
  5
169
330
1A
100
AcDbEntity
  8
BLACK
  6
CONTINUOUS
100
AcDbLine
 10
1.0427899999999999
 20
0.1902974803149606
 30
0
 11
1.0417246456692912
 21
0.1913628346456693
 31
0
  0
LINE
  5
16A
330
1A
100
AcDbEntity
  8
BLACK
  6
CONTINUOUS
100
AcDbLine
 10
1.0417246456692912
 20
0.1913628346456693
 30
0
 11
1.0415748031496064
 21
0.1921161417322834
 31
0
  0
LINE
  5
16B
330
1A
100
AcDbEntity
  8
BLACK
  6
CONTINUOUS
100
AcDbLine
 10
1.0415748031496064
 20
0.1921161417322834
 30
0
 11
1.0415748031496064
 21
0.3259744094488189
 31
0
  0
LINE
  5
16C
330
1A
100
AcDbEntity
  8
BLACK
  6
CONTINUOUS
100
AcDbLine
 10
1.0415748031496064
 20
0.3259744094488189
 30
0
 11
1.0417246456692912
 21
0.3267277165354331
 31
0
  0
LINE
  5
16D
330
1A
100
AcDbEntity
  8
BLACK
  6
CONTINUOUS
100
AcDbLine
 10
1.0417246456692912
 20
0.3267277165354331
 30
0
 11
1.0427899999999999
 21
0.3277930708661417
 31
0
  0
LINE
  5
16E
330
1A
100
AcDbEntity
  8
BLACK
  6
CONTINUOUS
100
AcDbLine
 10
1.0427899999999999
 20
0.3277930708661417
 30
0
 11
1.0435433070866142
 21
0.3279429133858268
 31
0
  0
LINE
  5
16F
330
1A
100
AcDbEntity
  8
BLACK
  6
CONTINUOUS
100
AcDbLine
 10
1.0435433070866142
 20
0.3279429133858268
 30
0
 11
1.1207086614173227
 21
0.3279429133858268
 31
0
  0
LINE
  5
170
330
1A
100
AcDbEntity
  8
BLACK
  6
CONTINUOUS
100
AcDbLine
 10
1.1207086614173227
 20
0.3279429133858268
 30
0
 11
1.1214619685039371
 21
0.3277930708661417
 31
0
  0
LINE
  5
171
330
1A
100
AcDbEntity
  8
BLACK
  6
CONTINUOUS
100
AcDbLine
 10
1.0455118110236221
 20
0.324005905511811
 30
0
 11
1.0455118110236221
 21
0.1940846456692913
 31
0
  0
LINE
  5
172
330
1A
100
AcDbEntity
  8
BLACK
  6
CONTINUOUS
100
AcDbLine
 10
1.0455118110236221
 20
0.1940846456692913
 30
0
 11
1.1187401574803149
 21
0.1940846456692913
 31
0
  0
LINE
  5
173
330
1A
100
AcDbEntity
  8
BLACK
  6
CONTINUOUS
100
AcDbLine
 10
1.1187401574803149
 20
0.1940846456692913
 30
0
 11
1.1187401574803149
 21
0.324005905511811
 31
0
  0
LINE
  5
174
330
1A
100
AcDbEntity
  8
BLACK
  6
CONTINUOUS
100
AcDbLine
 10
1.1187401574803149
 20
0.324005905511811
 30
0
 11
1.0455118110236221
 21
0.324005905511811
 31
0
  0
LINE
  5
175
330
1A
100
AcDbEntity
  8
BLACK
  6
CONTINUOUS
100
AcDbLine
 10
2.9580052755905513
 20
0.692606062992126
 30
0
 11
2.9590706299212597
 21
0.6915407086614173
 31
0
  0
LINE
  5
176
330
1A
100
AcDbEntity
  8
BLACK
  6
CONTINUOUS
100
AcDbLine
 10
2.9590706299212597
 20
0.6915407086614173
 30
0
 11
2.9592204724409448
 21
0.6907874015748031
 31
0
  0
LINE
  5
177
330
1A
100
AcDbEntity
  8
BLACK
  6
CONTINUOUS
100
AcDbLine
 10
2.9592204724409448
 20
0.6907874015748031
 30
0
 11
2.9592204724409448
 21
0.5569291338582677
 31
0
  0
LINE
  5
178
330
1A
100
AcDbEntity
  8
BLACK
  6
CONTINUOUS
100
AcDbLine
 10
2.9592204724409448
 20
0.5569291338582677
 30
0
 11
2.9590706299212597
 21
0.5561758267716536
 31
0
  0
LINE
  5
179
330
1A
100
AcDbEntity
  8
BLACK
  6
CONTINUOUS
100
AcDbLine
 10
2.9590706299212597
 20
0.5561758267716536
 30
0
 11
2.9580052755905513
 21
0.5551104724409449
 31
0
  0
LINE
  5
17A
330
1A
100
AcDbEntity
  8
BLACK
  6
CONTINUOUS
100
AcDbLine
 10
2.9580052755905513
 20
0.5551104724409449
 30
0
 11
2.9572519685039369
 21
0.5549606299212598
 31
0
  0
LINE
  5
17B
330
1A
100
AcDbEntity
  8
BLACK
  6
CONTINUOUS
100
AcDbLine
 10
2.9572519685039369
 20
0.5549606299212598
 30
0
 11
2.7958346456692911
 21
0.5549606299212598
 31
0
  0
LINE
  5
17C
330
1A
100
AcDbEntity
  8
BLACK
  6
CONTINUOUS
100
AcDbLine
 10
2.7958346456692911
 20
0.5549606299212598
 30
0
 11
2.7950813385826772
 21
0.5551104724409449
 31
0
  0
LINE
  5
17D
330
1A
100
AcDbEntity
  8
BLACK
  6
CONTINUOUS
100
AcDbLine
 10
2.7950813385826772
 20
0.5551104724409449
 30
0
 11
2.7940159842519683
 21
0.5561758267716536
 31
0
  0
LINE
  5
17E
330
1A
100
AcDbEntity
  8
BLACK
  6
CONTINUOUS
100
AcDbLine
 10
2.7940159842519683
 20
0.5561758267716536
 30
0
 11
2.7938661417322832
 21
0.5569291338582677
 31
0
  0
LINE
  5
17F
330
1A
100
AcDbEntity
  8
BLACK
  6
CONTINUOUS
100
AcDbLine
 10
2.7938661417322832
 20
0.5569291338582677
 30
0
 11
2.7938661417322832
 21
0.6907874015748031
 31
0
  0
LINE
  5
180
330
1A
100
AcDbEntity
  8
BLACK
  6
CONTINUOUS
100
AcDbLine
 10
2.7938661417322832
 20
0.6907874015748031
 30
0
 11
2.7940159842519683
 21
0.6915407086614173
 31
0
  0
LINE
  5
181
330
1A
100
AcDbEntity
  8
BLACK
  6
CONTINUOUS
100
AcDbLine
 10
2.7940159842519683
 20
0.6915407086614173
 30
0
 11
2.7950813385826772
 21
0.692606062992126
 31
0
  0
LINE
  5
182
330
1A
100
AcDbEntity
  8
BLACK
  6
CONTINUOUS
100
AcDbLine
 10
2.7950813385826772
 20
0.692606062992126
 30
0
 11
2.7958346456692911
 21
0.692755905511811
 31
0
  0
LINE
  5
183
330
1A
100
AcDbEntity
  8
BLACK
  6
CONTINUOUS
100
AcDbLine
 10
2.7958346456692911
 20
0.692755905511811
 30
0
 11
2.9572519685039369
 21
0.692755905511811
 31
0
  0
LINE
  5
184
330
1A
100
AcDbEntity
  8
BLACK
  6
CONTINUOUS
100
AcDbLine
 10
2.9572519685039369
 20
0.692755905511811
 30
0
 11
2.9580052755905513
 21
0.692606062992126
 31
0
  0
LINE
  5
185
330
1A
100
AcDbEntity
  8
BLACK
  6
CONTINUOUS
100
AcDbLine
 10
2.7978031496062989
 20
0.6888188976377952
 30
0
 11
2.7978031496062989
 21
0.5588976377952756
 31
0
  0
LINE
  5
186
330
1A
100
AcDbEntity
  8
BLACK
  6
CONTINUOUS
100
AcDbLine
 10
2.7978031496062989
 20
0.5588976377952756
 30
0
 11
2.955283464566929
 21
0.5588976377952756
 31
0
  0
LINE
  5
187
330
1A
100
AcDbEntity
  8
BLACK
  6
CONTINUOUS
100
AcDbLine
 10
2.955283464566929
 20
0.5588976377952756
 30
0
 11
2.955283464566929
 21
0.6888188976377952
 31
0
  0
LINE
  5
188
330
1A
100
AcDbEntity
  8
BLACK
  6
CONTINUOUS
100
AcDbLine
 10
2.955283464566929
 20
0.6888188976377952
 30
0
 11
2.7978031496062989
 21
0.6888188976377952
 31
0
  0
LINE
  5
189
330
1A
100
AcDbEntity
  8
BLACK
  6
CONTINUOUS
100
AcDbLine
 10
1.8443215354330709
 20
0.6949093307086615
 30
0
 11
1.8448542125984251
 21
0.694376653543307
 31
0
  0
LINE
  5
18A
330
1A
100
AcDbEntity
  8
BLACK
  6
CONTINUOUS
100
AcDbLine
 10
1.8448542125984251
 20
0.694376653543307
 30
0
 11
1.8449291338582676
 21
0.694
 31
0
  0
LINE
  5
18B
330
1A
100
AcDbEntity
  8
BLACK
  6
CONTINUOUS
100
AcDbLine
 10
1.8449291338582676
 20
0.694
 30
0
 11
1.8449291338582676
 21
0.5617165354330709
 31
0
  0
LINE
  5
18C
330
1A
100
AcDbEntity
  8
BLACK
  6
CONTINUOUS
100
AcDbLine
 10
1.8449291338582676
 20
0.5617165354330709
 30
0
 11
1.8448542125984251
 21
0.5613398818897638
 31
0
  0
LINE
  5
18D
330
1A
100
AcDbEntity
  8
BLACK
  6
CONTINUOUS
100
AcDbLine
 10
1.8448542125984251
 20
0.5613398818897638
 30
0
 11
1.8443215354330709
 21
0.5608072047244095
 31
0
  0
LINE
  5
18E
330
1A
100
AcDbEntity
  8
BLACK
  6
CONTINUOUS
100
AcDbLine
 10
1.8443215354330709
 20
0.5608072047244095
 30
0
 11
1.8439448818897637
 21
0.5607322834645669
 31
0
  0
LINE
  5
18F
330
1A
100
AcDbEntity
  8
BLACK
  6
CONTINUOUS
100
AcDbLine
 10
1.8439448818897637
 20
0.5607322834645669
 30
0
 11
1.7691417322834646
 21
0.5607322834645669
 31
0
  0
LINE
  5
190
330
1A
100
AcDbEntity
  8
BLACK
  6
CONTINUOUS
100
AcDbLine
 10
1.7691417322834646
 20
0.5607322834645669
 30
0
 11
1.7687650787401574
 21
0.5608072047244095
 31
0
  0
LINE
  5
191
330
1A
100
AcDbEntity
  8
BLACK
  6
CONTINUOUS
100
AcDbLine
 10
1.7687650787401574
 20
0.5608072047244095
 30
0
 11
1.7682324015748032
 21
0.5613398818897638
 31
0
  0
LINE
  5
192
330
1A
100
AcDbEntity
  8
BLACK
  6
CONTINUOUS
100
AcDbLine
 10
1.7682324015748032
 20
0.5613398818897638
 30
0
 11
1.7681574803149607
 21
0.5617165354330709
 31
0
  0
LINE
  5
193
330
1A
100
AcDbEntity
  8
BLACK
  6
CONTINUOUS
100
AcDbLine
 10
1.7681574803149607
 20
0.5617165354330709
 30
0
 11
1.7681574803149607
 21
0.694
 31
0
  0
LINE
  5
194
330
1A
100
AcDbEntity
  8
BLACK
  6
CONTINUOUS
100
AcDbLine
 10
1.7681574803149607
 20
0.694
 30
0
 11
1.7682324015748032
 21
0.694376653543307
 31
0
  0
LINE
  5
195
330
1A
100
AcDbEntity
  8
BLACK
  6
CONTINUOUS
100
AcDbLine
 10
1.7682324015748032
 20
0.694376653543307
 30
0
 11
1.7687650787401574
 21
0.6949093307086615
 31
0
  0
LINE
  5
196
330
1A
100
AcDbEntity
  8
BLACK
  6
CONTINUOUS
100
AcDbLine
 10
1.7687650787401574
 20
0.6949093307086615
 30
0
 11
1.7691417322834646
 21
0.6949842519685039
 31
0
  0
LINE
  5
197
330
1A
100
AcDbEntity
  8
BLACK
  6
CONTINUOUS
100
AcDbLine
 10
1.7691417322834646
 20
0.6949842519685039
 30
0
 11
1.8439448818897637
 21
0.6949842519685039
 31
0
  0
LINE
  5
198
330
1A
100
AcDbEntity
  8
BLACK
  6
CONTINUOUS
100
AcDbLine
 10
1.8439448818897637
 20
0.6949842519685039
 30
0
 11
1.8443215354330709
 21
0.6949093307086615
 31
0
  0
LINE
  5
199
330
1A
100
AcDbEntity
  8
BLACK
  6
CONTINUOUS
100
AcDbLine
 10
1.7701259842519685
 20
0.693015748031496
 30
0
 11
1.7701259842519685
 21
0.5627007874015748
 31
0
  0
LINE
  5
19A
330
1A
100
AcDbEntity
  8
BLACK
  6
CONTINUOUS
100
AcDbLine
 10
1.7701259842519685
 20
0.5627007874015748
 30
0
 11
1.8429606299212598
 21
0.5627007874015748
 31
0
  0
LINE
  5
19B
330
1A
100
AcDbEntity
  8
BLACK
  6
CONTINUOUS
100
AcDbLine
 10
1.8429606299212598
 20
0.5627007874015748
 30
0
 11
1.8429606299212598
 21
0.693015748031496
 31
0
  0
LINE
  5
19C
330
1A
100
AcDbEntity
  8
BLACK
  6
CONTINUOUS
100
AcDbLine
 10
1.8429606299212598
 20
0.693015748031496
 30
0
 11
1.7701259842519685
 21
0.693015748031496
 31
0
  0
LINE
  5
19D
330
1A
100
AcDbEntity
  8
BLACK
  6
CONTINUOUS
100
AcDbLine
 10
1.9523416929133859
 20
0.676774842519685
 30
0
 11
1.959979842519685
 21
0.674293031496063
 31
0
  0
LINE
  5
19E
330
1A
100
AcDbEntity
  8
BLACK
  6
CONTINUOUS
100
AcDbLine
 10
1.959979842519685
 20
0.674293031496063
 30
0
 11
1.9671357480314959
 21
0.6706469291338583
 31
0
  0
LINE
  5
19F
330
1A
100
AcDbEntity
  8
BLACK
  6
CONTINUOUS
100
AcDbLine
 10
1.9671357480314959
 20
0.6706469291338583
 30
0
 11
1.9736331496062991
 21
0.6659262992125984
 31
0
  0
LINE
  5
1A0
330
1A
100
AcDbEntity
  8
BLACK
  6
CONTINUOUS
100
AcDbLine
 10
1.9736331496062991
 20
0.6659262992125984
 30
0
 11
1.9793121259842519
 21
0.6602473228346456
 31
0
  0
LINE
  5
1A1
330
1A
100
AcDbEntity
  8
BLACK
  6
CONTINUOUS
100
AcDbLine
 10
1.9793121259842519
 20
0.6602473228346456
 30
0
 11
1.9840327559055118
 21
0.6537499212598425
 31
0
  0
LINE
  5
1A2
330
1A
100
AcDbEntity
  8
BLACK
  6
CONTINUOUS
100
AcDbLine
 10
1.9840327559055118
 20
0.6537499212598425
 30
0
 11
1.9876788582677165
 21
0.6465940157480314
 31
0
  0
LINE
  5
1A3
330
1A
100
AcDbEntity
  8
BLACK
  6
CONTINUOUS
100
AcDbLine
 10
1.9876788582677165
 20
0.6465940157480314
 30
0
 11
1.9901606692913385
 21
0.6389558661417323
 31
0
  0
LINE
  5
1A4
330
1A
100
AcDbEntity
  8
BLACK
  6
CONTINUOUS
100
AcDbLine
 10
1.9901606692913385
 20
0.6389558661417323
 30
0
 11
1.9914170472440944
 21
0.6310235039370079
 31
0
  0
LINE
  5
1A5
330
1A
100
AcDbEntity
  8
BLACK
  6
CONTINUOUS
100
AcDbLine
 10
1.9914170472440944
 20
0.6310235039370079
 30
0
 11
1.9914170472440944
 21
0.6229922440944882
 31
0
  0
LINE
  5
1A6
330
1A
100
AcDbEntity
  8
BLACK
  6
CONTINUOUS
100
AcDbLine
 10
1.9914170472440944
 20
0.6229922440944882
 30
0
 11
1.9901606692913385
 21
0.6150598818897638
 31
0
  0
LINE
  5
1A7
330
1A
100
AcDbEntity
  8
BLACK
  6
CONTINUOUS
100
AcDbLine
 10
1.9901606692913385
 20
0.6150598818897638
 30
0
 11
1.9876788582677165
 21
0.6074217322834645
 31
0
  0
LINE
  5
1A8
330
1A
100
AcDbEntity
  8
BLACK
  6
CONTINUOUS
100
AcDbLine
 10
1.9876788582677165
 20
0.6074217322834645
 30
0
 11
1.9840327559055118
 21
0.6002658267716535
 31
0
  0
LINE
  5
1A9
330
1A
100
AcDbEntity
  8
BLACK
  6
CONTINUOUS
100
AcDbLine
 10
1.9840327559055118
 20
0.6002658267716535
 30
0
 11
1.9793121259842519
 21
0.5937684251968504
 31
0
  0
LINE
  5
1AA
330
1A
100
AcDbEntity
  8
BLACK
  6
CONTINUOUS
100
AcDbLine
 10
1.9793121259842519
 20
0.5937684251968504
 30
0
 11
1.9736331496062991
 21
0.5880894488188976
 31
0
  0
LINE
  5
1AB
330
1A
100
AcDbEntity
  8
BLACK
  6
CONTINUOUS
100
AcDbLine
 10
1.9736331496062991
 20
0.5880894488188976
 30
0
 11
1.9671357480314959
 21
0.5833688188976378
 31
0
  0
LINE
  5
1AC
330
1A
100
AcDbEntity
  8
BLACK
  6
CONTINUOUS
100
AcDbLine
 10
1.9671357480314959
 20
0.5833688188976378
 30
0
 11
1.959979842519685
 21
0.5797227165354331
 31
0
  0
LINE
  5
1AD
330
1A
100
AcDbEntity
  8
BLACK
  6
CONTINUOUS
100
AcDbLine
 10
1.959979842519685
 20
0.5797227165354331
 30
0
 11
1.9523416929133859
 21
0.5772409055118111
 31
0
  0
LINE
  5
1AE
330
1A
100
AcDbEntity
  8
BLACK
  6
CONTINUOUS
100
AcDbLine
 10
1.9523416929133859
 20
0.5772409055118111
 30
0
 11
1.9444093307086614
 21
0.5759845275590552
 31
0
  0
LINE
  5
1AF
330
1A
100
AcDbEntity
  8
BLACK
  6
CONTINUOUS
100
AcDbLine
 10
1.9444093307086614
 20
0.5759845275590552
 30
0
 11
1.9363780708661418
 21
0.5759845275590552
 31
0
  0
LINE
  5
1B0
330
1A
100
AcDbEntity
  8
BLACK
  6
CONTINUOUS
100
AcDbLine
 10
1.9363780708661418
 20
0.5759845275590552
 30
0
 11
1.9284457086614173
 21
0.5772409055118111
 31
0
  0
LINE
  5
1B1
330
1A
100
AcDbEntity
  8
BLACK
  6
CONTINUOUS
100
AcDbLine
 10
1.9284457086614173
 20
0.5772409055118111
 30
0
 11
1.9208075590551181
 21
0.5797227165354331
 31
0
  0
LINE
  5
1B2
330
1A
100
AcDbEntity
  8
BLACK
  6
CONTINUOUS
100
AcDbLine
 10
1.9208075590551181
 20
0.5797227165354331
 30
0
 11
1.913651653543307
 21
0.5833688188976378
 31
0
  0
LINE
  5
1B3
330
1A
100
AcDbEntity
  8
BLACK
  6
CONTINUOUS
100
AcDbLine
 10
1.913651653543307
 20
0.5833688188976378
 30
0
 11
1.9071542519685039
 21
0.5880894488188976
 31
0
  0
LINE
  5
1B4
330
1A
100
AcDbEntity
  8
BLACK
  6
CONTINUOUS
100
AcDbLine
 10
1.9071542519685039
 20
0.5880894488188976
 30
0
 11
1.9014752755905511
 21
0.5937684251968504
 31
0
  0
LINE
  5
1B5
330
1A
100
AcDbEntity
  8
BLACK
  6
CONTINUOUS
100
AcDbLine
 10
1.9014752755905511
 20
0.5937684251968504
 30
0
 11
1.8967546456692912
 21
0.6002658267716535
 31
0
  0
LINE
  5
1B6
330
1A
100
AcDbEntity
  8
BLACK
  6
CONTINUOUS
100
AcDbLine
 10
1.8967546456692912
 20
0.6002658267716535
 30
0
 11
1.8931085433070867
 21
0.6074217322834645
 31
0
  0
LINE
  5
1B7
330
1A
100
AcDbEntity
  8
BLACK
  6
CONTINUOUS
100
AcDbLine
 10
1.8931085433070867
 20
0.6074217322834645
 30
0
 11
1.8906267322834645
 21
0.6150598818897638
 31
0
  0
LINE
  5
1B8
330
1A
100
AcDbEntity
  8
BLACK
  6
CONTINUOUS
100
AcDbLine
 10
1.8906267322834645
 20
0.6150598818897638
 30
0
 11
1.8893703543307085
 21
0.6229922440944882
 31
0
  0
LINE
  5
1B9
330
1A
100
AcDbEntity
  8
BLACK
  6
CONTINUOUS
100
AcDbLine
 10
1.8893703543307085
 20
0.6229922440944882
 30
0
 11
1.8893703543307085
 21
0.630726062992126
 31
0
  0
LINE
  5
1BA
330
1A
100
AcDbEntity
  8
BLACK
  6
CONTINUOUS
100
AcDbLine
 10
1.8893703543307085
 20
0.630726062992126
 30
0
 11
1.8893703543307085
 21
0.6310235039370079
 31
0
  0
LINE
  5
1BB
330
1A
100
AcDbEntity
  8
BLACK
  6
CONTINUOUS
100
AcDbLine
 10
1.8893703543307085
 20
0.6310235039370079
 30
0
 11
1.8906267322834645
 21
0.6389558661417323
 31
0
  0
LINE
  5
1BC
330
1A
100
AcDbEntity
  8
BLACK
  6
CONTINUOUS
100
AcDbLine
 10
1.8906267322834645
 20
0.6389558661417323
 30
0
 11
1.8931085433070867
 21
0.6465940157480314
 31
0
  0
LINE
  5
1BD
330
1A
100
AcDbEntity
  8
BLACK
  6
CONTINUOUS
100
AcDbLine
 10
1.8931085433070867
 20
0.6465940157480314
 30
0
 11
1.8967546456692912
 21
0.6537499212598425
 31
0
  0
LINE
  5
1BE
330
1A
100
AcDbEntity
  8
BLACK
  6
CONTINUOUS
100
AcDbLine
 10
1.8967546456692912
 20
0.6537499212598425
 30
0
 11
1.9014752755905511
 21
0.6602473228346456
 31
0
  0
LINE
  5
1BF
330
1A
100
AcDbEntity
  8
BLACK
  6
CONTINUOUS
100
AcDbLine
 10
1.9014752755905511
 20
0.6602473228346456
 30
0
 11
1.9071542519685039
 21
0.6659262992125984
 31
0
  0
LINE
  5
1C0
330
1A
100
AcDbEntity
  8
BLACK
  6
CONTINUOUS
100
AcDbLine
 10
1.9071542519685039
 20
0.6659262992125984
 30
0
 11
1.913651653543307
 21
0.6706469291338583
 31
0
  0
LINE
  5
1C1
330
1A
100
AcDbEntity
  8
BLACK
  6
CONTINUOUS
100
AcDbLine
 10
1.913651653543307
 20
0.6706469291338583
 30
0
 11
1.9208075590551181
 21
0.674293031496063
 31
0
  0
LINE
  5
1C2
330
1A
100
AcDbEntity
  8
BLACK
  6
CONTINUOUS
100
AcDbLine
 10
1.9208075590551181
 20
0.674293031496063
 30
0
 11
1.9284457086614173
 21
0.676774842519685
 31
0
  0
LINE
  5
1C3
330
1A
100
AcDbEntity
  8
BLACK
  6
CONTINUOUS
100
AcDbLine
 10
1.9284457086614173
 20
0.676774842519685
 30
0
 11
1.9363780708661418
 21
0.6780312204724409
 31
0
  0
LINE
  5
1C4
330
1A
100
AcDbEntity
  8
BLACK
  6
CONTINUOUS
100
AcDbLine
 10
1.9363780708661418
 20
0.6780312204724409
 30
0
 11
1.9444093307086614
 21
0.6780312204724409
 31
0
  0
LINE
  5
1C5
330
1A
100
AcDbEntity
  8
BLACK
  6
CONTINUOUS
100
AcDbLine
 10
1.9444093307086614
 20
0.6780312204724409
 30
0
 11
1.9523416929133859
 21
0.676774842519685
 31
0
  0
LINE
  5
1C6
330
1A
100
AcDbEntity
  8
BLACK
  6
CONTINUOUS
100
AcDbLine
 10
1.8931496062992126
 20
0.6232896850393701
 30
0
 11
1.8943129133858267
 21
0.6159448425196851
 31
0
  0
LINE
  5
1C7
330
1A
100
AcDbEntity
  8
BLACK
  6
CONTINUOUS
100
AcDbLine
 10
1.8943129133858267
 20
0.6159448425196851
 30
0
 11
1.8966108661417322
 21
0.6088724409448819
 31
0
  0
LINE
  5
1C8
330
1A
100
AcDbEntity
  8
BLACK
  6
CONTINUOUS
100
AcDbLine
 10
1.8966108661417322
 20
0.6088724409448819
 30
0
 11
1.8999869291338582
 21
0.6022465748031496
 31
0
  0
LINE
  5
1C9
330
1A
100
AcDbEntity
  8
BLACK
  6
CONTINUOUS
100
AcDbLine
 10
1.8999869291338582
 20
0.6022465748031496
 30
0
 11
1.9043579133858268
 21
0.5962303937007873
 31
0
  0
LINE
  5
1CA
330
1A
100
AcDbEntity
  8
BLACK
  6
CONTINUOUS
100
AcDbLine
 10
1.9043579133858268
 20
0.5962303937007873
 30
0
 11
1.909616220472441
 21
0.5909720866141732
 31
0
  0
LINE
  5
1CB
330
1A
100
AcDbEntity
  8
BLACK
  6
CONTINUOUS
100
AcDbLine
 10
1.909616220472441
 20
0.5909720866141732
 30
0
 11
1.9156324015748032
 21
0.5866011023622048
 31
0
  0
LINE
  5
1CC
330
1A
100
AcDbEntity
  8
BLACK
  6
CONTINUOUS
100
AcDbLine
 10
1.9156324015748032
 20
0.5866011023622048
 30
0
 11
1.9222582677165354
 21
0.5832250393700787
 31
0
  0
LINE
  5
1CD
330
1A
100
AcDbEntity
  8
BLACK
  6
CONTINUOUS
100
AcDbLine
 10
1.9222582677165354
 20
0.5832250393700787
 30
0
 11
1.9293306692913386
 21
0.5809270866141732
 31
0
  0
LINE
  5
1CE
330
1A
100
AcDbEntity
  8
BLACK
  6
CONTINUOUS
100
AcDbLine
 10
1.9293306692913386
 20
0.5809270866141732
 30
0
 11
1.9366755118110235
 21
0.5797637795275591
 31
0
  0
LINE
  5
1CF
330
1A
100
AcDbEntity
  8
BLACK
  6
CONTINUOUS
100
AcDbLine
 10
1.9366755118110235
 20
0.5797637795275591
 30
0
 11
1.9441118897637795
 21
0.5797637795275591
 31
0
  0
LINE
  5
1D0
330
1A
100
AcDbEntity
  8
BLACK
  6
CONTINUOUS
100
AcDbLine
 10
1.9441118897637795
 20
0.5797637795275591
 30
0
 11
1.9514567322834646
 21
0.5809270866141732
 31
0
  0
LINE
  5
1D1
330
1A
100
AcDbEntity
  8
BLACK
  6
CONTINUOUS
100
AcDbLine
 10
1.9514567322834646
 20
0.5809270866141732
 30
0
 11
1.9585291338582678
 21
0.5832250393700787
 31
0
  0
LINE
  5
1D2
330
1A
100
AcDbEntity
  8
BLACK
  6
CONTINUOUS
100
AcDbLine
 10
1.9585291338582678
 20
0.5832250393700787
 30
0
 11
1.965155
 21
0.5866011023622048
 31
0
  0
LINE
  5
1D3
330
1A
100
AcDbEntity
  8
BLACK
  6
CONTINUOUS
100
AcDbLine
 10
1.965155
 20
0.5866011023622048
 30
0
 11
1.9711711811023622
 21
0.5909720866141732
 31
0
  0
LINE
  5
1D4
330
1A
100
AcDbEntity
  8
BLACK
  6
CONTINUOUS
100
AcDbLine
 10
1.9711711811023622
 20
0.5909720866141732
 30
0
 11
1.9764294881889763
 21
0.5962303937007873
 31
0
  0
LINE
  5
1D5
330
1A
100
AcDbEntity
  8
BLACK
  6
CONTINUOUS
100
AcDbLine
 10
1.9764294881889763
 20
0.5962303937007873
 30
0
 11
1.9808004724409449
 21
0.6022465748031496
 31
0
  0
LINE
  5
1D6
330
1A
100
AcDbEntity
  8
BLACK
  6
CONTINUOUS
100
AcDbLine
 10
1.9808004724409449
 20
0.6022465748031496
 30
0
 11
1.9841765354330709
 21
0.6088724409448819
 31
0
  0
LINE
  5
1D7
330
1A
100
AcDbEntity
  8
BLACK
  6
CONTINUOUS
100
AcDbLine
 10
1.9841765354330709
 20
0.6088724409448819
 30
0
 11
1.9864744881889764
 21
0.6159448425196851
 31
0
  0
LINE
  5
1D8
330
1A
100
AcDbEntity
  8
BLACK
  6
CONTINUOUS
100
AcDbLine
 10
1.9864744881889764
 20
0.6159448425196851
 30
0
 11
1.9876377952755906
 21
0.6232896850393701
 31
0
  0
LINE
  5
1D9
330
1A
100
AcDbEntity
  8
BLACK
  6
CONTINUOUS
100
AcDbLine
 10
1.9876377952755906
 20
0.6232896850393701
 30
0
 11
1.9876377952755906
 21
0.630726062992126
 31
0
  0
LINE
  5
1DA
330
1A
100
AcDbEntity
  8
BLACK
  6
CONTINUOUS
100
AcDbLine
 10
1.9876377952755906
 20
0.630726062992126
 30
0
 11
1.9864744881889764
 21
0.638070905511811
 31
0
  0
LINE
  5
1DB
330
1A
100
AcDbEntity
  8
BLACK
  6
CONTINUOUS
100
AcDbLine
 10
1.9864744881889764
 20
0.638070905511811
 30
0
 11
1.9841765354330709
 21
0.6451433070866142
 31
0
  0
LINE
  5
1DC
330
1A
100
AcDbEntity
  8
BLACK
  6
CONTINUOUS
100
AcDbLine
 10
1.9841765354330709
 20
0.6451433070866142
 30
0
 11
1.9808004724409449
 21
0.6517691732283465
 31
0
  0
LINE
  5
1DD
330
1A
100
AcDbEntity
  8
BLACK
  6
CONTINUOUS
100
AcDbLine
 10
1.9808004724409449
 20
0.6517691732283465
 30
0
 11
1.9764294881889763
 21
0.6577853543307086
 31
0
  0
LINE
  5
1DE
330
1A
100
AcDbEntity
  8
BLACK
  6
CONTINUOUS
100
AcDbLine
 10
1.9764294881889763
 20
0.6577853543307086
 30
0
 11
1.9711711811023622
 21
0.6630436614173228
 31
0
  0
LINE
  5
1DF
330
1A
100
AcDbEntity
  8
BLACK
  6
CONTINUOUS
100
AcDbLine
 10
1.9711711811023622
 20
0.6630436614173228
 30
0
 11
1.965155
 21
0.6674146456692913
 31
0
  0
LINE
  5
1E0
330
1A
100
AcDbEntity
  8
BLACK
  6
CONTINUOUS
100
AcDbLine
 10
1.965155
 20
0.6674146456692913
 30
0
 11
1.9585291338582678
 21
0.6707907086614173
 31
0
  0
LINE
  5
1E1
330
1A
100
AcDbEntity
  8
BLACK
  6
CONTINUOUS
100
AcDbLine
 10
1.9585291338582678
 20
0.6707907086614173
 30
0
 11
1.9514567322834646
 21
0.6730886614173228
 31
0
  0
LINE
  5
1E2
330
1A
100
AcDbEntity
  8
BLACK
  6
CONTINUOUS
100
AcDbLine
 10
1.9514567322834646
 20
0.6730886614173228
 30
0
 11
1.9441118897637795
 21
0.674251968503937
 31
0
  0
LINE
  5
1E3
330
1A
100
AcDbEntity
  8
BLACK
  6
CONTINUOUS
100
AcDbLine
 10
1.9441118897637795
 20
0.674251968503937
 30
0
 11
1.9366755118110235
 21
0.674251968503937
 31
0
  0
LINE
  5
1E4
330
1A
100
AcDbEntity
  8
BLACK
  6
CONTINUOUS
100
AcDbLine
 10
1.9366755118110235
 20
0.674251968503937
 30
0
 11
1.9293306692913386
 21
0.6730886614173228
 31
0
  0
LINE
  5
1E5
330
1A
100
AcDbEntity
  8
BLACK
  6
CONTINUOUS
100
AcDbLine
 10
1.9293306692913386
 20
0.6730886614173228
 30
0
 11
1.9222582677165354
 21
0.6707907086614173
 31
0
  0
LINE
  5
1E6
330
1A
100
AcDbEntity
  8
BLACK
  6
CONTINUOUS
100
AcDbLine
 10
1.9222582677165354
 20
0.6707907086614173
 30
0
 11
1.9156324015748032
 21
0.6674146456692913
 31
0
  0
LINE
  5
1E7
330
1A
100
AcDbEntity
  8
BLACK
  6
CONTINUOUS
100
AcDbLine
 10
1.9156324015748032
 20
0.6674146456692913
 30
0
 11
1.909616220472441
 21
0.6630436614173228
 31
0
  0
LINE
  5
1E8
330
1A
100
AcDbEntity
  8
BLACK
  6
CONTINUOUS
100
AcDbLine
 10
1.909616220472441
 20
0.6630436614173228
 30
0
 11
1.9043579133858268
 21
0.6577853543307086
 31
0
  0
LINE
  5
1E9
330
1A
100
AcDbEntity
  8
BLACK
  6
CONTINUOUS
100
AcDbLine
 10
1.9043579133858268
 20
0.6577853543307086
 30
0
 11
1.8999869291338582
 21
0.6517691732283465
 31
0
  0
LINE
  5
1EA
330
1A
100
AcDbEntity
  8
BLACK
  6
CONTINUOUS
100
AcDbLine
 10
1.8999869291338582
 20
0.6517691732283465
 30
0
 11
1.8966108661417322
 21
0.6451433070866142
 31
0
  0
LINE
  5
1EB
330
1A
100
AcDbEntity
  8
BLACK
  6
CONTINUOUS
100
AcDbLine
 10
1.8966108661417322
 20
0.6451433070866142
 30
0
 11
1.8943129133858267
 21
0.638070905511811
 31
0
  0
LINE
  5
1EC
330
1A
100
AcDbEntity
  8
BLACK
  6
CONTINUOUS
100
AcDbLine
 10
1.8943129133858267
 20
0.638070905511811
 30
0
 11
1.8931496062992126
 21
0.630726062992126
 31
0
  0
LINE
  5
1ED
330
1A
100
AcDbEntity
  8
BLACK
  6
CONTINUOUS
100
AcDbLine
 10
1.8931496062992126
 20
0.630726062992126
 30
0
 11
1.8931496062992126
 21
0.6232896850393701
 31
0
  0
LINE
  5
1EE
330
1A
100
AcDbEntity
  8
BLACK
  6
CONTINUOUS
100
AcDbLine
 10
2.4915897244094487
 20
1.452377283464567
 30
0
 11
2.5165479527559054
 21
1.4501494881889763
 31
0
  0
LINE
  5
1EF
330
1A
100
AcDbEntity
  8
BLACK
  6
CONTINUOUS
100
AcDbLine
 10
2.5165479527559054
 20
1.4501494881889763
 30
0
 11
2.5413301181102361
 21
1.4464452362204725
 31
0
  0
LINE
  5
1F0
330
1A
100
AcDbEntity
  8
BLACK
  6
CONTINUOUS
100
AcDbLine
 10
2.5413301181102361
 20
1.4464452362204725
 30
0
 11
2.5658489370078739
 21
1.4412775590551181
 31
0
  0
LINE
  5
1F1
330
1A
100
AcDbEntity
  8
BLACK
  6
CONTINUOUS
100
AcDbLine
 10
2.5658489370078739
 20
1.4412775590551181
 30
0
 11
2.5900180314960628
 21
1.4346646456692913
 31
0
  0
LINE
  5
1F2
330
1A
100
AcDbEntity
  8
BLACK
  6
CONTINUOUS
100
AcDbLine
 10
2.5900180314960628
 20
1.4346646456692913
 30
0
 11
2.6137523622047243
 21
1.4266297637795275
 31
0
  0
LINE
  5
1F3
330
1A
100
AcDbEntity
  8
BLACK
  6
CONTINUOUS
100
AcDbLine
 10
2.6137523622047243
 20
1.4266297637795275
 30
0
 11
2.6369683070866139
 21
1.4172012598425197
 31
0
  0
LINE
  5
1F4
330
1A
100
AcDbEntity
  8
BLACK
  6
CONTINUOUS
100
AcDbLine
 10
2.6369683070866139
 20
1.4172012598425197
 30
0
 11
2.6595841338582678
 21
1.4064123228346457
 31
0
  0
LINE
  5
1F5
330
1A
100
AcDbEntity
  8
BLACK
  6
CONTINUOUS
100
AcDbLine
 10
2.6595841338582678
 20
1.4064123228346457
 30
0
 11
2.6815201574803149
 21
1.394300905511811
 31
0
  0
LINE
  5
1F6
330
1A
100
AcDbEntity
  8
BLACK
  6
CONTINUOUS
100
AcDbLine
 10
2.6815201574803149
 20
1.394300905511811
 30
0
 11
2.702699212598425
 21
1.3809096850393701
 31
0
  0
LINE
  5
1F7
330
1A
100
AcDbEntity
  8
BLACK
  6
CONTINUOUS
100
AcDbLine
 10
2.702699212598425
 20
1.3809096850393701
 30
0
 11
2.7227650393700786
 21
1.366488188976378
 31
0
  0
LINE
  5
1F8
330
1A
100
AcDbEntity
  8
BLACK
  6
CONTINUOUS
100
AcDbLine
 10
2.7227650393700786
 20
1.366488188976378
 30
0
 11
2.9192992125984252
 21
1.366488188976378
 31
0
  0
LINE
  5
1F9
330
1A
100
AcDbEntity
  8
BLACK
  6
CONTINUOUS
100
AcDbLine
 10
2.9192992125984252
 20
1.366488188976378
 30
0
 11
2.9196758661417324
 21
1.3664132677165355
 31
0
  0
LINE
  5
1FA
330
1A
100
AcDbEntity
  8
BLACK
  6
CONTINUOUS
100
AcDbLine
 10
2.9196758661417324
 20
1.3664132677165355
 30
0
 11
2.9202085433070866
 21
1.3658805905511811
 31
0
  0
LINE
  5
1FB
330
1A
100
AcDbEntity
  8
BLACK
  6
CONTINUOUS
100
AcDbLine
 10
2.9202085433070866
 20
1.3658805905511811
 30
0
 11
2.9202834645669289
 21
1.3655039370078741
 31
0
  0
LINE
  5
1FC
330
1A
100
AcDbEntity
  8
BLACK
  6
CONTINUOUS
100
AcDbLine
 10
2.9202834645669289
 20
1.3655039370078741
 30
0
 11
2.9202834645669289
 21
1.1893228346456692
 31
0
  0
LINE
  5
1FD
330
1A
100
AcDbEntity
  8
BLACK
  6
CONTINUOUS
100
AcDbLine
 10
2.9202834645669289
 20
1.1893228346456692
 30
0
 11
3.0452834645669289
 21
1.1893228346456692
 31
0
  0
LINE
  5
1FE
330
1A
100
AcDbEntity
  8
BLACK
  6
CONTINUOUS
100
AcDbLine
 10
3.0452834645669289
 20
1.1893228346456692
 30
0
 11
3.0456601181102361
 21
1.1892479133858267
 31
0
  0
LINE
  5
1FF
330
1A
100
AcDbEntity
  8
BLACK
  6
CONTINUOUS
100
AcDbLine
 10
3.0456601181102361
 20
1.1892479133858267
 30
0
 11
3.0461927952755903
 21
1.1887152362204725
 31
0
  0
LINE
  5
200
330
1A
100
AcDbEntity
  8
BLACK
  6
CONTINUOUS
100
AcDbLine
 10
3.0461927952755903
 20
1.1887152362204725
 30
0
 11
3.046267716535433
 21
1.1883385826771653
 31
0
  0
LINE
  5
201
330
1A
100
AcDbEntity
  8
BLACK
  6
CONTINUOUS
100
AcDbLine
 10
3.046267716535433
 20
1.1883385826771653
 30
0
 11
3.046267716535433
 21
1.1223937007874016
 31
0
  0
LINE
  5
202
330
1A
100
AcDbEntity
  8
BLACK
  6
CONTINUOUS
100
AcDbLine
 10
3.046267716535433
 20
1.1223937007874016
 30
0
 11
3.1141811023622048
 21
1.1223937007874016
 31
0
  0
LINE
  5
203
330
1A
100
AcDbEntity
  8
BLACK
  6
CONTINUOUS
100
AcDbLine
 10
3.1141811023622048
 20
1.1223937007874016
 30
0
 11
3.1145577559055115
 21
1.1223187795275591
 31
0
  0
LINE
  5
204
330
1A
100
AcDbEntity
  8
BLACK
  6
CONTINUOUS
100
AcDbLine
 10
3.1145577559055115
 20
1.1223187795275591
 30
0
 11
3.1150904330708662
 21
1.1217861023622047
 31
0
  0
LINE
  5
205
330
1A
100
AcDbEntity
  8
BLACK
  6
CONTINUOUS
100
AcDbLine
 10
3.1150904330708662
 20
1.1217861023622047
 30
0
 11
3.1151653543307085
 21
1.1214094488188977
 31
0
  0
LINE
  5
206
330
1A
100
AcDbEntity
  8
BLACK
  6
CONTINUOUS
100
AcDbLine
 10
3.1151653543307085
 20
1.1214094488188977
 30
0
 11
3.1151653543307085
 21
0.9403070866141732
 31
0
  0
LINE
  5
207
330
1A
100
AcDbEntity
  8
BLACK
  6
CONTINUOUS
100
AcDbLine
 10
3.1151653543307085
 20
0.9403070866141732
 30
0
 11
3.1150904330708662
 21
0.9399304330708661
 31
0
  0
LINE
  5
208
330
1A
100
AcDbEntity
  8
BLACK
  6
CONTINUOUS
100
AcDbLine
 10
3.1150904330708662
 20
0.9399304330708661
 30
0
 11
3.1145577559055115
 21
0.9393977559055118
 31
0
  0
LINE
  5
209
330
1A
100
AcDbEntity
  8
BLACK
  6
CONTINUOUS
100
AcDbLine
 10
3.1145577559055115
 20
0.9393977559055118
 30
0
 11
3.1141811023622048
 21
0.9393228346456692
 31
0
  0
LINE
  5
20A
330
1A
100
AcDbEntity
  8
BLACK
  6
CONTINUOUS
100
AcDbLine
 10
3.1141811023622048
 20
0.9393228346456692
 30
0
 11
3.046267716535433
 21
0.9393228346456692
 31
0
  0
LINE
  5
20B
330
1A
100
AcDbEntity
  8
BLACK
  6
CONTINUOUS
100
AcDbLine
 10
3.046267716535433
 20
0.9393228346456692
 30
0
 11
3.046267716535433
 21
0.8733779527559055
 31
0
  0
LINE
  5
20C
330
1A
100
AcDbEntity
  8
BLACK
  6
CONTINUOUS
100
AcDbLine
 10
3.046267716535433
 20
0.8733779527559055
 30
0
 11
3.0461927952755903
 21
0.8730012992125984
 31
0
  0
LINE
  5
20D
330
1A
100
AcDbEntity
  8
BLACK
  6
CONTINUOUS
100
AcDbLine
 10
3.0461927952755903
 20
0.8730012992125984
 30
0
 11
3.0456601181102361
 21
0.8724686220472441
 31
0
  0
LINE
  5
20E
330
1A
100
AcDbEntity
  8
BLACK
  6
CONTINUOUS
100
AcDbLine
 10
3.0456601181102361
 20
0.8724686220472441
 30
0
 11
3.0452834645669289
 21
0.8723937007874015
 31
0
  0
LINE
  5
20F
330
1A
100
AcDbEntity
  8
BLACK
  6
CONTINUOUS
100
AcDbLine
 10
3.0452834645669289
 20
0.8723937007874015
 30
0
 11
2.9202834645669289
 21
0.8723937007874015
 31
0
  0
LINE
  5
210
330
1A
100
AcDbEntity
  8
BLACK
  6
CONTINUOUS
100
AcDbLine
 10
2.9202834645669289
 20
0.8723937007874015
 30
0
 11
2.9202834645669289
 21
0.6962125984251968
 31
0
  0
LINE
  5
211
330
1A
100
AcDbEntity
  8
BLACK
  6
CONTINUOUS
100
AcDbLine
 10
2.9202834645669289
 20
0.6962125984251968
 30
0
 11
2.9202085433070866
 21
0.6958359448818897
 31
0
  0
LINE
  5
212
330
1A
100
AcDbEntity
  8
BLACK
  6
CONTINUOUS
100
AcDbLine
 10
2.9202085433070866
 20
0.6958359448818897
 30
0
 11
2.9196758661417324
 21
0.6953032677165354
 31
0
  0
LINE
  5
213
330
1A
100
AcDbEntity
  8
BLACK
  6
CONTINUOUS
100
AcDbLine
 10
2.9196758661417324
 20
0.6953032677165354
 30
0
 11
2.9192992125984252
 21
0.6952283464566928
 31
0
  0
LINE
  5
214
330
1A
100
AcDbEntity
  8
BLACK
  6
CONTINUOUS
100
AcDbLine
 10
2.9192992125984252
 20
0.6952283464566928
 30
0
 11
2.7227650787401574
 21
0.6952283464566928
 31
0
  0
LINE
  5
215
330
1A
100
AcDbEntity
  8
BLACK
  6
CONTINUOUS
100
AcDbLine
 10
2.7227650787401574
 20
0.6952283464566928
 30
0
 11
2.7026992519685038
 21
0.6808068503937008
 31
0
  0
LINE
  5
216
330
1A
100
AcDbEntity
  8
BLACK
  6
CONTINUOUS
100
AcDbLine
 10
2.7026992519685038
 20
0.6808068503937008
 30
0
 11
2.6815201968503937
 21
0.6674156299212598
 31
0
  0
LINE
  5
217
330
1A
100
AcDbEntity
  8
BLACK
  6
CONTINUOUS
100
AcDbLine
 10
2.6815201968503937
 20
0.6674156299212598
 30
0
 11
2.6595841732283465
 21
0.6553042125984252
 31
0
  0
LINE
  5
218
330
1A
100
AcDbEntity
  8
BLACK
  6
CONTINUOUS
100
AcDbLine
 10
2.6595841732283465
 20
0.6553042125984252
 30
0
 11
2.6369683464566926
 21
0.6445152755905512
 31
0
  0
LINE
  5
219
330
1A
100
AcDbEntity
  8
BLACK
  6
CONTINUOUS
100
AcDbLine
 10
2.6369683464566926
 20
0.6445152755905512
 30
0
 11
2.613752401574803
 21
0.6350867716535433
 31
0
  0
LINE
  5
21A
330
1A
100
AcDbEntity
  8
BLACK
  6
CONTINUOUS
100
AcDbLine
 10
2.613752401574803
 20
0.6350867716535433
 30
0
 11
2.5900180708661416
 21
0.6270518897637796
 31
0
  0
LINE
  5
21B
330
1A
100
AcDbEntity
  8
BLACK
  6
CONTINUOUS
100
AcDbLine
 10
2.5900180708661416
 20
0.6270518897637796
 30
0
 11
2.5658489763779526
 21
0.6204389763779528
 31
0
  0
LINE
  5
21C
330
1A
100
AcDbEntity
  8
BLACK
  6
CONTINUOUS
100
AcDbLine
 10
2.5658489763779526
 20
0.6204389763779528
 30
0
 11
2.5413301574803149
 21
0.6152712992125984
 31
0
  0
LINE
  5
21D
330
1A
100
AcDbEntity
  8
BLACK
  6
CONTINUOUS
100
AcDbLine
 10
2.5413301574803149
 20
0.6152712992125984
 30
0
 11
2.5165479921259841
 21
0.6115670472440945
 31
0
  0
LINE
  5
21E
330
1A
100
AcDbEntity
  8
BLACK
  6
CONTINUOUS
100
AcDbLine
 10
2.5165479921259841
 20
0.6115670472440945
 30
0
 11
2.4915897637795275
 21
0.6093392519685039
 31
0
  0
LINE
  5
21F
330
1A
100
AcDbEntity
  8
BLACK
  6
CONTINUOUS
100
AcDbLine
 10
2.4915897637795275
 20
0.6093392519685039
 30
0
 11
2.4665433464566928
 21
0.6085957874015748
 31
0
  0
LINE
  5
220
330
1A
100
AcDbEntity
  8
BLACK
  6
CONTINUOUS
100
AcDbLine
 10
2.4665433464566928
 20
0.6085957874015748
 30
0
 11
2.4414968897637794
 21
0.6093392519685039
 31
0
  0
LINE
  5
221
330
1A
100
AcDbEntity
  8
BLACK
  6
CONTINUOUS
100
AcDbLine
 10
2.4414968897637794
 20
0.6093392519685039
 30
0
 11
2.4165386614173228
 21
0.6115670472440945
 31
0
  0
LINE
  5
222
330
1A
100
AcDbEntity
  8
BLACK
  6
CONTINUOUS
100
AcDbLine
 10
2.4165386614173228
 20
0.6115670472440945
 30
0
 11
2.391756496062992
 21
0.6152712992125984
 31
0
  0
LINE
  5
223
330
1A
100
AcDbEntity
  8
BLACK
  6
CONTINUOUS
100
AcDbLine
 10
2.391756496062992
 20
0.6152712992125984
 30
0
 11
2.3672376771653543
 21
0.6204389763779528
 31
0
  0
LINE
  5
224
330
1A
100
AcDbEntity
  8
BLACK
  6
CONTINUOUS
100
AcDbLine
 10
2.3672376771653543
 20
0.6204389763779528
 30
0
 11
2.3430685826771653
 21
0.6270518897637796
 31
0
  0
LINE
  5
225
330
1A
100
AcDbEntity
  8
BLACK
  6
CONTINUOUS
100
AcDbLine
 10
2.3430685826771653
 20
0.6270518897637796
 30
0
 11
2.3193342519685038
 21
0.6350867716535433
 31
0
  0
LINE
  5
226
330
1A
100
AcDbEntity
  8
BLACK
  6
CONTINUOUS
100
AcDbLine
 10
2.3193342519685038
 20
0.6350867716535433
 30
0
 11
2.2961183070866142
 21
0.6445152755905512
 31
0
  0
LINE
  5
227
330
1A
100
AcDbEntity
  8
BLACK
  6
CONTINUOUS
100
AcDbLine
 10
2.2961183070866142
 20
0.6445152755905512
 30
0
 11
2.2735024803149604
 21
0.6553042125984252
 31
0
  0
LINE
  5
228
330
1A
100
AcDbEntity
  8
BLACK
  6
CONTINUOUS
100
AcDbLine
 10
2.2735024803149604
 20
0.6553042125984252
 30
0
 11
2.2515664566929132
 21
0.6674156299212598
 31
0
  0
LINE
  5
229
330
1A
100
AcDbEntity
  8
BLACK
  6
CONTINUOUS
100
AcDbLine
 10
2.2515664566929132
 20
0.6674156299212598
 30
0
 11
2.2303874015748031
 21
0.6808068503937008
 31
0
  0
LINE
  5
22A
330
1A
100
AcDbEntity
  8
BLACK
  6
CONTINUOUS
100
AcDbLine
 10
2.2303874015748031
 20
0.6808068503937008
 30
0
 11
2.2103215748031495
 21
0.6952283464566928
 31
0
  0
LINE
  5
22B
330
1A
100
AcDbEntity
  8
BLACK
  6
CONTINUOUS
100
AcDbLine
 10
2.2103215748031495
 20
0.6952283464566928
 30
0
 11
2.013787401574803
 21
0.6952283464566928
 31
0
  0
LINE
  5
22C
330
1A
100
AcDbEntity
  8
BLACK
  6
CONTINUOUS
100
AcDbLine
 10
2.013787401574803
 20
0.6952283464566928
 30
0
 11
2.0134107480314962
 21
0.6953032677165354
 31
0
  0
LINE
  5
22D
330
1A
100
AcDbEntity
  8
BLACK
  6
CONTINUOUS
100
AcDbLine
 10
2.0134107480314962
 20
0.6953032677165354
 30
0
 11
2.0128780708661416
 21
0.6958359448818897
 31
0
  0
LINE
  5
22E
330
1A
100
AcDbEntity
  8
BLACK
  6
CONTINUOUS
100
AcDbLine
 10
2.0128780708661416
 20
0.6958359448818897
 30
0
 11
2.0128031496062992
 21
0.6962125984251968
 31
0
  0
LINE
  5
22F
330
1A
100
AcDbEntity
  8
BLACK
  6
CONTINUOUS
100
AcDbLine
 10
2.0128031496062992
 20
0.6962125984251968
 30
0
 11
2.0128031496062992
 21
0.8723937007874015
 31
0
  0
LINE
  5
230
330
1A
100
AcDbEntity
  8
BLACK
  6
CONTINUOUS
100
AcDbLine
 10
2.0128031496062992
 20
0.8723937007874015
 30
0
 11
1.8878031496062992
 21
0.8723937007874015
 31
0
  0
LINE
  5
231
330
1A
100
AcDbEntity
  8
BLACK
  6
CONTINUOUS
100
AcDbLine
 10
1.8878031496062992
 20
0.8723937007874015
 30
0
 11
1.8874264960629921
 21
0.8724686220472441
 31
0
  0
LINE
  5
232
330
1A
100
AcDbEntity
  8
BLACK
  6
CONTINUOUS
100
AcDbLine
 10
1.8874264960629921
 20
0.8724686220472441
 30
0
 11
1.8868938188976379
 21
0.8730012992125984
 31
0
  0
LINE
  5
233
330
1A
100
AcDbEntity
  8
BLACK
  6
CONTINUOUS
100
AcDbLine
 10
1.8868938188976379
 20
0.8730012992125984
 30
0
 11
1.8868188976377953
 21
0.8733779527559055
 31
0
  0
LINE
  5
234
330
1A
100
AcDbEntity
  8
BLACK
  6
CONTINUOUS
100
AcDbLine
 10
1.8868188976377953
 20
0.8733779527559055
 30
0
 11
1.8868188976377953
 21
0.9393228346456692
 31
0
  0
LINE
  5
235
330
1A
100
AcDbEntity
  8
BLACK
  6
CONTINUOUS
100
AcDbLine
 10
1.8868188976377953
 20
0.9393228346456692
 30
0
 11
1.8189055118110236
 21
0.9393228346456692
 31
0
  0
LINE
  5
236
330
1A
100
AcDbEntity
  8
BLACK
  6
CONTINUOUS
100
AcDbLine
 10
1.8189055118110236
 20
0.9393228346456692
 30
0
 11
1.8185288582677166
 21
0.9393977559055118
 31
0
  0
LINE
  5
237
330
1A
100
AcDbEntity
  8
BLACK
  6
CONTINUOUS
100
AcDbLine
 10
1.8185288582677166
 20
0.9393977559055118
 30
0
 11
1.8179961811023622
 21
0.9399304330708661
 31
0
  0
LINE
  5
238
330
1A
100
AcDbEntity
  8
BLACK
  6
CONTINUOUS
100
AcDbLine
 10
1.8179961811023622
 20
0.9399304330708661
 30
0
 11
1.8179212598425196
 21
0.9403070866141732
 31
0
  0
LINE
  5
239
330
1A
100
AcDbEntity
  8
BLACK
  6
CONTINUOUS
100
AcDbLine
 10
1.8179212598425196
 20
0.9403070866141732
 30
0
 11
1.8179212598425196
 21
1.1214094488188977
 31
0
  0
LINE
  5
23A
330
1A
100
AcDbEntity
  8
BLACK
  6
CONTINUOUS
100
AcDbLine
 10
1.8179212598425196
 20
1.1214094488188977
 30
0
 11
1.8179961811023622
 21
1.1217861023622047
 31
0
  0
LINE
  5
23B
330
1A
100
AcDbEntity
  8
BLACK
  6
CONTINUOUS
100
AcDbLine
 10
1.8179961811023622
 20
1.1217861023622047
 30
0
 11
1.8185288582677166
 21
1.1223187795275591
 31
0
  0
LINE
  5
23C
330
1A
100
AcDbEntity
  8
BLACK
  6
CONTINUOUS
100
AcDbLine
 10
1.8185288582677166
 20
1.1223187795275591
 30
0
 11
1.8189055118110236
 21
1.1223937007874016
 31
0
  0
LINE
  5
23D
330
1A
100
AcDbEntity
  8
BLACK
  6
CONTINUOUS
100
AcDbLine
 10
1.8189055118110236
 20
1.1223937007874016
 30
0
 11
1.8868188976377953
 21
1.1223937007874016
 31
0
  0
LINE
  5
23E
330
1A
100
AcDbEntity
  8
BLACK
  6
CONTINUOUS
100
AcDbLine
 10
1.8868188976377953
 20
1.1223937007874016
 30
0
 11
1.8868188976377953
 21
1.1883385826771653
 31
0
  0
LINE
  5
23F
330
1A
100
AcDbEntity
  8
BLACK
  6
CONTINUOUS
100
AcDbLine
 10
1.8868188976377953
 20
1.1883385826771653
 30
0
 11
1.8868938188976379
 21
1.1887152362204725
 31
0
  0
LINE
  5
240
330
1A
100
AcDbEntity
  8
BLACK
  6
CONTINUOUS
100
AcDbLine
 10
1.8868938188976379
 20
1.1887152362204725
 30
0
 11
1.8874264960629921
 21
1.1892479133858267
 31
0
  0
LINE
  5
241
330
1A
100
AcDbEntity
  8
BLACK
  6
CONTINUOUS
100
AcDbLine
 10
1.8874264960629921
 20
1.1892479133858267
 30
0
 11
1.8878031496062992
 21
1.1893228346456692
 31
0
  0
LINE
  5
242
330
1A
100
AcDbEntity
  8
BLACK
  6
CONTINUOUS
100
AcDbLine
 10
1.8878031496062992
 20
1.1893228346456692
 30
0
 11
2.0128031496062992
 21
1.1893228346456692
 31
0
  0
LINE
  5
243
330
1A
100
AcDbEntity
  8
BLACK
  6
CONTINUOUS
100
AcDbLine
 10
2.0128031496062992
 20
1.1893228346456692
 30
0
 11
2.0128031496062992
 21
1.3655039370078741
 31
0
  0
LINE
  5
244
330
1A
100
AcDbEntity
  8
BLACK
  6
CONTINUOUS
100
AcDbLine
 10
2.0128031496062992
 20
1.3655039370078741
 30
0
 11
2.0128780708661416
 21
1.3658805905511811
 31
0
  0
LINE
  5
245
330
1A
100
AcDbEntity
  8
BLACK
  6
CONTINUOUS
100
AcDbLine
 10
2.0128780708661416
 20
1.3658805905511811
 30
0
 11
2.0134107480314962
 21
1.3664132677165355
 31
0
  0
LINE
  5
246
330
1A
100
AcDbEntity
  8
BLACK
  6
CONTINUOUS
100
AcDbLine
 10
2.0134107480314962
 20
1.3664132677165355
 30
0
 11
2.013787401574803
 21
1.366488188976378
 31
0
  0
LINE
  5
247
330
1A
100
AcDbEntity
  8
BLACK
  6
CONTINUOUS
100
AcDbLine
 10
2.013787401574803
 20
1.366488188976378
 30
0
 11
2.2103215354330707
 21
1.366488188976378
 31
0
  0
LINE
  5
248
330
1A
100
AcDbEntity
  8
BLACK
  6
CONTINUOUS
100
AcDbLine
 10
2.2103215354330707
 20
1.366488188976378
 30
0
 11
2.2303873622047243
 21
1.3809096850393701
 31
0
  0
LINE
  5
249
330
1A
100
AcDbEntity
  8
BLACK
  6
CONTINUOUS
100
AcDbLine
 10
2.2303873622047243
 20
1.3809096850393701
 30
0
 11
2.2515664173228345
 21
1.394300905511811
 31
0
  0
LINE
  5
24A
330
1A
100
AcDbEntity
  8
BLACK
  6
CONTINUOUS
100
AcDbLine
 10
2.2515664173228345
 20
1.394300905511811
 30
0
 11
2.2735024409448816
 21
1.4064123228346457
 31
0
  0
LINE
  5
24B
330
1A
100
AcDbEntity
  8
BLACK
  6
CONTINUOUS
100
AcDbLine
 10
2.2735024409448816
 20
1.4064123228346457
 30
0
 11
2.2961182677165355
 21
1.4172012598425197
 31
0
  0
LINE
  5
24C
330
1A
100
AcDbEntity
  8
BLACK
  6
CONTINUOUS
100
AcDbLine
 10
2.2961182677165355
 20
1.4172012598425197
 30
0
 11
2.3193342125984251
 21
1.4266297637795275
 31
0
  0
LINE
  5
24D
330
1A
100
AcDbEntity
  8
BLACK
  6
CONTINUOUS
100
AcDbLine
 10
2.3193342125984251
 20
1.4266297637795275
 30
0
 11
2.3430685433070866
 21
1.4346646456692913
 31
0
  0
LINE
  5
24E
330
1A
100
AcDbEntity
  8
BLACK
  6
CONTINUOUS
100
AcDbLine
 10
2.3430685433070866
 20
1.4346646456692913
 30
0
 11
2.3672376377952755
 21
1.4412775590551181
 31
0
  0
LINE
  5
24F
330
1A
100
AcDbEntity
  8
BLACK
  6
CONTINUOUS
100
AcDbLine
 10
2.3672376377952755
 20
1.4412775590551181
 30
0
 11
2.3917564566929133
 21
1.4464452362204725
 31
0
  0
LINE
  5
250
330
1A
100
AcDbEntity
  8
BLACK
  6
CONTINUOUS
100
AcDbLine
 10
2.3917564566929133
 20
1.4464452362204725
 30
0
 11
2.416538622047244
 21
1.4501494881889763
 31
0
  0
LINE
  5
251
330
1A
100
AcDbEntity
  8
BLACK
  6
CONTINUOUS
100
AcDbLine
 10
2.416538622047244
 20
1.4501494881889763
 30
0
 11
2.4414968503937007
 21
1.452377283464567
 31
0
  0
LINE
  5
252
330
1A
100
AcDbEntity
  8
BLACK
  6
CONTINUOUS
100
AcDbLine
 10
2.4414968503937007
 20
1.452377283464567
 30
0
 11
2.4665433070866141
 21
1.453120748031496
 31
0
  0
LINE
  5
253
330
1A
100
AcDbEntity
  8
BLACK
  6
CONTINUOUS
100
AcDbLine
 10
2.4665433070866141
 20
1.453120748031496
 30
0
 11
2.4915897244094487
 21
1.452377283464567
 31
0
  0
LINE
  5
254
330
1A
100
AcDbEntity
  8
BLACK
  6
CONTINUOUS
100
AcDbLine
 10
2.4291598031496062
 20
1.4496717716535432
 30
0
 11
2.4043837401574804
 21
1.4467169685039369
 31
0
  0
LINE
  5
255
330
1A
100
AcDbEntity
  8
BLACK
  6
CONTINUOUS
100
AcDbLine
 10
2.4043837401574804
 20
1.4467169685039369
 30
0
 11
2.3798266141732283
 21
1.4422977952755904
 31
0
  0
LINE
  5
256
330
1A
100
AcDbEntity
  8
BLACK
  6
CONTINUOUS
100
AcDbLine
 10
2.3798266141732283
 20
1.4422977952755904
 30
0
 11
2.3555748031496062
 21
1.4364298031496063
 31
0
  0
LINE
  5
257
330
1A
100
AcDbEntity
  8
BLACK
  6
CONTINUOUS
100
AcDbLine
 10
2.3555748031496062
 20
1.4364298031496063
 30
0
 11
2.3317137795275591
 21
1.4291336220472441
 31
0
  0
LINE
  5
258
330
1A
100
AcDbEntity
  8
BLACK
  6
CONTINUOUS
100
AcDbLine
 10
2.3317137795275591
 20
1.4291336220472441
 30
0
 11
2.3083275196850392
 21
1.4204349999999999
 31
0
  0
LINE
  5
259
330
1A
100
AcDbEntity
  8
BLACK
  6
CONTINUOUS
100
AcDbLine
 10
2.3083275196850392
 20
1.4204349999999999
 30
0
 11
2.2854983858267715
 21
1.4103645669291338
 31
0
  0
LINE
  5
25A
330
1A
100
AcDbEntity
  8
BLACK
  6
CONTINUOUS
100
AcDbLine
 10
2.2854983858267715
 20
1.4103645669291338
 30
0
 11
2.2633068110236221
 21
1.398957716535433
 31
0
  0
LINE
  5
25B
330
1A
100
AcDbEntity
  8
BLACK
  6
CONTINUOUS
100
AcDbLine
 10
2.2633068110236221
 20
1.398957716535433
 30
0
 11
2.2418308661417323
 21
1.3862546456692912
 31
0
  0
LINE
  5
25C
330
1A
100
AcDbEntity
  8
BLACK
  6
CONTINUOUS
100
AcDbLine
 10
2.2418308661417323
 20
1.3862546456692912
 30
0
 11
2.2211462204724408
 21
1.3723001574803149
 31
0
  0
LINE
  5
25D
330
1A
100
AcDbEntity
  8
BLACK
  6
CONTINUOUS
100
AcDbLine
 10
2.2211462204724408
 20
1.3723001574803149
 30
0
 11
2.2112356692913386
 21
1.3647220866141732
 31
0
  0
LINE
  5
25E
330
1A
100
AcDbEntity
  8
BLACK
  6
CONTINUOUS
100
AcDbLine
 10
2.2112356692913386
 20
1.3647220866141732
 30
0
 11
2.2110909448818896
 21
1.3646711417322834
 31
0
  0
LINE
  5
25F
330
1A
100
AcDbEntity
  8
BLACK
  6
CONTINUOUS
100
AcDbLine
 10
2.2110909448818896
 20
1.3646711417322834
 30
0
 11
2.2110144488188976
 21
1.3645946062992125
 31
0
  0
LINE
  5
260
330
1A
100
AcDbEntity
  8
BLACK
  6
CONTINUOUS
100
AcDbLine
 10
2.2110144488188976
 20
1.3645946062992125
 30
0
 11
2.2106911811023622
 21
1.3645303149606298
 31
0
  0
LINE
  5
261
330
1A
100
AcDbEntity
  8
BLACK
  6
CONTINUOUS
100
AcDbLine
 10
2.2106911811023622
 20
1.3645303149606298
 30
0
 11
2.2106619291338583
 21
1.36452
 31
0
  0
LINE
  5
262
330
1A
100
AcDbEntity
  8
BLACK
  6
CONTINUOUS
100
AcDbLine
 10
2.2106619291338583
 20
1.36452
 30
0
 11
2.2106528740157478
 21
1.364522716535433
 31
0
  0
LINE
  5
263
330
1A
100
AcDbEntity
  8
BLACK
  6
CONTINUOUS
100
AcDbLine
 10
2.2106528740157478
 20
1.364522716535433
 30
0
 11
2.2106377952755905
 21
1.3645196850393702
 31
0
  0
LINE
  5
264
330
1A
100
AcDbEntity
  8
BLACK
  6
CONTINUOUS
100
AcDbLine
 10
2.2106377952755905
 20
1.3645196850393702
 30
0
 11
2.0147716535433071
 21
1.3645196850393702
 31
0
  0
LINE
  5
265
330
1A
100
AcDbEntity
  8
BLACK
  6
CONTINUOUS
100
AcDbLine
 10
2.0147716535433071
 20
1.3645196850393702
 30
0
 11
2.0147716535433071
 21
1.1883385826771653
 31
0
  0
LINE
  5
266
330
1A
100
AcDbEntity
  8
BLACK
  6
CONTINUOUS
100
AcDbLine
 10
2.0147716535433071
 20
1.1883385826771653
 30
0
 11
2.0146967322834644
 21
1.1879619291338583
 31
0
  0
LINE
  5
267
330
1A
100
AcDbEntity
  8
BLACK
  6
CONTINUOUS
100
AcDbLine
 10
2.0146967322834644
 20
1.1879619291338583
 30
0
 11
2.0141640551181101
 21
1.1874292519685039
 31
0
  0
LINE
  5
268
330
1A
100
AcDbEntity
  8
BLACK
  6
CONTINUOUS
100
AcDbLine
 10
2.0141640551181101
 20
1.1874292519685039
 30
0
 11
2.013787401574803
 21
1.1873543307086614
 31
0
  0
LINE
  5
269
330
1A
100
AcDbEntity
  8
BLACK
  6
CONTINUOUS
100
AcDbLine
 10
2.013787401574803
 20
1.1873543307086614
 30
0
 11
1.8887874015748032
 21
1.1873543307086614
 31
0
  0
LINE
  5
26A
330
1A
100
AcDbEntity
  8
BLACK
  6
CONTINUOUS
100
AcDbLine
 10
1.8887874015748032
 20
1.1873543307086614
 30
0
 11
1.8887874015748032
 21
1.1214094488188977
 31
0
  0
LINE
  5
26B
330
1A
100
AcDbEntity
  8
BLACK
  6
CONTINUOUS
100
AcDbLine
 10
1.8887874015748032
 20
1.1214094488188977
 30
0
 11
1.8887124803149606
 21
1.1210327952755905
 31
0
  0
LINE
  5
26C
330
1A
100
AcDbEntity
  8
BLACK
  6
CONTINUOUS
100
AcDbLine
 10
1.8887124803149606
 20
1.1210327952755905
 30
0
 11
1.8881798031496062
 21
1.1205001181102361
 31
0
  0
LINE
  5
26D
330
1A
100
AcDbEntity
  8
BLACK
  6
CONTINUOUS
100
AcDbLine
 10
1.8881798031496062
 20
1.1205001181102361
 30
0
 11
1.8878031496062992
 21
1.1204251968503938
 31
0
  0
LINE
  5
26E
330
1A
100
AcDbEntity
  8
BLACK
  6
CONTINUOUS
100
AcDbLine
 10
1.8878031496062992
 20
1.1204251968503938
 30
0
 11
1.8198897637795275
 21
1.1204251968503938
 31
0
  0
LINE
  5
26F
330
1A
100
AcDbEntity
  8
BLACK
  6
CONTINUOUS
100
AcDbLine
 10
1.8198897637795275
 20
1.1204251968503938
 30
0
 11
1.8198897637795275
 21
0.9412913385826771
 31
0
  0
LINE
  5
270
330
1A
100
AcDbEntity
  8
BLACK
  6
CONTINUOUS
100
AcDbLine
 10
1.8198897637795275
 20
0.9412913385826771
 30
0
 11
1.8878031496062992
 21
0.9412913385826771
 31
0
  0
LINE
  5
271
330
1A
100
AcDbEntity
  8
BLACK
  6
CONTINUOUS
100
AcDbLine
 10
1.8878031496062992
 20
0.9412913385826771
 30
0
 11
1.8881798031496062
 21
0.9412164173228347
 31
0
  0
LINE
  5
272
330
1A
100
AcDbEntity
  8
BLACK
  6
CONTINUOUS
100
AcDbLine
 10
1.8881798031496062
 20
0.9412164173228347
 30
0
 11
1.8887124803149606
 21
0.9406837401574802
 31
0
  0
LINE
  5
273
330
1A
100
AcDbEntity
  8
BLACK
  6
CONTINUOUS
100
AcDbLine
 10
1.8887124803149606
 20
0.9406837401574802
 30
0
 11
1.8887874015748032
 21
0.9403070866141732
 31
0
  0
LINE
  5
274
330
1A
100
AcDbEntity
  8
BLACK
  6
CONTINUOUS
100
AcDbLine
 10
1.8887874015748032
 20
0.9403070866141732
 30
0
 11
1.8887874015748032
 21
0.8743622047244094
 31
0
  0
LINE
  5
275
330
1A
100
AcDbEntity
  8
BLACK
  6
CONTINUOUS
100
AcDbLine
 10
1.8887874015748032
 20
0.8743622047244094
 30
0
 11
2.013787401574803
 21
0.8743622047244094
 31
0
  0
LINE
  5
276
330
1A
100
AcDbEntity
  8
BLACK
  6
CONTINUOUS
100
AcDbLine
 10
2.013787401574803
 20
0.8743622047244094
 30
0
 11
2.0141640551181101
 21
0.8742872834645669
 31
0
  0
LINE
  5
277
330
1A
100
AcDbEntity
  8
BLACK
  6
CONTINUOUS
100
AcDbLine
 10
2.0141640551181101
 20
0.8742872834645669
 30
0
 11
2.0146967322834644
 21
0.8737546062992125
 31
0
  0
LINE
  5
278
330
1A
100
AcDbEntity
  8
BLACK
  6
CONTINUOUS
100
AcDbLine
 10
2.0146967322834644
 20
0.8737546062992125
 30
0
 11
2.0147716535433071
 21
0.8733779527559055
 31
0
  0
LINE
  5
279
330
1A
100
AcDbEntity
  8
BLACK
  6
CONTINUOUS
100
AcDbLine
 10
2.0147716535433071
 20
0.8733779527559055
 30
0
 11
2.0147716535433071
 21
0.6971968503937007
 31
0
  0
LINE
  5
27A
330
1A
100
AcDbEntity
  8
BLACK
  6
CONTINUOUS
100
AcDbLine
 10
2.0147716535433071
 20
0.6971968503937007
 30
0
 11
2.2106377952755905
 21
0.6971968503937007
 31
0
  0
LINE
  5
27B
330
1A
100
AcDbEntity
  8
BLACK
  6
CONTINUOUS
100
AcDbLine
 10
2.2106377952755905
 20
0.6971968503937007
 30
0
 11
2.2106529133858266
 21
0.6971938582677165
 31
0
  0
LINE
  5
27C
330
1A
100
AcDbEntity
  8
BLACK
  6
CONTINUOUS
100
AcDbLine
 10
2.2106529133858266
 20
0.6971938582677165
 30
0
 11
2.210661968503937
 21
0.6971965354330708
 31
0
  0
LINE
  5
27D
330
1A
100
AcDbEntity
  8
BLACK
  6
CONTINUOUS
100
AcDbLine
 10
2.210661968503937
 20
0.6971965354330708
 30
0
 11
2.2106912598425197
 21
0.6971862204724409
 31
0
  0
LINE
  5
27E
330
1A
100
AcDbEntity
  8
BLACK
  6
CONTINUOUS
100
AcDbLine
 10
2.2106912598425197
 20
0.6971862204724409
 30
0
 11
2.2110144488188976
 21
0.6971219291338583
 31
0
  0
LINE
  5
27F
330
1A
100
AcDbEntity
  8
BLACK
  6
CONTINUOUS
100
AcDbLine
 10
2.2110144488188976
 20
0.6971219291338583
 30
0
 11
2.2110909055118109
 21
0.6970454724409448
 31
0
  0
LINE
  5
280
330
1A
100
AcDbEntity
  8
BLACK
  6
CONTINUOUS
100
AcDbLine
 10
2.2110909055118109
 20
0.6970454724409448
 30
0
 11
2.2112357086614174
 21
0.6969944488188976
 31
0
  0
LINE
  5
281
330
1A
100
AcDbEntity
  8
BLACK
  6
CONTINUOUS
100
AcDbLine
 10
2.2112357086614174
 20
0.6969944488188976
 30
0
 11
2.2211462598425196
 21
0.6894163779527559
 31
0
  0
LINE
  5
282
330
1A
100
AcDbEntity
  8
BLACK
  6
CONTINUOUS
100
AcDbLine
 10
2.2211462598425196
 20
0.6894163779527559
 30
0
 11
2.2418309055118111
 21
0.6754618897637795
 31
0
  0
LINE
  5
283
330
1A
100
AcDbEntity
  8
BLACK
  6
CONTINUOUS
100
AcDbLine
 10
2.2418309055118111
 20
0.6754618897637795
 30
0
 11
2.2633068503937008
 21
0.6627588188976378
 31
0
  0
LINE
  5
284
330
1A
100
AcDbEntity
  8
BLACK
  6
CONTINUOUS
100
AcDbLine
 10
2.2633068503937008
 20
0.6627588188976378
 30
0
 11
2.2854984251968502
 21
0.651351968503937
 31
0
  0
LINE
  5
285
330
1A
100
AcDbEntity
  8
BLACK
  6
CONTINUOUS
100
AcDbLine
 10
2.2854984251968502
 20
0.651351968503937
 30
0
 11
2.308327559055118
 21
0.6412815354330709
 31
0
  0
LINE
  5
286
330
1A
100
AcDbEntity
  8
BLACK
  6
CONTINUOUS
100
AcDbLine
 10
2.308327559055118
 20
0.6412815354330709
 30
0
 11
2.3317138188976378
 21
0.6325829133858267
 31
0
  0
LINE
  5
287
330
1A
100
AcDbEntity
  8
BLACK
  6
CONTINUOUS
100
AcDbLine
 10
2.3317138188976378
 20
0.6325829133858267
 30
0
 11
2.355574842519685
 21
0.6252867322834645
 31
0
  0
LINE
  5
288
330
1A
100
AcDbEntity
  8
BLACK
  6
CONTINUOUS
100
AcDbLine
 10
2.355574842519685
 20
0.6252867322834645
 30
0
 11
2.379826653543307
 21
0.6194187401574803
 31
0
  0
LINE
  5
289
330
1A
100
AcDbEntity
  8
BLACK
  6
CONTINUOUS
100
AcDbLine
 10
2.379826653543307
 20
0.6194187401574803
 30
0
 11
2.4043837795275591
 21
0.6149995669291338
 31
0
  0
LINE
  5
28A
330
1A
100
AcDbEntity
  8
BLACK
  6
CONTINUOUS
100
AcDbLine
 10
2.4043837795275591
 20
0.6149995669291338
 30
0
 11
2.429159842519685
 21
0.6120447637795275
 31
0
  0
LINE
  5
28B
330
1A
100
AcDbEntity
  8
BLACK
  6
CONTINUOUS
100
AcDbLine
 10
2.429159842519685
 20
0.6120447637795275
 30
0
 11
2.4540675196850392
 21
0.6105647637795275
 31
0
  0
LINE
  5
28C
330
1A
100
AcDbEntity
  8
BLACK
  6
CONTINUOUS
100
AcDbLine
 10
2.4540675196850392
 20
0.6105647637795275
 30
0
 11
2.4790191338582677
 21
0.6105647637795275
 31
0
  0
LINE
  5
28D
330
1A
100
AcDbEntity
  8
BLACK
  6
CONTINUOUS
100
AcDbLine
 10
2.4790191338582677
 20
0.6105647637795275
 30
0
 11
2.5039268110236219
 21
0.6120447637795275
 31
0
  0
LINE
  5
28E
330
1A
100
AcDbEntity
  8
BLACK
  6
CONTINUOUS
100
AcDbLine
 10
2.5039268110236219
 20
0.6120447637795275
 30
0
 11
2.5287028740157478
 21
0.6149995669291338
 31
0
  0
LINE
  5
28F
330
1A
100
AcDbEntity
  8
BLACK
  6
CONTINUOUS
100
AcDbLine
 10
2.5287028740157478
 20
0.6149995669291338
 30
0
 11
2.5532599999999999
 21
0.6194187401574803
 31
0
  0
LINE
  5
290
330
1A
100
AcDbEntity
  8
BLACK
  6
CONTINUOUS
100
AcDbLine
 10
2.5532599999999999
 20
0.6194187401574803
 30
0
 11
2.5775118110236219
 21
0.6252867322834645
 31
0
  0
LINE
  5
291
330
1A
100
AcDbEntity
  8
BLACK
  6
CONTINUOUS
100
AcDbLine
 10
2.5775118110236219
 20
0.6252867322834645
 30
0
 11
2.601372834645669
 21
0.6325829133858267
 31
0
  0
LINE
  5
292
330
1A
100
AcDbEntity
  8
BLACK
  6
CONTINUOUS
100
AcDbLine
 10
2.601372834645669
 20
0.6325829133858267
 30
0
 11
2.6247590944881889
 21
0.6412815354330709
 31
0
  0
LINE
  5
293
330
1A
100
AcDbEntity
  8
BLACK
  6
CONTINUOUS
100
AcDbLine
 10
2.6247590944881889
 20
0.6412815354330709
 30
0
 11
2.6475882283464567
 21
0.651351968503937
 31
0
  0
LINE
  5
294
330
1A
100
AcDbEntity
  8
BLACK
  6
CONTINUOUS
100
AcDbLine
 10
2.6475882283464567
 20
0.651351968503937
 30
0
 11
2.6697798031496061
 21
0.6627588188976378
 31
0
  0
LINE
  5
295
330
1A
100
AcDbEntity
  8
BLACK
  6
CONTINUOUS
100
AcDbLine
 10
2.6697798031496061
 20
0.6627588188976378
 30
0
 11
2.6912557480314958
 21
0.6754618897637795
 31
0
  0
LINE
  5
296
330
1A
100
AcDbEntity
  8
BLACK
  6
CONTINUOUS
100
AcDbLine
 10
2.6912557480314958
 20
0.6754618897637795
 30
0
 11
2.7119403937007873
 21
0.6894163779527559
 31
0
  0
LINE
  5
297
330
1A
100
AcDbEntity
  8
BLACK
  6
CONTINUOUS
100
AcDbLine
 10
2.7119403937007873
 20
0.6894163779527559
 30
0
 11
2.7218509448818895
 21
0.6969944488188976
 31
0
  0
LINE
  5
298
330
1A
100
AcDbEntity
  8
BLACK
  6
CONTINUOUS
100
AcDbLine
 10
2.7218509448818895
 20
0.6969944488188976
 30
0
 11
2.7219956299212598
 21
0.6970454330708661
 31
0
  0
LINE
  5
299
330
1A
100
AcDbEntity
  8
BLACK
  6
CONTINUOUS
100
AcDbLine
 10
2.7219956299212598
 20
0.6970454330708661
 30
0
 11
2.7220721653543305
 21
0.6971219291338583
 31
0
  0
LINE
  5
29A
330
1A
100
AcDbEntity
  8
BLACK
  6
CONTINUOUS
100
AcDbLine
 10
2.7220721653543305
 20
0.6971219291338583
 30
0
 11
2.7223953937007872
 21
0.6971862598425197
 31
0
  0
LINE
  5
29B
330
1A
100
AcDbEntity
  8
BLACK
  6
CONTINUOUS
100
AcDbLine
 10
2.7223953937007872
 20
0.6971862598425197
 30
0
 11
2.7224246850393699
 21
0.6971965354330708
 31
0
  0
LINE
  5
29C
330
1A
100
AcDbEntity
  8
BLACK
  6
CONTINUOUS
100
AcDbLine
 10
2.7224246850393699
 20
0.6971965354330708
 30
0
 11
2.7224337007874015
 21
0.6971938582677165
 31
0
  0
LINE
  5
29D
330
1A
100
AcDbEntity
  8
BLACK
  6
CONTINUOUS
100
AcDbLine
 10
2.7224337007874015
 20
0.6971938582677165
 30
0
 11
2.7224488188976377
 21
0.6971968503937007
 31
0
  0
LINE
  5
29E
330
1A
100
AcDbEntity
  8
BLACK
  6
CONTINUOUS
100
AcDbLine
 10
2.7224488188976377
 20
0.6971968503937007
 30
0
 11
2.918314960629921
 21
0.6971968503937007
 31
0
  0
LINE
  5
29F
330
1A
100
AcDbEntity
  8
BLACK
  6
CONTINUOUS
100
AcDbLine
 10
2.918314960629921
 20
0.6971968503937007
 30
0
 11
2.918314960629921
 21
0.8733779527559055
 31
0
  0
LINE
  5
2A0
330
1A
100
AcDbEntity
  8
BLACK
  6
CONTINUOUS
100
AcDbLine
 10
2.918314960629921
 20
0.8733779527559055
 30
0
 11
2.9183898818897638
 21
0.8737546062992125
 31
0
  0
LINE
  5
2A1
330
1A
100
AcDbEntity
  8
BLACK
  6
CONTINUOUS
100
AcDbLine
 10
2.9183898818897638
 20
0.8737546062992125
 30
0
 11
2.918922559055118
 21
0.8742872834645669
 31
0
  0
LINE
  5
2A2
330
1A
100
AcDbEntity
  8
BLACK
  6
CONTINUOUS
100
AcDbLine
 10
2.918922559055118
 20
0.8742872834645669
 30
0
 11
2.9192992125984252
 21
0.8743622047244094
 31
0
  0
LINE
  5
2A3
330
1A
100
AcDbEntity
  8
BLACK
  6
CONTINUOUS
100
AcDbLine
 10
2.9192992125984252
 20
0.8743622047244094
 30
0
 11
3.0442992125984252
 21
0.8743622047244094
 31
0
  0
LINE
  5
2A4
330
1A
100
AcDbEntity
  8
BLACK
  6
CONTINUOUS
100
AcDbLine
 10
3.0442992125984252
 20
0.8743622047244094
 30
0
 11
3.0442992125984252
 21
0.9403070866141732
 31
0
  0
LINE
  5
2A5
330
1A
100
AcDbEntity
  8
BLACK
  6
CONTINUOUS
100
AcDbLine
 10
3.0442992125984252
 20
0.9403070866141732
 30
0
 11
3.0443741338582675
 21
0.9406837401574802
 31
0
  0
LINE
  5
2A6
330
1A
100
AcDbEntity
  8
BLACK
  6
CONTINUOUS
100
AcDbLine
 10
3.0443741338582675
 20
0.9406837401574802
 30
0
 11
3.0449068110236222
 21
0.9412164173228347
 31
0
  0
LINE
  5
2A7
330
1A
100
AcDbEntity
  8
BLACK
  6
CONTINUOUS
100
AcDbLine
 10
3.0449068110236222
 20
0.9412164173228347
 30
0
 11
3.0452834645669289
 21
0.9412913385826771
 31
0
  0
LINE
  5
2A8
330
1A
100
AcDbEntity
  8
BLACK
  6
CONTINUOUS
100
AcDbLine
 10
3.0452834645669289
 20
0.9412913385826771
 30
0
 11
3.1131968503937006
 21
0.9412913385826771
 31
0
  0
LINE
  5
2A9
330
1A
100
AcDbEntity
  8
BLACK
  6
CONTINUOUS
100
AcDbLine
 10
3.1131968503937006
 20
0.9412913385826771
 30
0
 11
3.1131968503937006
 21
1.1204251968503938
 31
0
  0
LINE
  5
2AA
330
1A
100
AcDbEntity
  8
BLACK
  6
CONTINUOUS
100
AcDbLine
 10
3.1131968503937006
 20
1.1204251968503938
 30
0
 11
3.0452834645669289
 21
1.1204251968503938
 31
0
  0
LINE
  5
2AB
330
1A
100
AcDbEntity
  8
BLACK
  6
CONTINUOUS
100
AcDbLine
 10
3.0452834645669289
 20
1.1204251968503938
 30
0
 11
3.0449068110236222
 21
1.1205001181102361
 31
0
  0
LINE
  5
2AC
330
1A
100
AcDbEntity
  8
BLACK
  6
CONTINUOUS
100
AcDbLine
 10
3.0449068110236222
 20
1.1205001181102361
 30
0
 11
3.0443741338582675
 21
1.1210327952755905
 31
0
  0
LINE
  5
2AD
330
1A
100
AcDbEntity
  8
BLACK
  6
CONTINUOUS
100
AcDbLine
 10
3.0443741338582675
 20
1.1210327952755905
 30
0
 11
3.0442992125984252
 21
1.1214094488188977
 31
0
  0
LINE
  5
2AE
330
1A
100
AcDbEntity
  8
BLACK
  6
CONTINUOUS
100
AcDbLine
 10
3.0442992125984252
 20
1.1214094488188977
 30
0
 11
3.0442992125984252
 21
1.1873543307086614
 31
0
  0
LINE
  5
2AF
330
1A
100
AcDbEntity
  8
BLACK
  6
CONTINUOUS
100
AcDbLine
 10
3.0442992125984252
 20
1.1873543307086614
 30
0
 11
2.9192992125984252
 21
1.1873543307086614
 31
0
  0
LINE
  5
2B0
330
1A
100
AcDbEntity
  8
BLACK
  6
CONTINUOUS
100
AcDbLine
 10
2.9192992125984252
 20
1.1873543307086614
 30
0
 11
2.918922559055118
 21
1.1874292519685039
 31
0
  0
LINE
  5
2B1
330
1A
100
AcDbEntity
  8
BLACK
  6
CONTINUOUS
100
AcDbLine
 10
2.918922559055118
 20
1.1874292519685039
 30
0
 11
2.9183898818897638
 21
1.1879619291338583
 31
0
  0
LINE
  5
2B2
330
1A
100
AcDbEntity
  8
BLACK
  6
CONTINUOUS
100
AcDbLine
 10
2.9183898818897638
 20
1.1879619291338583
 30
0
 11
2.918314960629921
 21
1.1883385826771653
 31
0
  0
LINE
  5
2B3
330
1A
100
AcDbEntity
  8
BLACK
  6
CONTINUOUS
100
AcDbLine
 10
2.918314960629921
 20
1.1883385826771653
 30
0
 11
2.918314960629921
 21
1.3645196850393702
 31
0
  0
LINE
  5
2B4
330
1A
100
AcDbEntity
  8
BLACK
  6
CONTINUOUS
100
AcDbLine
 10
2.918314960629921
 20
1.3645196850393702
 30
0
 11
2.7224488188976377
 21
1.3645196850393702
 31
0
  0
LINE
  5
2B5
330
1A
100
AcDbEntity
  8
BLACK
  6
CONTINUOUS
100
AcDbLine
 10
2.7224488188976377
 20
1.3645196850393702
 30
0
 11
2.7224336614173228
 21
1.364522716535433
 31
0
  0
LINE
  5
2B6
330
1A
100
AcDbEntity
  8
BLACK
  6
CONTINUOUS
100
AcDbLine
 10
2.7224336614173228
 20
1.364522716535433
 30
0
 11
2.7224246456692911
 21
1.36452
 31
0
  0
LINE
  5
2B7
330
1A
100
AcDbEntity
  8
BLACK
  6
CONTINUOUS
100
AcDbLine
 10
2.7224246456692911
 20
1.36452
 30
0
 11
2.7223953149606297
 21
1.3645303543307086
 31
0
  0
LINE
  5
2B8
330
1A
100
AcDbEntity
  8
BLACK
  6
CONTINUOUS
100
AcDbLine
 10
2.7223953149606297
 20
1.3645303543307086
 30
0
 11
2.7220721653543305
 21
1.3645946062992125
 31
0
  0
LINE
  5
2B9
330
1A
100
AcDbEntity
  8
BLACK
  6
CONTINUOUS
100
AcDbLine
 10
2.7220721653543305
 20
1.3645946062992125
 30
0
 11
2.7219956692913385
 21
1.3646711023622047
 31
0
  0
LINE
  5
2BA
330
1A
100
AcDbEntity
  8
BLACK
  6
CONTINUOUS
100
AcDbLine
 10
2.7219956692913385
 20
1.3646711023622047
 30
0
 11
2.7218509055118107
 21
1.3647220866141732
 31
0
  0
LINE
  5
2BB
330
1A
100
AcDbEntity
  8
BLACK
  6
CONTINUOUS
100
AcDbLine
 10
2.7218509055118107
 20
1.3647220866141732
 30
0
 11
2.7119403543307086
 21
1.3723001574803149
 31
0
  0
LINE
  5
2BC
330
1A
100
AcDbEntity
  8
BLACK
  6
CONTINUOUS
100
AcDbLine
 10
2.7119403543307086
 20
1.3723001574803149
 30
0
 11
2.6912557086614171
 21
1.3862546456692912
 31
0
  0
LINE
  5
2BD
330
1A
100
AcDbEntity
  8
BLACK
  6
CONTINUOUS
100
AcDbLine
 10
2.6912557086614171
 20
1.3862546456692912
 30
0
 11
2.6697797637795273
 21
1.398957716535433
 31
0
  0
LINE
  5
2BE
330
1A
100
AcDbEntity
  8
BLACK
  6
CONTINUOUS
100
AcDbLine
 10
2.6697797637795273
 20
1.398957716535433
 30
0
 11
2.6475881889763779
 21
1.4103645669291338
 31
0
  0
LINE
  5
2BF
330
1A
100
AcDbEntity
  8
BLACK
  6
CONTINUOUS
100
AcDbLine
 10
2.6475881889763779
 20
1.4103645669291338
 30
0
 11
2.6247590551181101
 21
1.4204349999999999
 31
0
  0
LINE
  5
2C0
330
1A
100
AcDbEntity
  8
BLACK
  6
CONTINUOUS
100
AcDbLine
 10
2.6247590551181101
 20
1.4204349999999999
 30
0
 11
2.6013727952755903
 21
1.4291336220472441
 31
0
  0
LINE
  5
2C1
330
1A
100
AcDbEntity
  8
BLACK
  6
CONTINUOUS
100
AcDbLine
 10
2.6013727952755903
 20
1.4291336220472441
 30
0
 11
2.5775117716535432
 21
1.4364298031496063
 31
0
  0
LINE
  5
2C2
330
1A
100
AcDbEntity
  8
BLACK
  6
CONTINUOUS
100
AcDbLine
 10
2.5775117716535432
 20
1.4364298031496063
 30
0
 11
2.5532599606299211
 21
1.4422977952755904
 31
0
  0
LINE
  5
2C3
330
1A
100
AcDbEntity
  8
BLACK
  6
CONTINUOUS
100
AcDbLine
 10
2.5532599606299211
 20
1.4422977952755904
 30
0
 11
2.528702834645669
 21
1.4467169685039369
 31
0
  0
LINE
  5
2C4
330
1A
100
AcDbEntity
  8
BLACK
  6
CONTINUOUS
100
AcDbLine
 10
2.528702834645669
 20
1.4467169685039369
 30
0
 11
2.5039267716535432
 21
1.4496717716535432
 31
0
  0
LINE
  5
2C5
330
1A
100
AcDbEntity
  8
BLACK
  6
CONTINUOUS
100
AcDbLine
 10
2.5039267716535432
 20
1.4496717716535432
 30
0
 11
2.4790190944881889
 21
1.4511517716535434
 31
0
  0
LINE
  5
2C6
330
1A
100
AcDbEntity
  8
BLACK
  6
CONTINUOUS
100
AcDbLine
 10
2.4790190944881889
 20
1.4511517716535434
 30
0
 11
2.4540674803149605
 21
1.4511517716535434
 31
0
  0
LINE
  5
2C7
330
1A
100
AcDbEntity
  8
BLACK
  6
CONTINUOUS
100
AcDbLine
 10
2.4540674803149605
 20
1.4511517716535434
 30
0
 11
2.4291598031496062
 21
1.4496717716535432
 31
0
  0
LINE
  5
2C8
330
1A
100
AcDbEntity
  8
BLACK
  6
CONTINUOUS
100
AcDbLine
 10
3.2213307874015746
 20
0.7815824409448818
 30
0
 11
3.2218898031496064
 21
0.7810234251968504
 31
0
  0
LINE
  5
2C9
330
1A
100
AcDbEntity
  8
BLACK
  6
CONTINUOUS
100
AcDbLine
 10
3.2218898031496064
 20
0.7810234251968504
 30
0
 11
3.2224488188976377
 21
0.7815824409448818
 31
0
  0
LINE
  5
2CA
330
1A
100
AcDbEntity
  8
BLACK
  6
CONTINUOUS
100
AcDbLine
 10
3.2224488188976377
 20
0.7815824409448818
 30
0
 11
3.223202125984252
 21
0.7817322834645669
 31
0
  0
LINE
  5
2CB
330
1A
100
AcDbEntity
  8
BLACK
  6
CONTINUOUS
100
AcDbLine
 10
3.223202125984252
 20
0.7817322834645669
 30
0
 11
3.2980052755905511
 21
0.7817322834645669
 31
0
  0
LINE
  5
2CC
330
1A
100
AcDbEntity
  8
BLACK
  6
CONTINUOUS
100
AcDbLine
 10
3.2980052755905511
 20
0.7817322834645669
 30
0
 11
3.2987585826771655
 21
0.7815824409448818
 31
0
  0
LINE
  5
2CD
330
1A
100
AcDbEntity
  8
BLACK
  6
CONTINUOUS
100
AcDbLine
 10
3.2987585826771655
 20
0.7815824409448818
 30
0
 11
3.2993175984251968
 21
0.7810234251968504
 31
0
  0
LINE
  5
2CE
330
1A
100
AcDbEntity
  8
BLACK
  6
CONTINUOUS
100
AcDbLine
 10
3.2993175984251968
 20
0.7810234251968504
 30
0
 11
3.2998766141732281
 21
0.7815824409448818
 31
0
  0
LINE
  5
2CF
330
1A
100
AcDbEntity
  8
BLACK
  6
CONTINUOUS
100
AcDbLine
 10
3.2998766141732281
 20
0.7815824409448818
 30
0
 11
3.3006299212598424
 21
0.7817322834645669
 31
0
  0
LINE
  5
2D0
330
1A
100
AcDbEntity
  8
BLACK
  6
CONTINUOUS
100
AcDbLine
 10
3.3006299212598424
 20
0.7817322834645669
 30
0
 11
3.3754330708661415
 21
0.7817322834645669
 31
0
  0
LINE
  5
2D1
330
1A
100
AcDbEntity
  8
BLACK
  6
CONTINUOUS
100
AcDbLine
 10
3.3754330708661415
 20
0.7817322834645669
 30
0
 11
3.3761863779527559
 21
0.7815824409448818
 31
0
  0
LINE
  5
2D2
330
1A
100
AcDbEntity
  8
BLACK
  6
CONTINUOUS
100
AcDbLine
 10
3.3761863779527559
 20
0.7815824409448818
 30
0
 11
3.3767453937007872
 21
0.7810234251968504
 31
0
  0
LINE
  5
2D3
330
1A
100
AcDbEntity
  8
BLACK
  6
CONTINUOUS
100
AcDbLine
 10
3.3767453937007872
 20
0.7810234251968504
 30
0
 11
3.3773044094488189
 21
0.7815824409448818
 31
0
  0
LINE
  5
2D4
330
1A
100
AcDbEntity
  8
BLACK
  6
CONTINUOUS
100
AcDbLine
 10
3.3773044094488189
 20
0.7815824409448818
 30
0
 11
3.3780577165354329
 21
0.7817322834645669
 31
0
  0
LINE
  5
2D5
330
1A
100
AcDbEntity
  8
BLACK
  6
CONTINUOUS
100
AcDbLine
 10
3.3780577165354329
 20
0.7817322834645669
 30
0
 11
3.4528608661417324
 21
0.7817322834645669
 31
0
  0
LINE
  5
2D6
330
1A
100
AcDbEntity
  8
BLACK
  6
CONTINUOUS
100
AcDbLine
 10
3.4528608661417324
 20
0.7817322834645669
 30
0
 11
3.4536141732283463
 21
0.7815824409448818
 31
0
  0
LINE
  5
2D7
330
1A
100
AcDbEntity
  8
BLACK
  6
CONTINUOUS
100
AcDbLine
 10
3.4536141732283463
 20
0.7815824409448818
 30
0
 11
3.454173188976378
 21
0.7810234251968504
 31
0
  0
LINE
  5
2D8
330
1A
100
AcDbEntity
  8
BLACK
  6
CONTINUOUS
100
AcDbLine
 10
3.454173188976378
 20
0.7810234251968504
 30
0
 11
3.4547322047244093
 21
0.7815824409448818
 31
0
  0
LINE
  5
2D9
330
1A
100
AcDbEntity
  8
BLACK
  6
CONTINUOUS
100
AcDbLine
 10
3.4547322047244093
 20
0.7815824409448818
 30
0
 11
3.4554855118110237
 21
0.7817322834645669
 31
0
  0
LINE
  5
2DA
330
1A
100
AcDbEntity
  8
BLACK
  6
CONTINUOUS
100
AcDbLine
 10
3.4554855118110237
 20
0.7817322834645669
 30
0
 11
3.5302886614173228
 21
0.7817322834645669
 31
0
  0
LINE
  5
2DB
330
1A
100
AcDbEntity
  8
BLACK
  6
CONTINUOUS
100
AcDbLine
 10
3.5302886614173228
 20
0.7817322834645669
 30
0
 11
3.5310419685039371
 21
0.7815824409448818
 31
0
  0
LINE
  5
2DC
330
1A
100
AcDbEntity
  8
BLACK
  6
CONTINUOUS
100
AcDbLine
 10
3.5310419685039371
 20
0.7815824409448818
 30
0
 11
3.5316009842519684
 21
0.7810234251968504
 31
0
  0
LINE
  5
2DD
330
1A
100
AcDbEntity
  8
BLACK
  6
CONTINUOUS
100
AcDbLine
 10
3.5316009842519684
 20
0.7810234251968504
 30
0
 11
3.5321599999999997
 21
0.7815824409448818
 31
0
  0
LINE
  5
2DE
330
1A
100
AcDbEntity
  8
BLACK
  6
CONTINUOUS
100
AcDbLine
 10
3.5321599999999997
 20
0.7815824409448818
 30
0
 11
3.5329133070866141
 21
0.7817322834645669
 31
0
  0
LINE
  5
2DF
330
1A
100
AcDbEntity
  8
BLACK
  6
CONTINUOUS
100
AcDbLine
 10
3.5329133070866141
 20
0.7817322834645669
 30
0
 11
3.6077164566929132
 21
0.7817322834645669
 31
0
  0
LINE
  5
2E0
330
1A
100
AcDbEntity
  8
BLACK
  6
CONTINUOUS
100
AcDbLine
 10
3.6077164566929132
 20
0.7817322834645669
 30
0
 11
3.6084697637795276
 21
0.7815824409448818
 31
0
  0
LINE
  5
2E1
330
1A
100
AcDbEntity
  8
BLACK
  6
CONTINUOUS
100
AcDbLine
 10
3.6084697637795276
 20
0.7815824409448818
 30
0
 11
3.609535118110236
 21
0.7805170866141732
 31
0
  0
LINE
  5
2E2
330
1A
100
AcDbEntity
  8
BLACK
  6
CONTINUOUS
100
AcDbLine
 10
3.609535118110236
 20
0.7805170866141732
 30
0
 11
3.6096849606299211
 21
0.779763779527559
 31
0
  0
LINE
  5
2E3
330
1A
100
AcDbEntity
  8
BLACK
  6
CONTINUOUS
100
AcDbLine
 10
3.6096849606299211
 20
0.779763779527559
 30
0
 11
3.6096849606299211
 21
0.6474803149606299
 31
0
  0
LINE
  5
2E4
330
1A
100
AcDbEntity
  8
BLACK
  6
CONTINUOUS
100
AcDbLine
 10
3.6096849606299211
 20
0.6474803149606299
 30
0
 11
3.609535118110236
 21
0.6467270078740157
 31
0
  0
LINE
  5
2E5
330
1A
100
AcDbEntity
  8
BLACK
  6
CONTINUOUS
100
AcDbLine
 10
3.609535118110236
 20
0.6467270078740157
 30
0
 11
3.6084697637795276
 21
0.6456616535433071
 31
0
  0
LINE
  5
2E6
330
1A
100
AcDbEntity
  8
BLACK
  6
CONTINUOUS
100
AcDbLine
 10
3.6084697637795276
 20
0.6456616535433071
 30
0
 11
3.6077164566929132
 21
0.645511811023622
 31
0
  0
LINE
  5
2E7
330
1A
100
AcDbEntity
  8
BLACK
  6
CONTINUOUS
100
AcDbLine
 10
3.6077164566929132
 20
0.645511811023622
 30
0
 11
3.5329133070866141
 21
0.645511811023622
 31
0
  0
LINE
  5
2E8
330
1A
100
AcDbEntity
  8
BLACK
  6
CONTINUOUS
100
AcDbLine
 10
3.5329133070866141
 20
0.645511811023622
 30
0
 11
3.5321599999999997
 21
0.6456616535433071
 31
0
  0
LINE
  5
2E9
330
1A
100
AcDbEntity
  8
BLACK
  6
CONTINUOUS
100
AcDbLine
 10
3.5321599999999997
 20
0.6456616535433071
 30
0
 11
3.5316009842519684
 21
0.6462206692913386
 31
0
  0
LINE
  5
2EA
330
1A
100
AcDbEntity
  8
BLACK
  6
CONTINUOUS
100
AcDbLine
 10
3.5316009842519684
 20
0.6462206692913386
 30
0
 11
3.5310419685039371
 21
0.6456616535433071
 31
0
  0
LINE
  5
2EB
330
1A
100
AcDbEntity
  8
BLACK
  6
CONTINUOUS
100
AcDbLine
 10
3.5310419685039371
 20
0.6456616535433071
 30
0
 11
3.5302886614173228
 21
0.645511811023622
 31
0
  0
LINE
  5
2EC
330
1A
100
AcDbEntity
  8
BLACK
  6
CONTINUOUS
100
AcDbLine
 10
3.5302886614173228
 20
0.645511811023622
 30
0
 11
3.4554855118110237
 21
0.645511811023622
 31
0
  0
LINE
  5
2ED
330
1A
100
AcDbEntity
  8
BLACK
  6
CONTINUOUS
100
AcDbLine
 10
3.4554855118110237
 20
0.645511811023622
 30
0
 11
3.4547322047244093
 21
0.6456616535433071
 31
0
  0
LINE
  5
2EE
330
1A
100
AcDbEntity
  8
BLACK
  6
CONTINUOUS
100
AcDbLine
 10
3.4547322047244093
 20
0.6456616535433071
 30
0
 11
3.454173188976378
 21
0.6462206692913386
 31
0
  0
LINE
  5
2EF
330
1A
100
AcDbEntity
  8
BLACK
  6
CONTINUOUS
100
AcDbLine
 10
3.454173188976378
 20
0.6462206692913386
 30
0
 11
3.4536141732283463
 21
0.6456616535433071
 31
0
  0
LINE
  5
2F0
330
1A
100
AcDbEntity
  8
BLACK
  6
CONTINUOUS
100
AcDbLine
 10
3.4536141732283463
 20
0.6456616535433071
 30
0
 11
3.4528608661417324
 21
0.645511811023622
 31
0
  0
LINE
  5
2F1
330
1A
100
AcDbEntity
  8
BLACK
  6
CONTINUOUS
100
AcDbLine
 10
3.4528608661417324
 20
0.645511811023622
 30
0
 11
3.3780577165354329
 21
0.645511811023622
 31
0
  0
LINE
  5
2F2
330
1A
100
AcDbEntity
  8
BLACK
  6
CONTINUOUS
100
AcDbLine
 10
3.3780577165354329
 20
0.645511811023622
 30
0
 11
3.3773044094488189
 21
0.6456616535433071
 31
0
  0
LINE
  5
2F3
330
1A
100
AcDbEntity
  8
BLACK
  6
CONTINUOUS
100
AcDbLine
 10
3.3773044094488189
 20
0.6456616535433071
 30
0
 11
3.3767453937007872
 21
0.6462206692913386
 31
0
  0
LINE
  5
2F4
330
1A
100
AcDbEntity
  8
BLACK
  6
CONTINUOUS
100
AcDbLine
 10
3.3767453937007872
 20
0.6462206692913386
 30
0
 11
3.3761863779527559
 21
0.6456616535433071
 31
0
  0
LINE
  5
2F5
330
1A
100
AcDbEntity
  8
BLACK
  6
CONTINUOUS
100
AcDbLine
 10
3.3761863779527559
 20
0.6456616535433071
 30
0
 11
3.3754330708661415
 21
0.645511811023622
 31
0
  0
LINE
  5
2F6
330
1A
100
AcDbEntity
  8
BLACK
  6
CONTINUOUS
100
AcDbLine
 10
3.3754330708661415
 20
0.645511811023622
 30
0
 11
3.3006299212598424
 21
0.645511811023622
 31
0
  0
LINE
  5
2F7
330
1A
100
AcDbEntity
  8
BLACK
  6
CONTINUOUS
100
AcDbLine
 10
3.3006299212598424
 20
0.645511811023622
 30
0
 11
3.2998766141732281
 21
0.6456616535433071
 31
0
  0
LINE
  5
2F8
330
1A
100
AcDbEntity
  8
BLACK
  6
CONTINUOUS
100
AcDbLine
 10
3.2998766141732281
 20
0.6456616535433071
 30
0
 11
3.2993175984251968
 21
0.6462206692913386
 31
0
  0
LINE
  5
2F9
330
1A
100
AcDbEntity
  8
BLACK
  6
CONTINUOUS
100
AcDbLine
 10
3.2993175984251968
 20
0.6462206692913386
 30
0
 11
3.2987585826771655
 21
0.6456616535433071
 31
0
  0
LINE
  5
2FA
330
1A
100
AcDbEntity
  8
BLACK
  6
CONTINUOUS
100
AcDbLine
 10
3.2987585826771655
 20
0.6456616535433071
 30
0
 11
3.2980052755905511
 21
0.645511811023622
 31
0
  0
LINE
  5
2FB
330
1A
100
AcDbEntity
  8
BLACK
  6
CONTINUOUS
100
AcDbLine
 10
3.2980052755905511
 20
0.645511811023622
 30
0
 11
3.223202125984252
 21
0.645511811023622
 31
0
  0
LINE
  5
2FC
330
1A
100
AcDbEntity
  8
BLACK
  6
CONTINUOUS
100
AcDbLine
 10
3.223202125984252
 20
0.645511811023622
 30
0
 11
3.2224488188976377
 21
0.6456616535433071
 31
0
  0
LINE
  5
2FD
330
1A
100
AcDbEntity
  8
BLACK
  6
CONTINUOUS
100
AcDbLine
 10
3.2224488188976377
 20
0.6456616535433071
 30
0
 11
3.2218898031496064
 21
0.6462206692913386
 31
0
  0
LINE
  5
2FE
330
1A
100
AcDbEntity
  8
BLACK
  6
CONTINUOUS
100
AcDbLine
 10
3.2218898031496064
 20
0.6462206692913386
 30
0
 11
3.2213307874015746
 21
0.6456616535433071
 31
0
  0
LINE
  5
2FF
330
1A
100
AcDbEntity
  8
BLACK
  6
CONTINUOUS
100
AcDbLine
 10
3.2213307874015746
 20
0.6456616535433071
 30
0
 11
3.2205774803149607
 21
0.645511811023622
 31
0
  0
LINE
  5
300
330
1A
100
AcDbEntity
  8
BLACK
  6
CONTINUOUS
100
AcDbLine
 10
3.2205774803149607
 20
0.645511811023622
 30
0
 11
3.1457743307086612
 21
0.645511811023622
 31
0
  0
LINE
  5
301
330
1A
100
AcDbEntity
  8
BLACK
  6
CONTINUOUS
100
AcDbLine
 10
3.1457743307086612
 20
0.645511811023622
 30
0
 11
3.1450210236220473
 21
0.6456616535433071
 31
0
  0
LINE
  5
302
330
1A
100
AcDbEntity
  8
BLACK
  6
CONTINUOUS
100
AcDbLine
 10
3.1450210236220473
 20
0.6456616535433071
 30
0
 11
3.1439556692913384
 21
0.6467270078740157
 31
0
  0
LINE
  5
303
330
1A
100
AcDbEntity
  8
BLACK
  6
CONTINUOUS
100
AcDbLine
 10
3.1439556692913384
 20
0.6467270078740157
 30
0
 11
3.1438058267716533
 21
0.6474803149606299
 31
0
  0
LINE
  5
304
330
1A
100
AcDbEntity
  8
BLACK
  6
CONTINUOUS
100
AcDbLine
 10
3.1438058267716533
 20
0.6474803149606299
 30
0
 11
3.1438058267716533
 21
0.779763779527559
 31
0
  0
LINE
  5
305
330
1A
100
AcDbEntity
  8
BLACK
  6
CONTINUOUS
100
AcDbLine
 10
3.1438058267716533
 20
0.779763779527559
 30
0
 11
3.1439556692913384
 21
0.7805170866141732
 31
0
  0
LINE
  5
306
330
1A
100
AcDbEntity
  8
BLACK
  6
CONTINUOUS
100
AcDbLine
 10
3.1439556692913384
 20
0.7805170866141732
 30
0
 11
3.1450210236220473
 21
0.7815824409448818
 31
0
  0
LINE
  5
307
330
1A
100
AcDbEntity
  8
BLACK
  6
CONTINUOUS
100
AcDbLine
 10
3.1450210236220473
 20
0.7815824409448818
 30
0
 11
3.1457743307086612
 21
0.7817322834645669
 31
0
  0
LINE
  5
308
330
1A
100
AcDbEntity
  8
BLACK
  6
CONTINUOUS
100
AcDbLine
 10
3.1457743307086612
 20
0.7817322834645669
 30
0
 11
3.2205774803149607
 21
0.7817322834645669
 31
0
  0
LINE
  5
309
330
1A
100
AcDbEntity
  8
BLACK
  6
CONTINUOUS
100
AcDbLine
 10
3.2205774803149607
 20
0.7817322834645669
 30
0
 11
3.2213307874015746
 21
0.7815824409448818
 31
0
  0
LINE
  5
30A
330
1A
100
AcDbEntity
  8
BLACK
  6
CONTINUOUS
100
AcDbLine
 10
3.534881811023622
 20
0.7777952755905512
 30
0
 11
3.534881811023622
 21
0.6494488188976377
 31
0
  0
LINE
  5
30B
330
1A
100
AcDbEntity
  8
BLACK
  6
CONTINUOUS
100
AcDbLine
 10
3.534881811023622
 20
0.6494488188976377
 30
0
 11
3.6057479527559053
 21
0.6494488188976377
 31
0
  0
LINE
  5
30C
330
1A
100
AcDbEntity
  8
BLACK
  6
CONTINUOUS
100
AcDbLine
 10
3.6057479527559053
 20
0.6494488188976377
 30
0
 11
3.6057479527559053
 21
0.7777952755905512
 31
0
  0
LINE
  5
30D
330
1A
100
AcDbEntity
  8
BLACK
  6
CONTINUOUS
100
AcDbLine
 10
3.6057479527559053
 20
0.7777952755905512
 30
0
 11
3.534881811023622
 21
0.7777952755905512
 31
0
  0
LINE
  5
30E
330
1A
100
AcDbEntity
  8
BLACK
  6
CONTINUOUS
100
AcDbLine
 10
3.4574540157480316
 20
0.7777952755905512
 30
0
 11
3.4574540157480316
 21
0.6494488188976377
 31
0
  0
LINE
  5
30F
330
1A
100
AcDbEntity
  8
BLACK
  6
CONTINUOUS
100
AcDbLine
 10
3.4574540157480316
 20
0.6494488188976377
 30
0
 11
3.5283201574803149
 21
0.6494488188976377
 31
0
  0
LINE
  5
310
330
1A
100
AcDbEntity
  8
BLACK
  6
CONTINUOUS
100
AcDbLine
 10
3.5283201574803149
 20
0.6494488188976377
 30
0
 11
3.5283201574803149
 21
0.7777952755905512
 31
0
  0
LINE
  5
311
330
1A
100
AcDbEntity
  8
BLACK
  6
CONTINUOUS
100
AcDbLine
 10
3.5283201574803149
 20
0.7777952755905512
 30
0
 11
3.4574540157480316
 21
0.7777952755905512
 31
0
  0
LINE
  5
312
330
1A
100
AcDbEntity
  8
BLACK
  6
CONTINUOUS
100
AcDbLine
 10
3.3800262204724407
 20
0.7777952755905512
 30
0
 11
3.3800262204724407
 21
0.6494488188976377
 31
0
  0
LINE
  5
313
330
1A
100
AcDbEntity
  8
BLACK
  6
CONTINUOUS
100
AcDbLine
 10
3.3800262204724407
 20
0.6494488188976377
 30
0
 11
3.4508923622047245
 21
0.6494488188976377
 31
0
  0
LINE
  5
314
330
1A
100
AcDbEntity
  8
BLACK
  6
CONTINUOUS
100
AcDbLine
 10
3.4508923622047245
 20
0.6494488188976377
 30
0
 11
3.4508923622047245
 21
0.7777952755905512
 31
0
  0
LINE
  5
315
330
1A
100
AcDbEntity
  8
BLACK
  6
CONTINUOUS
100
AcDbLine
 10
3.4508923622047245
 20
0.7777952755905512
 30
0
 11
3.3800262204724407
 21
0.7777952755905512
 31
0
  0
LINE
  5
316
330
1A
100
AcDbEntity
  8
BLACK
  6
CONTINUOUS
100
AcDbLine
 10
3.3025984251968503
 20
0.7777952755905512
 30
0
 11
3.3025984251968503
 21
0.6494488188976377
 31
0
  0
LINE
  5
317
330
1A
100
AcDbEntity
  8
BLACK
  6
CONTINUOUS
100
AcDbLine
 10
3.3025984251968503
 20
0.6494488188976377
 30
0
 11
3.3734645669291337
 21
0.6494488188976377
 31
0
  0
LINE
  5
318
330
1A
100
AcDbEntity
  8
BLACK
  6
CONTINUOUS
100
AcDbLine
 10
3.3734645669291337
 20
0.6494488188976377
 30
0
 11
3.3734645669291337
 21
0.7777952755905512
 31
0
  0
LINE
  5
319
330
1A
100
AcDbEntity
  8
BLACK
  6
CONTINUOUS
100
AcDbLine
 10
3.3734645669291337
 20
0.7777952755905512
 30
0
 11
3.3025984251968503
 21
0.7777952755905512
 31
0
  0
LINE
  5
31A
330
1A
100
AcDbEntity
  8
BLACK
  6
CONTINUOUS
100
AcDbLine
 10
3.2251706299212599
 20
0.7777952755905512
 30
0
 11
3.2251706299212599
 21
0.6494488188976377
 31
0
  0
LINE
  5
31B
330
1A
100
AcDbEntity
  8
BLACK
  6
CONTINUOUS
100
AcDbLine
 10
3.2251706299212599
 20
0.6494488188976377
 30
0
 11
3.2960367716535433
 21
0.6494488188976377
 31
0
  0
LINE
  5
31C
330
1A
100
AcDbEntity
  8
BLACK
  6
CONTINUOUS
100
AcDbLine
 10
3.2960367716535433
 20
0.6494488188976377
 30
0
 11
3.2960367716535433
 21
0.7777952755905512
 31
0
  0
LINE
  5
31D
330
1A
100
AcDbEntity
  8
BLACK
  6
CONTINUOUS
100
AcDbLine
 10
3.2960367716535433
 20
0.7777952755905512
 30
0
 11
3.2251706299212599
 21
0.7777952755905512
 31
0
  0
LINE
  5
31E
330
1A
100
AcDbEntity
  8
BLACK
  6
CONTINUOUS
100
AcDbLine
 10
3.1477428346456691
 20
0.7777952755905512
 30
0
 11
3.1477428346456691
 21
0.6494488188976377
 31
0
  0
LINE
  5
31F
330
1A
100
AcDbEntity
  8
BLACK
  6
CONTINUOUS
100
AcDbLine
 10
3.1477428346456691
 20
0.6494488188976377
 30
0
 11
3.2186089763779528
 21
0.6494488188976377
 31
0
  0
LINE
  5
320
330
1A
100
AcDbEntity
  8
BLACK
  6
CONTINUOUS
100
AcDbLine
 10
3.2186089763779528
 20
0.6494488188976377
 30
0
 11
3.2186089763779528
 21
0.7777952755905512
 31
0
  0
LINE
  5
321
330
1A
100
AcDbEntity
  8
BLACK
  6
CONTINUOUS
100
AcDbLine
 10
3.2186089763779528
 20
0.7777952755905512
 30
0
 11
3.1477428346456691
 21
0.7777952755905512
 31
0
  0
LINE
  5
322
330
1A
100
AcDbEntity
  8
BLACK
  6
CONTINUOUS
100
AcDbLine
 10
1.9670616929133857
 20
0.8501691732283464
 30
0
 11
1.9675943700787402
 21
0.8496364960629921
 31
0
  0
LINE
  5
323
330
1A
100
AcDbEntity
  8
BLACK
  6
CONTINUOUS
100
AcDbLine
 10
1.9675943700787402
 20
0.8496364960629921
 30
0
 11
1.9676692913385827
 21
0.849259842519685
 31
0
  0
LINE
  5
324
330
1A
100
AcDbEntity
  8
BLACK
  6
CONTINUOUS
100
AcDbLine
 10
1.9676692913385827
 20
0.849259842519685
 30
0
 11
1.9676692913385827
 21
0.7744566929133858
 31
0
  0
LINE
  5
325
330
1A
100
AcDbEntity
  8
BLACK
  6
CONTINUOUS
100
AcDbLine
 10
1.9676692913385827
 20
0.7744566929133858
 30
0
 11
1.9675943700787402
 21
0.7740800393700787
 31
0
  0
LINE
  5
326
330
1A
100
AcDbEntity
  8
BLACK
  6
CONTINUOUS
100
AcDbLine
 10
1.9675943700787402
 20
0.7740800393700787
 30
0
 11
1.9670616929133857
 21
0.7735473622047244
 31
0
  0
LINE
  5
327
330
1A
100
AcDbEntity
  8
BLACK
  6
CONTINUOUS
100
AcDbLine
 10
1.9670616929133857
 20
0.7735473622047244
 30
0
 11
1.9666850393700788
 21
0.7734724409448819
 31
0
  0
LINE
  5
328
330
1A
100
AcDbEntity
  8
BLACK
  6
CONTINUOUS
100
AcDbLine
 10
1.9666850393700788
 20
0.7734724409448819
 30
0
 11
1.8344015748031495
 21
0.7734724409448819
 31
0
  0
LINE
  5
329
330
1A
100
AcDbEntity
  8
BLACK
  6
CONTINUOUS
100
AcDbLine
 10
1.8344015748031495
 20
0.7734724409448819
 30
0
 11
1.8340249212598425
 21
0.7735473622047244
 31
0
  0
LINE
  5
32A
330
1A
100
AcDbEntity
  8
BLACK
  6
CONTINUOUS
100
AcDbLine
 10
1.8340249212598425
 20
0.7735473622047244
 30
0
 11
1.8334922440944881
 21
0.7740800393700787
 31
0
  0
LINE
  5
32B
330
1A
100
AcDbEntity
  8
BLACK
  6
CONTINUOUS
100
AcDbLine
 10
1.8334922440944881
 20
0.7740800393700787
 30
0
 11
1.8334173228346455
 21
0.7744566929133858
 31
0
  0
LINE
  5
32C
330
1A
100
AcDbEntity
  8
BLACK
  6
CONTINUOUS
100
AcDbLine
 10
1.8334173228346455
 20
0.7744566929133858
 30
0
 11
1.8334173228346455
 21
0.849259842519685
 31
0
  0
LINE
  5
32D
330
1A
100
AcDbEntity
  8
BLACK
  6
CONTINUOUS
100
AcDbLine
 10
1.8334173228346455
 20
0.849259842519685
 30
0
 11
1.8334922440944881
 21
0.8496364960629921
 31
0
  0
LINE
  5
32E
330
1A
100
AcDbEntity
  8
BLACK
  6
CONTINUOUS
100
AcDbLine
 10
1.8334922440944881
 20
0.8496364960629921
 30
0
 11
1.8340249212598425
 21
0.8501691732283464
 31
0
  0
LINE
  5
32F
330
1A
100
AcDbEntity
  8
BLACK
  6
CONTINUOUS
100
AcDbLine
 10
1.8340249212598425
 20
0.8501691732283464
 30
0
 11
1.8344015748031495
 21
0.8502440944881889
 31
0
  0
LINE
  5
330
330
1A
100
AcDbEntity
  8
BLACK
  6
CONTINUOUS
100
AcDbLine
 10
1.8344015748031495
 20
0.8502440944881889
 30
0
 11
1.9666850393700788
 21
0.8502440944881889
 31
0
  0
LINE
  5
331
330
1A
100
AcDbEntity
  8
BLACK
  6
CONTINUOUS
100
AcDbLine
 10
1.9666850393700788
 20
0.8502440944881889
 30
0
 11
1.9670616929133857
 21
0.8501691732283464
 31
0
  0
LINE
  5
332
330
1A
100
AcDbEntity
  8
BLACK
  6
CONTINUOUS
100
AcDbLine
 10
1.8353858267716534
 20
0.8482755905511811
 30
0
 11
1.8353858267716534
 21
0.7754409448818897
 31
0
  0
LINE
  5
333
330
1A
100
AcDbEntity
  8
BLACK
  6
CONTINUOUS
100
AcDbLine
 10
1.8353858267716534
 20
0.7754409448818897
 30
0
 11
1.9657007874015748
 21
0.7754409448818897
 31
0
  0
LINE
  5
334
330
1A
100
AcDbEntity
  8
BLACK
  6
CONTINUOUS
100
AcDbLine
 10
1.9657007874015748
 20
0.7754409448818897
 30
0
 11
1.9657007874015748
 21
0.8482755905511811
 31
0
  0
LINE
  5
335
330
1A
100
AcDbEntity
  8
BLACK
  6
CONTINUOUS
100
AcDbLine
 10
1.9657007874015748
 20
0.8482755905511811
 30
0
 11
1.8353858267716534
 21
0.8482755905511811
 31
0
  0
LINE
  5
336
330
1A
100
AcDbEntity
  8
BLACK
  6
CONTINUOUS
100
AcDbLine
 10
3.2797296062992127
 20
0.9496926771653543
 30
0
 11
3.280288622047244
 21
0.9491336614173228
 31
0
  0
LINE
  5
337
330
1A
100
AcDbEntity
  8
BLACK
  6
CONTINUOUS
100
AcDbLine
 10
3.280288622047244
 20
0.9491336614173228
 30
0
 11
3.2808476377952753
 21
0.9496926771653543
 31
0
  0
LINE
  5
338
330
1A
100
AcDbEntity
  8
BLACK
  6
CONTINUOUS
100
AcDbLine
 10
3.2808476377952753
 20
0.9496926771653543
 30
0
 11
3.2816009448818897
 21
0.9498425196850393
 31
0
  0
LINE
  5
339
330
1A
100
AcDbEntity
  8
BLACK
  6
CONTINUOUS
100
AcDbLine
 10
3.2816009448818897
 20
0.9498425196850393
 30
0
 11
3.4154592125984253
 21
0.9498425196850393
 31
0
  0
LINE
  5
33A
330
1A
100
AcDbEntity
  8
BLACK
  6
CONTINUOUS
100
AcDbLine
 10
3.4154592125984253
 20
0.9498425196850393
 30
0
 11
3.4162125196850393
 21
0.9496926771653543
 31
0
  0
LINE
  5
33B
330
1A
100
AcDbEntity
  8
BLACK
  6
CONTINUOUS
100
AcDbLine
 10
3.4162125196850393
 20
0.9496926771653543
 30
0
 11
3.416771535433071
 21
0.9491336614173228
 31
0
  0
LINE
  5
33C
330
1A
100
AcDbEntity
  8
BLACK
  6
CONTINUOUS
100
AcDbLine
 10
3.416771535433071
 20
0.9491336614173228
 30
0
 11
3.4173305511811023
 21
0.9496926771653543
 31
0
  0
LINE
  5
33D
330
1A
100
AcDbEntity
  8
BLACK
  6
CONTINUOUS
100
AcDbLine
 10
3.4173305511811023
 20
0.9496926771653543
 30
0
 11
3.4180838582677167
 21
0.9498425196850393
 31
0
  0
LINE
  5
33E
330
1A
100
AcDbEntity
  8
BLACK
  6
CONTINUOUS
100
AcDbLine
 10
3.4180838582677167
 20
0.9498425196850393
 30
0
 11
3.5519421259842519
 21
0.9498425196850393
 31
0
  0
LINE
  5
33F
330
1A
100
AcDbEntity
  8
BLACK
  6
CONTINUOUS
100
AcDbLine
 10
3.5519421259842519
 20
0.9498425196850393
 30
0
 11
3.5526954330708662
 21
0.9496926771653543
 31
0
  0
LINE
  5
340
330
1A
100
AcDbEntity
  8
BLACK
  6
CONTINUOUS
100
AcDbLine
 10
3.5526954330708662
 20
0.9496926771653543
 30
0
 11
3.5537607874015746
 21
0.9486273228346457
 31
0
  0
LINE
  5
341
330
1A
100
AcDbEntity
  8
BLACK
  6
CONTINUOUS
100
AcDbLine
 10
3.5537607874015746
 20
0.9486273228346457
 30
0
 11
3.5539106299212597
 21
0.9478740157480314
 31
0
  0
LINE
  5
342
330
1A
100
AcDbEntity
  8
BLACK
  6
CONTINUOUS
100
AcDbLine
 10
3.5539106299212597
 20
0.9478740157480314
 30
0
 11
3.5539106299212597
 21
0.7864566929133858
 31
0
  0
LINE
  5
343
330
1A
100
AcDbEntity
  8
BLACK
  6
CONTINUOUS
100
AcDbLine
 10
3.5539106299212597
 20
0.7864566929133858
 30
0
 11
3.5537607874015746
 21
0.7857033858267717
 31
0
  0
LINE
  5
344
330
1A
100
AcDbEntity
  8
BLACK
  6
CONTINUOUS
100
AcDbLine
 10
3.5537607874015746
 20
0.7857033858267717
 30
0
 11
3.5526954330708662
 21
0.7846380314960629
 31
0
  0
LINE
  5
345
330
1A
100
AcDbEntity
  8
BLACK
  6
CONTINUOUS
100
AcDbLine
 10
3.5526954330708662
 20
0.7846380314960629
 30
0
 11
3.5519421259842519
 21
0.784488188976378
 31
0
  0
LINE
  5
346
330
1A
100
AcDbEntity
  8
BLACK
  6
CONTINUOUS
100
AcDbLine
 10
3.5519421259842519
 20
0.784488188976378
 30
0
 11
3.4180838582677167
 21
0.784488188976378
 31
0
  0
LINE
  5
347
330
1A
100
AcDbEntity
  8
BLACK
  6
CONTINUOUS
100
AcDbLine
 10
3.4180838582677167
 20
0.784488188976378
 30
0
 11
3.4173305511811023
 21
0.7846380314960629
 31
0
  0
LINE
  5
348
330
1A
100
AcDbEntity
  8
BLACK
  6
CONTINUOUS
100
AcDbLine
 10
3.4173305511811023
 20
0.7846380314960629
 30
0
 11
3.416771535433071
 21
0.7851970472440944
 31
0
  0
LINE
  5
349
330
1A
100
AcDbEntity
  8
BLACK
  6
CONTINUOUS
100
AcDbLine
 10
3.416771535433071
 20
0.7851970472440944
 30
0
 11
3.4162125196850393
 21
0.7846380314960629
 31
0
  0
LINE
  5
34A
330
1A
100
AcDbEntity
  8
BLACK
  6
CONTINUOUS
100
AcDbLine
 10
3.4162125196850393
 20
0.7846380314960629
 30
0
 11
3.4154592125984253
 21
0.784488188976378
 31
0
  0
LINE
  5
34B
330
1A
100
AcDbEntity
  8
BLACK
  6
CONTINUOUS
100
AcDbLine
 10
3.4154592125984253
 20
0.784488188976378
 30
0
 11
3.2816009448818897
 21
0.784488188976378
 31
0
  0
LINE
  5
34C
330
1A
100
AcDbEntity
  8
BLACK
  6
CONTINUOUS
100
AcDbLine
 10
3.2816009448818897
 20
0.784488188976378
 30
0
 11
3.2808476377952753
 21
0.7846380314960629
 31
0
  0
LINE
  5
34D
330
1A
100
AcDbEntity
  8
BLACK
  6
CONTINUOUS
100
AcDbLine
 10
3.2808476377952753
 20
0.7846380314960629
 30
0
 11
3.280288622047244
 21
0.7851970472440944
 31
0
  0
LINE
  5
34E
330
1A
100
AcDbEntity
  8
BLACK
  6
CONTINUOUS
100
AcDbLine
 10
3.280288622047244
 20
0.7851970472440944
 30
0
 11
3.2797296062992127
 21
0.7846380314960629
 31
0
  0
LINE
  5
34F
330
1A
100
AcDbEntity
  8
BLACK
  6
CONTINUOUS
100
AcDbLine
 10
3.2797296062992127
 20
0.7846380314960629
 30
0
 11
3.2789762992125984
 21
0.784488188976378
 31
0
  0
LINE
  5
350
330
1A
100
AcDbEntity
  8
BLACK
  6
CONTINUOUS
100
AcDbLine
 10
3.2789762992125984
 20
0.784488188976378
 30
0
 11
3.1451180314960627
 21
0.784488188976378
 31
0
  0
LINE
  5
351
330
1A
100
AcDbEntity
  8
BLACK
  6
CONTINUOUS
100
AcDbLine
 10
3.1451180314960627
 20
0.784488188976378
 30
0
 11
3.1443647244094488
 21
0.7846380314960629
 31
0
  0
LINE
  5
352
330
1A
100
AcDbEntity
  8
BLACK
  6
CONTINUOUS
100
AcDbLine
 10
3.1443647244094488
 20
0.7846380314960629
 30
0
 11
3.1432993700787399
 21
0.7857033858267717
 31
0
  0
LINE
  5
353
330
1A
100
AcDbEntity
  8
BLACK
  6
CONTINUOUS
100
AcDbLine
 10
3.1432993700787399
 20
0.7857033858267717
 30
0
 11
3.1431495275590549
 21
0.7864566929133858
 31
0
  0
LINE
  5
354
330
1A
100
AcDbEntity
  8
BLACK
  6
CONTINUOUS
100
AcDbLine
 10
3.1431495275590549
 20
0.7864566929133858
 30
0
 11
3.1431495275590549
 21
0.9478740157480314
 31
0
  0
LINE
  5
355
330
1A
100
AcDbEntity
  8
BLACK
  6
CONTINUOUS
100
AcDbLine
 10
3.1431495275590549
 20
0.9478740157480314
 30
0
 11
3.1432993700787399
 21
0.9486273228346457
 31
0
  0
LINE
  5
356
330
1A
100
AcDbEntity
  8
BLACK
  6
CONTINUOUS
100
AcDbLine
 10
3.1432993700787399
 20
0.9486273228346457
 30
0
 11
3.1443647244094488
 21
0.9496926771653543
 31
0
  0
LINE
  5
357
330
1A
100
AcDbEntity
  8
BLACK
  6
CONTINUOUS
100
AcDbLine
 10
3.1443647244094488
 20
0.9496926771653543
 30
0
 11
3.1451180314960627
 21
0.9498425196850393
 31
0
  0
LINE
  5
358
330
1A
100
AcDbEntity
  8
BLACK
  6
CONTINUOUS
100
AcDbLine
 10
3.1451180314960627
 20
0.9498425196850393
 30
0
 11
3.2789762992125984
 21
0.9498425196850393
 31
0
  0
LINE
  5
359
330
1A
100
AcDbEntity
  8
BLACK
  6
CONTINUOUS
100
AcDbLine
 10
3.2789762992125984
 20
0.9498425196850393
 30
0
 11
3.2797296062992127
 21
0.9496926771653543
 31
0
  0
LINE
  5
35A
330
1A
100
AcDbEntity
  8
BLACK
  6
CONTINUOUS
100
AcDbLine
 10
3.4200523622047245
 20
0.9459055118110236
 30
0
 11
3.4200523622047245
 21
0.7884251968503937
 31
0
  0
LINE
  5
35B
330
1A
100
AcDbEntity
  8
BLACK
  6
CONTINUOUS
100
AcDbLine
 10
3.4200523622047245
 20
0.7884251968503937
 30
0
 11
3.549973622047244
 21
0.7884251968503937
 31
0
  0
LINE
  5
35C
330
1A
100
AcDbEntity
  8
BLACK
  6
CONTINUOUS
100
AcDbLine
 10
3.549973622047244
 20
0.7884251968503937
 30
0
 11
3.549973622047244
 21
0.9459055118110236
 31
0
  0
LINE
  5
35D
330
1A
100
AcDbEntity
  8
BLACK
  6
CONTINUOUS
100
AcDbLine
 10
3.549973622047244
 20
0.9459055118110236
 30
0
 11
3.4200523622047245
 21
0.9459055118110236
 31
0
  0
LINE
  5
35E
330
1A
100
AcDbEntity
  8
BLACK
  6
CONTINUOUS
100
AcDbLine
 10
3.2835694488188976
 20
0.9459055118110236
 30
0
 11
3.2835694488188976
 21
0.7884251968503937
 31
0
  0
LINE
  5
35F
330
1A
100
AcDbEntity
  8
BLACK
  6
CONTINUOUS
100
AcDbLine
 10
3.2835694488188976
 20
0.7884251968503937
 30
0
 11
3.4134907086614175
 21
0.7884251968503937
 31
0
  0
LINE
  5
360
330
1A
100
AcDbEntity
  8
BLACK
  6
CONTINUOUS
100
AcDbLine
 10
3.4134907086614175
 20
0.7884251968503937
 30
0
 11
3.4134907086614175
 21
0.9459055118110236
 31
0
  0
LINE
  5
361
330
1A
100
AcDbEntity
  8
BLACK
  6
CONTINUOUS
100
AcDbLine
 10
3.4134907086614175
 20
0.9459055118110236
 30
0
 11
3.2835694488188976
 21
0.9459055118110236
 31
0
  0
LINE
  5
362
330
1A
100
AcDbEntity
  8
BLACK
  6
CONTINUOUS
100
AcDbLine
 10
3.1470865354330706
 20
0.9459055118110236
 30
0
 11
3.1470865354330706
 21
0.7884251968503937
 31
0
  0
LINE
  5
363
330
1A
100
AcDbEntity
  8
BLACK
  6
CONTINUOUS
100
AcDbLine
 10
3.1470865354330706
 20
0.7884251968503937
 30
0
 11
3.2770077952755905
 21
0.7884251968503937
 31
0
  0
LINE
  5
364
330
1A
100
AcDbEntity
  8
BLACK
  6
CONTINUOUS
100
AcDbLine
 10
3.2770077952755905
 20
0.7884251968503937
 30
0
 11
3.2770077952755905
 21
0.9459055118110236
 31
0
  0
LINE
  5
365
330
1A
100
AcDbEntity
  8
BLACK
  6
CONTINUOUS
100
AcDbLine
 10
3.2770077952755905
 20
0.9459055118110236
 30
0
 11
3.1470865354330706
 21
0.9459055118110236
 31
0
  0
LINE
  5
366
330
1A
100
AcDbEntity
  8
BLACK
  6
CONTINUOUS
100
AcDbLine
 10
1.7736981889763779
 20
0.9878186614173228
 30
0
 11
1.7747635433070865
 21
0.9867533070866141
 31
0
  0
LINE
  5
367
330
1A
100
AcDbEntity
  8
BLACK
  6
CONTINUOUS
100
AcDbLine
 10
1.7747635433070865
 20
0.9867533070866141
 30
0
 11
1.7749133858267716
 21
0.986
 31
0
  0
LINE
  5
368
330
1A
100
AcDbEntity
  8
BLACK
  6
CONTINUOUS
100
AcDbLine
 10
1.7749133858267716
 20
0.986
 30
0
 11
1.7749133858267716
 21
0.8537165354330708
 31
0
  0
LINE
  5
369
330
1A
100
AcDbEntity
  8
BLACK
  6
CONTINUOUS
100
AcDbLine
 10
1.7749133858267716
 20
0.8537165354330708
 30
0
 11
1.7747635433070865
 21
0.8529632283464567
 31
0
  0
LINE
  5
36A
330
1A
100
AcDbEntity
  8
BLACK
  6
CONTINUOUS
100
AcDbLine
 10
1.7747635433070865
 20
0.8529632283464567
 30
0
 11
1.7736981889763779
 21
0.851897874015748
 31
0
  0
LINE
  5
36B
330
1A
100
AcDbEntity
  8
BLACK
  6
CONTINUOUS
100
AcDbLine
 10
1.7736981889763779
 20
0.851897874015748
 30
0
 11
1.7729448818897637
 21
0.8517480314960629
 31
0
  0
LINE
  5
36C
330
1A
100
AcDbEntity
  8
BLACK
  6
CONTINUOUS
100
AcDbLine
 10
1.7729448818897637
 20
0.8517480314960629
 30
0
 11
1.698267716535433
 21
0.8517480314960629
 31
0
  0
LINE
  5
36D
330
1A
100
AcDbEntity
  8
BLACK
  6
CONTINUOUS
100
AcDbLine
 10
1.698267716535433
 20
0.8517480314960629
 30
0
 11
1.698267716535433
 21
0.8081102362204724
 31
0
  0
LINE
  5
36E
330
1A
100
AcDbEntity
  8
BLACK
  6
CONTINUOUS
100
AcDbLine
 10
1.698267716535433
 20
0.8081102362204724
 30
0
 11
1.6981178740157481
 21
0.8073569291338583
 31
0
  0
LINE
  5
36F
330
1A
100
AcDbEntity
  8
BLACK
  6
CONTINUOUS
100
AcDbLine
 10
1.6981178740157481
 20
0.8073569291338583
 30
0
 11
1.6970525196850392
 21
0.8062915748031496
 31
0
  0
LINE
  5
370
330
1A
100
AcDbEntity
  8
BLACK
  6
CONTINUOUS
100
AcDbLine
 10
1.6970525196850392
 20
0.8062915748031496
 30
0
 11
1.6962992125984251
 21
0.8061417322834645
 31
0
  0
LINE
  5
371
330
1A
100
AcDbEntity
  8
BLACK
  6
CONTINUOUS
100
AcDbLine
 10
1.6962992125984251
 20
0.8061417322834645
 30
0
 11
1.5624409448818897
 21
0.8061417322834645
 31
0
  0
LINE
  5
372
330
1A
100
AcDbEntity
  8
BLACK
  6
CONTINUOUS
100
AcDbLine
 10
1.5624409448818897
 20
0.8061417322834645
 30
0
 11
1.5616876377952755
 21
0.8062915748031496
 31
0
  0
LINE
  5
373
330
1A
100
AcDbEntity
  8
BLACK
  6
CONTINUOUS
100
AcDbLine
 10
1.5616876377952755
 20
0.8062915748031496
 30
0
 11
1.5606222834645669
 21
0.8073569291338583
 31
0
  0
LINE
  5
374
330
1A
100
AcDbEntity
  8
BLACK
  6
CONTINUOUS
100
AcDbLine
 10
1.5606222834645669
 20
0.8073569291338583
 30
0
 11
1.5604724409448818
 21
0.8081102362204724
 31
0
  0
LINE
  5
375
330
1A
100
AcDbEntity
  8
BLACK
  6
CONTINUOUS
100
AcDbLine
 10
1.5604724409448818
 20
0.8081102362204724
 30
0
 11
1.5604724409448818
 21
0.8852755905511811
 31
0
  0
LINE
  5
376
330
1A
100
AcDbEntity
  8
BLACK
  6
CONTINUOUS
100
AcDbLine
 10
1.5604724409448818
 20
0.8852755905511811
 30
0
 11
1.5606222834645669
 21
0.8860288976377952
 31
0
  0
LINE
  5
377
330
1A
100
AcDbEntity
  8
BLACK
  6
CONTINUOUS
100
AcDbLine
 10
1.5606222834645669
 20
0.8860288976377952
 30
0
 11
1.5616876377952755
 21
0.8870942519685039
 31
0
  0
LINE
  5
378
330
1A
100
AcDbEntity
  8
BLACK
  6
CONTINUOUS
100
AcDbLine
 10
1.5616876377952755
 20
0.8870942519685039
 30
0
 11
1.5624409448818897
 21
0.887244094488189
 31
0
  0
LINE
  5
379
330
1A
100
AcDbEntity
  8
BLACK
  6
CONTINUOUS
100
AcDbLine
 10
1.5624409448818897
 20
0.887244094488189
 30
0
 11
1.6961732283464566
 21
0.887244094488189
 31
0
  0
LINE
  5
37A
330
1A
100
AcDbEntity
  8
BLACK
  6
CONTINUOUS
100
AcDbLine
 10
1.6961732283464566
 20
0.887244094488189
 30
0
 11
1.6961732283464566
 21
0.986
 31
0
  0
LINE
  5
37B
330
1A
100
AcDbEntity
  8
BLACK
  6
CONTINUOUS
100
AcDbLine
 10
1.6961732283464566
 20
0.986
 30
0
 11
1.6963230708661416
 21
0.9867533070866141
 31
0
  0
LINE
  5
37C
330
1A
100
AcDbEntity
  8
BLACK
  6
CONTINUOUS
100
AcDbLine
 10
1.6963230708661416
 20
0.9867533070866141
 30
0
 11
1.6973884251968503
 21
0.9878186614173228
 31
0
  0
LINE
  5
37D
330
1A
100
AcDbEntity
  8
BLACK
  6
CONTINUOUS
100
AcDbLine
 10
1.6973884251968503
 20
0.9878186614173228
 30
0
 11
1.6981417322834644
 21
0.9879685039370079
 31
0
  0
LINE
  5
37E
330
1A
100
AcDbEntity
  8
BLACK
  6
CONTINUOUS
100
AcDbLine
 10
1.6981417322834644
 20
0.9879685039370079
 30
0
 11
1.7729448818897637
 21
0.9879685039370079
 31
0
  0
LINE
  5
37F
330
1A
100
AcDbEntity
  8
BLACK
  6
CONTINUOUS
100
AcDbLine
 10
1.7729448818897637
 20
0.9879685039370079
 30
0
 11
1.7736981889763779
 21
0.9878186614173228
 31
0
  0
LINE
  5
380
330
1A
100
AcDbEntity
  8
BLACK
  6
CONTINUOUS
100
AcDbLine
 10
1.5644094488188975
 20
0.8833070866141732
 30
0
 11
1.5644094488188975
 21
0.8100787401574803
 31
0
  0
LINE
  5
381
330
1A
100
AcDbEntity
  8
BLACK
  6
CONTINUOUS
100
AcDbLine
 10
1.5644094488188975
 20
0.8100787401574803
 30
0
 11
1.6943307086614172
 21
0.8100787401574803
 31
0
  0
LINE
  5
382
330
1A
100
AcDbEntity
  8
BLACK
  6
CONTINUOUS
100
AcDbLine
 10
1.6943307086614172
 20
0.8100787401574803
 30
0
 11
1.6943307086614172
 21
0.8833070866141732
 31
0
  0
LINE
  5
383
330
1A
100
AcDbEntity
  8
BLACK
  6
CONTINUOUS
100
AcDbLine
 10
1.6943307086614172
 20
0.8833070866141732
 30
0
 11
1.5644094488188975
 21
0.8833070866141732
 31
0
  0
LINE
  5
384
330
1A
100
AcDbEntity
  8
BLACK
  6
CONTINUOUS
100
AcDbLine
 10
1.7001102362204723
 20
0.9840314960629921
 30
0
 11
1.7001102362204723
 21
0.8556850393700787
 31
0
  0
LINE
  5
385
330
1A
100
AcDbEntity
  8
BLACK
  6
CONTINUOUS
100
AcDbLine
 10
1.7001102362204723
 20
0.8556850393700787
 30
0
 11
1.7709763779527559
 21
0.8556850393700787
 31
0
  0
LINE
  5
386
330
1A
100
AcDbEntity
  8
BLACK
  6
CONTINUOUS
100
AcDbLine
 10
1.7709763779527559
 20
0.8556850393700787
 30
0
 11
1.7709763779527559
 21
0.9840314960629921
 31
0
  0
LINE
  5
387
330
1A
100
AcDbEntity
  8
BLACK
  6
CONTINUOUS
100
AcDbLine
 10
1.7709763779527559
 20
0.9840314960629921
 30
0
 11
1.7001102362204723
 21
0.9840314960629921
 31
0
  0
LINE
  5
388
330
1A
100
AcDbEntity
  8
BLACK
  6
CONTINUOUS
100
AcDbLine
 10
1.2895958267716534
 20
1.1153462204724409
 30
0
 11
1.2906611811023623
 21
1.1142808661417323
 31
0
  0
LINE
  5
389
330
1A
100
AcDbEntity
  8
BLACK
  6
CONTINUOUS
100
AcDbLine
 10
1.2906611811023623
 20
1.1142808661417323
 30
0
 11
1.2908110236220471
 21
1.1135275590551181
 31
0
  0
LINE
  5
38A
330
1A
100
AcDbEntity
  8
BLACK
  6
CONTINUOUS
100
AcDbLine
 10
1.2908110236220471
 20
1.1135275590551181
 30
0
 11
1.2908110236220471
 21
0.8221889763779527
 31
0
  0
LINE
  5
38B
330
1A
100
AcDbEntity
  8
BLACK
  6
CONTINUOUS
100
AcDbLine
 10
1.2908110236220471
 20
0.8221889763779527
 30
0
 11
1.2906611811023623
 21
0.8214356692913386
 31
0
  0
LINE
  5
38C
330
1A
100
AcDbEntity
  8
BLACK
  6
CONTINUOUS
100
AcDbLine
 10
1.2906611811023623
 20
0.8214356692913386
 30
0
 11
1.2895958267716534
 21
0.82037031496063
 31
0
  0
LINE
  5
38D
330
1A
100
AcDbEntity
  8
BLACK
  6
CONTINUOUS
100
AcDbLine
 10
1.2895958267716534
 20
0.82037031496063
 30
0
 11
1.2888425196850393
 21
0.8202204724409449
 31
0
  0
LINE
  5
38E
330
1A
100
AcDbEntity
  8
BLACK
  6
CONTINUOUS
100
AcDbLine
 10
1.2888425196850393
 20
0.8202204724409449
 30
0
 11
1.076244094488189
 21
0.8202204724409449
 31
0
  0
LINE
  5
38F
330
1A
100
AcDbEntity
  8
BLACK
  6
CONTINUOUS
100
AcDbLine
 10
1.076244094488189
 20
0.8202204724409449
 30
0
 11
1.0754907874015749
 21
0.82037031496063
 31
0
  0
LINE
  5
390
330
1A
100
AcDbEntity
  8
BLACK
  6
CONTINUOUS
100
AcDbLine
 10
1.0754907874015749
 20
0.82037031496063
 30
0
 11
1.074425433070866
 21
0.8214356692913386
 31
0
  0
LINE
  5
391
330
1A
100
AcDbEntity
  8
BLACK
  6
CONTINUOUS
100
AcDbLine
 10
1.074425433070866
 20
0.8214356692913386
 30
0
 11
1.0742755905511812
 21
0.8221889763779527
 31
0
  0
LINE
  5
392
330
1A
100
AcDbEntity
  8
BLACK
  6
CONTINUOUS
100
AcDbLine
 10
1.0742755905511812
 20
0.8221889763779527
 30
0
 11
1.0742755905511812
 21
1.1135275590551181
 31
0
  0
LINE
  5
393
330
1A
100
AcDbEntity
  8
BLACK
  6
CONTINUOUS
100
AcDbLine
 10
1.0742755905511812
 20
1.1135275590551181
 30
0
 11
1.074425433070866
 21
1.1142808661417323
 31
0
  0
LINE
  5
394
330
1A
100
AcDbEntity
  8
BLACK
  6
CONTINUOUS
100
AcDbLine
 10
1.074425433070866
 20
1.1142808661417323
 30
0
 11
1.0754907874015749
 21
1.1153462204724409
 31
0
  0
LINE
  5
395
330
1A
100
AcDbEntity
  8
BLACK
  6
CONTINUOUS
100
AcDbLine
 10
1.0754907874015749
 20
1.1153462204724409
 30
0
 11
1.076244094488189
 21
1.115496062992126
 31
0
  0
LINE
  5
396
330
1A
100
AcDbEntity
  8
BLACK
  6
CONTINUOUS
100
AcDbLine
 10
1.076244094488189
 20
1.115496062992126
 30
0
 11
1.2888425196850393
 21
1.115496062992126
 31
0
  0
LINE
  5
397
330
1A
100
AcDbEntity
  8
BLACK
  6
CONTINUOUS
100
AcDbLine
 10
1.2888425196850393
 20
1.115496062992126
 30
0
 11
1.2895958267716534
 21
1.1153462204724409
 31
0
  0
LINE
  5
398
330
1A
100
AcDbEntity
  8
BLACK
  6
CONTINUOUS
100
AcDbLine
 10
1.0782125984251969
 20
1.1115590551181103
 30
0
 11
1.0782125984251969
 21
0.8241574803149606
 31
0
  0
LINE
  5
399
330
1A
100
AcDbEntity
  8
BLACK
  6
CONTINUOUS
100
AcDbLine
 10
1.0782125984251969
 20
0.8241574803149606
 30
0
 11
1.2868740157480314
 21
0.8241574803149606
 31
0
  0
LINE
  5
39A
330
1A
100
AcDbEntity
  8
BLACK
  6
CONTINUOUS
100
AcDbLine
 10
1.2868740157480314
 20
0.8241574803149606
 30
0
 11
1.2868740157480314
 21
1.1115590551181103
 31
0
  0
LINE
  5
39B
330
1A
100
AcDbEntity
  8
BLACK
  6
CONTINUOUS
100
AcDbLine
 10
1.2868740157480314
 20
1.1115590551181103
 30
0
 11
1.0782125984251969
 21
1.1115590551181103
 31
0
  0
LINE
  5
39C
330
1A
100
AcDbEntity
  8
BLACK
  6
CONTINUOUS
100
AcDbLine
 10
4.8984912992125986
 20
0.9356252362204724
 30
0
 11
4.9061294488188976
 21
0.9331434251968503
 31
0
  0
LINE
  5
39D
330
1A
100
AcDbEntity
  8
BLACK
  6
CONTINUOUS
100
AcDbLine
 10
4.9061294488188976
 20
0.9331434251968503
 30
0
 11
4.9132853543307089
 21
0.9294973228346457
 31
0
  0
LINE
  5
39E
330
1A
100
AcDbEntity
  8
BLACK
  6
CONTINUOUS
100
AcDbLine
 10
4.9132853543307089
 20
0.9294973228346457
 30
0
 11
4.9197827559055121
 21
0.9247766929133858
 31
0
  0
LINE
  5
39F
330
1A
100
AcDbEntity
  8
BLACK
  6
CONTINUOUS
100
AcDbLine
 10
4.9197827559055121
 20
0.9247766929133858
 30
0
 11
4.9254617322834644
 21
0.919097716535433
 31
0
  0
LINE
  5
3A0
330
1A
100
AcDbEntity
  8
BLACK
  6
CONTINUOUS
100
AcDbLine
 10
4.9254617322834644
 20
0.919097716535433
 30
0
 11
4.9301823622047243
 21
0.9126003149606299
 31
0
  0
LINE
  5
3A1
330
1A
100
AcDbEntity
  8
BLACK
  6
CONTINUOUS
100
AcDbLine
 10
4.9301823622047243
 20
0.9126003149606299
 30
0
 11
4.933828464566929
 21
0.9054444094488189
 31
0
  0
LINE
  5
3A2
330
1A
100
AcDbEntity
  8
BLACK
  6
CONTINUOUS
100
AcDbLine
 10
4.933828464566929
 20
0.9054444094488189
 30
0
 11
4.936310275590551
 21
0.8978062598425197
 31
0
  0
LINE
  5
3A3
330
1A
100
AcDbEntity
  8
BLACK
  6
CONTINUOUS
100
AcDbLine
 10
4.936310275590551
 20
0.8978062598425197
 30
0
 11
4.9375666535433069
 21
0.8898738976377952
 31
0
  0
LINE
  5
3A4
330
1A
100
AcDbEntity
  8
BLACK
  6
CONTINUOUS
100
AcDbLine
 10
4.9375666535433069
 20
0.8898738976377952
 30
0
 11
4.9375666535433069
 21
0.8818426377952756
 31
0
  0
LINE
  5
3A5
330
1A
100
AcDbEntity
  8
BLACK
  6
CONTINUOUS
100
AcDbLine
 10
4.9375666535433069
 20
0.8818426377952756
 30
0
 11
4.936310275590551
 21
0.8739102755905511
 31
0
  0
LINE
  5
3A6
330
1A
100
AcDbEntity
  8
BLACK
  6
CONTINUOUS
100
AcDbLine
 10
4.936310275590551
 20
0.8739102755905511
 30
0
 11
4.933828464566929
 21
0.866272125984252
 31
0
  0
LINE
  5
3A7
330
1A
100
AcDbEntity
  8
BLACK
  6
CONTINUOUS
100
AcDbLine
 10
4.933828464566929
 20
0.866272125984252
 30
0
 11
4.9301823622047243
 21
0.859116220472441
 31
0
  0
LINE
  5
3A8
330
1A
100
AcDbEntity
  8
BLACK
  6
CONTINUOUS
100
AcDbLine
 10
4.9301823622047243
 20
0.859116220472441
 30
0
 11
4.9254617322834644
 21
0.8526188188976378
 31
0
  0
LINE
  5
3A9
330
1A
100
AcDbEntity
  8
BLACK
  6
CONTINUOUS
100
AcDbLine
 10
4.9254617322834644
 20
0.8526188188976378
 30
0
 11
4.9197827559055121
 21
0.846939842519685
 31
0
  0
LINE
  5
3AA
330
1A
100
AcDbEntity
  8
BLACK
  6
CONTINUOUS
100
AcDbLine
 10
4.9197827559055121
 20
0.846939842519685
 30
0
 11
4.9132853543307089
 21
0.8422192125984251
 31
0
  0
LINE
  5
3AB
330
1A
100
AcDbEntity
  8
BLACK
  6
CONTINUOUS
100
AcDbLine
 10
4.9132853543307089
 20
0.8422192125984251
 30
0
 11
4.9061294488188976
 21
0.8385731102362205
 31
0
  0
LINE
  5
3AC
330
1A
100
AcDbEntity
  8
BLACK
  6
CONTINUOUS
100
AcDbLine
 10
4.9061294488188976
 20
0.8385731102362205
 30
0
 11
4.8984912992125986
 21
0.8360912992125984
 31
0
  0
LINE
  5
3AD
330
1A
100
AcDbEntity
  8
BLACK
  6
CONTINUOUS
100
AcDbLine
 10
4.8984912992125986
 20
0.8360912992125984
 30
0
 11
4.8905589370078735
 21
0.8348349212598425
 31
0
  0
LINE
  5
3AE
330
1A
100
AcDbEntity
  8
BLACK
  6
CONTINUOUS
100
AcDbLine
 10
4.8905589370078735
 20
0.8348349212598425
 30
0
 11
4.8825276771653545
 21
0.8348349212598425
 31
0
  0
LINE
  5
3AF
330
1A
100
AcDbEntity
  8
BLACK
  6
CONTINUOUS
100
AcDbLine
 10
4.8825276771653545
 20
0.8348349212598425
 30
0
 11
4.8745953149606294
 21
0.8360912992125984
 31
0
  0
LINE
  5
3B0
330
1A
100
AcDbEntity
  8
BLACK
  6
CONTINUOUS
100
AcDbLine
 10
4.8745953149606294
 20
0.8360912992125984
 30
0
 11
4.8669571653543304
 21
0.8385731102362205
 31
0
  0
LINE
  5
3B1
330
1A
100
AcDbEntity
  8
BLACK
  6
CONTINUOUS
100
AcDbLine
 10
4.8669571653543304
 20
0.8385731102362205
 30
0
 11
4.85980125984252
 21
0.8422192125984251
 31
0
  0
LINE
  5
3B2
330
1A
100
AcDbEntity
  8
BLACK
  6
CONTINUOUS
100
AcDbLine
 10
4.85980125984252
 20
0.8422192125984251
 30
0
 11
4.8533038582677168
 21
0.846939842519685
 31
0
  0
LINE
  5
3B3
330
1A
100
AcDbEntity
  8
BLACK
  6
CONTINUOUS
100
AcDbLine
 10
4.8533038582677168
 20
0.846939842519685
 30
0
 11
4.8476248818897636
 21
0.8526188188976378
 31
0
  0
LINE
  5
3B4
330
1A
100
AcDbEntity
  8
BLACK
  6
CONTINUOUS
100
AcDbLine
 10
4.8476248818897636
 20
0.8526188188976378
 30
0
 11
4.8429042519685037
 21
0.859116220472441
 31
0
  0
LINE
  5
3B5
330
1A
100
AcDbEntity
  8
BLACK
  6
CONTINUOUS
100
AcDbLine
 10
4.8429042519685037
 20
0.859116220472441
 30
0
 11
4.839258149606299
 21
0.866272125984252
 31
0
  0
LINE
  5
3B6
330
1A
100
AcDbEntity
  8
BLACK
  6
CONTINUOUS
100
AcDbLine
 10
4.839258149606299
 20
0.866272125984252
 30
0
 11
4.836776338582677
 21
0.8739102755905511
 31
0
  0
LINE
  5
3B7
330
1A
100
AcDbEntity
  8
BLACK
  6
CONTINUOUS
100
AcDbLine
 10
4.836776338582677
 20
0.8739102755905511
 30
0
 11
4.8355199606299211
 21
0.8818426377952756
 31
0
  0
LINE
  5
3B8
330
1A
100
AcDbEntity
  8
BLACK
  6
CONTINUOUS
100
AcDbLine
 10
4.8355199606299211
 20
0.8818426377952756
 30
0
 11
4.8355199606299211
 21
0.8895764566929134
 31
0
  0
LINE
  5
3B9
330
1A
100
AcDbEntity
  8
BLACK
  6
CONTINUOUS
100
AcDbLine
 10
4.8355199606299211
 20
0.8895764566929134
 30
0
 11
4.8355199606299211
 21
0.8898738976377952
 31
0
  0
LINE
  5
3BA
330
1A
100
AcDbEntity
  8
BLACK
  6
CONTINUOUS
100
AcDbLine
 10
4.8355199606299211
 20
0.8898738976377952
 30
0
 11
4.836776338582677
 21
0.8978062598425197
 31
0
  0
LINE
  5
3BB
330
1A
100
AcDbEntity
  8
BLACK
  6
CONTINUOUS
100
AcDbLine
 10
4.836776338582677
 20
0.8978062598425197
 30
0
 11
4.839258149606299
 21
0.9054444094488189
 31
0
  0
LINE
  5
3BC
330
1A
100
AcDbEntity
  8
BLACK
  6
CONTINUOUS
100
AcDbLine
 10
4.839258149606299
 20
0.9054444094488189
 30
0
 11
4.8429042519685037
 21
0.9126003149606299
 31
0
  0
LINE
  5
3BD
330
1A
100
AcDbEntity
  8
BLACK
  6
CONTINUOUS
100
AcDbLine
 10
4.8429042519685037
 20
0.9126003149606299
 30
0
 11
4.8476248818897636
 21
0.919097716535433
 31
0
  0
LINE
  5
3BE
330
1A
100
AcDbEntity
  8
BLACK
  6
CONTINUOUS
100
AcDbLine
 10
4.8476248818897636
 20
0.919097716535433
 30
0
 11
4.8533038582677168
 21
0.9247766929133858
 31
0
  0
LINE
  5
3BF
330
1A
100
AcDbEntity
  8
BLACK
  6
CONTINUOUS
100
AcDbLine
 10
4.8533038582677168
 20
0.9247766929133858
 30
0
 11
4.85980125984252
 21
0.9294973228346457
 31
0
  0
LINE
  5
3C0
330
1A
100
AcDbEntity
  8
BLACK
  6
CONTINUOUS
100
AcDbLine
 10
4.85980125984252
 20
0.9294973228346457
 30
0
 11
4.8669571653543304
 21
0.9331434251968503
 31
0
  0
LINE
  5
3C1
330
1A
100
AcDbEntity
  8
BLACK
  6
CONTINUOUS
100
AcDbLine
 10
4.8669571653543304
 20
0.9331434251968503
 30
0
 11
4.8745953149606294
 21
0.9356252362204724
 31
0
  0
LINE
  5
3C2
330
1A
100
AcDbEntity
  8
BLACK
  6
CONTINUOUS
100
AcDbLine
 10
4.8745953149606294
 20
0.9356252362204724
 30
0
 11
4.8825276771653545
 21
0.9368816141732283
 31
0
  0
LINE
  5
3C3
330
1A
100
AcDbEntity
  8
BLACK
  6
CONTINUOUS
100
AcDbLine
 10
4.8825276771653545
 20
0.9368816141732283
 30
0
 11
4.8905589370078735
 21
0.9368816141732283
 31
0
  0
LINE
  5
3C4
330
1A
100
AcDbEntity
  8
BLACK
  6
CONTINUOUS
100
AcDbLine
 10
4.8905589370078735
 20
0.9368816141732283
 30
0
 11
4.8984912992125986
 21
0.9356252362204724
 31
0
  0
LINE
  5
3C5
330
1A
100
AcDbEntity
  8
BLACK
  6
CONTINUOUS
100
AcDbLine
 10
4.8392992125984247
 20
0.8821400787401574
 30
0
 11
4.8404625196850395
 21
0.8747952362204724
 31
0
  0
LINE
  5
3C6
330
1A
100
AcDbEntity
  8
BLACK
  6
CONTINUOUS
100
AcDbLine
 10
4.8404625196850395
 20
0.8747952362204724
 30
0
 11
4.8427604724409452
 21
0.8677228346456692
 31
0
  0
LINE
  5
3C7
330
1A
100
AcDbEntity
  8
BLACK
  6
CONTINUOUS
100
AcDbLine
 10
4.8427604724409452
 20
0.8677228346456692
 30
0
 11
4.8461365354330708
 21
0.861096968503937
 31
0
  0
LINE
  5
3C8
330
1A
100
AcDbEntity
  8
BLACK
  6
CONTINUOUS
100
AcDbLine
 10
4.8461365354330708
 20
0.861096968503937
 30
0
 11
4.8505075196850393
 21
0.8550807874015748
 31
0
  0
LINE
  5
3C9
330
1A
100
AcDbEntity
  8
BLACK
  6
CONTINUOUS
100
AcDbLine
 10
4.8505075196850393
 20
0.8550807874015748
 30
0
 11
4.8557658267716537
 21
0.8498224803149607
 31
0
  0
LINE
  5
3CA
330
1A
100
AcDbEntity
  8
BLACK
  6
CONTINUOUS
100
AcDbLine
 10
4.8557658267716537
 20
0.8498224803149607
 30
0
 11
4.8617820078740159
 21
0.8454514960629921
 31
0
  0
LINE
  5
3CB
330
1A
100
AcDbEntity
  8
BLACK
  6
CONTINUOUS
100
AcDbLine
 10
4.8617820078740159
 20
0.8454514960629921
 30
0
 11
4.8684078740157481
 21
0.8420754330708661
 31
0
  0
LINE
  5
3CC
330
1A
100
AcDbEntity
  8
BLACK
  6
CONTINUOUS
100
AcDbLine
 10
4.8684078740157481
 20
0.8420754330708661
 30
0
 11
4.8754802755905509
 21
0.8397774803149606
 31
0
  0
LINE
  5
3CD
330
1A
100
AcDbEntity
  8
BLACK
  6
CONTINUOUS
100
AcDbLine
 10
4.8754802755905509
 20
0.8397774803149606
 30
0
 11
4.8828251181102358
 21
0.8386141732283464
 31
0
  0
LINE
  5
3CE
330
1A
100
AcDbEntity
  8
BLACK
  6
CONTINUOUS
100
AcDbLine
 10
4.8828251181102358
 20
0.8386141732283464
 30
0
 11
4.8902614960629922
 21
0.8386141732283464
 31
0
  0
LINE
  5
3CF
330
1A
100
AcDbEntity
  8
BLACK
  6
CONTINUOUS
100
AcDbLine
 10
4.8902614960629922
 20
0.8386141732283464
 30
0
 11
4.8976063385826771
 21
0.8397774803149606
 31
0
  0
LINE
  5
3D0
330
1A
100
AcDbEntity
  8
BLACK
  6
CONTINUOUS
100
AcDbLine
 10
4.8976063385826771
 20
0.8397774803149606
 30
0
 11
4.9046787401574798
 21
0.8420754330708661
 31
0
  0
LINE
  5
3D1
330
1A
100
AcDbEntity
  8
BLACK
  6
CONTINUOUS
100
AcDbLine
 10
4.9046787401574798
 20
0.8420754330708661
 30
0
 11
4.9113046062992121
 21
0.8454514960629921
 31
0
  0
LINE
  5
3D2
330
1A
100
AcDbEntity
  8
BLACK
  6
CONTINUOUS
100
AcDbLine
 10
4.9113046062992121
 20
0.8454514960629921
 30
0
 11
4.9173207874015743
 21
0.8498224803149607
 31
0
  0
LINE
  5
3D3
330
1A
100
AcDbEntity
  8
BLACK
  6
CONTINUOUS
100
AcDbLine
 10
4.9173207874015743
 20
0.8498224803149607
 30
0
 11
4.9225790944881886
 21
0.8550807874015748
 31
0
  0
LINE
  5
3D4
330
1A
100
AcDbEntity
  8
BLACK
  6
CONTINUOUS
100
AcDbLine
 10
4.9225790944881886
 20
0.8550807874015748
 30
0
 11
4.9269500787401572
 21
0.861096968503937
 31
0
  0
LINE
  5
3D5
330
1A
100
AcDbEntity
  8
BLACK
  6
CONTINUOUS
100
AcDbLine
 10
4.9269500787401572
 20
0.861096968503937
 30
0
 11
4.9303261417322837
 21
0.8677228346456692
 31
0
  0
LINE
  5
3D6
330
1A
100
AcDbEntity
  8
BLACK
  6
CONTINUOUS
100
AcDbLine
 10
4.9303261417322837
 20
0.8677228346456692
 30
0
 11
4.9326240944881885
 21
0.8747952362204724
 31
0
  0
LINE
  5
3D7
330
1A
100
AcDbEntity
  8
BLACK
  6
CONTINUOUS
100
AcDbLine
 10
4.9326240944881885
 20
0.8747952362204724
 30
0
 11
4.9337874015748033
 21
0.8821400787401574
 31
0
  0
LINE
  5
3D8
330
1A
100
AcDbEntity
  8
BLACK
  6
CONTINUOUS
100
AcDbLine
 10
4.9337874015748033
 20
0.8821400787401574
 30
0
 11
4.9337874015748033
 21
0.8895764566929134
 31
0
  0
LINE
  5
3D9
330
1A
100
AcDbEntity
  8
BLACK
  6
CONTINUOUS
100
AcDbLine
 10
4.9337874015748033
 20
0.8895764566929134
 30
0
 11
4.9326240944881885
 21
0.8969212992125984
 31
0
  0
LINE
  5
3DA
330
1A
100
AcDbEntity
  8
BLACK
  6
CONTINUOUS
100
AcDbLine
 10
4.9326240944881885
 20
0.8969212992125984
 30
0
 11
4.9303261417322837
 21
0.9039937007874016
 31
0
  0
LINE
  5
3DB
330
1A
100
AcDbEntity
  8
BLACK
  6
CONTINUOUS
100
AcDbLine
 10
4.9303261417322837
 20
0.9039937007874016
 30
0
 11
4.9269500787401572
 21
0.9106195669291338
 31
0
  0
LINE
  5
3DC
330
1A
100
AcDbEntity
  8
BLACK
  6
CONTINUOUS
100
AcDbLine
 10
4.9269500787401572
 20
0.9106195669291338
 30
0
 11
4.9225790944881886
 21
0.9166357480314961
 31
0
  0
LINE
  5
3DD
330
1A
100
AcDbEntity
  8
BLACK
  6
CONTINUOUS
100
AcDbLine
 10
4.9225790944881886
 20
0.9166357480314961
 30
0
 11
4.9173207874015743
 21
0.9218940551181102
 31
0
  0
LINE
  5
3DE
330
1A
100
AcDbEntity
  8
BLACK
  6
CONTINUOUS
100
AcDbLine
 10
4.9173207874015743
 20
0.9218940551181102
 30
0
 11
4.9113046062992121
 21
0.9262650393700788
 31
0
  0
LINE
  5
3DF
330
1A
100
AcDbEntity
  8
BLACK
  6
CONTINUOUS
100
AcDbLine
 10
4.9113046062992121
 20
0.9262650393700788
 30
0
 11
4.9046787401574798
 21
0.9296411023622047
 31
0
  0
LINE
  5
3E0
330
1A
100
AcDbEntity
  8
BLACK
  6
CONTINUOUS
100
AcDbLine
 10
4.9046787401574798
 20
0.9296411023622047
 30
0
 11
4.8976063385826771
 21
0.9319390551181103
 31
0
  0
LINE
  5
3E1
330
1A
100
AcDbEntity
  8
BLACK
  6
CONTINUOUS
100
AcDbLine
 10
4.8976063385826771
 20
0.9319390551181103
 30
0
 11
4.8902614960629922
 21
0.9331023622047244
 31
0
  0
LINE
  5
3E2
330
1A
100
AcDbEntity
  8
BLACK
  6
CONTINUOUS
100
AcDbLine
 10
4.8902614960629922
 20
0.9331023622047244
 30
0
 11
4.8828251181102358
 21
0.9331023622047244
 31
0
  0
LINE
  5
3E3
330
1A
100
AcDbEntity
  8
BLACK
  6
CONTINUOUS
100
AcDbLine
 10
4.8828251181102358
 20
0.9331023622047244
 30
0
 11
4.8754802755905509
 21
0.9319390551181103
 31
0
  0
LINE
  5
3E4
330
1A
100
AcDbEntity
  8
BLACK
  6
CONTINUOUS
100
AcDbLine
 10
4.8754802755905509
 20
0.9319390551181103
 30
0
 11
4.8684078740157481
 21
0.9296411023622047
 31
0
  0
LINE
  5
3E5
330
1A
100
AcDbEntity
  8
BLACK
  6
CONTINUOUS
100
AcDbLine
 10
4.8684078740157481
 20
0.9296411023622047
 30
0
 11
4.8617820078740159
 21
0.9262650393700788
 31
0
  0
LINE
  5
3E6
330
1A
100
AcDbEntity
  8
BLACK
  6
CONTINUOUS
100
AcDbLine
 10
4.8617820078740159
 20
0.9262650393700788
 30
0
 11
4.8557658267716537
 21
0.9218940551181102
 31
0
  0
LINE
  5
3E7
330
1A
100
AcDbEntity
  8
BLACK
  6
CONTINUOUS
100
AcDbLine
 10
4.8557658267716537
 20
0.9218940551181102
 30
0
 11
4.8505075196850393
 21
0.9166357480314961
 31
0
  0
LINE
  5
3E8
330
1A
100
AcDbEntity
  8
BLACK
  6
CONTINUOUS
100
AcDbLine
 10
4.8505075196850393
 20
0.9166357480314961
 30
0
 11
4.8461365354330708
 21
0.9106195669291338
 31
0
  0
LINE
  5
3E9
330
1A
100
AcDbEntity
  8
BLACK
  6
CONTINUOUS
100
AcDbLine
 10
4.8461365354330708
 20
0.9106195669291338
 30
0
 11
4.8427604724409452
 21
0.9039937007874016
 31
0
  0
LINE
  5
3EA
330
1A
100
AcDbEntity
  8
BLACK
  6
CONTINUOUS
100
AcDbLine
 10
4.8427604724409452
 20
0.9039937007874016
 30
0
 11
4.8404625196850395
 21
0.8969212992125984
 31
0
  0
LINE
  5
3EB
330
1A
100
AcDbEntity
  8
BLACK
  6
CONTINUOUS
100
AcDbLine
 10
4.8404625196850395
 20
0.8969212992125984
 30
0
 11
4.8392992125984247
 21
0.8895764566929134
 31
0
  0
LINE
  5
3EC
330
1A
100
AcDbEntity
  8
BLACK
  6
CONTINUOUS
100
AcDbLine
 10
4.8392992125984247
 20
0.8895764566929134
 30
0
 11
4.8392992125984247
 21
0.8821400787401574
 31
0
  0
LINE
  5
3ED
330
1A
100
AcDbEntity
  8
BLACK
  6
CONTINUOUS
100
AcDbLine
 10
1.4364225984251968
 20
1.0886690551181102
 30
0
 11
1.4374879527559055
 21
1.0876037007874015
 31
0
  0
LINE
  5
3EE
330
1A
100
AcDbEntity
  8
BLACK
  6
CONTINUOUS
100
AcDbLine
 10
1.4374879527559055
 20
1.0876037007874015
 30
0
 11
1.4376377952755905
 21
1.0868503937007874
 31
0
  0
LINE
  5
3EF
330
1A
100
AcDbEntity
  8
BLACK
  6
CONTINUOUS
100
AcDbLine
 10
1.4376377952755905
 20
1.0868503937007874
 30
0
 11
1.4376377952755905
 21
1.0335168503937007
 31
0
  0
LINE
  5
3F0
330
1A
100
AcDbEntity
  8
BLACK
  6
CONTINUOUS
100
AcDbLine
 10
1.4376377952755905
 20
1.0335168503937007
 30
0
 11
1.4376718897637795
 21
1.0335509448818898
 31
0
  0
LINE
  5
3F1
330
1A
100
AcDbEntity
  8
BLACK
  6
CONTINUOUS
100
AcDbLine
 10
1.4376718897637795
 20
1.0335509448818898
 30
0
 11
1.4384251968503936
 21
1.0337007874015747
 31
0
  0
LINE
  5
3F2
330
1A
100
AcDbEntity
  8
BLACK
  6
CONTINUOUS
100
AcDbLine
 10
1.4384251968503936
 20
1.0337007874015747
 30
0
 11
1.6707086614173228
 21
1.0337007874015747
 31
0
  0
LINE
  5
3F3
330
1A
100
AcDbEntity
  8
BLACK
  6
CONTINUOUS
100
AcDbLine
 10
1.6707086614173228
 20
1.0337007874015747
 30
0
 11
1.6714619685039369
 21
1.0335509448818898
 31
0
  0
LINE
  5
3F4
330
1A
100
AcDbEntity
  8
BLACK
  6
CONTINUOUS
100
AcDbLine
 10
1.6714619685039369
 20
1.0335509448818898
 30
0
 11
1.6725273228346456
 21
1.0324855905511812
 31
0
  0
LINE
  5
3F5
330
1A
100
AcDbEntity
  8
BLACK
  6
CONTINUOUS
100
AcDbLine
 10
1.6725273228346456
 20
1.0324855905511812
 30
0
 11
1.6726771653543306
 21
1.0317322834645668
 31
0
  0
LINE
  5
3F6
330
1A
100
AcDbEntity
  8
BLACK
  6
CONTINUOUS
100
AcDbLine
 10
1.6726771653543306
 20
1.0317322834645668
 30
0
 11
1.6726771653543306
 21
0.89
 31
0
  0
LINE
  5
3F7
330
1A
100
AcDbEntity
  8
BLACK
  6
CONTINUOUS
100
AcDbLine
 10
1.6726771653543306
 20
0.89
 30
0
 11
1.6725273228346456
 21
0.8892466929133858
 31
0
  0
LINE
  5
3F8
330
1A
100
AcDbEntity
  8
BLACK
  6
CONTINUOUS
100
AcDbLine
 10
1.6725273228346456
 20
0.8892466929133858
 30
0
 11
1.6714619685039369
 21
0.8881813385826771
 31
0
  0
LINE
  5
3F9
330
1A
100
AcDbEntity
  8
BLACK
  6
CONTINUOUS
100
AcDbLine
 10
1.6714619685039369
 20
0.8881813385826771
 30
0
 11
1.6707086614173228
 21
0.8880314960629921
 31
0
  0
LINE
  5
3FA
330
1A
100
AcDbEntity
  8
BLACK
  6
CONTINUOUS
100
AcDbLine
 10
1.6707086614173228
 20
0.8880314960629921
 30
0
 11
1.4384251968503936
 21
0.8880314960629921
 31
0
  0
LINE
  5
3FB
330
1A
100
AcDbEntity
  8
BLACK
  6
CONTINUOUS
100
AcDbLine
 10
1.4384251968503936
 20
0.8880314960629921
 30
0
 11
1.4376718897637795
 21
0.8881813385826771
 31
0
  0
LINE
  5
3FC
330
1A
100
AcDbEntity
  8
BLACK
  6
CONTINUOUS
100
AcDbLine
 10
1.4376718897637795
 20
0.8881813385826771
 30
0
 11
1.4366065354330708
 21
0.8892466929133858
 31
0
  0
LINE
  5
3FD
330
1A
100
AcDbEntity
  8
BLACK
  6
CONTINUOUS
100
AcDbLine
 10
1.4366065354330708
 20
0.8892466929133858
 30
0
 11
1.4364566929133857
 21
0.89
 31
0
  0
LINE
  5
3FE
330
1A
100
AcDbEntity
  8
BLACK
  6
CONTINUOUS
100
AcDbLine
 10
1.4364566929133857
 20
0.89
 30
0
 11
1.4364566929133857
 21
0.9512075590551181
 31
0
  0
LINE
  5
3FF
330
1A
100
AcDbEntity
  8
BLACK
  6
CONTINUOUS
100
AcDbLine
 10
1.4364566929133857
 20
0.9512075590551181
 30
0
 11
1.4364225984251968
 21
0.9511734645669291
 31
0
  0
LINE
  5
400
330
1A
100
AcDbEntity
  8
BLACK
  6
CONTINUOUS
100
AcDbLine
 10
1.4364225984251968
 20
0.9511734645669291
 30
0
 11
1.4356692913385827
 21
0.9510236220472441
 31
0
  0
LINE
  5
401
330
1A
100
AcDbEntity
  8
BLACK
  6
CONTINUOUS
100
AcDbLine
 10
1.4356692913385827
 20
0.9510236220472441
 30
0
 11
1.358503937007874
 21
0.9510236220472441
 31
0
  0
LINE
  5
402
330
1A
100
AcDbEntity
  8
BLACK
  6
CONTINUOUS
100
AcDbLine
 10
1.358503937007874
 20
0.9510236220472441
 30
0
 11
1.3577506299212598
 21
0.9511734645669291
 31
0
  0
LINE
  5
403
330
1A
100
AcDbEntity
  8
BLACK
  6
CONTINUOUS
100
AcDbLine
 10
1.3577506299212598
 20
0.9511734645669291
 30
0
 11
1.3566852755905512
 21
0.9522388188976377
 31
0
  0
LINE
  5
404
330
1A
100
AcDbEntity
  8
BLACK
  6
CONTINUOUS
100
AcDbLine
 10
1.3566852755905512
 20
0.9522388188976377
 30
0
 11
1.3565354330708661
 21
0.952992125984252
 31
0
  0
LINE
  5
405
330
1A
100
AcDbEntity
  8
BLACK
  6
CONTINUOUS
100
AcDbLine
 10
1.3565354330708661
 20
0.952992125984252
 30
0
 11
1.3565354330708661
 21
1.0868503937007874
 31
0
  0
LINE
  5
406
330
1A
100
AcDbEntity
  8
BLACK
  6
CONTINUOUS
100
AcDbLine
 10
1.3565354330708661
 20
1.0868503937007874
 30
0
 11
1.3566852755905512
 21
1.0876037007874015
 31
0
  0
LINE
  5
407
330
1A
100
AcDbEntity
  8
BLACK
  6
CONTINUOUS
100
AcDbLine
 10
1.3566852755905512
 20
1.0876037007874015
 30
0
 11
1.3577506299212598
 21
1.0886690551181102
 31
0
  0
LINE
  5
408
330
1A
100
AcDbEntity
  8
BLACK
  6
CONTINUOUS
100
AcDbLine
 10
1.3577506299212598
 20
1.0886690551181102
 30
0
 11
1.358503937007874
 21
1.0888188976377953
 31
0
  0
LINE
  5
409
330
1A
100
AcDbEntity
  8
BLACK
  6
CONTINUOUS
100
AcDbLine
 10
1.358503937007874
 20
1.0888188976377953
 30
0
 11
1.4356692913385827
 21
1.0888188976377953
 31
0
  0
LINE
  5
40A
330
1A
100
AcDbEntity
  8
BLACK
  6
CONTINUOUS
100
AcDbLine
 10
1.4356692913385827
 20
1.0888188976377953
 30
0
 11
1.4364225984251968
 21
1.0886690551181102
 31
0
  0
LINE
  5
40B
330
1A
100
AcDbEntity
  8
BLACK
  6
CONTINUOUS
100
AcDbLine
 10
1.4403937007874015
 20
1.0297637795275589
 30
0
 11
1.4403937007874015
 21
0.8919685039370079
 31
0
  0
LINE
  5
40C
330
1A
100
AcDbEntity
  8
BLACK
  6
CONTINUOUS
100
AcDbLine
 10
1.4403937007874015
 20
0.8919685039370079
 30
0
 11
1.6687401574803149
 21
0.8919685039370079
 31
0
  0
LINE
  5
40D
330
1A
100
AcDbEntity
  8
BLACK
  6
CONTINUOUS
100
AcDbLine
 10
1.6687401574803149
 20
0.8919685039370079
 30
0
 11
1.6687401574803149
 21
1.0297637795275589
 31
0
  0
LINE
  5
40E
330
1A
100
AcDbEntity
  8
BLACK
  6
CONTINUOUS
100
AcDbLine
 10
1.6687401574803149
 20
1.0297637795275589
 30
0
 11
1.4403937007874015
 21
1.0297637795275589
 31
0
  0
LINE
  5
40F
330
1A
100
AcDbEntity
  8
BLACK
  6
CONTINUOUS
100
AcDbLine
 10
1.3604724409448818
 20
1.0848818897637795
 30
0
 11
1.3604724409448818
 21
0.9549606299212599
 31
0
  0
LINE
  5
410
330
1A
100
AcDbEntity
  8
BLACK
  6
CONTINUOUS
100
AcDbLine
 10
1.3604724409448818
 20
0.9549606299212599
 30
0
 11
1.4337007874015748
 21
0.9549606299212599
 31
0
  0
LINE
  5
411
330
1A
100
AcDbEntity
  8
BLACK
  6
CONTINUOUS
100
AcDbLine
 10
1.4337007874015748
 20
0.9549606299212599
 30
0
 11
1.4337007874015748
 21
1.0848818897637795
 31
0
  0
LINE
  5
412
330
1A
100
AcDbEntity
  8
BLACK
  6
CONTINUOUS
100
AcDbLine
 10
1.4337007874015748
 20
1.0848818897637795
 30
0
 11
1.3604724409448818
 21
1.0848818897637795
 31
0
  0
LINE
  5
413
330
1A
100
AcDbEntity
  8
BLACK
  6
CONTINUOUS
100
AcDbLine
 10
1.774698188976378
 20
1.1248186614173228
 30
0
 11
1.7757635433070866
 21
1.1237533070866141
 31
0
  0
LINE
  5
414
330
1A
100
AcDbEntity
  8
BLACK
  6
CONTINUOUS
100
AcDbLine
 10
1.7757635433070866
 20
1.1237533070866141
 30
0
 11
1.7759133858267717
 21
1.123
 31
0
  0
LINE
  5
415
330
1A
100
AcDbEntity
  8
BLACK
  6
CONTINUOUS
100
AcDbLine
 10
1.7759133858267717
 20
1.123
 30
0
 11
1.7759133858267717
 21
0.9907165354330708
 31
0
  0
LINE
  5
416
330
1A
100
AcDbEntity
  8
BLACK
  6
CONTINUOUS
100
AcDbLine
 10
1.7759133858267717
 20
0.9907165354330708
 30
0
 11
1.7757635433070866
 21
0.9899632283464567
 31
0
  0
LINE
  5
417
330
1A
100
AcDbEntity
  8
BLACK
  6
CONTINUOUS
100
AcDbLine
 10
1.7757635433070866
 20
0.9899632283464567
 30
0
 11
1.774698188976378
 21
0.988897874015748
 31
0
  0
LINE
  5
418
330
1A
100
AcDbEntity
  8
BLACK
  6
CONTINUOUS
100
AcDbLine
 10
1.774698188976378
 20
0.988897874015748
 30
0
 11
1.7739448818897638
 21
0.9887480314960629
 31
0
  0
LINE
  5
419
330
1A
100
AcDbEntity
  8
BLACK
  6
CONTINUOUS
100
AcDbLine
 10
1.7739448818897638
 20
0.9887480314960629
 30
0
 11
1.6991417322834645
 21
0.9887480314960629
 31
0
  0
LINE
  5
41A
330
1A
100
AcDbEntity
  8
BLACK
  6
CONTINUOUS
100
AcDbLine
 10
1.6991417322834645
 20
0.9887480314960629
 30
0
 11
1.6983884251968504
 21
0.988897874015748
 31
0
  0
LINE
  5
41B
330
1A
100
AcDbEntity
  8
BLACK
  6
CONTINUOUS
100
AcDbLine
 10
1.6983884251968504
 20
0.988897874015748
 30
0
 11
1.6973230708661418
 21
0.9899632283464567
 31
0
  0
LINE
  5
41C
330
1A
100
AcDbEntity
  8
BLACK
  6
CONTINUOUS
100
AcDbLine
 10
1.6973230708661418
 20
0.9899632283464567
 30
0
 11
1.6971732283464567
 21
0.9907165354330708
 31
0
  0
LINE
  5
41D
330
1A
100
AcDbEntity
  8
BLACK
  6
CONTINUOUS
100
AcDbLine
 10
1.6971732283464567
 20
0.9907165354330708
 30
0
 11
1.6971732283464567
 21
1.123
 31
0
  0
LINE
  5
41E
330
1A
100
AcDbEntity
  8
BLACK
  6
CONTINUOUS
100
AcDbLine
 10
1.6971732283464567
 20
1.123
 30
0
 11
1.6973230708661418
 21
1.1237533070866141
 31
0
  0
LINE
  5
41F
330
1A
100
AcDbEntity
  8
BLACK
  6
CONTINUOUS
100
AcDbLine
 10
1.6973230708661418
 20
1.1237533070866141
 30
0
 11
1.6983884251968504
 21
1.1248186614173228
 31
0
  0
LINE
  5
420
330
1A
100
AcDbEntity
  8
BLACK
  6
CONTINUOUS
100
AcDbLine
 10
1.6983884251968504
 20
1.1248186614173228
 30
0
 11
1.6991417322834645
 21
1.1249685039370079
 31
0
  0
LINE
  5
421
330
1A
100
AcDbEntity
  8
BLACK
  6
CONTINUOUS
100
AcDbLine
 10
1.6991417322834645
 20
1.1249685039370079
 30
0
 11
1.7739448818897638
 21
1.1249685039370079
 31
0
  0
LINE
  5
422
330
1A
100
AcDbEntity
  8
BLACK
  6
CONTINUOUS
100
AcDbLine
 10
1.7739448818897638
 20
1.1249685039370079
 30
0
 11
1.774698188976378
 21
1.1248186614173228
 31
0
  0
LINE
  5
423
330
1A
100
AcDbEntity
  8
BLACK
  6
CONTINUOUS
100
AcDbLine
 10
1.7011102362204724
 20
1.1210314960629921
 30
0
 11
1.7011102362204724
 21
0.9926850393700787
 31
0
  0
LINE
  5
424
330
1A
100
AcDbEntity
  8
BLACK
  6
CONTINUOUS
100
AcDbLine
 10
1.7011102362204724
 20
0.9926850393700787
 30
0
 11
1.7719763779527558
 21
0.9926850393700787
 31
0
  0
LINE
  5
425
330
1A
100
AcDbEntity
  8
BLACK
  6
CONTINUOUS
100
AcDbLine
 10
1.7719763779527558
 20
0.9926850393700787
 30
0
 11
1.7719763779527558
 21
1.1210314960629921
 31
0
  0
LINE
  5
426
330
1A
100
AcDbEntity
  8
BLACK
  6
CONTINUOUS
100
AcDbLine
 10
1.7719763779527558
 20
1.1210314960629921
 30
0
 11
1.7011102362204724
 21
1.1210314960629921
 31
0
  0
LINE
  5
427
330
1A
100
AcDbEntity
  8
BLACK
  6
CONTINUOUS
100
AcDbLine
 10
3.775005275590551
 20
1.2469367716535433
 30
0
 11
3.7760706299212599
 21
1.2458714173228347
 31
0
  0
LINE
  5
428
330
1A
100
AcDbEntity
  8
BLACK
  6
CONTINUOUS
100
AcDbLine
 10
3.7760706299212599
 20
1.2458714173228347
 30
0
 11
3.7762204724409449
 21
1.2451181102362205
 31
0
  0
LINE
  5
429
330
1A
100
AcDbEntity
  8
BLACK
  6
CONTINUOUS
100
AcDbLine
 10
3.7762204724409449
 20
1.2451181102362205
 30
0
 11
3.7762204724409449
 21
1.1703149606299212
 31
0
  0
LINE
  5
42A
330
1A
100
AcDbEntity
  8
BLACK
  6
CONTINUOUS
100
AcDbLine
 10
3.7762204724409449
 20
1.1703149606299212
 30
0
 11
3.7760706299212599
 21
1.1695616535433071
 31
0
  0
LINE
  5
42B
330
1A
100
AcDbEntity
  8
BLACK
  6
CONTINUOUS
100
AcDbLine
 10
3.7760706299212599
 20
1.1695616535433071
 30
0
 11
3.7758396850393701
 21
1.1693307086614173
 31
0
  0
LINE
  5
42C
330
1A
100
AcDbEntity
  8
BLACK
  6
CONTINUOUS
100
AcDbLine
 10
3.7758396850393701
 20
1.1693307086614173
 30
0
 11
3.7760706299212599
 21
1.1690997637795275
 31
0
  0
LINE
  5
42D
330
1A
100
AcDbEntity
  8
BLACK
  6
CONTINUOUS
100
AcDbLine
 10
3.7760706299212599
 20
1.1690997637795275
 30
0
 11
3.7762204724409449
 21
1.1683464566929134
 31
0
  0
LINE
  5
42E
330
1A
100
AcDbEntity
  8
BLACK
  6
CONTINUOUS
100
AcDbLine
 10
3.7762204724409449
 20
1.1683464566929134
 30
0
 11
3.7762204724409449
 21
1.0935433070866141
 31
0
  0
LINE
  5
42F
330
1A
100
AcDbEntity
  8
BLACK
  6
CONTINUOUS
100
AcDbLine
 10
3.7762204724409449
 20
1.0935433070866141
 30
0
 11
3.7760706299212599
 21
1.0927899999999999
 31
0
  0
LINE
  5
430
330
1A
100
AcDbEntity
  8
BLACK
  6
CONTINUOUS
100
AcDbLine
 10
3.7760706299212599
 20
1.0927899999999999
 30
0
 11
3.7754459842519683
 21
1.0921653543307086
 31
0
  0
LINE
  5
431
330
1A
100
AcDbEntity
  8
BLACK
  6
CONTINUOUS
100
AcDbLine
 10
3.7754459842519683
 20
1.0921653543307086
 30
0
 11
3.7760706299212599
 21
1.0915407086614173
 31
0
  0
LINE
  5
432
330
1A
100
AcDbEntity
  8
BLACK
  6
CONTINUOUS
100
AcDbLine
 10
3.7760706299212599
 20
1.0915407086614173
 30
0
 11
3.7762204724409449
 21
1.0907874015748031
 31
0
  0
LINE
  5
433
330
1A
100
AcDbEntity
  8
BLACK
  6
CONTINUOUS
100
AcDbLine
 10
3.7762204724409449
 20
1.0907874015748031
 30
0
 11
3.7762204724409449
 21
1.0159842519685038
 31
0
  0
LINE
  5
434
330
1A
100
AcDbEntity
  8
BLACK
  6
CONTINUOUS
100
AcDbLine
 10
3.7762204724409449
 20
1.0159842519685038
 30
0
 11
3.7760706299212599
 21
1.0152309448818897
 31
0
  0
LINE
  5
435
330
1A
100
AcDbEntity
  8
BLACK
  6
CONTINUOUS
100
AcDbLine
 10
3.7760706299212599
 20
1.0152309448818897
 30
0
 11
3.775005275590551
 21
1.0141655905511811
 31
0
  0
LINE
  5
436
330
1A
100
AcDbEntity
  8
BLACK
  6
CONTINUOUS
100
AcDbLine
 10
3.775005275590551
 20
1.0141655905511811
 30
0
 11
3.7742519685039371
 21
1.014015748031496
 31
0
  0
LINE
  5
437
330
1A
100
AcDbEntity
  8
BLACK
  6
CONTINUOUS
100
AcDbLine
 10
3.7742519685039371
 20
1.014015748031496
 30
0
 11
3.641968503937008
 21
1.014015748031496
 31
0
  0
LINE
  5
438
330
1A
100
AcDbEntity
  8
BLACK
  6
CONTINUOUS
100
AcDbLine
 10
3.641968503937008
 20
1.014015748031496
 30
0
 11
3.6412151968503936
 21
1.0141655905511811
 31
0
  0
LINE
  5
439
330
1A
100
AcDbEntity
  8
BLACK
  6
CONTINUOUS
100
AcDbLine
 10
3.6412151968503936
 20
1.0141655905511811
 30
0
 11
3.6401498425196848
 21
1.0152309448818897
 31
0
  0
LINE
  5
43A
330
1A
100
AcDbEntity
  8
BLACK
  6
CONTINUOUS
100
AcDbLine
 10
3.6401498425196848
 20
1.0152309448818897
 30
0
 11
3.6400000000000001
 21
1.0159842519685038
 31
0
  0
LINE
  5
43B
330
1A
100
AcDbEntity
  8
BLACK
  6
CONTINUOUS
100
AcDbLine
 10
3.6400000000000001
 20
1.0159842519685038
 30
0
 11
3.6400000000000001
 21
1.0907874015748031
 31
0
  0
LINE
  5
43C
330
1A
100
AcDbEntity
  8
BLACK
  6
CONTINUOUS
100
AcDbLine
 10
3.6400000000000001
 20
1.0907874015748031
 30
0
 11
3.6401498425196848
 21
1.0915407086614173
 31
0
  0
LINE
  5
43D
330
1A
100
AcDbEntity
  8
BLACK
  6
CONTINUOUS
100
AcDbLine
 10
3.6401498425196848
 20
1.0915407086614173
 30
0
 11
3.6407744881889763
 21
1.0921653543307086
 31
0
  0
LINE
  5
43E
330
1A
100
AcDbEntity
  8
BLACK
  6
CONTINUOUS
100
AcDbLine
 10
3.6407744881889763
 20
1.0921653543307086
 30
0
 11
3.6401498425196848
 21
1.0927899999999999
 31
0
  0
LINE
  5
43F
330
1A
100
AcDbEntity
  8
BLACK
  6
CONTINUOUS
100
AcDbLine
 10
3.6401498425196848
 20
1.0927899999999999
 30
0
 11
3.6400000000000001
 21
1.0935433070866141
 31
0
  0
LINE
  5
440
330
1A
100
AcDbEntity
  8
BLACK
  6
CONTINUOUS
100
AcDbLine
 10
3.6400000000000001
 20
1.0935433070866141
 30
0
 11
3.6400000000000001
 21
1.1683464566929134
 31
0
  0
LINE
  5
441
330
1A
100
AcDbEntity
  8
BLACK
  6
CONTINUOUS
100
AcDbLine
 10
3.6400000000000001
 20
1.1683464566929134
 30
0
 11
3.6401498425196848
 21
1.1690997637795275
 31
0
  0
LINE
  5
442
330
1A
100
AcDbEntity
  8
BLACK
  6
CONTINUOUS
100
AcDbLine
 10
3.6401498425196848
 20
1.1690997637795275
 30
0
 11
3.6403807874015746
 21
1.1693307086614173
 31
0
  0
LINE
  5
443
330
1A
100
AcDbEntity
  8
BLACK
  6
CONTINUOUS
100
AcDbLine
 10
3.6403807874015746
 20
1.1693307086614173
 30
0
 11
3.6401498425196848
 21
1.1695616535433071
 31
0
  0
LINE
  5
444
330
1A
100
AcDbEntity
  8
BLACK
  6
CONTINUOUS
100
AcDbLine
 10
3.6401498425196848
 20
1.1695616535433071
 30
0
 11
3.6400000000000001
 21
1.1703149606299212
 31
0
  0
LINE
  5
445
330
1A
100
AcDbEntity
  8
BLACK
  6
CONTINUOUS
100
AcDbLine
 10
3.6400000000000001
 20
1.1703149606299212
 30
0
 11
3.6400000000000001
 21
1.2451181102362205
 31
0
  0
LINE
  5
446
330
1A
100
AcDbEntity
  8
BLACK
  6
CONTINUOUS
100
AcDbLine
 10
3.6400000000000001
 20
1.2451181102362205
 30
0
 11
3.6401498425196848
 21
1.2458714173228347
 31
0
  0
LINE
  5
447
330
1A
100
AcDbEntity
  8
BLACK
  6
CONTINUOUS
100
AcDbLine
 10
3.6401498425196848
 20
1.2458714173228347
 30
0
 11
3.6412151968503936
 21
1.2469367716535433
 31
0
  0
LINE
  5
448
330
1A
100
AcDbEntity
  8
BLACK
  6
CONTINUOUS
100
AcDbLine
 10
3.6412151968503936
 20
1.2469367716535433
 30
0
 11
3.641968503937008
 21
1.2470866141732284
 31
0
  0
LINE
  5
449
330
1A
100
AcDbEntity
  8
BLACK
  6
CONTINUOUS
100
AcDbLine
 10
3.641968503937008
 20
1.2470866141732284
 30
0
 11
3.7742519685039371
 21
1.2470866141732284
 31
0
  0
LINE
  5
44A
330
1A
100
AcDbEntity
  8
BLACK
  6
CONTINUOUS
100
AcDbLine
 10
3.7742519685039371
 20
1.2470866141732284
 30
0
 11
3.775005275590551
 21
1.2469367716535433
 31
0
  0
LINE
  5
44B
330
1A
100
AcDbEntity
  8
BLACK
  6
CONTINUOUS
100
AcDbLine
 10
3.6439370078740159
 20
1.0888188976377953
 30
0
 11
3.6439370078740159
 21
1.0179527559055117
 31
0
  0
LINE
  5
44C
330
1A
100
AcDbEntity
  8
BLACK
  6
CONTINUOUS
100
AcDbLine
 10
3.6439370078740159
 20
1.0179527559055117
 30
0
 11
3.7722834645669292
 21
1.0179527559055117
 31
0
  0
LINE
  5
44D
330
1A
100
AcDbEntity
  8
BLACK
  6
CONTINUOUS
100
AcDbLine
 10
3.7722834645669292
 20
1.0179527559055117
 30
0
 11
3.7722834645669292
 21
1.0888188976377953
 31
0
  0
LINE
  5
44E
330
1A
100
AcDbEntity
  8
BLACK
  6
CONTINUOUS
100
AcDbLine
 10
3.7722834645669292
 20
1.0888188976377953
 30
0
 11
3.6439370078740159
 21
1.0888188976377953
 31
0
  0
LINE
  5
44F
330
1A
100
AcDbEntity
  8
BLACK
  6
CONTINUOUS
100
AcDbLine
 10
3.6439370078740159
 20
1.1663779527559055
 30
0
 11
3.6439370078740159
 21
1.0955118110236219
 31
0
  0
LINE
  5
450
330
1A
100
AcDbEntity
  8
BLACK
  6
CONTINUOUS
100
AcDbLine
 10
3.6439370078740159
 20
1.0955118110236219
 30
0
 11
3.7722834645669292
 21
1.0955118110236219
 31
0
  0
LINE
  5
451
330
1A
100
AcDbEntity
  8
BLACK
  6
CONTINUOUS
100
AcDbLine
 10
3.7722834645669292
 20
1.0955118110236219
 30
0
 11
3.7722834645669292
 21
1.1663779527559055
 31
0
  0
LINE
  5
452
330
1A
100
AcDbEntity
  8
BLACK
  6
CONTINUOUS
100
AcDbLine
 10
3.7722834645669292
 20
1.1663779527559055
 30
0
 11
3.6439370078740159
 21
1.1663779527559055
 31
0
  0
LINE
  5
453
330
1A
100
AcDbEntity
  8
BLACK
  6
CONTINUOUS
100
AcDbLine
 10
3.6439370078740159
 20
1.2431496062992127
 30
0
 11
3.6439370078740159
 21
1.1722834645669291
 31
0
  0
LINE
  5
454
330
1A
100
AcDbEntity
  8
BLACK
  6
CONTINUOUS
100
AcDbLine
 10
3.6439370078740159
 20
1.1722834645669291
 30
0
 11
3.7722834645669292
 21
1.1722834645669291
 31
0
  0
LINE
  5
455
330
1A
100
AcDbEntity
  8
BLACK
  6
CONTINUOUS
100
AcDbLine
 10
3.7722834645669292
 20
1.1722834645669291
 30
0
 11
3.7722834645669292
 21
1.2431496062992127
 31
0
  0
LINE
  5
456
330
1A
100
AcDbEntity
  8
BLACK
  6
CONTINUOUS
100
AcDbLine
 10
3.7722834645669292
 20
1.2431496062992127
 30
0
 11
3.6439370078740159
 21
1.2431496062992127
 31
0
  0
LINE
  5
457
330
1A
100
AcDbEntity
  8
BLACK
  6
CONTINUOUS
100
AcDbLine
 10
1.6160616929133858
 20
1.1131691732283464
 30
0
 11
1.6165943700787402
 21
1.1126364960629922
 31
0
  0
LINE
  5
458
330
1A
100
AcDbEntity
  8
BLACK
  6
CONTINUOUS
100
AcDbLine
 10
1.6165943700787402
 20
1.1126364960629922
 30
0
 11
1.6166692913385827
 21
1.112259842519685
 31
0
  0
LINE
  5
459
330
1A
100
AcDbEntity
  8
BLACK
  6
CONTINUOUS
100
AcDbLine
 10
1.6166692913385827
 20
1.112259842519685
 30
0
 11
1.6166692913385827
 21
1.0374566929133857
 31
0
  0
LINE
  5
45A
330
1A
100
AcDbEntity
  8
BLACK
  6
CONTINUOUS
100
AcDbLine
 10
1.6166692913385827
 20
1.0374566929133857
 30
0
 11
1.6165943700787402
 21
1.0370800393700788
 31
0
  0
LINE
  5
45B
330
1A
100
AcDbEntity
  8
BLACK
  6
CONTINUOUS
100
AcDbLine
 10
1.6165943700787402
 20
1.0370800393700788
 30
0
 11
1.6160616929133858
 21
1.0365473622047243
 31
0
  0
LINE
  5
45C
330
1A
100
AcDbEntity
  8
BLACK
  6
CONTINUOUS
100
AcDbLine
 10
1.6160616929133858
 20
1.0365473622047243
 30
0
 11
1.6156850393700788
 21
1.0364724409448818
 31
0
  0
LINE
  5
45D
330
1A
100
AcDbEntity
  8
BLACK
  6
CONTINUOUS
100
AcDbLine
 10
1.6156850393700788
 20
1.0364724409448818
 30
0
 11
1.4834015748031495
 21
1.0364724409448818
 31
0
  0
LINE
  5
45E
330
1A
100
AcDbEntity
  8
BLACK
  6
CONTINUOUS
100
AcDbLine
 10
1.4834015748031495
 20
1.0364724409448818
 30
0
 11
1.4830249212598425
 21
1.0365473622047243
 31
0
  0
LINE
  5
45F
330
1A
100
AcDbEntity
  8
BLACK
  6
CONTINUOUS
100
AcDbLine
 10
1.4830249212598425
 20
1.0365473622047243
 30
0
 11
1.4824922440944881
 21
1.0370800393700788
 31
0
  0
LINE
  5
460
330
1A
100
AcDbEntity
  8
BLACK
  6
CONTINUOUS
100
AcDbLine
 10
1.4824922440944881
 20
1.0370800393700788
 30
0
 11
1.4824173228346456
 21
1.0374566929133857
 31
0
  0
LINE
  5
461
330
1A
100
AcDbEntity
  8
BLACK
  6
CONTINUOUS
100
AcDbLine
 10
1.4824173228346456
 20
1.0374566929133857
 30
0
 11
1.4824173228346456
 21
1.112259842519685
 31
0
  0
LINE
  5
462
330
1A
100
AcDbEntity
  8
BLACK
  6
CONTINUOUS
100
AcDbLine
 10
1.4824173228346456
 20
1.112259842519685
 30
0
 11
1.4824922440944881
 21
1.1126364960629922
 31
0
  0
LINE
  5
463
330
1A
100
AcDbEntity
  8
BLACK
  6
CONTINUOUS
100
AcDbLine
 10
1.4824922440944881
 20
1.1126364960629922
 30
0
 11
1.4830249212598425
 21
1.1131691732283464
 31
0
  0
LINE
  5
464
330
1A
100
AcDbEntity
  8
BLACK
  6
CONTINUOUS
100
AcDbLine
 10
1.4830249212598425
 20
1.1131691732283464
 30
0
 11
1.4834015748031495
 21
1.113244094488189
 31
0
  0
LINE
  5
465
330
1A
100
AcDbEntity
  8
BLACK
  6
CONTINUOUS
100
AcDbLine
 10
1.4834015748031495
 20
1.113244094488189
 30
0
 11
1.6156850393700788
 21
1.113244094488189
 31
0
  0
LINE
  5
466
330
1A
100
AcDbEntity
  8
BLACK
  6
CONTINUOUS
100
AcDbLine
 10
1.6156850393700788
 20
1.113244094488189
 30
0
 11
1.6160616929133858
 21
1.1131691732283464
 31
0
  0
LINE
  5
467
330
1A
100
AcDbEntity
  8
BLACK
  6
CONTINUOUS
100
AcDbLine
 10
1.4843858267716534
 20
1.1112755905511811
 30
0
 11
1.4843858267716534
 21
1.0384409448818896
 31
0
  0
LINE
  5
468
330
1A
100
AcDbEntity
  8
BLACK
  6
CONTINUOUS
100
AcDbLine
 10
1.4843858267716534
 20
1.0384409448818896
 30
0
 11
1.6147007874015749
 21
1.0384409448818896
 31
0
  0
LINE
  5
469
330
1A
100
AcDbEntity
  8
BLACK
  6
CONTINUOUS
100
AcDbLine
 10
1.6147007874015749
 20
1.0384409448818896
 30
0
 11
1.6147007874015749
 21
1.1112755905511811
 31
0
  0
LINE
  5
46A
330
1A
100
AcDbEntity
  8
BLACK
  6
CONTINUOUS
100
AcDbLine
 10
1.6147007874015749
 20
1.1112755905511811
 30
0
 11
1.4843858267716534
 21
1.1112755905511811
 31
0
  0
LINE
  5
46B
330
1A
100
AcDbEntity
  8
BLACK
  6
CONTINUOUS
100
AcDbLine
 10
3.4191168110236219
 20
1.3326416141732282
 30
0
 11
3.4196494881889765
 21
1.332108937007874
 31
0
  0
LINE
  5
46C
330
1A
100
AcDbEntity
  8
BLACK
  6
CONTINUOUS
100
AcDbLine
 10
3.4196494881889765
 20
1.332108937007874
 30
0
 11
3.4197244094488188
 21
1.3317322834645668
 31
0
  0
LINE
  5
46D
330
1A
100
AcDbEntity
  8
BLACK
  6
CONTINUOUS
100
AcDbLine
 10
3.4197244094488188
 20
1.3317322834645668
 30
0
 11
3.4197244094488188
 21
1.2057480314960629
 31
0
  0
LINE
  5
46E
330
1A
100
AcDbEntity
  8
BLACK
  6
CONTINUOUS
100
AcDbLine
 10
3.4197244094488188
 20
1.2057480314960629
 30
0
 11
3.4196494881889765
 21
1.205371377952756
 31
0
  0
LINE
  5
46F
330
1A
100
AcDbEntity
  8
BLACK
  6
CONTINUOUS
100
AcDbLine
 10
3.4196494881889765
 20
1.205371377952756
 30
0
 11
3.4191168110236219
 21
1.2048387007874015
 31
0
  0
LINE
  5
470
330
1A
100
AcDbEntity
  8
BLACK
  6
CONTINUOUS
100
AcDbLine
 10
3.4191168110236219
 20
1.2048387007874015
 30
0
 11
3.4187401574803147
 21
1.204763779527559
 31
0
  0
LINE
  5
471
330
1A
100
AcDbEntity
  8
BLACK
  6
CONTINUOUS
100
AcDbLine
 10
3.4187401574803147
 20
1.204763779527559
 30
0
 11
3.3545798425196849
 21
1.204763779527559
 31
0
  0
LINE
  5
472
330
1A
100
AcDbEntity
  8
BLACK
  6
CONTINUOUS
100
AcDbLine
 10
3.3545798425196849
 20
1.204763779527559
 30
0
 11
3.3555981889763777
 21
1.2037454330708661
 31
0
  0
LINE
  5
473
330
1A
100
AcDbEntity
  8
BLACK
  6
CONTINUOUS
100
AcDbLine
 10
3.3555981889763777
 20
1.2037454330708661
 30
0
 11
3.3557480314960628
 21
1.202992125984252
 31
0
  0
LINE
  5
474
330
1A
100
AcDbEntity
  8
BLACK
  6
CONTINUOUS
100
AcDbLine
 10
3.3557480314960628
 20
1.202992125984252
 30
0
 11
3.3557480314960628
 21
1.1258267716535433
 31
0
  0
LINE
  5
475
330
1A
100
AcDbEntity
  8
BLACK
  6
CONTINUOUS
100
AcDbLine
 10
3.3557480314960628
 20
1.1258267716535433
 30
0
 11
3.3555981889763777
 21
1.1250734645669291
 31
0
  0
LINE
  5
476
330
1A
100
AcDbEntity
  8
BLACK
  6
CONTINUOUS
100
AcDbLine
 10
3.3555981889763777
 20
1.1250734645669291
 30
0
 11
3.3545328346456693
 21
1.1240081102362205
 31
0
  0
LINE
  5
477
330
1A
100
AcDbEntity
  8
BLACK
  6
CONTINUOUS
100
AcDbLine
 10
3.3545328346456693
 20
1.1240081102362205
 30
0
 11
3.353779527559055
 21
1.1238582677165354
 31
0
  0
LINE
  5
478
330
1A
100
AcDbEntity
  8
BLACK
  6
CONTINUOUS
100
AcDbLine
 10
3.353779527559055
 20
1.1238582677165354
 30
0
 11
3.2199212598425198
 21
1.1238582677165354
 31
0
  0
LINE
  5
479
330
1A
100
AcDbEntity
  8
BLACK
  6
CONTINUOUS
100
AcDbLine
 10
3.2199212598425198
 20
1.1238582677165354
 30
0
 11
3.2191679527559054
 21
1.1240081102362205
 31
0
  0
LINE
  5
47A
330
1A
100
AcDbEntity
  8
BLACK
  6
CONTINUOUS
100
AcDbLine
 10
3.2191679527559054
 20
1.1240081102362205
 30
0
 11
3.218102598425197
 21
1.1250734645669291
 31
0
  0
LINE
  5
47B
330
1A
100
AcDbEntity
  8
BLACK
  6
CONTINUOUS
100
AcDbLine
 10
3.218102598425197
 20
1.1250734645669291
 30
0
 11
3.2179527559055119
 21
1.1258267716535433
 31
0
  0
LINE
  5
47C
330
1A
100
AcDbEntity
  8
BLACK
  6
CONTINUOUS
100
AcDbLine
 10
3.2179527559055119
 20
1.1258267716535433
 30
0
 11
3.2179527559055119
 21
1.202992125984252
 31
0
  0
LINE
  5
47D
330
1A
100
AcDbEntity
  8
BLACK
  6
CONTINUOUS
100
AcDbLine
 10
3.2179527559055119
 20
1.202992125984252
 30
0
 11
3.218102598425197
 21
1.2037454330708661
 31
0
  0
LINE
  5
47E
330
1A
100
AcDbEntity
  8
BLACK
  6
CONTINUOUS
100
AcDbLine
 10
3.218102598425197
 20
1.2037454330708661
 30
0
 11
3.2191679527559054
 21
1.2048107874015748
 31
0
  0
LINE
  5
47F
330
1A
100
AcDbEntity
  8
BLACK
  6
CONTINUOUS
100
AcDbLine
 10
3.2191679527559054
 20
1.2048107874015748
 30
0
 11
3.2199212598425198
 21
1.2049606299212599
 31
0
  0
LINE
  5
480
330
1A
100
AcDbEntity
  8
BLACK
  6
CONTINUOUS
100
AcDbLine
 10
3.2199212598425198
 20
1.2049606299212599
 30
0
 11
3.3198163779527556
 21
1.2049606299212599
 31
0
  0
LINE
  5
481
330
1A
100
AcDbEntity
  8
BLACK
  6
CONTINUOUS
100
AcDbLine
 10
3.3198163779527556
 20
1.2049606299212599
 30
0
 11
3.3194056299212598
 21
1.205371377952756
 31
0
  0
LINE
  5
482
330
1A
100
AcDbEntity
  8
BLACK
  6
CONTINUOUS
100
AcDbLine
 10
3.3194056299212598
 20
1.205371377952756
 30
0
 11
3.3193307086614174
 21
1.2057480314960629
 31
0
  0
LINE
  5
483
330
1A
100
AcDbEntity
  8
BLACK
  6
CONTINUOUS
100
AcDbLine
 10
3.3193307086614174
 20
1.2057480314960629
 30
0
 11
3.3193307086614174
 21
1.3317322834645668
 31
0
  0
LINE
  5
484
330
1A
100
AcDbEntity
  8
BLACK
  6
CONTINUOUS
100
AcDbLine
 10
3.3193307086614174
 20
1.3317322834645668
 30
0
 11
3.3194056299212598
 21
1.332108937007874
 31
0
  0
LINE
  5
485
330
1A
100
AcDbEntity
  8
BLACK
  6
CONTINUOUS
100
AcDbLine
 10
3.3194056299212598
 20
1.332108937007874
 30
0
 11
3.319938307086614
 21
1.3326416141732282
 31
0
  0
LINE
  5
486
330
1A
100
AcDbEntity
  8
BLACK
  6
CONTINUOUS
100
AcDbLine
 10
3.319938307086614
 20
1.3326416141732282
 30
0
 11
3.3203149606299212
 21
1.3327165354330708
 31
0
  0
LINE
  5
487
330
1A
100
AcDbEntity
  8
BLACK
  6
CONTINUOUS
100
AcDbLine
 10
3.3203149606299212
 20
1.3327165354330708
 30
0
 11
3.4187401574803147
 21
1.3327165354330708
 31
0
  0
LINE
  5
488
330
1A
100
AcDbEntity
  8
BLACK
  6
CONTINUOUS
100
AcDbLine
 10
3.4187401574803147
 20
1.3327165354330708
 30
0
 11
3.4191168110236219
 21
1.3326416141732282
 31
0
  0
LINE
  5
489
330
1A
100
AcDbEntity
  8
BLACK
  6
CONTINUOUS
100
AcDbLine
 10
3.2218897637795276
 20
1.2010236220472441
 30
0
 11
3.2218897637795276
 21
1.1277952755905511
 31
0
  0
LINE
  5
48A
330
1A
100
AcDbEntity
  8
BLACK
  6
CONTINUOUS
100
AcDbLine
 10
3.2218897637795276
 20
1.1277952755905511
 30
0
 11
3.3518110236220471
 21
1.1277952755905511
 31
0
  0
LINE
  5
48B
330
1A
100
AcDbEntity
  8
BLACK
  6
CONTINUOUS
100
AcDbLine
 10
3.3518110236220471
 20
1.1277952755905511
 30
0
 11
3.3518110236220471
 21
1.2010236220472441
 31
0
  0
LINE
  5
48C
330
1A
100
AcDbEntity
  8
BLACK
  6
CONTINUOUS
100
AcDbLine
 10
3.3518110236220471
 20
1.2010236220472441
 30
0
 11
3.2218897637795276
 21
1.2010236220472441
 31
0
  0
LINE
  5
48D
330
1A
100
AcDbEntity
  8
BLACK
  6
CONTINUOUS
100
AcDbLine
 10
3.3212992125984253
 20
1.3307480314960629
 30
0
 11
3.3212992125984253
 21
1.2067322834645668
 31
0
  0
LINE
  5
48E
330
1A
100
AcDbEntity
  8
BLACK
  6
CONTINUOUS
100
AcDbLine
 10
3.3212992125984253
 20
1.2067322834645668
 30
0
 11
3.417755905511811
 21
1.2067322834645668
 31
0
  0
LINE
  5
48F
330
1A
100
AcDbEntity
  8
BLACK
  6
CONTINUOUS
100
AcDbLine
 10
3.417755905511811
 20
1.2067322834645668
 30
0
 11
3.417755905511811
 21
1.3307480314960629
 31
0
  0
LINE
  5
490
330
1A
100
AcDbEntity
  8
BLACK
  6
CONTINUOUS
100
AcDbLine
 10
3.417755905511811
 20
1.3307480314960629
 30
0
 11
3.3212992125984253
 21
1.3307480314960629
 31
0
  0
LINE
  5
491
330
1A
100
AcDbEntity
  8
BLACK
  6
CONTINUOUS
100
AcDbLine
 10
1.370849094488189
 20
1.2033502755905512
 30
0
 11
1.3713817716535432
 21
1.2028175984251968
 31
0
  0
LINE
  5
492
330
1A
100
AcDbEntity
  8
BLACK
  6
CONTINUOUS
100
AcDbLine
 10
1.3713817716535432
 20
1.2028175984251968
 30
0
 11
1.3714566929133858
 21
1.2024409448818898
 31
0
  0
LINE
  5
493
330
1A
100
AcDbEntity
  8
BLACK
  6
CONTINUOUS
100
AcDbLine
 10
1.3714566929133858
 20
1.2024409448818898
 30
0
 11
1.3714566929133858
 21
1.1252755905511811
 31
0
  0
LINE
  5
494
330
1A
100
AcDbEntity
  8
BLACK
  6
CONTINUOUS
100
AcDbLine
 10
1.3714566929133858
 20
1.1252755905511811
 30
0
 11
1.3713817716535432
 21
1.1248989370078739
 31
0
  0
LINE
  5
495
330
1A
100
AcDbEntity
  8
BLACK
  6
CONTINUOUS
100
AcDbLine
 10
1.3713817716535432
 20
1.1248989370078739
 30
0
 11
1.370849094488189
 21
1.1243662598425197
 31
0
  0
LINE
  5
496
330
1A
100
AcDbEntity
  8
BLACK
  6
CONTINUOUS
100
AcDbLine
 10
1.370849094488189
 20
1.1243662598425197
 30
0
 11
1.3704724409448819
 21
1.1242913385826772
 31
0
  0
LINE
  5
497
330
1A
100
AcDbEntity
  8
BLACK
  6
CONTINUOUS
100
AcDbLine
 10
1.3704724409448819
 20
1.1242913385826772
 30
0
 11
1.2366141732283464
 21
1.1242913385826772
 31
0
  0
LINE
  5
498
330
1A
100
AcDbEntity
  8
BLACK
  6
CONTINUOUS
100
AcDbLine
 10
1.2366141732283464
 20
1.1242913385826772
 30
0
 11
1.2362375196850393
 21
1.1243662598425197
 31
0
  0
LINE
  5
499
330
1A
100
AcDbEntity
  8
BLACK
  6
CONTINUOUS
100
AcDbLine
 10
1.2362375196850393
 20
1.1243662598425197
 30
0
 11
1.235704842519685
 21
1.1248989370078739
 31
0
  0
LINE
  5
49A
330
1A
100
AcDbEntity
  8
BLACK
  6
CONTINUOUS
100
AcDbLine
 10
1.235704842519685
 20
1.1248989370078739
 30
0
 11
1.2356299212598425
 21
1.1252755905511811
 31
0
  0
LINE
  5
49B
330
1A
100
AcDbEntity
  8
BLACK
  6
CONTINUOUS
100
AcDbLine
 10
1.2356299212598425
 20
1.1252755905511811
 30
0
 11
1.2356299212598425
 21
1.2024409448818898
 31
0
  0
LINE
  5
49C
330
1A
100
AcDbEntity
  8
BLACK
  6
CONTINUOUS
100
AcDbLine
 10
1.2356299212598425
 20
1.2024409448818898
 30
0
 11
1.235704842519685
 21
1.2028175984251968
 31
0
  0
LINE
  5
49D
330
1A
100
AcDbEntity
  8
BLACK
  6
CONTINUOUS
100
AcDbLine
 10
1.235704842519685
 20
1.2028175984251968
 30
0
 11
1.2362375196850393
 21
1.2033502755905512
 31
0
  0
LINE
  5
49E
330
1A
100
AcDbEntity
  8
BLACK
  6
CONTINUOUS
100
AcDbLine
 10
1.2362375196850393
 20
1.2033502755905512
 30
0
 11
1.2366141732283464
 21
1.2034251968503937
 31
0
  0
LINE
  5
49F
330
1A
100
AcDbEntity
  8
BLACK
  6
CONTINUOUS
100
AcDbLine
 10
1.2366141732283464
 20
1.2034251968503937
 30
0
 11
1.3704724409448819
 21
1.2034251968503937
 31
0
  0
LINE
  5
4A0
330
1A
100
AcDbEntity
  8
BLACK
  6
CONTINUOUS
100
AcDbLine
 10
1.3704724409448819
 20
1.2034251968503937
 30
0
 11
1.370849094488189
 21
1.2033502755905512
 31
0
  0
LINE
  5
4A1
330
1A
100
AcDbEntity
  8
BLACK
  6
CONTINUOUS
100
AcDbLine
 10
1.2375984251968504
 20
1.2014566929133859
 30
0
 11
1.2375984251968504
 21
1.126259842519685
 31
0
  0
LINE
  5
4A2
330
1A
100
AcDbEntity
  8
BLACK
  6
CONTINUOUS
100
AcDbLine
 10
1.2375984251968504
 20
1.126259842519685
 30
0
 11
1.3694881889763779
 21
1.126259842519685
 31
0
  0
LINE
  5
4A3
330
1A
100
AcDbEntity
  8
BLACK
  6
CONTINUOUS
100
AcDbLine
 10
1.3694881889763779
 20
1.126259842519685
 30
0
 11
1.3694881889763779
 21
1.2014566929133859
 31
0
  0
LINE
  5
4A4
330
1A
100
AcDbEntity
  8
BLACK
  6
CONTINUOUS
100
AcDbLine
 10
1.3694881889763779
 20
1.2014566929133859
 30
0
 11
1.2375984251968504
 21
1.2014566929133859
 31
0
  0
LINE
  5
4A5
330
1A
100
AcDbEntity
  8
BLACK
  6
CONTINUOUS
100
AcDbLine
 10
1.221194251968504
 20
1.4351257480314961
 30
0
 11
1.2222596062992126
 21
1.4340603937007874
 31
0
  0
LINE
  5
4A6
330
1A
100
AcDbEntity
  8
BLACK
  6
CONTINUOUS
100
AcDbLine
 10
1.2222596062992126
 20
1.4340603937007874
 30
0
 11
1.2224094488188977
 21
1.4333070866141733
 31
0
  0
LINE
  5
4A7
330
1A
100
AcDbEntity
  8
BLACK
  6
CONTINUOUS
100
AcDbLine
 10
1.2224094488188977
 20
1.4333070866141733
 30
0
 11
1.2224094488188977
 21
1.1592913385826771
 31
0
  0
LINE
  5
4A8
330
1A
100
AcDbEntity
  8
BLACK
  6
CONTINUOUS
100
AcDbLine
 10
1.2224094488188977
 20
1.1592913385826771
 30
0
 11
1.2222596062992126
 21
1.1585380314960629
 31
0
  0
LINE
  5
4A9
330
1A
100
AcDbEntity
  8
BLACK
  6
CONTINUOUS
100
AcDbLine
 10
1.2222596062992126
 20
1.1585380314960629
 30
0
 11
1.221194251968504
 21
1.1574726771653543
 31
0
  0
LINE
  5
4AA
330
1A
100
AcDbEntity
  8
BLACK
  6
CONTINUOUS
100
AcDbLine
 10
1.221194251968504
 20
1.1574726771653543
 30
0
 11
1.2204409448818898
 21
1.1573228346456692
 31
0
  0
LINE
  5
4AB
330
1A
100
AcDbEntity
  8
BLACK
  6
CONTINUOUS
100
AcDbLine
 10
1.2204409448818898
 20
1.1573228346456692
 30
0
 11
1.0826456692913387
 21
1.1573228346456692
 31
0
  0
LINE
  5
4AC
330
1A
100
AcDbEntity
  8
BLACK
  6
CONTINUOUS
100
AcDbLine
 10
1.0826456692913387
 20
1.1573228346456692
 30
0
 11
1.0818923622047243
 21
1.1574726771653543
 31
0
  0
LINE
  5
4AD
330
1A
100
AcDbEntity
  8
BLACK
  6
CONTINUOUS
100
AcDbLine
 10
1.0818923622047243
 20
1.1574726771653543
 30
0
 11
1.0808270078740156
 21
1.1585380314960629
 31
0
  0
LINE
  5
4AE
330
1A
100
AcDbEntity
  8
BLACK
  6
CONTINUOUS
100
AcDbLine
 10
1.0808270078740156
 20
1.1585380314960629
 30
0
 11
1.0806771653543308
 21
1.1592913385826771
 31
0
  0
LINE
  5
4AF
330
1A
100
AcDbEntity
  8
BLACK
  6
CONTINUOUS
100
AcDbLine
 10
1.0806771653543308
 20
1.1592913385826771
 30
0
 11
1.0806771653543308
 21
1.4333070866141733
 31
0
  0
LINE
  5
4B0
330
1A
100
AcDbEntity
  8
BLACK
  6
CONTINUOUS
100
AcDbLine
 10
1.0806771653543308
 20
1.4333070866141733
 30
0
 11
1.0808270078740156
 21
1.4340603937007874
 31
0
  0
LINE
  5
4B1
330
1A
100
AcDbEntity
  8
BLACK
  6
CONTINUOUS
100
AcDbLine
 10
1.0808270078740156
 20
1.4340603937007874
 30
0
 11
1.0818923622047243
 21
1.4351257480314961
 31
0
  0
LINE
  5
4B2
330
1A
100
AcDbEntity
  8
BLACK
  6
CONTINUOUS
100
AcDbLine
 10
1.0818923622047243
 20
1.4351257480314961
 30
0
 11
1.0826456692913387
 21
1.4352755905511811
 31
0
  0
LINE
  5
4B3
330
1A
100
AcDbEntity
  8
BLACK
  6
CONTINUOUS
100
AcDbLine
 10
1.0826456692913387
 20
1.4352755905511811
 30
0
 11
1.2204409448818898
 21
1.4352755905511811
 31
0
  0
LINE
  5
4B4
330
1A
100
AcDbEntity
  8
BLACK
  6
CONTINUOUS
100
AcDbLine
 10
1.2204409448818898
 20
1.4352755905511811
 30
0
 11
1.221194251968504
 21
1.4351257480314961
 31
0
  0
LINE
  5
4B5
330
1A
100
AcDbEntity
  8
BLACK
  6
CONTINUOUS
100
AcDbLine
 10
1.0846141732283465
 20
1.4313385826771654
 30
0
 11
1.0846141732283465
 21
1.1612598425196849
 31
0
  0
LINE
  5
4B6
330
1A
100
AcDbEntity
  8
BLACK
  6
CONTINUOUS
100
AcDbLine
 10
1.0846141732283465
 20
1.1612598425196849
 30
0
 11
1.2184724409448819
 21
1.1612598425196849
 31
0
  0
LINE
  5
4B7
330
1A
100
AcDbEntity
  8
BLACK
  6
CONTINUOUS
100
AcDbLine
 10
1.2184724409448819
 20
1.1612598425196849
 30
0
 11
1.2184724409448819
 21
1.4313385826771654
 31
0
  0
LINE
  5
4B8
330
1A
100
AcDbEntity
  8
BLACK
  6
CONTINUOUS
100
AcDbLine
 10
1.2184724409448819
 20
1.4313385826771654
 30
0
 11
1.0846141732283465
 21
1.4313385826771654
 31
0
  0
LINE
  5
4B9
330
1A
100
AcDbEntity
  8
BLACK
  6
CONTINUOUS
100
AcDbLine
 10
1.320698188976378
 20
1.3678186614173229
 30
0
 11
1.3217635433070867
 21
1.3667533070866142
 31
0
  0
LINE
  5
4BA
330
1A
100
AcDbEntity
  8
BLACK
  6
CONTINUOUS
100
AcDbLine
 10
1.3217635433070867
 20
1.3667533070866142
 30
0
 11
1.3219133858267715
 21
1.3659999999999999
 31
0
  0
LINE
  5
4BB
330
1A
100
AcDbEntity
  8
BLACK
  6
CONTINUOUS
100
AcDbLine
 10
1.3219133858267715
 20
1.3659999999999999
 30
0
 11
1.3219133858267715
 21
1.2337165354330708
 31
0
  0
LINE
  5
4BC
330
1A
100
AcDbEntity
  8
BLACK
  6
CONTINUOUS
100
AcDbLine
 10
1.3219133858267715
 20
1.2337165354330708
 30
0
 11
1.3217635433070867
 21
1.2329632283464567
 31
0
  0
LINE
  5
4BD
330
1A
100
AcDbEntity
  8
BLACK
  6
CONTINUOUS
100
AcDbLine
 10
1.3217635433070867
 20
1.2329632283464567
 30
0
 11
1.320698188976378
 21
1.231897874015748
 31
0
  0
LINE
  5
4BE
330
1A
100
AcDbEntity
  8
BLACK
  6
CONTINUOUS
100
AcDbLine
 10
1.320698188976378
 20
1.231897874015748
 30
0
 11
1.3199448818897637
 21
1.2317480314960629
 31
0
  0
LINE
  5
4BF
330
1A
100
AcDbEntity
  8
BLACK
  6
CONTINUOUS
100
AcDbLine
 10
1.3199448818897637
 20
1.2317480314960629
 30
0
 11
1.2451417322834646
 21
1.2317480314960629
 31
0
  0
LINE
  5
4C0
330
1A
100
AcDbEntity
  8
BLACK
  6
CONTINUOUS
100
AcDbLine
 10
1.2451417322834646
 20
1.2317480314960629
 30
0
 11
1.2443884251968504
 21
1.231897874015748
 31
0
  0
LINE
  5
4C1
330
1A
100
AcDbEntity
  8
BLACK
  6
CONTINUOUS
100
AcDbLine
 10
1.2443884251968504
 20
1.231897874015748
 30
0
 11
1.2433230708661418
 21
1.2329632283464567
 31
0
  0
LINE
  5
4C2
330
1A
100
AcDbEntity
  8
BLACK
  6
CONTINUOUS
100
AcDbLine
 10
1.2433230708661418
 20
1.2329632283464567
 30
0
 11
1.2431732283464567
 21
1.2337165354330708
 31
0
  0
LINE
  5
4C3
330
1A
100
AcDbEntity
  8
BLACK
  6
CONTINUOUS
100
AcDbLine
 10
1.2431732283464567
 20
1.2337165354330708
 30
0
 11
1.2431732283464567
 21
1.3659999999999999
 31
0
  0
LINE
  5
4C4
330
1A
100
AcDbEntity
  8
BLACK
  6
CONTINUOUS
100
AcDbLine
 10
1.2431732283464567
 20
1.3659999999999999
 30
0
 11
1.2433230708661418
 21
1.3667533070866142
 31
0
  0
LINE
  5
4C5
330
1A
100
AcDbEntity
  8
BLACK
  6
CONTINUOUS
100
AcDbLine
 10
1.2433230708661418
 20
1.3667533070866142
 30
0
 11
1.2443884251968504
 21
1.3678186614173229
 31
0
  0
LINE
  5
4C6
330
1A
100
AcDbEntity
  8
BLACK
  6
CONTINUOUS
100
AcDbLine
 10
1.2443884251968504
 20
1.3678186614173229
 30
0
 11
1.2451417322834646
 21
1.3679685039370078
 31
0
  0
LINE
  5
4C7
330
1A
100
AcDbEntity
  8
BLACK
  6
CONTINUOUS
100
AcDbLine
 10
1.2451417322834646
 20
1.3679685039370078
 30
0
 11
1.3199448818897637
 21
1.3679685039370078
 31
0
  0
LINE
  5
4C8
330
1A
100
AcDbEntity
  8
BLACK
  6
CONTINUOUS
100
AcDbLine
 10
1.3199448818897637
 20
1.3679685039370078
 30
0
 11
1.320698188976378
 21
1.3678186614173229
 31
0
  0
LINE
  5
4C9
330
1A
100
AcDbEntity
  8
BLACK
  6
CONTINUOUS
100
AcDbLine
 10
1.2471102362204725
 20
1.364031496062992
 30
0
 11
1.2471102362204725
 21
1.2356850393700787
 31
0
  0
LINE
  5
4CA
330
1A
100
AcDbEntity
  8
BLACK
  6
CONTINUOUS
100
AcDbLine
 10
1.2471102362204725
 20
1.2356850393700787
 30
0
 11
1.3179763779527558
 21
1.2356850393700787
 31
0
  0
LINE
  5
4CB
330
1A
100
AcDbEntity
  8
BLACK
  6
CONTINUOUS
100
AcDbLine
 10
1.3179763779527558
 20
1.2356850393700787
 30
0
 11
1.3179763779527558
 21
1.364031496062992
 31
0
  0
LINE
  5
4CC
330
1A
100
AcDbEntity
  8
BLACK
  6
CONTINUOUS
100
AcDbLine
 10
1.3179763779527558
 20
1.364031496062992
 30
0
 11
1.2471102362204725
 21
1.364031496062992
 31
0
  0
LINE
  5
4CD
330
1A
100
AcDbEntity
  8
BLACK
  6
CONTINUOUS
100
AcDbLine
 10
3.2285485826771652
 20
1.4193777165354331
 30
0
 11
3.229613937007874
 21
1.4183123622047245
 31
0
  0
LINE
  5
4CE
330
1A
100
AcDbEntity
  8
BLACK
  6
CONTINUOUS
100
AcDbLine
 10
3.229613937007874
 20
1.4183123622047245
 30
0
 11
3.2297637795275591
 21
1.4175590551181103
 31
0
  0
LINE
  5
4CF
330
1A
100
AcDbEntity
  8
BLACK
  6
CONTINUOUS
100
AcDbLine
 10
3.2297637795275591
 20
1.4175590551181103
 30
0
 11
3.2297637795275591
 21
1.3403937007874016
 31
0
  0
LINE
  5
4D0
330
1A
100
AcDbEntity
  8
BLACK
  6
CONTINUOUS
100
AcDbLine
 10
3.2297637795275591
 20
1.3403937007874016
 30
0
 11
3.229613937007874
 21
1.3396403937007875
 31
0
  0
LINE
  5
4D1
330
1A
100
AcDbEntity
  8
BLACK
  6
CONTINUOUS
100
AcDbLine
 10
3.229613937007874
 20
1.3396403937007875
 30
0
 11
3.2285485826771652
 21
1.3385750393700786
 31
0
  0
LINE
  5
4D2
330
1A
100
AcDbEntity
  8
BLACK
  6
CONTINUOUS
100
AcDbLine
 10
3.2285485826771652
 20
1.3385750393700786
 30
0
 11
3.2277952755905512
 21
1.3384251968503937
 31
0
  0
LINE
  5
4D3
330
1A
100
AcDbEntity
  8
BLACK
  6
CONTINUOUS
100
AcDbLine
 10
3.2277952755905512
 20
1.3384251968503937
 30
0
 11
3.0939370078740156
 21
1.3384251968503937
 31
0
  0
LINE
  5
4D4
330
1A
100
AcDbEntity
  8
BLACK
  6
CONTINUOUS
100
AcDbLine
 10
3.0939370078740156
 20
1.3384251968503937
 30
0
 11
3.0939370078740156
 21
1.3368503937007874
 31
0
  0
LINE
  5
4D5
330
1A
100
AcDbEntity
  8
BLACK
  6
CONTINUOUS
100
AcDbLine
 10
3.0939370078740156
 20
1.3368503937007874
 30
0
 11
3.2277952755905512
 21
1.3368503937007874
 31
0
  0
LINE
  5
4D6
330
1A
100
AcDbEntity
  8
BLACK
  6
CONTINUOUS
100
AcDbLine
 10
3.2277952755905512
 20
1.3368503937007874
 30
0
 11
3.2285485826771652
 21
1.3367005511811023
 31
0
  0
LINE
  5
4D7
330
1A
100
AcDbEntity
  8
BLACK
  6
CONTINUOUS
100
AcDbLine
 10
3.2285485826771652
 20
1.3367005511811023
 30
0
 11
3.229613937007874
 21
1.3356351968503937
 31
0
  0
LINE
  5
4D8
330
1A
100
AcDbEntity
  8
BLACK
  6
CONTINUOUS
100
AcDbLine
 10
3.229613937007874
 20
1.3356351968503937
 30
0
 11
3.2297637795275591
 21
1.3348818897637795
 31
0
  0
LINE
  5
4D9
330
1A
100
AcDbEntity
  8
BLACK
  6
CONTINUOUS
100
AcDbLine
 10
3.2297637795275591
 20
1.3348818897637795
 30
0
 11
3.2297637795275591
 21
1.2577165354330708
 31
0
  0
LINE
  5
4DA
330
1A
100
AcDbEntity
  8
BLACK
  6
CONTINUOUS
100
AcDbLine
 10
3.2297637795275591
 20
1.2577165354330708
 30
0
 11
3.229613937007874
 21
1.2569632283464567
 31
0
  0
LINE
  5
4DB
330
1A
100
AcDbEntity
  8
BLACK
  6
CONTINUOUS
100
AcDbLine
 10
3.229613937007874
 20
1.2569632283464567
 30
0
 11
3.2285485826771652
 21
1.255897874015748
 31
0
  0
LINE
  5
4DC
330
1A
100
AcDbEntity
  8
BLACK
  6
CONTINUOUS
100
AcDbLine
 10
3.2285485826771652
 20
1.255897874015748
 30
0
 11
3.2277952755905512
 21
1.255748031496063
 31
0
  0
LINE
  5
4DD
330
1A
100
AcDbEntity
  8
BLACK
  6
CONTINUOUS
100
AcDbLine
 10
3.2277952755905512
 20
1.255748031496063
 30
0
 11
3.0939370078740156
 21
1.255748031496063
 31
0
  0
LINE
  5
4DE
330
1A
100
AcDbEntity
  8
BLACK
  6
CONTINUOUS
100
AcDbLine
 10
3.0939370078740156
 20
1.255748031496063
 30
0
 11
3.0936522047244095
 21
1.25580468503937
 31
0
  0
LINE
  5
4DF
330
1A
100
AcDbEntity
  8
BLACK
  6
CONTINUOUS
100
AcDbLine
 10
3.0936522047244095
 20
1.25580468503937
 30
0
 11
3.0927218110236221
 21
1.2548742519685039
 31
0
  0
LINE
  5
4E0
330
1A
100
AcDbEntity
  8
BLACK
  6
CONTINUOUS
100
AcDbLine
 10
3.0927218110236221
 20
1.2548742519685039
 30
0
 11
3.0919685039370077
 21
1.2547244094488188
 31
0
  0
LINE
  5
4E1
330
1A
100
AcDbEntity
  8
BLACK
  6
CONTINUOUS
100
AcDbLine
 10
3.0919685039370077
 20
1.2547244094488188
 30
0
 11
3.0171653543307086
 21
1.2547244094488188
 31
0
  0
LINE
  5
4E2
330
1A
100
AcDbEntity
  8
BLACK
  6
CONTINUOUS
100
AcDbLine
 10
3.0171653543307086
 20
1.2547244094488188
 30
0
 11
3.0164120472440943
 21
1.2548742519685039
 31
0
  0
LINE
  5
4E3
330
1A
100
AcDbEntity
  8
BLACK
  6
CONTINUOUS
100
AcDbLine
 10
3.0164120472440943
 20
1.2548742519685039
 30
0
 11
3.0153466929133859
 21
1.2559396062992125
 31
0
  0
LINE
  5
4E4
330
1A
100
AcDbEntity
  8
BLACK
  6
CONTINUOUS
100
AcDbLine
 10
3.0153466929133859
 20
1.2559396062992125
 30
0
 11
3.0151968503937008
 21
1.2566929133858267
 31
0
  0
LINE
  5
4E5
330
1A
100
AcDbEntity
  8
BLACK
  6
CONTINUOUS
100
AcDbLine
 10
3.0151968503937008
 20
1.2566929133858267
 30
0
 11
3.0150470078740157
 21
1.2559396062992125
 31
0
  0
LINE
  5
4E6
330
1A
100
AcDbEntity
  8
BLACK
  6
CONTINUOUS
100
AcDbLine
 10
3.0150470078740157
 20
1.2559396062992125
 30
0
 11
3.0139816535433068
 21
1.2548742519685039
 31
0
  0
LINE
  5
4E7
330
1A
100
AcDbEntity
  8
BLACK
  6
CONTINUOUS
100
AcDbLine
 10
3.0139816535433068
 20
1.2548742519685039
 30
0
 11
3.0132283464566929
 21
1.2547244094488188
 31
0
  0
LINE
  5
4E8
330
1A
100
AcDbEntity
  8
BLACK
  6
CONTINUOUS
100
AcDbLine
 10
3.0132283464566929
 20
1.2547244094488188
 30
0
 11
2.9384251968503938
 21
1.2547244094488188
 31
0
  0
LINE
  5
4E9
330
1A
100
AcDbEntity
  8
BLACK
  6
CONTINUOUS
100
AcDbLine
 10
2.9384251968503938
 20
1.2547244094488188
 30
0
 11
2.9376718897637795
 21
1.2548742519685039
 31
0
  0
LINE
  5
4EA
330
1A
100
AcDbEntity
  8
BLACK
  6
CONTINUOUS
100
AcDbLine
 10
2.9376718897637795
 20
1.2548742519685039
 30
0
 11
2.9366065354330706
 21
1.2559396062992125
 31
0
  0
LINE
  5
4EB
330
1A
100
AcDbEntity
  8
BLACK
  6
CONTINUOUS
100
AcDbLine
 10
2.9366065354330706
 20
1.2559396062992125
 30
0
 11
2.936456692913386
 21
1.2566929133858267
 31
0
  0
LINE
  5
4EC
330
1A
100
AcDbEntity
  8
BLACK
  6
CONTINUOUS
100
AcDbLine
 10
2.936456692913386
 20
1.2566929133858267
 30
0
 11
2.936456692913386
 21
1.388976377952756
 31
0
  0
LINE
  5
4ED
330
1A
100
AcDbEntity
  8
BLACK
  6
CONTINUOUS
100
AcDbLine
 10
2.936456692913386
 20
1.388976377952756
 30
0
 11
2.9366065354330706
 21
1.3897296850393701
 31
0
  0
LINE
  5
4EE
330
1A
100
AcDbEntity
  8
BLACK
  6
CONTINUOUS
100
AcDbLine
 10
2.9366065354330706
 20
1.3897296850393701
 30
0
 11
2.9376718897637795
 21
1.3907950393700788
 31
0
  0
LINE
  5
4EF
330
1A
100
AcDbEntity
  8
BLACK
  6
CONTINUOUS
100
AcDbLine
 10
2.9376718897637795
 20
1.3907950393700788
 30
0
 11
2.9384251968503938
 21
1.3909448818897638
 31
0
  0
LINE
  5
4F0
330
1A
100
AcDbEntity
  8
BLACK
  6
CONTINUOUS
100
AcDbLine
 10
2.9384251968503938
 20
1.3909448818897638
 30
0
 11
3.0132283464566929
 21
1.3909448818897638
 31
0
  0
LINE
  5
4F1
330
1A
100
AcDbEntity
  8
BLACK
  6
CONTINUOUS
100
AcDbLine
 10
3.0132283464566929
 20
1.3909448818897638
 30
0
 11
3.0139816535433068
 21
1.3907950393700788
 31
0
  0
LINE
  5
4F2
330
1A
100
AcDbEntity
  8
BLACK
  6
CONTINUOUS
100
AcDbLine
 10
3.0139816535433068
 20
1.3907950393700788
 30
0
 11
3.0150470078740157
 21
1.3897296850393701
 31
0
  0
LINE
  5
4F3
330
1A
100
AcDbEntity
  8
BLACK
  6
CONTINUOUS
100
AcDbLine
 10
3.0150470078740157
 20
1.3897296850393701
 30
0
 11
3.0151968503937008
 21
1.388976377952756
 31
0
  0
LINE
  5
4F4
330
1A
100
AcDbEntity
  8
BLACK
  6
CONTINUOUS
100
AcDbLine
 10
3.0151968503937008
 20
1.388976377952756
 30
0
 11
3.0153466929133859
 21
1.3897296850393701
 31
0
  0
LINE
  5
4F5
330
1A
100
AcDbEntity
  8
BLACK
  6
CONTINUOUS
100
AcDbLine
 10
3.0153466929133859
 20
1.3897296850393701
 30
0
 11
3.0164120472440943
 21
1.3907950393700788
 31
0
  0
LINE
  5
4F6
330
1A
100
AcDbEntity
  8
BLACK
  6
CONTINUOUS
100
AcDbLine
 10
3.0164120472440943
 20
1.3907950393700788
 30
0
 11
3.0171653543307086
 21
1.3909448818897638
 31
0
  0
LINE
  5
4F7
330
1A
100
AcDbEntity
  8
BLACK
  6
CONTINUOUS
100
AcDbLine
 10
3.0171653543307086
 20
1.3909448818897638
 30
0
 11
3.0919685039370077
 21
1.3909448818897638
 31
0
  0
LINE
  5
4F8
330
1A
100
AcDbEntity
  8
BLACK
  6
CONTINUOUS
100
AcDbLine
 10
3.0919685039370077
 20
1.3909448818897638
 30
0
 11
3.0919685039370077
 21
1.4175590551181103
 31
0
  0
LINE
  5
4F9
330
1A
100
AcDbEntity
  8
BLACK
  6
CONTINUOUS
100
AcDbLine
 10
3.0919685039370077
 20
1.4175590551181103
 30
0
 11
3.0921183464566928
 21
1.4183123622047245
 31
0
  0
LINE
  5
4FA
330
1A
100
AcDbEntity
  8
BLACK
  6
CONTINUOUS
100
AcDbLine
 10
3.0921183464566928
 20
1.4183123622047245
 30
0
 11
3.0931837007874017
 21
1.4193777165354331
 31
0
  0
LINE
  5
4FB
330
1A
100
AcDbEntity
  8
BLACK
  6
CONTINUOUS
100
AcDbLine
 10
3.0931837007874017
 20
1.4193777165354331
 30
0
 11
3.0939370078740156
 21
1.4195275590551182
 31
0
  0
LINE
  5
4FC
330
1A
100
AcDbEntity
  8
BLACK
  6
CONTINUOUS
100
AcDbLine
 10
3.0939370078740156
 20
1.4195275590551182
 30
0
 11
3.2277952755905512
 21
1.4195275590551182
 31
0
  0
LINE
  5
4FD
330
1A
100
AcDbEntity
  8
BLACK
  6
CONTINUOUS
100
AcDbLine
 10
3.2277952755905512
 20
1.4195275590551182
 30
0
 11
3.2285485826771652
 21
1.4193777165354331
 31
0
  0
LINE
  5
4FE
330
1A
100
AcDbEntity
  8
BLACK
  6
CONTINUOUS
100
AcDbLine
 10
3.0191338582677165
 20
1.3870078740157481
 30
0
 11
3.0191338582677165
 21
1.2586614173228345
 31
0
  0
LINE
  5
4FF
330
1A
100
AcDbEntity
  8
BLACK
  6
CONTINUOUS
100
AcDbLine
 10
3.0191338582677165
 20
1.2586614173228345
 30
0
 11
3.0899999999999999
 21
1.2586614173228345
 31
0
  0
LINE
  5
500
330
1A
100
AcDbEntity
  8
BLACK
  6
CONTINUOUS
100
AcDbLine
 10
3.0899999999999999
 20
1.2586614173228345
 30
0
 11
3.0899999999999999
 21
1.3870078740157481
 31
0
  0
LINE
  5
501
330
1A
100
AcDbEntity
  8
BLACK
  6
CONTINUOUS
100
AcDbLine
 10
3.0899999999999999
 20
1.3870078740157481
 30
0
 11
3.0191338582677165
 21
1.3870078740157481
 31
0
  0
LINE
  5
502
330
1A
100
AcDbEntity
  8
BLACK
  6
CONTINUOUS
100
AcDbLine
 10
2.9403937007874017
 20
1.3870078740157481
 30
0
 11
2.9403937007874017
 21
1.2586614173228345
 31
0
  0
LINE
  5
503
330
1A
100
AcDbEntity
  8
BLACK
  6
CONTINUOUS
100
AcDbLine
 10
2.9403937007874017
 20
1.2586614173228345
 30
0
 11
3.011259842519685
 21
1.2586614173228345
 31
0
  0
LINE
  5
504
330
1A
100
AcDbEntity
  8
BLACK
  6
CONTINUOUS
100
AcDbLine
 10
3.011259842519685
 20
1.2586614173228345
 30
0
 11
3.011259842519685
 21
1.3870078740157481
 31
0
  0
LINE
  5
505
330
1A
100
AcDbEntity
  8
BLACK
  6
CONTINUOUS
100
AcDbLine
 10
3.011259842519685
 20
1.3870078740157481
 30
0
 11
2.9403937007874017
 21
1.3870078740157481
 31
0
  0
LINE
  5
506
330
1A
100
AcDbEntity
  8
BLACK
  6
CONTINUOUS
100
AcDbLine
 10
3.0959055118110235
 20
1.3329133858267717
 30
0
 11
3.0959055118110235
 21
1.2596850393700787
 31
0
  0
LINE
  5
507
330
1A
100
AcDbEntity
  8
BLACK
  6
CONTINUOUS
100
AcDbLine
 10
3.0959055118110235
 20
1.2596850393700787
 30
0
 11
3.2258267716535434
 21
1.2596850393700787
 31
0
  0
LINE
  5
508
330
1A
100
AcDbEntity
  8
BLACK
  6
CONTINUOUS
100
AcDbLine
 10
3.2258267716535434
 20
1.2596850393700787
 30
0
 11
3.2258267716535434
 21
1.3329133858267717
 31
0
  0
LINE
  5
509
330
1A
100
AcDbEntity
  8
BLACK
  6
CONTINUOUS
100
AcDbLine
 10
3.2258267716535434
 20
1.3329133858267717
 30
0
 11
3.0959055118110235
 21
1.3329133858267717
 31
0
  0
LINE
  5
50A
330
1A
100
AcDbEntity
  8
BLACK
  6
CONTINUOUS
100
AcDbLine
 10
3.0959055118110235
 20
1.4155905511811022
 30
0
 11
3.0959055118110235
 21
1.3423622047244095
 31
0
  0
LINE
  5
50B
330
1A
100
AcDbEntity
  8
BLACK
  6
CONTINUOUS
100
AcDbLine
 10
3.0959055118110235
 20
1.3423622047244095
 30
0
 11
3.2258267716535434
 21
1.3423622047244095
 31
0
  0
LINE
  5
50C
330
1A
100
AcDbEntity
  8
BLACK
  6
CONTINUOUS
100
AcDbLine
 10
3.2258267716535434
 20
1.3423622047244095
 30
0
 11
3.2258267716535434
 21
1.4155905511811022
 31
0
  0
LINE
  5
50D
330
1A
100
AcDbEntity
  8
BLACK
  6
CONTINUOUS
100
AcDbLine
 10
3.2258267716535434
 20
1.4155905511811022
 30
0
 11
3.0959055118110235
 21
1.4155905511811022
 31
0
  0
LINE
  5
50E
330
1A
100
AcDbEntity
  8
BLACK
  6
CONTINUOUS
100
AcDbLine
 10
1.0753215354330707
 20
1.4049093307086613
 30
0
 11
1.0758542125984252
 21
1.4043766535433071
 31
0
  0
LINE
  5
50F
330
1A
100
AcDbEntity
  8
BLACK
  6
CONTINUOUS
100
AcDbLine
 10
1.0758542125984252
 20
1.4043766535433071
 30
0
 11
1.0759291338582677
 21
1.4039999999999999
 31
0
  0
LINE
  5
510
330
1A
100
AcDbEntity
  8
BLACK
  6
CONTINUOUS
100
AcDbLine
 10
1.0759291338582677
 20
1.4039999999999999
 30
0
 11
1.0759291338582677
 21
1.2717165354330708
 31
0
  0
LINE
  5
511
330
1A
100
AcDbEntity
  8
BLACK
  6
CONTINUOUS
100
AcDbLine
 10
1.0759291338582677
 20
1.2717165354330708
 30
0
 11
1.0758542125984252
 21
1.2713398818897637
 31
0
  0
LINE
  5
512
330
1A
100
AcDbEntity
  8
BLACK
  6
CONTINUOUS
100
AcDbLine
 10
1.0758542125984252
 20
1.2713398818897637
 30
0
 11
1.0753215354330707
 21
1.2708072047244094
 31
0
  0
LINE
  5
513
330
1A
100
AcDbEntity
  8
BLACK
  6
CONTINUOUS
100
AcDbLine
 10
1.0753215354330707
 20
1.2708072047244094
 30
0
 11
1.0749448818897638
 21
1.2707322834645669
 31
0
  0
LINE
  5
514
330
1A
100
AcDbEntity
  8
BLACK
  6
CONTINUOUS
100
AcDbLine
 10
1.0749448818897638
 20
1.2707322834645669
 30
0
 11
1.0001417322834645
 21
1.2707322834645669
 31
0
  0
LINE
  5
515
330
1A
100
AcDbEntity
  8
BLACK
  6
CONTINUOUS
100
AcDbLine
 10
1.0001417322834645
 20
1.2707322834645669
 30
0
 11
0.9997650787401574
 21
1.2708072047244094
 31
0
  0
LINE
  5
516
330
1A
100
AcDbEntity
  8
BLACK
  6
CONTINUOUS
100
AcDbLine
 10
0.9997650787401574
 20
1.2708072047244094
 30
0
 11
0.9992324015748031
 21
1.2713398818897637
 31
0
  0
LINE
  5
517
330
1A
100
AcDbEntity
  8
BLACK
  6
CONTINUOUS
100
AcDbLine
 10
0.9992324015748031
 20
1.2713398818897637
 30
0
 11
0.9991574803149607
 21
1.2717165354330708
 31
0
  0
LINE
  5
518
330
1A
100
AcDbEntity
  8
BLACK
  6
CONTINUOUS
100
AcDbLine
 10
0.9991574803149607
 20
1.2717165354330708
 30
0
 11
0.9991574803149607
 21
1.4039999999999999
 31
0
  0
LINE
  5
519
330
1A
100
AcDbEntity
  8
BLACK
  6
CONTINUOUS
100
AcDbLine
 10
0.9991574803149607
 20
1.4039999999999999
 30
0
 11
0.9992324015748031
 21
1.4043766535433071
 31
0
  0
LINE
  5
51A
330
1A
100
AcDbEntity
  8
BLACK
  6
CONTINUOUS
100
AcDbLine
 10
0.9992324015748031
 20
1.4043766535433071
 30
0
 11
0.9997650787401574
 21
1.4049093307086613
 31
0
  0
LINE
  5
51B
330
1A
100
AcDbEntity
  8
BLACK
  6
CONTINUOUS
100
AcDbLine
 10
0.9997650787401574
 20
1.4049093307086613
 30
0
 11
1.0001417322834645
 21
1.4049842519685038
 31
0
  0
LINE
  5
51C
330
1A
100
AcDbEntity
  8
BLACK
  6
CONTINUOUS
100
AcDbLine
 10
1.0001417322834645
 20
1.4049842519685038
 30
0
 11
1.0749448818897638
 21
1.4049842519685038
 31
0
  0
LINE
  5
51D
330
1A
100
AcDbEntity
  8
BLACK
  6
CONTINUOUS
100
AcDbLine
 10
1.0749448818897638
 20
1.4049842519685038
 30
0
 11
1.0753215354330707
 21
1.4049093307086613
 31
0
  0
LINE
  5
51E
330
1A
100
AcDbEntity
  8
BLACK
  6
CONTINUOUS
100
AcDbLine
 10
1.0011259842519684
 20
1.403015748031496
 30
0
 11
1.0011259842519684
 21
1.2727007874015748
 31
0
  0
LINE
  5
51F
330
1A
100
AcDbEntity
  8
BLACK
  6
CONTINUOUS
100
AcDbLine
 10
1.0011259842519684
 20
1.2727007874015748
 30
0
 11
1.0739606299212598
 21
1.2727007874015748
 31
0
  0
LINE
  5
520
330
1A
100
AcDbEntity
  8
BLACK
  6
CONTINUOUS
100
AcDbLine
 10
1.0739606299212598
 20
1.2727007874015748
 30
0
 11
1.0739606299212598
 21
1.403015748031496
 31
0
  0
LINE
  5
521
330
1A
100
AcDbEntity
  8
BLACK
  6
CONTINUOUS
100
AcDbLine
 10
1.0739606299212598
 20
1.403015748031496
 30
0
 11
1.0011259842519684
 21
1.403015748031496
 31
0
  0
LINE
  5
522
330
1A
100
AcDbEntity
  8
BLACK
  6
CONTINUOUS
100
AcDbLine
 10
3.7767769291338582
 20
1.4429997637795275
 30
0
 11
3.7778422834645666
 21
1.4419344094488189
 31
0
  0
LINE
  5
523
330
1A
100
AcDbEntity
  8
BLACK
  6
CONTINUOUS
100
AcDbLine
 10
3.7778422834645666
 20
1.4419344094488189
 30
0
 11
3.7779921259842517
 21
1.4411811023622048
 31
0
  0
LINE
  5
524
330
1A
100
AcDbEntity
  8
BLACK
  6
CONTINUOUS
100
AcDbLine
 10
3.7779921259842517
 20
1.4411811023622048
 30
0
 11
3.7779921259842517
 21
1.3640157480314961
 31
0
  0
LINE
  5
525
330
1A
100
AcDbEntity
  8
BLACK
  6
CONTINUOUS
100
AcDbLine
 10
3.7779921259842517
 20
1.3640157480314961
 30
0
 11
3.7778422834645666
 21
1.3632624409448819
 31
0
  0
LINE
  5
526
330
1A
100
AcDbEntity
  8
BLACK
  6
CONTINUOUS
100
AcDbLine
 10
3.7778422834645666
 20
1.3632624409448819
 30
0
 11
3.7778081889763779
 21
1.3632283464566928
 31
0
  0
LINE
  5
527
330
1A
100
AcDbEntity
  8
BLACK
  6
CONTINUOUS
100
AcDbLine
 10
3.7778081889763779
 20
1.3632283464566928
 30
0
 11
3.7788265354330708
 21
1.3622099999999999
 31
0
  0
LINE
  5
528
330
1A
100
AcDbEntity
  8
BLACK
  6
CONTINUOUS
100
AcDbLine
 10
3.7788265354330708
 20
1.3622099999999999
 30
0
 11
3.7789763779527559
 21
1.3614566929133858
 31
0
  0
LINE
  5
529
330
1A
100
AcDbEntity
  8
BLACK
  6
CONTINUOUS
100
AcDbLine
 10
3.7789763779527559
 20
1.3614566929133858
 30
0
 11
3.7789763779527559
 21
1.2842913385826771
 31
0
  0
LINE
  5
52A
330
1A
100
AcDbEntity
  8
BLACK
  6
CONTINUOUS
100
AcDbLine
 10
3.7789763779527559
 20
1.2842913385826771
 30
0
 11
3.7788265354330708
 21
1.2835380314960629
 31
0
  0
LINE
  5
52B
330
1A
100
AcDbEntity
  8
BLACK
  6
CONTINUOUS
100
AcDbLine
 10
3.7788265354330708
 20
1.2835380314960629
 30
0
 11
3.7777611811023619
 21
1.2824726771653543
 31
0
  0
LINE
  5
52C
330
1A
100
AcDbEntity
  8
BLACK
  6
CONTINUOUS
100
AcDbLine
 10
3.7777611811023619
 20
1.2824726771653543
 30
0
 11
3.777007874015748
 21
1.2823228346456692
 31
0
  0
LINE
  5
52D
330
1A
100
AcDbEntity
  8
BLACK
  6
CONTINUOUS
100
AcDbLine
 10
3.777007874015748
 20
1.2823228346456692
 30
0
 11
3.6431496062992124
 21
1.2823228346456692
 31
0
  0
LINE
  5
52E
330
1A
100
AcDbEntity
  8
BLACK
  6
CONTINUOUS
100
AcDbLine
 10
3.6431496062992124
 20
1.2823228346456692
 30
0
 11
3.6423962992125984
 21
1.2824726771653543
 31
0
  0
LINE
  5
52F
330
1A
100
AcDbEntity
  8
BLACK
  6
CONTINUOUS
100
AcDbLine
 10
3.6423962992125984
 20
1.2824726771653543
 30
0
 11
3.6413309448818896
 21
1.2835380314960629
 31
0
  0
LINE
  5
530
330
1A
100
AcDbEntity
  8
BLACK
  6
CONTINUOUS
100
AcDbLine
 10
3.6413309448818896
 20
1.2835380314960629
 30
0
 11
3.6411811023622045
 21
1.2842913385826771
 31
0
  0
LINE
  5
531
330
1A
100
AcDbEntity
  8
BLACK
  6
CONTINUOUS
100
AcDbLine
 10
3.6411811023622045
 20
1.2842913385826771
 30
0
 11
3.6411811023622045
 21
1.3614566929133858
 31
0
  0
LINE
  5
532
330
1A
100
AcDbEntity
  8
BLACK
  6
CONTINUOUS
100
AcDbLine
 10
3.6411811023622045
 20
1.3614566929133858
 30
0
 11
3.6413309448818896
 21
1.3622099999999999
 31
0
  0
LINE
  5
533
330
1A
100
AcDbEntity
  8
BLACK
  6
CONTINUOUS
100
AcDbLine
 10
3.6413309448818896
 20
1.3622099999999999
 30
0
 11
3.6413650393700787
 21
1.3622440944881888
 31
0
  0
LINE
  5
534
330
1A
100
AcDbEntity
  8
BLACK
  6
CONTINUOUS
100
AcDbLine
 10
3.6413650393700787
 20
1.3622440944881888
 30
0
 11
3.6403466929133859
 21
1.3632624409448819
 31
0
  0
LINE
  5
535
330
1A
100
AcDbEntity
  8
BLACK
  6
CONTINUOUS
100
AcDbLine
 10
3.6403466929133859
 20
1.3632624409448819
 30
0
 11
3.6401968503937008
 21
1.3640157480314961
 31
0
  0
LINE
  5
536
330
1A
100
AcDbEntity
  8
BLACK
  6
CONTINUOUS
100
AcDbLine
 10
3.6401968503937008
 20
1.3640157480314961
 30
0
 11
3.6401968503937008
 21
1.4411811023622048
 31
0
  0
LINE
  5
537
330
1A
100
AcDbEntity
  8
BLACK
  6
CONTINUOUS
100
AcDbLine
 10
3.6401968503937008
 20
1.4411811023622048
 30
0
 11
3.6403466929133859
 21
1.4419344094488189
 31
0
  0
LINE
  5
538
330
1A
100
AcDbEntity
  8
BLACK
  6
CONTINUOUS
100
AcDbLine
 10
3.6403466929133859
 20
1.4419344094488189
 30
0
 11
3.6414120472440943
 21
1.4429997637795275
 31
0
  0
LINE
  5
539
330
1A
100
AcDbEntity
  8
BLACK
  6
CONTINUOUS
100
AcDbLine
 10
3.6414120472440943
 20
1.4429997637795275
 30
0
 11
3.6421653543307086
 21
1.4431496062992126
 31
0
  0
LINE
  5
53A
330
1A
100
AcDbEntity
  8
BLACK
  6
CONTINUOUS
100
AcDbLine
 10
3.6421653543307086
 20
1.4431496062992126
 30
0
 11
3.7760236220472438
 21
1.4431496062992126
 31
0
  0
LINE
  5
53B
330
1A
100
AcDbEntity
  8
BLACK
  6
CONTINUOUS
100
AcDbLine
 10
3.7760236220472438
 20
1.4431496062992126
 30
0
 11
3.7767769291338582
 21
1.4429997637795275
 31
0
  0
LINE
  5
53C
330
1A
100
AcDbEntity
  8
BLACK
  6
CONTINUOUS
100
AcDbLine
 10
3.6451181102362202
 20
1.3594881889763779
 30
0
 11
3.6451181102362202
 21
1.2862598425196849
 31
0
  0
LINE
  5
53D
330
1A
100
AcDbEntity
  8
BLACK
  6
CONTINUOUS
100
AcDbLine
 10
3.6451181102362202
 20
1.2862598425196849
 30
0
 11
3.7750393700787401
 21
1.2862598425196849
 31
0
  0
LINE
  5
53E
330
1A
100
AcDbEntity
  8
BLACK
  6
CONTINUOUS
100
AcDbLine
 10
3.7750393700787401
 20
1.2862598425196849
 30
0
 11
3.7750393700787401
 21
1.3594881889763779
 31
0
  0
LINE
  5
53F
330
1A
100
AcDbEntity
  8
BLACK
  6
CONTINUOUS
100
AcDbLine
 10
3.7750393700787401
 20
1.3594881889763779
 30
0
 11
3.6451181102362202
 21
1.3594881889763779
 31
0
  0
LINE
  5
540
330
1A
100
AcDbEntity
  8
BLACK
  6
CONTINUOUS
100
AcDbLine
 10
3.6441338582677165
 20
1.4392125984251969
 30
0
 11
3.6441338582677165
 21
1.3659842519685039
 31
0
  0
LINE
  5
541
330
1A
100
AcDbEntity
  8
BLACK
  6
CONTINUOUS
100
AcDbLine
 10
3.6441338582677165
 20
1.3659842519685039
 30
0
 11
3.774055118110236
 21
1.3659842519685039
 31
0
  0
LINE
  5
542
330
1A
100
AcDbEntity
  8
BLACK
  6
CONTINUOUS
100
AcDbLine
 10
3.774055118110236
 20
1.3659842519685039
 30
0
 11
3.774055118110236
 21
1.4392125984251969
 31
0
  0
LINE
  5
543
330
1A
100
AcDbEntity
  8
BLACK
  6
CONTINUOUS
100
AcDbLine
 10
3.774055118110236
 20
1.4392125984251969
 30
0
 11
3.6441338582677165
 21
1.4392125984251969
 31
0
  0
LINE
  5
544
330
1A
100
AcDbEntity
  8
BLACK
  6
CONTINUOUS
100
AcDbLine
 10
1.6274383464566928
 20
1.3860785039370078
 30
0
 11
1.6285037007874015
 21
1.3850131496062992
 31
0
  0
LINE
  5
545
330
1A
100
AcDbEntity
  8
BLACK
  6
CONTINUOUS
100
AcDbLine
 10
1.6285037007874015
 20
1.3850131496062992
 30
0
 11
1.6286535433070866
 21
1.384259842519685
 31
0
  0
LINE
  5
546
330
1A
100
AcDbEntity
  8
BLACK
  6
CONTINUOUS
100
AcDbLine
 10
1.6286535433070866
 20
1.384259842519685
 30
0
 11
1.6286535433070866
 21
1.3094566929133857
 31
0
  0
LINE
  5
547
330
1A
100
AcDbEntity
  8
BLACK
  6
CONTINUOUS
100
AcDbLine
 10
1.6286535433070866
 20
1.3094566929133857
 30
0
 11
1.6285037007874015
 21
1.3087033858267716
 31
0
  0
LINE
  5
548
330
1A
100
AcDbEntity
  8
BLACK
  6
CONTINUOUS
100
AcDbLine
 10
1.6285037007874015
 20
1.3087033858267716
 30
0
 11
1.6274383464566928
 21
1.3076380314960629
 31
0
  0
LINE
  5
549
330
1A
100
AcDbEntity
  8
BLACK
  6
CONTINUOUS
100
AcDbLine
 10
1.6274383464566928
 20
1.3076380314960629
 30
0
 11
1.6266850393700787
 21
1.3074881889763779
 31
0
  0
LINE
  5
54A
330
1A
100
AcDbEntity
  8
BLACK
  6
CONTINUOUS
100
AcDbLine
 10
1.6266850393700787
 20
1.3074881889763779
 30
0
 11
1.4944015748031496
 21
1.3074881889763779
 31
0
  0
LINE
  5
54B
330
1A
100
AcDbEntity
  8
BLACK
  6
CONTINUOUS
100
AcDbLine
 10
1.4944015748031496
 20
1.3074881889763779
 30
0
 11
1.4936482677165355
 21
1.3076380314960629
 31
0
  0
LINE
  5
54C
330
1A
100
AcDbEntity
  8
BLACK
  6
CONTINUOUS
100
AcDbLine
 10
1.4936482677165355
 20
1.3076380314960629
 30
0
 11
1.4925829133858268
 21
1.3087033858267716
 31
0
  0
LINE
  5
54D
330
1A
100
AcDbEntity
  8
BLACK
  6
CONTINUOUS
100
AcDbLine
 10
1.4925829133858268
 20
1.3087033858267716
 30
0
 11
1.4924330708661417
 21
1.3094566929133857
 31
0
  0
LINE
  5
54E
330
1A
100
AcDbEntity
  8
BLACK
  6
CONTINUOUS
100
AcDbLine
 10
1.4924330708661417
 20
1.3094566929133857
 30
0
 11
1.4924330708661417
 21
1.384259842519685
 31
0
  0
LINE
  5
54F
330
1A
100
AcDbEntity
  8
BLACK
  6
CONTINUOUS
100
AcDbLine
 10
1.4924330708661417
 20
1.384259842519685
 30
0
 11
1.4925829133858268
 21
1.3850131496062992
 31
0
  0
LINE
  5
550
330
1A
100
AcDbEntity
  8
BLACK
  6
CONTINUOUS
100
AcDbLine
 10
1.4925829133858268
 20
1.3850131496062992
 30
0
 11
1.4936482677165355
 21
1.3860785039370078
 31
0
  0
LINE
  5
551
330
1A
100
AcDbEntity
  8
BLACK
  6
CONTINUOUS
100
AcDbLine
 10
1.4936482677165355
 20
1.3860785039370078
 30
0
 11
1.4944015748031496
 21
1.3862283464566929
 31
0
  0
LINE
  5
552
330
1A
100
AcDbEntity
  8
BLACK
  6
CONTINUOUS
100
AcDbLine
 10
1.4944015748031496
 20
1.3862283464566929
 30
0
 11
1.6266850393700787
 21
1.3862283464566929
 31
0
  0
LINE
  5
553
330
1A
100
AcDbEntity
  8
BLACK
  6
CONTINUOUS
100
AcDbLine
 10
1.6266850393700787
 20
1.3862283464566929
 30
0
 11
1.6274383464566928
 21
1.3860785039370078
 31
0
  0
LINE
  5
554
330
1A
100
AcDbEntity
  8
BLACK
  6
CONTINUOUS
100
AcDbLine
 10
1.4963700787401575
 20
1.3822913385826772
 30
0
 11
1.4963700787401575
 21
1.3114251968503936
 31
0
  0
LINE
  5
555
330
1A
100
AcDbEntity
  8
BLACK
  6
CONTINUOUS
100
AcDbLine
 10
1.4963700787401575
 20
1.3114251968503936
 30
0
 11
1.6247165354330708
 21
1.3114251968503936
 31
0
  0
LINE
  5
556
330
1A
100
AcDbEntity
  8
BLACK
  6
CONTINUOUS
100
AcDbLine
 10
1.6247165354330708
 20
1.3114251968503936
 30
0
 11
1.6247165354330708
 21
1.3822913385826772
 31
0
  0
LINE
  5
557
330
1A
100
AcDbEntity
  8
BLACK
  6
CONTINUOUS
100
AcDbLine
 10
1.6247165354330708
 20
1.3822913385826772
 30
0
 11
1.4963700787401575
 21
1.3822913385826772
 31
0
  0
LINE
  5
558
330
1A
100
AcDbEntity
  8
BLACK
  6
CONTINUOUS
100
AcDbLine
 10
3.3939029133858267
 20
1.4193777165354331
 30
0
 11
3.3949682677165351
 21
1.4183123622047245
 31
0
  0
LINE
  5
559
330
1A
100
AcDbEntity
  8
BLACK
  6
CONTINUOUS
100
AcDbLine
 10
3.3949682677165351
 20
1.4183123622047245
 30
0
 11
3.3951181102362202
 21
1.4175590551181103
 31
0
  0
LINE
  5
55A
330
1A
100
AcDbEntity
  8
BLACK
  6
CONTINUOUS
100
AcDbLine
 10
3.3951181102362202
 20
1.4175590551181103
 30
0
 11
3.3951181102362202
 21
1.4163779527559055
 31
0
  0
LINE
  5
55B
330
1A
100
AcDbEntity
  8
BLACK
  6
CONTINUOUS
100
AcDbLine
 10
3.3951181102362202
 20
1.4163779527559055
 30
0
 11
3.3952679527559053
 21
1.4171312598425196
 31
0
  0
LINE
  5
55C
330
1A
100
AcDbEntity
  8
BLACK
  6
CONTINUOUS
100
AcDbLine
 10
3.3952679527559053
 20
1.4171312598425196
 30
0
 11
3.3963333070866142
 21
1.4181966141732283
 31
0
  0
LINE
  5
55D
330
1A
100
AcDbEntity
  8
BLACK
  6
CONTINUOUS
100
AcDbLine
 10
3.3963333070866142
 20
1.4181966141732283
 30
0
 11
3.3970866141732281
 21
1.4183464566929134
 31
0
  0
LINE
  5
55E
330
1A
100
AcDbEntity
  8
BLACK
  6
CONTINUOUS
100
AcDbLine
 10
3.3970866141732281
 20
1.4183464566929134
 30
0
 11
3.542755905511811
 21
1.4183464566929134
 31
0
  0
LINE
  5
55F
330
1A
100
AcDbEntity
  8
BLACK
  6
CONTINUOUS
100
AcDbLine
 10
3.542755905511811
 20
1.4183464566929134
 30
0
 11
3.5435092125984253
 21
1.4181966141732283
 31
0
  0
LINE
  5
560
330
1A
100
AcDbEntity
  8
BLACK
  6
CONTINUOUS
100
AcDbLine
 10
3.5435092125984253
 20
1.4181966141732283
 30
0
 11
3.5445745669291338
 21
1.4171312598425196
 31
0
  0
LINE
  5
561
330
1A
100
AcDbEntity
  8
BLACK
  6
CONTINUOUS
100
AcDbLine
 10
3.5445745669291338
 20
1.4171312598425196
 30
0
 11
3.5447244094488188
 21
1.4163779527559055
 31
0
  0
LINE
  5
562
330
1A
100
AcDbEntity
  8
BLACK
  6
CONTINUOUS
100
AcDbLine
 10
3.5447244094488188
 20
1.4163779527559055
 30
0
 11
3.5447244094488188
 21
1.3415748031496062
 31
0
  0
LINE
  5
563
330
1A
100
AcDbEntity
  8
BLACK
  6
CONTINUOUS
100
AcDbLine
 10
3.5447244094488188
 20
1.3415748031496062
 30
0
 11
3.5445745669291338
 21
1.3408214960629921
 31
0
  0
LINE
  5
564
330
1A
100
AcDbEntity
  8
BLACK
  6
CONTINUOUS
100
AcDbLine
 10
3.5445745669291338
 20
1.3408214960629921
 30
0
 11
3.5435092125984253
 21
1.3397561417322834
 31
0
  0
LINE
  5
565
330
1A
100
AcDbEntity
  8
BLACK
  6
CONTINUOUS
100
AcDbLine
 10
3.5435092125984253
 20
1.3397561417322834
 30
0
 11
3.542755905511811
 21
1.3396062992125983
 31
0
  0
LINE
  5
566
330
1A
100
AcDbEntity
  8
BLACK
  6
CONTINUOUS
100
AcDbLine
 10
3.542755905511811
 20
1.3396062992125983
 30
0
 11
3.3970866141732281
 21
1.3396062992125983
 31
0
  0
LINE
  5
567
330
1A
100
AcDbEntity
  8
BLACK
  6
CONTINUOUS
100
AcDbLine
 10
3.3970866141732281
 20
1.3396062992125983
 30
0
 11
3.3963333070866142
 21
1.3397561417322834
 31
0
  0
LINE
  5
568
330
1A
100
AcDbEntity
  8
BLACK
  6
CONTINUOUS
100
AcDbLine
 10
3.3963333070866142
 20
1.3397561417322834
 30
0
 11
3.3952679527559053
 21
1.3408214960629921
 31
0
  0
LINE
  5
569
330
1A
100
AcDbEntity
  8
BLACK
  6
CONTINUOUS
100
AcDbLine
 10
3.3952679527559053
 20
1.3408214960629921
 30
0
 11
3.3951181102362202
 21
1.3415748031496062
 31
0
  0
LINE
  5
56A
330
1A
100
AcDbEntity
  8
BLACK
  6
CONTINUOUS
100
AcDbLine
 10
3.3951181102362202
 20
1.3415748031496062
 30
0
 11
3.3951181102362202
 21
1.3403937007874016
 31
0
  0
LINE
  5
56B
330
1A
100
AcDbEntity
  8
BLACK
  6
CONTINUOUS
100
AcDbLine
 10
3.3951181102362202
 20
1.3403937007874016
 30
0
 11
3.3949682677165351
 21
1.3396403937007875
 31
0
  0
LINE
  5
56C
330
1A
100
AcDbEntity
  8
BLACK
  6
CONTINUOUS
100
AcDbLine
 10
3.3949682677165351
 20
1.3396403937007875
 30
0
 11
3.3939029133858267
 21
1.3385750393700786
 31
0
  0
LINE
  5
56D
330
1A
100
AcDbEntity
  8
BLACK
  6
CONTINUOUS
100
AcDbLine
 10
3.3939029133858267
 20
1.3385750393700786
 30
0
 11
3.3931496062992124
 21
1.3384251968503937
 31
0
  0
LINE
  5
56E
330
1A
100
AcDbEntity
  8
BLACK
  6
CONTINUOUS
100
AcDbLine
 10
3.3931496062992124
 20
1.3384251968503937
 30
0
 11
3.2592913385826772
 21
1.3384251968503937
 31
0
  0
LINE
  5
56F
330
1A
100
AcDbEntity
  8
BLACK
  6
CONTINUOUS
100
AcDbLine
 10
3.2592913385826772
 20
1.3384251968503937
 30
0
 11
3.2585380314960628
 21
1.3385750393700786
 31
0
  0
LINE
  5
570
330
1A
100
AcDbEntity
  8
BLACK
  6
CONTINUOUS
100
AcDbLine
 10
3.2585380314960628
 20
1.3385750393700786
 30
0
 11
3.2574726771653544
 21
1.3396403937007875
 31
0
  0
LINE
  5
571
330
1A
100
AcDbEntity
  8
BLACK
  6
CONTINUOUS
100
AcDbLine
 10
3.2574726771653544
 20
1.3396403937007875
 30
0
 11
3.2573228346456693
 21
1.3403937007874016
 31
0
  0
LINE
  5
572
330
1A
100
AcDbEntity
  8
BLACK
  6
CONTINUOUS
100
AcDbLine
 10
3.2573228346456693
 20
1.3403937007874016
 30
0
 11
3.2573228346456693
 21
1.4175590551181103
 31
0
  0
LINE
  5
573
330
1A
100
AcDbEntity
  8
BLACK
  6
CONTINUOUS
100
AcDbLine
 10
3.2573228346456693
 20
1.4175590551181103
 30
0
 11
3.2574726771653544
 21
1.4183123622047245
 31
0
  0
LINE
  5
574
330
1A
100
AcDbEntity
  8
BLACK
  6
CONTINUOUS
100
AcDbLine
 10
3.2574726771653544
 20
1.4183123622047245
 30
0
 11
3.2585380314960628
 21
1.4193777165354331
 31
0
  0
LINE
  5
575
330
1A
100
AcDbEntity
  8
BLACK
  6
CONTINUOUS
100
AcDbLine
 10
3.2585380314960628
 20
1.4193777165354331
 30
0
 11
3.2592913385826772
 21
1.4195275590551182
 31
0
  0
LINE
  5
576
330
1A
100
AcDbEntity
  8
BLACK
  6
CONTINUOUS
100
AcDbLine
 10
3.2592913385826772
 20
1.4195275590551182
 30
0
 11
3.3931496062992124
 21
1.4195275590551182
 31
0
  0
LINE
  5
577
330
1A
100
AcDbEntity
  8
BLACK
  6
CONTINUOUS
100
AcDbLine
 10
3.3931496062992124
 20
1.4195275590551182
 30
0
 11
3.3939029133858267
 21
1.4193777165354331
 31
0
  0
LINE
  5
578
330
1A
100
AcDbEntity
  8
BLACK
  6
CONTINUOUS
100
AcDbLine
 10
3.261259842519685
 20
1.4155905511811022
 30
0
 11
3.261259842519685
 21
1.3423622047244095
 31
0
  0
LINE
  5
579
330
1A
100
AcDbEntity
  8
BLACK
  6
CONTINUOUS
100
AcDbLine
 10
3.261259842519685
 20
1.3423622047244095
 30
0
 11
3.3911811023622045
 21
1.3423622047244095
 31
0
  0
LINE
  5
57A
330
1A
100
AcDbEntity
  8
BLACK
  6
CONTINUOUS
100
AcDbLine
 10
3.3911811023622045
 20
1.3423622047244095
 30
0
 11
3.3911811023622045
 21
1.4155905511811022
 31
0
  0
LINE
  5
57B
330
1A
100
AcDbEntity
  8
BLACK
  6
CONTINUOUS
100
AcDbLine
 10
3.3911811023622045
 20
1.4155905511811022
 30
0
 11
3.261259842519685
 21
1.4155905511811022
 31
0
  0
LINE
  5
57C
330
1A
100
AcDbEntity
  8
BLACK
  6
CONTINUOUS
100
AcDbLine
 10
3.399055118110236
 20
1.4144094488188976
 30
0
 11
3.399055118110236
 21
1.3435433070866141
 31
0
  0
LINE
  5
57D
330
1A
100
AcDbEntity
  8
BLACK
  6
CONTINUOUS
100
AcDbLine
 10
3.399055118110236
 20
1.3435433070866141
 30
0
 11
3.5407874015748031
 21
1.3435433070866141
 31
0
  0
LINE
  5
57E
330
1A
100
AcDbEntity
  8
BLACK
  6
CONTINUOUS
100
AcDbLine
 10
3.5407874015748031
 20
1.3435433070866141
 30
0
 11
3.5407874015748031
 21
1.4144094488188976
 31
0
  0
LINE
  5
57F
330
1A
100
AcDbEntity
  8
BLACK
  6
CONTINUOUS
100
AcDbLine
 10
3.5407874015748031
 20
1.4144094488188976
 30
0
 11
3.399055118110236
 21
1.4144094488188976
 31
0
  0
LINE
  5
580
330
1A
100
AcDbEntity
  8
BLACK
  6
CONTINUOUS
100
AcDbLine
 10
1.2390800787401575
 20
2.0205588188976376
 30
0
 11
1.2401454330708661
 21
2.0194934645669291
 31
0
  0
LINE
  5
581
330
1A
100
AcDbEntity
  8
BLACK
  6
CONTINUOUS
100
AcDbLine
 10
1.2401454330708661
 20
2.0194934645669291
 30
0
 11
1.2402952755905512
 21
2.0187401574803148
 31
0
  0
LINE
  5
582
330
1A
100
AcDbEntity
  8
BLACK
  6
CONTINUOUS
100
AcDbLine
 10
1.2402952755905512
 20
2.0187401574803148
 30
0
 11
1.2402952755905512
 21
1.9441338582677166
 31
0
  0
LINE
  5
583
330
1A
100
AcDbEntity
  8
BLACK
  6
CONTINUOUS
100
AcDbLine
 10
1.2402952755905512
 20
1.9441338582677166
 30
0
 11
1.7563385826771654
 21
1.9441338582677166
 31
0
  0
LINE
  5
584
330
1A
100
AcDbEntity
  8
BLACK
  6
CONTINUOUS
100
AcDbLine
 10
1.7563385826771654
 20
1.9441338582677166
 30
0
 11
1.7570918897637795
 21
1.9439840157480315
 31
0
  0
LINE
  5
585
330
1A
100
AcDbEntity
  8
BLACK
  6
CONTINUOUS
100
AcDbLine
 10
1.7570918897637795
 20
1.9439840157480315
 30
0
 11
1.7581572440944881
 21
1.9429186614173228
 31
0
  0
LINE
  5
586
330
1A
100
AcDbEntity
  8
BLACK
  6
CONTINUOUS
100
AcDbLine
 10
1.7581572440944881
 20
1.9429186614173228
 30
0
 11
1.7583070866141732
 21
1.9421653543307087
 31
0
  0
LINE
  5
587
330
1A
100
AcDbEntity
  8
BLACK
  6
CONTINUOUS
100
AcDbLine
 10
1.7583070866141732
 20
1.9421653543307087
 30
0
 11
1.7583070866141732
 21
1.4146062992125983
 31
0
  0
LINE
  5
588
330
1A
100
AcDbEntity
  8
BLACK
  6
CONTINUOUS
100
AcDbLine
 10
1.7583070866141732
 20
1.4146062992125983
 30
0
 11
1.7581572440944881
 21
1.4138529921259841
 31
0
  0
LINE
  5
589
330
1A
100
AcDbEntity
  8
BLACK
  6
CONTINUOUS
100
AcDbLine
 10
1.7581572440944881
 20
1.4138529921259841
 30
0
 11
1.7570918897637795
 21
1.4127876377952755
 31
0
  0
LINE
  5
58A
330
1A
100
AcDbEntity
  8
BLACK
  6
CONTINUOUS
100
AcDbLine
 10
1.7570918897637795
 20
1.4127876377952755
 30
0
 11
1.7563385826771654
 21
1.4126377952755904
 31
0
  0
LINE
  5
58B
330
1A
100
AcDbEntity
  8
BLACK
  6
CONTINUOUS
100
AcDbLine
 10
1.7563385826771654
 20
1.4126377952755904
 30
0
 11
1.2287795275590552
 21
1.4126377952755904
 31
0
  0
LINE
  5
58C
330
1A
100
AcDbEntity
  8
BLACK
  6
CONTINUOUS
100
AcDbLine
 10
1.2287795275590552
 20
1.4126377952755904
 30
0
 11
1.2280262204724408
 21
1.4127876377952755
 31
0
  0
LINE
  5
58D
330
1A
100
AcDbEntity
  8
BLACK
  6
CONTINUOUS
100
AcDbLine
 10
1.2280262204724408
 20
1.4127876377952755
 30
0
 11
1.2269608661417322
 21
1.4138529921259841
 31
0
  0
LINE
  5
58E
330
1A
100
AcDbEntity
  8
BLACK
  6
CONTINUOUS
100
AcDbLine
 10
1.2269608661417322
 20
1.4138529921259841
 30
0
 11
1.2268110236220473
 21
1.4146062992125983
 31
0
  0
LINE
  5
58F
330
1A
100
AcDbEntity
  8
BLACK
  6
CONTINUOUS
100
AcDbLine
 10
1.2268110236220473
 20
1.4146062992125983
 30
0
 11
1.2268110236220473
 21
1.8632283464566928
 31
0
  0
LINE
  5
590
330
1A
100
AcDbEntity
  8
BLACK
  6
CONTINUOUS
100
AcDbLine
 10
1.2268110236220473
 20
1.8632283464566928
 30
0
 11
1.1060433070866142
 21
1.8632283464566928
 31
0
  0
LINE
  5
591
330
1A
100
AcDbEntity
  8
BLACK
  6
CONTINUOUS
100
AcDbLine
 10
1.1060433070866142
 20
1.8632283464566928
 30
0
 11
1.1052899999999999
 21
1.8633781889763779
 31
0
  0
LINE
  5
592
330
1A
100
AcDbEntity
  8
BLACK
  6
CONTINUOUS
100
AcDbLine
 10
1.1052899999999999
 20
1.8633781889763779
 30
0
 11
1.1042246456692912
 21
1.8644435433070865
 31
0
  0
LINE
  5
593
330
1A
100
AcDbEntity
  8
BLACK
  6
CONTINUOUS
100
AcDbLine
 10
1.1042246456692912
 20
1.8644435433070865
 30
0
 11
1.1040748031496064
 21
1.8651968503937006
 31
0
  0
LINE
  5
594
330
1A
100
AcDbEntity
  8
BLACK
  6
CONTINUOUS
100
AcDbLine
 10
1.1040748031496064
 20
1.8651968503937006
 30
0
 11
1.1040748031496064
 21
1.9399999999999999
 31
0
  0
LINE
  5
595
330
1A
100
AcDbEntity
  8
BLACK
  6
CONTINUOUS
100
AcDbLine
 10
1.1040748031496064
 20
1.9399999999999999
 30
0
 11
1.1042246456692912
 21
1.9407533070866141
 31
0
  0
LINE
  5
596
330
1A
100
AcDbEntity
  8
BLACK
  6
CONTINUOUS
100
AcDbLine
 10
1.1042246456692912
 20
1.9407533070866141
 30
0
 11
1.1052899999999999
 21
1.9418186614173227
 31
0
  0
LINE
  5
597
330
1A
100
AcDbEntity
  8
BLACK
  6
CONTINUOUS
100
AcDbLine
 10
1.1052899999999999
 20
1.9418186614173227
 30
0
 11
1.1060433070866142
 21
1.9419685039370078
 31
0
  0
LINE
  5
598
330
1A
100
AcDbEntity
  8
BLACK
  6
CONTINUOUS
100
AcDbLine
 10
1.1060433070866142
 20
1.9419685039370078
 30
0
 11
1.1052899999999999
 21
1.9421183464566929
 31
0
  0
LINE
  5
599
330
1A
100
AcDbEntity
  8
BLACK
  6
CONTINUOUS
100
AcDbLine
 10
1.1052899999999999
 20
1.9421183464566929
 30
0
 11
1.1042246456692912
 21
1.9431837007874015
 31
0
  0
LINE
  5
59A
330
1A
100
AcDbEntity
  8
BLACK
  6
CONTINUOUS
100
AcDbLine
 10
1.1042246456692912
 20
1.9431837007874015
 30
0
 11
1.1040748031496064
 21
1.9439370078740157
 31
0
  0
LINE
  5
59B
330
1A
100
AcDbEntity
  8
BLACK
  6
CONTINUOUS
100
AcDbLine
 10
1.1040748031496064
 20
1.9439370078740157
 30
0
 11
1.1040748031496064
 21
2.0187401574803148
 31
0
  0
LINE
  5
59C
330
1A
100
AcDbEntity
  8
BLACK
  6
CONTINUOUS
100
AcDbLine
 10
1.1040748031496064
 20
2.0187401574803148
 30
0
 11
1.1042246456692912
 21
2.0194934645669291
 31
0
  0
LINE
  5
59D
330
1A
100
AcDbEntity
  8
BLACK
  6
CONTINUOUS
100
AcDbLine
 10
1.1042246456692912
 20
2.0194934645669291
 30
0
 11
1.1052899999999999
 21
2.0205588188976376
 31
0
  0
LINE
  5
59E
330
1A
100
AcDbEntity
  8
BLACK
  6
CONTINUOUS
100
AcDbLine
 10
1.1052899999999999
 20
2.0205588188976376
 30
0
 11
1.1060433070866142
 21
2.0207086614173226
 31
0
  0
LINE
  5
59F
330
1A
100
AcDbEntity
  8
BLACK
  6
CONTINUOUS
100
AcDbLine
 10
1.1060433070866142
 20
2.0207086614173226
 30
0
 11
1.2383267716535433
 21
2.0207086614173226
 31
0
  0
LINE
  5
5A0
330
1A
100
AcDbEntity
  8
BLACK
  6
CONTINUOUS
100
AcDbLine
 10
1.2383267716535433
 20
2.0207086614173226
 30
0
 11
1.2390800787401575
 21
2.0205588188976376
 31
0
  0
LINE
  5
5A1
330
1A
100
AcDbEntity
  8
BLACK
  6
CONTINUOUS
100
AcDbLine
 10
1.2402561023622047
 20
1.9401968503937008
 30
0
 11
1.2402952755905512
 21
1.9399999999999999
 31
0
  0
LINE
  5
5A2
330
1A
100
AcDbEntity
  8
BLACK
  6
CONTINUOUS
100
AcDbLine
 10
1.2402952755905512
 20
1.9399999999999999
 30
0
 11
1.2402952755905512
 21
1.8651968503937006
 31
0
  0
LINE
  5
5A3
330
1A
100
AcDbEntity
  8
BLACK
  6
CONTINUOUS
100
AcDbLine
 10
1.2402952755905512
 20
1.8651968503937006
 30
0
 11
1.2401454330708661
 21
1.8644435433070865
 31
0
  0
LINE
  5
5A4
330
1A
100
AcDbEntity
  8
BLACK
  6
CONTINUOUS
100
AcDbLine
 10
1.2401454330708661
 20
1.8644435433070865
 30
0
 11
1.2390800787401575
 21
1.8633781889763779
 31
0
  0
LINE
  5
5A5
330
1A
100
AcDbEntity
  8
BLACK
  6
CONTINUOUS
100
AcDbLine
 10
1.2390800787401575
 20
1.8633781889763779
 30
0
 11
1.2383267716535433
 21
1.8632283464566928
 31
0
  0
LINE
  5
5A6
330
1A
100
AcDbEntity
  8
BLACK
  6
CONTINUOUS
100
AcDbLine
 10
1.2383267716535433
 20
1.8632283464566928
 30
0
 11
1.230748031496063
 21
1.8632283464566928
 31
0
  0
LINE
  5
5A7
330
1A
100
AcDbEntity
  8
BLACK
  6
CONTINUOUS
100
AcDbLine
 10
1.230748031496063
 20
1.8632283464566928
 30
0
 11
1.230748031496063
 21
1.4165748031496064
 31
0
  0
LINE
  5
5A8
330
1A
100
AcDbEntity
  8
BLACK
  6
CONTINUOUS
100
AcDbLine
 10
1.230748031496063
 20
1.4165748031496064
 30
0
 11
1.7543700787401575
 21
1.4165748031496064
 31
0
  0
LINE
  5
5A9
330
1A
100
AcDbEntity
  8
BLACK
  6
CONTINUOUS
100
AcDbLine
 10
1.7543700787401575
 20
1.4165748031496064
 30
0
 11
1.7543700787401575
 21
1.9401968503937008
 31
0
  0
LINE
  5
5AA
330
1A
100
AcDbEntity
  8
BLACK
  6
CONTINUOUS
100
AcDbLine
 10
1.7543700787401575
 20
1.9401968503937008
 30
0
 11
1.2402561023622047
 21
1.9401968503937008
 31
0
  0
LINE
  5
5AB
330
1A
100
AcDbEntity
  8
BLACK
  6
CONTINUOUS
100
AcDbLine
 10
1.1080118110236221
 20
1.9380314960629921
 30
0
 11
1.1080118110236221
 21
1.8671653543307085
 31
0
  0
LINE
  5
5AC
330
1A
100
AcDbEntity
  8
BLACK
  6
CONTINUOUS
100
AcDbLine
 10
1.1080118110236221
 20
1.8671653543307085
 30
0
 11
1.2268110236220473
 21
1.8671653543307085
 31
0
  0
LINE
  5
5AD
330
1A
100
AcDbEntity
  8
BLACK
  6
CONTINUOUS
100
AcDbLine
 10
1.2268110236220473
 20
1.8671653543307085
 30
0
 11
1.2268110236220473
 21
1.9380314960629921
 31
0
  0
LINE
  5
5AE
330
1A
100
AcDbEntity
  8
BLACK
  6
CONTINUOUS
100
AcDbLine
 10
1.2268110236220473
 20
1.9380314960629921
 30
0
 11
1.1080118110236221
 21
1.9380314960629921
 31
0
  0
LINE
  5
5AF
330
1A
100
AcDbEntity
  8
BLACK
  6
CONTINUOUS
100
AcDbLine
 10
1.230748031496063
 20
1.9380314960629921
 30
0
 11
1.230748031496063
 21
1.8671653543307085
 31
0
  0
LINE
  5
5B0
330
1A
100
AcDbEntity
  8
BLACK
  6
CONTINUOUS
100
AcDbLine
 10
1.230748031496063
 20
1.8671653543307085
 30
0
 11
1.2363582677165355
 21
1.8671653543307085
 31
0
  0
LINE
  5
5B1
330
1A
100
AcDbEntity
  8
BLACK
  6
CONTINUOUS
100
AcDbLine
 10
1.2363582677165355
 20
1.8671653543307085
 30
0
 11
1.2363582677165355
 21
1.9380314960629921
 31
0
  0
LINE
  5
5B2
330
1A
100
AcDbEntity
  8
BLACK
  6
CONTINUOUS
100
AcDbLine
 10
1.2363582677165355
 20
1.9380314960629921
 30
0
 11
1.230748031496063
 21
1.9380314960629921
 31
0
  0
LINE
  5
5B3
330
1A
100
AcDbEntity
  8
BLACK
  6
CONTINUOUS
100
AcDbLine
 10
1.1080118110236221
 20
2.0167716535433069
 30
0
 11
1.1080118110236221
 21
1.9459055118110236
 31
0
  0
LINE
  5
5B4
330
1A
100
AcDbEntity
  8
BLACK
  6
CONTINUOUS
100
AcDbLine
 10
1.1080118110236221
 20
1.9459055118110236
 30
0
 11
1.2363582677165355
 21
1.9459055118110236
 31
0
  0
LINE
  5
5B5
330
1A
100
AcDbEntity
  8
BLACK
  6
CONTINUOUS
100
AcDbLine
 10
1.2363582677165355
 20
1.9459055118110236
 30
0
 11
1.2363582677165355
 21
2.0167716535433069
 31
0
  0
LINE
  5
5B6
330
1A
100
AcDbEntity
  8
BLACK
  6
CONTINUOUS
100
AcDbLine
 10
1.2363582677165355
 20
2.0167716535433069
 30
0
 11
1.1080118110236221
 21
2.0167716535433069
 31
0
  0
LINE
  5
5B7
330
1A
100
AcDbEntity
  8
BLACK
  6
CONTINUOUS
100
AcDbLine
 10
3.1891785039370077
 20
1.6910312598425197
 30
0
 11
3.1902438582677166
 21
1.689965905511811
 31
0
  0
LINE
  5
5B8
330
1A
100
AcDbEntity
  8
BLACK
  6
CONTINUOUS
100
AcDbLine
 10
3.1902438582677166
 20
1.689965905511811
 30
0
 11
3.1903937007874017
 21
1.6892125984251969
 31
0
  0
LINE
  5
5B9
330
1A
100
AcDbEntity
  8
BLACK
  6
CONTINUOUS
100
AcDbLine
 10
3.1903937007874017
 20
1.6892125984251969
 30
0
 11
3.1903937007874017
 21
1.4451181102362205
 31
0
  0
LINE
  5
5BA
330
1A
100
AcDbEntity
  8
BLACK
  6
CONTINUOUS
100
AcDbLine
 10
3.1903937007874017
 20
1.4451181102362205
 30
0
 11
3.1902438582677166
 21
1.4443648031496064
 31
0
  0
LINE
  5
5BB
330
1A
100
AcDbEntity
  8
BLACK
  6
CONTINUOUS
100
AcDbLine
 10
3.1902438582677166
 20
1.4443648031496064
 30
0
 11
3.1891785039370077
 21
1.4432994488188977
 31
0
  0
LINE
  5
5BC
330
1A
100
AcDbEntity
  8
BLACK
  6
CONTINUOUS
100
AcDbLine
 10
3.1891785039370077
 20
1.4432994488188977
 30
0
 11
3.1884251968503938
 21
1.4431496062992126
 31
0
  0
LINE
  5
5BD
330
1A
100
AcDbEntity
  8
BLACK
  6
CONTINUOUS
100
AcDbLine
 10
3.1884251968503938
 20
1.4431496062992126
 30
0
 11
2.9443307086614174
 21
1.4431496062992126
 31
0
  0
LINE
  5
5BE
330
1A
100
AcDbEntity
  8
BLACK
  6
CONTINUOUS
100
AcDbLine
 10
2.9443307086614174
 20
1.4431496062992126
 30
0
 11
2.9435774015748031
 21
1.4432994488188977
 31
0
  0
LINE
  5
5BF
330
1A
100
AcDbEntity
  8
BLACK
  6
CONTINUOUS
100
AcDbLine
 10
2.9435774015748031
 20
1.4432994488188977
 30
0
 11
2.9425120472440942
 21
1.4443648031496064
 31
0
  0
LINE
  5
5C0
330
1A
100
AcDbEntity
  8
BLACK
  6
CONTINUOUS
100
AcDbLine
 10
2.9425120472440942
 20
1.4443648031496064
 30
0
 11
2.9423622047244096
 21
1.4451181102362205
 31
0
  0
LINE
  5
5C1
330
1A
100
AcDbEntity
  8
BLACK
  6
CONTINUOUS
100
AcDbLine
 10
2.9423622047244096
 20
1.4451181102362205
 30
0
 11
2.9423622047244096
 21
1.6892125984251969
 31
0
  0
LINE
  5
5C2
330
1A
100
AcDbEntity
  8
BLACK
  6
CONTINUOUS
100
AcDbLine
 10
2.9423622047244096
 20
1.6892125984251969
 30
0
 11
2.9425120472440942
 21
1.689965905511811
 31
0
  0
LINE
  5
5C3
330
1A
100
AcDbEntity
  8
BLACK
  6
CONTINUOUS
100
AcDbLine
 10
2.9425120472440942
 20
1.689965905511811
 30
0
 11
2.9435774015748031
 21
1.6910312598425197
 31
0
  0
LINE
  5
5C4
330
1A
100
AcDbEntity
  8
BLACK
  6
CONTINUOUS
100
AcDbLine
 10
2.9435774015748031
 20
1.6910312598425197
 30
0
 11
2.9443307086614174
 21
1.6911811023622048
 31
0
  0
LINE
  5
5C5
330
1A
100
AcDbEntity
  8
BLACK
  6
CONTINUOUS
100
AcDbLine
 10
2.9443307086614174
 20
1.6911811023622048
 30
0
 11
3.1884251968503938
 21
1.6911811023622048
 31
0
  0
LINE
  5
5C6
330
1A
100
AcDbEntity
  8
BLACK
  6
CONTINUOUS
100
AcDbLine
 10
3.1884251968503938
 20
1.6911811023622048
 30
0
 11
3.1891785039370077
 21
1.6910312598425197
 31
0
  0
LINE
  5
5C7
330
1A
100
AcDbEntity
  8
BLACK
  6
CONTINUOUS
100
AcDbLine
 10
2.9462992125984253
 20
1.687244094488189
 30
0
 11
2.9462992125984253
 21
1.4470866141732284
 31
0
  0
LINE
  5
5C8
330
1A
100
AcDbEntity
  8
BLACK
  6
CONTINUOUS
100
AcDbLine
 10
2.9462992125984253
 20
1.4470866141732284
 30
0
 11
3.186456692913386
 21
1.4470866141732284
 31
0
  0
LINE
  5
5C9
330
1A
100
AcDbEntity
  8
BLACK
  6
CONTINUOUS
100
AcDbLine
 10
3.186456692913386
 20
1.4470866141732284
 30
0
 11
3.186456692913386
 21
1.687244094488189
 31
0
  0
LINE
  5
5CA
330
1A
100
AcDbEntity
  8
BLACK
  6
CONTINUOUS
100
AcDbLine
 10
3.186456692913386
 20
1.687244094488189
 30
0
 11
2.9462992125984253
 21
1.687244094488189
 31
0
  0
LINE
  5
5CB
330
1A
100
AcDbEntity
  8
BLACK
  6
CONTINUOUS
100
AcDbLine
 10
3.7769737795275589
 20
1.5244958267716535
 30
0
 11
3.7780391338582677
 21
1.5234304724409449
 31
0
  0
LINE
  5
5CC
330
1A
100
AcDbEntity
  8
BLACK
  6
CONTINUOUS
100
AcDbLine
 10
3.7780391338582677
 20
1.5234304724409449
 30
0
 11
3.7781889763779528
 21
1.5226771653543307
 31
0
  0
LINE
  5
5CD
330
1A
100
AcDbEntity
  8
BLACK
  6
CONTINUOUS
100
AcDbLine
 10
3.7781889763779528
 20
1.5226771653543307
 30
0
 11
3.7781889763779528
 21
1.4478740157480314
 31
0
  0
LINE
  5
5CE
330
1A
100
AcDbEntity
  8
BLACK
  6
CONTINUOUS
100
AcDbLine
 10
3.7781889763779528
 20
1.4478740157480314
 30
0
 11
3.7780391338582677
 21
1.4471207086614173
 31
0
  0
LINE
  5
5CF
330
1A
100
AcDbEntity
  8
BLACK
  6
CONTINUOUS
100
AcDbLine
 10
3.7780391338582677
 20
1.4471207086614173
 30
0
 11
3.7769737795275589
 21
1.4460553543307086
 31
0
  0
LINE
  5
5D0
330
1A
100
AcDbEntity
  8
BLACK
  6
CONTINUOUS
100
AcDbLine
 10
3.7769737795275589
 20
1.4460553543307086
 30
0
 11
3.7762204724409449
 21
1.4459055118110236
 31
0
  0
LINE
  5
5D1
330
1A
100
AcDbEntity
  8
BLACK
  6
CONTINUOUS
100
AcDbLine
 10
3.7762204724409449
 20
1.4459055118110236
 30
0
 11
3.6439370078740159
 21
1.4459055118110236
 31
0
  0
LINE
  5
5D2
330
1A
100
AcDbEntity
  8
BLACK
  6
CONTINUOUS
100
AcDbLine
 10
3.6439370078740159
 20
1.4459055118110236
 30
0
 11
3.6431837007874015
 21
1.4460553543307086
 31
0
  0
LINE
  5
5D3
330
1A
100
AcDbEntity
  8
BLACK
  6
CONTINUOUS
100
AcDbLine
 10
3.6431837007874015
 20
1.4460553543307086
 30
0
 11
3.6421183464566926
 21
1.4471207086614173
 31
0
  0
LINE
  5
5D4
330
1A
100
AcDbEntity
  8
BLACK
  6
CONTINUOUS
100
AcDbLine
 10
3.6421183464566926
 20
1.4471207086614173
 30
0
 11
3.641968503937008
 21
1.4478740157480314
 31
0
  0
LINE
  5
5D5
330
1A
100
AcDbEntity
  8
BLACK
  6
CONTINUOUS
100
AcDbLine
 10
3.641968503937008
 20
1.4478740157480314
 30
0
 11
3.641968503937008
 21
1.5226771653543307
 31
0
  0
LINE
  5
5D6
330
1A
100
AcDbEntity
  8
BLACK
  6
CONTINUOUS
100
AcDbLine
 10
3.641968503937008
 20
1.5226771653543307
 30
0
 11
3.6421183464566926
 21
1.5234304724409449
 31
0
  0
LINE
  5
5D7
330
1A
100
AcDbEntity
  8
BLACK
  6
CONTINUOUS
100
AcDbLine
 10
3.6421183464566926
 20
1.5234304724409449
 30
0
 11
3.6431837007874015
 21
1.5244958267716535
 31
0
  0
LINE
  5
5D8
330
1A
100
AcDbEntity
  8
BLACK
  6
CONTINUOUS
100
AcDbLine
 10
3.6431837007874015
 20
1.5244958267716535
 30
0
 11
3.6439370078740159
 21
1.5246456692913386
 31
0
  0
LINE
  5
5D9
330
1A
100
AcDbEntity
  8
BLACK
  6
CONTINUOUS
100
AcDbLine
 10
3.6439370078740159
 20
1.5246456692913386
 30
0
 11
3.7762204724409449
 21
1.5246456692913386
 31
0
  0
LINE
  5
5DA
330
1A
100
AcDbEntity
  8
BLACK
  6
CONTINUOUS
100
AcDbLine
 10
3.7762204724409449
 20
1.5246456692913386
 30
0
 11
3.7769737795275589
 21
1.5244958267716535
 31
0
  0
LINE
  5
5DB
330
1A
100
AcDbEntity
  8
BLACK
  6
CONTINUOUS
100
AcDbLine
 10
3.6459055118110237
 20
1.5207086614173229
 30
0
 11
3.6459055118110237
 21
1.4498425196850393
 31
0
  0
LINE
  5
5DC
330
1A
100
AcDbEntity
  8
BLACK
  6
CONTINUOUS
100
AcDbLine
 10
3.6459055118110237
 20
1.4498425196850393
 30
0
 11
3.7742519685039371
 21
1.4498425196850393
 31
0
  0
LINE
  5
5DD
330
1A
100
AcDbEntity
  8
BLACK
  6
CONTINUOUS
100
AcDbLine
 10
3.7742519685039371
 20
1.4498425196850393
 30
0
 11
3.7742519685039371
 21
1.5207086614173229
 31
0
  0
LINE
  5
5DE
330
1A
100
AcDbEntity
  8
BLACK
  6
CONTINUOUS
100
AcDbLine
 10
3.7742519685039371
 20
1.5207086614173229
 30
0
 11
3.6459055118110237
 21
1.5207086614173229
 31
0
  0
LINE
  5
5DF
330
1A
100
AcDbEntity
  8
BLACK
  6
CONTINUOUS
100
AcDbLine
 10
1.1900616929133858
 20
1.5281691732283464
 30
0
 11
1.19059437007874
 21
1.527636496062992
 31
0
  0
LINE
  5
5E0
330
1A
100
AcDbEntity
  8
BLACK
  6
CONTINUOUS
100
AcDbLine
 10
1.19059437007874
 20
1.527636496062992
 30
0
 11
1.1906692913385826
 21
1.5272598425196851
 31
0
  0
LINE
  5
5E1
330
1A
100
AcDbEntity
  8
BLACK
  6
CONTINUOUS
100
AcDbLine
 10
1.1906692913385826
 20
1.5272598425196851
 30
0
 11
1.1906692913385826
 21
1.4524566929133857
 31
0
  0
LINE
  5
5E2
330
1A
100
AcDbEntity
  8
BLACK
  6
CONTINUOUS
100
AcDbLine
 10
1.1906692913385826
 20
1.4524566929133857
 30
0
 11
1.19059437007874
 21
1.4520800393700788
 31
0
  0
LINE
  5
5E3
330
1A
100
AcDbEntity
  8
BLACK
  6
CONTINUOUS
100
AcDbLine
 10
1.19059437007874
 20
1.4520800393700788
 30
0
 11
1.1900616929133858
 21
1.4515473622047244
 31
0
  0
LINE
  5
5E4
330
1A
100
AcDbEntity
  8
BLACK
  6
CONTINUOUS
100
AcDbLine
 10
1.1900616929133858
 20
1.4515473622047244
 30
0
 11
1.1896850393700786
 21
1.4514724409448818
 31
0
  0
LINE
  5
5E5
330
1A
100
AcDbEntity
  8
BLACK
  6
CONTINUOUS
100
AcDbLine
 10
1.1896850393700786
 20
1.4514724409448818
 30
0
 11
1.0574015748031496
 21
1.4514724409448818
 31
0
  0
LINE
  5
5E6
330
1A
100
AcDbEntity
  8
BLACK
  6
CONTINUOUS
100
AcDbLine
 10
1.0574015748031496
 20
1.4514724409448818
 30
0
 11
1.0570249212598426
 21
1.4515473622047244
 31
0
  0
LINE
  5
5E7
330
1A
100
AcDbEntity
  8
BLACK
  6
CONTINUOUS
100
AcDbLine
 10
1.0570249212598426
 20
1.4515473622047244
 30
0
 11
1.0564922440944882
 21
1.4520800393700788
 31
0
  0
LINE
  5
5E8
330
1A
100
AcDbEntity
  8
BLACK
  6
CONTINUOUS
100
AcDbLine
 10
1.0564922440944882
 20
1.4520800393700788
 30
0
 11
1.0564173228346456
 21
1.4524566929133857
 31
0
  0
LINE
  5
5E9
330
1A
100
AcDbEntity
  8
BLACK
  6
CONTINUOUS
100
AcDbLine
 10
1.0564173228346456
 20
1.4524566929133857
 30
0
 11
1.0564173228346456
 21
1.5272598425196851
 31
0
  0
LINE
  5
5EA
330
1A
100
AcDbEntity
  8
BLACK
  6
CONTINUOUS
100
AcDbLine
 10
1.0564173228346456
 20
1.5272598425196851
 30
0
 11
1.0564922440944882
 21
1.527636496062992
 31
0
  0
LINE
  5
5EB
330
1A
100
AcDbEntity
  8
BLACK
  6
CONTINUOUS
100
AcDbLine
 10
1.0564922440944882
 20
1.527636496062992
 30
0
 11
1.0570249212598426
 21
1.5281691732283464
 31
0
  0
LINE
  5
5EC
330
1A
100
AcDbEntity
  8
BLACK
  6
CONTINUOUS
100
AcDbLine
 10
1.0570249212598426
 20
1.5281691732283464
 30
0
 11
1.0574015748031496
 21
1.528244094488189
 31
0
  0
LINE
  5
5ED
330
1A
100
AcDbEntity
  8
BLACK
  6
CONTINUOUS
100
AcDbLine
 10
1.0574015748031496
 20
1.528244094488189
 30
0
 11
1.1896850393700786
 21
1.528244094488189
 31
0
  0
LINE
  5
5EE
330
1A
100
AcDbEntity
  8
BLACK
  6
CONTINUOUS
100
AcDbLine
 10
1.1896850393700786
 20
1.528244094488189
 30
0
 11
1.1900616929133858
 21
1.5281691732283464
 31
0
  0
LINE
  5
5EF
330
1A
100
AcDbEntity
  8
BLACK
  6
CONTINUOUS
100
AcDbLine
 10
1.0583858267716535
 20
1.5262755905511811
 30
0
 11
1.0583858267716535
 21
1.4534409448818897
 31
0
  0
LINE
  5
5F0
330
1A
100
AcDbEntity
  8
BLACK
  6
CONTINUOUS
100
AcDbLine
 10
1.0583858267716535
 20
1.4534409448818897
 30
0
 11
1.1887007874015747
 21
1.4534409448818897
 31
0
  0
LINE
  5
5F1
330
1A
100
AcDbEntity
  8
BLACK
  6
CONTINUOUS
100
AcDbLine
 10
1.1887007874015747
 20
1.4534409448818897
 30
0
 11
1.1887007874015747
 21
1.5262755905511811
 31
0
  0
LINE
  5
5F2
330
1A
100
AcDbEntity
  8
BLACK
  6
CONTINUOUS
100
AcDbLine
 10
1.1887007874015747
 20
1.5262755905511811
 30
0
 11
1.0583858267716535
 21
1.5262755905511811
 31
0
  0
LINE
  5
5F3
330
1A
100
AcDbEntity
  8
BLACK
  6
CONTINUOUS
100
AcDbLine
 10
1.9139468897637795
 20
1.7939858267716535
 30
0
 11
1.9145855118110235
 21
1.793559094488189
 31
0
  0
LINE
  5
5F4
330
1A
100
AcDbEntity
  8
BLACK
  6
CONTINUOUS
100
AcDbLine
 10
1.9145855118110235
 20
1.793559094488189
 30
0
 11
1.9691496850393699
 21
1.7389949606299213
 31
0
  0
LINE
  5
5F5
330
1A
100
AcDbEntity
  8
BLACK
  6
CONTINUOUS
100
AcDbLine
 10
1.9691496850393699
 20
1.7389949606299213
 30
0
 11
1.9695763779527558
 21
1.738356338582677
 31
0
  0
LINE
  5
5F6
330
1A
100
AcDbEntity
  8
BLACK
  6
CONTINUOUS
100
AcDbLine
 10
1.9695763779527558
 20
1.738356338582677
 30
0
 11
1.9695763779527558
 21
1.73684968503937
 31
0
  0
LINE
  5
5F7
330
1A
100
AcDbEntity
  8
BLACK
  6
CONTINUOUS
100
AcDbLine
 10
1.9695763779527558
 20
1.73684968503937
 30
0
 11
1.9695762598425197
 21
1.7368496062992125
 31
0
  0
LINE
  5
5F8
330
1A
100
AcDbEntity
  8
BLACK
  6
CONTINUOUS
100
AcDbLine
 10
1.9695762598425197
 20
1.7368496062992125
 30
0
 11
1.9691496456692914
 21
1.7362111023622047
 31
0
  0
LINE
  5
5F9
330
1A
100
AcDbEntity
  8
BLACK
  6
CONTINUOUS
100
AcDbLine
 10
1.9691496456692914
 20
1.7362111023622047
 30
0
 11
1.9647268503937008
 21
1.7317883070866142
 31
0
  0
LINE
  5
5FA
330
1A
100
AcDbEntity
  8
BLACK
  6
CONTINUOUS
100
AcDbLine
 10
1.9647268503937008
 20
1.7317883070866142
 30
0
 11
1.9655964173228346
 21
1.7317883070866142
 31
0
  0
LINE
  5
5FB
330
1A
100
AcDbEntity
  8
BLACK
  6
CONTINUOUS
100
AcDbLine
 10
1.9655964173228346
 20
1.7317883070866142
 30
0
 11
1.9662350393700787
 21
1.7313615748031497
 31
0
  0
LINE
  5
5FC
330
1A
100
AcDbEntity
  8
BLACK
  6
CONTINUOUS
100
AcDbLine
 10
1.9662350393700787
 20
1.7313615748031497
 30
0
 11
2.0831582677165352
 21
1.6144383858267717
 31
0
  0
LINE
  5
5FD
330
1A
100
AcDbEntity
  8
BLACK
  6
CONTINUOUS
100
AcDbLine
 10
2.0831582677165352
 20
1.6144383858267717
 30
0
 11
2.083584960629921
 21
1.6137997637795276
 31
0
  0
LINE
  5
5FE
330
1A
100
AcDbEntity
  8
BLACK
  6
CONTINUOUS
100
AcDbLine
 10
2.083584960629921
 20
1.6137997637795276
 30
0
 11
2.083584960629921
 21
1.6122931496062991
 31
0
  0
LINE
  5
5FF
330
1A
100
AcDbEntity
  8
BLACK
  6
CONTINUOUS
100
AcDbLine
 10
2.083584960629921
 20
1.6122931496062991
 30
0
 11
2.0831582283464565
 21
1.611654527559055
 31
0
  0
LINE
  5
600
330
1A
100
AcDbEntity
  8
BLACK
  6
CONTINUOUS
100
AcDbLine
 10
2.0831582283464565
 20
1.611654527559055
 30
0
 11
1.9885061417322833
 21
1.5170024409448819
 31
0
  0
LINE
  5
601
330
1A
100
AcDbEntity
  8
BLACK
  6
CONTINUOUS
100
AcDbLine
 10
1.9885061417322833
 20
1.5170024409448819
 30
0
 11
1.9878675196850393
 21
1.5165757086614173
 31
0
  0
LINE
  5
602
330
1A
100
AcDbEntity
  8
BLACK
  6
CONTINUOUS
100
AcDbLine
 10
1.9878675196850393
 20
1.5165757086614173
 30
0
 11
1.9872929133858268
 21
1.5165757086614173
 31
0
  0
LINE
  5
603
330
1A
100
AcDbEntity
  8
BLACK
  6
CONTINUOUS
100
AcDbLine
 10
1.9872929133858268
 20
1.5165757086614173
 30
0
 11
1.9872929133858268
 21
1.5156594094488189
 31
0
  0
LINE
  5
604
330
1A
100
AcDbEntity
  8
BLACK
  6
CONTINUOUS
100
AcDbLine
 10
1.9872929133858268
 20
1.5156594094488189
 30
0
 11
1.986866220472441
 21
1.5150207874015749
 31
0
  0
LINE
  5
605
330
1A
100
AcDbEntity
  8
BLACK
  6
CONTINUOUS
100
AcDbLine
 10
1.986866220472441
 20
1.5150207874015749
 30
0
 11
1.9323020472440944
 21
1.460456653543307
 31
0
  0
LINE
  5
606
330
1A
100
AcDbEntity
  8
BLACK
  6
CONTINUOUS
100
AcDbLine
 10
1.9323020472440944
 20
1.460456653543307
 30
0
 11
1.9316634251968503
 21
1.4600299212598424
 31
0
  0
LINE
  5
607
330
1A
100
AcDbEntity
  8
BLACK
  6
CONTINUOUS
100
AcDbLine
 10
1.9316634251968503
 20
1.4600299212598424
 30
0
 11
1.930156811023622
 21
1.4600299212598424
 31
0
  0
LINE
  5
608
330
1A
100
AcDbEntity
  8
BLACK
  6
CONTINUOUS
100
AcDbLine
 10
1.930156811023622
 20
1.4600299212598424
 30
0
 11
1.9295181889763779
 21
1.460456653543307
 31
0
  0
LINE
  5
609
330
1A
100
AcDbEntity
  8
BLACK
  6
CONTINUOUS
100
AcDbLine
 10
1.9295181889763779
 20
1.460456653543307
 30
0
 11
1.8348661023622046
 21
1.5551087401574804
 31
0
  0
LINE
  5
60A
330
1A
100
AcDbEntity
  8
BLACK
  6
CONTINUOUS
100
AcDbLine
 10
1.8348661023622046
 20
1.5551087401574804
 30
0
 11
1.83443937007874
 21
1.5557473622047244
 31
0
  0
LINE
  5
60B
330
1A
100
AcDbEntity
  8
BLACK
  6
CONTINUOUS
100
AcDbLine
 10
1.83443937007874
 20
1.5557473622047244
 30
0
 11
1.83443937007874
 21
1.5572539763779527
 31
0
  0
LINE
  5
60C
330
1A
100
AcDbEntity
  8
BLACK
  6
CONTINUOUS
100
AcDbLine
 10
1.83443937007874
 20
1.5572539763779527
 30
0
 11
1.8348661023622046
 21
1.5578925984251968
 31
0
  0
LINE
  5
60D
330
1A
100
AcDbEntity
  8
BLACK
  6
CONTINUOUS
100
AcDbLine
 10
1.8348661023622046
 20
1.5578925984251968
 30
0
 11
1.8894302362204725
 21
1.6124567716535432
 31
0
  0
LINE
  5
60E
330
1A
100
AcDbEntity
  8
BLACK
  6
CONTINUOUS
100
AcDbLine
 10
1.8894302362204725
 20
1.6124567716535432
 30
0
 11
1.8899324015748031
 21
1.6127923228346457
 31
0
  0
LINE
  5
60F
330
1A
100
AcDbEntity
  8
BLACK
  6
CONTINUOUS
100
AcDbLine
 10
1.8899324015748031
 20
1.6127923228346457
 30
0
 11
1.8687990944881889
 21
1.6339256299212599
 31
0
  0
LINE
  5
610
330
1A
100
AcDbEntity
  8
BLACK
  6
CONTINUOUS
100
AcDbLine
 10
1.8687990944881889
 20
1.6339256299212599
 30
0
 11
1.8683723622047244
 21
1.634564251968504
 31
0
  0
LINE
  5
611
330
1A
100
AcDbEntity
  8
BLACK
  6
CONTINUOUS
100
AcDbLine
 10
1.8683723622047244
 20
1.634564251968504
 30
0
 11
1.8683723622047244
 21
1.6360708661417322
 31
0
  0
LINE
  5
612
330
1A
100
AcDbEntity
  8
BLACK
  6
CONTINUOUS
100
AcDbLine
 10
1.8683723622047244
 20
1.6360708661417322
 30
0
 11
1.8687990944881889
 21
1.6367094881889763
 31
0
  0
LINE
  5
613
330
1A
100
AcDbEntity
  8
BLACK
  6
CONTINUOUS
100
AcDbLine
 10
1.8687990944881889
 20
1.6367094881889763
 30
0
 11
1.8732218897637796
 21
1.641132283464567
 31
0
  0
LINE
  5
614
330
1A
100
AcDbEntity
  8
BLACK
  6
CONTINUOUS
100
AcDbLine
 10
1.8732218897637796
 20
1.641132283464567
 30
0
 11
1.8723523228346457
 21
1.641132283464567
 31
0
  0
LINE
  5
615
330
1A
100
AcDbEntity
  8
BLACK
  6
CONTINUOUS
100
AcDbLine
 10
1.8723523228346457
 20
1.641132283464567
 30
0
 11
1.8717137007874016
 21
1.6415589763779528
 31
0
  0
LINE
  5
616
330
1A
100
AcDbEntity
  8
BLACK
  6
CONTINUOUS
100
AcDbLine
 10
1.8717137007874016
 20
1.6415589763779528
 30
0
 11
1.8171495669291338
 21
1.6961231496062992
 31
0
  0
LINE
  5
617
330
1A
100
AcDbEntity
  8
BLACK
  6
CONTINUOUS
100
AcDbLine
 10
1.8171495669291338
 20
1.6961231496062992
 30
0
 11
1.8167228346456692
 21
1.6967617716535432
 31
0
  0
LINE
  5
618
330
1A
100
AcDbEntity
  8
BLACK
  6
CONTINUOUS
100
AcDbLine
 10
1.8167228346456692
 20
1.6967617716535432
 30
0
 11
1.8167228346456692
 21
1.6982683858267715
 31
0
  0
LINE
  5
619
330
1A
100
AcDbEntity
  8
BLACK
  6
CONTINUOUS
100
AcDbLine
 10
1.8167228346456692
 20
1.6982683858267715
 30
0
 11
1.8171495669291338
 21
1.6989070078740156
 31
0
  0
LINE
  5
61A
330
1A
100
AcDbEntity
  8
BLACK
  6
CONTINUOUS
100
AcDbLine
 10
1.8171495669291338
 20
1.6989070078740156
 30
0
 11
1.9118016535433071
 21
1.793559094488189
 31
0
  0
LINE
  5
61B
330
1A
100
AcDbEntity
  8
BLACK
  6
CONTINUOUS
100
AcDbLine
 10
1.9118016535433071
 20
1.793559094488189
 30
0
 11
1.9124402755905512
 21
1.7939858267716535
 31
0
  0
LINE
  5
61C
330
1A
100
AcDbEntity
  8
BLACK
  6
CONTINUOUS
100
AcDbLine
 10
1.9124402755905512
 20
1.7939858267716535
 30
0
 11
1.9139468897637795
 21
1.7939858267716535
 31
0
  0
LINE
  5
61D
330
1A
100
AcDbEntity
  8
BLACK
  6
CONTINUOUS
100
AcDbLine
 10
1.8390418897637795
 20
1.5565006692913386
 30
0
 11
1.9309100787401574
 21
1.4646324803149606
 31
0
  0
LINE
  5
61E
330
1A
100
AcDbEntity
  8
BLACK
  6
CONTINUOUS
100
AcDbLine
 10
1.9309100787401574
 20
1.4646324803149606
 30
0
 11
1.9826903543307086
 21
1.5164127559055118
 31
0
  0
LINE
  5
61F
330
1A
100
AcDbEntity
  8
BLACK
  6
CONTINUOUS
100
AcDbLine
 10
1.9826903543307086
 20
1.5164127559055118
 30
0
 11
1.8908221653543307
 21
1.6082809448818898
 31
0
  0
LINE
  5
620
330
1A
100
AcDbEntity
  8
BLACK
  6
CONTINUOUS
100
AcDbLine
 10
1.8908221653543307
 20
1.6082809448818898
 30
0
 11
1.8390418897637795
 21
1.5565006692913386
 31
0
  0
LINE
  5
621
330
1A
100
AcDbEntity
  8
BLACK
  6
CONTINUOUS
100
AcDbLine
 10
1.8729748818897638
 20
1.6353175984251969
 30
0
 11
1.9871142125984251
 21
1.5211782677165353
 31
0
  0
LINE
  5
622
330
1A
100
AcDbEntity
  8
BLACK
  6
CONTINUOUS
100
AcDbLine
 10
1.9871142125984251
 20
1.5211782677165353
 30
0
 11
2.0789824015748031
 21
1.6130464566929132
 31
0
  0
LINE
  5
623
330
1A
100
AcDbEntity
  8
BLACK
  6
CONTINUOUS
100
AcDbLine
 10
2.0789824015748031
 20
1.6130464566929132
 30
0
 11
1.9648430708661417
 21
1.7271857874015748
 31
0
  0
LINE
  5
624
330
1A
100
AcDbEntity
  8
BLACK
  6
CONTINUOUS
100
AcDbLine
 10
1.9648430708661417
 20
1.7271857874015748
 30
0
 11
1.8729748818897638
 21
1.6353175984251969
 31
0
  0
LINE
  5
625
330
1A
100
AcDbEntity
  8
BLACK
  6
CONTINUOUS
100
AcDbLine
 10
1.8213253543307086
 20
1.6975151181102361
 30
0
 11
1.8731056299212598
 21
1.6457348425196849
 31
0
  0
LINE
  5
626
330
1A
100
AcDbEntity
  8
BLACK
  6
CONTINUOUS
100
AcDbLine
 10
1.8731056299212598
 20
1.6457348425196849
 30
0
 11
1.9649738188976378
 21
1.7376030314960629
 31
0
  0
LINE
  5
627
330
1A
100
AcDbEntity
  8
BLACK
  6
CONTINUOUS
100
AcDbLine
 10
1.9649738188976378
 20
1.7376030314960629
 30
0
 11
1.9131935433070866
 21
1.7893833070866141
 31
0
  0
LINE
  5
628
330
1A
100
AcDbEntity
  8
BLACK
  6
CONTINUOUS
100
AcDbLine
 10
1.9131935433070866
 20
1.7893833070866141
 30
0
 11
1.8213253543307086
 21
1.6975151181102361
 31
0
  0
LINE
  5
629
330
1A
100
AcDbEntity
  8
BLACK
  6
CONTINUOUS
100
AcDbLine
 10
2.6512034251968504
 20
1.6781140551181102
 30
0
 11
2.6517361023622046
 21
1.677581377952756
 31
0
  0
LINE
  5
62A
330
1A
100
AcDbEntity
  8
BLACK
  6
CONTINUOUS
100
AcDbLine
 10
2.6517361023622046
 20
1.677581377952756
 30
0
 11
2.6518110236220473
 21
1.6772047244094488
 31
0
  0
LINE
  5
62B
330
1A
100
AcDbEntity
  8
BLACK
  6
CONTINUOUS
100
AcDbLine
 10
2.6518110236220473
 20
1.6772047244094488
 30
0
 11
2.6518110236220473
 21
1.4709055118110237
 31
0
  0
LINE
  5
62C
330
1A
100
AcDbEntity
  8
BLACK
  6
CONTINUOUS
100
AcDbLine
 10
2.6518110236220473
 20
1.4709055118110237
 30
0
 11
2.6517361023622046
 21
1.4705288582677165
 31
0
  0
LINE
  5
62D
330
1A
100
AcDbEntity
  8
BLACK
  6
CONTINUOUS
100
AcDbLine
 10
2.6517361023622046
 20
1.4705288582677165
 30
0
 11
2.6512034251968504
 21
1.4699961811023621
 31
0
  0
LINE
  5
62E
330
1A
100
AcDbEntity
  8
BLACK
  6
CONTINUOUS
100
AcDbLine
 10
2.6512034251968504
 20
1.4699961811023621
 30
0
 11
2.6508267716535432
 21
1.4699212598425198
 31
0
  0
LINE
  5
62F
330
1A
100
AcDbEntity
  8
BLACK
  6
CONTINUOUS
100
AcDbLine
 10
2.6508267716535432
 20
1.4699212598425198
 30
0
 11
2.4445275590551181
 21
1.4699212598425198
 31
0
  0
LINE
  5
630
330
1A
100
AcDbEntity
  8
BLACK
  6
CONTINUOUS
100
AcDbLine
 10
2.4445275590551181
 20
1.4699212598425198
 30
0
 11
2.4441509055118109
 21
1.4699961811023621
 31
0
  0
LINE
  5
631
330
1A
100
AcDbEntity
  8
BLACK
  6
CONTINUOUS
100
AcDbLine
 10
2.4441509055118109
 20
1.4699961811023621
 30
0
 11
2.4436182283464567
 21
1.4705288582677165
 31
0
  0
LINE
  5
632
330
1A
100
AcDbEntity
  8
BLACK
  6
CONTINUOUS
100
AcDbLine
 10
2.4436182283464567
 20
1.4705288582677165
 30
0
 11
2.4435433070866139
 21
1.4709055118110237
 31
0
  0
LINE
  5
633
330
1A
100
AcDbEntity
  8
BLACK
  6
CONTINUOUS
100
AcDbLine
 10
2.4435433070866139
 20
1.4709055118110237
 30
0
 11
2.4435433070866139
 21
1.6772047244094488
 31
0
  0
LINE
  5
634
330
1A
100
AcDbEntity
  8
BLACK
  6
CONTINUOUS
100
AcDbLine
 10
2.4435433070866139
 20
1.6772047244094488
 30
0
 11
2.4436182283464567
 21
1.677581377952756
 31
0
  0
LINE
  5
635
330
1A
100
AcDbEntity
  8
BLACK
  6
CONTINUOUS
100
AcDbLine
 10
2.4436182283464567
 20
1.677581377952756
 30
0
 11
2.4441509055118109
 21
1.6781140551181102
 31
0
  0
LINE
  5
636
330
1A
100
AcDbEntity
  8
BLACK
  6
CONTINUOUS
100
AcDbLine
 10
2.4441509055118109
 20
1.6781140551181102
 30
0
 11
2.4445275590551181
 21
1.6781889763779527
 31
0
  0
LINE
  5
637
330
1A
100
AcDbEntity
  8
BLACK
  6
CONTINUOUS
100
AcDbLine
 10
2.4445275590551181
 20
1.6781889763779527
 30
0
 11
2.6508267716535432
 21
1.6781889763779527
 31
0
  0
LINE
  5
638
330
1A
100
AcDbEntity
  8
BLACK
  6
CONTINUOUS
100
AcDbLine
 10
2.6508267716535432
 20
1.6781889763779527
 30
0
 11
2.6512034251968504
 21
1.6781140551181102
 31
0
  0
LINE
  5
639
330
1A
100
AcDbEntity
  8
BLACK
  6
CONTINUOUS
100
AcDbLine
 10
2.4455118110236218
 20
1.6762204724409449
 30
0
 11
2.4455118110236218
 21
1.4718897637795276
 31
0
  0
LINE
  5
63A
330
1A
100
AcDbEntity
  8
BLACK
  6
CONTINUOUS
100
AcDbLine
 10
2.4455118110236218
 20
1.4718897637795276
 30
0
 11
2.6498425196850395
 21
1.4718897637795276
 31
0
  0
LINE
  5
63B
330
1A
100
AcDbEntity
  8
BLACK
  6
CONTINUOUS
100
AcDbLine
 10
2.6498425196850395
 20
1.4718897637795276
 30
0
 11
2.6498425196850395
 21
1.6762204724409449
 31
0
  0
LINE
  5
63C
330
1A
100
AcDbEntity
  8
BLACK
  6
CONTINUOUS
100
AcDbLine
 10
2.6498425196850395
 20
1.6762204724409449
 30
0
 11
2.4455118110236218
 21
1.6762204724409449
 31
0
  0
LINE
  5
63D
330
1A
100
AcDbEntity
  8
BLACK
  6
CONTINUOUS
100
AcDbLine
 10
3.3847493700787399
 20
1.5638659055118109
 30
0
 11
3.3858147244094488
 21
1.5628005511811023
 31
0
  0
LINE
  5
63E
330
1A
100
AcDbEntity
  8
BLACK
  6
CONTINUOUS
100
AcDbLine
 10
3.3858147244094488
 20
1.5628005511811023
 30
0
 11
3.3859645669291338
 21
1.5620472440944881
 31
0
  0
LINE
  5
63F
330
1A
100
AcDbEntity
  8
BLACK
  6
CONTINUOUS
100
AcDbLine
 10
3.3859645669291338
 20
1.5620472440944881
 30
0
 11
3.3859645669291338
 21
1.4872440944881888
 31
0
  0
LINE
  5
640
330
1A
100
AcDbEntity
  8
BLACK
  6
CONTINUOUS
100
AcDbLine
 10
3.3859645669291338
 20
1.4872440944881888
 30
0
 11
3.3858147244094488
 21
1.4864907874015747
 31
0
  0
LINE
  5
641
330
1A
100
AcDbEntity
  8
BLACK
  6
CONTINUOUS
100
AcDbLine
 10
3.3858147244094488
 20
1.4864907874015747
 30
0
 11
3.3847493700787399
 21
1.4854254330708661
 31
0
  0
LINE
  5
642
330
1A
100
AcDbEntity
  8
BLACK
  6
CONTINUOUS
100
AcDbLine
 10
3.3847493700787399
 20
1.4854254330708661
 30
0
 11
3.383996062992126
 21
1.485275590551181
 31
0
  0
LINE
  5
643
330
1A
100
AcDbEntity
  8
BLACK
  6
CONTINUOUS
100
AcDbLine
 10
3.383996062992126
 20
1.485275590551181
 30
0
 11
3.2517125984251969
 21
1.485275590551181
 31
0
  0
LINE
  5
644
330
1A
100
AcDbEntity
  8
BLACK
  6
CONTINUOUS
100
AcDbLine
 10
3.2517125984251969
 20
1.485275590551181
 30
0
 11
3.2509592913385825
 21
1.4854254330708661
 31
0
  0
LINE
  5
645
330
1A
100
AcDbEntity
  8
BLACK
  6
CONTINUOUS
100
AcDbLine
 10
3.2509592913385825
 20
1.4854254330708661
 30
0
 11
3.2498939370078741
 21
1.4864907874015747
 31
0
  0
LINE
  5
646
330
1A
100
AcDbEntity
  8
BLACK
  6
CONTINUOUS
100
AcDbLine
 10
3.2498939370078741
 20
1.4864907874015747
 30
0
 11
3.249744094488189
 21
1.4872440944881888
 31
0
  0
LINE
  5
647
330
1A
100
AcDbEntity
  8
BLACK
  6
CONTINUOUS
100
AcDbLine
 10
3.249744094488189
 20
1.4872440944881888
 30
0
 11
3.249744094488189
 21
1.5620472440944881
 31
0
  0
LINE
  5
648
330
1A
100
AcDbEntity
  8
BLACK
  6
CONTINUOUS
100
AcDbLine
 10
3.249744094488189
 20
1.5620472440944881
 30
0
 11
3.2498939370078741
 21
1.5628005511811023
 31
0
  0
LINE
  5
649
330
1A
100
AcDbEntity
  8
BLACK
  6
CONTINUOUS
100
AcDbLine
 10
3.2498939370078741
 20
1.5628005511811023
 30
0
 11
3.2509592913385825
 21
1.5638659055118109
 31
0
  0
LINE
  5
64A
330
1A
100
AcDbEntity
  8
BLACK
  6
CONTINUOUS
100
AcDbLine
 10
3.2509592913385825
 20
1.5638659055118109
 30
0
 11
3.2517125984251969
 21
1.564015748031496
 31
0
  0
LINE
  5
64B
330
1A
100
AcDbEntity
  8
BLACK
  6
CONTINUOUS
100
AcDbLine
 10
3.2517125984251969
 20
1.564015748031496
 30
0
 11
3.383996062992126
 21
1.564015748031496
 31
0
  0
LINE
  5
64C
330
1A
100
AcDbEntity
  8
BLACK
  6
CONTINUOUS
100
AcDbLine
 10
3.383996062992126
 20
1.564015748031496
 30
0
 11
3.3847493700787399
 21
1.5638659055118109
 31
0
  0
LINE
  5
64D
330
1A
100
AcDbEntity
  8
BLACK
  6
CONTINUOUS
100
AcDbLine
 10
3.2536811023622048
 20
1.5600787401574803
 30
0
 11
3.2536811023622048
 21
1.4892125984251967
 31
0
  0
LINE
  5
64E
330
1A
100
AcDbEntity
  8
BLACK
  6
CONTINUOUS
100
AcDbLine
 10
3.2536811023622048
 20
1.4892125984251967
 30
0
 11
3.3820275590551181
 21
1.4892125984251967
 31
0
  0
LINE
  5
64F
330
1A
100
AcDbEntity
  8
BLACK
  6
CONTINUOUS
100
AcDbLine
 10
3.3820275590551181
 20
1.4892125984251967
 30
0
 11
3.3820275590551181
 21
1.5600787401574803
 31
0
  0
LINE
  5
650
330
1A
100
AcDbEntity
  8
BLACK
  6
CONTINUOUS
100
AcDbLine
 10
3.3820275590551181
 20
1.5600787401574803
 30
0
 11
3.2536811023622048
 21
1.5600787401574803
 31
0
  0
LINE
  5
651
330
1A
100
AcDbEntity
  8
BLACK
  6
CONTINUOUS
100
AcDbLine
 10
3.7730367716535431
 20
1.6386690551181102
 30
0
 11
3.774102125984252
 21
1.6376037007874016
 31
0
  0
LINE
  5
652
330
1A
100
AcDbEntity
  8
BLACK
  6
CONTINUOUS
100
AcDbLine
 10
3.774102125984252
 20
1.6376037007874016
 30
0
 11
3.7742519685039371
 21
1.6368503937007874
 31
0
  0
LINE
  5
653
330
1A
100
AcDbEntity
  8
BLACK
  6
CONTINUOUS
100
AcDbLine
 10
3.7742519685039371
 20
1.6368503937007874
 30
0
 11
3.7742519685039371
 21
1.5620472440944881
 31
0
  0
LINE
  5
654
330
1A
100
AcDbEntity
  8
BLACK
  6
CONTINUOUS
100
AcDbLine
 10
3.7742519685039371
 20
1.5620472440944881
 30
0
 11
3.774102125984252
 21
1.561293937007874
 31
0
  0
LINE
  5
655
330
1A
100
AcDbEntity
  8
BLACK
  6
CONTINUOUS
100
AcDbLine
 10
3.774102125984252
 20
1.561293937007874
 30
0
 11
3.7730367716535431
 21
1.5602285826771654
 31
0
  0
LINE
  5
656
330
1A
100
AcDbEntity
  8
BLACK
  6
CONTINUOUS
100
AcDbLine
 10
3.7730367716535431
 20
1.5602285826771654
 30
0
 11
3.7722834645669292
 21
1.5600787401574803
 31
0
  0
LINE
  5
657
330
1A
100
AcDbEntity
  8
BLACK
  6
CONTINUOUS
100
AcDbLine
 10
3.7722834645669292
 20
1.5600787401574803
 30
0
 11
3.6400000000000001
 21
1.5600787401574803
 31
0
  0
LINE
  5
658
330
1A
100
AcDbEntity
  8
BLACK
  6
CONTINUOUS
100
AcDbLine
 10
3.6400000000000001
 20
1.5600787401574803
 30
0
 11
3.6392466929133858
 21
1.5602285826771654
 31
0
  0
LINE
  5
659
330
1A
100
AcDbEntity
  8
BLACK
  6
CONTINUOUS
100
AcDbLine
 10
3.6392466929133858
 20
1.5602285826771654
 30
0
 11
3.6381813385826769
 21
1.561293937007874
 31
0
  0
LINE
  5
65A
330
1A
100
AcDbEntity
  8
BLACK
  6
CONTINUOUS
100
AcDbLine
 10
3.6381813385826769
 20
1.561293937007874
 30
0
 11
3.6380314960629923
 21
1.5620472440944881
 31
0
  0
LINE
  5
65B
330
1A
100
AcDbEntity
  8
BLACK
  6
CONTINUOUS
100
AcDbLine
 10
3.6380314960629923
 20
1.5620472440944881
 30
0
 11
3.6380314960629923
 21
1.6368503937007874
 31
0
  0
LINE
  5
65C
330
1A
100
AcDbEntity
  8
BLACK
  6
CONTINUOUS
100
AcDbLine
 10
3.6380314960629923
 20
1.6368503937007874
 30
0
 11
3.6381813385826769
 21
1.6376037007874016
 31
0
  0
LINE
  5
65D
330
1A
100
AcDbEntity
  8
BLACK
  6
CONTINUOUS
100
AcDbLine
 10
3.6381813385826769
 20
1.6376037007874016
 30
0
 11
3.6392466929133858
 21
1.6386690551181102
 31
0
  0
LINE
  5
65E
330
1A
100
AcDbEntity
  8
BLACK
  6
CONTINUOUS
100
AcDbLine
 10
3.6392466929133858
 20
1.6386690551181102
 30
0
 11
3.6400000000000001
 21
1.6388188976377953
 31
0
  0
LINE
  5
65F
330
1A
100
AcDbEntity
  8
BLACK
  6
CONTINUOUS
100
AcDbLine
 10
3.6400000000000001
 20
1.6388188976377953
 30
0
 11
3.6392466929133858
 21
1.6389687401574802
 31
0
  0
LINE
  5
660
330
1A
100
AcDbEntity
  8
BLACK
  6
CONTINUOUS
100
AcDbLine
 10
3.6392466929133858
 20
1.6389687401574802
 30
0
 11
3.6381813385826769
 21
1.640034094488189
 31
0
  0
LINE
  5
661
330
1A
100
AcDbEntity
  8
BLACK
  6
CONTINUOUS
100
AcDbLine
 10
3.6381813385826769
 20
1.640034094488189
 30
0
 11
3.6380314960629923
 21
1.6407874015748032
 31
0
  0
LINE
  5
662
330
1A
100
AcDbEntity
  8
BLACK
  6
CONTINUOUS
100
AcDbLine
 10
3.6380314960629923
 20
1.6407874015748032
 30
0
 11
3.6380314960629923
 21
1.7155905511811023
 31
0
  0
LINE
  5
663
330
1A
100
AcDbEntity
  8
BLACK
  6
CONTINUOUS
100
AcDbLine
 10
3.6380314960629923
 20
1.7155905511811023
 30
0
 11
3.6381813385826769
 21
1.7163438582677164
 31
0
  0
LINE
  5
664
330
1A
100
AcDbEntity
  8
BLACK
  6
CONTINUOUS
100
AcDbLine
 10
3.6381813385826769
 20
1.7163438582677164
 30
0
 11
3.6392466929133858
 21
1.7174092125984251
 31
0
  0
LINE
  5
665
330
1A
100
AcDbEntity
  8
BLACK
  6
CONTINUOUS
100
AcDbLine
 10
3.6392466929133858
 20
1.7174092125984251
 30
0
 11
3.6400000000000001
 21
1.7175590551181101
 31
0
  0
LINE
  5
666
330
1A
100
AcDbEntity
  8
BLACK
  6
CONTINUOUS
100
AcDbLine
 10
3.6400000000000001
 20
1.7175590551181101
 30
0
 11
3.7722834645669292
 21
1.7175590551181101
 31
0
  0
LINE
  5
667
330
1A
100
AcDbEntity
  8
BLACK
  6
CONTINUOUS
100
AcDbLine
 10
3.7722834645669292
 20
1.7175590551181101
 30
0
 11
3.7730367716535431
 21
1.7174092125984251
 31
0
  0
LINE
  5
668
330
1A
100
AcDbEntity
  8
BLACK
  6
CONTINUOUS
100
AcDbLine
 10
3.7730367716535431
 20
1.7174092125984251
 30
0
 11
3.774102125984252
 21
1.7163438582677164
 31
0
  0
LINE
  5
669
330
1A
100
AcDbEntity
  8
BLACK
  6
CONTINUOUS
100
AcDbLine
 10
3.774102125984252
 20
1.7163438582677164
 30
0
 11
3.7742519685039371
 21
1.7155905511811023
 31
0
  0
LINE
  5
66A
330
1A
100
AcDbEntity
  8
BLACK
  6
CONTINUOUS
100
AcDbLine
 10
3.7742519685039371
 20
1.7155905511811023
 30
0
 11
3.7742519685039371
 21
1.6407874015748032
 31
0
  0
LINE
  5
66B
330
1A
100
AcDbEntity
  8
BLACK
  6
CONTINUOUS
100
AcDbLine
 10
3.7742519685039371
 20
1.6407874015748032
 30
0
 11
3.774102125984252
 21
1.640034094488189
 31
0
  0
LINE
  5
66C
330
1A
100
AcDbEntity
  8
BLACK
  6
CONTINUOUS
100
AcDbLine
 10
3.774102125984252
 20
1.640034094488189
 30
0
 11
3.7730367716535431
 21
1.6389687401574802
 31
0
  0
LINE
  5
66D
330
1A
100
AcDbEntity
  8
BLACK
  6
CONTINUOUS
100
AcDbLine
 10
3.7730367716535431
 20
1.6389687401574802
 30
0
 11
3.7722834645669292
 21
1.6388188976377953
 31
0
  0
LINE
  5
66E
330
1A
100
AcDbEntity
  8
BLACK
  6
CONTINUOUS
100
AcDbLine
 10
3.7722834645669292
 20
1.6388188976377953
 30
0
 11
3.7730367716535431
 21
1.6386690551181102
 31
0
  0
LINE
  5
66F
330
1A
100
AcDbEntity
  8
BLACK
  6
CONTINUOUS
100
AcDbLine
 10
3.641968503937008
 20
1.6348818897637796
 30
0
 11
3.641968503937008
 21
1.564015748031496
 31
0
  0
LINE
  5
670
330
1A
100
AcDbEntity
  8
BLACK
  6
CONTINUOUS
100
AcDbLine
 10
3.641968503937008
 20
1.564015748031496
 30
0
 11
3.7703149606299213
 21
1.564015748031496
 31
0
  0
LINE
  5
671
330
1A
100
AcDbEntity
  8
BLACK
  6
CONTINUOUS
100
AcDbLine
 10
3.7703149606299213
 20
1.564015748031496
 30
0
 11
3.7703149606299213
 21
1.6348818897637796
 31
0
  0
LINE
  5
672
330
1A
100
AcDbEntity
  8
BLACK
  6
CONTINUOUS
100
AcDbLine
 10
3.7703149606299213
 20
1.6348818897637796
 30
0
 11
3.641968503937008
 21
1.6348818897637796
 31
0
  0
LINE
  5
673
330
1A
100
AcDbEntity
  8
BLACK
  6
CONTINUOUS
100
AcDbLine
 10
3.641968503937008
 20
1.7136220472440944
 30
0
 11
3.641968503937008
 21
1.6427559055118111
 31
0
  0
LINE
  5
674
330
1A
100
AcDbEntity
  8
BLACK
  6
CONTINUOUS
100
AcDbLine
 10
3.641968503937008
 20
1.6427559055118111
 30
0
 11
3.7703149606299213
 21
1.6427559055118111
 31
0
  0
LINE
  5
675
330
1A
100
AcDbEntity
  8
BLACK
  6
CONTINUOUS
100
AcDbLine
 10
3.7703149606299213
 20
1.6427559055118111
 30
0
 11
3.7703149606299213
 21
1.7136220472440944
 31
0
  0
LINE
  5
676
330
1A
100
AcDbEntity
  8
BLACK
  6
CONTINUOUS
100
AcDbLine
 10
3.7703149606299213
 20
1.7136220472440944
 30
0
 11
3.641968503937008
 21
1.7136220472440944
 31
0
  0
LINE
  5
677
330
1A
100
AcDbEntity
  8
BLACK
  6
CONTINUOUS
100
AcDbLine
 10
3.3615567716535431
 20
1.6459395275590551
 30
0
 11
3.3688654330708663
 21
1.6429121653543306
 31
0
  0
LINE
  5
678
330
1A
100
AcDbEntity
  8
BLACK
  6
CONTINUOUS
100
AcDbLine
 10
3.3688654330708663
 20
1.6429121653543306
 30
0
 11
3.3754430314960628
 21
1.6385171653543307
 31
0
  0
LINE
  5
679
330
1A
100
AcDbEntity
  8
BLACK
  6
CONTINUOUS
100
AcDbLine
 10
3.3754430314960628
 20
1.6385171653543307
 30
0
 11
3.3810368503937007
 21
1.6329233464566928
 31
0
  0
LINE
  5
67A
330
1A
100
AcDbEntity
  8
BLACK
  6
CONTINUOUS
100
AcDbLine
 10
3.3810368503937007
 20
1.6329233464566928
 30
0
 11
3.3854318503937009
 21
1.626345748031496
 31
0
  0
LINE
  5
67B
330
1A
100
AcDbEntity
  8
BLACK
  6
CONTINUOUS
100
AcDbLine
 10
3.3854318503937009
 20
1.626345748031496
 30
0
 11
3.3884592125984252
 21
1.6190370866141732
 31
0
  0
LINE
  5
67C
330
1A
100
AcDbEntity
  8
BLACK
  6
CONTINUOUS
100
AcDbLine
 10
3.3884592125984252
 20
1.6190370866141732
 30
0
 11
3.3900025196850394
 21
1.6112782677165354
 31
0
  0
LINE
  5
67D
330
1A
100
AcDbEntity
  8
BLACK
  6
CONTINUOUS
100
AcDbLine
 10
3.3900025196850394
 20
1.6112782677165354
 30
0
 11
3.3900025196850394
 21
1.6033674015748032
 31
0
  0
LINE
  5
67E
330
1A
100
AcDbEntity
  8
BLACK
  6
CONTINUOUS
100
AcDbLine
 10
3.3900025196850394
 20
1.6033674015748032
 30
0
 11
3.3884592125984252
 21
1.5956085826771653
 31
0
  0
LINE
  5
67F
330
1A
100
AcDbEntity
  8
BLACK
  6
CONTINUOUS
100
AcDbLine
 10
3.3884592125984252
 20
1.5956085826771653
 30
0
 11
3.3854318503937009
 21
1.5882999212598425
 31
0
  0
LINE
  5
680
330
1A
100
AcDbEntity
  8
BLACK
  6
CONTINUOUS
100
AcDbLine
 10
3.3854318503937009
 20
1.5882999212598425
 30
0
 11
3.3810368503937007
 21
1.5817223228346455
 31
0
  0
LINE
  5
681
330
1A
100
AcDbEntity
  8
BLACK
  6
CONTINUOUS
100
AcDbLine
 10
3.3810368503937007
 20
1.5817223228346455
 30
0
 11
3.3754430314960628
 21
1.5761285039370079
 31
0
  0
LINE
  5
682
330
1A
100
AcDbEntity
  8
BLACK
  6
CONTINUOUS
100
AcDbLine
 10
3.3754430314960628
 20
1.5761285039370079
 30
0
 11
3.3688654330708663
 21
1.5717335039370079
 31
0
  0
LINE
  5
683
330
1A
100
AcDbEntity
  8
BLACK
  6
CONTINUOUS
100
AcDbLine
 10
3.3688654330708663
 20
1.5717335039370079
 30
0
 11
3.3615567716535431
 21
1.5687061417322834
 31
0
  0
LINE
  5
684
330
1A
100
AcDbEntity
  8
BLACK
  6
CONTINUOUS
100
AcDbLine
 10
3.3615567716535431
 20
1.5687061417322834
 30
0
 11
3.3537979527559054
 21
1.5671628346456692
 31
0
  0
LINE
  5
685
330
1A
100
AcDbEntity
  8
BLACK
  6
CONTINUOUS
100
AcDbLine
 10
3.3537979527559054
 20
1.5671628346456692
 30
0
 11
3.345887086614173
 21
1.5671628346456692
 31
0
  0
LINE
  5
686
330
1A
100
AcDbEntity
  8
BLACK
  6
CONTINUOUS
100
AcDbLine
 10
3.345887086614173
 20
1.5671628346456692
 30
0
 11
3.3381282677165354
 21
1.5687061417322834
 31
0
  0
LINE
  5
687
330
1A
100
AcDbEntity
  8
BLACK
  6
CONTINUOUS
100
AcDbLine
 10
3.3381282677165354
 20
1.5687061417322834
 30
0
 11
3.3308196062992126
 21
1.5717335039370079
 31
0
  0
LINE
  5
688
330
1A
100
AcDbEntity
  8
BLACK
  6
CONTINUOUS
100
AcDbLine
 10
3.3308196062992126
 20
1.5717335039370079
 30
0
 11
3.3242420078740156
 21
1.5761285039370079
 31
0
  0
LINE
  5
689
330
1A
100
AcDbEntity
  8
BLACK
  6
CONTINUOUS
100
AcDbLine
 10
3.3242420078740156
 20
1.5761285039370079
 30
0
 11
3.3186481889763777
 21
1.5817223228346455
 31
0
  0
LINE
  5
68A
330
1A
100
AcDbEntity
  8
BLACK
  6
CONTINUOUS
100
AcDbLine
 10
3.3186481889763777
 20
1.5817223228346455
 30
0
 11
3.314253188976378
 21
1.5882999212598425
 31
0
  0
LINE
  5
68B
330
1A
100
AcDbEntity
  8
BLACK
  6
CONTINUOUS
100
AcDbLine
 10
3.314253188976378
 20
1.5882999212598425
 30
0
 11
3.3112258267716537
 21
1.5956085826771653
 31
0
  0
LINE
  5
68C
330
1A
100
AcDbEntity
  8
BLACK
  6
CONTINUOUS
100
AcDbLine
 10
3.3112258267716537
 20
1.5956085826771653
 30
0
 11
3.3096825196850395
 21
1.6033674015748032
 31
0
  0
LINE
  5
68D
330
1A
100
AcDbEntity
  8
BLACK
  6
CONTINUOUS
100
AcDbLine
 10
3.3096825196850395
 20
1.6033674015748032
 30
0
 11
3.3096825196850395
 21
1.6111035039370079
 31
0
  0
LINE
  5
68E
330
1A
100
AcDbEntity
  8
BLACK
  6
CONTINUOUS
100
AcDbLine
 10
3.3096825196850395
 20
1.6111035039370079
 30
0
 11
3.3096825196850395
 21
1.6112782677165354
 31
0
  0
LINE
  5
68F
330
1A
100
AcDbEntity
  8
BLACK
  6
CONTINUOUS
100
AcDbLine
 10
3.3096825196850395
 20
1.6112782677165354
 30
0
 11
3.3112258267716537
 21
1.6190370866141732
 31
0
  0
LINE
  5
690
330
1A
100
AcDbEntity
  8
BLACK
  6
CONTINUOUS
100
AcDbLine
 10
3.3112258267716537
 20
1.6190370866141732
 30
0
 11
3.314253188976378
 21
1.626345748031496
 31
0
  0
LINE
  5
691
330
1A
100
AcDbEntity
  8
BLACK
  6
CONTINUOUS
100
AcDbLine
 10
3.314253188976378
 20
1.626345748031496
 30
0
 11
3.3186481889763777
 21
1.6329233464566928
 31
0
  0
LINE
  5
692
330
1A
100
AcDbEntity
  8
BLACK
  6
CONTINUOUS
100
AcDbLine
 10
3.3186481889763777
 20
1.6329233464566928
 30
0
 11
3.3242420078740156
 21
1.6385171653543307
 31
0
  0
LINE
  5
693
330
1A
100
AcDbEntity
  8
BLACK
  6
CONTINUOUS
100
AcDbLine
 10
3.3242420078740156
 20
1.6385171653543307
 30
0
 11
3.3308196062992126
 21
1.6429121653543306
 31
0
  0
LINE
  5
694
330
1A
100
AcDbEntity
  8
BLACK
  6
CONTINUOUS
100
AcDbLine
 10
3.3308196062992126
 20
1.6429121653543306
 30
0
 11
3.3381282677165354
 21
1.6459395275590551
 31
0
  0
LINE
  5
695
330
1A
100
AcDbEntity
  8
BLACK
  6
CONTINUOUS
100
AcDbLine
 10
3.3381282677165354
 20
1.6459395275590551
 30
0
 11
3.345887086614173
 21
1.6474828346456694
 31
0
  0
LINE
  5
696
330
1A
100
AcDbEntity
  8
BLACK
  6
CONTINUOUS
100
AcDbLine
 10
3.345887086614173
 20
1.6474828346456694
 30
0
 11
3.3537979527559054
 21
1.6474828346456694
 31
0
  0
LINE
  5
697
330
1A
100
AcDbEntity
  8
BLACK
  6
CONTINUOUS
100
AcDbLine
 10
3.3537979527559054
 20
1.6474828346456694
 30
0
 11
3.3615567716535431
 21
1.6459395275590551
 31
0
  0
LINE
  5
698
330
1A
100
AcDbEntity
  8
BLACK
  6
CONTINUOUS
100
AcDbLine
 10
3.311456692913386
 20
1.6035421653543307
 30
0
 11
3.3129318110236219
 21
1.5961261023622046
 31
0
  0
LINE
  5
699
330
1A
100
AcDbEntity
  8
BLACK
  6
CONTINUOUS
100
AcDbLine
 10
3.3129318110236219
 20
1.5961261023622046
 30
0
 11
3.3158254330708661
 21
1.5891403149606298
 31
0
  0
LINE
  5
69A
330
1A
100
AcDbEntity
  8
BLACK
  6
CONTINUOUS
100
AcDbLine
 10
3.3158254330708661
 20
1.5891403149606298
 30
0
 11
3.3200262992125982
 21
1.5828532677165355
 31
0
  0
LINE
  5
69B
330
1A
100
AcDbEntity
  8
BLACK
  6
CONTINUOUS
100
AcDbLine
 10
3.3200262992125982
 20
1.5828532677165355
 30
0
 11
3.3253729527559055
 21
1.5775066141732283
 31
0
  0
LINE
  5
69C
330
1A
100
AcDbEntity
  8
BLACK
  6
CONTINUOUS
100
AcDbLine
 10
3.3253729527559055
 20
1.5775066141732283
 30
0
 11
3.3316599999999998
 21
1.573305748031496
 31
0
  0
LINE
  5
69D
330
1A
100
AcDbEntity
  8
BLACK
  6
CONTINUOUS
100
AcDbLine
 10
3.3316599999999998
 20
1.573305748031496
 30
0
 11
3.3386457874015747
 21
1.5704121259842518
 31
0
  0
LINE
  5
69E
330
1A
100
AcDbEntity
  8
BLACK
  6
CONTINUOUS
100
AcDbLine
 10
3.3386457874015747
 20
1.5704121259842518
 30
0
 11
3.3460618503937005
 21
1.5689370078740157
 31
0
  0
LINE
  5
69F
330
1A
100
AcDbEntity
  8
BLACK
  6
CONTINUOUS
100
AcDbLine
 10
3.3460618503937005
 20
1.5689370078740157
 30
0
 11
3.3536231889763779
 21
1.5689370078740157
 31
0
  0
LINE
  5
6A0
330
1A
100
AcDbEntity
  8
BLACK
  6
CONTINUOUS
100
AcDbLine
 10
3.3536231889763779
 20
1.5689370078740157
 30
0
 11
3.3610392519685037
 21
1.5704121259842518
 31
0
  0
LINE
  5
6A1
330
1A
100
AcDbEntity
  8
BLACK
  6
CONTINUOUS
100
AcDbLine
 10
3.3610392519685037
 20
1.5704121259842518
 30
0
 11
3.3680250393700786
 21
1.573305748031496
 31
0
  0
LINE
  5
6A2
330
1A
100
AcDbEntity
  8
BLACK
  6
CONTINUOUS
100
AcDbLine
 10
3.3680250393700786
 20
1.573305748031496
 30
0
 11
3.3743120866141734
 21
1.5775066141732283
 31
0
  0
LINE
  5
6A3
330
1A
100
AcDbEntity
  8
BLACK
  6
CONTINUOUS
100
AcDbLine
 10
3.3743120866141734
 20
1.5775066141732283
 30
0
 11
3.3796587401574802
 21
1.5828532677165355
 31
0
  0
LINE
  5
6A4
330
1A
100
AcDbEntity
  8
BLACK
  6
CONTINUOUS
100
AcDbLine
 10
3.3796587401574802
 20
1.5828532677165355
 30
0
 11
3.3838596062992123
 21
1.5891403149606298
 31
0
  0
LINE
  5
6A5
330
1A
100
AcDbEntity
  8
BLACK
  6
CONTINUOUS
100
AcDbLine
 10
3.3838596062992123
 20
1.5891403149606298
 30
0
 11
3.3867532283464565
 21
1.5961261023622046
 31
0
  0
LINE
  5
6A6
330
1A
100
AcDbEntity
  8
BLACK
  6
CONTINUOUS
100
AcDbLine
 10
3.3867532283464565
 20
1.5961261023622046
 30
0
 11
3.3882283464566929
 21
1.6035421653543307
 31
0
  0
LINE
  5
6A7
330
1A
100
AcDbEntity
  8
BLACK
  6
CONTINUOUS
100
AcDbLine
 10
3.3882283464566929
 20
1.6035421653543307
 30
0
 11
3.3882283464566929
 21
1.6111035039370079
 31
0
  0
LINE
  5
6A8
330
1A
100
AcDbEntity
  8
BLACK
  6
CONTINUOUS
100
AcDbLine
 10
3.3882283464566929
 20
1.6111035039370079
 30
0
 11
3.3867532283464565
 21
1.6185195669291339
 31
0
  0
LINE
  5
6A9
330
1A
100
AcDbEntity
  8
BLACK
  6
CONTINUOUS
100
AcDbLine
 10
3.3867532283464565
 20
1.6185195669291339
 30
0
 11
3.3838596062992123
 21
1.6255053543307085
 31
0
  0
LINE
  5
6AA
330
1A
100
AcDbEntity
  8
BLACK
  6
CONTINUOUS
100
AcDbLine
 10
3.3838596062992123
 20
1.6255053543307085
 30
0
 11
3.3796587401574802
 21
1.6317924015748031
 31
0
  0
LINE
  5
6AB
330
1A
100
AcDbEntity
  8
BLACK
  6
CONTINUOUS
100
AcDbLine
 10
3.3796587401574802
 20
1.6317924015748031
 30
0
 11
3.3743120866141734
 21
1.6371390551181102
 31
0
  0
LINE
  5
6AC
330
1A
100
AcDbEntity
  8
BLACK
  6
CONTINUOUS
100
AcDbLine
 10
3.3743120866141734
 20
1.6371390551181102
 30
0
 11
3.3680250393700786
 21
1.6413399212598425
 31
0
  0
LINE
  5
6AD
330
1A
100
AcDbEntity
  8
BLACK
  6
CONTINUOUS
100
AcDbLine
 10
3.3680250393700786
 20
1.6413399212598425
 30
0
 11
3.3610392519685037
 21
1.6442335433070865
 31
0
  0
LINE
  5
6AE
330
1A
100
AcDbEntity
  8
BLACK
  6
CONTINUOUS
100
AcDbLine
 10
3.3610392519685037
 20
1.6442335433070865
 30
0
 11
3.3536231889763779
 21
1.6457086614173229
 31
0
  0
LINE
  5
6AF
330
1A
100
AcDbEntity
  8
BLACK
  6
CONTINUOUS
100
AcDbLine
 10
3.3536231889763779
 20
1.6457086614173229
 30
0
 11
3.3460618503937005
 21
1.6457086614173229
 31
0
  0
LINE
  5
6B0
330
1A
100
AcDbEntity
  8
BLACK
  6
CONTINUOUS
100
AcDbLine
 10
3.3460618503937005
 20
1.6457086614173229
 30
0
 11
3.3386457874015747
 21
1.6442335433070865
 31
0
  0
LINE
  5
6B1
330
1A
100
AcDbEntity
  8
BLACK
  6
CONTINUOUS
100
AcDbLine
 10
3.3386457874015747
 20
1.6442335433070865
 30
0
 11
3.3316599999999998
 21
1.6413399212598425
 31
0
  0
LINE
  5
6B2
330
1A
100
AcDbEntity
  8
BLACK
  6
CONTINUOUS
100
AcDbLine
 10
3.3316599999999998
 20
1.6413399212598425
 30
0
 11
3.3253729527559055
 21
1.6371390551181102
 31
0
  0
LINE
  5
6B3
330
1A
100
AcDbEntity
  8
BLACK
  6
CONTINUOUS
100
AcDbLine
 10
3.3253729527559055
 20
1.6371390551181102
 30
0
 11
3.3200262992125982
 21
1.6317924015748031
 31
0
  0
LINE
  5
6B4
330
1A
100
AcDbEntity
  8
BLACK
  6
CONTINUOUS
100
AcDbLine
 10
3.3200262992125982
 20
1.6317924015748031
 30
0
 11
3.3158254330708661
 21
1.6255053543307085
 31
0
  0
LINE
  5
6B5
330
1A
100
AcDbEntity
  8
BLACK
  6
CONTINUOUS
100
AcDbLine
 10
3.3158254330708661
 20
1.6255053543307085
 30
0
 11
3.3129318110236219
 21
1.6185195669291339
 31
0
  0
LINE
  5
6B6
330
1A
100
AcDbEntity
  8
BLACK
  6
CONTINUOUS
100
AcDbLine
 10
3.3129318110236219
 20
1.6185195669291339
 30
0
 11
3.311456692913386
 21
1.6111035039370079
 31
0
  0
LINE
  5
6B7
330
1A
100
AcDbEntity
  8
BLACK
  6
CONTINUOUS
100
AcDbLine
 10
3.311456692913386
 20
1.6111035039370079
 30
0
 11
3.311456692913386
 21
1.6035421653543307
 31
0
  0
LINE
  5
6B8
330
1A
100
AcDbEntity
  8
BLACK
  6
CONTINUOUS
100
AcDbLine
 10
2.8565013385826772
 20
1.7279407086614174
 30
0
 11
2.856732283464567
 21
1.7277097637795276
 31
0
  0
LINE
  5
6B9
330
1A
100
AcDbEntity
  8
BLACK
  6
CONTINUOUS
100
AcDbLine
 10
2.856732283464567
 20
1.7277097637795276
 30
0
 11
2.8569632283464568
 21
1.7279407086614174
 31
0
  0
LINE
  5
6BA
330
1A
100
AcDbEntity
  8
BLACK
  6
CONTINUOUS
100
AcDbLine
 10
2.8569632283464568
 20
1.7279407086614174
 30
0
 11
2.8577165354330707
 21
1.7280905511811022
 31
0
  0
LINE
  5
6BB
330
1A
100
AcDbEntity
  8
BLACK
  6
CONTINUOUS
100
AcDbLine
 10
2.8577165354330707
 20
1.7280905511811022
 30
0
 11
2.9325196850393702
 21
1.7280905511811022
 31
0
  0
LINE
  5
6BC
330
1A
100
AcDbEntity
  8
BLACK
  6
CONTINUOUS
100
AcDbLine
 10
2.9325196850393702
 20
1.7280905511811022
 30
0
 11
2.9332729921259841
 21
1.7279407086614174
 31
0
  0
LINE
  5
6BD
330
1A
100
AcDbEntity
  8
BLACK
  6
CONTINUOUS
100
AcDbLine
 10
2.9332729921259841
 20
1.7279407086614174
 30
0
 11
2.934338346456693
 21
1.7268753543307087
 31
0
  0
LINE
  5
6BE
330
1A
100
AcDbEntity
  8
BLACK
  6
CONTINUOUS
100
AcDbLine
 10
2.934338346456693
 20
1.7268753543307087
 30
0
 11
2.9344881889763781
 21
1.7261220472440943
 31
0
  0
LINE
  5
6BF
330
1A
100
AcDbEntity
  8
BLACK
  6
CONTINUOUS
100
AcDbLine
 10
2.9344881889763781
 20
1.7261220472440943
 30
0
 11
2.9344881889763781
 21
1.5938385826771653
 31
0
  0
LINE
  5
6C0
330
1A
100
AcDbEntity
  8
BLACK
  6
CONTINUOUS
100
AcDbLine
 10
2.9344881889763781
 20
1.5938385826771653
 30
0
 11
2.934338346456693
 21
1.5930852755905511
 31
0
  0
LINE
  5
6C1
330
1A
100
AcDbEntity
  8
BLACK
  6
CONTINUOUS
100
AcDbLine
 10
2.934338346456693
 20
1.5930852755905511
 30
0
 11
2.9332729921259841
 21
1.5920199212598425
 31
0
  0
LINE
  5
6C2
330
1A
100
AcDbEntity
  8
BLACK
  6
CONTINUOUS
100
AcDbLine
 10
2.9332729921259841
 20
1.5920199212598425
 30
0
 11
2.9325196850393702
 21
1.5918700787401574
 31
0
  0
LINE
  5
6C3
330
1A
100
AcDbEntity
  8
BLACK
  6
CONTINUOUS
100
AcDbLine
 10
2.9325196850393702
 20
1.5918700787401574
 30
0
 11
2.8577165354330707
 21
1.5918700787401574
 31
0
  0
LINE
  5
6C4
330
1A
100
AcDbEntity
  8
BLACK
  6
CONTINUOUS
100
AcDbLine
 10
2.8577165354330707
 20
1.5918700787401574
 30
0
 11
2.8569632283464568
 21
1.5920199212598425
 31
0
  0
LINE
  5
6C5
330
1A
100
AcDbEntity
  8
BLACK
  6
CONTINUOUS
100
AcDbLine
 10
2.8569632283464568
 20
1.5920199212598425
 30
0
 11
2.856732283464567
 21
1.5922508661417323
 31
0
  0
LINE
  5
6C6
330
1A
100
AcDbEntity
  8
BLACK
  6
CONTINUOUS
100
AcDbLine
 10
2.856732283464567
 20
1.5922508661417323
 30
0
 11
2.8565013385826772
 21
1.5920199212598425
 31
0
  0
LINE
  5
6C7
330
1A
100
AcDbEntity
  8
BLACK
  6
CONTINUOUS
100
AcDbLine
 10
2.8565013385826772
 20
1.5920199212598425
 30
0
 11
2.8557480314960628
 21
1.5918700787401574
 31
0
  0
LINE
  5
6C8
330
1A
100
AcDbEntity
  8
BLACK
  6
CONTINUOUS
100
AcDbLine
 10
2.8557480314960628
 20
1.5918700787401574
 30
0
 11
2.7809448818897637
 21
1.5918700787401574
 31
0
  0
LINE
  5
6C9
330
1A
100
AcDbEntity
  8
BLACK
  6
CONTINUOUS
100
AcDbLine
 10
2.7809448818897637
 20
1.5918700787401574
 30
0
 11
2.7801915748031494
 21
1.5920199212598425
 31
0
  0
LINE
  5
6CA
330
1A
100
AcDbEntity
  8
BLACK
  6
CONTINUOUS
100
AcDbLine
 10
2.7801915748031494
 20
1.5920199212598425
 30
0
 11
2.779126220472441
 21
1.5930852755905511
 31
0
  0
LINE
  5
6CB
330
1A
100
AcDbEntity
  8
BLACK
  6
CONTINUOUS
100
AcDbLine
 10
2.779126220472441
 20
1.5930852755905511
 30
0
 11
2.7789763779527559
 21
1.5938385826771653
 31
0
  0
LINE
  5
6CC
330
1A
100
AcDbEntity
  8
BLACK
  6
CONTINUOUS
100
AcDbLine
 10
2.7789763779527559
 20
1.5938385826771653
 30
0
 11
2.7789763779527559
 21
1.7261220472440943
 31
0
  0
LINE
  5
6CD
330
1A
100
AcDbEntity
  8
BLACK
  6
CONTINUOUS
100
AcDbLine
 10
2.7789763779527559
 20
1.7261220472440943
 30
0
 11
2.779126220472441
 21
1.7268753543307087
 31
0
  0
LINE
  5
6CE
330
1A
100
AcDbEntity
  8
BLACK
  6
CONTINUOUS
100
AcDbLine
 10
2.779126220472441
 20
1.7268753543307087
 30
0
 11
2.7801915748031494
 21
1.7279407086614174
 31
0
  0
LINE
  5
6CF
330
1A
100
AcDbEntity
  8
BLACK
  6
CONTINUOUS
100
AcDbLine
 10
2.7801915748031494
 20
1.7279407086614174
 30
0
 11
2.7809448818897637
 21
1.7280905511811022
 31
0
  0
LINE
  5
6D0
330
1A
100
AcDbEntity
  8
BLACK
  6
CONTINUOUS
100
AcDbLine
 10
2.7809448818897637
 20
1.7280905511811022
 30
0
 11
2.8557480314960628
 21
1.7280905511811022
 31
0
  0
LINE
  5
6D1
330
1A
100
AcDbEntity
  8
BLACK
  6
CONTINUOUS
100
AcDbLine
 10
2.8557480314960628
 20
1.7280905511811022
 30
0
 11
2.8565013385826772
 21
1.7279407086614174
 31
0
  0
LINE
  5
6D2
330
1A
100
AcDbEntity
  8
BLACK
  6
CONTINUOUS
100
AcDbLine
 10
2.8596850393700786
 20
1.7241535433070865
 30
0
 11
2.8596850393700786
 21
1.5958070866141731
 31
0
  0
LINE
  5
6D3
330
1A
100
AcDbEntity
  8
BLACK
  6
CONTINUOUS
100
AcDbLine
 10
2.8596850393700786
 20
1.5958070866141731
 30
0
 11
2.9305511811023623
 21
1.5958070866141731
 31
0
  0
LINE
  5
6D4
330
1A
100
AcDbEntity
  8
BLACK
  6
CONTINUOUS
100
AcDbLine
 10
2.9305511811023623
 20
1.5958070866141731
 30
0
 11
2.9305511811023623
 21
1.7241535433070865
 31
0
  0
LINE
  5
6D5
330
1A
100
AcDbEntity
  8
BLACK
  6
CONTINUOUS
100
AcDbLine
 10
2.9305511811023623
 20
1.7241535433070865
 30
0
 11
2.8596850393700786
 21
1.7241535433070865
 31
0
  0
LINE
  5
6D6
330
1A
100
AcDbEntity
  8
BLACK
  6
CONTINUOUS
100
AcDbLine
 10
2.7829133858267716
 20
1.7241535433070865
 30
0
 11
2.7829133858267716
 21
1.5958070866141731
 31
0
  0
LINE
  5
6D7
330
1A
100
AcDbEntity
  8
BLACK
  6
CONTINUOUS
100
AcDbLine
 10
2.7829133858267716
 20
1.5958070866141731
 30
0
 11
2.853779527559055
 21
1.5958070866141731
 31
0
  0
LINE
  5
6D8
330
1A
100
AcDbEntity
  8
BLACK
  6
CONTINUOUS
100
AcDbLine
 10
2.853779527559055
 20
1.5958070866141731
 30
0
 11
2.853779527559055
 21
1.7241535433070865
 31
0
  0
LINE
  5
6D9
330
1A
100
AcDbEntity
  8
BLACK
  6
CONTINUOUS
100
AcDbLine
 10
2.853779527559055
 20
1.7241535433070865
 30
0
 11
2.7829133858267716
 21
1.7241535433070865
 31
0
  0
LINE
  5
6DA
330
1A
100
AcDbEntity
  8
BLACK
  6
CONTINUOUS
100
AcDbLine
 10
2.7338377559055118
 20
1.7161449212598425
 30
0
 11
2.7414759055118108
 21
1.7136631102362205
 31
0
  0
LINE
  5
6DB
330
1A
100
AcDbEntity
  8
BLACK
  6
CONTINUOUS
100
AcDbLine
 10
2.7414759055118108
 20
1.7136631102362205
 30
0
 11
2.7486318110236221
 21
1.7100170078740158
 31
0
  0
LINE
  5
6DC
330
1A
100
AcDbEntity
  8
BLACK
  6
CONTINUOUS
100
AcDbLine
 10
2.7486318110236221
 20
1.7100170078740158
 30
0
 11
2.7551292125984252
 21
1.7052963779527559
 31
0
  0
LINE
  5
6DD
330
1A
100
AcDbEntity
  8
BLACK
  6
CONTINUOUS
100
AcDbLine
 10
2.7551292125984252
 20
1.7052963779527559
 30
0
 11
2.760808188976378
 21
1.6996174015748031
 31
0
  0
LINE
  5
6DE
330
1A
100
AcDbEntity
  8
BLACK
  6
CONTINUOUS
100
AcDbLine
 10
2.760808188976378
 20
1.6996174015748031
 30
0
 11
2.7655288188976379
 21
1.69312
 31
0
  0
LINE
  5
6DF
330
1A
100
AcDbEntity
  8
BLACK
  6
CONTINUOUS
100
AcDbLine
 10
2.7655288188976379
 20
1.69312
 30
0
 11
2.7691749212598427
 21
1.6859640944881888
 31
0
  0
LINE
  5
6E0
330
1A
100
AcDbEntity
  8
BLACK
  6
CONTINUOUS
100
AcDbLine
 10
2.7691749212598427
 20
1.6859640944881888
 30
0
 11
2.7716567322834647
 21
1.6783259448818897
 31
0
  0
LINE
  5
6E1
330
1A
100
AcDbEntity
  8
BLACK
  6
CONTINUOUS
100
AcDbLine
 10
2.7716567322834647
 20
1.6783259448818897
 30
0
 11
2.7729131102362206
 21
1.6703935826771654
 31
0
  0
LINE
  5
6E2
330
1A
100
AcDbEntity
  8
BLACK
  6
CONTINUOUS
100
AcDbLine
 10
2.7729131102362206
 20
1.6703935826771654
 30
0
 11
2.7729131102362206
 21
1.6623623228346456
 31
0
  0
LINE
  5
6E3
330
1A
100
AcDbEntity
  8
BLACK
  6
CONTINUOUS
100
AcDbLine
 10
2.7729131102362206
 20
1.6623623228346456
 30
0
 11
2.7716567322834647
 21
1.6544299606299213
 31
0
  0
LINE
  5
6E4
330
1A
100
AcDbEntity
  8
BLACK
  6
CONTINUOUS
100
AcDbLine
 10
2.7716567322834647
 20
1.6544299606299213
 30
0
 11
2.7691749212598427
 21
1.6467918110236219
 31
0
  0
LINE
  5
6E5
330
1A
100
AcDbEntity
  8
BLACK
  6
CONTINUOUS
100
AcDbLine
 10
2.7691749212598427
 20
1.6467918110236219
 30
0
 11
2.7655288188976379
 21
1.639635905511811
 31
0
  0
LINE
  5
6E6
330
1A
100
AcDbEntity
  8
BLACK
  6
CONTINUOUS
100
AcDbLine
 10
2.7655288188976379
 20
1.639635905511811
 30
0
 11
2.760808188976378
 21
1.6331385039370079
 31
0
  0
LINE
  5
6E7
330
1A
100
AcDbEntity
  8
BLACK
  6
CONTINUOUS
100
AcDbLine
 10
2.760808188976378
 20
1.6331385039370079
 30
0
 11
2.7551292125984252
 21
1.6274595275590551
 31
0
  0
LINE
  5
6E8
330
1A
100
AcDbEntity
  8
BLACK
  6
CONTINUOUS
100
AcDbLine
 10
2.7551292125984252
 20
1.6274595275590551
 30
0
 11
2.7486318110236221
 21
1.6227388976377952
 31
0
  0
LINE
  5
6E9
330
1A
100
AcDbEntity
  8
BLACK
  6
CONTINUOUS
100
AcDbLine
 10
2.7486318110236221
 20
1.6227388976377952
 30
0
 11
2.7414759055118108
 21
1.6190927952755905
 31
0
  0
LINE
  5
6EA
330
1A
100
AcDbEntity
  8
BLACK
  6
CONTINUOUS
100
AcDbLine
 10
2.7414759055118108
 20
1.6190927952755905
 30
0
 11
2.7338377559055118
 21
1.6166109842519685
 31
0
  0
LINE
  5
6EB
330
1A
100
AcDbEntity
  8
BLACK
  6
CONTINUOUS
100
AcDbLine
 10
2.7338377559055118
 20
1.6166109842519685
 30
0
 11
2.7259053937007875
 21
1.6153546062992126
 31
0
  0
LINE
  5
6EC
330
1A
100
AcDbEntity
  8
BLACK
  6
CONTINUOUS
100
AcDbLine
 10
2.7259053937007875
 20
1.6153546062992126
 30
0
 11
2.7178741338582677
 21
1.6153546062992126
 31
0
  0
LINE
  5
6ED
330
1A
100
AcDbEntity
  8
BLACK
  6
CONTINUOUS
100
AcDbLine
 10
2.7178741338582677
 20
1.6153546062992126
 30
0
 11
2.7099417716535434
 21
1.6166109842519685
 31
0
  0
LINE
  5
6EE
330
1A
100
AcDbEntity
  8
BLACK
  6
CONTINUOUS
100
AcDbLine
 10
2.7099417716535434
 20
1.6166109842519685
 30
0
 11
2.7023036220472441
 21
1.6190927952755905
 31
0
  0
LINE
  5
6EF
330
1A
100
AcDbEntity
  8
BLACK
  6
CONTINUOUS
100
AcDbLine
 10
2.7023036220472441
 20
1.6190927952755905
 30
0
 11
2.6951477165354332
 21
1.6227388976377952
 31
0
  0
LINE
  5
6F0
330
1A
100
AcDbEntity
  8
BLACK
  6
CONTINUOUS
100
AcDbLine
 10
2.6951477165354332
 20
1.6227388976377952
 30
0
 11
2.68865031496063
 21
1.6274595275590551
 31
0
  0
LINE
  5
6F1
330
1A
100
AcDbEntity
  8
BLACK
  6
CONTINUOUS
100
AcDbLine
 10
2.68865031496063
 20
1.6274595275590551
 30
0
 11
2.6829713385826772
 21
1.6331385039370079
 31
0
  0
LINE
  5
6F2
330
1A
100
AcDbEntity
  8
BLACK
  6
CONTINUOUS
100
AcDbLine
 10
2.6829713385826772
 20
1.6331385039370079
 30
0
 11
2.6782507086614173
 21
1.639635905511811
 31
0
  0
LINE
  5
6F3
330
1A
100
AcDbEntity
  8
BLACK
  6
CONTINUOUS
100
AcDbLine
 10
2.6782507086614173
 20
1.639635905511811
 30
0
 11
2.6746046062992126
 21
1.6467918110236219
 31
0
  0
LINE
  5
6F4
330
1A
100
AcDbEntity
  8
BLACK
  6
CONTINUOUS
100
AcDbLine
 10
2.6746046062992126
 20
1.6467918110236219
 30
0
 11
2.6721227952755906
 21
1.6544299606299213
 31
0
  0
LINE
  5
6F5
330
1A
100
AcDbEntity
  8
BLACK
  6
CONTINUOUS
100
AcDbLine
 10
2.6721227952755906
 20
1.6544299606299213
 30
0
 11
2.6708664173228347
 21
1.6623623228346456
 31
0
  0
LINE
  5
6F6
330
1A
100
AcDbEntity
  8
BLACK
  6
CONTINUOUS
100
AcDbLine
 10
2.6708664173228347
 20
1.6623623228346456
 30
0
 11
2.6708664173228347
 21
1.6700961417322835
 31
0
  0
LINE
  5
6F7
330
1A
100
AcDbEntity
  8
BLACK
  6
CONTINUOUS
100
AcDbLine
 10
2.6708664173228347
 20
1.6700961417322835
 30
0
 11
2.6708664173228347
 21
1.6703935826771654
 31
0
  0
LINE
  5
6F8
330
1A
100
AcDbEntity
  8
BLACK
  6
CONTINUOUS
100
AcDbLine
 10
2.6708664173228347
 20
1.6703935826771654
 30
0
 11
2.6721227952755906
 21
1.6783259448818897
 31
0
  0
LINE
  5
6F9
330
1A
100
AcDbEntity
  8
BLACK
  6
CONTINUOUS
100
AcDbLine
 10
2.6721227952755906
 20
1.6783259448818897
 30
0
 11
2.6746046062992126
 21
1.6859640944881888
 31
0
  0
LINE
  5
6FA
330
1A
100
AcDbEntity
  8
BLACK
  6
CONTINUOUS
100
AcDbLine
 10
2.6746046062992126
 20
1.6859640944881888
 30
0
 11
2.6782507086614173
 21
1.69312
 31
0
  0
LINE
  5
6FB
330
1A
100
AcDbEntity
  8
BLACK
  6
CONTINUOUS
100
AcDbLine
 10
2.6782507086614173
 20
1.69312
 30
0
 11
2.6829713385826772
 21
1.6996174015748031
 31
0
  0
LINE
  5
6FC
330
1A
100
AcDbEntity
  8
BLACK
  6
CONTINUOUS
100
AcDbLine
 10
2.6829713385826772
 20
1.6996174015748031
 30
0
 11
2.68865031496063
 21
1.7052963779527559
 31
0
  0
LINE
  5
6FD
330
1A
100
AcDbEntity
  8
BLACK
  6
CONTINUOUS
100
AcDbLine
 10
2.68865031496063
 20
1.7052963779527559
 30
0
 11
2.6951477165354332
 21
1.7100170078740158
 31
0
  0
LINE
  5
6FE
330
1A
100
AcDbEntity
  8
BLACK
  6
CONTINUOUS
100
AcDbLine
 10
2.6951477165354332
 20
1.7100170078740158
 30
0
 11
2.7023036220472441
 21
1.7136631102362205
 31
0
  0
LINE
  5
6FF
330
1A
100
AcDbEntity
  8
BLACK
  6
CONTINUOUS
100
AcDbLine
 10
2.7023036220472441
 20
1.7136631102362205
 30
0
 11
2.7099417716535434
 21
1.7161449212598425
 31
0
  0
LINE
  5
700
330
1A
100
AcDbEntity
  8
BLACK
  6
CONTINUOUS
100
AcDbLine
 10
2.7099417716535434
 20
1.7161449212598425
 30
0
 11
2.7178741338582677
 21
1.7174012992125984
 31
0
  0
LINE
  5
701
330
1A
100
AcDbEntity
  8
BLACK
  6
CONTINUOUS
100
AcDbLine
 10
2.7178741338582677
 20
1.7174012992125984
 30
0
 11
2.7259053937007875
 21
1.7174012992125984
 31
0
  0
LINE
  5
702
330
1A
100
AcDbEntity
  8
BLACK
  6
CONTINUOUS
100
AcDbLine
 10
2.7259053937007875
 20
1.7174012992125984
 30
0
 11
2.7338377559055118
 21
1.7161449212598425
 31
0
  0
LINE
  5
703
330
1A
100
AcDbEntity
  8
BLACK
  6
CONTINUOUS
100
AcDbLine
 10
2.6746456692913387
 20
1.6626597637795275
 30
0
 11
2.6758089763779527
 21
1.6553149212598426
 31
0
  0
LINE
  5
704
330
1A
100
AcDbEntity
  8
BLACK
  6
CONTINUOUS
100
AcDbLine
 10
2.6758089763779527
 20
1.6553149212598426
 30
0
 11
2.6781069291338584
 21
1.6482425196850394
 31
0
  0
LINE
  5
705
330
1A
100
AcDbEntity
  8
BLACK
  6
CONTINUOUS
100
AcDbLine
 10
2.6781069291338584
 20
1.6482425196850394
 30
0
 11
2.6814829921259844
 21
1.641616653543307
 31
0
  0
LINE
  5
706
330
1A
100
AcDbEntity
  8
BLACK
  6
CONTINUOUS
100
AcDbLine
 10
2.6814829921259844
 20
1.641616653543307
 30
0
 11
2.6858539763779525
 21
1.6356004724409448
 31
0
  0
LINE
  5
707
330
1A
100
AcDbEntity
  8
BLACK
  6
CONTINUOUS
100
AcDbLine
 10
2.6858539763779525
 20
1.6356004724409448
 30
0
 11
2.6911122834645669
 21
1.6303421653543306
 31
0
  0
LINE
  5
708
330
1A
100
AcDbEntity
  8
BLACK
  6
CONTINUOUS
100
AcDbLine
 10
2.6911122834645669
 20
1.6303421653543306
 30
0
 11
2.6971284645669291
 21
1.6259711811023623
 31
0
  0
LINE
  5
709
330
1A
100
AcDbEntity
  8
BLACK
  6
CONTINUOUS
100
AcDbLine
 10
2.6971284645669291
 20
1.6259711811023623
 30
0
 11
2.7037543307086613
 21
1.6225951181102363
 31
0
  0
LINE
  5
70A
330
1A
100
AcDbEntity
  8
BLACK
  6
CONTINUOUS
100
AcDbLine
 10
2.7037543307086613
 20
1.6225951181102363
 30
0
 11
2.7108267322834645
 21
1.6202971653543308
 31
0
  0
LINE
  5
70B
330
1A
100
AcDbEntity
  8
BLACK
  6
CONTINUOUS
100
AcDbLine
 10
2.7108267322834645
 20
1.6202971653543308
 30
0
 11
2.7181715748031494
 21
1.6191338582677166
 31
0
  0
LINE
  5
70C
330
1A
100
AcDbEntity
  8
BLACK
  6
CONTINUOUS
100
AcDbLine
 10
2.7181715748031494
 20
1.6191338582677166
 30
0
 11
2.7256079527559054
 21
1.6191338582677166
 31
0
  0
LINE
  5
70D
330
1A
100
AcDbEntity
  8
BLACK
  6
CONTINUOUS
100
AcDbLine
 10
2.7256079527559054
 20
1.6191338582677166
 30
0
 11
2.7329527952755903
 21
1.6202971653543308
 31
0
  0
LINE
  5
70E
330
1A
100
AcDbEntity
  8
BLACK
  6
CONTINUOUS
100
AcDbLine
 10
2.7329527952755903
 20
1.6202971653543308
 30
0
 11
2.7400251968503935
 21
1.6225951181102363
 31
0
  0
LINE
  5
70F
330
1A
100
AcDbEntity
  8
BLACK
  6
CONTINUOUS
100
AcDbLine
 10
2.7400251968503935
 20
1.6225951181102363
 30
0
 11
2.7466510629921261
 21
1.6259711811023623
 31
0
  0
LINE
  5
710
330
1A
100
AcDbEntity
  8
BLACK
  6
CONTINUOUS
100
AcDbLine
 10
2.7466510629921261
 20
1.6259711811023623
 30
0
 11
2.7526672440944879
 21
1.6303421653543306
 31
0
  0
LINE
  5
711
330
1A
100
AcDbEntity
  8
BLACK
  6
CONTINUOUS
100
AcDbLine
 10
2.7526672440944879
 20
1.6303421653543306
 30
0
 11
2.7579255511811023
 21
1.6356004724409448
 31
0
  0
LINE
  5
712
330
1A
100
AcDbEntity
  8
BLACK
  6
CONTINUOUS
100
AcDbLine
 10
2.7579255511811023
 20
1.6356004724409448
 30
0
 11
2.7622965354330709
 21
1.641616653543307
 31
0
  0
LINE
  5
713
330
1A
100
AcDbEntity
  8
BLACK
  6
CONTINUOUS
100
AcDbLine
 10
2.7622965354330709
 20
1.641616653543307
 30
0
 11
2.7656725984251969
 21
1.6482425196850394
 31
0
  0
LINE
  5
714
330
1A
100
AcDbEntity
  8
BLACK
  6
CONTINUOUS
100
AcDbLine
 10
2.7656725984251969
 20
1.6482425196850394
 30
0
 11
2.7679705511811021
 21
1.6553149212598426
 31
0
  0
LINE
  5
715
330
1A
100
AcDbEntity
  8
BLACK
  6
CONTINUOUS
100
AcDbLine
 10
2.7679705511811021
 20
1.6553149212598426
 30
0
 11
2.7691338582677165
 21
1.6626597637795275
 31
0
  0
LINE
  5
716
330
1A
100
AcDbEntity
  8
BLACK
  6
CONTINUOUS
100
AcDbLine
 10
2.7691338582677165
 20
1.6626597637795275
 30
0
 11
2.7691338582677165
 21
1.6700961417322835
 31
0
  0
LINE
  5
717
330
1A
100
AcDbEntity
  8
BLACK
  6
CONTINUOUS
100
AcDbLine
 10
2.7691338582677165
 20
1.6700961417322835
 30
0
 11
2.7679705511811021
 21
1.6774409842519684
 31
0
  0
LINE
  5
718
330
1A
100
AcDbEntity
  8
BLACK
  6
CONTINUOUS
100
AcDbLine
 10
2.7679705511811021
 20
1.6774409842519684
 30
0
 11
2.7656725984251969
 21
1.6845133858267716
 31
0
  0
LINE
  5
719
330
1A
100
AcDbEntity
  8
BLACK
  6
CONTINUOUS
100
AcDbLine
 10
2.7656725984251969
 20
1.6845133858267716
 30
0
 11
2.7622965354330709
 21
1.691139251968504
 31
0
  0
LINE
  5
71A
330
1A
100
AcDbEntity
  8
BLACK
  6
CONTINUOUS
100
AcDbLine
 10
2.7622965354330709
 20
1.691139251968504
 30
0
 11
2.7579255511811023
 21
1.697155433070866
 31
0
  0
LINE
  5
71B
330
1A
100
AcDbEntity
  8
BLACK
  6
CONTINUOUS
100
AcDbLine
 10
2.7579255511811023
 20
1.697155433070866
 30
0
 11
2.7526672440944879
 21
1.7024137401574804
 31
0
  0
LINE
  5
71C
330
1A
100
AcDbEntity
  8
BLACK
  6
CONTINUOUS
100
AcDbLine
 10
2.7526672440944879
 20
1.7024137401574804
 30
0
 11
2.7466510629921261
 21
1.7067847244094487
 31
0
  0
LINE
  5
71D
330
1A
100
AcDbEntity
  8
BLACK
  6
CONTINUOUS
100
AcDbLine
 10
2.7466510629921261
 20
1.7067847244094487
 30
0
 11
2.7400251968503935
 21
1.7101607874015747
 31
0
  0
LINE
  5
71E
330
1A
100
AcDbEntity
  8
BLACK
  6
CONTINUOUS
100
AcDbLine
 10
2.7400251968503935
 20
1.7101607874015747
 30
0
 11
2.7329527952755903
 21
1.7124587401574802
 31
0
  0
LINE
  5
71F
330
1A
100
AcDbEntity
  8
BLACK
  6
CONTINUOUS
100
AcDbLine
 10
2.7329527952755903
 20
1.7124587401574802
 30
0
 11
2.7256079527559054
 21
1.7136220472440944
 31
0
  0
LINE
  5
720
330
1A
100
AcDbEntity
  8
BLACK
  6
CONTINUOUS
100
AcDbLine
 10
2.7256079527559054
 20
1.7136220472440944
 30
0
 11
2.7181715748031494
 21
1.7136220472440944
 31
0
  0
LINE
  5
721
330
1A
100
AcDbEntity
  8
BLACK
  6
CONTINUOUS
100
AcDbLine
 10
2.7181715748031494
 20
1.7136220472440944
 30
0
 11
2.7108267322834645
 21
1.7124587401574802
 31
0
  0
LINE
  5
722
330
1A
100
AcDbEntity
  8
BLACK
  6
CONTINUOUS
100
AcDbLine
 10
2.7108267322834645
 20
1.7124587401574802
 30
0
 11
2.7037543307086613
 21
1.7101607874015747
 31
0
  0
LINE
  5
723
330
1A
100
AcDbEntity
  8
BLACK
  6
CONTINUOUS
100
AcDbLine
 10
2.7037543307086613
 20
1.7101607874015747
 30
0
 11
2.6971284645669291
 21
1.7067847244094487
 31
0
  0
LINE
  5
724
330
1A
100
AcDbEntity
  8
BLACK
  6
CONTINUOUS
100
AcDbLine
 10
2.6971284645669291
 20
1.7067847244094487
 30
0
 11
2.6911122834645669
 21
1.7024137401574804
 31
0
  0
LINE
  5
725
330
1A
100
AcDbEntity
  8
BLACK
  6
CONTINUOUS
100
AcDbLine
 10
2.6911122834645669
 20
1.7024137401574804
 30
0
 11
2.6858539763779525
 21
1.697155433070866
 31
0
  0
LINE
  5
726
330
1A
100
AcDbEntity
  8
BLACK
  6
CONTINUOUS
100
AcDbLine
 10
2.6858539763779525
 20
1.697155433070866
 30
0
 11
2.6814829921259844
 21
1.691139251968504
 31
0
  0
LINE
  5
727
330
1A
100
AcDbEntity
  8
BLACK
  6
CONTINUOUS
100
AcDbLine
 10
2.6814829921259844
 20
1.691139251968504
 30
0
 11
2.6781069291338584
 21
1.6845133858267716
 31
0
  0
LINE
  5
728
330
1A
100
AcDbEntity
  8
BLACK
  6
CONTINUOUS
100
AcDbLine
 10
2.6781069291338584
 20
1.6845133858267716
 30
0
 11
2.6758089763779527
 21
1.6774409842519684
 31
0
  0
LINE
  5
729
330
1A
100
AcDbEntity
  8
BLACK
  6
CONTINUOUS
100
AcDbLine
 10
2.6758089763779527
 20
1.6774409842519684
 30
0
 11
2.6746456692913387
 21
1.6700961417322835
 31
0
  0
LINE
  5
72A
330
1A
100
AcDbEntity
  8
BLACK
  6
CONTINUOUS
100
AcDbLine
 10
2.6746456692913387
 20
1.6700961417322835
 30
0
 11
2.6746456692913387
 21
1.6626597637795275
 31
0
  0
LINE
  5
72B
330
1A
100
AcDbEntity
  8
BLACK
  6
CONTINUOUS
100
AcDbLine
 10
3.3065013385826769
 20
1.7685903149606299
 30
0
 11
3.3075666929133858
 21
1.7675249606299213
 31
0
  0
LINE
  5
72C
330
1A
100
AcDbEntity
  8
BLACK
  6
CONTINUOUS
100
AcDbLine
 10
3.3075666929133858
 20
1.7675249606299213
 30
0
 11
3.3077165354330709
 21
1.7667716535433071
 31
0
  0
LINE
  5
72D
330
1A
100
AcDbEntity
  8
BLACK
  6
CONTINUOUS
100
AcDbLine
 10
3.3077165354330709
 20
1.7667716535433071
 30
0
 11
3.3077165354330709
 21
1.6329133858267717
 31
0
  0
LINE
  5
72E
330
1A
100
AcDbEntity
  8
BLACK
  6
CONTINUOUS
100
AcDbLine
 10
3.3077165354330709
 20
1.6329133858267717
 30
0
 11
3.3075666929133858
 21
1.6321600787401573
 31
0
  0
LINE
  5
72F
330
1A
100
AcDbEntity
  8
BLACK
  6
CONTINUOUS
100
AcDbLine
 10
3.3075666929133858
 20
1.6321600787401573
 30
0
 11
3.3065013385826769
 21
1.6310947244094487
 31
0
  0
LINE
  5
730
330
1A
100
AcDbEntity
  8
BLACK
  6
CONTINUOUS
100
AcDbLine
 10
3.3065013385826769
 20
1.6310947244094487
 30
0
 11
3.305748031496063
 21
1.6309448818897638
 31
0
  0
LINE
  5
731
330
1A
100
AcDbEntity
  8
BLACK
  6
CONTINUOUS
100
AcDbLine
 10
3.305748031496063
 20
1.6309448818897638
 30
0
 11
3.2285826771653543
 21
1.6309448818897638
 31
0
  0
LINE
  5
732
330
1A
100
AcDbEntity
  8
BLACK
  6
CONTINUOUS
100
AcDbLine
 10
3.2285826771653543
 20
1.6309448818897638
 30
0
 11
3.2278293700787399
 21
1.6310947244094487
 31
0
  0
LINE
  5
733
330
1A
100
AcDbEntity
  8
BLACK
  6
CONTINUOUS
100
AcDbLine
 10
3.2278293700787399
 20
1.6310947244094487
 30
0
 11
3.2267640157480315
 21
1.6321600787401573
 31
0
  0
LINE
  5
734
330
1A
100
AcDbEntity
  8
BLACK
  6
CONTINUOUS
100
AcDbLine
 10
3.2267640157480315
 20
1.6321600787401573
 30
0
 11
3.2266141732283464
 21
1.6329133858267717
 31
0
  0
LINE
  5
735
330
1A
100
AcDbEntity
  8
BLACK
  6
CONTINUOUS
100
AcDbLine
 10
3.2266141732283464
 20
1.6329133858267717
 30
0
 11
3.2266141732283464
 21
1.7667716535433071
 31
0
  0
LINE
  5
736
330
1A
100
AcDbEntity
  8
BLACK
  6
CONTINUOUS
100
AcDbLine
 10
3.2266141732283464
 20
1.7667716535433071
 30
0
 11
3.2267640157480315
 21
1.7675249606299213
 31
0
  0
LINE
  5
737
330
1A
100
AcDbEntity
  8
BLACK
  6
CONTINUOUS
100
AcDbLine
 10
3.2267640157480315
 20
1.7675249606299213
 30
0
 11
3.2278293700787399
 21
1.7685903149606299
 31
0
  0
LINE
  5
738
330
1A
100
AcDbEntity
  8
BLACK
  6
CONTINUOUS
100
AcDbLine
 10
3.2278293700787399
 20
1.7685903149606299
 30
0
 11
3.2285826771653543
 21
1.768740157480315
 31
0
  0
LINE
  5
739
330
1A
100
AcDbEntity
  8
BLACK
  6
CONTINUOUS
100
AcDbLine
 10
3.2285826771653543
 20
1.768740157480315
 30
0
 11
3.2278293700787399
 21
1.7688899999999999
 31
0
  0
LINE
  5
73A
330
1A
100
AcDbEntity
  8
BLACK
  6
CONTINUOUS
100
AcDbLine
 10
3.2278293700787399
 20
1.7688899999999999
 30
0
 11
3.2267640157480315
 21
1.7699553543307087
 31
0
  0
LINE
  5
73B
330
1A
100
AcDbEntity
  8
BLACK
  6
CONTINUOUS
100
AcDbLine
 10
3.2267640157480315
 20
1.7699553543307087
 30
0
 11
3.2266141732283464
 21
1.7707086614173229
 31
0
  0
LINE
  5
73C
330
1A
100
AcDbEntity
  8
BLACK
  6
CONTINUOUS
100
AcDbLine
 10
3.2266141732283464
 20
1.7707086614173229
 30
0
 11
3.2266141732283464
 21
1.9045669291338583
 31
0
  0
LINE
  5
73D
330
1A
100
AcDbEntity
  8
BLACK
  6
CONTINUOUS
100
AcDbLine
 10
3.2266141732283464
 20
1.9045669291338583
 30
0
 11
3.2267640157480315
 21
1.9053202362204724
 31
0
  0
LINE
  5
73E
330
1A
100
AcDbEntity
  8
BLACK
  6
CONTINUOUS
100
AcDbLine
 10
3.2267640157480315
 20
1.9053202362204724
 30
0
 11
3.2278293700787399
 21
1.9063855905511811
 31
0
  0
LINE
  5
73F
330
1A
100
AcDbEntity
  8
BLACK
  6
CONTINUOUS
100
AcDbLine
 10
3.2278293700787399
 20
1.9063855905511811
 30
0
 11
3.2285826771653543
 21
1.9065354330708661
 31
0
  0
LINE
  5
740
330
1A
100
AcDbEntity
  8
BLACK
  6
CONTINUOUS
100
AcDbLine
 10
3.2285826771653543
 20
1.9065354330708661
 30
0
 11
3.305748031496063
 21
1.9065354330708661
 31
0
  0
LINE
  5
741
330
1A
100
AcDbEntity
  8
BLACK
  6
CONTINUOUS
100
AcDbLine
 10
3.305748031496063
 20
1.9065354330708661
 30
0
 11
3.3065013385826769
 21
1.9063855905511811
 31
0
  0
LINE
  5
742
330
1A
100
AcDbEntity
  8
BLACK
  6
CONTINUOUS
100
AcDbLine
 10
3.3065013385826769
 20
1.9063855905511811
 30
0
 11
3.3075666929133858
 21
1.9053202362204724
 31
0
  0
LINE
  5
743
330
1A
100
AcDbEntity
  8
BLACK
  6
CONTINUOUS
100
AcDbLine
 10
3.3075666929133858
 20
1.9053202362204724
 30
0
 11
3.3077165354330709
 21
1.9045669291338583
 31
0
  0
LINE
  5
744
330
1A
100
AcDbEntity
  8
BLACK
  6
CONTINUOUS
100
AcDbLine
 10
3.3077165354330709
 20
1.9045669291338583
 30
0
 11
3.3077165354330709
 21
1.7707086614173229
 31
0
  0
LINE
  5
745
330
1A
100
AcDbEntity
  8
BLACK
  6
CONTINUOUS
100
AcDbLine
 10
3.3077165354330709
 20
1.7707086614173229
 30
0
 11
3.3075666929133858
 21
1.7699553543307087
 31
0
  0
LINE
  5
746
330
1A
100
AcDbEntity
  8
BLACK
  6
CONTINUOUS
100
AcDbLine
 10
3.3075666929133858
 20
1.7699553543307087
 30
0
 11
3.3065013385826769
 21
1.7688899999999999
 31
0
  0
LINE
  5
747
330
1A
100
AcDbEntity
  8
BLACK
  6
CONTINUOUS
100
AcDbLine
 10
3.3065013385826769
 20
1.7688899999999999
 30
0
 11
3.305748031496063
 21
1.768740157480315
 31
0
  0
LINE
  5
748
330
1A
100
AcDbEntity
  8
BLACK
  6
CONTINUOUS
100
AcDbLine
 10
3.305748031496063
 20
1.768740157480315
 30
0
 11
3.3065013385826769
 21
1.7685903149606299
 31
0
  0
LINE
  5
749
330
1A
100
AcDbEntity
  8
BLACK
  6
CONTINUOUS
100
AcDbLine
 10
3.2305511811023622
 20
1.7648031496062992
 30
0
 11
3.2305511811023622
 21
1.6348818897637796
 31
0
  0
LINE
  5
74A
330
1A
100
AcDbEntity
  8
BLACK
  6
CONTINUOUS
100
AcDbLine
 10
3.2305511811023622
 20
1.6348818897637796
 30
0
 11
3.3037795275590551
 21
1.6348818897637796
 31
0
  0
LINE
  5
74B
330
1A
100
AcDbEntity
  8
BLACK
  6
CONTINUOUS
100
AcDbLine
 10
3.3037795275590551
 20
1.6348818897637796
 30
0
 11
3.3037795275590551
 21
1.7648031496062992
 31
0
  0
LINE
  5
74C
330
1A
100
AcDbEntity
  8
BLACK
  6
CONTINUOUS
100
AcDbLine
 10
3.3037795275590551
 20
1.7648031496062992
 30
0
 11
3.2305511811023622
 21
1.7648031496062992
 31
0
  0
LINE
  5
74D
330
1A
100
AcDbEntity
  8
BLACK
  6
CONTINUOUS
100
AcDbLine
 10
3.2305511811023622
 20
1.9025984251968504
 30
0
 11
3.2305511811023622
 21
1.7726771653543307
 31
0
  0
LINE
  5
74E
330
1A
100
AcDbEntity
  8
BLACK
  6
CONTINUOUS
100
AcDbLine
 10
3.2305511811023622
 20
1.7726771653543307
 30
0
 11
3.3037795275590551
 21
1.7726771653543307
 31
0
  0
LINE
  5
74F
330
1A
100
AcDbEntity
  8
BLACK
  6
CONTINUOUS
100
AcDbLine
 10
3.3037795275590551
 20
1.7726771653543307
 30
0
 11
3.3037795275590551
 21
1.9025984251968504
 31
0
  0
LINE
  5
750
330
1A
100
AcDbEntity
  8
BLACK
  6
CONTINUOUS
100
AcDbLine
 10
3.3037795275590551
 20
1.9025984251968504
 30
0
 11
3.2305511811023622
 21
1.9025984251968504
 31
0
  0
LINE
  5
751
330
1A
100
AcDbEntity
  8
BLACK
  6
CONTINUOUS
100
AcDbLine
 10
3.6744147244094489
 20
2.0333540944881889
 30
0
 11
3.6754800787401574
 21
2.0322887401574801
 31
0
  0
LINE
  5
752
330
1A
100
AcDbEntity
  8
BLACK
  6
CONTINUOUS
100
AcDbLine
 10
3.6754800787401574
 20
2.0322887401574801
 30
0
 11
3.6756299212598424
 21
2.0315354330708661
 31
0
  0
LINE
  5
753
330
1A
100
AcDbEntity
  8
BLACK
  6
CONTINUOUS
100
AcDbLine
 10
3.6756299212598424
 20
2.0315354330708661
 30
0
 11
3.6756299212598424
 21
1.7854724409448819
 31
0
  0
LINE
  5
754
330
1A
100
AcDbEntity
  8
BLACK
  6
CONTINUOUS
100
AcDbLine
 10
3.6756299212598424
 20
1.7854724409448819
 30
0
 11
3.6754800787401574
 21
1.7847191338582677
 31
0
  0
LINE
  5
755
330
1A
100
AcDbEntity
  8
BLACK
  6
CONTINUOUS
100
AcDbLine
 10
3.6754800787401574
 20
1.7847191338582677
 30
0
 11
3.6744147244094489
 21
1.7836537795275591
 31
0
  0
LINE
  5
756
330
1A
100
AcDbEntity
  8
BLACK
  6
CONTINUOUS
100
AcDbLine
 10
3.6744147244094489
 20
1.7836537795275591
 30
0
 11
3.6736614173228346
 21
1.783503937007874
 31
0
  0
LINE
  5
757
330
1A
100
AcDbEntity
  8
BLACK
  6
CONTINUOUS
100
AcDbLine
 10
3.6736614173228346
 20
1.783503937007874
 30
0
 11
3.4533858267716533
 21
1.783503937007874
 31
0
  0
LINE
  5
758
330
1A
100
AcDbEntity
  8
BLACK
  6
CONTINUOUS
100
AcDbLine
 10
3.4533858267716533
 20
1.783503937007874
 30
0
 11
3.4533858267716533
 21
1.7736614173228347
 31
0
  0
LINE
  5
759
330
1A
100
AcDbEntity
  8
BLACK
  6
CONTINUOUS
100
AcDbLine
 10
3.4533858267716533
 20
1.7736614173228347
 30
0
 11
3.5301574803149607
 21
1.7736614173228347
 31
0
  0
LINE
  5
75A
330
1A
100
AcDbEntity
  8
BLACK
  6
CONTINUOUS
100
AcDbLine
 10
3.5301574803149607
 20
1.7736614173228347
 30
0
 11
3.5309107874015746
 21
1.7735115748031496
 31
0
  0
LINE
  5
75B
330
1A
100
AcDbEntity
  8
BLACK
  6
CONTINUOUS
100
AcDbLine
 10
3.5309107874015746
 20
1.7735115748031496
 30
0
 11
3.5319761417322835
 21
1.7724462204724409
 31
0
  0
LINE
  5
75C
330
1A
100
AcDbEntity
  8
BLACK
  6
CONTINUOUS
100
AcDbLine
 10
3.5319761417322835
 20
1.7724462204724409
 30
0
 11
3.5321259842519686
 21
1.7716929133858268
 31
0
  0
LINE
  5
75D
330
1A
100
AcDbEntity
  8
BLACK
  6
CONTINUOUS
100
AcDbLine
 10
3.5321259842519686
 20
1.7716929133858268
 30
0
 11
3.5321259842519686
 21
1.6378346456692914
 31
0
  0
LINE
  5
75E
330
1A
100
AcDbEntity
  8
BLACK
  6
CONTINUOUS
100
AcDbLine
 10
3.5321259842519686
 20
1.6378346456692914
 30
0
 11
3.5319761417322835
 21
1.6370813385826772
 31
0
  0
LINE
  5
75F
330
1A
100
AcDbEntity
  8
BLACK
  6
CONTINUOUS
100
AcDbLine
 10
3.5319761417322835
 20
1.6370813385826772
 30
0
 11
3.5309107874015746
 21
1.6360159842519684
 31
0
  0
LINE
  5
760
330
1A
100
AcDbEntity
  8
BLACK
  6
CONTINUOUS
100
AcDbLine
 10
3.5309107874015746
 20
1.6360159842519684
 30
0
 11
3.5301574803149607
 21
1.6358661417322835
 31
0
  0
LINE
  5
761
330
1A
100
AcDbEntity
  8
BLACK
  6
CONTINUOUS
100
AcDbLine
 10
3.5301574803149607
 20
1.6358661417322835
 30
0
 11
3.452992125984252
 21
1.6358661417322835
 31
0
  0
LINE
  5
762
330
1A
100
AcDbEntity
  8
BLACK
  6
CONTINUOUS
100
AcDbLine
 10
3.452992125984252
 20
1.6358661417322835
 30
0
 11
3.4522388188976376
 21
1.6360159842519684
 31
0
  0
LINE
  5
763
330
1A
100
AcDbEntity
  8
BLACK
  6
CONTINUOUS
100
AcDbLine
 10
3.4522388188976376
 20
1.6360159842519684
 30
0
 11
3.4511734645669292
 21
1.6370813385826772
 31
0
  0
LINE
  5
764
330
1A
100
AcDbEntity
  8
BLACK
  6
CONTINUOUS
100
AcDbLine
 10
3.4511734645669292
 20
1.6370813385826772
 30
0
 11
3.4510236220472441
 21
1.6378346456692914
 31
0
  0
LINE
  5
765
330
1A
100
AcDbEntity
  8
BLACK
  6
CONTINUOUS
100
AcDbLine
 10
3.4510236220472441
 20
1.6378346456692914
 30
0
 11
3.4510236220472441
 21
1.6496456692913386
 31
0
  0
LINE
  5
766
330
1A
100
AcDbEntity
  8
BLACK
  6
CONTINUOUS
100
AcDbLine
 10
3.4510236220472441
 20
1.6496456692913386
 30
0
 11
3.3742519685039367
 21
1.6496456692913386
 31
0
  0
LINE
  5
767
330
1A
100
AcDbEntity
  8
BLACK
  6
CONTINUOUS
100
AcDbLine
 10
3.3742519685039367
 20
1.6496456692913386
 30
0
 11
3.3734986614173228
 21
1.6497955118110237
 31
0
  0
LINE
  5
768
330
1A
100
AcDbEntity
  8
BLACK
  6
CONTINUOUS
100
AcDbLine
 10
3.3734986614173228
 20
1.6497955118110237
 30
0
 11
3.3724333070866139
 21
1.6508608661417323
 31
0
  0
LINE
  5
769
330
1A
100
AcDbEntity
  8
BLACK
  6
CONTINUOUS
100
AcDbLine
 10
3.3724333070866139
 20
1.6508608661417323
 30
0
 11
3.3722834645669288
 21
1.6516141732283465
 31
0
  0
LINE
  5
76A
330
1A
100
AcDbEntity
  8
BLACK
  6
CONTINUOUS
100
AcDbLine
 10
3.3722834645669288
 20
1.6516141732283465
 30
0
 11
3.3722834645669288
 21
1.7854724409448819
 31
0
  0
LINE
  5
76B
330
1A
100
AcDbEntity
  8
BLACK
  6
CONTINUOUS
100
AcDbLine
 10
3.3722834645669288
 20
1.7854724409448819
 30
0
 11
3.3724333070866139
 21
1.786225748031496
 31
0
  0
LINE
  5
76C
330
1A
100
AcDbEntity
  8
BLACK
  6
CONTINUOUS
100
AcDbLine
 10
3.3724333070866139
 20
1.786225748031496
 30
0
 11
3.3734986614173228
 21
1.7872911023622047
 31
0
  0
LINE
  5
76D
330
1A
100
AcDbEntity
  8
BLACK
  6
CONTINUOUS
100
AcDbLine
 10
3.3734986614173228
 20
1.7872911023622047
 30
0
 11
3.3742519685039367
 21
1.7874409448818898
 31
0
  0
LINE
  5
76E
330
1A
100
AcDbEntity
  8
BLACK
  6
CONTINUOUS
100
AcDbLine
 10
3.3742519685039367
 20
1.7874409448818898
 30
0
 11
3.4256299212598424
 21
1.7874409448818898
 31
0
  0
LINE
  5
76F
330
1A
100
AcDbEntity
  8
BLACK
  6
CONTINUOUS
100
AcDbLine
 10
3.4256299212598424
 20
1.7874409448818898
 30
0
 11
3.4256299212598424
 21
2.0315354330708661
 31
0
  0
LINE
  5
770
330
1A
100
AcDbEntity
  8
BLACK
  6
CONTINUOUS
100
AcDbLine
 10
3.4256299212598424
 20
2.0315354330708661
 30
0
 11
3.4257797637795275
 21
2.0322887401574801
 31
0
  0
LINE
  5
771
330
1A
100
AcDbEntity
  8
BLACK
  6
CONTINUOUS
100
AcDbLine
 10
3.4257797637795275
 20
2.0322887401574801
 30
0
 11
3.426845118110236
 21
2.0333540944881889
 31
0
  0
LINE
  5
772
330
1A
100
AcDbEntity
  8
BLACK
  6
CONTINUOUS
100
AcDbLine
 10
3.426845118110236
 20
2.0333540944881889
 30
0
 11
3.4275984251968503
 21
2.033503937007874
 31
0
  0
LINE
  5
773
330
1A
100
AcDbEntity
  8
BLACK
  6
CONTINUOUS
100
AcDbLine
 10
3.4275984251968503
 20
2.033503937007874
 30
0
 11
3.6736614173228346
 21
2.033503937007874
 31
0
  0
LINE
  5
774
330
1A
100
AcDbEntity
  8
BLACK
  6
CONTINUOUS
100
AcDbLine
 10
3.6736614173228346
 20
2.033503937007874
 30
0
 11
3.6744147244094489
 21
2.0333540944881889
 31
0
  0
LINE
  5
775
330
1A
100
AcDbEntity
  8
BLACK
  6
CONTINUOUS
100
AcDbLine
 10
3.4549606299212599
 20
1.7697244094488189
 30
0
 11
3.4549606299212599
 21
1.6398031496062992
 31
0
  0
LINE
  5
776
330
1A
100
AcDbEntity
  8
BLACK
  6
CONTINUOUS
100
AcDbLine
 10
3.4549606299212599
 20
1.6398031496062992
 30
0
 11
3.5281889763779528
 21
1.6398031496062992
 31
0
  0
LINE
  5
777
330
1A
100
AcDbEntity
  8
BLACK
  6
CONTINUOUS
100
AcDbLine
 10
3.5281889763779528
 20
1.6398031496062992
 30
0
 11
3.5281889763779528
 21
1.7697244094488189
 31
0
  0
LINE
  5
778
330
1A
100
AcDbEntity
  8
BLACK
  6
CONTINUOUS
100
AcDbLine
 10
3.5281889763779528
 20
1.7697244094488189
 30
0
 11
3.4549606299212599
 21
1.7697244094488189
 31
0
  0
LINE
  5
779
330
1A
100
AcDbEntity
  8
BLACK
  6
CONTINUOUS
100
AcDbLine
 10
3.3762204724409446
 20
1.783503937007874
 30
0
 11
3.3762204724409446
 21
1.6535826771653543
 31
0
  0
LINE
  5
77A
330
1A
100
AcDbEntity
  8
BLACK
  6
CONTINUOUS
100
AcDbLine
 10
3.3762204724409446
 20
1.6535826771653543
 30
0
 11
3.4494488188976375
 21
1.6535826771653543
 31
0
  0
LINE
  5
77B
330
1A
100
AcDbEntity
  8
BLACK
  6
CONTINUOUS
100
AcDbLine
 10
3.4494488188976375
 20
1.6535826771653543
 30
0
 11
3.4494488188976375
 21
1.783503937007874
 31
0
  0
LINE
  5
77C
330
1A
100
AcDbEntity
  8
BLACK
  6
CONTINUOUS
100
AcDbLine
 10
3.4494488188976375
 20
1.783503937007874
 30
0
 11
3.4275984251968503
 21
1.783503937007874
 31
0
  0
LINE
  5
77D
330
1A
100
AcDbEntity
  8
BLACK
  6
CONTINUOUS
100
AcDbLine
 10
3.4275984251968503
 20
1.783503937007874
 30
0
 11
3.3762204724409446
 21
1.783503937007874
 31
0
  0
LINE
  5
77E
330
1A
100
AcDbEntity
  8
BLACK
  6
CONTINUOUS
100
AcDbLine
 10
3.4295669291338582
 20
2.0295669291338583
 30
0
 11
3.4295669291338582
 21
1.7874409448818898
 31
0
  0
LINE
  5
77F
330
1A
100
AcDbEntity
  8
BLACK
  6
CONTINUOUS
100
AcDbLine
 10
3.4295669291338582
 20
1.7874409448818898
 30
0
 11
3.4514173228346454
 21
1.7874409448818898
 31
0
  0
LINE
  5
780
330
1A
100
AcDbEntity
  8
BLACK
  6
CONTINUOUS
100
AcDbLine
 10
3.4514173228346454
 20
1.7874409448818898
 30
0
 11
3.6716929133858267
 21
1.7874409448818898
 31
0
  0
LINE
  5
781
330
1A
100
AcDbEntity
  8
BLACK
  6
CONTINUOUS
100
AcDbLine
 10
3.6716929133858267
 20
1.7874409448818898
 30
0
 11
3.6716929133858267
 21
2.0295669291338583
 31
0
  0
LINE
  5
782
330
1A
100
AcDbEntity
  8
BLACK
  6
CONTINUOUS
100
AcDbLine
 10
3.6716929133858267
 20
2.0295669291338583
 30
0
 11
3.4295669291338582
 21
2.0295669291338583
 31
0
  0
LINE
  5
783
330
1A
100
AcDbEntity
  8
BLACK
  6
CONTINUOUS
100
AcDbLine
 10
1.1635879527559054
 20
1.8071729921259843
 30
0
 11
1.1646533070866141
 21
1.8061076377952756
 31
0
  0
LINE
  5
784
330
1A
100
AcDbEntity
  8
BLACK
  6
CONTINUOUS
100
AcDbLine
 10
1.1646533070866141
 20
1.8061076377952756
 30
0
 11
1.1648031496062992
 21
1.8053543307086615
 31
0
  0
LINE
  5
785
330
1A
100
AcDbEntity
  8
BLACK
  6
CONTINUOUS
100
AcDbLine
 10
1.1648031496062992
 20
1.8053543307086615
 30
0
 11
1.1648031496062992
 21
1.7281889763779528
 31
0
  0
LINE
  5
786
330
1A
100
AcDbEntity
  8
BLACK
  6
CONTINUOUS
100
AcDbLine
 10
1.1648031496062992
 20
1.7281889763779528
 30
0
 11
1.1646533070866141
 21
1.7274356692913386
 31
0
  0
LINE
  5
787
330
1A
100
AcDbEntity
  8
BLACK
  6
CONTINUOUS
100
AcDbLine
 10
1.1646533070866141
 20
1.7274356692913386
 30
0
 11
1.1636349606299212
 21
1.7264173228346456
 31
0
  0
LINE
  5
788
330
1A
100
AcDbEntity
  8
BLACK
  6
CONTINUOUS
100
AcDbLine
 10
1.1636349606299212
 20
1.7264173228346456
 30
0
 11
1.1646533070866141
 21
1.7253989763779527
 31
0
  0
LINE
  5
789
330
1A
100
AcDbEntity
  8
BLACK
  6
CONTINUOUS
100
AcDbLine
 10
1.1646533070866141
 20
1.7253989763779527
 30
0
 11
1.1648031496062992
 21
1.7246456692913386
 31
0
  0
LINE
  5
78A
330
1A
100
AcDbEntity
  8
BLACK
  6
CONTINUOUS
100
AcDbLine
 10
1.1648031496062992
 20
1.7246456692913386
 30
0
 11
1.1648031496062992
 21
1.6474803149606299
 31
0
  0
LINE
  5
78B
330
1A
100
AcDbEntity
  8
BLACK
  6
CONTINUOUS
100
AcDbLine
 10
1.1648031496062992
 20
1.6474803149606299
 30
0
 11
1.1646533070866141
 21
1.6467270078740157
 31
0
  0
LINE
  5
78C
330
1A
100
AcDbEntity
  8
BLACK
  6
CONTINUOUS
100
AcDbLine
 10
1.1646533070866141
 20
1.6467270078740157
 30
0
 11
1.1635879527559054
 21
1.6456616535433071
 31
0
  0
LINE
  5
78D
330
1A
100
AcDbEntity
  8
BLACK
  6
CONTINUOUS
100
AcDbLine
 10
1.1635879527559054
 20
1.6456616535433071
 30
0
 11
1.1628346456692913
 21
1.645511811023622
 31
0
  0
LINE
  5
78E
330
1A
100
AcDbEntity
  8
BLACK
  6
CONTINUOUS
100
AcDbLine
 10
1.1628346456692913
 20
1.645511811023622
 30
0
 11
1.0289763779527559
 21
1.645511811023622
 31
0
  0
LINE
  5
78F
330
1A
100
AcDbEntity
  8
BLACK
  6
CONTINUOUS
100
AcDbLine
 10
1.0289763779527559
 20
1.645511811023622
 30
0
 11
1.0282230708661417
 21
1.6456616535433071
 31
0
  0
LINE
  5
790
330
1A
100
AcDbEntity
  8
BLACK
  6
CONTINUOUS
100
AcDbLine
 10
1.0282230708661417
 20
1.6456616535433071
 30
0
 11
1.0271577165354331
 21
1.6467270078740157
 31
0
  0
LINE
  5
791
330
1A
100
AcDbEntity
  8
BLACK
  6
CONTINUOUS
100
AcDbLine
 10
1.0271577165354331
 20
1.6467270078740157
 30
0
 11
1.027007874015748
 21
1.6474803149606299
 31
0
  0
LINE
  5
792
330
1A
100
AcDbEntity
  8
BLACK
  6
CONTINUOUS
100
AcDbLine
 10
1.027007874015748
 20
1.6474803149606299
 30
0
 11
1.027007874015748
 21
1.7246456692913386
 31
0
  0
LINE
  5
793
330
1A
100
AcDbEntity
  8
BLACK
  6
CONTINUOUS
100
AcDbLine
 10
1.027007874015748
 20
1.7246456692913386
 30
0
 11
1.0271577165354331
 21
1.7253989763779527
 31
0
  0
LINE
  5
794
330
1A
100
AcDbEntity
  8
BLACK
  6
CONTINUOUS
100
AcDbLine
 10
1.0271577165354331
 20
1.7253989763779527
 30
0
 11
1.0281760629921259
 21
1.7264173228346456
 31
0
  0
LINE
  5
795
330
1A
100
AcDbEntity
  8
BLACK
  6
CONTINUOUS
100
AcDbLine
 10
1.0281760629921259
 20
1.7264173228346456
 30
0
 11
1.0271577165354331
 21
1.7274356692913386
 31
0
  0
LINE
  5
796
330
1A
100
AcDbEntity
  8
BLACK
  6
CONTINUOUS
100
AcDbLine
 10
1.0271577165354331
 20
1.7274356692913386
 30
0
 11
1.027007874015748
 21
1.7281889763779528
 31
0
  0
LINE
  5
797
330
1A
100
AcDbEntity
  8
BLACK
  6
CONTINUOUS
100
AcDbLine
 10
1.027007874015748
 20
1.7281889763779528
 30
0
 11
1.027007874015748
 21
1.8053543307086615
 31
0
  0
LINE
  5
798
330
1A
100
AcDbEntity
  8
BLACK
  6
CONTINUOUS
100
AcDbLine
 10
1.027007874015748
 20
1.8053543307086615
 30
0
 11
1.0271577165354331
 21
1.8061076377952756
 31
0
  0
LINE
  5
799
330
1A
100
AcDbEntity
  8
BLACK
  6
CONTINUOUS
100
AcDbLine
 10
1.0271577165354331
 20
1.8061076377952756
 30
0
 11
1.0282230708661417
 21
1.8071729921259843
 31
0
  0
LINE
  5
79A
330
1A
100
AcDbEntity
  8
BLACK
  6
CONTINUOUS
100
AcDbLine
 10
1.0282230708661417
 20
1.8071729921259843
 30
0
 11
1.0289763779527559
 21
1.8073228346456693
 31
0
  0
LINE
  5
79B
330
1A
100
AcDbEntity
  8
BLACK
  6
CONTINUOUS
100
AcDbLine
 10
1.0289763779527559
 20
1.8073228346456693
 30
0
 11
1.1628346456692913
 21
1.8073228346456693
 31
0
  0
LINE
  5
79C
330
1A
100
AcDbEntity
  8
BLACK
  6
CONTINUOUS
100
AcDbLine
 10
1.1628346456692913
 20
1.8073228346456693
 30
0
 11
1.1635879527559054
 21
1.8071729921259843
 31
0
  0
LINE
  5
79D
330
1A
100
AcDbEntity
  8
BLACK
  6
CONTINUOUS
100
AcDbLine
 10
1.0309448818897637
 20
1.7226771653543307
 30
0
 11
1.0309448818897637
 21
1.6494488188976377
 31
0
  0
LINE
  5
79E
330
1A
100
AcDbEntity
  8
BLACK
  6
CONTINUOUS
100
AcDbLine
 10
1.0309448818897637
 20
1.6494488188976377
 30
0
 11
1.1608661417322834
 21
1.6494488188976377
 31
0
  0
LINE
  5
79F
330
1A
100
AcDbEntity
  8
BLACK
  6
CONTINUOUS
100
AcDbLine
 10
1.1608661417322834
 20
1.6494488188976377
 30
0
 11
1.1608661417322834
 21
1.7226771653543307
 31
0
  0
LINE
  5
7A0
330
1A
100
AcDbEntity
  8
BLACK
  6
CONTINUOUS
100
AcDbLine
 10
1.1608661417322834
 20
1.7226771653543307
 30
0
 11
1.0309448818897637
 21
1.7226771653543307
 31
0
  0
LINE
  5
7A1
330
1A
100
AcDbEntity
  8
BLACK
  6
CONTINUOUS
100
AcDbLine
 10
1.0309448818897637
 20
1.8033858267716536
 30
0
 11
1.0309448818897637
 21
1.7301574803149606
 31
0
  0
LINE
  5
7A2
330
1A
100
AcDbEntity
  8
BLACK
  6
CONTINUOUS
100
AcDbLine
 10
1.0309448818897637
 20
1.7301574803149606
 30
0
 11
1.1608661417322834
 21
1.7301574803149606
 31
0
  0
LINE
  5
7A3
330
1A
100
AcDbEntity
  8
BLACK
  6
CONTINUOUS
100
AcDbLine
 10
1.1608661417322834
 20
1.7301574803149606
 30
0
 11
1.1608661417322834
 21
1.8033858267716536
 31
0
  0
LINE
  5
7A4
330
1A
100
AcDbEntity
  8
BLACK
  6
CONTINUOUS
100
AcDbLine
 10
1.1608661417322834
 20
1.8033858267716536
 30
0
 11
1.0309448818897637
 21
1.8033858267716536
 31
0
  0
LINE
  5
7A5
330
1A
100
AcDbEntity
  8
BLACK
  6
CONTINUOUS
100
AcDbLine
 10
3.1478399212598425
 20
1.8347320472440944
 30
0
 11
3.1480708661417323
 21
1.8345011023622046
 31
0
  0
LINE
  5
7A6
330
1A
100
AcDbEntity
  8
BLACK
  6
CONTINUOUS
100
AcDbLine
 10
3.1480708661417323
 20
1.8345011023622046
 30
0
 11
3.1483018110236221
 21
1.8347320472440944
 31
0
  0
LINE
  5
7A7
330
1A
100
AcDbEntity
  8
BLACK
  6
CONTINUOUS
100
AcDbLine
 10
3.1483018110236221
 20
1.8347320472440944
 30
0
 11
3.149055118110236
 21
1.8348818897637795
 31
0
  0
LINE
  5
7A8
330
1A
100
AcDbEntity
  8
BLACK
  6
CONTINUOUS
100
AcDbLine
 10
3.149055118110236
 20
1.8348818897637795
 30
0
 11
3.2238582677165355
 21
1.8348818897637795
 31
0
  0
LINE
  5
7A9
330
1A
100
AcDbEntity
  8
BLACK
  6
CONTINUOUS
100
AcDbLine
 10
3.2238582677165355
 20
1.8348818897637795
 30
0
 11
3.2246115748031494
 21
1.8347320472440944
 31
0
  0
LINE
  5
7AA
330
1A
100
AcDbEntity
  8
BLACK
  6
CONTINUOUS
100
AcDbLine
 10
3.2246115748031494
 20
1.8347320472440944
 30
0
 11
3.2256769291338583
 21
1.8336666929133858
 31
0
  0
LINE
  5
7AB
330
1A
100
AcDbEntity
  8
BLACK
  6
CONTINUOUS
100
AcDbLine
 10
3.2256769291338583
 20
1.8336666929133858
 30
0
 11
3.2258267716535434
 21
1.8329133858267717
 31
0
  0
LINE
  5
7AC
330
1A
100
AcDbEntity
  8
BLACK
  6
CONTINUOUS
100
AcDbLine
 10
3.2258267716535434
 20
1.8329133858267717
 30
0
 11
3.2258267716535434
 21
1.7006299212598426
 31
0
  0
LINE
  5
7AD
330
1A
100
AcDbEntity
  8
BLACK
  6
CONTINUOUS
100
AcDbLine
 10
3.2258267716535434
 20
1.7006299212598426
 30
0
 11
3.2256769291338583
 21
1.6998766141732282
 31
0
  0
LINE
  5
7AE
330
1A
100
AcDbEntity
  8
BLACK
  6
CONTINUOUS
100
AcDbLine
 10
3.2256769291338583
 20
1.6998766141732282
 30
0
 11
3.2246115748031494
 21
1.6988112598425196
 31
0
  0
LINE
  5
7AF
330
1A
100
AcDbEntity
  8
BLACK
  6
CONTINUOUS
100
AcDbLine
 10
3.2246115748031494
 20
1.6988112598425196
 30
0
 11
3.2238582677165355
 21
1.6986614173228347
 31
0
  0
LINE
  5
7B0
330
1A
100
AcDbEntity
  8
BLACK
  6
CONTINUOUS
100
AcDbLine
 10
3.2238582677165355
 20
1.6986614173228347
 30
0
 11
3.149055118110236
 21
1.6986614173228347
 31
0
  0
LINE
  5
7B1
330
1A
100
AcDbEntity
  8
BLACK
  6
CONTINUOUS
100
AcDbLine
 10
3.149055118110236
 20
1.6986614173228347
 30
0
 11
3.1483018110236221
 21
1.6988112598425196
 31
0
  0
LINE
  5
7B2
330
1A
100
AcDbEntity
  8
BLACK
  6
CONTINUOUS
100
AcDbLine
 10
3.1483018110236221
 20
1.6988112598425196
 30
0
 11
3.1480708661417323
 21
1.6990422047244094
 31
0
  0
LINE
  5
7B3
330
1A
100
AcDbEntity
  8
BLACK
  6
CONTINUOUS
100
AcDbLine
 10
3.1480708661417323
 20
1.6990422047244094
 30
0
 11
3.1478399212598425
 21
1.6988112598425196
 31
0
  0
LINE
  5
7B4
330
1A
100
AcDbEntity
  8
BLACK
  6
CONTINUOUS
100
AcDbLine
 10
3.1478399212598425
 20
1.6988112598425196
 30
0
 11
3.1470866141732281
 21
1.6986614173228347
 31
0
  0
LINE
  5
7B5
330
1A
100
AcDbEntity
  8
BLACK
  6
CONTINUOUS
100
AcDbLine
 10
3.1470866141732281
 20
1.6986614173228347
 30
0
 11
3.072283464566929
 21
1.6986614173228347
 31
0
  0
LINE
  5
7B6
330
1A
100
AcDbEntity
  8
BLACK
  6
CONTINUOUS
100
AcDbLine
 10
3.072283464566929
 20
1.6986614173228347
 30
0
 11
3.0715301574803151
 21
1.6988112598425196
 31
0
  0
LINE
  5
7B7
330
1A
100
AcDbEntity
  8
BLACK
  6
CONTINUOUS
100
AcDbLine
 10
3.0715301574803151
 20
1.6988112598425196
 30
0
 11
3.0704648031496062
 21
1.6998766141732282
 31
0
  0
LINE
  5
7B8
330
1A
100
AcDbEntity
  8
BLACK
  6
CONTINUOUS
100
AcDbLine
 10
3.0704648031496062
 20
1.6998766141732282
 30
0
 11
3.0703149606299212
 21
1.7006299212598426
 31
0
  0
LINE
  5
7B9
330
1A
100
AcDbEntity
  8
BLACK
  6
CONTINUOUS
100
AcDbLine
 10
3.0703149606299212
 20
1.7006299212598426
 30
0
 11
3.0703149606299212
 21
1.8329133858267717
 31
0
  0
LINE
  5
7BA
330
1A
100
AcDbEntity
  8
BLACK
  6
CONTINUOUS
100
AcDbLine
 10
3.0703149606299212
 20
1.8329133858267717
 30
0
 11
3.0704648031496062
 21
1.8336666929133858
 31
0
  0
LINE
  5
7BB
330
1A
100
AcDbEntity
  8
BLACK
  6
CONTINUOUS
100
AcDbLine
 10
3.0704648031496062
 20
1.8336666929133858
 30
0
 11
3.0715301574803151
 21
1.8347320472440944
 31
0
  0
LINE
  5
7BC
330
1A
100
AcDbEntity
  8
BLACK
  6
CONTINUOUS
100
AcDbLine
 10
3.0715301574803151
 20
1.8347320472440944
 30
0
 11
3.072283464566929
 21
1.8348818897637795
 31
0
  0
LINE
  5
7BD
330
1A
100
AcDbEntity
  8
BLACK
  6
CONTINUOUS
100
AcDbLine
 10
3.072283464566929
 20
1.8348818897637795
 30
0
 11
3.1470866141732281
 21
1.8348818897637795
 31
0
  0
LINE
  5
7BE
330
1A
100
AcDbEntity
  8
BLACK
  6
CONTINUOUS
100
AcDbLine
 10
3.1470866141732281
 20
1.8348818897637795
 30
0
 11
3.1478399212598425
 21
1.8347320472440944
 31
0
  0
LINE
  5
7BF
330
1A
100
AcDbEntity
  8
BLACK
  6
CONTINUOUS
100
AcDbLine
 10
3.1510236220472438
 20
1.8309448818897638
 30
0
 11
3.1510236220472438
 21
1.7025984251968505
 31
0
  0
LINE
  5
7C0
330
1A
100
AcDbEntity
  8
BLACK
  6
CONTINUOUS
100
AcDbLine
 10
3.1510236220472438
 20
1.7025984251968505
 30
0
 11
3.2218897637795276
 21
1.7025984251968505
 31
0
  0
LINE
  5
7C1
330
1A
100
AcDbEntity
  8
BLACK
  6
CONTINUOUS
100
AcDbLine
 10
3.2218897637795276
 20
1.7025984251968505
 30
0
 11
3.2218897637795276
 21
1.8309448818897638
 31
0
  0
LINE
  5
7C2
330
1A
100
AcDbEntity
  8
BLACK
  6
CONTINUOUS
100
AcDbLine
 10
3.2218897637795276
 20
1.8309448818897638
 30
0
 11
3.1510236220472438
 21
1.8309448818897638
 31
0
  0
LINE
  5
7C3
330
1A
100
AcDbEntity
  8
BLACK
  6
CONTINUOUS
100
AcDbLine
 10
3.0742519685039369
 20
1.8309448818897638
 30
0
 11
3.0742519685039369
 21
1.7025984251968505
 31
0
  0
LINE
  5
7C4
330
1A
100
AcDbEntity
  8
BLACK
  6
CONTINUOUS
100
AcDbLine
 10
3.0742519685039369
 20
1.7025984251968505
 30
0
 11
3.1451181102362202
 21
1.7025984251968505
 31
0
  0
LINE
  5
7C5
330
1A
100
AcDbEntity
  8
BLACK
  6
CONTINUOUS
100
AcDbLine
 10
3.1451181102362202
 20
1.7025984251968505
 30
0
 11
3.1451181102362202
 21
1.8309448818897638
 31
0
  0
LINE
  5
7C6
330
1A
100
AcDbEntity
  8
BLACK
  6
CONTINUOUS
100
AcDbLine
 10
3.1451181102362202
 20
1.8309448818897638
 30
0
 11
3.0742519685039369
 21
1.8309448818897638
 31
0
  0
LINE
  5
7C7
330
1A
100
AcDbEntity
  8
BLACK
  6
CONTINUOUS
100
AcDbLine
 10
2.624217874015748
 20
1.8627832283464567
 30
0
 11
2.6244488188976378
 21
1.8625522834645669
 31
0
  0
LINE
  5
7C8
330
1A
100
AcDbEntity
  8
BLACK
  6
CONTINUOUS
100
AcDbLine
 10
2.6244488188976378
 20
1.8625522834645669
 30
0
 11
2.6246797637795276
 21
1.8627832283464567
 31
0
  0
LINE
  5
7C9
330
1A
100
AcDbEntity
  8
BLACK
  6
CONTINUOUS
100
AcDbLine
 10
2.6246797637795276
 20
1.8627832283464567
 30
0
 11
2.6254330708661415
 21
1.8629330708661418
 31
0
  0
LINE
  5
7CA
330
1A
100
AcDbEntity
  8
BLACK
  6
CONTINUOUS
100
AcDbLine
 10
2.6254330708661415
 20
1.8629330708661418
 30
0
 11
2.7002362204724411
 21
1.8629330708661418
 31
0
  0
LINE
  5
7CB
330
1A
100
AcDbEntity
  8
BLACK
  6
CONTINUOUS
100
AcDbLine
 10
2.7002362204724411
 20
1.8629330708661418
 30
0
 11
2.700989527559055
 21
1.8627832283464567
 31
0
  0
LINE
  5
7CC
330
1A
100
AcDbEntity
  8
BLACK
  6
CONTINUOUS
100
AcDbLine
 10
2.700989527559055
 20
1.8627832283464567
 30
0
 11
2.7012204724409448
 21
1.8625522834645669
 31
0
  0
LINE
  5
7CD
330
1A
100
AcDbEntity
  8
BLACK
  6
CONTINUOUS
100
AcDbLine
 10
2.7012204724409448
 20
1.8625522834645669
 30
0
 11
2.7014514173228346
 21
1.8627832283464567
 31
0
  0
LINE
  5
7CE
330
1A
100
AcDbEntity
  8
BLACK
  6
CONTINUOUS
100
AcDbLine
 10
2.7014514173228346
 20
1.8627832283464567
 30
0
 11
2.7022047244094489
 21
1.8629330708661418
 31
0
  0
LINE
  5
7CF
330
1A
100
AcDbEntity
  8
BLACK
  6
CONTINUOUS
100
AcDbLine
 10
2.7022047244094489
 20
1.8629330708661418
 30
0
 11
2.777007874015748
 21
1.8629330708661418
 31
0
  0
LINE
  5
7D0
330
1A
100
AcDbEntity
  8
BLACK
  6
CONTINUOUS
100
AcDbLine
 10
2.777007874015748
 20
1.8629330708661418
 30
0
 11
2.7777611811023619
 21
1.8627832283464567
 31
0
  0
LINE
  5
7D1
330
1A
100
AcDbEntity
  8
BLACK
  6
CONTINUOUS
100
AcDbLine
 10
2.7777611811023619
 20
1.8627832283464567
 30
0
 11
2.7788265354330708
 21
1.8617178740157481
 31
0
  0
LINE
  5
7D2
330
1A
100
AcDbEntity
  8
BLACK
  6
CONTINUOUS
100
AcDbLine
 10
2.7788265354330708
 20
1.8617178740157481
 30
0
 11
2.7789763779527559
 21
1.8609645669291339
 31
0
  0
LINE
  5
7D3
330
1A
100
AcDbEntity
  8
BLACK
  6
CONTINUOUS
100
AcDbLine
 10
2.7789763779527559
 20
1.8609645669291339
 30
0
 11
2.7789763779527559
 21
1.7286811023622046
 31
0
  0
LINE
  5
7D4
330
1A
100
AcDbEntity
  8
BLACK
  6
CONTINUOUS
100
AcDbLine
 10
2.7789763779527559
 20
1.7286811023622046
 30
0
 11
2.7788265354330708
 21
1.7279277952755905
 31
0
  0
LINE
  5
7D5
330
1A
100
AcDbEntity
  8
BLACK
  6
CONTINUOUS
100
AcDbLine
 10
2.7788265354330708
 20
1.7279277952755905
 30
0
 11
2.7777611811023619
 21
1.7268624409448818
 31
0
  0
LINE
  5
7D6
330
1A
100
AcDbEntity
  8
BLACK
  6
CONTINUOUS
100
AcDbLine
 10
2.7777611811023619
 20
1.7268624409448818
 30
0
 11
2.777007874015748
 21
1.7267125984251968
 31
0
  0
LINE
  5
7D7
330
1A
100
AcDbEntity
  8
BLACK
  6
CONTINUOUS
100
AcDbLine
 10
2.777007874015748
 20
1.7267125984251968
 30
0
 11
2.7022047244094489
 21
1.7267125984251968
 31
0
  0
LINE
  5
7D8
330
1A
100
AcDbEntity
  8
BLACK
  6
CONTINUOUS
100
AcDbLine
 10
2.7022047244094489
 20
1.7267125984251968
 30
0
 11
2.7014514173228346
 21
1.7268624409448818
 31
0
  0
LINE
  5
7D9
330
1A
100
AcDbEntity
  8
BLACK
  6
CONTINUOUS
100
AcDbLine
 10
2.7014514173228346
 20
1.7268624409448818
 30
0
 11
2.7012204724409448
 21
1.7270933858267716
 31
0
  0
LINE
  5
7DA
330
1A
100
AcDbEntity
  8
BLACK
  6
CONTINUOUS
100
AcDbLine
 10
2.7012204724409448
 20
1.7270933858267716
 30
0
 11
2.700989527559055
 21
1.7268624409448818
 31
0
  0
LINE
  5
7DB
330
1A
100
AcDbEntity
  8
BLACK
  6
CONTINUOUS
100
AcDbLine
 10
2.700989527559055
 20
1.7268624409448818
 30
0
 11
2.7002362204724411
 21
1.7267125984251968
 31
0
  0
LINE
  5
7DC
330
1A
100
AcDbEntity
  8
BLACK
  6
CONTINUOUS
100
AcDbLine
 10
2.7002362204724411
 20
1.7267125984251968
 30
0
 11
2.6254330708661415
 21
1.7267125984251968
 31
0
  0
LINE
  5
7DD
330
1A
100
AcDbEntity
  8
BLACK
  6
CONTINUOUS
100
AcDbLine
 10
2.6254330708661415
 20
1.7267125984251968
 30
0
 11
2.6246797637795276
 21
1.7268624409448818
 31
0
  0
LINE
  5
7DE
330
1A
100
AcDbEntity
  8
BLACK
  6
CONTINUOUS
100
AcDbLine
 10
2.6246797637795276
 20
1.7268624409448818
 30
0
 11
2.6244488188976378
 21
1.7270933858267716
 31
0
  0
LINE
  5
7DF
330
1A
100
AcDbEntity
  8
BLACK
  6
CONTINUOUS
100
AcDbLine
 10
2.6244488188976378
 20
1.7270933858267716
 30
0
 11
2.624217874015748
 21
1.7268624409448818
 31
0
  0
LINE
  5
7E0
330
1A
100
AcDbEntity
  8
BLACK
  6
CONTINUOUS
100
AcDbLine
 10
2.624217874015748
 20
1.7268624409448818
 30
0
 11
2.6234645669291337
 21
1.7267125984251968
 31
0
  0
LINE
  5
7E1
330
1A
100
AcDbEntity
  8
BLACK
  6
CONTINUOUS
100
AcDbLine
 10
2.6234645669291337
 20
1.7267125984251968
 30
0
 11
2.5486614173228346
 21
1.7267125984251968
 31
0
  0
LINE
  5
7E2
330
1A
100
AcDbEntity
  8
BLACK
  6
CONTINUOUS
100
AcDbLine
 10
2.5486614173228346
 20
1.7267125984251968
 30
0
 11
2.5479081102362202
 21
1.7268624409448818
 31
0
  0
LINE
  5
7E3
330
1A
100
AcDbEntity
  8
BLACK
  6
CONTINUOUS
100
AcDbLine
 10
2.5479081102362202
 20
1.7268624409448818
 30
0
 11
2.5468427559055118
 21
1.7279277952755905
 31
0
  0
LINE
  5
7E4
330
1A
100
AcDbEntity
  8
BLACK
  6
CONTINUOUS
100
AcDbLine
 10
2.5468427559055118
 20
1.7279277952755905
 30
0
 11
2.5466929133858267
 21
1.7286811023622046
 31
0
  0
LINE
  5
7E5
330
1A
100
AcDbEntity
  8
BLACK
  6
CONTINUOUS
100
AcDbLine
 10
2.5466929133858267
 20
1.7286811023622046
 30
0
 11
2.5466929133858267
 21
1.8609645669291339
 31
0
  0
LINE
  5
7E6
330
1A
100
AcDbEntity
  8
BLACK
  6
CONTINUOUS
100
AcDbLine
 10
2.5466929133858267
 20
1.8609645669291339
 30
0
 11
2.5468427559055118
 21
1.8617178740157481
 31
0
  0
LINE
  5
7E7
330
1A
100
AcDbEntity
  8
BLACK
  6
CONTINUOUS
100
AcDbLine
 10
2.5468427559055118
 20
1.8617178740157481
 30
0
 11
2.5479081102362202
 21
1.8627832283464567
 31
0
  0
LINE
  5
7E8
330
1A
100
AcDbEntity
  8
BLACK
  6
CONTINUOUS
100
AcDbLine
 10
2.5479081102362202
 20
1.8627832283464567
 30
0
 11
2.5486614173228346
 21
1.8629330708661418
 31
0
  0
LINE
  5
7E9
330
1A
100
AcDbEntity
  8
BLACK
  6
CONTINUOUS
100
AcDbLine
 10
2.5486614173228346
 20
1.8629330708661418
 30
0
 11
2.6234645669291337
 21
1.8629330708661418
 31
0
  0
LINE
  5
7EA
330
1A
100
AcDbEntity
  8
BLACK
  6
CONTINUOUS
100
AcDbLine
 10
2.6234645669291337
 20
1.8629330708661418
 30
0
 11
2.624217874015748
 21
1.8627832283464567
 31
0
  0
LINE
  5
7EB
330
1A
100
AcDbEntity
  8
BLACK
  6
CONTINUOUS
100
AcDbLine
 10
2.7041732283464568
 20
1.8589960629921261
 30
0
 11
2.7041732283464568
 21
1.7306496062992125
 31
0
  0
LINE
  5
7EC
330
1A
100
AcDbEntity
  8
BLACK
  6
CONTINUOUS
100
AcDbLine
 10
2.7041732283464568
 20
1.7306496062992125
 30
0
 11
2.7750393700787401
 21
1.7306496062992125
 31
0
  0
LINE
  5
7ED
330
1A
100
AcDbEntity
  8
BLACK
  6
CONTINUOUS
100
AcDbLine
 10
2.7750393700787401
 20
1.7306496062992125
 30
0
 11
2.7750393700787401
 21
1.8589960629921261
 31
0
  0
LINE
  5
7EE
330
1A
100
AcDbEntity
  8
BLACK
  6
CONTINUOUS
100
AcDbLine
 10
2.7750393700787401
 20
1.8589960629921261
 30
0
 11
2.7041732283464568
 21
1.8589960629921261
 31
0
  0
LINE
  5
7EF
330
1A
100
AcDbEntity
  8
BLACK
  6
CONTINUOUS
100
AcDbLine
 10
2.6274015748031494
 20
1.8589960629921261
 30
0
 11
2.6274015748031494
 21
1.7306496062992125
 31
0
  0
LINE
  5
7F0
330
1A
100
AcDbEntity
  8
BLACK
  6
CONTINUOUS
100
AcDbLine
 10
2.6274015748031494
 20
1.7306496062992125
 30
0
 11
2.6982677165354332
 21
1.7306496062992125
 31
0
  0
LINE
  5
7F1
330
1A
100
AcDbEntity
  8
BLACK
  6
CONTINUOUS
100
AcDbLine
 10
2.6982677165354332
 20
1.7306496062992125
 30
0
 11
2.6982677165354332
 21
1.8589960629921261
 31
0
  0
LINE
  5
7F2
330
1A
100
AcDbEntity
  8
BLACK
  6
CONTINUOUS
100
AcDbLine
 10
2.6982677165354332
 20
1.8589960629921261
 30
0
 11
2.6274015748031494
 21
1.8589960629921261
 31
0
  0
LINE
  5
7F3
330
1A
100
AcDbEntity
  8
BLACK
  6
CONTINUOUS
100
AcDbLine
 10
2.5506299212598424
 20
1.8589960629921261
 30
0
 11
2.5506299212598424
 21
1.7306496062992125
 31
0
  0
LINE
  5
7F4
330
1A
100
AcDbEntity
  8
BLACK
  6
CONTINUOUS
100
AcDbLine
 10
2.5506299212598424
 20
1.7306496062992125
 30
0
 11
2.6214960629921258
 21
1.7306496062992125
 31
0
  0
LINE
  5
7F5
330
1A
100
AcDbEntity
  8
BLACK
  6
CONTINUOUS
100
AcDbLine
 10
2.6214960629921258
 20
1.7306496062992125
 30
0
 11
2.6214960629921258
 21
1.8589960629921261
 31
0
  0
LINE
  5
7F6
330
1A
100
AcDbEntity
  8
BLACK
  6
CONTINUOUS
100
AcDbLine
 10
2.6214960629921258
 20
1.8589960629921261
 30
0
 11
2.5506299212598424
 21
1.8589960629921261
 31
0
  0
LINE
  5
7F7
330
1A
100
AcDbEntity
  8
BLACK
  6
CONTINUOUS
100
AcDbLine
 10
2.85612468503937
 20
1.8631534251968505
 30
0
 11
2.8566573622047242
 21
1.862620748031496
 31
0
  0
LINE
  5
7F8
330
1A
100
AcDbEntity
  8
BLACK
  6
CONTINUOUS
100
AcDbLine
 10
2.8566573622047242
 20
1.862620748031496
 30
0
 11
2.856732283464567
 21
1.8622440944881888
 31
0
  0
LINE
  5
7F9
330
1A
100
AcDbEntity
  8
BLACK
  6
CONTINUOUS
100
AcDbLine
 10
2.856732283464567
 20
1.8622440944881888
 30
0
 11
2.856732283464567
 21
1.7299606299212598
 31
0
  0
LINE
  5
7FA
330
1A
100
AcDbEntity
  8
BLACK
  6
CONTINUOUS
100
AcDbLine
 10
2.856732283464567
 20
1.7299606299212598
 30
0
 11
2.8566573622047242
 21
1.7295839763779528
 31
0
  0
LINE
  5
7FB
330
1A
100
AcDbEntity
  8
BLACK
  6
CONTINUOUS
100
AcDbLine
 10
2.8566573622047242
 20
1.7295839763779528
 30
0
 11
2.85612468503937
 21
1.7290512992125984
 31
0
  0
LINE
  5
7FC
330
1A
100
AcDbEntity
  8
BLACK
  6
CONTINUOUS
100
AcDbLine
 10
2.85612468503937
 20
1.7290512992125984
 30
0
 11
2.8557480314960628
 21
1.7289763779527558
 31
0
  0
LINE
  5
7FD
330
1A
100
AcDbEntity
  8
BLACK
  6
CONTINUOUS
100
AcDbLine
 10
2.8557480314960628
 20
1.7289763779527558
 30
0
 11
2.7809448818897637
 21
1.7289763779527558
 31
0
  0
LINE
  5
7FE
330
1A
100
AcDbEntity
  8
BLACK
  6
CONTINUOUS
100
AcDbLine
 10
2.7809448818897637
 20
1.7289763779527558
 30
0
 11
2.7805682283464566
 21
1.7290512992125984
 31
0
  0
LINE
  5
7FF
330
1A
100
AcDbEntity
  8
BLACK
  6
CONTINUOUS
100
AcDbLine
 10
2.7805682283464566
 20
1.7290512992125984
 30
0
 11
2.7800355511811023
 21
1.7295839763779528
 31
0
  0
LINE
  5
800
330
1A
100
AcDbEntity
  8
BLACK
  6
CONTINUOUS
100
AcDbLine
 10
2.7800355511811023
 20
1.7295839763779528
 30
0
 11
2.7799606299212596
 21
1.7299606299212598
 31
0
  0
LINE
  5
801
330
1A
100
AcDbEntity
  8
BLACK
  6
CONTINUOUS
100
AcDbLine
 10
2.7799606299212596
 20
1.7299606299212598
 30
0
 11
2.7799606299212596
 21
1.8622440944881888
 31
0
  0
LINE
  5
802
330
1A
100
AcDbEntity
  8
BLACK
  6
CONTINUOUS
100
AcDbLine
 10
2.7799606299212596
 20
1.8622440944881888
 30
0
 11
2.7800355511811023
 21
1.862620748031496
 31
0
  0
LINE
  5
803
330
1A
100
AcDbEntity
  8
BLACK
  6
CONTINUOUS
100
AcDbLine
 10
2.7800355511811023
 20
1.862620748031496
 30
0
 11
2.7805682283464566
 21
1.8631534251968505
 31
0
  0
LINE
  5
804
330
1A
100
AcDbEntity
  8
BLACK
  6
CONTINUOUS
100
AcDbLine
 10
2.7805682283464566
 20
1.8631534251968505
 30
0
 11
2.7809448818897637
 21
1.8632283464566928
 31
0
  0
LINE
  5
805
330
1A
100
AcDbEntity
  8
BLACK
  6
CONTINUOUS
100
AcDbLine
 10
2.7809448818897637
 20
1.8632283464566928
 30
0
 11
2.8557480314960628
 21
1.8632283464566928
 31
0
  0
LINE
  5
806
330
1A
100
AcDbEntity
  8
BLACK
  6
CONTINUOUS
100
AcDbLine
 10
2.8557480314960628
 20
1.8632283464566928
 30
0
 11
2.85612468503937
 21
1.8631534251968505
 31
0
  0
LINE
  5
807
330
1A
100
AcDbEntity
  8
BLACK
  6
CONTINUOUS
100
AcDbLine
 10
2.7819291338582675
 20
1.8612598425196849
 30
0
 11
2.7819291338582675
 21
1.7309448818897637
 31
0
  0
LINE
  5
808
330
1A
100
AcDbEntity
  8
BLACK
  6
CONTINUOUS
100
AcDbLine
 10
2.7819291338582675
 20
1.7309448818897637
 30
0
 11
2.8547637795275591
 21
1.7309448818897637
 31
0
  0
LINE
  5
809
330
1A
100
AcDbEntity
  8
BLACK
  6
CONTINUOUS
100
AcDbLine
 10
2.8547637795275591
 20
1.7309448818897637
 30
0
 11
2.8547637795275591
 21
1.8612598425196849
 31
0
  0
LINE
  5
80A
330
1A
100
AcDbEntity
  8
BLACK
  6
CONTINUOUS
100
AcDbLine
 10
2.8547637795275591
 20
1.8612598425196849
 30
0
 11
2.7819291338582675
 21
1.8612598425196849
 31
0
  0
LINE
  5
80B
330
1A
100
AcDbEntity
  8
BLACK
  6
CONTINUOUS
100
AcDbLine
 10
3.8498084251968505
 20
1.9457556692913385
 30
0
 11
3.8508737795275589
 21
1.9446903149606298
 31
0
  0
LINE
  5
80C
330
1A
100
AcDbEntity
  8
BLACK
  6
CONTINUOUS
100
AcDbLine
 10
3.8508737795275589
 20
1.9446903149606298
 30
0
 11
3.851023622047244
 21
1.9439370078740157
 31
0
  0
LINE
  5
80D
330
1A
100
AcDbEntity
  8
BLACK
  6
CONTINUOUS
100
AcDbLine
 10
3.851023622047244
 20
1.9439370078740157
 30
0
 11
3.851023622047244
 21
1.8100787401574803
 31
0
  0
LINE
  5
80E
330
1A
100
AcDbEntity
  8
BLACK
  6
CONTINUOUS
100
AcDbLine
 10
3.851023622047244
 20
1.8100787401574803
 30
0
 11
3.8508737795275589
 21
1.8093254330708661
 31
0
  0
LINE
  5
80F
330
1A
100
AcDbEntity
  8
BLACK
  6
CONTINUOUS
100
AcDbLine
 10
3.8508737795275589
 20
1.8093254330708661
 30
0
 11
3.8498084251968505
 21
1.8082600787401575
 31
0
  0
LINE
  5
810
330
1A
100
AcDbEntity
  8
BLACK
  6
CONTINUOUS
100
AcDbLine
 10
3.8498084251968505
 20
1.8082600787401575
 30
0
 11
3.8490551181102362
 21
1.8081102362204724
 31
0
  0
LINE
  5
811
330
1A
100
AcDbEntity
  8
BLACK
  6
CONTINUOUS
100
AcDbLine
 10
3.8490551181102362
 20
1.8081102362204724
 30
0
 11
3.7718897637795274
 21
1.8081102362204724
 31
0
  0
LINE
  5
812
330
1A
100
AcDbEntity
  8
BLACK
  6
CONTINUOUS
100
AcDbLine
 10
3.7718897637795274
 20
1.8081102362204724
 30
0
 11
3.7711364566929131
 21
1.8082600787401575
 31
0
  0
LINE
  5
813
330
1A
100
AcDbEntity
  8
BLACK
  6
CONTINUOUS
100
AcDbLine
 10
3.7711364566929131
 20
1.8082600787401575
 30
0
 11
3.7711023622047244
 21
1.8082941732283464
 31
0
  0
LINE
  5
814
330
1A
100
AcDbEntity
  8
BLACK
  6
CONTINUOUS
100
AcDbLine
 10
3.7711023622047244
 20
1.8082941732283464
 30
0
 11
3.7711023622047244
 21
1.7345866141732282
 31
0
  0
LINE
  5
815
330
1A
100
AcDbEntity
  8
BLACK
  6
CONTINUOUS
100
AcDbLine
 10
3.7711023622047244
 20
1.7345866141732282
 30
0
 11
3.7709525196850393
 21
1.7338333070866141
 31
0
  0
LINE
  5
816
330
1A
100
AcDbEntity
  8
BLACK
  6
CONTINUOUS
100
AcDbLine
 10
3.7709525196850393
 20
1.7338333070866141
 30
0
 11
3.7698871653543304
 21
1.7327679527559054
 31
0
  0
LINE
  5
817
330
1A
100
AcDbEntity
  8
BLACK
  6
CONTINUOUS
100
AcDbLine
 10
3.7698871653543304
 20
1.7327679527559054
 30
0
 11
3.7691338582677165
 21
1.7326181102362204
 31
0
  0
LINE
  5
818
330
1A
100
AcDbEntity
  8
BLACK
  6
CONTINUOUS
100
AcDbLine
 10
3.7691338582677165
 20
1.7326181102362204
 30
0
 11
3.6943307086614174
 21
1.7326181102362204
 31
0
  0
LINE
  5
819
330
1A
100
AcDbEntity
  8
BLACK
  6
CONTINUOUS
100
AcDbLine
 10
3.6943307086614174
 20
1.7326181102362204
 30
0
 11
3.6935774015748031
 21
1.7327679527559054
 31
0
  0
LINE
  5
81A
330
1A
100
AcDbEntity
  8
BLACK
  6
CONTINUOUS
100
AcDbLine
 10
3.6935774015748031
 20
1.7327679527559054
 30
0
 11
3.6925120472440942
 21
1.7338333070866141
 31
0
  0
LINE
  5
81B
330
1A
100
AcDbEntity
  8
BLACK
  6
CONTINUOUS
100
AcDbLine
 10
3.6925120472440942
 20
1.7338333070866141
 30
0
 11
3.6923622047244096
 21
1.7345866141732282
 31
0
  0
LINE
  5
81C
330
1A
100
AcDbEntity
  8
BLACK
  6
CONTINUOUS
100
AcDbLine
 10
3.6923622047244096
 20
1.7345866141732282
 30
0
 11
3.6923622047244096
 21
1.8668700787401575
 31
0
  0
LINE
  5
81D
330
1A
100
AcDbEntity
  8
BLACK
  6
CONTINUOUS
100
AcDbLine
 10
3.6923622047244096
 20
1.8668700787401575
 30
0
 11
3.6925120472440942
 21
1.8676233858267717
 31
0
  0
LINE
  5
81E
330
1A
100
AcDbEntity
  8
BLACK
  6
CONTINUOUS
100
AcDbLine
 10
3.6925120472440942
 20
1.8676233858267717
 30
0
 11
3.6935774015748031
 21
1.8686887401574803
 31
0
  0
LINE
  5
81F
330
1A
100
AcDbEntity
  8
BLACK
  6
CONTINUOUS
100
AcDbLine
 10
3.6935774015748031
 20
1.8686887401574803
 30
0
 11
3.6943307086614174
 21
1.8688385826771654
 31
0
  0
LINE
  5
820
330
1A
100
AcDbEntity
  8
BLACK
  6
CONTINUOUS
100
AcDbLine
 10
3.6943307086614174
 20
1.8688385826771654
 30
0
 11
3.7691338582677165
 21
1.8688385826771654
 31
0
  0
LINE
  5
821
330
1A
100
AcDbEntity
  8
BLACK
  6
CONTINUOUS
100
AcDbLine
 10
3.7691338582677165
 20
1.8688385826771654
 30
0
 11
3.7698871653543304
 21
1.8686887401574803
 31
0
  0
LINE
  5
822
330
1A
100
AcDbEntity
  8
BLACK
  6
CONTINUOUS
100
AcDbLine
 10
3.7698871653543304
 20
1.8686887401574803
 30
0
 11
3.7699212598425196
 21
1.8686546456692914
 31
0
  0
LINE
  5
823
330
1A
100
AcDbEntity
  8
BLACK
  6
CONTINUOUS
100
AcDbLine
 10
3.7699212598425196
 20
1.8686546456692914
 30
0
 11
3.7699212598425196
 21
1.9439370078740157
 31
0
  0
LINE
  5
824
330
1A
100
AcDbEntity
  8
BLACK
  6
CONTINUOUS
100
AcDbLine
 10
3.7699212598425196
 20
1.9439370078740157
 30
0
 11
3.7700711023622047
 21
1.9446903149606298
 31
0
  0
LINE
  5
825
330
1A
100
AcDbEntity
  8
BLACK
  6
CONTINUOUS
100
AcDbLine
 10
3.7700711023622047
 20
1.9446903149606298
 30
0
 11
3.7711364566929131
 21
1.9457556692913385
 31
0
  0
LINE
  5
826
330
1A
100
AcDbEntity
  8
BLACK
  6
CONTINUOUS
100
AcDbLine
 10
3.7711364566929131
 20
1.9457556692913385
 30
0
 11
3.7718897637795274
 21
1.9459055118110236
 31
0
  0
LINE
  5
827
330
1A
100
AcDbEntity
  8
BLACK
  6
CONTINUOUS
100
AcDbLine
 10
3.7718897637795274
 20
1.9459055118110236
 30
0
 11
3.8490551181102362
 21
1.9459055118110236
 31
0
  0
LINE
  5
828
330
1A
100
AcDbEntity
  8
BLACK
  6
CONTINUOUS
100
AcDbLine
 10
3.8490551181102362
 20
1.9459055118110236
 30
0
 11
3.8498084251968505
 21
1.9457556692913385
 31
0
  0
LINE
  5
829
330
1A
100
AcDbEntity
  8
BLACK
  6
CONTINUOUS
100
AcDbLine
 10
3.6962992125984253
 20
1.8649015748031497
 30
0
 11
3.6962992125984253
 21
1.7365551181102361
 31
0
  0
LINE
  5
82A
330
1A
100
AcDbEntity
  8
BLACK
  6
CONTINUOUS
100
AcDbLine
 10
3.6962992125984253
 20
1.7365551181102361
 30
0
 11
3.7671653543307086
 21
1.7365551181102361
 31
0
  0
LINE
  5
82B
330
1A
100
AcDbEntity
  8
BLACK
  6
CONTINUOUS
100
AcDbLine
 10
3.7671653543307086
 20
1.7365551181102361
 30
0
 11
3.7671653543307086
 21
1.8649015748031497
 31
0
  0
LINE
  5
82C
330
1A
100
AcDbEntity
  8
BLACK
  6
CONTINUOUS
100
AcDbLine
 10
3.7671653543307086
 20
1.8649015748031497
 30
0
 11
3.6962992125984253
 21
1.8649015748031497
 31
0
  0
LINE
  5
82D
330
1A
100
AcDbEntity
  8
BLACK
  6
CONTINUOUS
100
AcDbLine
 10
3.7738582677165353
 20
1.9419685039370078
 30
0
 11
3.7738582677165353
 21
1.8120472440944881
 31
0
  0
LINE
  5
82E
330
1A
100
AcDbEntity
  8
BLACK
  6
CONTINUOUS
100
AcDbLine
 10
3.7738582677165353
 20
1.8120472440944881
 30
0
 11
3.8470866141732283
 21
1.8120472440944881
 31
0
  0
LINE
  5
82F
330
1A
100
AcDbEntity
  8
BLACK
  6
CONTINUOUS
100
AcDbLine
 10
3.8470866141732283
 20
1.8120472440944881
 30
0
 11
3.8470866141732283
 21
1.9419685039370078
 31
0
  0
LINE
  5
830
330
1A
100
AcDbEntity
  8
BLACK
  6
CONTINUOUS
100
AcDbLine
 10
3.8470866141732283
 20
1.9419685039370078
 30
0
 11
3.7738582677165353
 21
1.9419685039370078
 31
0
  0
LINE
  5
831
330
1A
100
AcDbEntity
  8
BLACK
  6
CONTINUOUS
100
AcDbLine
 10
2.2435092125984251
 20
1.9457556692913385
 30
0
 11
2.2445745669291339
 21
1.9446903149606298
 31
0
  0
LINE
  5
832
330
1A
100
AcDbEntity
  8
BLACK
  6
CONTINUOUS
100
AcDbLine
 10
2.2445745669291339
 20
1.9446903149606298
 30
0
 11
2.244724409448819
 21
1.9439370078740157
 31
0
  0
LINE
  5
833
330
1A
100
AcDbEntity
  8
BLACK
  6
CONTINUOUS
100
AcDbLine
 10
2.244724409448819
 20
1.9439370078740157
 30
0
 11
2.244724409448819
 21
1.7746456692913386
 31
0
  0
LINE
  5
834
330
1A
100
AcDbEntity
  8
BLACK
  6
CONTINUOUS
100
AcDbLine
 10
2.244724409448819
 20
1.7746456692913386
 30
0
 11
2.2445745669291339
 21
1.7738923622047245
 31
0
  0
LINE
  5
835
330
1A
100
AcDbEntity
  8
BLACK
  6
CONTINUOUS
100
AcDbLine
 10
2.2445745669291339
 20
1.7738923622047245
 30
0
 11
2.2435092125984251
 21
1.7728270078740158
 31
0
  0
LINE
  5
836
330
1A
100
AcDbEntity
  8
BLACK
  6
CONTINUOUS
100
AcDbLine
 10
2.2435092125984251
 20
1.7728270078740158
 30
0
 11
2.2427559055118111
 21
1.7726771653543307
 31
0
  0
LINE
  5
837
330
1A
100
AcDbEntity
  8
BLACK
  6
CONTINUOUS
100
AcDbLine
 10
2.2427559055118111
 20
1.7726771653543307
 30
0
 11
2.0632283464566927
 21
1.7726771653543307
 31
0
  0
LINE
  5
838
330
1A
100
AcDbEntity
  8
BLACK
  6
CONTINUOUS
100
AcDbLine
 10
2.0632283464566927
 20
1.7726771653543307
 30
0
 11
2.0624750393700788
 21
1.7728270078740158
 31
0
  0
LINE
  5
839
330
1A
100
AcDbEntity
  8
BLACK
  6
CONTINUOUS
100
AcDbLine
 10
2.0624750393700788
 20
1.7728270078740158
 30
0
 11
2.0614096850393699
 21
1.7738923622047245
 31
0
  0
LINE
  5
83A
330
1A
100
AcDbEntity
  8
BLACK
  6
CONTINUOUS
100
AcDbLine
 10
2.0614096850393699
 20
1.7738923622047245
 30
0
 11
2.0612598425196849
 21
1.7746456692913386
 31
0
  0
LINE
  5
83B
330
1A
100
AcDbEntity
  8
BLACK
  6
CONTINUOUS
100
AcDbLine
 10
2.0612598425196849
 20
1.7746456692913386
 30
0
 11
2.0612598425196849
 21
1.9439370078740157
 31
0
  0
LINE
  5
83C
330
1A
100
AcDbEntity
  8
BLACK
  6
CONTINUOUS
100
AcDbLine
 10
2.0612598425196849
 20
1.9439370078740157
 30
0
 11
2.0614096850393699
 21
1.9446903149606298
 31
0
  0
LINE
  5
83D
330
1A
100
AcDbEntity
  8
BLACK
  6
CONTINUOUS
100
AcDbLine
 10
2.0614096850393699
 20
1.9446903149606298
 30
0
 11
2.0624750393700788
 21
1.9457556692913385
 31
0
  0
LINE
  5
83E
330
1A
100
AcDbEntity
  8
BLACK
  6
CONTINUOUS
100
AcDbLine
 10
2.0624750393700788
 20
1.9457556692913385
 30
0
 11
2.0632283464566927
 21
1.9459055118110236
 31
0
  0
LINE
  5
83F
330
1A
100
AcDbEntity
  8
BLACK
  6
CONTINUOUS
100
AcDbLine
 10
2.0632283464566927
 20
1.9459055118110236
 30
0
 11
2.2427559055118111
 21
1.9459055118110236
 31
0
  0
LINE
  5
840
330
1A
100
AcDbEntity
  8
BLACK
  6
CONTINUOUS
100
AcDbLine
 10
2.2427559055118111
 20
1.9459055118110236
 30
0
 11
2.2435092125984251
 21
1.9457556692913385
 31
0
  0
LINE
  5
841
330
1A
100
AcDbEntity
  8
BLACK
  6
CONTINUOUS
100
AcDbLine
 10
2.0651968503937006
 20
1.9419685039370078
 30
0
 11
2.0651968503937006
 21
1.7766141732283465
 31
0
  0
LINE
  5
842
330
1A
100
AcDbEntity
  8
BLACK
  6
CONTINUOUS
100
AcDbLine
 10
2.0651968503937006
 20
1.7766141732283465
 30
0
 11
2.2407874015748033
 21
1.7766141732283465
 31
0
  0
LINE
  5
843
330
1A
100
AcDbEntity
  8
BLACK
  6
CONTINUOUS
100
AcDbLine
 10
2.2407874015748033
 20
1.7766141732283465
 30
0
 11
2.2407874015748033
 21
1.9419685039370078
 31
0
  0
LINE
  5
844
330
1A
100
AcDbEntity
  8
BLACK
  6
CONTINUOUS
100
AcDbLine
 10
2.2407874015748033
 20
1.9419685039370078
 30
0
 11
2.0651968503937006
 21
1.9419685039370078
 31
0
  0
LINE
  5
845
330
1A
100
AcDbEntity
  8
BLACK
  6
CONTINUOUS
100
AcDbLine
 10
4.8604383464566929
 20
2.2825666929133859
 30
0
 11
4.8615037007874013
 21
2.281501338582677
 31
0
  0
LINE
  5
846
330
1A
100
AcDbEntity
  8
BLACK
  6
CONTINUOUS
100
AcDbLine
 10
4.8615037007874013
 20
2.281501338582677
 30
0
 11
4.8616535433070869
 21
2.2807480314960631
 31
0
  0
LINE
  5
847
330
1A
100
AcDbEntity
  8
BLACK
  6
CONTINUOUS
100
AcDbLine
 10
4.8616535433070869
 20
2.2807480314960631
 30
0
 11
4.8616535433070869
 21
2.2047637795275592
 31
0
  0
LINE
  5
848
330
1A
100
AcDbEntity
  8
BLACK
  6
CONTINUOUS
100
AcDbLine
 10
4.8616535433070869
 20
2.2047637795275592
 30
0
 11
4.9423622047244091
 21
2.2047637795275592
 31
0
  0
LINE
  5
849
330
1A
100
AcDbEntity
  8
BLACK
  6
CONTINUOUS
100
AcDbLine
 10
4.9423622047244091
 20
2.2047637795275592
 30
0
 11
4.9431155118110235
 21
2.2046139370078741
 31
0
  0
LINE
  5
84A
330
1A
100
AcDbEntity
  8
BLACK
  6
CONTINUOUS
100
AcDbLine
 10
4.9431155118110235
 20
2.2046139370078741
 30
0
 11
4.9441808661417319
 21
2.2035485826771652
 31
0
  0
LINE
  5
84B
330
1A
100
AcDbEntity
  8
BLACK
  6
CONTINUOUS
100
AcDbLine
 10
4.9441808661417319
 20
2.2035485826771652
 30
0
 11
4.9443307086614174
 21
2.2027952755905513
 31
0
  0
LINE
  5
84C
330
1A
100
AcDbEntity
  8
BLACK
  6
CONTINUOUS
100
AcDbLine
 10
4.9443307086614174
 20
2.2027952755905513
 30
0
 11
4.9443307086614174
 21
1.8996456692913386
 31
0
  0
LINE
  5
84D
330
1A
100
AcDbEntity
  8
BLACK
  6
CONTINUOUS
100
AcDbLine
 10
4.9443307086614174
 20
1.8996456692913386
 30
0
 11
4.9441808661417319
 21
1.8988923622047245
 31
0
  0
LINE
  5
84E
330
1A
100
AcDbEntity
  8
BLACK
  6
CONTINUOUS
100
AcDbLine
 10
4.9441808661417319
 20
1.8988923622047245
 30
0
 11
4.9431155118110235
 21
1.8978270078740158
 31
0
  0
LINE
  5
84F
330
1A
100
AcDbEntity
  8
BLACK
  6
CONTINUOUS
100
AcDbLine
 10
4.9431155118110235
 20
1.8978270078740158
 30
0
 11
4.9423622047244091
 21
1.8976771653543307
 31
0
  0
LINE
  5
850
330
1A
100
AcDbEntity
  8
BLACK
  6
CONTINUOUS
100
AcDbLine
 10
4.9423622047244091
 20
1.8976771653543307
 30
0
 11
4.7258267716535434
 21
1.8976771653543307
 31
0
  0
LINE
  5
851
330
1A
100
AcDbEntity
  8
BLACK
  6
CONTINUOUS
100
AcDbLine
 10
4.7258267716535434
 20
1.8976771653543307
 30
0
 11
4.725073464566929
 21
1.8978270078740158
 31
0
  0
LINE
  5
852
330
1A
100
AcDbEntity
  8
BLACK
  6
CONTINUOUS
100
AcDbLine
 10
4.725073464566929
 20
1.8978270078740158
 30
0
 11
4.7240081102362206
 21
1.8988923622047245
 31
0
  0
LINE
  5
853
330
1A
100
AcDbEntity
  8
BLACK
  6
CONTINUOUS
100
AcDbLine
 10
4.7240081102362206
 20
1.8988923622047245
 30
0
 11
4.7238582677165351
 21
1.8996456692913386
 31
0
  0
LINE
  5
854
330
1A
100
AcDbEntity
  8
BLACK
  6
CONTINUOUS
100
AcDbLine
 10
4.7238582677165351
 20
1.8996456692913386
 30
0
 11
4.7238582677165351
 21
2.2027952755905513
 31
0
  0
LINE
  5
855
330
1A
100
AcDbEntity
  8
BLACK
  6
CONTINUOUS
100
AcDbLine
 10
4.7238582677165351
 20
2.2027952755905513
 30
0
 11
4.7239365748031492
 21
2.2031889763779526
 31
0
  0
LINE
  5
856
330
1A
100
AcDbEntity
  8
BLACK
  6
CONTINUOUS
100
AcDbLine
 10
4.7239365748031492
 20
2.2031889763779526
 30
0
 11
4.7238582677165351
 21
2.2035826771653544
 31
0
  0
LINE
  5
857
330
1A
100
AcDbEntity
  8
BLACK
  6
CONTINUOUS
100
AcDbLine
 10
4.7238582677165351
 20
2.2035826771653544
 30
0
 11
4.7238582677165351
 21
2.2807480314960631
 31
0
  0
LINE
  5
858
330
1A
100
AcDbEntity
  8
BLACK
  6
CONTINUOUS
100
AcDbLine
 10
4.7238582677165351
 20
2.2807480314960631
 30
0
 11
4.7240081102362206
 21
2.281501338582677
 31
0
  0
LINE
  5
859
330
1A
100
AcDbEntity
  8
BLACK
  6
CONTINUOUS
100
AcDbLine
 10
4.7240081102362206
 20
2.281501338582677
 30
0
 11
4.725073464566929
 21
2.2825666929133859
 31
0
  0
LINE
  5
85A
330
1A
100
AcDbEntity
  8
BLACK
  6
CONTINUOUS
100
AcDbLine
 10
4.725073464566929
 20
2.2825666929133859
 30
0
 11
4.7258267716535434
 21
2.282716535433071
 31
0
  0
LINE
  5
85B
330
1A
100
AcDbEntity
  8
BLACK
  6
CONTINUOUS
100
AcDbLine
 10
4.7258267716535434
 20
2.282716535433071
 30
0
 11
4.8596850393700786
 21
2.282716535433071
 31
0
  0
LINE
  5
85C
330
1A
100
AcDbEntity
  8
BLACK
  6
CONTINUOUS
100
AcDbLine
 10
4.8596850393700786
 20
2.282716535433071
 30
0
 11
4.8604383464566929
 21
2.2825666929133859
 31
0
  0
LINE
  5
85D
330
1A
100
AcDbEntity
  8
BLACK
  6
CONTINUOUS
100
AcDbLine
 10
4.7277952755905508
 20
2.2008267716535435
 30
0
 11
4.7277952755905508
 21
1.9016141732283465
 31
0
  0
LINE
  5
85E
330
1A
100
AcDbEntity
  8
BLACK
  6
CONTINUOUS
100
AcDbLine
 10
4.7277952755905508
 20
1.9016141732283465
 30
0
 11
4.9403937007874017
 21
1.9016141732283465
 31
0
  0
LINE
  5
85F
330
1A
100
AcDbEntity
  8
BLACK
  6
CONTINUOUS
100
AcDbLine
 10
4.9403937007874017
 20
1.9016141732283465
 30
0
 11
4.9403937007874017
 21
2.2008267716535435
 31
0
  0
LINE
  5
860
330
1A
100
AcDbEntity
  8
BLACK
  6
CONTINUOUS
100
AcDbLine
 10
4.9403937007874017
 20
2.2008267716535435
 30
0
 11
4.7277952755905508
 21
2.2008267716535435
 31
0
  0
LINE
  5
861
330
1A
100
AcDbEntity
  8
BLACK
  6
CONTINUOUS
100
AcDbLine
 10
4.7277952755905508
 20
2.2787795275590552
 30
0
 11
4.7277952755905508
 21
2.2055511811023623
 31
0
  0
LINE
  5
862
330
1A
100
AcDbEntity
  8
BLACK
  6
CONTINUOUS
100
AcDbLine
 10
4.7277952755905508
 20
2.2055511811023623
 30
0
 11
4.8577165354330711
 21
2.2055511811023623
 31
0
  0
LINE
  5
863
330
1A
100
AcDbEntity
  8
BLACK
  6
CONTINUOUS
100
AcDbLine
 10
4.8577165354330711
 20
2.2055511811023623
 30
0
 11
4.8577165354330711
 21
2.2787795275590552
 31
0
  0
LINE
  5
864
330
1A
100
AcDbEntity
  8
BLACK
  6
CONTINUOUS
100
AcDbLine
 10
4.8577165354330711
 20
2.2787795275590552
 30
0
 11
4.7277952755905508
 21
2.2787795275590552
 31
0
  0
LINE
  5
865
330
1A
100
AcDbEntity
  8
BLACK
  6
CONTINUOUS
100
AcDbLine
 10
3.121872716535433
 20
2.0235864960629919
 30
0
 11
3.1224053937007872
 21
2.0230538188976377
 31
0
  0
LINE
  5
866
330
1A
100
AcDbEntity
  8
BLACK
  6
CONTINUOUS
100
AcDbLine
 10
3.1224053937007872
 20
2.0230538188976377
 30
0
 11
3.1224803149606299
 21
2.0226771653543305
 31
0
  0
LINE
  5
867
330
1A
100
AcDbEntity
  8
BLACK
  6
CONTINUOUS
100
AcDbLine
 10
3.1224803149606299
 20
2.0226771653543305
 30
0
 11
3.1224803149606299
 21
1.924251968503937
 31
0
  0
LINE
  5
868
330
1A
100
AcDbEntity
  8
BLACK
  6
CONTINUOUS
100
AcDbLine
 10
3.1224803149606299
 20
1.924251968503937
 30
0
 11
3.1224053937007872
 21
1.9238753149606298
 31
0
  0
LINE
  5
869
330
1A
100
AcDbEntity
  8
BLACK
  6
CONTINUOUS
100
AcDbLine
 10
3.1224053937007872
 20
1.9238753149606298
 30
0
 11
3.121872716535433
 21
1.9233426377952756
 31
0
  0
LINE
  5
86A
330
1A
100
AcDbEntity
  8
BLACK
  6
CONTINUOUS
100
AcDbLine
 10
3.121872716535433
 20
1.9233426377952756
 30
0
 11
3.1214960629921258
 21
1.923267716535433
 31
0
  0
LINE
  5
86B
330
1A
100
AcDbEntity
  8
BLACK
  6
CONTINUOUS
100
AcDbLine
 10
3.1214960629921258
 20
1.923267716535433
 30
0
 11
2.9403937007874017
 21
1.923267716535433
 31
0
  0
LINE
  5
86C
330
1A
100
AcDbEntity
  8
BLACK
  6
CONTINUOUS
100
AcDbLine
 10
2.9403937007874017
 20
1.923267716535433
 30
0
 11
2.9400170472440945
 21
1.9233426377952756
 31
0
  0
LINE
  5
86D
330
1A
100
AcDbEntity
  8
BLACK
  6
CONTINUOUS
100
AcDbLine
 10
2.9400170472440945
 20
1.9233426377952756
 30
0
 11
2.9394843700787403
 21
1.9238753149606298
 31
0
  0
LINE
  5
86E
330
1A
100
AcDbEntity
  8
BLACK
  6
CONTINUOUS
100
AcDbLine
 10
2.9394843700787403
 20
1.9238753149606298
 30
0
 11
2.9394094488188975
 21
1.924251968503937
 31
0
  0
LINE
  5
86F
330
1A
100
AcDbEntity
  8
BLACK
  6
CONTINUOUS
100
AcDbLine
 10
2.9394094488188975
 20
1.924251968503937
 30
0
 11
2.9394094488188975
 21
2.0226771653543305
 31
0
  0
LINE
  5
870
330
1A
100
AcDbEntity
  8
BLACK
  6
CONTINUOUS
100
AcDbLine
 10
2.9394094488188975
 20
2.0226771653543305
 30
0
 11
2.9394843700787403
 21
2.0230538188976377
 31
0
  0
LINE
  5
871
330
1A
100
AcDbEntity
  8
BLACK
  6
CONTINUOUS
100
AcDbLine
 10
2.9394843700787403
 20
2.0230538188976377
 30
0
 11
2.9400170472440945
 21
2.0235864960629919
 31
0
  0
LINE
  5
872
330
1A
100
AcDbEntity
  8
BLACK
  6
CONTINUOUS
100
AcDbLine
 10
2.9400170472440945
 20
2.0235864960629919
 30
0
 11
2.9403937007874017
 21
2.0236614173228347
 31
0
  0
LINE
  5
873
330
1A
100
AcDbEntity
  8
BLACK
  6
CONTINUOUS
100
AcDbLine
 10
2.9403937007874017
 20
2.0236614173228347
 30
0
 11
3.1214960629921258
 21
2.0236614173228347
 31
0
  0
LINE
  5
874
330
1A
100
AcDbEntity
  8
BLACK
  6
CONTINUOUS
100
AcDbLine
 10
3.1214960629921258
 20
2.0236614173228347
 30
0
 11
3.121872716535433
 21
2.0235864960629919
 31
0
  0
LINE
  5
875
330
1A
100
AcDbEntity
  8
BLACK
  6
CONTINUOUS
100
AcDbLine
 10
2.9413779527559054
 20
2.0216929133858268
 30
0
 11
2.9413779527559054
 21
1.9252362204724409
 31
0
  0
LINE
  5
876
330
1A
100
AcDbEntity
  8
BLACK
  6
CONTINUOUS
100
AcDbLine
 10
2.9413779527559054
 20
1.9252362204724409
 30
0
 11
3.1205118110236221
 21
1.9252362204724409
 31
0
  0
LINE
  5
877
330
1A
100
AcDbEntity
  8
BLACK
  6
CONTINUOUS
100
AcDbLine
 10
3.1205118110236221
 20
1.9252362204724409
 30
0
 11
3.1205118110236221
 21
2.0216929133858268
 31
0
  0
LINE
  5
878
330
1A
100
AcDbEntity
  8
BLACK
  6
CONTINUOUS
100
AcDbLine
 10
3.1205118110236221
 20
2.0216929133858268
 30
0
 11
2.9413779527559054
 21
2.0216929133858268
 31
0
  0
LINE
  5
879
330
1A
100
AcDbEntity
  8
BLACK
  6
CONTINUOUS
100
AcDbLine
 10
1.4885026377952755
 20
2.0856967322834645
 30
0
 11
1.4890353149606299
 21
2.0851640551181103
 31
0
  0
LINE
  5
87A
330
1A
100
AcDbEntity
  8
BLACK
  6
CONTINUOUS
100
AcDbLine
 10
1.4890353149606299
 20
2.0851640551181103
 30
0
 11
1.4891102362204724
 21
2.0847874015748031
 31
0
  0
LINE
  5
87B
330
1A
100
AcDbEntity
  8
BLACK
  6
CONTINUOUS
100
AcDbLine
 10
1.4891102362204724
 20
2.0847874015748031
 30
0
 11
1.4891102362204724
 21
1.9509291338582677
 31
0
  0
LINE
  5
87C
330
1A
100
AcDbEntity
  8
BLACK
  6
CONTINUOUS
100
AcDbLine
 10
1.4891102362204724
 20
1.9509291338582677
 30
0
 11
1.4890353149606299
 21
1.9505524803149605
 31
0
  0
LINE
  5
87D
330
1A
100
AcDbEntity
  8
BLACK
  6
CONTINUOUS
100
AcDbLine
 10
1.4890353149606299
 20
1.9505524803149605
 30
0
 11
1.4885026377952755
 21
1.9500198031496063
 31
0
  0
LINE
  5
87E
330
1A
100
AcDbEntity
  8
BLACK
  6
CONTINUOUS
100
AcDbLine
 10
1.4885026377952755
 20
1.9500198031496063
 30
0
 11
1.4881259842519685
 21
1.9499448818897638
 31
0
  0
LINE
  5
87F
330
1A
100
AcDbEntity
  8
BLACK
  6
CONTINUOUS
100
AcDbLine
 10
1.4881259842519685
 20
1.9499448818897638
 30
0
 11
1.4109606299212598
 21
1.9499448818897638
 31
0
  0
LINE
  5
880
330
1A
100
AcDbEntity
  8
BLACK
  6
CONTINUOUS
100
AcDbLine
 10
1.4109606299212598
 20
1.9499448818897638
 30
0
 11
1.4105839763779526
 21
1.9500198031496063
 31
0
  0
LINE
  5
881
330
1A
100
AcDbEntity
  8
BLACK
  6
CONTINUOUS
100
AcDbLine
 10
1.4105839763779526
 20
1.9500198031496063
 30
0
 11
1.4100512992125984
 21
1.9505524803149605
 31
0
  0
LINE
  5
882
330
1A
100
AcDbEntity
  8
BLACK
  6
CONTINUOUS
100
AcDbLine
 10
1.4100512992125984
 20
1.9505524803149605
 30
0
 11
1.4099763779527559
 21
1.9509291338582677
 31
0
  0
LINE
  5
883
330
1A
100
AcDbEntity
  8
BLACK
  6
CONTINUOUS
100
AcDbLine
 10
1.4099763779527559
 20
1.9509291338582677
 30
0
 11
1.4099763779527559
 21
2.0847874015748031
 31
0
  0
LINE
  5
884
330
1A
100
AcDbEntity
  8
BLACK
  6
CONTINUOUS
100
AcDbLine
 10
1.4099763779527559
 20
2.0847874015748031
 30
0
 11
1.4100512992125984
 21
2.0851640551181103
 31
0
  0
LINE
  5
885
330
1A
100
AcDbEntity
  8
BLACK
  6
CONTINUOUS
100
AcDbLine
 10
1.4100512992125984
 20
2.0851640551181103
 30
0
 11
1.4105839763779526
 21
2.0856967322834645
 31
0
  0
LINE
  5
886
330
1A
100
AcDbEntity
  8
BLACK
  6
CONTINUOUS
100
AcDbLine
 10
1.4105839763779526
 20
2.0856967322834645
 30
0
 11
1.4109606299212598
 21
2.0857716535433068
 31
0
  0
LINE
  5
887
330
1A
100
AcDbEntity
  8
BLACK
  6
CONTINUOUS
100
AcDbLine
 10
1.4109606299212598
 20
2.0857716535433068
 30
0
 11
1.4881259842519685
 21
2.0857716535433068
 31
0
  0
LINE
  5
888
330
1A
100
AcDbEntity
  8
BLACK
  6
CONTINUOUS
100
AcDbLine
 10
1.4881259842519685
 20
2.0857716535433068
 30
0
 11
1.4885026377952755
 21
2.0856967322834645
 31
0
  0
LINE
  5
889
330
1A
100
AcDbEntity
  8
BLACK
  6
CONTINUOUS
100
AcDbLine
 10
1.4119448818897637
 20
2.083803149606299
 30
0
 11
1.4119448818897637
 21
1.9519133858267717
 31
0
  0
LINE
  5
88A
330
1A
100
AcDbEntity
  8
BLACK
  6
CONTINUOUS
100
AcDbLine
 10
1.4119448818897637
 20
1.9519133858267717
 30
0
 11
1.4871417322834646
 21
1.9519133858267717
 31
0
  0
LINE
  5
88B
330
1A
100
AcDbEntity
  8
BLACK
  6
CONTINUOUS
100
AcDbLine
 10
1.4871417322834646
 20
1.9519133858267717
 30
0
 11
1.4871417322834646
 21
2.083803149606299
 31
0
  0
LINE
  5
88C
330
1A
100
AcDbEntity
  8
BLACK
  6
CONTINUOUS
100
AcDbLine
 10
1.4871417322834646
 20
2.083803149606299
 30
0
 11
1.4119448818897637
 21
2.083803149606299
 31
0
  0
LINE
  5
88D
330
1A
100
AcDbEntity
  8
BLACK
  6
CONTINUOUS
100
AcDbLine
 10
2.3604383464566929
 20
2.155598188976378
 30
0
 11
2.3615037007874013
 21
2.1545328346456691
 31
0
  0
LINE
  5
88E
330
1A
100
AcDbEntity
  8
BLACK
  6
CONTINUOUS
100
AcDbLine
 10
2.3615037007874013
 20
2.1545328346456691
 30
0
 11
2.3616535433070864
 21
2.1537795275590552
 31
0
  0
LINE
  5
88F
330
1A
100
AcDbEntity
  8
BLACK
  6
CONTINUOUS
100
AcDbLine
 10
2.3616535433070864
 20
2.1537795275590552
 30
0
 11
2.3616535433070864
 21
2.0214960629921261
 31
0
  0
LINE
  5
890
330
1A
100
AcDbEntity
  8
BLACK
  6
CONTINUOUS
100
AcDbLine
 10
2.3616535433070864
 20
2.0214960629921261
 30
0
 11
2.3615037007874013
 21
2.0207427559055118
 31
0
  0
LINE
  5
891
330
1A
100
AcDbEntity
  8
BLACK
  6
CONTINUOUS
100
AcDbLine
 10
2.3615037007874013
 20
2.0207427559055118
 30
0
 11
2.3604383464566929
 21
2.0196774015748029
 31
0
  0
LINE
  5
892
330
1A
100
AcDbEntity
  8
BLACK
  6
CONTINUOUS
100
AcDbLine
 10
2.3604383464566929
 20
2.0196774015748029
 30
0
 11
2.3596850393700786
 21
2.0195275590551183
 31
0
  0
LINE
  5
893
330
1A
100
AcDbEntity
  8
BLACK
  6
CONTINUOUS
100
AcDbLine
 10
2.3596850393700786
 20
2.0195275590551183
 30
0
 11
2.2848818897637795
 21
2.0195275590551183
 31
0
  0
LINE
  5
894
330
1A
100
AcDbEntity
  8
BLACK
  6
CONTINUOUS
100
AcDbLine
 10
2.2848818897637795
 20
2.0195275590551183
 30
0
 11
2.2841285826771651
 21
2.0196774015748029
 31
0
  0
LINE
  5
895
330
1A
100
AcDbEntity
  8
BLACK
  6
CONTINUOUS
100
AcDbLine
 10
2.2841285826771651
 20
2.0196774015748029
 30
0
 11
2.2830632283464567
 21
2.0207427559055118
 31
0
  0
LINE
  5
896
330
1A
100
AcDbEntity
  8
BLACK
  6
CONTINUOUS
100
AcDbLine
 10
2.2830632283464567
 20
2.0207427559055118
 30
0
 11
2.2829133858267716
 21
2.0214960629921261
 31
0
  0
LINE
  5
897
330
1A
100
AcDbEntity
  8
BLACK
  6
CONTINUOUS
100
AcDbLine
 10
2.2829133858267716
 20
2.0214960629921261
 30
0
 11
2.2829133858267716
 21
2.1537795275590552
 31
0
  0
LINE
  5
898
330
1A
100
AcDbEntity
  8
BLACK
  6
CONTINUOUS
100
AcDbLine
 10
2.2829133858267716
 20
2.1537795275590552
 30
0
 11
2.2830632283464567
 21
2.1545328346456691
 31
0
  0
LINE
  5
899
330
1A
100
AcDbEntity
  8
BLACK
  6
CONTINUOUS
100
AcDbLine
 10
2.2830632283464567
 20
2.1545328346456691
 30
0
 11
2.2841285826771651
 21
2.155598188976378
 31
0
  0
LINE
  5
89A
330
1A
100
AcDbEntity
  8
BLACK
  6
CONTINUOUS
100
AcDbLine
 10
2.2841285826771651
 20
2.155598188976378
 30
0
 11
2.2848818897637795
 21
2.1557480314960631
 31
0
  0
LINE
  5
89B
330
1A
100
AcDbEntity
  8
BLACK
  6
CONTINUOUS
100
AcDbLine
 10
2.2848818897637795
 20
2.1557480314960631
 30
0
 11
2.3596850393700786
 21
2.1557480314960631
 31
0
  0
LINE
  5
89C
330
1A
100
AcDbEntity
  8
BLACK
  6
CONTINUOUS
100
AcDbLine
 10
2.3596850393700786
 20
2.1557480314960631
 30
0
 11
2.3604383464566929
 21
2.155598188976378
 31
0
  0
LINE
  5
89D
330
1A
100
AcDbEntity
  8
BLACK
  6
CONTINUOUS
100
AcDbLine
 10
2.2868503937007874
 20
2.1518110236220473
 30
0
 11
2.2868503937007874
 21
2.023464566929134
 31
0
  0
LINE
  5
89E
330
1A
100
AcDbEntity
  8
BLACK
  6
CONTINUOUS
100
AcDbLine
 10
2.2868503937007874
 20
2.023464566929134
 30
0
 11
2.3577165354330707
 21
2.023464566929134
 31
0
  0
LINE
  5
89F
330
1A
100
AcDbEntity
  8
BLACK
  6
CONTINUOUS
100
AcDbLine
 10
2.3577165354330707
 20
2.023464566929134
 30
0
 11
2.3577165354330707
 21
2.1518110236220473
 31
0
  0
LINE
  5
8A0
330
1A
100
AcDbEntity
  8
BLACK
  6
CONTINUOUS
100
AcDbLine
 10
2.3577165354330707
 20
2.1518110236220473
 30
0
 11
2.2868503937007874
 21
2.1518110236220473
 31
0
  0
LINE
  5
8A1
330
1A
100
AcDbEntity
  8
BLACK
  6
CONTINUOUS
100
AcDbLine
 10
2.1478399212598425
 20
2.2382753543307086
 30
0
 11
2.1489052755905513
 21
2.2372100000000001
 31
0
  0
LINE
  5
8A2
330
1A
100
AcDbEntity
  8
BLACK
  6
CONTINUOUS
100
AcDbLine
 10
2.1489052755905513
 20
2.2372100000000001
 30
0
 11
2.149055118110236
 21
2.2364566929133858
 31
0
  0
LINE
  5
8A3
330
1A
100
AcDbEntity
  8
BLACK
  6
CONTINUOUS
100
AcDbLine
 10
2.149055118110236
 20
2.2364566929133858
 30
0
 11
2.149055118110236
 21
2.1592913385826771
 31
0
  0
LINE
  5
8A4
330
1A
100
AcDbEntity
  8
BLACK
  6
CONTINUOUS
100
AcDbLine
 10
2.149055118110236
 20
2.1592913385826771
 30
0
 11
2.1489052755905513
 21
2.1585380314960632
 31
0
  0
LINE
  5
8A5
330
1A
100
AcDbEntity
  8
BLACK
  6
CONTINUOUS
100
AcDbLine
 10
2.1489052755905513
 20
2.1585380314960632
 30
0
 11
2.1480837795275591
 21
2.157716535433071
 31
0
  0
LINE
  5
8A6
330
1A
100
AcDbEntity
  8
BLACK
  6
CONTINUOUS
100
AcDbLine
 10
2.1480837795275591
 20
2.157716535433071
 30
0
 11
2.1785826771653545
 21
2.157716535433071
 31
0
  0
LINE
  5
8A7
330
1A
100
AcDbEntity
  8
BLACK
  6
CONTINUOUS
100
AcDbLine
 10
2.1785826771653545
 20
2.157716535433071
 30
0
 11
2.1793359842519684
 21
2.1575666929133859
 31
0
  0
LINE
  5
8A8
330
1A
100
AcDbEntity
  8
BLACK
  6
CONTINUOUS
100
AcDbLine
 10
2.1793359842519684
 20
2.1575666929133859
 30
0
 11
2.1804013385826773
 21
2.156501338582677
 31
0
  0
LINE
  5
8A9
330
1A
100
AcDbEntity
  8
BLACK
  6
CONTINUOUS
100
AcDbLine
 10
2.1804013385826773
 20
2.156501338582677
 30
0
 11
2.1805511811023623
 21
2.1557480314960631
 31
0
  0
LINE
  5
8AA
330
1A
100
AcDbEntity
  8
BLACK
  6
CONTINUOUS
100
AcDbLine
 10
2.1805511811023623
 20
2.1557480314960631
 30
0
 11
2.1805511811023623
 21
2.023464566929134
 31
0
  0
LINE
  5
8AB
330
1A
100
AcDbEntity
  8
BLACK
  6
CONTINUOUS
100
AcDbLine
 10
2.1805511811023623
 20
2.023464566929134
 30
0
 11
2.1804013385826773
 21
2.0227112598425196
 31
0
  0
LINE
  5
8AC
330
1A
100
AcDbEntity
  8
BLACK
  6
CONTINUOUS
100
AcDbLine
 10
2.1804013385826773
 20
2.0227112598425196
 30
0
 11
2.1793359842519684
 21
2.0216459055118108
 31
0
  0
LINE
  5
8AD
330
1A
100
AcDbEntity
  8
BLACK
  6
CONTINUOUS
100
AcDbLine
 10
2.1793359842519684
 20
2.0216459055118108
 30
0
 11
2.1785826771653545
 21
2.0214960629921261
 31
0
  0
LINE
  5
8AE
330
1A
100
AcDbEntity
  8
BLACK
  6
CONTINUOUS
100
AcDbLine
 10
2.1785826771653545
 20
2.0214960629921261
 30
0
 11
2.103779527559055
 21
2.0214960629921261
 31
0
  0
LINE
  5
8AF
330
1A
100
AcDbEntity
  8
BLACK
  6
CONTINUOUS
100
AcDbLine
 10
2.103779527559055
 20
2.0214960629921261
 30
0
 11
2.103026220472441
 21
2.0216459055118108
 31
0
  0
LINE
  5
8B0
330
1A
100
AcDbEntity
  8
BLACK
  6
CONTINUOUS
100
AcDbLine
 10
2.103026220472441
 20
2.0216459055118108
 30
0
 11
2.1019608661417322
 21
2.0227112598425196
 31
0
  0
LINE
  5
8B1
330
1A
100
AcDbEntity
  8
BLACK
  6
CONTINUOUS
100
AcDbLine
 10
2.1019608661417322
 20
2.0227112598425196
 30
0
 11
2.1018110236220471
 21
2.023464566929134
 31
0
  0
LINE
  5
8B2
330
1A
100
AcDbEntity
  8
BLACK
  6
CONTINUOUS
100
AcDbLine
 10
2.1018110236220471
 20
2.023464566929134
 30
0
 11
2.1018110236220471
 21
2.1557480314960631
 31
0
  0
LINE
  5
8B3
330
1A
100
AcDbEntity
  8
BLACK
  6
CONTINUOUS
100
AcDbLine
 10
2.1018110236220471
 20
2.1557480314960631
 30
0
 11
2.1019608661417322
 21
2.156501338582677
 31
0
  0
LINE
  5
8B4
330
1A
100
AcDbEntity
  8
BLACK
  6
CONTINUOUS
100
AcDbLine
 10
2.1019608661417322
 20
2.156501338582677
 30
0
 11
2.1027823622047244
 21
2.1573228346456692
 31
0
  0
LINE
  5
8B5
330
1A
100
AcDbEntity
  8
BLACK
  6
CONTINUOUS
100
AcDbLine
 10
2.1027823622047244
 20
2.1573228346456692
 30
0
 11
2.0890286614173226
 21
2.1573228346456692
 31
0
  0
LINE
  5
8B6
330
1A
100
AcDbEntity
  8
BLACK
  6
CONTINUOUS
100
AcDbLine
 10
2.0890286614173226
 20
2.1573228346456692
 30
0
 11
2.0898501574803148
 21
2.156501338582677
 31
0
  0
LINE
  5
8B7
330
1A
100
AcDbEntity
  8
BLACK
  6
CONTINUOUS
100
AcDbLine
 10
2.0898501574803148
 20
2.156501338582677
 30
0
 11
2.0899999999999999
 21
2.1557480314960631
 31
0
  0
LINE
  5
8B8
330
1A
100
AcDbEntity
  8
BLACK
  6
CONTINUOUS
100
AcDbLine
 10
2.0899999999999999
 20
2.1557480314960631
 30
0
 11
2.0899999999999999
 21
2.023464566929134
 31
0
  0
LINE
  5
8B9
330
1A
100
AcDbEntity
  8
BLACK
  6
CONTINUOUS
100
AcDbLine
 10
2.0899999999999999
 20
2.023464566929134
 30
0
 11
2.0898501574803148
 21
2.0227112598425196
 31
0
  0
LINE
  5
8BA
330
1A
100
AcDbEntity
  8
BLACK
  6
CONTINUOUS
100
AcDbLine
 10
2.0898501574803148
 20
2.0227112598425196
 30
0
 11
2.0887848031496064
 21
2.0216459055118108
 31
0
  0
LINE
  5
8BB
330
1A
100
AcDbEntity
  8
BLACK
  6
CONTINUOUS
100
AcDbLine
 10
2.0887848031496064
 20
2.0216459055118108
 30
0
 11
2.088031496062992
 21
2.0214960629921261
 31
0
  0
LINE
  5
8BC
330
1A
100
AcDbEntity
  8
BLACK
  6
CONTINUOUS
100
AcDbLine
 10
2.088031496062992
 20
2.0214960629921261
 30
0
 11
2.0132283464566929
 21
2.0214960629921261
 31
0
  0
LINE
  5
8BD
330
1A
100
AcDbEntity
  8
BLACK
  6
CONTINUOUS
100
AcDbLine
 10
2.0132283464566929
 20
2.0214960629921261
 30
0
 11
2.0124750393700785
 21
2.0216459055118108
 31
0
  0
LINE
  5
8BE
330
1A
100
AcDbEntity
  8
BLACK
  6
CONTINUOUS
100
AcDbLine
 10
2.0124750393700785
 20
2.0216459055118108
 30
0
 11
2.0114096850393701
 21
2.0227112598425196
 31
0
  0
LINE
  5
8BF
330
1A
100
AcDbEntity
  8
BLACK
  6
CONTINUOUS
100
AcDbLine
 10
2.0114096850393701
 20
2.0227112598425196
 30
0
 11
2.011259842519685
 21
2.023464566929134
 31
0
  0
LINE
  5
8C0
330
1A
100
AcDbEntity
  8
BLACK
  6
CONTINUOUS
100
AcDbLine
 10
2.011259842519685
 20
2.023464566929134
 30
0
 11
2.011259842519685
 21
2.1557480314960631
 31
0
  0
LINE
  5
8C1
330
1A
100
AcDbEntity
  8
BLACK
  6
CONTINUOUS
100
AcDbLine
 10
2.011259842519685
 20
2.1557480314960631
 30
0
 11
2.0114096850393701
 21
2.156501338582677
 31
0
  0
LINE
  5
8C2
330
1A
100
AcDbEntity
  8
BLACK
  6
CONTINUOUS
100
AcDbLine
 10
2.0114096850393701
 20
2.156501338582677
 30
0
 11
2.012428031496063
 21
2.1575196850393699
 31
0
  0
LINE
  5
8C3
330
1A
100
AcDbEntity
  8
BLACK
  6
CONTINUOUS
100
AcDbLine
 10
2.012428031496063
 20
2.1575196850393699
 30
0
 11
2.0114096850393701
 21
2.1585380314960632
 31
0
  0
LINE
  5
8C4
330
1A
100
AcDbEntity
  8
BLACK
  6
CONTINUOUS
100
AcDbLine
 10
2.0114096850393701
 20
2.1585380314960632
 30
0
 11
2.011259842519685
 21
2.1592913385826771
 31
0
  0
LINE
  5
8C5
330
1A
100
AcDbEntity
  8
BLACK
  6
CONTINUOUS
100
AcDbLine
 10
2.011259842519685
 20
2.1592913385826771
 30
0
 11
2.011259842519685
 21
2.2364566929133858
 31
0
  0
LINE
  5
8C6
330
1A
100
AcDbEntity
  8
BLACK
  6
CONTINUOUS
100
AcDbLine
 10
2.011259842519685
 20
2.2364566929133858
 30
0
 11
2.0114096850393701
 21
2.2372100000000001
 31
0
  0
LINE
  5
8C7
330
1A
100
AcDbEntity
  8
BLACK
  6
CONTINUOUS
100
AcDbLine
 10
2.0114096850393701
 20
2.2372100000000001
 30
0
 11
2.0124750393700785
 21
2.2382753543307086
 31
0
  0
LINE
  5
8C8
330
1A
100
AcDbEntity
  8
BLACK
  6
CONTINUOUS
100
AcDbLine
 10
2.0124750393700785
 20
2.2382753543307086
 30
0
 11
2.0132283464566929
 21
2.2384251968503937
 31
0
  0
LINE
  5
8C9
330
1A
100
AcDbEntity
  8
BLACK
  6
CONTINUOUS
100
AcDbLine
 10
2.0132283464566929
 20
2.2384251968503937
 30
0
 11
2.1470866141732281
 21
2.2384251968503937
 31
0
  0
LINE
  5
8CA
330
1A
100
AcDbEntity
  8
BLACK
  6
CONTINUOUS
100
AcDbLine
 10
2.1470866141732281
 20
2.2384251968503937
 30
0
 11
2.1478399212598425
 21
2.2382753543307086
 31
0
  0
LINE
  5
8CB
330
1A
100
AcDbEntity
  8
BLACK
  6
CONTINUOUS
100
AcDbLine
 10
2.1057480314960628
 20
2.1537795275590552
 30
0
 11
2.1057480314960628
 21
2.0254330708661419
 31
0
  0
LINE
  5
8CC
330
1A
100
AcDbEntity
  8
BLACK
  6
CONTINUOUS
100
AcDbLine
 10
2.1057480314960628
 20
2.0254330708661419
 30
0
 11
2.1766141732283466
 21
2.0254330708661419
 31
0
  0
LINE
  5
8CD
330
1A
100
AcDbEntity
  8
BLACK
  6
CONTINUOUS
100
AcDbLine
 10
2.1766141732283466
 20
2.0254330708661419
 30
0
 11
2.1766141732283466
 21
2.1537795275590552
 31
0
  0
LINE
  5
8CE
330
1A
100
AcDbEntity
  8
BLACK
  6
CONTINUOUS
100
AcDbLine
 10
2.1766141732283466
 20
2.1537795275590552
 30
0
 11
2.1057480314960628
 21
2.1537795275590552
 31
0
  0
LINE
  5
8CF
330
1A
100
AcDbEntity
  8
BLACK
  6
CONTINUOUS
100
AcDbLine
 10
2.0151968503937008
 20
2.1537795275590552
 30
0
 11
2.0151968503937008
 21
2.0254330708661419
 31
0
  0
LINE
  5
8D0
330
1A
100
AcDbEntity
  8
BLACK
  6
CONTINUOUS
100
AcDbLine
 10
2.0151968503937008
 20
2.0254330708661419
 30
0
 11
2.0860629921259841
 21
2.0254330708661419
 31
0
  0
LINE
  5
8D1
330
1A
100
AcDbEntity
  8
BLACK
  6
CONTINUOUS
100
AcDbLine
 10
2.0860629921259841
 20
2.0254330708661419
 30
0
 11
2.0860629921259841
 21
2.1537795275590552
 31
0
  0
LINE
  5
8D2
330
1A
100
AcDbEntity
  8
BLACK
  6
CONTINUOUS
100
AcDbLine
 10
2.0860629921259841
 20
2.1537795275590552
 30
0
 11
2.0151968503937008
 21
2.1537795275590552
 31
0
  0
LINE
  5
8D3
330
1A
100
AcDbEntity
  8
BLACK
  6
CONTINUOUS
100
AcDbLine
 10
2.0151968503937008
 20
2.2344881889763779
 30
0
 11
2.0151968503937008
 21
2.1612598425196849
 31
0
  0
LINE
  5
8D4
330
1A
100
AcDbEntity
  8
BLACK
  6
CONTINUOUS
100
AcDbLine
 10
2.0151968503937008
 20
2.1612598425196849
 30
0
 11
2.1451181102362202
 21
2.1612598425196849
 31
0
  0
LINE
  5
8D5
330
1A
100
AcDbEntity
  8
BLACK
  6
CONTINUOUS
100
AcDbLine
 10
2.1451181102362202
 20
2.1612598425196849
 30
0
 11
2.1451181102362202
 21
2.2344881889763779
 31
0
  0
LINE
  5
8D6
330
1A
100
AcDbEntity
  8
BLACK
  6
CONTINUOUS
100
AcDbLine
 10
2.1451181102362202
 20
2.2344881889763779
 30
0
 11
2.0151968503937008
 21
2.2344881889763779
 31
0
  0
LINE
  5
8D7
330
1A
100
AcDbEntity
  8
BLACK
  6
CONTINUOUS
100
AcDbLine
 10
1.2377191732283463
 20
2.0983896456692914
 30
0
 11
1.2382518503937008
 21
2.0978569685039368
 31
0
  0
LINE
  5
8D8
330
1A
100
AcDbEntity
  8
BLACK
  6
CONTINUOUS
100
AcDbLine
 10
1.2382518503937008
 20
2.0978569685039368
 30
0
 11
1.2383267716535433
 21
2.09748031496063
 31
0
  0
LINE
  5
8D9
330
1A
100
AcDbEntity
  8
BLACK
  6
CONTINUOUS
100
AcDbLine
 10
1.2383267716535433
 20
2.09748031496063
 30
0
 11
1.2383267716535433
 21
2.0226771653543305
 31
0
  0
LINE
  5
8DA
330
1A
100
AcDbEntity
  8
BLACK
  6
CONTINUOUS
100
AcDbLine
 10
1.2383267716535433
 20
2.0226771653543305
 30
0
 11
1.2382518503937008
 21
2.0223005118110238
 31
0
  0
LINE
  5
8DB
330
1A
100
AcDbEntity
  8
BLACK
  6
CONTINUOUS
100
AcDbLine
 10
1.2382518503937008
 20
2.0223005118110238
 30
0
 11
1.2377191732283463
 21
2.0217678346456691
 31
0
  0
LINE
  5
8DC
330
1A
100
AcDbEntity
  8
BLACK
  6
CONTINUOUS
100
AcDbLine
 10
1.2377191732283463
 20
2.0217678346456691
 30
0
 11
1.2373425196850394
 21
2.0216929133858268
 31
0
  0
LINE
  5
8DD
330
1A
100
AcDbEntity
  8
BLACK
  6
CONTINUOUS
100
AcDbLine
 10
1.2373425196850394
 20
2.0216929133858268
 30
0
 11
1.1050590551181103
 21
2.0216929133858268
 31
0
  0
LINE
  5
8DE
330
1A
100
AcDbEntity
  8
BLACK
  6
CONTINUOUS
100
AcDbLine
 10
1.1050590551181103
 20
2.0216929133858268
 30
0
 11
1.1046824015748031
 21
2.0217678346456691
 31
0
  0
LINE
  5
8DF
330
1A
100
AcDbEntity
  8
BLACK
  6
CONTINUOUS
100
AcDbLine
 10
1.1046824015748031
 20
2.0217678346456691
 30
0
 11
1.1041497244094487
 21
2.0223005118110238
 31
0
  0
LINE
  5
8E0
330
1A
100
AcDbEntity
  8
BLACK
  6
CONTINUOUS
100
AcDbLine
 10
1.1041497244094487
 20
2.0223005118110238
 30
0
 11
1.1040748031496064
 21
2.0226771653543305
 31
0
  0
LINE
  5
8E1
330
1A
100
AcDbEntity
  8
BLACK
  6
CONTINUOUS
100
AcDbLine
 10
1.1040748031496064
 20
2.0226771653543305
 30
0
 11
1.1040748031496064
 21
2.09748031496063
 31
0
  0
LINE
  5
8E2
330
1A
100
AcDbEntity
  8
BLACK
  6
CONTINUOUS
100
AcDbLine
 10
1.1040748031496064
 20
2.09748031496063
 30
0
 11
1.1041497244094487
 21
2.0978569685039368
 31
0
  0
LINE
  5
8E3
330
1A
100
AcDbEntity
  8
BLACK
  6
CONTINUOUS
100
AcDbLine
 10
1.1041497244094487
 20
2.0978569685039368
 30
0
 11
1.1046824015748031
 21
2.0983896456692914
 31
0
  0
LINE
  5
8E4
330
1A
100
AcDbEntity
  8
BLACK
  6
CONTINUOUS
100
AcDbLine
 10
1.1046824015748031
 20
2.0983896456692914
 30
0
 11
1.1050590551181103
 21
2.0984645669291337
 31
0
  0
LINE
  5
8E5
330
1A
100
AcDbEntity
  8
BLACK
  6
CONTINUOUS
100
AcDbLine
 10
1.1050590551181103
 20
2.0984645669291337
 30
0
 11
1.2373425196850394
 21
2.0984645669291337
 31
0
  0
LINE
  5
8E6
330
1A
100
AcDbEntity
  8
BLACK
  6
CONTINUOUS
100
AcDbLine
 10
1.2373425196850394
 20
2.0984645669291337
 30
0
 11
1.2377191732283463
 21
2.0983896456692914
 31
0
  0
LINE
  5
8E7
330
1A
100
AcDbEntity
  8
BLACK
  6
CONTINUOUS
100
AcDbLine
 10
1.1060433070866142
 20
2.0964960629921259
 30
0
 11
1.1060433070866142
 21
2.0236614173228347
 31
0
  0
LINE
  5
8E8
330
1A
100
AcDbEntity
  8
BLACK
  6
CONTINUOUS
100
AcDbLine
 10
1.1060433070866142
 20
2.0236614173228347
 30
0
 11
1.2363582677165355
 21
2.0236614173228347
 31
0
  0
LINE
  5
8E9
330
1A
100
AcDbEntity
  8
BLACK
  6
CONTINUOUS
100
AcDbLine
 10
1.2363582677165355
 20
2.0236614173228347
 30
0
 11
1.2363582677165355
 21
2.0964960629921259
 31
0
  0
LINE
  5
8EA
330
1A
100
AcDbEntity
  8
BLACK
  6
CONTINUOUS
100
AcDbLine
 10
1.2363582677165355
 20
2.0964960629921259
 30
0
 11
1.1060433070866142
 21
2.0964960629921259
 31
0
  0
LINE
  5
8EB
330
1A
100
AcDbEntity
  8
BLACK
  6
CONTINUOUS
100
AcDbLine
 10
2.2813215354330709
 20
2.1535077559055118
 30
0
 11
2.2818542125984251
 21
2.1529750787401576
 31
0
  0
LINE
  5
8EC
330
1A
100
AcDbEntity
  8
BLACK
  6
CONTINUOUS
100
AcDbLine
 10
2.2818542125984251
 20
2.1529750787401576
 30
0
 11
2.2819291338582675
 21
2.1525984251968504
 31
0
  0
LINE
  5
8ED
330
1A
100
AcDbEntity
  8
BLACK
  6
CONTINUOUS
100
AcDbLine
 10
2.2819291338582675
 20
2.1525984251968504
 30
0
 11
2.2819291338582675
 21
2.0226771653543305
 31
0
  0
LINE
  5
8EE
330
1A
100
AcDbEntity
  8
BLACK
  6
CONTINUOUS
100
AcDbLine
 10
2.2819291338582675
 20
2.0226771653543305
 30
0
 11
2.2818542125984251
 21
2.0223005118110238
 31
0
  0
LINE
  5
8EF
330
1A
100
AcDbEntity
  8
BLACK
  6
CONTINUOUS
100
AcDbLine
 10
2.2818542125984251
 20
2.0223005118110238
 30
0
 11
2.2813215354330709
 21
2.0217678346456691
 31
0
  0
LINE
  5
8F0
330
1A
100
AcDbEntity
  8
BLACK
  6
CONTINUOUS
100
AcDbLine
 10
2.2813215354330709
 20
2.0217678346456691
 30
0
 11
2.2809448818897637
 21
2.0216929133858268
 31
0
  0
LINE
  5
8F1
330
1A
100
AcDbEntity
  8
BLACK
  6
CONTINUOUS
100
AcDbLine
 10
2.2809448818897637
 20
2.0216929133858268
 30
0
 11
2.1825196850393702
 21
2.0216929133858268
 31
0
  0
LINE
  5
8F2
330
1A
100
AcDbEntity
  8
BLACK
  6
CONTINUOUS
100
AcDbLine
 10
2.1825196850393702
 20
2.0216929133858268
 30
0
 11
2.182143031496063
 21
2.0217678346456691
 31
0
  0
LINE
  5
8F3
330
1A
100
AcDbEntity
  8
BLACK
  6
CONTINUOUS
100
AcDbLine
 10
2.182143031496063
 20
2.0217678346456691
 30
0
 11
2.1816103543307088
 21
2.0223005118110238
 31
0
  0
LINE
  5
8F4
330
1A
100
AcDbEntity
  8
BLACK
  6
CONTINUOUS
100
AcDbLine
 10
2.1816103543307088
 20
2.0223005118110238
 30
0
 11
2.1815354330708661
 21
2.0226771653543305
 31
0
  0
LINE
  5
8F5
330
1A
100
AcDbEntity
  8
BLACK
  6
CONTINUOUS
100
AcDbLine
 10
2.1815354330708661
 20
2.0226771653543305
 30
0
 11
2.1815354330708661
 21
2.1525984251968504
 31
0
  0
LINE
  5
8F6
330
1A
100
AcDbEntity
  8
BLACK
  6
CONTINUOUS
100
AcDbLine
 10
2.1815354330708661
 20
2.1525984251968504
 30
0
 11
2.1816103543307088
 21
2.1529750787401576
 31
0
  0
LINE
  5
8F7
330
1A
100
AcDbEntity
  8
BLACK
  6
CONTINUOUS
100
AcDbLine
 10
2.1816103543307088
 20
2.1529750787401576
 30
0
 11
2.182143031496063
 21
2.1535077559055118
 31
0
  0
LINE
  5
8F8
330
1A
100
AcDbEntity
  8
BLACK
  6
CONTINUOUS
100
AcDbLine
 10
2.182143031496063
 20
2.1535077559055118
 30
0
 11
2.1825196850393702
 21
2.1535826771653541
 31
0
  0
LINE
  5
8F9
330
1A
100
AcDbEntity
  8
BLACK
  6
CONTINUOUS
100
AcDbLine
 10
2.1825196850393702
 20
2.1535826771653541
 30
0
 11
2.2809448818897637
 21
2.1535826771653541
 31
0
  0
LINE
  5
8FA
330
1A
100
AcDbEntity
  8
BLACK
  6
CONTINUOUS
100
AcDbLine
 10
2.2809448818897637
 20
2.1535826771653541
 30
0
 11
2.2813215354330709
 21
2.1535077559055118
 31
0
  0
LINE
  5
8FB
330
1A
100
AcDbEntity
  8
BLACK
  6
CONTINUOUS
100
AcDbLine
 10
2.1835039370078739
 20
2.1516141732283462
 30
0
 11
2.1835039370078739
 21
2.0236614173228347
 31
0
  0
LINE
  5
8FC
330
1A
100
AcDbEntity
  8
BLACK
  6
CONTINUOUS
100
AcDbLine
 10
2.1835039370078739
 20
2.0236614173228347
 30
0
 11
2.2799606299212596
 21
2.0236614173228347
 31
0
  0
LINE
  5
8FD
330
1A
100
AcDbEntity
  8
BLACK
  6
CONTINUOUS
100
AcDbLine
 10
2.2799606299212596
 20
2.0236614173228347
 30
0
 11
2.2799606299212596
 21
2.1516141732283462
 31
0
  0
LINE
  5
8FE
330
1A
100
AcDbEntity
  8
BLACK
  6
CONTINUOUS
100
AcDbLine
 10
2.2799606299212596
 20
2.1516141732283462
 30
0
 11
2.1835039370078739
 21
2.1516141732283462
 31
0
  0
LINE
  5
8FF
330
1A
100
AcDbEntity
  8
BLACK
  6
CONTINUOUS
100
AcDbLine
 10
3.1986443700787399
 20
2.1485471259842521
 30
0
 11
3.1991770472440946
 21
2.1480144488188975
 31
0
  0
LINE
  5
900
330
1A
100
AcDbEntity
  8
BLACK
  6
CONTINUOUS
100
AcDbLine
 10
3.1991770472440946
 20
2.1480144488188975
 30
0
 11
3.1992519685039369
 21
2.1476377952755903
 31
0
  0
LINE
  5
901
330
1A
100
AcDbEntity
  8
BLACK
  6
CONTINUOUS
100
AcDbLine
 10
3.1992519685039369
 20
2.1476377952755903
 30
0
 11
3.1992519685039369
 21
2.0492125984251968
 31
0
  0
LINE
  5
902
330
1A
100
AcDbEntity
  8
BLACK
  6
CONTINUOUS
100
AcDbLine
 10
3.1992519685039369
 20
2.0492125984251968
 30
0
 11
3.1991770472440946
 21
2.0488359448818896
 31
0
  0
LINE
  5
903
330
1A
100
AcDbEntity
  8
BLACK
  6
CONTINUOUS
100
AcDbLine
 10
3.1991770472440946
 20
2.0488359448818896
 30
0
 11
3.1986443700787399
 21
2.0483032677165354
 31
0
  0
LINE
  5
904
330
1A
100
AcDbEntity
  8
BLACK
  6
CONTINUOUS
100
AcDbLine
 10
3.1986443700787399
 20
2.0483032677165354
 30
0
 11
3.1982677165354332
 21
2.048228346456693
 31
0
  0
LINE
  5
905
330
1A
100
AcDbEntity
  8
BLACK
  6
CONTINUOUS
100
AcDbLine
 10
3.1982677165354332
 20
2.048228346456693
 30
0
 11
3.0171653543307086
 21
2.048228346456693
 31
0
  0
LINE
  5
906
330
1A
100
AcDbEntity
  8
BLACK
  6
CONTINUOUS
100
AcDbLine
 10
3.0171653543307086
 20
2.048228346456693
 30
0
 11
3.0167887007874015
 21
2.0483032677165354
 31
0
  0
LINE
  5
907
330
1A
100
AcDbEntity
  8
BLACK
  6
CONTINUOUS
100
AcDbLine
 10
3.0167887007874015
 20
2.0483032677165354
 30
0
 11
3.0162560236220473
 21
2.0488359448818896
 31
0
  0
LINE
  5
908
330
1A
100
AcDbEntity
  8
BLACK
  6
CONTINUOUS
100
AcDbLine
 10
3.0162560236220473
 20
2.0488359448818896
 30
0
 11
3.0161811023622045
 21
2.0492125984251968
 31
0
  0
LINE
  5
909
330
1A
100
AcDbEntity
  8
BLACK
  6
CONTINUOUS
100
AcDbLine
 10
3.0161811023622045
 20
2.0492125984251968
 30
0
 11
3.0161811023622045
 21
2.1476377952755903
 31
0
  0
LINE
  5
90A
330
1A
100
AcDbEntity
  8
BLACK
  6
CONTINUOUS
100
AcDbLine
 10
3.0161811023622045
 20
2.1476377952755903
 30
0
 11
3.0162560236220473
 21
2.1480144488188975
 31
0
  0
LINE
  5
90B
330
1A
100
AcDbEntity
  8
BLACK
  6
CONTINUOUS
100
AcDbLine
 10
3.0162560236220473
 20
2.1480144488188975
 30
0
 11
3.0167887007874015
 21
2.1485471259842521
 31
0
  0
LINE
  5
90C
330
1A
100
AcDbEntity
  8
BLACK
  6
CONTINUOUS
100
AcDbLine
 10
3.0167887007874015
 20
2.1485471259842521
 30
0
 11
3.0171653543307086
 21
2.1486220472440944
 31
0
  0
LINE
  5
90D
330
1A
100
AcDbEntity
  8
BLACK
  6
CONTINUOUS
100
AcDbLine
 10
3.0171653543307086
 20
2.1486220472440944
 30
0
 11
3.1982677165354332
 21
2.1486220472440944
 31
0
  0
LINE
  5
90E
330
1A
100
AcDbEntity
  8
BLACK
  6
CONTINUOUS
100
AcDbLine
 10
3.1982677165354332
 20
2.1486220472440944
 30
0
 11
3.1986443700787399
 21
2.1485471259842521
 31
0
  0
LINE
  5
90F
330
1A
100
AcDbEntity
  8
BLACK
  6
CONTINUOUS
100
AcDbLine
 10
3.0181496062992124
 20
2.1466535433070866
 30
0
 11
3.0181496062992124
 21
2.0501968503937009
 31
0
  0
LINE
  5
910
330
1A
100
AcDbEntity
  8
BLACK
  6
CONTINUOUS
100
AcDbLine
 10
3.0181496062992124
 20
2.0501968503937009
 30
0
 11
3.197283464566929
 21
2.0501968503937009
 31
0
  0
LINE
  5
911
330
1A
100
AcDbEntity
  8
BLACK
  6
CONTINUOUS
100
AcDbLine
 10
3.197283464566929
 20
2.0501968503937009
 30
0
 11
3.197283464566929
 21
2.1466535433070866
 31
0
  0
LINE
  5
912
330
1A
100
AcDbEntity
  8
BLACK
  6
CONTINUOUS
100
AcDbLine
 10
3.197283464566929
 20
2.1466535433070866
 30
0
 11
3.0181496062992124
 21
2.1466535433070866
 31
0
  0
LINE
  5
913
330
1A
100
AcDbEntity
  8
BLACK
  6
CONTINUOUS
100
AcDbLine
 10
4.2608490944881892
 20
2.1573502755905509
 30
0
 11
4.2613817716535429
 21
2.1568175984251967
 31
0
  0
LINE
  5
914
330
1A
100
AcDbEntity
  8
BLACK
  6
CONTINUOUS
100
AcDbLine
 10
4.2613817716535429
 20
2.1568175984251967
 30
0
 11
4.2614566929133861
 21
2.1564409448818895
 31
0
  0
LINE
  5
915
330
1A
100
AcDbEntity
  8
BLACK
  6
CONTINUOUS
100
AcDbLine
 10
4.2614566929133861
 20
2.1564409448818895
 30
0
 11
4.2614566929133861
 21
2.0792755905511813
 31
0
  0
LINE
  5
916
330
1A
100
AcDbEntity
  8
BLACK
  6
CONTINUOUS
100
AcDbLine
 10
4.2614566929133861
 20
2.0792755905511813
 30
0
 11
4.2613817716535429
 21
2.0788989370078741
 31
0
  0
LINE
  5
917
330
1A
100
AcDbEntity
  8
BLACK
  6
CONTINUOUS
100
AcDbLine
 10
4.2613817716535429
 20
2.0788989370078741
 30
0
 11
4.2608490944881892
 21
2.0783662598425194
 31
0
  0
LINE
  5
918
330
1A
100
AcDbEntity
  8
BLACK
  6
CONTINUOUS
100
AcDbLine
 10
4.2608490944881892
 20
2.0783662598425194
 30
0
 11
4.2604724409448815
 21
2.0782913385826771
 31
0
  0
LINE
  5
919
330
1A
100
AcDbEntity
  8
BLACK
  6
CONTINUOUS
100
AcDbLine
 10
4.2604724409448815
 20
2.0782913385826771
 30
0
 11
4.1266141732283463
 21
2.0782913385826771
 31
0
  0
LINE
  5
91A
330
1A
100
AcDbEntity
  8
BLACK
  6
CONTINUOUS
100
AcDbLine
 10
4.1266141732283463
 20
2.0782913385826771
 30
0
 11
4.1262375196850396
 21
2.0783662598425194
 31
0
  0
LINE
  5
91B
330
1A
100
AcDbEntity
  8
BLACK
  6
CONTINUOUS
100
AcDbLine
 10
4.1262375196850396
 20
2.0783662598425194
 30
0
 11
4.1257048425196849
 21
2.0788989370078741
 31
0
  0
LINE
  5
91C
330
1A
100
AcDbEntity
  8
BLACK
  6
CONTINUOUS
100
AcDbLine
 10
4.1257048425196849
 20
2.0788989370078741
 30
0
 11
4.1256299212598426
 21
2.0792755905511813
 31
0
  0
LINE
  5
91D
330
1A
100
AcDbEntity
  8
BLACK
  6
CONTINUOUS
100
AcDbLine
 10
4.1256299212598426
 20
2.0792755905511813
 30
0
 11
4.1256299212598426
 21
2.1564409448818895
 31
0
  0
LINE
  5
91E
330
1A
100
AcDbEntity
  8
BLACK
  6
CONTINUOUS
100
AcDbLine
 10
4.1256299212598426
 20
2.1564409448818895
 30
0
 11
4.1257048425196849
 21
2.1568175984251967
 31
0
  0
LINE
  5
91F
330
1A
100
AcDbEntity
  8
BLACK
  6
CONTINUOUS
100
AcDbLine
 10
4.1257048425196849
 20
2.1568175984251967
 30
0
 11
4.1262375196850396
 21
2.1573502755905509
 31
0
  0
LINE
  5
920
330
1A
100
AcDbEntity
  8
BLACK
  6
CONTINUOUS
100
AcDbLine
 10
4.1262375196850396
 20
2.1573502755905509
 30
0
 11
4.1266141732283463
 21
2.1574251968503937
 31
0
  0
LINE
  5
921
330
1A
100
AcDbEntity
  8
BLACK
  6
CONTINUOUS
100
AcDbLine
 10
4.1266141732283463
 20
2.1574251968503937
 30
0
 11
4.2604724409448815
 21
2.1574251968503937
 31
0
  0
LINE
  5
922
330
1A
100
AcDbEntity
  8
BLACK
  6
CONTINUOUS
100
AcDbLine
 10
4.2604724409448815
 20
2.1574251968503937
 30
0
 11
4.2608490944881892
 21
2.1573502755905509
 31
0
  0
LINE
  5
923
330
1A
100
AcDbEntity
  8
BLACK
  6
CONTINUOUS
100
AcDbLine
 10
4.1275984251968501
 20
2.1554566929133858
 30
0
 11
4.1275984251968501
 21
2.080259842519685
 31
0
  0
LINE
  5
924
330
1A
100
AcDbEntity
  8
BLACK
  6
CONTINUOUS
100
AcDbLine
 10
4.1275984251968501
 20
2.080259842519685
 30
0
 11
4.2594881889763778
 21
2.080259842519685
 31
0
  0
LINE
  5
925
330
1A
100
AcDbEntity
  8
BLACK
  6
CONTINUOUS
100
AcDbLine
 10
4.2594881889763778
 20
2.080259842519685
 30
0
 11
4.2594881889763778
 21
2.1554566929133858
 31
0
  0
LINE
  5
926
330
1A
100
AcDbEntity
  8
BLACK
  6
CONTINUOUS
100
AcDbLine
 10
4.2594881889763778
 20
2.1554566929133858
 30
0
 11
4.1275984251968501
 21
2.1554566929133858
 31
0
  0
LINE
  5
927
330
1A
100
AcDbEntity
  8
BLACK
  6
CONTINUOUS
100
AcDbLine
 10
4.3423215354330704
 20
2.2319093307086613
 30
0
 11
4.3428542125984251
 21
2.2313766535433071
 31
0
  0
LINE
  5
928
330
1A
100
AcDbEntity
  8
BLACK
  6
CONTINUOUS
100
AcDbLine
 10
4.3428542125984251
 20
2.2313766535433071
 30
0
 11
4.3429291338582674
 21
2.2309999999999999
 31
0
  0
LINE
  5
929
330
1A
100
AcDbEntity
  8
BLACK
  6
CONTINUOUS
100
AcDbLine
 10
4.3429291338582674
 20
2.2309999999999999
 30
0
 11
4.3429291338582674
 21
2.0987165354330708
 31
0
  0
LINE
  5
92A
330
1A
100
AcDbEntity
  8
BLACK
  6
CONTINUOUS
100
AcDbLine
 10
4.3429291338582674
 20
2.0987165354330708
 30
0
 11
4.3428542125984251
 21
2.0983398818897636
 31
0
  0
LINE
  5
92B
330
1A
100
AcDbEntity
  8
BLACK
  6
CONTINUOUS
100
AcDbLine
 10
4.3428542125984251
 20
2.0983398818897636
 30
0
 11
4.3423215354330704
 21
2.0978072047244094
 31
0
  0
LINE
  5
92C
330
1A
100
AcDbEntity
  8
BLACK
  6
CONTINUOUS
100
AcDbLine
 10
4.3423215354330704
 20
2.0978072047244094
 30
0
 11
4.3419448818897637
 21
2.0977322834645671
 31
0
  0
LINE
  5
92D
330
1A
100
AcDbEntity
  8
BLACK
  6
CONTINUOUS
100
AcDbLine
 10
4.3419448818897637
 20
2.0977322834645671
 30
0
 11
4.2671417322834646
 21
2.0977322834645671
 31
0
  0
LINE
  5
92E
330
1A
100
AcDbEntity
  8
BLACK
  6
CONTINUOUS
100
AcDbLine
 10
4.2671417322834646
 20
2.0977322834645671
 30
0
 11
4.266765078740157
 21
2.0978072047244094
 31
0
  0
LINE
  5
92F
330
1A
100
AcDbEntity
  8
BLACK
  6
CONTINUOUS
100
AcDbLine
 10
4.266765078740157
 20
2.0978072047244094
 30
0
 11
4.2662324015748032
 21
2.0983398818897636
 31
0
  0
LINE
  5
930
330
1A
100
AcDbEntity
  8
BLACK
  6
CONTINUOUS
100
AcDbLine
 10
4.2662324015748032
 20
2.0983398818897636
 30
0
 11
4.2661574803149609
 21
2.0987165354330708
 31
0
  0
LINE
  5
931
330
1A
100
AcDbEntity
  8
BLACK
  6
CONTINUOUS
100
AcDbLine
 10
4.2661574803149609
 20
2.0987165354330708
 30
0
 11
4.2661574803149609
 21
2.2309999999999999
 31
0
  0
LINE
  5
932
330
1A
100
AcDbEntity
  8
BLACK
  6
CONTINUOUS
100
AcDbLine
 10
4.2661574803149609
 20
2.2309999999999999
 30
0
 11
4.2662324015748032
 21
2.2313766535433071
 31
0
  0
LINE
  5
933
330
1A
100
AcDbEntity
  8
BLACK
  6
CONTINUOUS
100
AcDbLine
 10
4.2662324015748032
 20
2.2313766535433071
 30
0
 11
4.266765078740157
 21
2.2319093307086613
 31
0
  0
LINE
  5
934
330
1A
100
AcDbEntity
  8
BLACK
  6
CONTINUOUS
100
AcDbLine
 10
4.266765078740157
 20
2.2319093307086613
 30
0
 11
4.2671417322834646
 21
2.231984251968504
 31
0
  0
LINE
  5
935
330
1A
100
AcDbEntity
  8
BLACK
  6
CONTINUOUS
100
AcDbLine
 10
4.2671417322834646
 20
2.231984251968504
 30
0
 11
4.3419448818897637
 21
2.231984251968504
 31
0
  0
LINE
  5
936
330
1A
100
AcDbEntity
  8
BLACK
  6
CONTINUOUS
100
AcDbLine
 10
4.3419448818897637
 20
2.231984251968504
 30
0
 11
4.3423215354330704
 21
2.2319093307086613
 31
0
  0
LINE
  5
937
330
1A
100
AcDbEntity
  8
BLACK
  6
CONTINUOUS
100
AcDbLine
 10
4.2681259842519683
 20
2.2300157480314962
 30
0
 11
4.2681259842519683
 21
2.099700787401575
 31
0
  0
LINE
  5
938
330
1A
100
AcDbEntity
  8
BLACK
  6
CONTINUOUS
100
AcDbLine
 10
4.2681259842519683
 20
2.099700787401575
 30
0
 11
4.34096062992126
 21
2.099700787401575
 31
0
  0
LINE
  5
939
330
1A
100
AcDbEntity
  8
BLACK
  6
CONTINUOUS
100
AcDbLine
 10
4.34096062992126
 20
2.099700787401575
 30
0
 11
4.34096062992126
 21
2.2300157480314962
 31
0
  0
LINE
  5
93A
330
1A
100
AcDbEntity
  8
BLACK
  6
CONTINUOUS
100
AcDbLine
 10
4.34096062992126
 20
2.2300157480314962
 30
0
 11
4.2681259842519683
 21
2.2300157480314962
 31
0
  0
LINE
  5
93B
330
1A
100
AcDbEntity
  8
BLACK
  6
CONTINUOUS
100
AcDbLine
 10
1.4490210236220473
 20
2.2183934645669292
 30
0
 11
1.450086377952756
 21
2.2173281102362203
 31
0
  0
LINE
  5
93C
330
1A
100
AcDbEntity
  8
BLACK
  6
CONTINUOUS
100
AcDbLine
 10
1.450086377952756
 20
2.2173281102362203
 30
0
 11
1.4502362204724408
 21
2.2165748031496064
 31
0
  0
LINE
  5
93D
330
1A
100
AcDbEntity
  8
BLACK
  6
CONTINUOUS
100
AcDbLine
 10
1.4502362204724408
 20
2.2165748031496064
 30
0
 11
1.4502362204724408
 21
2.1024015748031495
 31
0
  0
LINE
  5
93E
330
1A
100
AcDbEntity
  8
BLACK
  6
CONTINUOUS
100
AcDbLine
 10
1.4502362204724408
 20
2.1024015748031495
 30
0
 11
1.450086377952756
 21
2.1016482677165356
 31
0
  0
LINE
  5
93F
330
1A
100
AcDbEntity
  8
BLACK
  6
CONTINUOUS
100
AcDbLine
 10
1.450086377952756
 20
2.1016482677165356
 30
0
 11
1.4490210236220473
 21
2.1005829133858267
 31
0
  0
LINE
  5
940
330
1A
100
AcDbEntity
  8
BLACK
  6
CONTINUOUS
100
AcDbLine
 10
1.4490210236220473
 20
2.1005829133858267
 30
0
 11
1.448267716535433
 21
2.1004330708661416
 31
0
  0
LINE
  5
941
330
1A
100
AcDbEntity
  8
BLACK
  6
CONTINUOUS
100
AcDbLine
 10
1.448267716535433
 20
2.1004330708661416
 30
0
 11
1.2986614173228346
 21
2.1004330708661416
 31
0
  0
LINE
  5
942
330
1A
100
AcDbEntity
  8
BLACK
  6
CONTINUOUS
100
AcDbLine
 10
1.2986614173228346
 20
2.1004330708661416
 30
0
 11
1.2979081102362204
 21
2.1005829133858267
 31
0
  0
LINE
  5
943
330
1A
100
AcDbEntity
  8
BLACK
  6
CONTINUOUS
100
AcDbLine
 10
1.2979081102362204
 20
2.1005829133858267
 30
0
 11
1.2968427559055118
 21
2.1016482677165356
 31
0
  0
LINE
  5
944
330
1A
100
AcDbEntity
  8
BLACK
  6
CONTINUOUS
100
AcDbLine
 10
1.2968427559055118
 20
2.1016482677165356
 30
0
 11
1.2966929133858267
 21
2.1024015748031495
 31
0
  0
LINE
  5
945
330
1A
100
AcDbEntity
  8
BLACK
  6
CONTINUOUS
100
AcDbLine
 10
1.2966929133858267
 20
2.1024015748031495
 30
0
 11
1.2966929133858267
 21
2.2165748031496064
 31
0
  0
LINE
  5
946
330
1A
100
AcDbEntity
  8
BLACK
  6
CONTINUOUS
100
AcDbLine
 10
1.2966929133858267
 20
2.2165748031496064
 30
0
 11
1.2968427559055118
 21
2.2173281102362203
 31
0
  0
LINE
  5
947
330
1A
100
AcDbEntity
  8
BLACK
  6
CONTINUOUS
100
AcDbLine
 10
1.2968427559055118
 20
2.2173281102362203
 30
0
 11
1.2979081102362204
 21
2.2183934645669292
 31
0
  0
LINE
  5
948
330
1A
100
AcDbEntity
  8
BLACK
  6
CONTINUOUS
100
AcDbLine
 10
1.2979081102362204
 20
2.2183934645669292
 30
0
 11
1.2986614173228346
 21
2.2185433070866143
 31
0
  0
LINE
  5
949
330
1A
100
AcDbEntity
  8
BLACK
  6
CONTINUOUS
100
AcDbLine
 10
1.2986614173228346
 20
2.2185433070866143
 30
0
 11
1.448267716535433
 21
2.2185433070866143
 31
0
  0
LINE
  5
94A
330
1A
100
AcDbEntity
  8
BLACK
  6
CONTINUOUS
100
AcDbLine
 10
1.448267716535433
 20
2.2185433070866143
 30
0
 11
1.4490210236220473
 21
2.2183934645669292
 31
0
  0
LINE
  5
94B
330
1A
100
AcDbEntity
  8
BLACK
  6
CONTINUOUS
100
AcDbLine
 10
1.3006299212598424
 20
2.2146062992125986
 30
0
 11
1.3006299212598424
 21
2.1043700787401574
 31
0
  0
LINE
  5
94C
330
1A
100
AcDbEntity
  8
BLACK
  6
CONTINUOUS
100
AcDbLine
 10
1.3006299212598424
 20
2.1043700787401574
 30
0
 11
1.4462992125984251
 21
2.1043700787401574
 31
0
  0
LINE
  5
94D
330
1A
100
AcDbEntity
  8
BLACK
  6
CONTINUOUS
100
AcDbLine
 10
1.4462992125984251
 20
2.1043700787401574
 30
0
 11
1.4462992125984251
 21
2.2146062992125986
 31
0
  0
LINE
  5
94E
330
1A
100
AcDbEntity
  8
BLACK
  6
CONTINUOUS
100
AcDbLine
 10
1.4462992125984251
 20
2.2146062992125986
 30
0
 11
1.3006299212598424
 21
2.2146062992125986
 31
0
  0
LINE
  5
94F
330
1A
100
AcDbEntity
  8
BLACK
  6
CONTINUOUS
100
AcDbLine
 10
1.7324855905511811
 20
2.2183934645669292
 30
0
 11
1.7335509448818898
 21
2.2173281102362203
 31
0
  0
LINE
  5
950
330
1A
100
AcDbEntity
  8
BLACK
  6
CONTINUOUS
100
AcDbLine
 10
1.7335509448818898
 20
2.2173281102362203
 30
0
 11
1.7337007874015748
 21
2.2165748031496064
 31
0
  0
LINE
  5
951
330
1A
100
AcDbEntity
  8
BLACK
  6
CONTINUOUS
100
AcDbLine
 10
1.7337007874015748
 20
2.2165748031496064
 30
0
 11
1.7337007874015748
 21
2.1024015748031495
 31
0
  0
LINE
  5
952
330
1A
100
AcDbEntity
  8
BLACK
  6
CONTINUOUS
100
AcDbLine
 10
1.7337007874015748
 20
2.1024015748031495
 30
0
 11
1.7335509448818898
 21
2.1016482677165356
 31
0
  0
LINE
  5
953
330
1A
100
AcDbEntity
  8
BLACK
  6
CONTINUOUS
100
AcDbLine
 10
1.7335509448818898
 20
2.1016482677165356
 30
0
 11
1.7324855905511811
 21
2.1005829133858267
 31
0
  0
LINE
  5
954
330
1A
100
AcDbEntity
  8
BLACK
  6
CONTINUOUS
100
AcDbLine
 10
1.7324855905511811
 20
2.1005829133858267
 30
0
 11
1.731732283464567
 21
2.1004330708661416
 31
0
  0
LINE
  5
955
330
1A
100
AcDbEntity
  8
BLACK
  6
CONTINUOUS
100
AcDbLine
 10
1.731732283464567
 20
2.1004330708661416
 30
0
 11
1.5821259842519684
 21
2.1004330708661416
 31
0
  0
LINE
  5
956
330
1A
100
AcDbEntity
  8
BLACK
  6
CONTINUOUS
100
AcDbLine
 10
1.5821259842519684
 20
2.1004330708661416
 30
0
 11
1.5813726771653542
 21
2.1005829133858267
 31
0
  0
LINE
  5
957
330
1A
100
AcDbEntity
  8
BLACK
  6
CONTINUOUS
100
AcDbLine
 10
1.5813726771653542
 20
2.1005829133858267
 30
0
 11
1.5803073228346456
 21
2.1016482677165356
 31
0
  0
LINE
  5
958
330
1A
100
AcDbEntity
  8
BLACK
  6
CONTINUOUS
100
AcDbLine
 10
1.5803073228346456
 20
2.1016482677165356
 30
0
 11
1.5801574803149605
 21
2.1024015748031495
 31
0
  0
LINE
  5
959
330
1A
100
AcDbEntity
  8
BLACK
  6
CONTINUOUS
100
AcDbLine
 10
1.5801574803149605
 20
2.1024015748031495
 30
0
 11
1.5801574803149605
 21
2.2165748031496064
 31
0
  0
LINE
  5
95A
330
1A
100
AcDbEntity
  8
BLACK
  6
CONTINUOUS
100
AcDbLine
 10
1.5801574803149605
 20
2.2165748031496064
 30
0
 11
1.5803073228346456
 21
2.2173281102362203
 31
0
  0
LINE
  5
95B
330
1A
100
AcDbEntity
  8
BLACK
  6
CONTINUOUS
100
AcDbLine
 10
1.5803073228346456
 20
2.2173281102362203
 30
0
 11
1.5813726771653542
 21
2.2183934645669292
 31
0
  0
LINE
  5
95C
330
1A
100
AcDbEntity
  8
BLACK
  6
CONTINUOUS
100
AcDbLine
 10
1.5813726771653542
 20
2.2183934645669292
 30
0
 11
1.5821259842519684
 21
2.2185433070866143
 31
0
  0
LINE
  5
95D
330
1A
100
AcDbEntity
  8
BLACK
  6
CONTINUOUS
100
AcDbLine
 10
1.5821259842519684
 20
2.2185433070866143
 30
0
 11
1.731732283464567
 21
2.2185433070866143
 31
0
  0
LINE
  5
95E
330
1A
100
AcDbEntity
  8
BLACK
  6
CONTINUOUS
100
AcDbLine
 10
1.731732283464567
 20
2.2185433070866143
 30
0
 11
1.7324855905511811
 21
2.2183934645669292
 31
0
  0
LINE
  5
95F
330
1A
100
AcDbEntity
  8
BLACK
  6
CONTINUOUS
100
AcDbLine
 10
1.5840944881889762
 20
2.2146062992125986
 30
0
 11
1.5840944881889762
 21
2.1043700787401574
 31
0
  0
LINE
  5
960
330
1A
100
AcDbEntity
  8
BLACK
  6
CONTINUOUS
100
AcDbLine
 10
1.5840944881889762
 20
2.1043700787401574
 30
0
 11
1.7297637795275591
 21
2.1043700787401574
 31
0
  0
LINE
  5
961
330
1A
100
AcDbEntity
  8
BLACK
  6
CONTINUOUS
100
AcDbLine
 10
1.7297637795275591
 20
2.1043700787401574
 30
0
 11
1.7297637795275591
 21
2.2146062992125986
 31
0
  0
LINE
  5
962
330
1A
100
AcDbEntity
  8
BLACK
  6
CONTINUOUS
100
AcDbLine
 10
1.7297637795275591
 20
2.2146062992125986
 30
0
 11
1.5840944881889762
 21
2.2146062992125986
 31
0
  0
LINE
  5
963
330
1A
100
AcDbEntity
  8
BLACK
  6
CONTINUOUS
100
AcDbLine
 10
1.2202979133858267
 20
2.2440589370078738
 30
0
 11
1.2208305905511811
 21
2.2435262598425196
 31
0
  0
LINE
  5
964
330
1A
100
AcDbEntity
  8
BLACK
  6
CONTINUOUS
100
AcDbLine
 10
1.2208305905511811
 20
2.2435262598425196
 30
0
 11
1.2209055118110237
 21
2.2431496062992125
 31
0
  0
LINE
  5
965
330
1A
100
AcDbEntity
  8
BLACK
  6
CONTINUOUS
100
AcDbLine
 10
1.2209055118110237
 20
2.2431496062992125
 30
0
 11
1.2209055118110237
 21
2.1092913385826773
 31
0
  0
LINE
  5
966
330
1A
100
AcDbEntity
  8
BLACK
  6
CONTINUOUS
100
AcDbLine
 10
1.2209055118110237
 20
2.1092913385826773
 30
0
 11
1.2208305905511811
 21
2.1089146850393701
 31
0
  0
LINE
  5
967
330
1A
100
AcDbEntity
  8
BLACK
  6
CONTINUOUS
100
AcDbLine
 10
1.2208305905511811
 20
2.1089146850393701
 30
0
 11
1.2202979133858267
 21
2.1083820078740159
 31
0
  0
LINE
  5
968
330
1A
100
AcDbEntity
  8
BLACK
  6
CONTINUOUS
100
AcDbLine
 10
1.2202979133858267
 20
2.1083820078740159
 30
0
 11
1.2199212598425198
 21
2.1083070866141731
 31
0
  0
LINE
  5
969
330
1A
100
AcDbEntity
  8
BLACK
  6
CONTINUOUS
100
AcDbLine
 10
1.2199212598425198
 20
2.1083070866141731
 30
0
 11
1.1175590551181103
 21
2.1083070866141731
 31
0
  0
LINE
  5
96A
330
1A
100
AcDbEntity
  8
BLACK
  6
CONTINUOUS
100
AcDbLine
 10
1.1175590551181103
 20
2.1083070866141731
 30
0
 11
1.1171824015748031
 21
2.1083820078740159
 31
0
  0
LINE
  5
96B
330
1A
100
AcDbEntity
  8
BLACK
  6
CONTINUOUS
100
AcDbLine
 10
1.1171824015748031
 20
2.1083820078740159
 30
0
 11
1.1166497244094489
 21
2.1089146850393701
 31
0
  0
LINE
  5
96C
330
1A
100
AcDbEntity
  8
BLACK
  6
CONTINUOUS
100
AcDbLine
 10
1.1166497244094489
 20
2.1089146850393701
 30
0
 11
1.1165748031496063
 21
2.1092913385826773
 31
0
  0
LINE
  5
96D
330
1A
100
AcDbEntity
  8
BLACK
  6
CONTINUOUS
100
AcDbLine
 10
1.1165748031496063
 20
2.1092913385826773
 30
0
 11
1.1165748031496063
 21
2.2431496062992125
 31
0
  0
LINE
  5
96E
330
1A
100
AcDbEntity
  8
BLACK
  6
CONTINUOUS
100
AcDbLine
 10
1.1165748031496063
 20
2.2431496062992125
 30
0
 11
1.1166497244094489
 21
2.2435262598425196
 31
0
  0
LINE
  5
96F
330
1A
100
AcDbEntity
  8
BLACK
  6
CONTINUOUS
100
AcDbLine
 10
1.1166497244094489
 20
2.2435262598425196
 30
0
 11
1.1171824015748031
 21
2.2440589370078738
 31
0
  0
LINE
  5
970
330
1A
100
AcDbEntity
  8
BLACK
  6
CONTINUOUS
100
AcDbLine
 10
1.1171824015748031
 20
2.2440589370078738
 30
0
 11
1.1175590551181103
 21
2.2441338582677166
 31
0
  0
LINE
  5
971
330
1A
100
AcDbEntity
  8
BLACK
  6
CONTINUOUS
100
AcDbLine
 10
1.1175590551181103
 20
2.2441338582677166
 30
0
 11
1.2199212598425198
 21
2.2441338582677166
 31
0
  0
LINE
  5
972
330
1A
100
AcDbEntity
  8
BLACK
  6
CONTINUOUS
100
AcDbLine
 10
1.2199212598425198
 20
2.2441338582677166
 30
0
 11
1.2202979133858267
 21
2.2440589370078738
 31
0
  0
LINE
  5
973
330
1A
100
AcDbEntity
  8
BLACK
  6
CONTINUOUS
100
AcDbLine
 10
1.1185433070866142
 20
2.2421653543307087
 30
0
 11
1.1185433070866142
 21
2.110275590551181
 31
0
  0
LINE
  5
974
330
1A
100
AcDbEntity
  8
BLACK
  6
CONTINUOUS
100
AcDbLine
 10
1.1185433070866142
 20
2.110275590551181
 30
0
 11
1.2189370078740158
 21
2.110275590551181
 31
0
  0
LINE
  5
975
330
1A
100
AcDbEntity
  8
BLACK
  6
CONTINUOUS
100
AcDbLine
 10
1.2189370078740158
 20
2.110275590551181
 30
0
 11
1.2189370078740158
 21
2.2421653543307087
 31
0
  0
LINE
  5
976
330
1A
100
AcDbEntity
  8
BLACK
  6
CONTINUOUS
100
AcDbLine
 10
1.2189370078740158
 20
2.2421653543307087
 30
0
 11
1.1185433070866142
 21
2.2421653543307087
 31
0
  0
LINE
  5
977
330
1A
100
AcDbEntity
  8
BLACK
  6
CONTINUOUS
100
AcDbLine
 10
4.0356981889763777
 20
2.2508186614173229
 30
0
 11
4.0367635433070861
 21
2.249753307086614
 31
0
  0
LINE
  5
978
330
1A
100
AcDbEntity
  8
BLACK
  6
CONTINUOUS
100
AcDbLine
 10
4.0367635433070861
 20
2.249753307086614
 30
0
 11
4.0369133858267716
 21
2.2490000000000001
 31
0
  0
LINE
  5
979
330
1A
100
AcDbEntity
  8
BLACK
  6
CONTINUOUS
100
AcDbLine
 10
4.0369133858267716
 20
2.2490000000000001
 30
0
 11
4.0369133858267716
 21
2.116716535433071
 31
0
  0
LINE
  5
97A
330
1A
100
AcDbEntity
  8
BLACK
  6
CONTINUOUS
100
AcDbLine
 10
4.0369133858267716
 20
2.116716535433071
 30
0
 11
4.0367635433070861
 21
2.1159632283464567
 31
0
  0
LINE
  5
97B
330
1A
100
AcDbEntity
  8
BLACK
  6
CONTINUOUS
100
AcDbLine
 10
4.0367635433070861
 20
2.1159632283464567
 30
0
 11
4.0356981889763777
 21
2.1148978740157478
 31
0
  0
LINE
  5
97C
330
1A
100
AcDbEntity
  8
BLACK
  6
CONTINUOUS
100
AcDbLine
 10
4.0356981889763777
 20
2.1148978740157478
 30
0
 11
4.0349448818897633
 21
2.1147480314960632
 31
0
  0
LINE
  5
97D
330
1A
100
AcDbEntity
  8
BLACK
  6
CONTINUOUS
100
AcDbLine
 10
4.0349448818897633
 20
2.1147480314960632
 30
0
 11
3.9601417322834647
 21
2.1147480314960632
 31
0
  0
LINE
  5
97E
330
1A
100
AcDbEntity
  8
BLACK
  6
CONTINUOUS
100
AcDbLine
 10
3.9601417322834647
 20
2.1147480314960632
 30
0
 11
3.9593884251968503
 21
2.1148978740157478
 31
0
  0
LINE
  5
97F
330
1A
100
AcDbEntity
  8
BLACK
  6
CONTINUOUS
100
AcDbLine
 10
3.9593884251968503
 20
2.1148978740157478
 30
0
 11
3.9583230708661414
 21
2.1159632283464567
 31
0
  0
LINE
  5
980
330
1A
100
AcDbEntity
  8
BLACK
  6
CONTINUOUS
100
AcDbLine
 10
3.9583230708661414
 20
2.1159632283464567
 30
0
 11
3.9581732283464568
 21
2.116716535433071
 31
0
  0
LINE
  5
981
330
1A
100
AcDbEntity
  8
BLACK
  6
CONTINUOUS
100
AcDbLine
 10
3.9581732283464568
 20
2.116716535433071
 30
0
 11
3.9581732283464568
 21
2.2490000000000001
 31
0
  0
LINE
  5
982
330
1A
100
AcDbEntity
  8
BLACK
  6
CONTINUOUS
100
AcDbLine
 10
3.9581732283464568
 20
2.2490000000000001
 30
0
 11
3.9583230708661414
 21
2.249753307086614
 31
0
  0
LINE
  5
983
330
1A
100
AcDbEntity
  8
BLACK
  6
CONTINUOUS
100
AcDbLine
 10
3.9583230708661414
 20
2.249753307086614
 30
0
 11
3.9593884251968503
 21
2.2508186614173229
 31
0
  0
LINE
  5
984
330
1A
100
AcDbEntity
  8
BLACK
  6
CONTINUOUS
100
AcDbLine
 10
3.9593884251968503
 20
2.2508186614173229
 30
0
 11
3.9601417322834647
 21
2.250968503937008
 31
0
  0
LINE
  5
985
330
1A
100
AcDbEntity
  8
BLACK
  6
CONTINUOUS
100
AcDbLine
 10
3.9601417322834647
 20
2.250968503937008
 30
0
 11
4.0349448818897633
 21
2.250968503937008
 31
0
  0
LINE
  5
986
330
1A
100
AcDbEntity
  8
BLACK
  6
CONTINUOUS
100
AcDbLine
 10
4.0349448818897633
 20
2.250968503937008
 30
0
 11
4.0356981889763777
 21
2.2508186614173229
 31
0
  0
LINE
  5
987
330
1A
100
AcDbEntity
  8
BLACK
  6
CONTINUOUS
100
AcDbLine
 10
3.9621102362204725
 20
2.2470314960629922
 30
0
 11
3.9621102362204725
 21
2.1186850393700789
 31
0
  0
LINE
  5
988
330
1A
100
AcDbEntity
  8
BLACK
  6
CONTINUOUS
100
AcDbLine
 10
3.9621102362204725
 20
2.1186850393700789
 30
0
 11
4.0329763779527559
 21
2.1186850393700789
 31
0
  0
LINE
  5
989
330
1A
100
AcDbEntity
  8
BLACK
  6
CONTINUOUS
100
AcDbLine
 10
4.0329763779527559
 20
2.1186850393700789
 30
0
 11
4.0329763779527559
 21
2.2470314960629922
 31
0
  0
LINE
  5
98A
330
1A
100
AcDbEntity
  8
BLACK
  6
CONTINUOUS
100
AcDbLine
 10
4.0329763779527559
 20
2.2470314960629922
 30
0
 11
3.9621102362204725
 21
2.2470314960629922
 31
0
  0
LINE
  5
98B
330
1A
100
AcDbEntity
  8
BLACK
  6
CONTINUOUS
100
AcDbLine
 10
4.1185026377952756
 20
2.2746967322834646
 30
0
 11
4.1190353149606302
 21
2.2741640551181104
 31
0
  0
LINE
  5
98C
330
1A
100
AcDbEntity
  8
BLACK
  6
CONTINUOUS
100
AcDbLine
 10
4.1190353149606302
 20
2.2741640551181104
 30
0
 11
4.1191102362204726
 21
2.2737874015748032
 31
0
  0
LINE
  5
98D
330
1A
100
AcDbEntity
  8
BLACK
  6
CONTINUOUS
100
AcDbLine
 10
4.1191102362204726
 20
2.2737874015748032
 30
0
 11
4.1191102362204726
 21
2.1399291338582676
 31
0
  0
LINE
  5
98E
330
1A
100
AcDbEntity
  8
BLACK
  6
CONTINUOUS
100
AcDbLine
 10
4.1191102362204726
 20
2.1399291338582676
 30
0
 11
4.1190353149606302
 21
2.1395524803149604
 31
0
  0
LINE
  5
98F
330
1A
100
AcDbEntity
  8
BLACK
  6
CONTINUOUS
100
AcDbLine
 10
4.1190353149606302
 20
2.1395524803149604
 30
0
 11
4.1185026377952756
 21
2.1390198031496062
 31
0
  0
LINE
  5
990
330
1A
100
AcDbEntity
  8
BLACK
  6
CONTINUOUS
100
AcDbLine
 10
4.1185026377952756
 20
2.1390198031496062
 30
0
 11
4.1181259842519689
 21
2.1389448818897638
 31
0
  0
LINE
  5
991
330
1A
100
AcDbEntity
  8
BLACK
  6
CONTINUOUS
100
AcDbLine
 10
4.1181259842519689
 20
2.1389448818897638
 30
0
 11
4.0409606299212601
 21
2.1389448818897638
 31
0
  0
LINE
  5
992
330
1A
100
AcDbEntity
  8
BLACK
  6
CONTINUOUS
100
AcDbLine
 10
4.0409606299212601
 20
2.1389448818897638
 30
0
 11
4.0405839763779525
 21
2.1390198031496062
 31
0
  0
LINE
  5
993
330
1A
100
AcDbEntity
  8
BLACK
  6
CONTINUOUS
100
AcDbLine
 10
4.0405839763779525
 20
2.1390198031496062
 30
0
 11
4.0400512992125988
 21
2.1395524803149604
 31
0
  0
LINE
  5
994
330
1A
100
AcDbEntity
  8
BLACK
  6
CONTINUOUS
100
AcDbLine
 10
4.0400512992125988
 20
2.1395524803149604
 30
0
 11
4.0399763779527555
 21
2.1399291338582676
 31
0
  0
LINE
  5
995
330
1A
100
AcDbEntity
  8
BLACK
  6
CONTINUOUS
100
AcDbLine
 10
4.0399763779527555
 20
2.1399291338582676
 30
0
 11
4.0399763779527555
 21
2.2737874015748032
 31
0
  0
LINE
  5
996
330
1A
100
AcDbEntity
  8
BLACK
  6
CONTINUOUS
100
AcDbLine
 10
4.0399763779527555
 20
2.2737874015748032
 30
0
 11
4.0400512992125988
 21
2.2741640551181104
 31
0
  0
LINE
  5
997
330
1A
100
AcDbEntity
  8
BLACK
  6
CONTINUOUS
100
AcDbLine
 10
4.0400512992125988
 20
2.2741640551181104
 30
0
 11
4.0405839763779525
 21
2.2746967322834646
 31
0
  0
LINE
  5
998
330
1A
100
AcDbEntity
  8
BLACK
  6
CONTINUOUS
100
AcDbLine
 10
4.0405839763779525
 20
2.2746967322834646
 30
0
 11
4.0409606299212601
 21
2.2747716535433069
 31
0
  0
LINE
  5
999
330
1A
100
AcDbEntity
  8
BLACK
  6
CONTINUOUS
100
AcDbLine
 10
4.0409606299212601
 20
2.2747716535433069
 30
0
 11
4.1181259842519689
 21
2.2747716535433069
 31
0
  0
LINE
  5
99A
330
1A
100
AcDbEntity
  8
BLACK
  6
CONTINUOUS
100
AcDbLine
 10
4.1181259842519689
 20
2.2747716535433069
 30
0
 11
4.1185026377952756
 21
2.2746967322834646
 31
0
  0
LINE
  5
99B
330
1A
100
AcDbEntity
  8
BLACK
  6
CONTINUOUS
100
AcDbLine
 10
4.0419448818897639
 20
2.272803149606299
 30
0
 11
4.0419448818897639
 21
2.1409133858267717
 31
0
  0
LINE
  5
99C
330
1A
100
AcDbEntity
  8
BLACK
  6
CONTINUOUS
100
AcDbLine
 10
4.0419448818897639
 20
2.1409133858267717
 30
0
 11
4.1171417322834643
 21
2.1409133858267717
 31
0
  0
LINE
  5
99D
330
1A
100
AcDbEntity
  8
BLACK
  6
CONTINUOUS
100
AcDbLine
 10
4.1171417322834643
 20
2.1409133858267717
 30
0
 11
4.1171417322834643
 21
2.272803149606299
 31
0
  0
LINE
  5
99E
330
1A
100
AcDbEntity
  8
BLACK
  6
CONTINUOUS
100
AcDbLine
 10
4.1171417322834643
 20
2.272803149606299
 30
0
 11
4.0419448818897639
 21
2.272803149606299
 31
0
  0
LINE
  5
99F
330
1A
100
AcDbEntity
  8
BLACK
  6
CONTINUOUS
100
AcDbLine
 10
3.8872257480314958
 20
2.2222596062992124
 30
0
 11
3.8882911023622047
 21
2.221194251968504
 31
0
  0
LINE
  5
9A0
330
1A
100
AcDbEntity
  8
BLACK
  6
CONTINUOUS
100
AcDbLine
 10
3.8882911023622047
 20
2.221194251968504
 30
0
 11
3.8884409448818897
 21
2.2204409448818896
 31
0
  0
LINE
  5
9A1
330
1A
100
AcDbEntity
  8
BLACK
  6
CONTINUOUS
100
AcDbLine
 10
3.8884409448818897
 20
2.2204409448818896
 30
0
 11
3.8884409448818897
 21
2.1432755905511809
 31
0
  0
LINE
  5
9A2
330
1A
100
AcDbEntity
  8
BLACK
  6
CONTINUOUS
100
AcDbLine
 10
3.8884409448818897
 20
2.1432755905511809
 30
0
 11
3.8882911023622047
 21
2.142522283464567
 31
0
  0
LINE
  5
9A3
330
1A
100
AcDbEntity
  8
BLACK
  6
CONTINUOUS
100
AcDbLine
 10
3.8882911023622047
 20
2.142522283464567
 30
0
 11
3.8872257480314958
 21
2.1414569291338581
 31
0
  0
LINE
  5
9A4
330
1A
100
AcDbEntity
  8
BLACK
  6
CONTINUOUS
100
AcDbLine
 10
3.8872257480314958
 20
2.1414569291338581
 30
0
 11
3.8864724409448819
 21
2.141307086614173
 31
0
  0
LINE
  5
9A5
330
1A
100
AcDbEntity
  8
BLACK
  6
CONTINUOUS
100
AcDbLine
 10
3.8864724409448819
 20
2.141307086614173
 30
0
 11
3.7526141732283462
 21
2.141307086614173
 31
0
  0
LINE
  5
9A6
330
1A
100
AcDbEntity
  8
BLACK
  6
CONTINUOUS
100
AcDbLine
 10
3.7526141732283462
 20
2.141307086614173
 30
0
 11
3.7518608661417323
 21
2.1414569291338581
 31
0
  0
LINE
  5
9A7
330
1A
100
AcDbEntity
  8
BLACK
  6
CONTINUOUS
100
AcDbLine
 10
3.7518608661417323
 20
2.1414569291338581
 30
0
 11
3.7507955118110234
 21
2.142522283464567
 31
0
  0
LINE
  5
9A8
330
1A
100
AcDbEntity
  8
BLACK
  6
CONTINUOUS
100
AcDbLine
 10
3.7507955118110234
 20
2.142522283464567
 30
0
 11
3.7506456692913384
 21
2.1432755905511809
 31
0
  0
LINE
  5
9A9
330
1A
100
AcDbEntity
  8
BLACK
  6
CONTINUOUS
100
AcDbLine
 10
3.7506456692913384
 20
2.1432755905511809
 30
0
 11
3.7506456692913384
 21
2.2204409448818896
 31
0
  0
LINE
  5
9AA
330
1A
100
AcDbEntity
  8
BLACK
  6
CONTINUOUS
100
AcDbLine
 10
3.7506456692913384
 20
2.2204409448818896
 30
0
 11
3.7507955118110234
 21
2.221194251968504
 31
0
  0
LINE
  5
9AB
330
1A
100
AcDbEntity
  8
BLACK
  6
CONTINUOUS
100
AcDbLine
 10
3.7507955118110234
 20
2.221194251968504
 30
0
 11
3.7518608661417323
 21
2.2222596062992124
 31
0
  0
LINE
  5
9AC
330
1A
100
AcDbEntity
  8
BLACK
  6
CONTINUOUS
100
AcDbLine
 10
3.7518608661417323
 20
2.2222596062992124
 30
0
 11
3.7526141732283462
 21
2.2224094488188975
 31
0
  0
LINE
  5
9AD
330
1A
100
AcDbEntity
  8
BLACK
  6
CONTINUOUS
100
AcDbLine
 10
3.7526141732283462
 20
2.2224094488188975
 30
0
 11
3.8864724409448819
 21
2.2224094488188975
 31
0
  0
LINE
  5
9AE
330
1A
100
AcDbEntity
  8
BLACK
  6
CONTINUOUS
100
AcDbLine
 10
3.8864724409448819
 20
2.2224094488188975
 30
0
 11
3.8872257480314958
 21
2.2222596062992124
 31
0
  0
LINE
  5
9AF
330
1A
100
AcDbEntity
  8
BLACK
  6
CONTINUOUS
100
AcDbLine
 10
3.7545826771653541
 20
2.2184724409448817
 30
0
 11
3.7545826771653541
 21
2.1452440944881888
 31
0
  0
LINE
  5
9B0
330
1A
100
AcDbEntity
  8
BLACK
  6
CONTINUOUS
100
AcDbLine
 10
3.7545826771653541
 20
2.1452440944881888
 30
0
 11
3.884503937007874
 21
2.1452440944881888
 31
0
  0
LINE
  5
9B1
330
1A
100
AcDbEntity
  8
BLACK
  6
CONTINUOUS
100
AcDbLine
 10
3.884503937007874
 20
2.1452440944881888
 30
0
 11
3.884503937007874
 21
2.2184724409448817
 31
0
  0
LINE
  5
9B2
330
1A
100
AcDbEntity
  8
BLACK
  6
CONTINUOUS
100
AcDbLine
 10
3.884503937007874
 20
2.2184724409448817
 30
0
 11
3.7545826771653541
 21
2.2184724409448817
 31
0
  0
LINE
  5
9B3
330
1A
100
AcDbEntity
  8
BLACK
  6
CONTINUOUS
100
AcDbLine
 10
4.4303215354330705
 20
2.2879093307086613
 30
0
 11
4.4308542125984252
 21
2.2873766535433071
 31
0
  0
LINE
  5
9B4
330
1A
100
AcDbEntity
  8
BLACK
  6
CONTINUOUS
100
AcDbLine
 10
4.4308542125984252
 20
2.2873766535433071
 30
0
 11
4.4309291338582675
 21
2.2869999999999999
 31
0
  0
LINE
  5
9B5
330
1A
100
AcDbEntity
  8
BLACK
  6
CONTINUOUS
100
AcDbLine
 10
4.4309291338582675
 20
2.2869999999999999
 30
0
 11
4.4309291338582675
 21
2.1547165354330708
 31
0
  0
LINE
  5
9B6
330
1A
100
AcDbEntity
  8
BLACK
  6
CONTINUOUS
100
AcDbLine
 10
4.4309291338582675
 20
2.1547165354330708
 30
0
 11
4.4308542125984252
 21
2.1543398818897637
 31
0
  0
LINE
  5
9B7
330
1A
100
AcDbEntity
  8
BLACK
  6
CONTINUOUS
100
AcDbLine
 10
4.4308542125984252
 20
2.1543398818897637
 30
0
 11
4.4303215354330705
 21
2.1538072047244095
 31
0
  0
LINE
  5
9B8
330
1A
100
AcDbEntity
  8
BLACK
  6
CONTINUOUS
100
AcDbLine
 10
4.4303215354330705
 20
2.1538072047244095
 30
0
 11
4.4299448818897638
 21
2.1537322834645667
 31
0
  0
LINE
  5
9B9
330
1A
100
AcDbEntity
  8
BLACK
  6
CONTINUOUS
100
AcDbLine
 10
4.4299448818897638
 20
2.1537322834645667
 30
0
 11
4.3551417322834647
 21
2.1537322834645667
 31
0
  0
LINE
  5
9BA
330
1A
100
AcDbEntity
  8
BLACK
  6
CONTINUOUS
100
AcDbLine
 10
4.3551417322834647
 20
2.1537322834645667
 30
0
 11
4.3547650787401571
 21
2.1538072047244095
 31
0
  0
LINE
  5
9BB
330
1A
100
AcDbEntity
  8
BLACK
  6
CONTINUOUS
100
AcDbLine
 10
4.3547650787401571
 20
2.1538072047244095
 30
0
 11
4.3542324015748033
 21
2.1543398818897637
 31
0
  0
LINE
  5
9BC
330
1A
100
AcDbEntity
  8
BLACK
  6
CONTINUOUS
100
AcDbLine
 10
4.3542324015748033
 20
2.1543398818897637
 30
0
 11
4.354157480314961
 21
2.1547165354330708
 31
0
  0
LINE
  5
9BD
330
1A
100
AcDbEntity
  8
BLACK
  6
CONTINUOUS
100
AcDbLine
 10
4.354157480314961
 20
2.1547165354330708
 30
0
 11
4.354157480314961
 21
2.2869999999999999
 31
0
  0
LINE
  5
9BE
330
1A
100
AcDbEntity
  8
BLACK
  6
CONTINUOUS
100
AcDbLine
 10
4.354157480314961
 20
2.2869999999999999
 30
0
 11
4.3542324015748033
 21
2.2873766535433071
 31
0
  0
LINE
  5
9BF
330
1A
100
AcDbEntity
  8
BLACK
  6
CONTINUOUS
100
AcDbLine
 10
4.3542324015748033
 20
2.2873766535433071
 30
0
 11
4.3547650787401571
 21
2.2879093307086613
 31
0
  0
LINE
  5
9C0
330
1A
100
AcDbEntity
  8
BLACK
  6
CONTINUOUS
100
AcDbLine
 10
4.3547650787401571
 20
2.2879093307086613
 30
0
 11
4.3551417322834647
 21
2.2879842519685041
 31
0
  0
LINE
  5
9C1
330
1A
100
AcDbEntity
  8
BLACK
  6
CONTINUOUS
100
AcDbLine
 10
4.3551417322834647
 20
2.2879842519685041
 30
0
 11
4.4299448818897638
 21
2.2879842519685041
 31
0
  0
LINE
  5
9C2
330
1A
100
AcDbEntity
  8
BLACK
  6
CONTINUOUS
100
AcDbLine
 10
4.4299448818897638
 20
2.2879842519685041
 30
0
 11
4.4303215354330705
 21
2.2879093307086613
 31
0
  0
LINE
  5
9C3
330
1A
100
AcDbEntity
  8
BLACK
  6
CONTINUOUS
100
AcDbLine
 10
4.3561259842519684
 20
2.2860157480314962
 30
0
 11
4.3561259842519684
 21
2.1557007874015746
 31
0
  0
LINE
  5
9C4
330
1A
100
AcDbEntity
  8
BLACK
  6
CONTINUOUS
100
AcDbLine
 10
4.3561259842519684
 20
2.1557007874015746
 30
0
 11
4.4289606299212601
 21
2.1557007874015746
 31
0
  0
LINE
  5
9C5
330
1A
100
AcDbEntity
  8
BLACK
  6
CONTINUOUS
100
AcDbLine
 10
4.4289606299212601
 20
2.1557007874015746
 30
0
 11
4.4289606299212601
 21
2.2860157480314962
 31
0
  0
LINE
  5
9C6
330
1A
100
AcDbEntity
  8
BLACK
  6
CONTINUOUS
100
AcDbLine
 10
4.4289606299212601
 20
2.2860157480314962
 30
0
 11
4.3561259842519684
 21
2.2860157480314962
 31
0
  0
LINE
  5
9C7
330
1A
100
AcDbEntity
  8
BLACK
  6
CONTINUOUS
100
AcDbLine
 10
3.7048792913385826
 20
2.476606062992126
 30
0
 11
3.705944645669291
 21
2.4755407086614172
 31
0
  0
LINE
  5
9C8
330
1A
100
AcDbEntity
  8
BLACK
  6
CONTINUOUS
100
AcDbLine
 10
3.705944645669291
 20
2.4755407086614172
 30
0
 11
3.7060944881889761
 21
2.4747874015748033
 31
0
  0
LINE
  5
9C9
330
1A
100
AcDbEntity
  8
BLACK
  6
CONTINUOUS
100
AcDbLine
 10
3.7060944881889761
 20
2.4747874015748033
 30
0
 11
3.7060944881889761
 21
2.3409291338582676
 31
0
  0
LINE
  5
9CA
330
1A
100
AcDbEntity
  8
BLACK
  6
CONTINUOUS
100
AcDbLine
 10
3.7060944881889761
 20
2.3409291338582676
 30
0
 11
3.705944645669291
 21
2.3401758267716537
 31
0
  0
LINE
  5
9CB
330
1A
100
AcDbEntity
  8
BLACK
  6
CONTINUOUS
100
AcDbLine
 10
3.705944645669291
 20
2.3401758267716537
 30
0
 11
3.7048792913385826
 21
2.3391104724409448
 31
0
  0
LINE
  5
9CC
330
1A
100
AcDbEntity
  8
BLACK
  6
CONTINUOUS
100
AcDbLine
 10
3.7048792913385826
 20
2.3391104724409448
 30
0
 11
3.7041259842519683
 21
2.3389606299212597
 31
0
  0
LINE
  5
9CD
330
1A
100
AcDbEntity
  8
BLACK
  6
CONTINUOUS
100
AcDbLine
 10
3.7041259842519683
 20
2.3389606299212597
 30
0
 11
3.6697244094488188
 21
2.3389606299212597
 31
0
  0
LINE
  5
9CE
330
1A
100
AcDbEntity
  8
BLACK
  6
CONTINUOUS
100
AcDbLine
 10
3.6697244094488188
 20
2.3389606299212597
 30
0
 11
3.6697244094488188
 21
2.158503937007874
 31
0
  0
LINE
  5
9CF
330
1A
100
AcDbEntity
  8
BLACK
  6
CONTINUOUS
100
AcDbLine
 10
3.6697244094488188
 20
2.158503937007874
 30
0
 11
3.6696494881889765
 21
2.1581272834645668
 31
0
  0
LINE
  5
9D0
330
1A
100
AcDbEntity
  8
BLACK
  6
CONTINUOUS
100
AcDbLine
 10
3.6696494881889765
 20
2.1581272834645668
 30
0
 11
3.6691168110236219
 21
2.1575946062992126
 31
0
  0
LINE
  5
9D1
330
1A
100
AcDbEntity
  8
BLACK
  6
CONTINUOUS
100
AcDbLine
 10
3.6691168110236219
 20
2.1575946062992126
 30
0
 11
3.6687401574803147
 21
2.1575196850393699
 31
0
  0
LINE
  5
9D2
330
1A
100
AcDbEntity
  8
BLACK
  6
CONTINUOUS
100
AcDbLine
 10
3.6687401574803147
 20
2.1575196850393699
 30
0
 11
3.5703149606299212
 21
2.1575196850393699
 31
0
  0
LINE
  5
9D3
330
1A
100
AcDbEntity
  8
BLACK
  6
CONTINUOUS
100
AcDbLine
 10
3.5703149606299212
 20
2.1575196850393699
 30
0
 11
3.569938307086614
 21
2.1575946062992126
 31
0
  0
LINE
  5
9D4
330
1A
100
AcDbEntity
  8
BLACK
  6
CONTINUOUS
100
AcDbLine
 10
3.569938307086614
 20
2.1575946062992126
 30
0
 11
3.5694056299212598
 21
2.1581272834645668
 31
0
  0
LINE
  5
9D5
330
1A
100
AcDbEntity
  8
BLACK
  6
CONTINUOUS
100
AcDbLine
 10
3.5694056299212598
 20
2.1581272834645668
 30
0
 11
3.5693307086614174
 21
2.158503937007874
 31
0
  0
LINE
  5
9D6
330
1A
100
AcDbEntity
  8
BLACK
  6
CONTINUOUS
100
AcDbLine
 10
3.5693307086614174
 20
2.158503937007874
 30
0
 11
3.5693307086614174
 21
2.3396062992125986
 31
0
  0
LINE
  5
9D7
330
1A
100
AcDbEntity
  8
BLACK
  6
CONTINUOUS
100
AcDbLine
 10
3.5693307086614174
 20
2.3396062992125986
 30
0
 11
3.5694056299212598
 21
2.3399829527559053
 31
0
  0
LINE
  5
9D8
330
1A
100
AcDbEntity
  8
BLACK
  6
CONTINUOUS
100
AcDbLine
 10
3.5694056299212598
 20
2.3399829527559053
 30
0
 11
3.569938307086614
 21
2.3405156299212599
 31
0
  0
LINE
  5
9D9
330
1A
100
AcDbEntity
  8
BLACK
  6
CONTINUOUS
100
AcDbLine
 10
3.569938307086614
 20
2.3405156299212599
 30
0
 11
3.5703149606299212
 21
2.3405905511811023
 31
0
  0
LINE
  5
9DA
330
1A
100
AcDbEntity
  8
BLACK
  6
CONTINUOUS
100
AcDbLine
 10
3.5703149606299212
 20
2.3405905511811023
 30
0
 11
3.6250594881889762
 21
2.3405905511811023
 31
0
  0
LINE
  5
9DB
330
1A
100
AcDbEntity
  8
BLACK
  6
CONTINUOUS
100
AcDbLine
 10
3.6250594881889762
 20
2.3405905511811023
 30
0
 11
3.6249921259842517
 21
2.3409291338582676
 31
0
  0
LINE
  5
9DC
330
1A
100
AcDbEntity
  8
BLACK
  6
CONTINUOUS
100
AcDbLine
 10
3.6249921259842517
 20
2.3409291338582676
 30
0
 11
3.6249921259842517
 21
2.4747874015748033
 31
0
  0
LINE
  5
9DD
330
1A
100
AcDbEntity
  8
BLACK
  6
CONTINUOUS
100
AcDbLine
 10
3.6249921259842517
 20
2.4747874015748033
 30
0
 11
3.6251419685039368
 21
2.4755407086614172
 31
0
  0
LINE
  5
9DE
330
1A
100
AcDbEntity
  8
BLACK
  6
CONTINUOUS
100
AcDbLine
 10
3.6251419685039368
 20
2.4755407086614172
 30
0
 11
3.6262073228346456
 21
2.476606062992126
 31
0
  0
LINE
  5
9DF
330
1A
100
AcDbEntity
  8
BLACK
  6
CONTINUOUS
100
AcDbLine
 10
3.6262073228346456
 20
2.476606062992126
 30
0
 11
3.6269606299212596
 21
2.4767559055118111
 31
0
  0
LINE
  5
9E0
330
1A
100
AcDbEntity
  8
BLACK
  6
CONTINUOUS
100
AcDbLine
 10
3.6269606299212596
 20
2.4767559055118111
 30
0
 11
3.7041259842519683
 21
2.4767559055118111
 31
0
  0
LINE
  5
9E1
330
1A
100
AcDbEntity
  8
BLACK
  6
CONTINUOUS
100
AcDbLine
 10
3.7041259842519683
 20
2.4767559055118111
 30
0
 11
3.7048792913385826
 21
2.476606062992126
 31
0
  0
LINE
  5
9E2
330
1A
100
AcDbEntity
  8
BLACK
  6
CONTINUOUS
100
AcDbLine
 10
3.5712992125984253
 20
2.3386220472440944
 30
0
 11
3.5712992125984253
 21
2.1594881889763777
 31
0
  0
LINE
  5
9E3
330
1A
100
AcDbEntity
  8
BLACK
  6
CONTINUOUS
100
AcDbLine
 10
3.5712992125984253
 20
2.1594881889763777
 30
0
 11
3.667755905511811
 21
2.1594881889763777
 31
0
  0
LINE
  5
9E4
330
1A
100
AcDbEntity
  8
BLACK
  6
CONTINUOUS
100
AcDbLine
 10
3.667755905511811
 20
2.1594881889763777
 30
0
 11
3.667755905511811
 21
2.3386220472440944
 31
0
  0
LINE
  5
9E5
330
1A
100
AcDbEntity
  8
BLACK
  6
CONTINUOUS
100
AcDbLine
 10
3.667755905511811
 20
2.3386220472440944
 30
0
 11
3.5712992125984253
 21
2.3386220472440944
 31
0
  0
LINE
  5
9E6
330
1A
100
AcDbEntity
  8
BLACK
  6
CONTINUOUS
100
AcDbLine
 10
3.6289291338582674
 20
2.4728188976377954
 30
0
 11
3.6289291338582674
 21
2.3428976377952755
 31
0
  0
LINE
  5
9E7
330
1A
100
AcDbEntity
  8
BLACK
  6
CONTINUOUS
100
AcDbLine
 10
3.6289291338582674
 20
2.3428976377952755
 30
0
 11
3.7021574803149604
 21
2.3428976377952755
 31
0
  0
LINE
  5
9E8
330
1A
100
AcDbEntity
  8
BLACK
  6
CONTINUOUS
100
AcDbLine
 10
3.7021574803149604
 20
2.3428976377952755
 30
0
 11
3.7021574803149604
 21
2.4728188976377954
 31
0
  0
LINE
  5
9E9
330
1A
100
AcDbEntity
  8
BLACK
  6
CONTINUOUS
100
AcDbLine
 10
3.7021574803149604
 20
2.4728188976377954
 30
0
 11
3.6289291338582674
 21
2.4728188976377954
 31
0
  0
LINE
  5
9EA
330
1A
100
AcDbEntity
  8
BLACK
  6
CONTINUOUS
100
AcDbLine
 10
4.2598490944881888
 20
2.283822716535433
 30
0
 11
4.2603817716535435
 21
2.2832900393700788
 31
0
  0
LINE
  5
9EB
330
1A
100
AcDbEntity
  8
BLACK
  6
CONTINUOUS
100
AcDbLine
 10
4.2603817716535435
 20
2.2832900393700788
 30
0
 11
4.2604566929133858
 21
2.2829133858267716
 31
0
  0
LINE
  5
9EC
330
1A
100
AcDbEntity
  8
BLACK
  6
CONTINUOUS
100
AcDbLine
 10
4.2604566929133858
 20
2.2829133858267716
 30
0
 11
4.2604566929133858
 21
2.1648031496062994
 31
0
  0
LINE
  5
9ED
330
1A
100
AcDbEntity
  8
BLACK
  6
CONTINUOUS
100
AcDbLine
 10
4.2604566929133858
 20
2.1648031496062994
 30
0
 11
4.2603817716535435
 21
2.1644264960629922
 31
0
  0
LINE
  5
9EE
330
1A
100
AcDbEntity
  8
BLACK
  6
CONTINUOUS
100
AcDbLine
 10
4.2603817716535435
 20
2.1644264960629922
 30
0
 11
4.2598490944881888
 21
2.1638938188976375
 31
0
  0
LINE
  5
9EF
330
1A
100
AcDbEntity
  8
BLACK
  6
CONTINUOUS
100
AcDbLine
 10
4.2598490944881888
 20
2.1638938188976375
 30
0
 11
4.2594724409448821
 21
2.1638188976377952
 31
0
  0
LINE
  5
9F0
330
1A
100
AcDbEntity
  8
BLACK
  6
CONTINUOUS
100
AcDbLine
 10
4.2594724409448821
 20
2.1638188976377952
 30
0
 11
4.125614173228346
 21
2.1638188976377952
 31
0
  0
LINE
  5
9F1
330
1A
100
AcDbEntity
  8
BLACK
  6
CONTINUOUS
100
AcDbLine
 10
4.125614173228346
 20
2.1638188976377952
 30
0
 11
4.1252375196850393
 21
2.1638938188976375
 31
0
  0
LINE
  5
9F2
330
1A
100
AcDbEntity
  8
BLACK
  6
CONTINUOUS
100
AcDbLine
 10
4.1252375196850393
 20
2.1638938188976375
 30
0
 11
4.1247048425196846
 21
2.1644264960629922
 31
0
  0
LINE
  5
9F3
330
1A
100
AcDbEntity
  8
BLACK
  6
CONTINUOUS
100
AcDbLine
 10
4.1247048425196846
 20
2.1644264960629922
 30
0
 11
4.1246299212598423
 21
2.1648031496062994
 31
0
  0
LINE
  5
9F4
330
1A
100
AcDbEntity
  8
BLACK
  6
CONTINUOUS
100
AcDbLine
 10
4.1246299212598423
 20
2.1648031496062994
 30
0
 11
4.1246299212598423
 21
2.2829133858267716
 31
0
  0
LINE
  5
9F5
330
1A
100
AcDbEntity
  8
BLACK
  6
CONTINUOUS
100
AcDbLine
 10
4.1246299212598423
 20
2.2829133858267716
 30
0
 11
4.1247048425196846
 21
2.2832900393700788
 31
0
  0
LINE
  5
9F6
330
1A
100
AcDbEntity
  8
BLACK
  6
CONTINUOUS
100
AcDbLine
 10
4.1247048425196846
 20
2.2832900393700788
 30
0
 11
4.1252375196850393
 21
2.283822716535433
 31
0
  0
LINE
  5
9F7
330
1A
100
AcDbEntity
  8
BLACK
  6
CONTINUOUS
100
AcDbLine
 10
4.1252375196850393
 20
2.283822716535433
 30
0
 11
4.125614173228346
 21
2.2838976377952753
 31
0
  0
LINE
  5
9F8
330
1A
100
AcDbEntity
  8
BLACK
  6
CONTINUOUS
100
AcDbLine
 10
4.125614173228346
 20
2.2838976377952753
 30
0
 11
4.2594724409448821
 21
2.2838976377952753
 31
0
  0
LINE
  5
9F9
330
1A
100
AcDbEntity
  8
BLACK
  6
CONTINUOUS
100
AcDbLine
 10
4.2594724409448821
 20
2.2838976377952753
 30
0
 11
4.2598490944881888
 21
2.283822716535433
 31
0
  0
LINE
  5
9FA
330
1A
100
AcDbEntity
  8
BLACK
  6
CONTINUOUS
100
AcDbLine
 10
4.1265984251968506
 20
2.2819291338582675
 30
0
 11
4.1265984251968506
 21
2.1657874015748031
 31
0
  0
LINE
  5
9FB
330
1A
100
AcDbEntity
  8
BLACK
  6
CONTINUOUS
100
AcDbLine
 10
4.1265984251968506
 20
2.1657874015748031
 30
0
 11
4.2584881889763775
 21
2.1657874015748031
 31
0
  0
LINE
  5
9FC
330
1A
100
AcDbEntity
  8
BLACK
  6
CONTINUOUS
100
AcDbLine
 10
4.2584881889763775
 20
2.1657874015748031
 30
0
 11
4.2584881889763775
 21
2.2819291338582675
 31
0
  0
LINE
  5
9FD
330
1A
100
AcDbEntity
  8
BLACK
  6
CONTINUOUS
100
AcDbLine
 10
4.2584881889763775
 20
2.2819291338582675
 30
0
 11
4.1265984251968506
 21
2.2819291338582675
 31
0
  0
LINE
  5
9FE
330
1A
100
AcDbEntity
  8
BLACK
  6
CONTINUOUS
100
AcDbLine
 10
3.7478569685039371
 20
2.300358149606299
 30
0
 11
3.7483896456692913
 21
2.2998254724409448
 31
0
  0
LINE
  5
9FF
330
1A
100
AcDbEntity
  8
BLACK
  6
CONTINUOUS
100
AcDbLine
 10
3.7483896456692913
 20
2.2998254724409448
 30
0
 11
3.7484645669291337
 21
2.2994488188976376
 31
0
  0
LINE
  5
A00
330
1A
100
AcDbEntity
  8
BLACK
  6
CONTINUOUS
100
AcDbLine
 10
3.7484645669291337
 20
2.2994488188976376
 30
0
 11
3.7484645669291337
 21
2.1671653543307086
 31
0
  0
LINE
  5
A01
330
1A
100
AcDbEntity
  8
BLACK
  6
CONTINUOUS
100
AcDbLine
 10
3.7484645669291337
 20
2.1671653543307086
 30
0
 11
3.7483896456692913
 21
2.1667887007874014
 31
0
  0
LINE
  5
A02
330
1A
100
AcDbEntity
  8
BLACK
  6
CONTINUOUS
100
AcDbLine
 10
3.7483896456692913
 20
2.1667887007874014
 30
0
 11
3.7478569685039371
 21
2.1662560236220472
 31
0
  0
LINE
  5
A03
330
1A
100
AcDbEntity
  8
BLACK
  6
CONTINUOUS
100
AcDbLine
 10
3.7478569685039371
 20
2.1662560236220472
 30
0
 11
3.7474803149606299
 21
2.1661811023622048
 31
0
  0
LINE
  5
A04
330
1A
100
AcDbEntity
  8
BLACK
  6
CONTINUOUS
100
AcDbLine
 10
3.7474803149606299
 20
2.1661811023622048
 30
0
 11
3.6726771653543304
 21
2.1661811023622048
 31
0
  0
LINE
  5
A05
330
1A
100
AcDbEntity
  8
BLACK
  6
CONTINUOUS
100
AcDbLine
 10
3.6726771653543304
 20
2.1661811023622048
 30
0
 11
3.6723005118110237
 21
2.1662560236220472
 31
0
  0
LINE
  5
A06
330
1A
100
AcDbEntity
  8
BLACK
  6
CONTINUOUS
100
AcDbLine
 10
3.6723005118110237
 20
2.1662560236220472
 30
0
 11
3.671767834645669
 21
2.1667887007874014
 31
0
  0
LINE
  5
A07
330
1A
100
AcDbEntity
  8
BLACK
  6
CONTINUOUS
100
AcDbLine
 10
3.671767834645669
 20
2.1667887007874014
 30
0
 11
3.6716929133858267
 21
2.1671653543307086
 31
0
  0
LINE
  5
A08
330
1A
100
AcDbEntity
  8
BLACK
  6
CONTINUOUS
100
AcDbLine
 10
3.6716929133858267
 20
2.1671653543307086
 30
0
 11
3.6716929133858267
 21
2.2994488188976376
 31
0
  0
LINE
  5
A09
330
1A
100
AcDbEntity
  8
BLACK
  6
CONTINUOUS
100
AcDbLine
 10
3.6716929133858267
 20
2.2994488188976376
 30
0
 11
3.671767834645669
 21
2.2998254724409448
 31
0
  0
LINE
  5
A0A
330
1A
100
AcDbEntity
  8
BLACK
  6
CONTINUOUS
100
AcDbLine
 10
3.671767834645669
 20
2.2998254724409448
 30
0
 11
3.6723005118110237
 21
2.300358149606299
 31
0
  0
LINE
  5
A0B
330
1A
100
AcDbEntity
  8
BLACK
  6
CONTINUOUS
100
AcDbLine
 10
3.6723005118110237
 20
2.300358149606299
 30
0
 11
3.6726771653543304
 21
2.3004330708661418
 31
0
  0
LINE
  5
A0C
330
1A
100
AcDbEntity
  8
BLACK
  6
CONTINUOUS
100
AcDbLine
 10
3.6726771653543304
 20
2.3004330708661418
 30
0
 11
3.7474803149606299
 21
2.3004330708661418
 31
0
  0
LINE
  5
A0D
330
1A
100
AcDbEntity
  8
BLACK
  6
CONTINUOUS
100
AcDbLine
 10
3.7474803149606299
 20
2.3004330708661418
 30
0
 11
3.7478569685039371
 21
2.300358149606299
 31
0
  0
LINE
  5
A0E
330
1A
100
AcDbEntity
  8
BLACK
  6
CONTINUOUS
100
AcDbLine
 10
3.6736614173228346
 20
2.2984645669291339
 30
0
 11
3.6736614173228346
 21
2.1681496062992127
 31
0
  0
LINE
  5
A0F
330
1A
100
AcDbEntity
  8
BLACK
  6
CONTINUOUS
100
AcDbLine
 10
3.6736614173228346
 20
2.1681496062992127
 30
0
 11
3.7464960629921258
 21
2.1681496062992127
 31
0
  0
LINE
  5
A10
330
1A
100
AcDbEntity
  8
BLACK
  6
CONTINUOUS
100
AcDbLine
 10
3.7464960629921258
 20
2.1681496062992127
 30
0
 11
3.7464960629921258
 21
2.2984645669291339
 31
0
  0
LINE
  5
A11
330
1A
100
AcDbEntity
  8
BLACK
  6
CONTINUOUS
100
AcDbLine
 10
3.7464960629921258
 20
2.2984645669291339
 30
0
 11
3.6736614173228346
 21
2.2984645669291339
 31
0
  0
LINE
  5
A12
330
1A
100
AcDbEntity
  8
BLACK
  6
CONTINUOUS
100
AcDbLine
 10
3.8872257480314958
 20
2.3092596062992126
 30
0
 11
3.8882911023622047
 21
2.3081942519685037
 31
0
  0
LINE
  5
A13
330
1A
100
AcDbEntity
  8
BLACK
  6
CONTINUOUS
100
AcDbLine
 10
3.8882911023622047
 20
2.3081942519685037
 30
0
 11
3.8884409448818897
 21
2.3074409448818898
 31
0
  0
LINE
  5
A14
330
1A
100
AcDbEntity
  8
BLACK
  6
CONTINUOUS
100
AcDbLine
 10
3.8884409448818897
 20
2.3074409448818898
 30
0
 11
3.8884409448818897
 21
2.2302755905511811
 31
0
  0
LINE
  5
A15
330
1A
100
AcDbEntity
  8
BLACK
  6
CONTINUOUS
100
AcDbLine
 10
3.8884409448818897
 20
2.2302755905511811
 30
0
 11
3.8882911023622047
 21
2.2295222834645667
 31
0
  0
LINE
  5
A16
330
1A
100
AcDbEntity
  8
BLACK
  6
CONTINUOUS
100
AcDbLine
 10
3.8882911023622047
 20
2.2295222834645667
 30
0
 11
3.8872257480314958
 21
2.2284569291338583
 31
0
  0
LINE
  5
A17
330
1A
100
AcDbEntity
  8
BLACK
  6
CONTINUOUS
100
AcDbLine
 10
3.8872257480314958
 20
2.2284569291338583
 30
0
 11
3.8864724409448819
 21
2.2283070866141732
 31
0
  0
LINE
  5
A18
330
1A
100
AcDbEntity
  8
BLACK
  6
CONTINUOUS
100
AcDbLine
 10
3.8864724409448819
 20
2.2283070866141732
 30
0
 11
3.7526141732283462
 21
2.2283070866141732
 31
0
  0
LINE
  5
A19
330
1A
100
AcDbEntity
  8
BLACK
  6
CONTINUOUS
100
AcDbLine
 10
3.7526141732283462
 20
2.2283070866141732
 30
0
 11
3.7518608661417323
 21
2.2284569291338583
 31
0
  0
LINE
  5
A1A
330
1A
100
AcDbEntity
  8
BLACK
  6
CONTINUOUS
100
AcDbLine
 10
3.7518608661417323
 20
2.2284569291338583
 30
0
 11
3.7507955118110234
 21
2.2295222834645667
 31
0
  0
LINE
  5
A1B
330
1A
100
AcDbEntity
  8
BLACK
  6
CONTINUOUS
100
AcDbLine
 10
3.7507955118110234
 20
2.2295222834645667
 30
0
 11
3.7506456692913384
 21
2.2302755905511811
 31
0
  0
LINE
  5
A1C
330
1A
100
AcDbEntity
  8
BLACK
  6
CONTINUOUS
100
AcDbLine
 10
3.7506456692913384
 20
2.2302755905511811
 30
0
 11
3.7506456692913384
 21
2.3074409448818898
 31
0
  0
LINE
  5
A1D
330
1A
100
AcDbEntity
  8
BLACK
  6
CONTINUOUS
100
AcDbLine
 10
3.7506456692913384
 20
2.3074409448818898
 30
0
 11
3.7507955118110234
 21
2.3081942519685037
 31
0
  0
LINE
  5
A1E
330
1A
100
AcDbEntity
  8
BLACK
  6
CONTINUOUS
100
AcDbLine
 10
3.7507955118110234
 20
2.3081942519685037
 30
0
 11
3.7518608661417323
 21
2.3092596062992126
 31
0
  0
LINE
  5
A1F
330
1A
100
AcDbEntity
  8
BLACK
  6
CONTINUOUS
100
AcDbLine
 10
3.7518608661417323
 20
2.3092596062992126
 30
0
 11
3.7526141732283462
 21
2.3094094488188976
 31
0
  0
LINE
  5
A20
330
1A
100
AcDbEntity
  8
BLACK
  6
CONTINUOUS
100
AcDbLine
 10
3.7526141732283462
 20
2.3094094488188976
 30
0
 11
3.8864724409448819
 21
2.3094094488188976
 31
0
  0
LINE
  5
A21
330
1A
100
AcDbEntity
  8
BLACK
  6
CONTINUOUS
100
AcDbLine
 10
3.8864724409448819
 20
2.3094094488188976
 30
0
 11
3.8872257480314958
 21
2.3092596062992126
 31
0
  0
LINE
  5
A22
330
1A
100
AcDbEntity
  8
BLACK
  6
CONTINUOUS
100
AcDbLine
 10
3.7545826771653541
 20
2.3054724409448819
 30
0
 11
3.7545826771653541
 21
2.2322440944881889
 31
0
  0
LINE
  5
A23
330
1A
100
AcDbEntity
  8
BLACK
  6
CONTINUOUS
100
AcDbLine
 10
3.7545826771653541
 20
2.2322440944881889
 30
0
 11
3.884503937007874
 21
2.2322440944881889
 31
0
  0
LINE
  5
A24
330
1A
100
AcDbEntity
  8
BLACK
  6
CONTINUOUS
100
AcDbLine
 10
3.884503937007874
 20
2.2322440944881889
 30
0
 11
3.884503937007874
 21
2.3054724409448819
 31
0
  0
LINE
  5
A25
330
1A
100
AcDbEntity
  8
BLACK
  6
CONTINUOUS
100
AcDbLine
 10
3.884503937007874
 20
2.3054724409448819
 30
0
 11
3.7545826771653541
 21
2.3054724409448819
 31
0
  0
LINE
  5
A26
330
1A
100
AcDbEntity
  8
BLACK
  6
CONTINUOUS
100
AcDbLine
 10
3.3773674803149607
 20
2.3760706299212599
 30
0
 11
3.3784328346456691
 21
2.3750052755905511
 31
0
  0
LINE
  5
A27
330
1A
100
AcDbEntity
  8
BLACK
  6
CONTINUOUS
100
AcDbLine
 10
3.3784328346456691
 20
2.3750052755905511
 30
0
 11
3.3785826771653542
 21
2.3742519685039372
 31
0
  0
LINE
  5
A28
330
1A
100
AcDbEntity
  8
BLACK
  6
CONTINUOUS
100
AcDbLine
 10
3.3785826771653542
 20
2.3742519685039372
 30
0
 11
3.3785826771653542
 21
2.2403937007874015
 31
0
  0
LINE
  5
A29
330
1A
100
AcDbEntity
  8
BLACK
  6
CONTINUOUS
100
AcDbLine
 10
3.3785826771653542
 20
2.2403937007874015
 30
0
 11
3.3784328346456691
 21
2.2396403937007872
 31
0
  0
LINE
  5
A2A
330
1A
100
AcDbEntity
  8
BLACK
  6
CONTINUOUS
100
AcDbLine
 10
3.3784328346456691
 20
2.2396403937007872
 30
0
 11
3.3773674803149607
 21
2.2385750393700787
 31
0
  0
LINE
  5
A2B
330
1A
100
AcDbEntity
  8
BLACK
  6
CONTINUOUS
100
AcDbLine
 10
3.3773674803149607
 20
2.2385750393700787
 30
0
 11
3.3766141732283463
 21
2.2384251968503937
 31
0
  0
LINE
  5
A2C
330
1A
100
AcDbEntity
  8
BLACK
  6
CONTINUOUS
100
AcDbLine
 10
3.3766141732283463
 20
2.2384251968503937
 30
0
 11
3.2994488188976376
 21
2.2384251968503937
 31
0
  0
LINE
  5
A2D
330
1A
100
AcDbEntity
  8
BLACK
  6
CONTINUOUS
100
AcDbLine
 10
3.2994488188976376
 20
2.2384251968503937
 30
0
 11
3.2986955118110237
 21
2.2385750393700787
 31
0
  0
LINE
  5
A2E
330
1A
100
AcDbEntity
  8
BLACK
  6
CONTINUOUS
100
AcDbLine
 10
3.2986955118110237
 20
2.2385750393700787
 30
0
 11
3.2976301574803148
 21
2.2396403937007872
 31
0
  0
LINE
  5
A2F
330
1A
100
AcDbEntity
  8
BLACK
  6
CONTINUOUS
100
AcDbLine
 10
3.2976301574803148
 20
2.2396403937007872
 30
0
 11
3.2974803149606298
 21
2.2403937007874015
 31
0
  0
LINE
  5
A30
330
1A
100
AcDbEntity
  8
BLACK
  6
CONTINUOUS
100
AcDbLine
 10
3.2974803149606298
 20
2.2403937007874015
 30
0
 11
3.2974803149606298
 21
2.3742519685039372
 31
0
  0
LINE
  5
A31
330
1A
100
AcDbEntity
  8
BLACK
  6
CONTINUOUS
100
AcDbLine
 10
3.2974803149606298
 20
2.3742519685039372
 30
0
 11
3.2976301574803148
 21
2.3750052755905511
 31
0
  0
LINE
  5
A32
330
1A
100
AcDbEntity
  8
BLACK
  6
CONTINUOUS
100
AcDbLine
 10
3.2976301574803148
 20
2.3750052755905511
 30
0
 11
3.2986955118110237
 21
2.3760706299212599
 31
0
  0
LINE
  5
A33
330
1A
100
AcDbEntity
  8
BLACK
  6
CONTINUOUS
100
AcDbLine
 10
3.2986955118110237
 20
2.3760706299212599
 30
0
 11
3.2994488188976376
 21
2.376220472440945
 31
0
  0
LINE
  5
A34
330
1A
100
AcDbEntity
  8
BLACK
  6
CONTINUOUS
100
AcDbLine
 10
3.2994488188976376
 20
2.376220472440945
 30
0
 11
3.3766141732283463
 21
2.376220472440945
 31
0
  0
LINE
  5
A35
330
1A
100
AcDbEntity
  8
BLACK
  6
CONTINUOUS
100
AcDbLine
 10
3.3766141732283463
 20
2.376220472440945
 30
0
 11
3.3773674803149607
 21
2.3760706299212599
 31
0
  0
LINE
  5
A36
330
1A
100
AcDbEntity
  8
BLACK
  6
CONTINUOUS
100
AcDbLine
 10
3.3014173228346455
 20
2.3722834645669293
 30
0
 11
3.3014173228346455
 21
2.2423622047244094
 31
0
  0
LINE
  5
A37
330
1A
100
AcDbEntity
  8
BLACK
  6
CONTINUOUS
100
AcDbLine
 10
3.3014173228346455
 20
2.2423622047244094
 30
0
 11
3.3746456692913385
 21
2.2423622047244094
 31
0
  0
LINE
  5
A38
330
1A
100
AcDbEntity
  8
BLACK
  6
CONTINUOUS
100
AcDbLine
 10
3.3746456692913385
 20
2.2423622047244094
 30
0
 11
3.3746456692913385
 21
2.3722834645669293
 31
0
  0
LINE
  5
A39
330
1A
100
AcDbEntity
  8
BLACK
  6
CONTINUOUS
100
AcDbLine
 10
3.3746456692913385
 20
2.3722834645669293
 30
0
 11
3.3014173228346455
 21
2.3722834645669293
 31
0
  0
LINE
  5
A3A
330
1A
100
AcDbEntity
  8
BLACK
  6
CONTINUOUS
100
AcDbLine
 10
3.2928792913385827
 20
2.376606062992126
 30
0
 11
3.2939446456692911
 21
2.3755407086614171
 31
0
  0
LINE
  5
A3B
330
1A
100
AcDbEntity
  8
BLACK
  6
CONTINUOUS
100
AcDbLine
 10
3.2939446456692911
 20
2.3755407086614171
 30
0
 11
3.2940944881889762
 21
2.3747874015748032
 31
0
  0
LINE
  5
A3C
330
1A
100
AcDbEntity
  8
BLACK
  6
CONTINUOUS
100
AcDbLine
 10
3.2940944881889762
 20
2.3747874015748032
 30
0
 11
3.2940944881889762
 21
2.2409291338582675
 31
0
  0
LINE
  5
A3D
330
1A
100
AcDbEntity
  8
BLACK
  6
CONTINUOUS
100
AcDbLine
 10
3.2940944881889762
 20
2.2409291338582675
 30
0
 11
3.2939446456692911
 21
2.2401758267716536
 31
0
  0
LINE
  5
A3E
330
1A
100
AcDbEntity
  8
BLACK
  6
CONTINUOUS
100
AcDbLine
 10
3.2939446456692911
 20
2.2401758267716536
 30
0
 11
3.2928792913385827
 21
2.2391104724409447
 31
0
  0
LINE
  5
A3F
330
1A
100
AcDbEntity
  8
BLACK
  6
CONTINUOUS
100
AcDbLine
 10
3.2928792913385827
 20
2.2391104724409447
 30
0
 11
3.2921259842519683
 21
2.2389606299212597
 31
0
  0
LINE
  5
A40
330
1A
100
AcDbEntity
  8
BLACK
  6
CONTINUOUS
100
AcDbLine
 10
3.2921259842519683
 20
2.2389606299212597
 30
0
 11
3.2149606299212596
 21
2.2389606299212597
 31
0
  0
LINE
  5
A41
330
1A
100
AcDbEntity
  8
BLACK
  6
CONTINUOUS
100
AcDbLine
 10
3.2149606299212596
 20
2.2389606299212597
 30
0
 11
3.2142073228346457
 21
2.2391104724409447
 31
0
  0
LINE
  5
A42
330
1A
100
AcDbEntity
  8
BLACK
  6
CONTINUOUS
100
AcDbLine
 10
3.2142073228346457
 20
2.2391104724409447
 30
0
 11
3.2131419685039369
 21
2.2401758267716536
 31
0
  0
LINE
  5
A43
330
1A
100
AcDbEntity
  8
BLACK
  6
CONTINUOUS
100
AcDbLine
 10
3.2131419685039369
 20
2.2401758267716536
 30
0
 11
3.2129921259842518
 21
2.2409291338582675
 31
0
  0
LINE
  5
A44
330
1A
100
AcDbEntity
  8
BLACK
  6
CONTINUOUS
100
AcDbLine
 10
3.2129921259842518
 20
2.2409291338582675
 30
0
 11
3.2129921259842518
 21
2.3747874015748032
 31
0
  0
LINE
  5
A45
330
1A
100
AcDbEntity
  8
BLACK
  6
CONTINUOUS
100
AcDbLine
 10
3.2129921259842518
 20
2.3747874015748032
 30
0
 11
3.2131419685039369
 21
2.3755407086614171
 31
0
  0
LINE
  5
A46
330
1A
100
AcDbEntity
  8
BLACK
  6
CONTINUOUS
100
AcDbLine
 10
3.2131419685039369
 20
2.3755407086614171
 30
0
 11
3.2142073228346457
 21
2.376606062992126
 31
0
  0
LINE
  5
A47
330
1A
100
AcDbEntity
  8
BLACK
  6
CONTINUOUS
100
AcDbLine
 10
3.2142073228346457
 20
2.376606062992126
 30
0
 11
3.2149606299212596
 21
2.376755905511811
 31
0
  0
LINE
  5
A48
330
1A
100
AcDbEntity
  8
BLACK
  6
CONTINUOUS
100
AcDbLine
 10
3.2149606299212596
 20
2.376755905511811
 30
0
 11
3.2921259842519683
 21
2.376755905511811
 31
0
  0
LINE
  5
A49
330
1A
100
AcDbEntity
  8
BLACK
  6
CONTINUOUS
100
AcDbLine
 10
3.2921259842519683
 20
2.376755905511811
 30
0
 11
3.2928792913385827
 21
2.376606062992126
 31
0
  0
LINE
  5
A4A
330
1A
100
AcDbEntity
  8
BLACK
  6
CONTINUOUS
100
AcDbLine
 10
3.2169291338582675
 20
2.3728188976377953
 30
0
 11
3.2169291338582675
 21
2.2428976377952754
 31
0
  0
LINE
  5
A4B
330
1A
100
AcDbEntity
  8
BLACK
  6
CONTINUOUS
100
AcDbLine
 10
3.2169291338582675
 20
2.2428976377952754
 30
0
 11
3.2901574803149605
 21
2.2428976377952754
 31
0
  0
LINE
  5
A4C
330
1A
100
AcDbEntity
  8
BLACK
  6
CONTINUOUS
100
AcDbLine
 10
3.2901574803149605
 20
2.2428976377952754
 30
0
 11
3.2901574803149605
 21
2.3728188976377953
 31
0
  0
LINE
  5
A4D
330
1A
100
AcDbEntity
  8
BLACK
  6
CONTINUOUS
100
AcDbLine
 10
3.2901574803149605
 20
2.3728188976377953
 30
0
 11
3.2169291338582675
 21
2.3728188976377953
 31
0
  0
LINE
  5
A4E
330
1A
100
AcDbEntity
  8
BLACK
  6
CONTINUOUS
100
AcDbLine
 10
3.4667375590551179
 20
2.3760706299212599
 30
0
 11
3.4678029133858268
 21
2.3750052755905511
 31
0
  0
LINE
  5
A4F
330
1A
100
AcDbEntity
  8
BLACK
  6
CONTINUOUS
100
AcDbLine
 10
3.4678029133858268
 20
2.3750052755905511
 30
0
 11
3.4679527559055119
 21
2.3742519685039372
 31
0
  0
LINE
  5
A50
330
1A
100
AcDbEntity
  8
BLACK
  6
CONTINUOUS
100
AcDbLine
 10
3.4679527559055119
 20
2.3742519685039372
 30
0
 11
3.4679527559055119
 21
2.2419685039370076
 31
0
  0
LINE
  5
A51
330
1A
100
AcDbEntity
  8
BLACK
  6
CONTINUOUS
100
AcDbLine
 10
3.4679527559055119
 20
2.2419685039370076
 30
0
 11
3.4678029133858268
 21
2.2412151968503937
 31
0
  0
LINE
  5
A52
330
1A
100
AcDbEntity
  8
BLACK
  6
CONTINUOUS
100
AcDbLine
 10
3.4678029133858268
 20
2.2412151968503937
 30
0
 11
3.4667375590551179
 21
2.2401498425196849
 31
0
  0
LINE
  5
A53
330
1A
100
AcDbEntity
  8
BLACK
  6
CONTINUOUS
100
AcDbLine
 10
3.4667375590551179
 20
2.2401498425196849
 30
0
 11
3.465984251968504
 21
2.2399999999999998
 31
0
  0
LINE
  5
A54
330
1A
100
AcDbEntity
  8
BLACK
  6
CONTINUOUS
100
AcDbLine
 10
3.465984251968504
 20
2.2399999999999998
 30
0
 11
3.3911811023622045
 21
2.2399999999999998
 31
0
  0
LINE
  5
A55
330
1A
100
AcDbEntity
  8
BLACK
  6
CONTINUOUS
100
AcDbLine
 10
3.3911811023622045
 20
2.2399999999999998
 30
0
 11
3.3904277952755906
 21
2.2401498425196849
 31
0
  0
LINE
  5
A56
330
1A
100
AcDbEntity
  8
BLACK
  6
CONTINUOUS
100
AcDbLine
 10
3.3904277952755906
 20
2.2401498425196849
 30
0
 11
3.3893624409448817
 21
2.2412151968503937
 31
0
  0
LINE
  5
A57
330
1A
100
AcDbEntity
  8
BLACK
  6
CONTINUOUS
100
AcDbLine
 10
3.3893624409448817
 20
2.2412151968503937
 30
0
 11
3.3892125984251966
 21
2.2419685039370076
 31
0
  0
LINE
  5
A58
330
1A
100
AcDbEntity
  8
BLACK
  6
CONTINUOUS
100
AcDbLine
 10
3.3892125984251966
 20
2.2419685039370076
 30
0
 11
3.3892125984251966
 21
2.3742519685039372
 31
0
  0
LINE
  5
A59
330
1A
100
AcDbEntity
  8
BLACK
  6
CONTINUOUS
100
AcDbLine
 10
3.3892125984251966
 20
2.3742519685039372
 30
0
 11
3.3893624409448817
 21
2.3750052755905511
 31
0
  0
LINE
  5
A5A
330
1A
100
AcDbEntity
  8
BLACK
  6
CONTINUOUS
100
AcDbLine
 10
3.3893624409448817
 20
2.3750052755905511
 30
0
 11
3.3904277952755906
 21
2.3760706299212599
 31
0
  0
LINE
  5
A5B
330
1A
100
AcDbEntity
  8
BLACK
  6
CONTINUOUS
100
AcDbLine
 10
3.3904277952755906
 20
2.3760706299212599
 30
0
 11
3.3911811023622045
 21
2.376220472440945
 31
0
  0
LINE
  5
A5C
330
1A
100
AcDbEntity
  8
BLACK
  6
CONTINUOUS
100
AcDbLine
 10
3.3911811023622045
 20
2.376220472440945
 30
0
 11
3.465984251968504
 21
2.376220472440945
 31
0
  0
LINE
  5
A5D
330
1A
100
AcDbEntity
  8
BLACK
  6
CONTINUOUS
100
AcDbLine
 10
3.465984251968504
 20
2.376220472440945
 30
0
 11
3.4667375590551179
 21
2.3760706299212599
 31
0
  0
LINE
  5
A5E
330
1A
100
AcDbEntity
  8
BLACK
  6
CONTINUOUS
100
AcDbLine
 10
3.3931496062992124
 20
2.3722834645669293
 30
0
 11
3.3931496062992124
 21
2.2439370078740155
 31
0
  0
LINE
  5
A5F
330
1A
100
AcDbEntity
  8
BLACK
  6
CONTINUOUS
100
AcDbLine
 10
3.3931496062992124
 20
2.2439370078740155
 30
0
 11
3.4640157480314961
 21
2.2439370078740155
 31
0
  0
LINE
  5
A60
330
1A
100
AcDbEntity
  8
BLACK
  6
CONTINUOUS
100
AcDbLine
 10
3.4640157480314961
 20
2.2439370078740155
 30
0
 11
3.4640157480314961
 21
2.3722834645669293
 31
0
  0
LINE
  5
A61
330
1A
100
AcDbEntity
  8
BLACK
  6
CONTINUOUS
100
AcDbLine
 10
3.4640157480314961
 20
2.3722834645669293
 30
0
 11
3.3931496062992124
 21
2.3722834645669293
 31
0
  0
LINE
  5
A62
330
1A
100
AcDbEntity
  8
BLACK
  6
CONTINUOUS
100
AcDbLine
 10
3.548698188976378
 20
2.3760706299212599
 30
0
 11
3.5497635433070864
 21
2.3750052755905511
 31
0
  0
LINE
  5
A63
330
1A
100
AcDbEntity
  8
BLACK
  6
CONTINUOUS
100
AcDbLine
 10
3.5497635433070864
 20
2.3750052755905511
 30
0
 11
3.5499133858267715
 21
2.3742519685039372
 31
0
  0
LINE
  5
A64
330
1A
100
AcDbEntity
  8
BLACK
  6
CONTINUOUS
100
AcDbLine
 10
3.5499133858267715
 20
2.3742519685039372
 30
0
 11
3.5499133858267715
 21
2.2419685039370076
 31
0
  0
LINE
  5
A65
330
1A
100
AcDbEntity
  8
BLACK
  6
CONTINUOUS
100
AcDbLine
 10
3.5499133858267715
 20
2.2419685039370076
 30
0
 11
3.5497635433070864
 21
2.2412151968503937
 31
0
  0
LINE
  5
A66
330
1A
100
AcDbEntity
  8
BLACK
  6
CONTINUOUS
100
AcDbLine
 10
3.5497635433070864
 20
2.2412151968503937
 30
0
 11
3.548698188976378
 21
2.2401498425196849
 31
0
  0
LINE
  5
A67
330
1A
100
AcDbEntity
  8
BLACK
  6
CONTINUOUS
100
AcDbLine
 10
3.548698188976378
 20
2.2401498425196849
 30
0
 11
3.5479448818897636
 21
2.2399999999999998
 31
0
  0
LINE
  5
A68
330
1A
100
AcDbEntity
  8
BLACK
  6
CONTINUOUS
100
AcDbLine
 10
3.5479448818897636
 20
2.2399999999999998
 30
0
 11
3.4731417322834646
 21
2.2399999999999998
 31
0
  0
LINE
  5
A69
330
1A
100
AcDbEntity
  8
BLACK
  6
CONTINUOUS
100
AcDbLine
 10
3.4731417322834646
 20
2.2399999999999998
 30
0
 11
3.4723884251968502
 21
2.2401498425196849
 31
0
  0
LINE
  5
A6A
330
1A
100
AcDbEntity
  8
BLACK
  6
CONTINUOUS
100
AcDbLine
 10
3.4723884251968502
 20
2.2401498425196849
 30
0
 11
3.4713230708661418
 21
2.2412151968503937
 31
0
  0
LINE
  5
A6B
330
1A
100
AcDbEntity
  8
BLACK
  6
CONTINUOUS
100
AcDbLine
 10
3.4713230708661418
 20
2.2412151968503937
 30
0
 11
3.4711732283464567
 21
2.2419685039370076
 31
0
  0
LINE
  5
A6C
330
1A
100
AcDbEntity
  8
BLACK
  6
CONTINUOUS
100
AcDbLine
 10
3.4711732283464567
 20
2.2419685039370076
 30
0
 11
3.4711732283464567
 21
2.3742519685039372
 31
0
  0
LINE
  5
A6D
330
1A
100
AcDbEntity
  8
BLACK
  6
CONTINUOUS
100
AcDbLine
 10
3.4711732283464567
 20
2.3742519685039372
 30
0
 11
3.4713230708661418
 21
2.3750052755905511
 31
0
  0
LINE
  5
A6E
330
1A
100
AcDbEntity
  8
BLACK
  6
CONTINUOUS
100
AcDbLine
 10
3.4713230708661418
 20
2.3750052755905511
 30
0
 11
3.4723884251968502
 21
2.3760706299212599
 31
0
  0
LINE
  5
A6F
330
1A
100
AcDbEntity
  8
BLACK
  6
CONTINUOUS
100
AcDbLine
 10
3.4723884251968502
 20
2.3760706299212599
 30
0
 11
3.4731417322834646
 21
2.376220472440945
 31
0
  0
LINE
  5
A70
330
1A
100
AcDbEntity
  8
BLACK
  6
CONTINUOUS
100
AcDbLine
 10
3.4731417322834646
 20
2.376220472440945
 30
0
 11
3.5479448818897636
 21
2.376220472440945
 31
0
  0
LINE
  5
A71
330
1A
100
AcDbEntity
  8
BLACK
  6
CONTINUOUS
100
AcDbLine
 10
3.5479448818897636
 20
2.376220472440945
 30
0
 11
3.548698188976378
 21
2.3760706299212599
 31
0
  0
LINE
  5
A72
330
1A
100
AcDbEntity
  8
BLACK
  6
CONTINUOUS
100
AcDbLine
 10
3.4751102362204724
 20
2.3722834645669293
 30
0
 11
3.4751102362204724
 21
2.2439370078740155
 31
0
  0
LINE
  5
A73
330
1A
100
AcDbEntity
  8
BLACK
  6
CONTINUOUS
100
AcDbLine
 10
3.4751102362204724
 20
2.2439370078740155
 30
0
 11
3.5459763779527558
 21
2.2439370078740155
 31
0
  0
LINE
  5
A74
330
1A
100
AcDbEntity
  8
BLACK
  6
CONTINUOUS
100
AcDbLine
 10
3.5459763779527558
 20
2.2439370078740155
 30
0
 11
3.5459763779527558
 21
2.3722834645669293
 31
0
  0
LINE
  5
A75
330
1A
100
AcDbEntity
  8
BLACK
  6
CONTINUOUS
100
AcDbLine
 10
3.5459763779527558
 20
2.3722834645669293
 30
0
 11
3.4751102362204724
 21
2.3722834645669293
 31
0
  0
LINE
  5
A76
330
1A
100
AcDbEntity
  8
BLACK
  6
CONTINUOUS
100
AcDbLine
 10
4.0356351968503938
 20
2.3900470078740157
 30
0
 11
4.0367005511811023
 21
2.3889816535433068
 31
0
  0
LINE
  5
A77
330
1A
100
AcDbEntity
  8
BLACK
  6
CONTINUOUS
100
AcDbLine
 10
4.0367005511811023
 20
2.3889816535433068
 30
0
 11
4.0368503937007869
 21
2.3882283464566929
 31
0
  0
LINE
  5
A78
330
1A
100
AcDbEntity
  8
BLACK
  6
CONTINUOUS
100
AcDbLine
 10
4.0368503937007869
 20
2.3882283464566929
 30
0
 11
4.0368503937007869
 21
2.2559448818897638
 31
0
  0
LINE
  5
A79
330
1A
100
AcDbEntity
  8
BLACK
  6
CONTINUOUS
100
AcDbLine
 10
4.0368503937007869
 20
2.2559448818897638
 30
0
 11
4.0367005511811023
 21
2.2551915748031495
 31
0
  0
LINE
  5
A7A
330
1A
100
AcDbEntity
  8
BLACK
  6
CONTINUOUS
100
AcDbLine
 10
4.0367005511811023
 20
2.2551915748031495
 30
0
 11
4.0356351968503938
 21
2.254126220472441
 31
0
  0
LINE
  5
A7B
330
1A
100
AcDbEntity
  8
BLACK
  6
CONTINUOUS
100
AcDbLine
 10
4.0356351968503938
 20
2.254126220472441
 30
0
 11
4.0348818897637795
 21
2.253976377952756
 31
0
  0
LINE
  5
A7C
330
1A
100
AcDbEntity
  8
BLACK
  6
CONTINUOUS
100
AcDbLine
 10
4.0348818897637795
 20
2.253976377952756
 30
0
 11
3.9600787401574804
 21
2.253976377952756
 31
0
  0
LINE
  5
A7D
330
1A
100
AcDbEntity
  8
BLACK
  6
CONTINUOUS
100
AcDbLine
 10
3.9600787401574804
 20
2.253976377952756
 30
0
 11
3.959325433070866
 21
2.254126220472441
 31
0
  0
LINE
  5
A7E
330
1A
100
AcDbEntity
  8
BLACK
  6
CONTINUOUS
100
AcDbLine
 10
3.959325433070866
 20
2.254126220472441
 30
0
 11
3.9582600787401572
 21
2.2551915748031495
 31
0
  0
LINE
  5
A7F
330
1A
100
AcDbEntity
  8
BLACK
  6
CONTINUOUS
100
AcDbLine
 10
3.9582600787401572
 20
2.2551915748031495
 30
0
 11
3.9581102362204725
 21
2.2559448818897638
 31
0
  0
LINE
  5
A80
330
1A
100
AcDbEntity
  8
BLACK
  6
CONTINUOUS
100
AcDbLine
 10
3.9581102362204725
 20
2.2559448818897638
 30
0
 11
3.9581102362204725
 21
2.3882283464566929
 31
0
  0
LINE
  5
A81
330
1A
100
AcDbEntity
  8
BLACK
  6
CONTINUOUS
100
AcDbLine
 10
3.9581102362204725
 20
2.3882283464566929
 30
0
 11
3.9582600787401572
 21
2.3889816535433068
 31
0
  0
LINE
  5
A82
330
1A
100
AcDbEntity
  8
BLACK
  6
CONTINUOUS
100
AcDbLine
 10
3.9582600787401572
 20
2.3889816535433068
 30
0
 11
3.959325433070866
 21
2.3900470078740157
 31
0
  0
LINE
  5
A83
330
1A
100
AcDbEntity
  8
BLACK
  6
CONTINUOUS
100
AcDbLine
 10
3.959325433070866
 20
2.3900470078740157
 30
0
 11
3.9600787401574804
 21
2.3901968503937008
 31
0
  0
LINE
  5
A84
330
1A
100
AcDbEntity
  8
BLACK
  6
CONTINUOUS
100
AcDbLine
 10
3.9600787401574804
 20
2.3901968503937008
 30
0
 11
4.0348818897637795
 21
2.3901968503937008
 31
0
  0
LINE
  5
A85
330
1A
100
AcDbEntity
  8
BLACK
  6
CONTINUOUS
100
AcDbLine
 10
4.0348818897637795
 20
2.3901968503937008
 30
0
 11
4.0356351968503938
 21
2.3900470078740157
 31
0
  0
LINE
  5
A86
330
1A
100
AcDbEntity
  8
BLACK
  6
CONTINUOUS
100
AcDbLine
 10
3.9620472440944883
 20
2.386259842519685
 30
0
 11
3.9620472440944883
 21
2.2579133858267717
 31
0
  0
LINE
  5
A87
330
1A
100
AcDbEntity
  8
BLACK
  6
CONTINUOUS
100
AcDbLine
 10
3.9620472440944883
 20
2.2579133858267717
 30
0
 11
4.0329133858267712
 21
2.2579133858267717
 31
0
  0
LINE
  5
A88
330
1A
100
AcDbEntity
  8
BLACK
  6
CONTINUOUS
100
AcDbLine
 10
4.0329133858267712
 20
2.2579133858267717
 30
0
 11
4.0329133858267712
 21
2.386259842519685
 31
0
  0
LINE
  5
A89
330
1A
100
AcDbEntity
  8
BLACK
  6
CONTINUOUS
100
AcDbLine
 10
4.0329133858267712
 20
2.386259842519685
 30
0
 11
3.9620472440944883
 21
2.386259842519685
 31
0
  0
LINE
  5
A8A
330
1A
100
AcDbEntity
  8
BLACK
  6
CONTINUOUS
100
AcDbLine
 10
2.682896338582677
 20
2.3928778346456694
 30
0
 11
2.6834290157480316
 21
2.3923451574803147
 31
0
  0
LINE
  5
A8B
330
1A
100
AcDbEntity
  8
BLACK
  6
CONTINUOUS
100
AcDbLine
 10
2.6834290157480316
 20
2.3923451574803147
 30
0
 11
2.6835039370078739
 21
2.391968503937008
 31
0
  0
LINE
  5
A8C
330
1A
100
AcDbEntity
  8
BLACK
  6
CONTINUOUS
100
AcDbLine
 10
2.6835039370078739
 20
2.391968503937008
 30
0
 11
2.6835039370078739
 21
2.2596850393700785
 31
0
  0
LINE
  5
A8D
330
1A
100
AcDbEntity
  8
BLACK
  6
CONTINUOUS
100
AcDbLine
 10
2.6835039370078739
 20
2.2596850393700785
 30
0
 11
2.6834290157480316
 21
2.2593083858267717
 31
0
  0
LINE
  5
A8E
330
1A
100
AcDbEntity
  8
BLACK
  6
CONTINUOUS
100
AcDbLine
 10
2.6834290157480316
 20
2.2593083858267717
 30
0
 11
2.682896338582677
 21
2.2587757086614171
 31
0
  0
LINE
  5
A8F
330
1A
100
AcDbEntity
  8
BLACK
  6
CONTINUOUS
100
AcDbLine
 10
2.682896338582677
 20
2.2587757086614171
 30
0
 11
2.6825196850393702
 21
2.2587007874015748
 31
0
  0
LINE
  5
A90
330
1A
100
AcDbEntity
  8
BLACK
  6
CONTINUOUS
100
AcDbLine
 10
2.6825196850393702
 20
2.2587007874015748
 30
0
 11
2.6077165354330707
 21
2.2587007874015748
 31
0
  0
LINE
  5
A91
330
1A
100
AcDbEntity
  8
BLACK
  6
CONTINUOUS
100
AcDbLine
 10
2.6077165354330707
 20
2.2587007874015748
 30
0
 11
2.6073398818897635
 21
2.2587757086614171
 31
0
  0
LINE
  5
A92
330
1A
100
AcDbEntity
  8
BLACK
  6
CONTINUOUS
100
AcDbLine
 10
2.6073398818897635
 20
2.2587757086614171
 30
0
 11
2.6068072047244093
 21
2.2593083858267717
 31
0
  0
LINE
  5
A93
330
1A
100
AcDbEntity
  8
BLACK
  6
CONTINUOUS
100
AcDbLine
 10
2.6068072047244093
 20
2.2593083858267717
 30
0
 11
2.606732283464567
 21
2.2596850393700785
 31
0
  0
LINE
  5
A94
330
1A
100
AcDbEntity
  8
BLACK
  6
CONTINUOUS
100
AcDbLine
 10
2.606732283464567
 20
2.2596850393700785
 30
0
 11
2.606732283464567
 21
2.391968503937008
 31
0
  0
LINE
  5
A95
330
1A
100
AcDbEntity
  8
BLACK
  6
CONTINUOUS
100
AcDbLine
 10
2.606732283464567
 20
2.391968503937008
 30
0
 11
2.6068072047244093
 21
2.3923451574803147
 31
0
  0
LINE
  5
A96
330
1A
100
AcDbEntity
  8
BLACK
  6
CONTINUOUS
100
AcDbLine
 10
2.6068072047244093
 20
2.3923451574803147
 30
0
 11
2.6073398818897635
 21
2.3928778346456694
 31
0
  0
LINE
  5
A97
330
1A
100
AcDbEntity
  8
BLACK
  6
CONTINUOUS
100
AcDbLine
 10
2.6073398818897635
 20
2.3928778346456694
 30
0
 11
2.6077165354330707
 21
2.3929527559055117
 31
0
  0
LINE
  5
A98
330
1A
100
AcDbEntity
  8
BLACK
  6
CONTINUOUS
100
AcDbLine
 10
2.6077165354330707
 20
2.3929527559055117
 30
0
 11
2.6825196850393702
 21
2.3929527559055117
 31
0
  0
LINE
  5
A99
330
1A
100
AcDbEntity
  8
BLACK
  6
CONTINUOUS
100
AcDbLine
 10
2.6825196850393702
 20
2.3929527559055117
 30
0
 11
2.682896338582677
 21
2.3928778346456694
 31
0
  0
LINE
  5
A9A
330
1A
100
AcDbEntity
  8
BLACK
  6
CONTINUOUS
100
AcDbLine
 10
2.6087007874015748
 20
2.3909842519685038
 30
0
 11
2.6087007874015748
 21
2.2606692913385826
 31
0
  0
LINE
  5
A9B
330
1A
100
AcDbEntity
  8
BLACK
  6
CONTINUOUS
100
AcDbLine
 10
2.6087007874015748
 20
2.2606692913385826
 30
0
 11
2.6815354330708661
 21
2.2606692913385826
 31
0
  0
LINE
  5
A9C
330
1A
100
AcDbEntity
  8
BLACK
  6
CONTINUOUS
100
AcDbLine
 10
2.6815354330708661
 20
2.2606692913385826
 30
0
 11
2.6815354330708661
 21
2.3909842519685038
 31
0
  0
LINE
  5
A9D
330
1A
100
AcDbEntity
  8
BLACK
  6
CONTINUOUS
100
AcDbLine
 10
2.6815354330708661
 20
2.3909842519685038
 30
0
 11
2.6087007874015748
 21
2.3909842519685038
 31
0
  0
LINE
  5
A9E
330
1A
100
AcDbEntity
  8
BLACK
  6
CONTINUOUS
100
AcDbLine
 10
3.2073057874015749
 20
2.4428778346456692
 30
0
 11
3.2078384645669291
 21
2.442345157480315
 31
0
  0
LINE
  5
A9F
330
1A
100
AcDbEntity
  8
BLACK
  6
CONTINUOUS
100
AcDbLine
 10
3.2078384645669291
 20
2.442345157480315
 30
0
 11
3.2079133858267714
 21
2.4419685039370078
 31
0
  0
LINE
  5
AA0
330
1A
100
AcDbEntity
  8
BLACK
  6
CONTINUOUS
100
AcDbLine
 10
3.2079133858267714
 20
2.4419685039370078
 30
0
 11
3.2079133858267714
 21
2.3081102362204722
 31
0
  0
LINE
  5
AA1
330
1A
100
AcDbEntity
  8
BLACK
  6
CONTINUOUS
100
AcDbLine
 10
3.2079133858267714
 20
2.3081102362204722
 30
0
 11
3.2078384645669291
 21
2.3077335826771654
 31
0
  0
LINE
  5
AA2
330
1A
100
AcDbEntity
  8
BLACK
  6
CONTINUOUS
100
AcDbLine
 10
3.2078384645669291
 20
2.3077335826771654
 30
0
 11
3.2073057874015749
 21
2.3072009055118108
 31
0
  0
LINE
  5
AA3
330
1A
100
AcDbEntity
  8
BLACK
  6
CONTINUOUS
100
AcDbLine
 10
3.2073057874015749
 20
2.3072009055118108
 30
0
 11
3.2069291338582677
 21
2.3071259842519685
 31
0
  0
LINE
  5
AA4
330
1A
100
AcDbEntity
  8
BLACK
  6
CONTINUOUS
100
AcDbLine
 10
3.2069291338582677
 20
2.3071259842519685
 30
0
 11
3.055748031496063
 21
2.3071259842519685
 31
0
  0
LINE
  5
AA5
330
1A
100
AcDbEntity
  8
BLACK
  6
CONTINUOUS
100
AcDbLine
 10
3.055748031496063
 20
2.3071259842519685
 30
0
 11
3.0553713779527558
 21
2.3072009055118108
 31
0
  0
LINE
  5
AA6
330
1A
100
AcDbEntity
  8
BLACK
  6
CONTINUOUS
100
AcDbLine
 10
3.0553713779527558
 20
2.3072009055118108
 30
0
 11
3.0548387007874016
 21
2.3077335826771654
 31
0
  0
LINE
  5
AA7
330
1A
100
AcDbEntity
  8
BLACK
  6
CONTINUOUS
100
AcDbLine
 10
3.0548387007874016
 20
2.3077335826771654
 30
0
 11
3.0547637795275588
 21
2.3081102362204722
 31
0
  0
LINE
  5
AA8
330
1A
100
AcDbEntity
  8
BLACK
  6
CONTINUOUS
100
AcDbLine
 10
3.0547637795275588
 20
2.3081102362204722
 30
0
 11
3.0547637795275588
 21
2.4419685039370078
 31
0
  0
LINE
  5
AA9
330
1A
100
AcDbEntity
  8
BLACK
  6
CONTINUOUS
100
AcDbLine
 10
3.0547637795275588
 20
2.4419685039370078
 30
0
 11
3.0548387007874016
 21
2.442345157480315
 31
0
  0
LINE
  5
AAA
330
1A
100
AcDbEntity
  8
BLACK
  6
CONTINUOUS
100
AcDbLine
 10
3.0548387007874016
 20
2.442345157480315
 30
0
 11
3.0553713779527558
 21
2.4428778346456692
 31
0
  0
LINE
  5
AAB
330
1A
100
AcDbEntity
  8
BLACK
  6
CONTINUOUS
100
AcDbLine
 10
3.0553713779527558
 20
2.4428778346456692
 30
0
 11
3.055748031496063
 21
2.442952755905512
 31
0
  0
LINE
  5
AAC
330
1A
100
AcDbEntity
  8
BLACK
  6
CONTINUOUS
100
AcDbLine
 10
3.055748031496063
 20
2.442952755905512
 30
0
 11
3.2069291338582677
 21
2.442952755905512
 31
0
  0
LINE
  5
AAD
330
1A
100
AcDbEntity
  8
BLACK
  6
CONTINUOUS
100
AcDbLine
 10
3.2069291338582677
 20
2.442952755905512
 30
0
 11
3.2073057874015749
 21
2.4428778346456692
 31
0
  0
LINE
  5
AAE
330
1A
100
AcDbEntity
  8
BLACK
  6
CONTINUOUS
100
AcDbLine
 10
3.0567322834645667
 20
2.4409842519685037
 30
0
 11
3.0567322834645667
 21
2.3090944881889763
 31
0
  0
LINE
  5
AAF
330
1A
100
AcDbEntity
  8
BLACK
  6
CONTINUOUS
100
AcDbLine
 10
3.0567322834645667
 20
2.3090944881889763
 30
0
 11
3.2059448818897636
 21
2.3090944881889763
 31
0
  0
LINE
  5
AB0
330
1A
100
AcDbEntity
  8
BLACK
  6
CONTINUOUS
100
AcDbLine
 10
3.2059448818897636
 20
2.3090944881889763
 30
0
 11
3.2059448818897636
 21
2.4409842519685037
 31
0
  0
LINE
  5
AB1
330
1A
100
AcDbEntity
  8
BLACK
  6
CONTINUOUS
100
AcDbLine
 10
3.2059448818897636
 20
2.4409842519685037
 30
0
 11
3.0567322834645667
 21
2.4409842519685037
 31
0
  0
LINE
  5
AB2
330
1A
100
AcDbEntity
  8
BLACK
  6
CONTINUOUS
100
AcDbLine
 10
3.0494147244094489
 20
2.4439840157480313
 30
0
 11
3.0504800787401574
 21
2.4429186614173228
 31
0
  0
LINE
  5
AB3
330
1A
100
AcDbEntity
  8
BLACK
  6
CONTINUOUS
100
AcDbLine
 10
3.0504800787401574
 20
2.4429186614173228
 30
0
 11
3.0506299212598424
 21
2.4421653543307085
 31
0
  0
LINE
  5
AB4
330
1A
100
AcDbEntity
  8
BLACK
  6
CONTINUOUS
100
AcDbLine
 10
3.0506299212598424
 20
2.4421653543307085
 30
0
 11
3.0506299212598424
 21
2.3098818897637794
 31
0
  0
LINE
  5
AB5
330
1A
100
AcDbEntity
  8
BLACK
  6
CONTINUOUS
100
AcDbLine
 10
3.0506299212598424
 20
2.3098818897637794
 30
0
 11
3.0504800787401574
 21
2.3091285826771655
 31
0
  0
LINE
  5
AB6
330
1A
100
AcDbEntity
  8
BLACK
  6
CONTINUOUS
100
AcDbLine
 10
3.0504800787401574
 20
2.3091285826771655
 30
0
 11
3.0494147244094489
 21
2.3080632283464566
 31
0
  0
LINE
  5
AB7
330
1A
100
AcDbEntity
  8
BLACK
  6
CONTINUOUS
100
AcDbLine
 10
3.0494147244094489
 20
2.3080632283464566
 30
0
 11
3.0486614173228346
 21
2.3079133858267715
 31
0
  0
LINE
  5
AB8
330
1A
100
AcDbEntity
  8
BLACK
  6
CONTINUOUS
100
AcDbLine
 10
3.0486614173228346
 20
2.3079133858267715
 30
0
 11
2.9738582677165355
 21
2.3079133858267715
 31
0
  0
LINE
  5
AB9
330
1A
100
AcDbEntity
  8
BLACK
  6
CONTINUOUS
100
AcDbLine
 10
2.9738582677165355
 20
2.3079133858267715
 30
0
 11
2.9731049606299211
 21
2.3080632283464566
 31
0
  0
LINE
  5
ABA
330
1A
100
AcDbEntity
  8
BLACK
  6
CONTINUOUS
100
AcDbLine
 10
2.9731049606299211
 20
2.3080632283464566
 30
0
 11
2.9720396062992127
 21
2.3091285826771655
 31
0
  0
LINE
  5
ABB
330
1A
100
AcDbEntity
  8
BLACK
  6
CONTINUOUS
100
AcDbLine
 10
2.9720396062992127
 20
2.3091285826771655
 30
0
 11
2.9718897637795276
 21
2.3098818897637794
 31
0
  0
LINE
  5
ABC
330
1A
100
AcDbEntity
  8
BLACK
  6
CONTINUOUS
100
AcDbLine
 10
2.9718897637795276
 20
2.3098818897637794
 30
0
 11
2.9718897637795276
 21
2.4421653543307085
 31
0
  0
LINE
  5
ABD
330
1A
100
AcDbEntity
  8
BLACK
  6
CONTINUOUS
100
AcDbLine
 10
2.9718897637795276
 20
2.4421653543307085
 30
0
 11
2.9720396062992127
 21
2.4429186614173228
 31
0
  0
LINE
  5
ABE
330
1A
100
AcDbEntity
  8
BLACK
  6
CONTINUOUS
100
AcDbLine
 10
2.9720396062992127
 20
2.4429186614173228
 30
0
 11
2.9731049606299211
 21
2.4439840157480313
 31
0
  0
LINE
  5
ABF
330
1A
100
AcDbEntity
  8
BLACK
  6
CONTINUOUS
100
AcDbLine
 10
2.9731049606299211
 20
2.4439840157480313
 30
0
 11
2.9738582677165355
 21
2.4441338582677163
 31
0
  0
LINE
  5
AC0
330
1A
100
AcDbEntity
  8
BLACK
  6
CONTINUOUS
100
AcDbLine
 10
2.9738582677165355
 20
2.4441338582677163
 30
0
 11
3.0486614173228346
 21
2.4441338582677163
 31
0
  0
LINE
  5
AC1
330
1A
100
AcDbEntity
  8
BLACK
  6
CONTINUOUS
100
AcDbLine
 10
3.0486614173228346
 20
2.4441338582677163
 30
0
 11
3.0494147244094489
 21
2.4439840157480313
 31
0
  0
LINE
  5
AC2
330
1A
100
AcDbEntity
  8
BLACK
  6
CONTINUOUS
100
AcDbLine
 10
2.9758267716535434
 20
2.4401968503937006
 30
0
 11
2.9758267716535434
 21
2.3118503937007873
 31
0
  0
LINE
  5
AC3
330
1A
100
AcDbEntity
  8
BLACK
  6
CONTINUOUS
100
AcDbLine
 10
2.9758267716535434
 20
2.3118503937007873
 30
0
 11
3.0466929133858267
 21
2.3118503937007873
 31
0
  0
LINE
  5
AC4
330
1A
100
AcDbEntity
  8
BLACK
  6
CONTINUOUS
100
AcDbLine
 10
3.0466929133858267
 20
2.3118503937007873
 30
0
 11
3.0466929133858267
 21
2.4401968503937006
 31
0
  0
LINE
  5
AC5
330
1A
100
AcDbEntity
  8
BLACK
  6
CONTINUOUS
100
AcDbLine
 10
3.0466929133858267
 20
2.4401968503937006
 30
0
 11
2.9758267716535434
 21
2.4401968503937006
 31
0
  0
LINE
  5
AC6
330
1A
100
AcDbEntity
  8
BLACK
  6
CONTINUOUS
100
AcDbLine
 10
3.8505958267716536
 20
2.3947714173228345
 30
0
 11
3.851661181102362
 21
2.3937060629921261
 31
0
  0
LINE
  5
AC7
330
1A
100
AcDbEntity
  8
BLACK
  6
CONTINUOUS
100
AcDbLine
 10
3.851661181102362
 20
2.3937060629921261
 30
0
 11
3.8518110236220471
 21
2.3929527559055117
 31
0
  0
LINE
  5
AC8
330
1A
100
AcDbEntity
  8
BLACK
  6
CONTINUOUS
100
AcDbLine
 10
3.8518110236220471
 20
2.3929527559055117
 30
0
 11
3.8518110236220471
 21
2.315787401574803
 31
0
  0
LINE
  5
AC9
330
1A
100
AcDbEntity
  8
BLACK
  6
CONTINUOUS
100
AcDbLine
 10
3.8518110236220471
 20
2.315787401574803
 30
0
 11
3.851661181102362
 21
2.3150340944881891
 31
0
  0
LINE
  5
ACA
330
1A
100
AcDbEntity
  8
BLACK
  6
CONTINUOUS
100
AcDbLine
 10
3.851661181102362
 20
2.3150340944881891
 30
0
 11
3.8505958267716536
 21
2.3139687401574802
 31
0
  0
LINE
  5
ACB
330
1A
100
AcDbEntity
  8
BLACK
  6
CONTINUOUS
100
AcDbLine
 10
3.8505958267716536
 20
2.3139687401574802
 30
0
 11
3.8498425196850392
 21
2.3138188976377951
 31
0
  0
LINE
  5
ACC
330
1A
100
AcDbEntity
  8
BLACK
  6
CONTINUOUS
100
AcDbLine
 10
3.8498425196850392
 20
2.3138188976377951
 30
0
 11
3.715984251968504
 21
2.3138188976377951
 31
0
  0
LINE
  5
ACD
330
1A
100
AcDbEntity
  8
BLACK
  6
CONTINUOUS
100
AcDbLine
 10
3.715984251968504
 20
2.3138188976377951
 30
0
 11
3.7152309448818897
 21
2.3139687401574802
 31
0
  0
LINE
  5
ACE
330
1A
100
AcDbEntity
  8
BLACK
  6
CONTINUOUS
100
AcDbLine
 10
3.7152309448818897
 20
2.3139687401574802
 30
0
 11
3.7141655905511812
 21
2.3150340944881891
 31
0
  0
LINE
  5
ACF
330
1A
100
AcDbEntity
  8
BLACK
  6
CONTINUOUS
100
AcDbLine
 10
3.7141655905511812
 20
2.3150340944881891
 30
0
 11
3.7140157480314961
 21
2.315787401574803
 31
0
  0
LINE
  5
AD0
330
1A
100
AcDbEntity
  8
BLACK
  6
CONTINUOUS
100
AcDbLine
 10
3.7140157480314961
 20
2.315787401574803
 30
0
 11
3.7140157480314961
 21
2.3929527559055117
 31
0
  0
LINE
  5
AD1
330
1A
100
AcDbEntity
  8
BLACK
  6
CONTINUOUS
100
AcDbLine
 10
3.7140157480314961
 20
2.3929527559055117
 30
0
 11
3.7141655905511812
 21
2.3937060629921261
 31
0
  0
LINE
  5
AD2
330
1A
100
AcDbEntity
  8
BLACK
  6
CONTINUOUS
100
AcDbLine
 10
3.7141655905511812
 20
2.3937060629921261
 30
0
 11
3.7152309448818897
 21
2.3947714173228345
 31
0
  0
LINE
  5
AD3
330
1A
100
AcDbEntity
  8
BLACK
  6
CONTINUOUS
100
AcDbLine
 10
3.7152309448818897
 20
2.3947714173228345
 30
0
 11
3.715984251968504
 21
2.3949212598425196
 31
0
  0
LINE
  5
AD4
330
1A
100
AcDbEntity
  8
BLACK
  6
CONTINUOUS
100
AcDbLine
 10
3.715984251968504
 20
2.3949212598425196
 30
0
 11
3.8498425196850392
 21
2.3949212598425196
 31
0
  0
LINE
  5
AD5
330
1A
100
AcDbEntity
  8
BLACK
  6
CONTINUOUS
100
AcDbLine
 10
3.8498425196850392
 20
2.3949212598425196
 30
0
 11
3.8505958267716536
 21
2.3947714173228345
 31
0
  0
LINE
  5
AD6
330
1A
100
AcDbEntity
  8
BLACK
  6
CONTINUOUS
100
AcDbLine
 10
3.7179527559055119
 20
2.3909842519685038
 30
0
 11
3.7179527559055119
 21
2.3177559055118109
 31
0
  0
LINE
  5
AD7
330
1A
100
AcDbEntity
  8
BLACK
  6
CONTINUOUS
100
AcDbLine
 10
3.7179527559055119
 20
2.3177559055118109
 30
0
 11
3.8478740157480313
 21
2.3177559055118109
 31
0
  0
LINE
  5
AD8
330
1A
100
AcDbEntity
  8
BLACK
  6
CONTINUOUS
100
AcDbLine
 10
3.8478740157480313
 20
2.3177559055118109
 30
0
 11
3.8478740157480313
 21
2.3909842519685038
 31
0
  0
LINE
  5
AD9
330
1A
100
AcDbEntity
  8
BLACK
  6
CONTINUOUS
100
AcDbLine
 10
3.8478740157480313
 20
2.3909842519685038
 30
0
 11
3.7179527559055119
 21
2.3909842519685038
 31
0
  0
LINE
  5
ADA
330
1A
100
AcDbEntity
  8
BLACK
  6
CONTINUOUS
100
AcDbLine
 10
1.9025643307086613
 20
2.4654407086614172
 30
0
 11
1.9032874015748031
 21
2.4647176377952755
 31
0
  0
LINE
  5
ADB
330
1A
100
AcDbEntity
  8
BLACK
  6
CONTINUOUS
100
AcDbLine
 10
1.9032874015748031
 20
2.4647176377952755
 30
0
 11
1.9040104724409448
 21
2.4654407086614172
 31
0
  0
LINE
  5
ADC
330
1A
100
AcDbEntity
  8
BLACK
  6
CONTINUOUS
100
AcDbLine
 10
1.9040104724409448
 20
2.4654407086614172
 30
0
 11
1.9047637795275589
 21
2.4655905511811023
 31
0
  0
LINE
  5
ADD
330
1A
100
AcDbEntity
  8
BLACK
  6
CONTINUOUS
100
AcDbLine
 10
1.9047637795275589
 20
2.4655905511811023
 30
0
 11
1.9819291338582676
 21
2.4655905511811023
 31
0
  0
LINE
  5
ADE
330
1A
100
AcDbEntity
  8
BLACK
  6
CONTINUOUS
100
AcDbLine
 10
1.9819291338582676
 20
2.4655905511811023
 30
0
 11
1.9826824409448818
 21
2.4654407086614172
 31
0
  0
LINE
  5
ADF
330
1A
100
AcDbEntity
  8
BLACK
  6
CONTINUOUS
100
AcDbLine
 10
1.9826824409448818
 20
2.4654407086614172
 30
0
 11
1.9837477952755904
 21
2.4643753543307088
 31
0
  0
LINE
  5
AE0
330
1A
100
AcDbEntity
  8
BLACK
  6
CONTINUOUS
100
AcDbLine
 10
1.9837477952755904
 20
2.4643753543307088
 30
0
 11
1.9838976377952755
 21
2.4636220472440944
 31
0
  0
LINE
  5
AE1
330
1A
100
AcDbEntity
  8
BLACK
  6
CONTINUOUS
100
AcDbLine
 10
1.9838976377952755
 20
2.4636220472440944
 30
0
 11
1.9838976377952755
 21
2.3297637795275592
 31
0
  0
LINE
  5
AE2
330
1A
100
AcDbEntity
  8
BLACK
  6
CONTINUOUS
100
AcDbLine
 10
1.9838976377952755
 20
2.3297637795275592
 30
0
 11
1.9837477952755904
 21
2.3290104724409448
 31
0
  0
LINE
  5
AE3
330
1A
100
AcDbEntity
  8
BLACK
  6
CONTINUOUS
100
AcDbLine
 10
1.9837477952755904
 20
2.3290104724409448
 30
0
 11
1.9826824409448818
 21
2.327945118110236
 31
0
  0
LINE
  5
AE4
330
1A
100
AcDbEntity
  8
BLACK
  6
CONTINUOUS
100
AcDbLine
 10
1.9826824409448818
 20
2.327945118110236
 30
0
 11
1.9819291338582676
 21
2.3277952755905513
 31
0
  0
LINE
  5
AE5
330
1A
100
AcDbEntity
  8
BLACK
  6
CONTINUOUS
100
AcDbLine
 10
1.9819291338582676
 20
2.3277952755905513
 30
0
 11
1.9047637795275589
 21
2.3277952755905513
 31
0
  0
LINE
  5
AE6
330
1A
100
AcDbEntity
  8
BLACK
  6
CONTINUOUS
100
AcDbLine
 10
1.9047637795275589
 20
2.3277952755905513
 30
0
 11
1.9040104724409448
 21
2.327945118110236
 31
0
  0
LINE
  5
AE7
330
1A
100
AcDbEntity
  8
BLACK
  6
CONTINUOUS
100
AcDbLine
 10
1.9040104724409448
 20
2.327945118110236
 30
0
 11
1.9032874015748031
 21
2.3286681889763781
 31
0
  0
LINE
  5
AE8
330
1A
100
AcDbEntity
  8
BLACK
  6
CONTINUOUS
100
AcDbLine
 10
1.9032874015748031
 20
2.3286681889763781
 30
0
 11
1.9025643307086613
 21
2.327945118110236
 31
0
  0
LINE
  5
AE9
330
1A
100
AcDbEntity
  8
BLACK
  6
CONTINUOUS
100
AcDbLine
 10
1.9025643307086613
 20
2.327945118110236
 30
0
 11
1.9018110236220471
 21
2.3277952755905513
 31
0
  0
LINE
  5
AEA
330
1A
100
AcDbEntity
  8
BLACK
  6
CONTINUOUS
100
AcDbLine
 10
1.9018110236220471
 20
2.3277952755905513
 30
0
 11
1.8246456692913386
 21
2.3277952755905513
 31
0
  0
LINE
  5
AEB
330
1A
100
AcDbEntity
  8
BLACK
  6
CONTINUOUS
100
AcDbLine
 10
1.8246456692913386
 20
2.3277952755905513
 30
0
 11
1.8238923622047243
 21
2.327945118110236
 31
0
  0
LINE
  5
AEC
330
1A
100
AcDbEntity
  8
BLACK
  6
CONTINUOUS
100
AcDbLine
 10
1.8238923622047243
 20
2.327945118110236
 30
0
 11
1.8228270078740156
 21
2.3290104724409448
 31
0
  0
LINE
  5
AED
330
1A
100
AcDbEntity
  8
BLACK
  6
CONTINUOUS
100
AcDbLine
 10
1.8228270078740156
 20
2.3290104724409448
 30
0
 11
1.8226771653543308
 21
2.3297637795275592
 31
0
  0
LINE
  5
AEE
330
1A
100
AcDbEntity
  8
BLACK
  6
CONTINUOUS
100
AcDbLine
 10
1.8226771653543308
 20
2.3297637795275592
 30
0
 11
1.8226771653543308
 21
2.4636220472440944
 31
0
  0
LINE
  5
AEF
330
1A
100
AcDbEntity
  8
BLACK
  6
CONTINUOUS
100
AcDbLine
 10
1.8226771653543308
 20
2.4636220472440944
 30
0
 11
1.8228270078740156
 21
2.4643753543307088
 31
0
  0
LINE
  5
AF0
330
1A
100
AcDbEntity
  8
BLACK
  6
CONTINUOUS
100
AcDbLine
 10
1.8228270078740156
 20
2.4643753543307088
 30
0
 11
1.8238923622047243
 21
2.4654407086614172
 31
0
  0
LINE
  5
AF1
330
1A
100
AcDbEntity
  8
BLACK
  6
CONTINUOUS
100
AcDbLine
 10
1.8238923622047243
 20
2.4654407086614172
 30
0
 11
1.8246456692913386
 21
2.4655905511811023
 31
0
  0
LINE
  5
AF2
330
1A
100
AcDbEntity
  8
BLACK
  6
CONTINUOUS
100
AcDbLine
 10
1.8246456692913386
 20
2.4655905511811023
 30
0
 11
1.9018110236220471
 21
2.4655905511811023
 31
0
  0
LINE
  5
AF3
330
1A
100
AcDbEntity
  8
BLACK
  6
CONTINUOUS
100
AcDbLine
 10
1.9018110236220471
 20
2.4655905511811023
 30
0
 11
1.9025643307086613
 21
2.4654407086614172
 31
0
  0
LINE
  5
AF4
330
1A
100
AcDbEntity
  8
BLACK
  6
CONTINUOUS
100
AcDbLine
 10
1.9067322834645668
 20
2.4616535433070865
 30
0
 11
1.9067322834645668
 21
2.3317322834645671
 31
0
  0
LINE
  5
AF5
330
1A
100
AcDbEntity
  8
BLACK
  6
CONTINUOUS
100
AcDbLine
 10
1.9067322834645668
 20
2.3317322834645671
 30
0
 11
1.9799606299212598
 21
2.3317322834645671
 31
0
  0
LINE
  5
AF6
330
1A
100
AcDbEntity
  8
BLACK
  6
CONTINUOUS
100
AcDbLine
 10
1.9799606299212598
 20
2.3317322834645671
 30
0
 11
1.9799606299212598
 21
2.4616535433070865
 31
0
  0
LINE
  5
AF7
330
1A
100
AcDbEntity
  8
BLACK
  6
CONTINUOUS
100
AcDbLine
 10
1.9799606299212598
 20
2.4616535433070865
 30
0
 11
1.9067322834645668
 21
2.4616535433070865
 31
0
  0
LINE
  5
AF8
330
1A
100
AcDbEntity
  8
BLACK
  6
CONTINUOUS
100
AcDbLine
 10
1.8266141732283465
 20
2.4616535433070865
 30
0
 11
1.8266141732283465
 21
2.3317322834645671
 31
0
  0
LINE
  5
AF9
330
1A
100
AcDbEntity
  8
BLACK
  6
CONTINUOUS
100
AcDbLine
 10
1.8266141732283465
 20
2.3317322834645671
 30
0
 11
1.8998425196850393
 21
2.3317322834645671
 31
0
  0
LINE
  5
AFA
330
1A
100
AcDbEntity
  8
BLACK
  6
CONTINUOUS
100
AcDbLine
 10
1.8998425196850393
 20
2.3317322834645671
 30
0
 11
1.8998425196850393
 21
2.4616535433070865
 31
0
  0
LINE
  5
AFB
330
1A
100
AcDbEntity
  8
BLACK
  6
CONTINUOUS
100
AcDbLine
 10
1.8998425196850393
 20
2.4616535433070865
 30
0
 11
1.8266141732283465
 21
2.4616535433070865
 31
0
  0
LINE
  5
AFC
330
1A
100
AcDbEntity
  8
BLACK
  6
CONTINUOUS
100
AcDbLine
 10
1.3639987007874015
 20
2.4220116929133857
 30
0
 11
1.3645313779527559
 21
2.4214790157480315
 31
0
  0
LINE
  5
AFD
330
1A
100
AcDbEntity
  8
BLACK
  6
CONTINUOUS
100
AcDbLine
 10
1.3645313779527559
 20
2.4214790157480315
 30
0
 11
1.3646062992125985
 21
2.4211023622047243
 31
0
  0
LINE
  5
AFE
330
1A
100
AcDbEntity
  8
BLACK
  6
CONTINUOUS
100
AcDbLine
 10
1.3646062992125985
 20
2.4211023622047243
 30
0
 11
1.3646062992125985
 21
2.3439370078740156
 31
0
  0
LINE
  5
AFF
330
1A
100
AcDbEntity
  8
BLACK
  6
CONTINUOUS
100
AcDbLine
 10
1.3646062992125985
 20
2.3439370078740156
 30
0
 11
1.3645313779527559
 21
2.3435603543307084
 31
0
  0
LINE
  5
B00
330
1A
100
AcDbEntity
  8
BLACK
  6
CONTINUOUS
100
AcDbLine
 10
1.3645313779527559
 20
2.3435603543307084
 30
0
 11
1.3639987007874015
 21
2.3430276771653542
 31
0
  0
LINE
  5
B01
330
1A
100
AcDbEntity
  8
BLACK
  6
CONTINUOUS
100
AcDbLine
 10
1.3639987007874015
 20
2.3430276771653542
 30
0
 11
1.3636220472440945
 21
2.3429527559055119
 31
0
  0
LINE
  5
B02
330
1A
100
AcDbEntity
  8
BLACK
  6
CONTINUOUS
100
AcDbLine
 10
1.3636220472440945
 20
2.3429527559055119
 30
0
 11
1.2297637795275591
 21
2.3429527559055119
 31
0
  0
LINE
  5
B03
330
1A
100
AcDbEntity
  8
BLACK
  6
CONTINUOUS
100
AcDbLine
 10
1.2297637795275591
 20
2.3429527559055119
 30
0
 11
1.2293871259842519
 21
2.3430276771653542
 31
0
  0
LINE
  5
B04
330
1A
100
AcDbEntity
  8
BLACK
  6
CONTINUOUS
100
AcDbLine
 10
1.2293871259842519
 20
2.3430276771653542
 30
0
 11
1.2288544488188977
 21
2.3435603543307084
 31
0
  0
LINE
  5
B05
330
1A
100
AcDbEntity
  8
BLACK
  6
CONTINUOUS
100
AcDbLine
 10
1.2288544488188977
 20
2.3435603543307084
 30
0
 11
1.2287795275590552
 21
2.3439370078740156
 31
0
  0
LINE
  5
B06
330
1A
100
AcDbEntity
  8
BLACK
  6
CONTINUOUS
100
AcDbLine
 10
1.2287795275590552
 20
2.3439370078740156
 30
0
 11
1.2287795275590552
 21
2.4211023622047243
 31
0
  0
LINE
  5
B07
330
1A
100
AcDbEntity
  8
BLACK
  6
CONTINUOUS
100
AcDbLine
 10
1.2287795275590552
 20
2.4211023622047243
 30
0
 11
1.2288544488188977
 21
2.4214790157480315
 31
0
  0
LINE
  5
B08
330
1A
100
AcDbEntity
  8
BLACK
  6
CONTINUOUS
100
AcDbLine
 10
1.2288544488188977
 20
2.4214790157480315
 30
0
 11
1.2293871259842519
 21
2.4220116929133857
 31
0
  0
LINE
  5
B09
330
1A
100
AcDbEntity
  8
BLACK
  6
CONTINUOUS
100
AcDbLine
 10
1.2293871259842519
 20
2.4220116929133857
 30
0
 11
1.2297637795275591
 21
2.4220866141732285
 31
0
  0
LINE
  5
B0A
330
1A
100
AcDbEntity
  8
BLACK
  6
CONTINUOUS
100
AcDbLine
 10
1.2297637795275591
 20
2.4220866141732285
 30
0
 11
1.3636220472440945
 21
2.4220866141732285
 31
0
  0
LINE
  5
B0B
330
1A
100
AcDbEntity
  8
BLACK
  6
CONTINUOUS
100
AcDbLine
 10
1.3636220472440945
 20
2.4220866141732285
 30
0
 11
1.3639987007874015
 21
2.4220116929133857
 31
0
  0
LINE
  5
B0C
330
1A
100
AcDbEntity
  8
BLACK
  6
CONTINUOUS
100
AcDbLine
 10
1.230748031496063
 20
2.4201181102362206
 30
0
 11
1.230748031496063
 21
2.3449212598425198
 31
0
  0
LINE
  5
B0D
330
1A
100
AcDbEntity
  8
BLACK
  6
CONTINUOUS
100
AcDbLine
 10
1.230748031496063
 20
2.3449212598425198
 30
0
 11
1.3626377952755906
 21
2.3449212598425198
 31
0
  0
LINE
  5
B0E
330
1A
100
AcDbEntity
  8
BLACK
  6
CONTINUOUS
100
AcDbLine
 10
1.3626377952755906
 20
2.3449212598425198
 30
0
 11
1.3626377952755906
 21
2.4201181102362206
 31
0
  0
LINE
  5
B0F
330
1A
100
AcDbEntity
  8
BLACK
  6
CONTINUOUS
100
AcDbLine
 10
1.3626377952755906
 20
2.4201181102362206
 30
0
 11
1.230748031496063
 21
2.4201181102362206
 31
0
  0
LINE
  5
B10
330
1A
100
AcDbEntity
  8
BLACK
  6
CONTINUOUS
100
AcDbLine
 10
1.1649401181102361
 20
2.4877984645669291
 30
0
 11
1.1725782677165355
 21
2.4853166535433071
 31
0
  0
LINE
  5
B11
330
1A
100
AcDbEntity
  8
BLACK
  6
CONTINUOUS
100
AcDbLine
 10
1.1725782677165355
 20
2.4853166535433071
 30
0
 11
1.1797341732283464
 21
2.4816705511811024
 31
0
  0
LINE
  5
B12
330
1A
100
AcDbEntity
  8
BLACK
  6
CONTINUOUS
100
AcDbLine
 10
1.1797341732283464
 20
2.4816705511811024
 30
0
 11
1.1862315748031496
 21
2.4769499212598425
 31
0
  0
LINE
  5
B13
330
1A
100
AcDbEntity
  8
BLACK
  6
CONTINUOUS
100
AcDbLine
 10
1.1862315748031496
 20
2.4769499212598425
 30
0
 11
1.1919105511811023
 21
2.4712709448818897
 31
0
  0
LINE
  5
B14
330
1A
100
AcDbEntity
  8
BLACK
  6
CONTINUOUS
100
AcDbLine
 10
1.1919105511811023
 20
2.4712709448818897
 30
0
 11
1.1966311811023622
 21
2.4647735433070865
 31
0
  0
LINE
  5
B15
330
1A
100
AcDbEntity
  8
BLACK
  6
CONTINUOUS
100
AcDbLine
 10
1.1966311811023622
 20
2.4647735433070865
 30
0
 11
1.200277283464567
 21
2.4576176377952756
 31
0
  0
LINE
  5
B16
330
1A
100
AcDbEntity
  8
BLACK
  6
CONTINUOUS
100
AcDbLine
 10
1.200277283464567
 20
2.4576176377952756
 30
0
 11
1.202759094488189
 21
2.4499794881889763
 31
0
  0
LINE
  5
B17
330
1A
100
AcDbEntity
  8
BLACK
  6
CONTINUOUS
100
AcDbLine
 10
1.202759094488189
 20
2.4499794881889763
 30
0
 11
1.2040154724409449
 21
2.442047125984252
 31
0
  0
LINE
  5
B18
330
1A
100
AcDbEntity
  8
BLACK
  6
CONTINUOUS
100
AcDbLine
 10
1.2040154724409449
 20
2.442047125984252
 30
0
 11
1.2040154724409449
 21
2.4340158661417322
 31
0
  0
LINE
  5
B19
330
1A
100
AcDbEntity
  8
BLACK
  6
CONTINUOUS
100
AcDbLine
 10
1.2040154724409449
 20
2.4340158661417322
 30
0
 11
1.202759094488189
 21
2.4260835039370079
 31
0
  0
LINE
  5
B1A
330
1A
100
AcDbEntity
  8
BLACK
  6
CONTINUOUS
100
AcDbLine
 10
1.202759094488189
 20
2.4260835039370079
 30
0
 11
1.200277283464567
 21
2.4184453543307085
 31
0
  0
LINE
  5
B1B
330
1A
100
AcDbEntity
  8
BLACK
  6
CONTINUOUS
100
AcDbLine
 10
1.200277283464567
 20
2.4184453543307085
 30
0
 11
1.1966311811023622
 21
2.4112894488188976
 31
0
  0
LINE
  5
B1C
330
1A
100
AcDbEntity
  8
BLACK
  6
CONTINUOUS
100
AcDbLine
 10
1.1966311811023622
 20
2.4112894488188976
 30
0
 11
1.1919105511811023
 21
2.4047920472440945
 31
0
  0
LINE
  5
B1D
330
1A
100
AcDbEntity
  8
BLACK
  6
CONTINUOUS
100
AcDbLine
 10
1.1919105511811023
 20
2.4047920472440945
 30
0
 11
1.1862315748031496
 21
2.3991130708661417
 31
0
  0
LINE
  5
B1E
330
1A
100
AcDbEntity
  8
BLACK
  6
CONTINUOUS
100
AcDbLine
 10
1.1862315748031496
 20
2.3991130708661417
 30
0
 11
1.1797341732283464
 21
2.3943924409448818
 31
0
  0
LINE
  5
B1F
330
1A
100
AcDbEntity
  8
BLACK
  6
CONTINUOUS
100
AcDbLine
 10
1.1797341732283464
 20
2.3943924409448818
 30
0
 11
1.1725782677165355
 21
2.390746338582677
 31
0
  0
LINE
  5
B20
330
1A
100
AcDbEntity
  8
BLACK
  6
CONTINUOUS
100
AcDbLine
 10
1.1725782677165355
 20
2.390746338582677
 30
0
 11
1.1649401181102361
 21
2.3882645275590551
 31
0
  0
LINE
  5
B21
330
1A
100
AcDbEntity
  8
BLACK
  6
CONTINUOUS
100
AcDbLine
 10
1.1649401181102361
 20
2.3882645275590551
 30
0
 11
1.1570077559055119
 21
2.3870081496062991
 31
0
  0
LINE
  5
B22
330
1A
100
AcDbEntity
  8
BLACK
  6
CONTINUOUS
100
AcDbLine
 10
1.1570077559055119
 20
2.3870081496062991
 30
0
 11
1.148976496062992
 21
2.3870081496062991
 31
0
  0
LINE
  5
B23
330
1A
100
AcDbEntity
  8
BLACK
  6
CONTINUOUS
100
AcDbLine
 10
1.148976496062992
 20
2.3870081496062991
 30
0
 11
1.1410441338582678
 21
2.3882645275590551
 31
0
  0
LINE
  5
B24
330
1A
100
AcDbEntity
  8
BLACK
  6
CONTINUOUS
100
AcDbLine
 10
1.1410441338582678
 20
2.3882645275590551
 30
0
 11
1.1334059842519684
 21
2.390746338582677
 31
0
  0
LINE
  5
B25
330
1A
100
AcDbEntity
  8
BLACK
  6
CONTINUOUS
100
AcDbLine
 10
1.1334059842519684
 20
2.390746338582677
 30
0
 11
1.1262500787401575
 21
2.3943924409448818
 31
0
  0
LINE
  5
B26
330
1A
100
AcDbEntity
  8
BLACK
  6
CONTINUOUS
100
AcDbLine
 10
1.1262500787401575
 20
2.3943924409448818
 30
0
 11
1.1197526771653543
 21
2.3991130708661417
 31
0
  0
LINE
  5
B27
330
1A
100
AcDbEntity
  8
BLACK
  6
CONTINUOUS
100
AcDbLine
 10
1.1197526771653543
 20
2.3991130708661417
 30
0
 11
1.1140737007874015
 21
2.4047920472440945
 31
0
  0
LINE
  5
B28
330
1A
100
AcDbEntity
  8
BLACK
  6
CONTINUOUS
100
AcDbLine
 10
1.1140737007874015
 20
2.4047920472440945
 30
0
 11
1.1093530708661417
 21
2.4112894488188976
 31
0
  0
LINE
  5
B29
330
1A
100
AcDbEntity
  8
BLACK
  6
CONTINUOUS
100
AcDbLine
 10
1.1093530708661417
 20
2.4112894488188976
 30
0
 11
1.1057069685039369
 21
2.4184453543307085
 31
0
  0
LINE
  5
B2A
330
1A
100
AcDbEntity
  8
BLACK
  6
CONTINUOUS
100
AcDbLine
 10
1.1057069685039369
 20
2.4184453543307085
 30
0
 11
1.1032251574803149
 21
2.4260835039370079
 31
0
  0
LINE
  5
B2B
330
1A
100
AcDbEntity
  8
BLACK
  6
CONTINUOUS
100
AcDbLine
 10
1.1032251574803149
 20
2.4260835039370079
 30
0
 11
1.101968779527559
 21
2.4340158661417322
 31
0
  0
LINE
  5
B2C
330
1A
100
AcDbEntity
  8
BLACK
  6
CONTINUOUS
100
AcDbLine
 10
1.101968779527559
 20
2.4340158661417322
 30
0
 11
1.101968779527559
 21
2.4417496850393698
 31
0
  0
LINE
  5
B2D
330
1A
100
AcDbEntity
  8
BLACK
  6
CONTINUOUS
100
AcDbLine
 10
1.101968779527559
 20
2.4417496850393698
 30
0
 11
1.101968779527559
 21
2.442047125984252
 31
0
  0
LINE
  5
B2E
330
1A
100
AcDbEntity
  8
BLACK
  6
CONTINUOUS
100
AcDbLine
 10
1.101968779527559
 20
2.442047125984252
 30
0
 11
1.1032251574803149
 21
2.4499794881889763
 31
0
  0
LINE
  5
B2F
330
1A
100
AcDbEntity
  8
BLACK
  6
CONTINUOUS
100
AcDbLine
 10
1.1032251574803149
 20
2.4499794881889763
 30
0
 11
1.1057069685039369
 21
2.4576176377952756
 31
0
  0
LINE
  5
B30
330
1A
100
AcDbEntity
  8
BLACK
  6
CONTINUOUS
100
AcDbLine
 10
1.1057069685039369
 20
2.4576176377952756
 30
0
 11
1.1093530708661417
 21
2.4647735433070865
 31
0
  0
LINE
  5
B31
330
1A
100
AcDbEntity
  8
BLACK
  6
CONTINUOUS
100
AcDbLine
 10
1.1093530708661417
 20
2.4647735433070865
 30
0
 11
1.1140737007874015
 21
2.4712709448818897
 31
0
  0
LINE
  5
B32
330
1A
100
AcDbEntity
  8
BLACK
  6
CONTINUOUS
100
AcDbLine
 10
1.1140737007874015
 20
2.4712709448818897
 30
0
 11
1.1197526771653543
 21
2.4769499212598425
 31
0
  0
LINE
  5
B33
330
1A
100
AcDbEntity
  8
BLACK
  6
CONTINUOUS
100
AcDbLine
 10
1.1197526771653543
 20
2.4769499212598425
 30
0
 11
1.1262500787401575
 21
2.4816705511811024
 31
0
  0
LINE
  5
B34
330
1A
100
AcDbEntity
  8
BLACK
  6
CONTINUOUS
100
AcDbLine
 10
1.1262500787401575
 20
2.4816705511811024
 30
0
 11
1.1334059842519684
 21
2.4853166535433071
 31
0
  0
LINE
  5
B35
330
1A
100
AcDbEntity
  8
BLACK
  6
CONTINUOUS
100
AcDbLine
 10
1.1334059842519684
 20
2.4853166535433071
 30
0
 11
1.1410441338582678
 21
2.4877984645669291
 31
0
  0
LINE
  5
B36
330
1A
100
AcDbEntity
  8
BLACK
  6
CONTINUOUS
100
AcDbLine
 10
1.1410441338582678
 20
2.4877984645669291
 30
0
 11
1.148976496062992
 21
2.489054842519685
 31
0
  0
LINE
  5
B37
330
1A
100
AcDbEntity
  8
BLACK
  6
CONTINUOUS
100
AcDbLine
 10
1.148976496062992
 20
2.489054842519685
 30
0
 11
1.1570077559055119
 21
2.489054842519685
 31
0
  0
LINE
  5
B38
330
1A
100
AcDbEntity
  8
BLACK
  6
CONTINUOUS
100
AcDbLine
 10
1.1570077559055119
 20
2.489054842519685
 30
0
 11
1.1649401181102361
 21
2.4877984645669291
 31
0
  0
LINE
  5
B39
330
1A
100
AcDbEntity
  8
BLACK
  6
CONTINUOUS
100
AcDbLine
 10
1.105748031496063
 20
2.4343133070866143
 30
0
 11
1.1069113385826772
 21
2.4269684645669289
 31
0
  0
LINE
  5
B3A
330
1A
100
AcDbEntity
  8
BLACK
  6
CONTINUOUS
100
AcDbLine
 10
1.1069113385826772
 20
2.4269684645669289
 30
0
 11
1.1092092913385827
 21
2.4198960629921258
 31
0
  0
LINE
  5
B3B
330
1A
100
AcDbEntity
  8
BLACK
  6
CONTINUOUS
100
AcDbLine
 10
1.1092092913385827
 20
2.4198960629921258
 30
0
 11
1.1125853543307087
 21
2.4132701968503936
 31
0
  0
LINE
  5
B3C
330
1A
100
AcDbEntity
  8
BLACK
  6
CONTINUOUS
100
AcDbLine
 10
1.1125853543307087
 20
2.4132701968503936
 30
0
 11
1.1169563385826771
 21
2.4072540157480313
 31
0
  0
LINE
  5
B3D
330
1A
100
AcDbEntity
  8
BLACK
  6
CONTINUOUS
100
AcDbLine
 10
1.1169563385826771
 20
2.4072540157480313
 30
0
 11
1.1222146456692914
 21
2.4019957086614174
 31
0
  0
LINE
  5
B3E
330
1A
100
AcDbEntity
  8
BLACK
  6
CONTINUOUS
100
AcDbLine
 10
1.1222146456692914
 20
2.4019957086614174
 30
0
 11
1.1282308267716534
 21
2.3976247244094488
 31
0
  0
LINE
  5
B3F
330
1A
100
AcDbEntity
  8
BLACK
  6
CONTINUOUS
100
AcDbLine
 10
1.1282308267716534
 20
2.3976247244094488
 30
0
 11
1.1348566929133859
 21
2.3942486614173228
 31
0
  0
LINE
  5
B40
330
1A
100
AcDbEntity
  8
BLACK
  6
CONTINUOUS
100
AcDbLine
 10
1.1348566929133859
 20
2.3942486614173228
 30
0
 11
1.141929094488189
 21
2.3919507086614171
 31
0
  0
LINE
  5
B41
330
1A
100
AcDbEntity
  8
BLACK
  6
CONTINUOUS
100
AcDbLine
 10
1.141929094488189
 20
2.3919507086614171
 30
0
 11
1.1492739370078739
 21
2.3907874015748032
 31
0
  0
LINE
  5
B42
330
1A
100
AcDbEntity
  8
BLACK
  6
CONTINUOUS
100
AcDbLine
 10
1.1492739370078739
 20
2.3907874015748032
 30
0
 11
1.1567103149606299
 21
2.3907874015748032
 31
0
  0
LINE
  5
B43
330
1A
100
AcDbEntity
  8
BLACK
  6
CONTINUOUS
100
AcDbLine
 10
1.1567103149606299
 20
2.3907874015748032
 30
0
 11
1.1640551574803149
 21
2.3919507086614171
 31
0
  0
LINE
  5
B44
330
1A
100
AcDbEntity
  8
BLACK
  6
CONTINUOUS
100
AcDbLine
 10
1.1640551574803149
 20
2.3919507086614171
 30
0
 11
1.171127559055118
 21
2.3942486614173228
 31
0
  0
LINE
  5
B45
330
1A
100
AcDbEntity
  8
BLACK
  6
CONTINUOUS
100
AcDbLine
 10
1.171127559055118
 20
2.3942486614173228
 30
0
 11
1.1777534251968504
 21
2.3976247244094488
 31
0
  0
LINE
  5
B46
330
1A
100
AcDbEntity
  8
BLACK
  6
CONTINUOUS
100
AcDbLine
 10
1.1777534251968504
 20
2.3976247244094488
 30
0
 11
1.1837696062992125
 21
2.4019957086614174
 31
0
  0
LINE
  5
B47
330
1A
100
AcDbEntity
  8
BLACK
  6
CONTINUOUS
100
AcDbLine
 10
1.1837696062992125
 20
2.4019957086614174
 30
0
 11
1.1890279133858268
 21
2.4072540157480313
 31
0
  0
LINE
  5
B48
330
1A
100
AcDbEntity
  8
BLACK
  6
CONTINUOUS
100
AcDbLine
 10
1.1890279133858268
 20
2.4072540157480313
 30
0
 11
1.1933988976377952
 21
2.4132701968503936
 31
0
  0
LINE
  5
B49
330
1A
100
AcDbEntity
  8
BLACK
  6
CONTINUOUS
100
AcDbLine
 10
1.1933988976377952
 20
2.4132701968503936
 30
0
 11
1.1967749606299212
 21
2.4198960629921258
 31
0
  0
LINE
  5
B4A
330
1A
100
AcDbEntity
  8
BLACK
  6
CONTINUOUS
100
AcDbLine
 10
1.1967749606299212
 20
2.4198960629921258
 30
0
 11
1.1990729133858267
 21
2.4269684645669289
 31
0
  0
LINE
  5
B4B
330
1A
100
AcDbEntity
  8
BLACK
  6
CONTINUOUS
100
AcDbLine
 10
1.1990729133858267
 20
2.4269684645669289
 30
0
 11
1.2002362204724408
 21
2.4343133070866143
 31
0
  0
LINE
  5
B4C
330
1A
100
AcDbEntity
  8
BLACK
  6
CONTINUOUS
100
AcDbLine
 10
1.2002362204724408
 20
2.4343133070866143
 30
0
 11
1.2002362204724408
 21
2.4417496850393698
 31
0
  0
LINE
  5
B4D
330
1A
100
AcDbEntity
  8
BLACK
  6
CONTINUOUS
100
AcDbLine
 10
1.2002362204724408
 20
2.4417496850393698
 30
0
 11
1.1990729133858267
 21
2.4490945275590552
 31
0
  0
LINE
  5
B4E
330
1A
100
AcDbEntity
  8
BLACK
  6
CONTINUOUS
100
AcDbLine
 10
1.1990729133858267
 20
2.4490945275590552
 30
0
 11
1.1967749606299212
 21
2.4561669291338584
 31
0
  0
LINE
  5
B4F
330
1A
100
AcDbEntity
  8
BLACK
  6
CONTINUOUS
100
AcDbLine
 10
1.1967749606299212
 20
2.4561669291338584
 30
0
 11
1.1933988976377952
 21
2.4627927952755906
 31
0
  0
LINE
  5
B50
330
1A
100
AcDbEntity
  8
BLACK
  6
CONTINUOUS
100
AcDbLine
 10
1.1933988976377952
 20
2.4627927952755906
 30
0
 11
1.1890279133858268
 21
2.4688089763779528
 31
0
  0
LINE
  5
B51
330
1A
100
AcDbEntity
  8
BLACK
  6
CONTINUOUS
100
AcDbLine
 10
1.1890279133858268
 20
2.4688089763779528
 30
0
 11
1.1837696062992125
 21
2.4740672834645667
 31
0
  0
LINE
  5
B52
330
1A
100
AcDbEntity
  8
BLACK
  6
CONTINUOUS
100
AcDbLine
 10
1.1837696062992125
 20
2.4740672834645667
 30
0
 11
1.1777534251968504
 21
2.4784382677165353
 31
0
  0
LINE
  5
B53
330
1A
100
AcDbEntity
  8
BLACK
  6
CONTINUOUS
100
AcDbLine
 10
1.1777534251968504
 20
2.4784382677165353
 30
0
 11
1.171127559055118
 21
2.4818143307086613
 31
0
  0
LINE
  5
B54
330
1A
100
AcDbEntity
  8
BLACK
  6
CONTINUOUS
100
AcDbLine
 10
1.171127559055118
 20
2.4818143307086613
 30
0
 11
1.1640551574803149
 21
2.484112283464567
 31
0
  0
LINE
  5
B55
330
1A
100
AcDbEntity
  8
BLACK
  6
CONTINUOUS
100
AcDbLine
 10
1.1640551574803149
 20
2.484112283464567
 30
0
 11
1.1567103149606299
 21
2.485275590551181
 31
0
  0
LINE
  5
B56
330
1A
100
AcDbEntity
  8
BLACK
  6
CONTINUOUS
100
AcDbLine
 10
1.1567103149606299
 20
2.485275590551181
 30
0
 11
1.1492739370078739
 21
2.485275590551181
 31
0
  0
LINE
  5
B57
330
1A
100
AcDbEntity
  8
BLACK
  6
CONTINUOUS
100
AcDbLine
 10
1.1492739370078739
 20
2.485275590551181
 30
0
 11
1.141929094488189
 21
2.484112283464567
 31
0
  0
LINE
  5
B58
330
1A
100
AcDbEntity
  8
BLACK
  6
CONTINUOUS
100
AcDbLine
 10
1.141929094488189
 20
2.484112283464567
 30
0
 11
1.1348566929133859
 21
2.4818143307086613
 31
0
  0
LINE
  5
B59
330
1A
100
AcDbEntity
  8
BLACK
  6
CONTINUOUS
100
AcDbLine
 10
1.1348566929133859
 20
2.4818143307086613
 30
0
 11
1.1282308267716534
 21
2.4784382677165353
 31
0
  0
LINE
  5
B5A
330
1A
100
AcDbEntity
  8
BLACK
  6
CONTINUOUS
100
AcDbLine
 10
1.1282308267716534
 20
2.4784382677165353
 30
0
 11
1.1222146456692914
 21
2.4740672834645667
 31
0
  0
LINE
  5
B5B
330
1A
100
AcDbEntity
  8
BLACK
  6
CONTINUOUS
100
AcDbLine
 10
1.1222146456692914
 20
2.4740672834645667
 30
0
 11
1.1169563385826771
 21
2.4688089763779528
 31
0
  0
LINE
  5
B5C
330
1A
100
AcDbEntity
  8
BLACK
  6
CONTINUOUS
100
AcDbLine
 10
1.1169563385826771
 20
2.4688089763779528
 30
0
 11
1.1125853543307087
 21
2.4627927952755906
 31
0
  0
LINE
  5
B5D
330
1A
100
AcDbEntity
  8
BLACK
  6
CONTINUOUS
100
AcDbLine
 10
1.1125853543307087
 20
2.4627927952755906
 30
0
 11
1.1092092913385827
 21
2.4561669291338584
 31
0
  0
LINE
  5
B5E
330
1A
100
AcDbEntity
  8
BLACK
  6
CONTINUOUS
100
AcDbLine
 10
1.1092092913385827
 20
2.4561669291338584
 30
0
 11
1.1069113385826772
 21
2.4490945275590552
 31
0
  0
LINE
  5
B5F
330
1A
100
AcDbEntity
  8
BLACK
  6
CONTINUOUS
100
AcDbLine
 10
1.1069113385826772
 20
2.4490945275590552
 30
0
 11
1.105748031496063
 21
2.4417496850393698
 31
0
  0
LINE
  5
B60
330
1A
100
AcDbEntity
  8
BLACK
  6
CONTINUOUS
100
AcDbLine
 10
1.105748031496063
 20
2.4417496850393698
 30
0
 11
1.105748031496063
 21
2.4343133070866143
 31
0
  0
LINE
  5
B61
330
1A
100
AcDbEntity
  8
BLACK
  6
CONTINUOUS
100
AcDbLine
 10
3.621698188976378
 20
2.5358186614173226
 30
0
 11
3.6227635433070864
 21
2.5347533070866142
 31
0
  0
LINE
  5
B62
330
1A
100
AcDbEntity
  8
BLACK
  6
CONTINUOUS
100
AcDbLine
 10
3.6227635433070864
 20
2.5347533070866142
 30
0
 11
3.6229133858267715
 21
2.5339999999999998
 31
0
  0
LINE
  5
B63
330
1A
100
AcDbEntity
  8
BLACK
  6
CONTINUOUS
100
AcDbLine
 10
3.6229133858267715
 20
2.5339999999999998
 30
0
 11
3.6229133858267715
 21
2.4017165354330707
 31
0
  0
LINE
  5
B64
330
1A
100
AcDbEntity
  8
BLACK
  6
CONTINUOUS
100
AcDbLine
 10
3.6229133858267715
 20
2.4017165354330707
 30
0
 11
3.6227635433070864
 21
2.4009632283464568
 31
0
  0
LINE
  5
B65
330
1A
100
AcDbEntity
  8
BLACK
  6
CONTINUOUS
100
AcDbLine
 10
3.6227635433070864
 20
2.4009632283464568
 30
0
 11
3.621698188976378
 21
2.3998978740157479
 31
0
  0
LINE
  5
B66
330
1A
100
AcDbEntity
  8
BLACK
  6
CONTINUOUS
100
AcDbLine
 10
3.621698188976378
 20
2.3998978740157479
 30
0
 11
3.6209448818897636
 21
2.3997480314960629
 31
0
  0
LINE
  5
B67
330
1A
100
AcDbEntity
  8
BLACK
  6
CONTINUOUS
100
AcDbLine
 10
3.6209448818897636
 20
2.3997480314960629
 30
0
 11
3.5461417322834645
 21
2.3997480314960629
 31
0
  0
LINE
  5
B68
330
1A
100
AcDbEntity
  8
BLACK
  6
CONTINUOUS
100
AcDbLine
 10
3.5461417322834645
 20
2.3997480314960629
 30
0
 11
3.5453884251968502
 21
2.3998978740157479
 31
0
  0
LINE
  5
B69
330
1A
100
AcDbEntity
  8
BLACK
  6
CONTINUOUS
100
AcDbLine
 10
3.5453884251968502
 20
2.3998978740157479
 30
0
 11
3.5443230708661417
 21
2.4009632283464568
 31
0
  0
LINE
  5
B6A
330
1A
100
AcDbEntity
  8
BLACK
  6
CONTINUOUS
100
AcDbLine
 10
3.5443230708661417
 20
2.4009632283464568
 30
0
 11
3.5441732283464566
 21
2.4017165354330707
 31
0
  0
LINE
  5
B6B
330
1A
100
AcDbEntity
  8
BLACK
  6
CONTINUOUS
100
AcDbLine
 10
3.5441732283464566
 20
2.4017165354330707
 30
0
 11
3.5441732283464566
 21
2.5339999999999998
 31
0
  0
LINE
  5
B6C
330
1A
100
AcDbEntity
  8
BLACK
  6
CONTINUOUS
100
AcDbLine
 10
3.5441732283464566
 20
2.5339999999999998
 30
0
 11
3.5443230708661417
 21
2.5347533070866142
 31
0
  0
LINE
  5
B6D
330
1A
100
AcDbEntity
  8
BLACK
  6
CONTINUOUS
100
AcDbLine
 10
3.5443230708661417
 20
2.5347533070866142
 30
0
 11
3.5453884251968502
 21
2.5358186614173226
 31
0
  0
LINE
  5
B6E
330
1A
100
AcDbEntity
  8
BLACK
  6
CONTINUOUS
100
AcDbLine
 10
3.5453884251968502
 20
2.5358186614173226
 30
0
 11
3.5461417322834645
 21
2.5359685039370077
 31
0
  0
LINE
  5
B6F
330
1A
100
AcDbEntity
  8
BLACK
  6
CONTINUOUS
100
AcDbLine
 10
3.5461417322834645
 20
2.5359685039370077
 30
0
 11
3.6209448818897636
 21
2.5359685039370077
 31
0
  0
LINE
  5
B70
330
1A
100
AcDbEntity
  8
BLACK
  6
CONTINUOUS
100
AcDbLine
 10
3.6209448818897636
 20
2.5359685039370077
 30
0
 11
3.621698188976378
 21
2.5358186614173226
 31
0
  0
LINE
  5
B71
330
1A
100
AcDbEntity
  8
BLACK
  6
CONTINUOUS
100
AcDbLine
 10
3.5481102362204724
 20
2.5320314960629919
 30
0
 11
3.5481102362204724
 21
2.4036850393700786
 31
0
  0
LINE
  5
B72
330
1A
100
AcDbEntity
  8
BLACK
  6
CONTINUOUS
100
AcDbLine
 10
3.5481102362204724
 20
2.4036850393700786
 30
0
 11
3.6189763779527557
 21
2.4036850393700786
 31
0
  0
LINE
  5
B73
330
1A
100
AcDbEntity
  8
BLACK
  6
CONTINUOUS
100
AcDbLine
 10
3.6189763779527557
 20
2.4036850393700786
 30
0
 11
3.6189763779527557
 21
2.5320314960629919
 31
0
  0
LINE
  5
B74
330
1A
100
AcDbEntity
  8
BLACK
  6
CONTINUOUS
100
AcDbLine
 10
3.6189763779527557
 20
2.5320314960629919
 30
0
 11
3.5481102362204724
 21
2.5320314960629919
 31
0
  0
LINE
  5
B75
330
1A
100
AcDbEntity
  8
BLACK
  6
CONTINUOUS
100
AcDbLine
 10
3.3683123622047244
 20
2.7973304724409447
 30
0
 11
3.3693777165354328
 21
2.7962651181102363
 31
0
  0
LINE
  5
B76
330
1A
100
AcDbEntity
  8
BLACK
  6
CONTINUOUS
100
AcDbLine
 10
3.3693777165354328
 20
2.7962651181102363
 30
0
 11
3.3695275590551179
 21
2.7955118110236219
 31
0
  0
LINE
  5
B77
330
1A
100
AcDbEntity
  8
BLACK
  6
CONTINUOUS
100
AcDbLine
 10
3.3695275590551179
 20
2.7955118110236219
 30
0
 11
3.3695275590551179
 21
2.7183464566929132
 31
0
  0
LINE
  5
B78
330
1A
100
AcDbEntity
  8
BLACK
  6
CONTINUOUS
100
AcDbLine
 10
3.3695275590551179
 20
2.7183464566929132
 30
0
 11
3.3693777165354328
 21
2.7175931496062993
 31
0
  0
LINE
  5
B79
330
1A
100
AcDbEntity
  8
BLACK
  6
CONTINUOUS
100
AcDbLine
 10
3.3693777165354328
 20
2.7175931496062993
 30
0
 11
3.3693436220472441
 21
2.7175590551181101
 31
0
  0
LINE
  5
B7A
330
1A
100
AcDbEntity
  8
BLACK
  6
CONTINUOUS
100
AcDbLine
 10
3.3693436220472441
 20
2.7175590551181101
 30
0
 11
3.4482677165354332
 21
2.7175590551181101
 31
0
  0
LINE
  5
B7B
330
1A
100
AcDbEntity
  8
BLACK
  6
CONTINUOUS
100
AcDbLine
 10
3.4482677165354332
 20
2.7175590551181101
 30
0
 11
3.4490210236220471
 21
2.7174092125984251
 31
0
  0
LINE
  5
B7C
330
1A
100
AcDbEntity
  8
BLACK
  6
CONTINUOUS
100
AcDbLine
 10
3.4490210236220471
 20
2.7174092125984251
 30
0
 11
3.450086377952756
 21
2.7163438582677166
 31
0
  0
LINE
  5
B7D
330
1A
100
AcDbEntity
  8
BLACK
  6
CONTINUOUS
100
AcDbLine
 10
3.450086377952756
 20
2.7163438582677166
 30
0
 11
3.4502362204724411
 21
2.7155905511811023
 31
0
  0
LINE
  5
B7E
330
1A
100
AcDbEntity
  8
BLACK
  6
CONTINUOUS
100
AcDbLine
 10
3.4502362204724411
 20
2.7155905511811023
 30
0
 11
3.4502362204724411
 21
2.4045669291338583
 31
0
  0
LINE
  5
B7F
330
1A
100
AcDbEntity
  8
BLACK
  6
CONTINUOUS
100
AcDbLine
 10
3.4502362204724411
 20
2.4045669291338583
 30
0
 11
3.450086377952756
 21
2.4038136220472439
 31
0
  0
LINE
  5
B80
330
1A
100
AcDbEntity
  8
BLACK
  6
CONTINUOUS
100
AcDbLine
 10
3.450086377952756
 20
2.4038136220472439
 30
0
 11
3.4490210236220471
 21
2.4027482677165355
 31
0
  0
LINE
  5
B81
330
1A
100
AcDbEntity
  8
BLACK
  6
CONTINUOUS
100
AcDbLine
 10
3.4490210236220471
 20
2.4027482677165355
 30
0
 11
3.4482677165354332
 21
2.4025984251968504
 31
0
  0
LINE
  5
B82
330
1A
100
AcDbEntity
  8
BLACK
  6
CONTINUOUS
100
AcDbLine
 10
3.4482677165354332
 20
2.4025984251968504
 30
0
 11
3.2277952755905512
 21
2.4025984251968504
 31
0
  0
LINE
  5
B83
330
1A
100
AcDbEntity
  8
BLACK
  6
CONTINUOUS
100
AcDbLine
 10
3.2277952755905512
 20
2.4025984251968504
 30
0
 11
3.2270419685039369
 21
2.4027482677165355
 31
0
  0
LINE
  5
B84
330
1A
100
AcDbEntity
  8
BLACK
  6
CONTINUOUS
100
AcDbLine
 10
3.2270419685039369
 20
2.4027482677165355
 30
0
 11
3.2259766141732285
 21
2.4038136220472439
 31
0
  0
LINE
  5
B85
330
1A
100
AcDbEntity
  8
BLACK
  6
CONTINUOUS
100
AcDbLine
 10
3.2259766141732285
 20
2.4038136220472439
 30
0
 11
3.2258267716535434
 21
2.4045669291338583
 31
0
  0
LINE
  5
B86
330
1A
100
AcDbEntity
  8
BLACK
  6
CONTINUOUS
100
AcDbLine
 10
3.2258267716535434
 20
2.4045669291338583
 30
0
 11
3.2258267716535434
 21
2.4655905511811023
 31
0
  0
LINE
  5
B87
330
1A
100
AcDbEntity
  8
BLACK
  6
CONTINUOUS
100
AcDbLine
 10
3.2258267716535434
 20
2.4655905511811023
 30
0
 11
3.1498425196850395
 21
2.4655905511811023
 31
0
  0
LINE
  5
B88
330
1A
100
AcDbEntity
  8
BLACK
  6
CONTINUOUS
100
AcDbLine
 10
3.1498425196850395
 20
2.4655905511811023
 30
0
 11
3.1490892125984251
 21
2.4657403937007873
 31
0
  0
LINE
  5
B89
330
1A
100
AcDbEntity
  8
BLACK
  6
CONTINUOUS
100
AcDbLine
 10
3.1490892125984251
 20
2.4657403937007873
 30
0
 11
3.1480238582677162
 21
2.4668057480314962
 31
0
  0
LINE
  5
B8A
330
1A
100
AcDbEntity
  8
BLACK
  6
CONTINUOUS
100
AcDbLine
 10
3.1480238582677162
 20
2.4668057480314962
 30
0
 11
3.1478740157480316
 21
2.4675590551181101
 31
0
  0
LINE
  5
B8B
330
1A
100
AcDbEntity
  8
BLACK
  6
CONTINUOUS
100
AcDbLine
 10
3.1478740157480316
 20
2.4675590551181101
 30
0
 11
3.1478740157480316
 21
2.6014173228346458
 31
0
  0
LINE
  5
B8C
330
1A
100
AcDbEntity
  8
BLACK
  6
CONTINUOUS
100
AcDbLine
 10
3.1478740157480316
 20
2.6014173228346458
 30
0
 11
3.1480238582677162
 21
2.6021706299212597
 31
0
  0
LINE
  5
B8D
330
1A
100
AcDbEntity
  8
BLACK
  6
CONTINUOUS
100
AcDbLine
 10
3.1480238582677162
 20
2.6021706299212597
 30
0
 11
3.1490892125984251
 21
2.6032359842519686
 31
0
  0
LINE
  5
B8E
330
1A
100
AcDbEntity
  8
BLACK
  6
CONTINUOUS
100
AcDbLine
 10
3.1490892125984251
 20
2.6032359842519686
 30
0
 11
3.1498425196850395
 21
2.6033858267716536
 31
0
  0
LINE
  5
B8F
330
1A
100
AcDbEntity
  8
BLACK
  6
CONTINUOUS
100
AcDbLine
 10
3.1498425196850395
 20
2.6033858267716536
 30
0
 11
3.2258267716535434
 21
2.6033858267716536
 31
0
  0
LINE
  5
B90
330
1A
100
AcDbEntity
  8
BLACK
  6
CONTINUOUS
100
AcDbLine
 10
3.2258267716535434
 20
2.6033858267716536
 30
0
 11
3.2258267716535434
 21
2.7155905511811023
 31
0
  0
LINE
  5
B91
330
1A
100
AcDbEntity
  8
BLACK
  6
CONTINUOUS
100
AcDbLine
 10
3.2258267716535434
 20
2.7155905511811023
 30
0
 11
3.2259766141732285
 21
2.7163438582677166
 31
0
  0
LINE
  5
B92
330
1A
100
AcDbEntity
  8
BLACK
  6
CONTINUOUS
100
AcDbLine
 10
3.2259766141732285
 20
2.7163438582677166
 30
0
 11
3.2270419685039369
 21
2.7174092125984251
 31
0
  0
LINE
  5
B93
330
1A
100
AcDbEntity
  8
BLACK
  6
CONTINUOUS
100
AcDbLine
 10
3.2270419685039369
 20
2.7174092125984251
 30
0
 11
3.2277952755905512
 21
2.7175590551181101
 31
0
  0
LINE
  5
B94
330
1A
100
AcDbEntity
  8
BLACK
  6
CONTINUOUS
100
AcDbLine
 10
3.2277952755905512
 20
2.7175590551181101
 30
0
 11
3.2319162204724408
 21
2.7175590551181101
 31
0
  0
LINE
  5
B95
330
1A
100
AcDbEntity
  8
BLACK
  6
CONTINUOUS
100
AcDbLine
 10
3.2319162204724408
 20
2.7175590551181101
 30
0
 11
3.2318821259842521
 21
2.7175931496062993
 31
0
  0
LINE
  5
B96
330
1A
100
AcDbEntity
  8
BLACK
  6
CONTINUOUS
100
AcDbLine
 10
3.2318821259842521
 20
2.7175931496062993
 30
0
 11
3.231732283464567
 21
2.7183464566929132
 31
0
  0
LINE
  5
B97
330
1A
100
AcDbEntity
  8
BLACK
  6
CONTINUOUS
100
AcDbLine
 10
3.231732283464567
 20
2.7183464566929132
 30
0
 11
3.231732283464567
 21
2.7955118110236219
 31
0
  0
LINE
  5
B98
330
1A
100
AcDbEntity
  8
BLACK
  6
CONTINUOUS
100
AcDbLine
 10
3.231732283464567
 20
2.7955118110236219
 30
0
 11
3.2318821259842521
 21
2.7962651181102363
 31
0
  0
LINE
  5
B99
330
1A
100
AcDbEntity
  8
BLACK
  6
CONTINUOUS
100
AcDbLine
 10
3.2318821259842521
 20
2.7962651181102363
 30
0
 11
3.2329474803149605
 21
2.7973304724409447
 31
0
  0
LINE
  5
B9A
330
1A
100
AcDbEntity
  8
BLACK
  6
CONTINUOUS
100
AcDbLine
 10
3.2329474803149605
 20
2.7973304724409447
 30
0
 11
3.2337007874015748
 21
2.7974803149606298
 31
0
  0
LINE
  5
B9B
330
1A
100
AcDbEntity
  8
BLACK
  6
CONTINUOUS
100
AcDbLine
 10
3.2337007874015748
 20
2.7974803149606298
 30
0
 11
3.36755905511811
 21
2.7974803149606298
 31
0
  0
LINE
  5
B9C
330
1A
100
AcDbEntity
  8
BLACK
  6
CONTINUOUS
100
AcDbLine
 10
3.36755905511811
 20
2.7974803149606298
 30
0
 11
3.3683123622047244
 21
2.7973304724409447
 31
0
  0
LINE
  5
B9D
330
1A
100
AcDbEntity
  8
BLACK
  6
CONTINUOUS
100
AcDbLine
 10
3.2297637795275591
 20
2.7136220472440944
 30
0
 11
3.2297637795275591
 21
2.4065354330708661
 31
0
  0
LINE
  5
B9E
330
1A
100
AcDbEntity
  8
BLACK
  6
CONTINUOUS
100
AcDbLine
 10
3.2297637795275591
 20
2.4065354330708661
 30
0
 11
3.4462992125984253
 21
2.4065354330708661
 31
0
  0
LINE
  5
B9F
330
1A
100
AcDbEntity
  8
BLACK
  6
CONTINUOUS
100
AcDbLine
 10
3.4462992125984253
 20
2.4065354330708661
 30
0
 11
3.4462992125984253
 21
2.7136220472440944
 31
0
  0
LINE
  5
BA0
330
1A
100
AcDbEntity
  8
BLACK
  6
CONTINUOUS
100
AcDbLine
 10
3.4462992125984253
 20
2.7136220472440944
 30
0
 11
3.2297637795275591
 21
2.7136220472440944
 31
0
  0
LINE
  5
BA1
330
1A
100
AcDbEntity
  8
BLACK
  6
CONTINUOUS
100
AcDbLine
 10
3.1518110236220473
 20
2.5994488188976379
 30
0
 11
3.1518110236220473
 21
2.469527559055118
 31
0
  0
LINE
  5
BA2
330
1A
100
AcDbEntity
  8
BLACK
  6
CONTINUOUS
100
AcDbLine
 10
3.1518110236220473
 20
2.469527559055118
 30
0
 11
3.2250393700787399
 21
2.469527559055118
 31
0
  0
LINE
  5
BA3
330
1A
100
AcDbEntity
  8
BLACK
  6
CONTINUOUS
100
AcDbLine
 10
3.2250393700787399
 20
2.469527559055118
 30
0
 11
3.2250393700787399
 21
2.5994488188976379
 31
0
  0
LINE
  5
BA4
330
1A
100
AcDbEntity
  8
BLACK
  6
CONTINUOUS
100
AcDbLine
 10
3.2250393700787399
 20
2.5994488188976379
 30
0
 11
3.1518110236220473
 21
2.5994488188976379
 31
0
  0
LINE
  5
BA5
330
1A
100
AcDbEntity
  8
BLACK
  6
CONTINUOUS
100
AcDbLine
 10
3.2356692913385827
 20
2.793543307086614
 30
0
 11
3.2356692913385827
 21
2.7203149606299211
 31
0
  0
LINE
  5
BA6
330
1A
100
AcDbEntity
  8
BLACK
  6
CONTINUOUS
100
AcDbLine
 10
3.2356692913385827
 20
2.7203149606299211
 30
0
 11
3.3655905511811022
 21
2.7203149606299211
 31
0
  0
LINE
  5
BA7
330
1A
100
AcDbEntity
  8
BLACK
  6
CONTINUOUS
100
AcDbLine
 10
3.3655905511811022
 20
2.7203149606299211
 30
0
 11
3.3655905511811022
 21
2.793543307086614
 31
0
  0
LINE
  5
BA8
330
1A
100
AcDbEntity
  8
BLACK
  6
CONTINUOUS
100
AcDbLine
 10
3.3655905511811022
 20
2.793543307086614
 30
0
 11
3.2356692913385827
 21
2.793543307086614
 31
0
  0
LINE
  5
BA9
330
1A
100
AcDbEntity
  8
BLACK
  6
CONTINUOUS
100
AcDbLine
 10
5.0845525196850394
 20
2.483157244094488
 30
0
 11
5.0856178740157478
 21
2.4820918897637796
 31
0
  0
LINE
  5
BAA
330
1A
100
AcDbEntity
  8
BLACK
  6
CONTINUOUS
100
AcDbLine
 10
5.0856178740157478
 20
2.4820918897637796
 30
0
 11
5.0857677165354334
 21
2.4813385826771652
 31
0
  0
LINE
  5
BAB
330
1A
100
AcDbEntity
  8
BLACK
  6
CONTINUOUS
100
AcDbLine
 10
5.0857677165354334
 20
2.4813385826771652
 30
0
 11
5.0857677165354334
 21
2.4065354330708661
 31
0
  0
LINE
  5
BAC
330
1A
100
AcDbEntity
  8
BLACK
  6
CONTINUOUS
100
AcDbLine
 10
5.0857677165354334
 20
2.4065354330708661
 30
0
 11
5.0856178740157478
 21
2.4057821259842518
 31
0
  0
LINE
  5
BAD
330
1A
100
AcDbEntity
  8
BLACK
  6
CONTINUOUS
100
AcDbLine
 10
5.0856178740157478
 20
2.4057821259842518
 30
0
 11
5.0845525196850394
 21
2.4047167716535434
 31
0
  0
LINE
  5
BAE
330
1A
100
AcDbEntity
  8
BLACK
  6
CONTINUOUS
100
AcDbLine
 10
5.0845525196850394
 20
2.4047167716535434
 30
0
 11
5.083799212598425
 21
2.4045669291338583
 31
0
  0
LINE
  5
BAF
330
1A
100
AcDbEntity
  8
BLACK
  6
CONTINUOUS
100
AcDbLine
 10
5.083799212598425
 20
2.4045669291338583
 30
0
 11
4.951515748031496
 21
2.4045669291338583
 31
0
  0
LINE
  5
BB0
330
1A
100
AcDbEntity
  8
BLACK
  6
CONTINUOUS
100
AcDbLine
 10
4.951515748031496
 20
2.4045669291338583
 30
0
 11
4.9507624409448816
 21
2.4047167716535434
 31
0
  0
LINE
  5
BB1
330
1A
100
AcDbEntity
  8
BLACK
  6
CONTINUOUS
100
AcDbLine
 10
4.9507624409448816
 20
2.4047167716535434
 30
0
 11
4.9496970866141732
 21
2.4057821259842518
 31
0
  0
LINE
  5
BB2
330
1A
100
AcDbEntity
  8
BLACK
  6
CONTINUOUS
100
AcDbLine
 10
4.9496970866141732
 20
2.4057821259842518
 30
0
 11
4.9495472440944877
 21
2.4065354330708661
 31
0
  0
LINE
  5
BB3
330
1A
100
AcDbEntity
  8
BLACK
  6
CONTINUOUS
100
AcDbLine
 10
4.9495472440944877
 20
2.4065354330708661
 30
0
 11
4.9495472440944877
 21
2.4813385826771652
 31
0
  0
LINE
  5
BB4
330
1A
100
AcDbEntity
  8
BLACK
  6
CONTINUOUS
100
AcDbLine
 10
4.9495472440944877
 20
2.4813385826771652
 30
0
 11
4.9496970866141732
 21
2.4820918897637796
 31
0
  0
LINE
  5
BB5
330
1A
100
AcDbEntity
  8
BLACK
  6
CONTINUOUS
100
AcDbLine
 10
4.9496970866141732
 20
2.4820918897637796
 30
0
 11
4.9507624409448816
 21
2.483157244094488
 31
0
  0
LINE
  5
BB6
330
1A
100
AcDbEntity
  8
BLACK
  6
CONTINUOUS
100
AcDbLine
 10
4.9507624409448816
 20
2.483157244094488
 30
0
 11
4.951515748031496
 21
2.4833070866141731
 31
0
  0
LINE
  5
BB7
330
1A
100
AcDbEntity
  8
BLACK
  6
CONTINUOUS
100
AcDbLine
 10
4.951515748031496
 20
2.4833070866141731
 30
0
 11
5.083799212598425
 21
2.4833070866141731
 31
0
  0
LINE
  5
BB8
330
1A
100
AcDbEntity
  8
BLACK
  6
CONTINUOUS
100
AcDbLine
 10
5.083799212598425
 20
2.4833070866141731
 30
0
 11
5.0845525196850394
 21
2.483157244094488
 31
0
  0
LINE
  5
BB9
330
1A
100
AcDbEntity
  8
BLACK
  6
CONTINUOUS
100
AcDbLine
 10
4.9534842519685034
 20
2.4793700787401574
 30
0
 11
4.9534842519685034
 21
2.408503937007874
 31
0
  0
LINE
  5
BBA
330
1A
100
AcDbEntity
  8
BLACK
  6
CONTINUOUS
100
AcDbLine
 10
4.9534842519685034
 20
2.408503937007874
 30
0
 11
5.0818307086614176
 21
2.408503937007874
 31
0
  0
LINE
  5
BBB
330
1A
100
AcDbEntity
  8
BLACK
  6
CONTINUOUS
100
AcDbLine
 10
5.0818307086614176
 20
2.408503937007874
 30
0
 11
5.0818307086614176
 21
2.4793700787401574
 31
0
  0
LINE
  5
BBC
330
1A
100
AcDbEntity
  8
BLACK
  6
CONTINUOUS
100
AcDbLine
 10
5.0818307086614176
 20
2.4793700787401574
 30
0
 11
4.9534842519685034
 21
2.4793700787401574
 31
0
  0
LINE
  5
BBD
330
1A
100
AcDbEntity
  8
BLACK
  6
CONTINUOUS
100
AcDbLine
 10
3.8649659055118111
 20
2.5717399212598426
 30
0
 11
3.8660312598425195
 21
2.5706745669291338
 31
0
  0
LINE
  5
BBE
330
1A
100
AcDbEntity
  8
BLACK
  6
CONTINUOUS
100
AcDbLine
 10
3.8660312598425195
 20
2.5706745669291338
 30
0
 11
3.8661811023622046
 21
2.5699212598425198
 31
0
  0
LINE
  5
BBF
330
1A
100
AcDbEntity
  8
BLACK
  6
CONTINUOUS
100
AcDbLine
 10
3.8661811023622046
 20
2.5699212598425198
 30
0
 11
3.8661811023622046
 21
2.4163779527559055
 31
0
  0
LINE
  5
BC0
330
1A
100
AcDbEntity
  8
BLACK
  6
CONTINUOUS
100
AcDbLine
 10
3.8661811023622046
 20
2.4163779527559055
 30
0
 11
3.8660312598425195
 21
2.4156246456692911
 31
0
  0
LINE
  5
BC1
330
1A
100
AcDbEntity
  8
BLACK
  6
CONTINUOUS
100
AcDbLine
 10
3.8660312598425195
 20
2.4156246456692911
 30
0
 11
3.8649659055118111
 21
2.4145592913385827
 31
0
  0
LINE
  5
BC2
330
1A
100
AcDbEntity
  8
BLACK
  6
CONTINUOUS
100
AcDbLine
 10
3.8649659055118111
 20
2.4145592913385827
 30
0
 11
3.8642125984251967
 21
2.4144094488188976
 31
0
  0
LINE
  5
BC3
330
1A
100
AcDbEntity
  8
BLACK
  6
CONTINUOUS
100
AcDbLine
 10
3.8642125984251967
 20
2.4144094488188976
 30
0
 11
3.7106692913385828
 21
2.4144094488188976
 31
0
  0
LINE
  5
BC4
330
1A
100
AcDbEntity
  8
BLACK
  6
CONTINUOUS
100
AcDbLine
 10
3.7106692913385828
 20
2.4144094488188976
 30
0
 11
3.7099159842519684
 21
2.4145592913385827
 31
0
  0
LINE
  5
BC5
330
1A
100
AcDbEntity
  8
BLACK
  6
CONTINUOUS
100
AcDbLine
 10
3.7099159842519684
 20
2.4145592913385827
 30
0
 11
3.7088506299212596
 21
2.4156246456692911
 31
0
  0
LINE
  5
BC6
330
1A
100
AcDbEntity
  8
BLACK
  6
CONTINUOUS
100
AcDbLine
 10
3.7088506299212596
 20
2.4156246456692911
 30
0
 11
3.7087007874015749
 21
2.4163779527559055
 31
0
  0
LINE
  5
BC7
330
1A
100
AcDbEntity
  8
BLACK
  6
CONTINUOUS
100
AcDbLine
 10
3.7087007874015749
 20
2.4163779527559055
 30
0
 11
3.7087007874015749
 21
2.5699212598425198
 31
0
  0
LINE
  5
BC8
330
1A
100
AcDbEntity
  8
BLACK
  6
CONTINUOUS
100
AcDbLine
 10
3.7087007874015749
 20
2.5699212598425198
 30
0
 11
3.7088506299212596
 21
2.5706745669291338
 31
0
  0
LINE
  5
BC9
330
1A
100
AcDbEntity
  8
BLACK
  6
CONTINUOUS
100
AcDbLine
 10
3.7088506299212596
 20
2.5706745669291338
 30
0
 11
3.7099159842519684
 21
2.5717399212598426
 31
0
  0
LINE
  5
BCA
330
1A
100
AcDbEntity
  8
BLACK
  6
CONTINUOUS
100
AcDbLine
 10
3.7099159842519684
 20
2.5717399212598426
 30
0
 11
3.7106692913385828
 21
2.5718897637795277
 31
0
  0
LINE
  5
BCB
330
1A
100
AcDbEntity
  8
BLACK
  6
CONTINUOUS
100
AcDbLine
 10
3.7106692913385828
 20
2.5718897637795277
 30
0
 11
3.8642125984251967
 21
2.5718897637795277
 31
0
  0
LINE
  5
BCC
330
1A
100
AcDbEntity
  8
BLACK
  6
CONTINUOUS
100
AcDbLine
 10
3.8642125984251967
 20
2.5718897637795277
 30
0
 11
3.8649659055118111
 21
2.5717399212598426
 31
0
  0
LINE
  5
BCD
330
1A
100
AcDbEntity
  8
BLACK
  6
CONTINUOUS
100
AcDbLine
 10
3.7126377952755907
 20
2.567952755905512
 30
0
 11
3.7126377952755907
 21
2.4183464566929134
 31
0
  0
LINE
  5
BCE
330
1A
100
AcDbEntity
  8
BLACK
  6
CONTINUOUS
100
AcDbLine
 10
3.7126377952755907
 20
2.4183464566929134
 30
0
 11
3.8622440944881888
 21
2.4183464566929134
 31
0
  0
LINE
  5
BCF
330
1A
100
AcDbEntity
  8
BLACK
  6
CONTINUOUS
100
AcDbLine
 10
3.8622440944881888
 20
2.4183464566929134
 30
0
 11
3.8622440944881888
 21
2.567952755905512
 31
0
  0
LINE
  5
BD0
330
1A
100
AcDbEntity
  8
BLACK
  6
CONTINUOUS
100
AcDbLine
 10
3.8622440944881888
 20
2.567952755905512
 30
0
 11
3.7126377952755907
 21
2.567952755905512
 31
0
  0
LINE
  5
BD1
330
1A
100
AcDbEntity
  8
BLACK
  6
CONTINUOUS
100
AcDbLine
 10
1.3624238976377951
 20
2.5007518503937005
 30
0
 11
1.3629565748031496
 21
2.5002191732283463
 31
0
  0
LINE
  5
BD2
330
1A
100
AcDbEntity
  8
BLACK
  6
CONTINUOUS
100
AcDbLine
 10
1.3629565748031496
 20
2.5002191732283463
 30
0
 11
1.3630314960629921
 21
2.4998425196850391
 31
0
  0
LINE
  5
BD3
330
1A
100
AcDbEntity
  8
BLACK
  6
CONTINUOUS
100
AcDbLine
 10
1.3630314960629921
 20
2.4998425196850391
 30
0
 11
1.3630314960629921
 21
2.42503937007874
 31
0
  0
LINE
  5
BD4
330
1A
100
AcDbEntity
  8
BLACK
  6
CONTINUOUS
100
AcDbLine
 10
1.3630314960629921
 20
2.42503937007874
 30
0
 11
1.3629565748031496
 21
2.4246627165354329
 31
0
  0
LINE
  5
BD5
330
1A
100
AcDbEntity
  8
BLACK
  6
CONTINUOUS
100
AcDbLine
 10
1.3629565748031496
 20
2.4246627165354329
 30
0
 11
1.3624238976377951
 21
2.4241300393700786
 31
0
  0
LINE
  5
BD6
330
1A
100
AcDbEntity
  8
BLACK
  6
CONTINUOUS
100
AcDbLine
 10
1.3624238976377951
 20
2.4241300393700786
 30
0
 11
1.3620472440944882
 21
2.4240551181102363
 31
0
  0
LINE
  5
BD7
330
1A
100
AcDbEntity
  8
BLACK
  6
CONTINUOUS
100
AcDbLine
 10
1.3620472440944882
 20
2.4240551181102363
 30
0
 11
1.2297637795275591
 21
2.4240551181102363
 31
0
  0
LINE
  5
BD8
330
1A
100
AcDbEntity
  8
BLACK
  6
CONTINUOUS
100
AcDbLine
 10
1.2297637795275591
 20
2.4240551181102363
 30
0
 11
1.2293871259842519
 21
2.4241300393700786
 31
0
  0
LINE
  5
BD9
330
1A
100
AcDbEntity
  8
BLACK
  6
CONTINUOUS
100
AcDbLine
 10
1.2293871259842519
 20
2.4241300393700786
 30
0
 11
1.2288544488188977
 21
2.4246627165354329
 31
0
  0
LINE
  5
BDA
330
1A
100
AcDbEntity
  8
BLACK
  6
CONTINUOUS
100
AcDbLine
 10
1.2288544488188977
 20
2.4246627165354329
 30
0
 11
1.2287795275590552
 21
2.42503937007874
 31
0
  0
LINE
  5
BDB
330
1A
100
AcDbEntity
  8
BLACK
  6
CONTINUOUS
100
AcDbLine
 10
1.2287795275590552
 20
2.42503937007874
 30
0
 11
1.2287795275590552
 21
2.4998425196850391
 31
0
  0
LINE
  5
BDC
330
1A
100
AcDbEntity
  8
BLACK
  6
CONTINUOUS
100
AcDbLine
 10
1.2287795275590552
 20
2.4998425196850391
 30
0
 11
1.2288544488188977
 21
2.5002191732283463
 31
0
  0
LINE
  5
BDD
330
1A
100
AcDbEntity
  8
BLACK
  6
CONTINUOUS
100
AcDbLine
 10
1.2288544488188977
 20
2.5002191732283463
 30
0
 11
1.2293871259842519
 21
2.5007518503937005
 31
0
  0
LINE
  5
BDE
330
1A
100
AcDbEntity
  8
BLACK
  6
CONTINUOUS
100
AcDbLine
 10
1.2293871259842519
 20
2.5007518503937005
 30
0
 11
1.2297637795275591
 21
2.5008267716535433
 31
0
  0
LINE
  5
BDF
330
1A
100
AcDbEntity
  8
BLACK
  6
CONTINUOUS
100
AcDbLine
 10
1.2297637795275591
 20
2.5008267716535433
 30
0
 11
1.3620472440944882
 21
2.5008267716535433
 31
0
  0
LINE
  5
BE0
330
1A
100
AcDbEntity
  8
BLACK
  6
CONTINUOUS
100
AcDbLine
 10
1.3620472440944882
 20
2.5008267716535433
 30
0
 11
1.3624238976377951
 21
2.5007518503937005
 31
0
  0
LINE
  5
BE1
330
1A
100
AcDbEntity
  8
BLACK
  6
CONTINUOUS
100
AcDbLine
 10
1.230748031496063
 20
2.4988582677165354
 30
0
 11
1.230748031496063
 21
2.4260236220472442
 31
0
  0
LINE
  5
BE2
330
1A
100
AcDbEntity
  8
BLACK
  6
CONTINUOUS
100
AcDbLine
 10
1.230748031496063
 20
2.4260236220472442
 30
0
 11
1.3610629921259843
 21
2.4260236220472442
 31
0
  0
LINE
  5
BE3
330
1A
100
AcDbEntity
  8
BLACK
  6
CONTINUOUS
100
AcDbLine
 10
1.3610629921259843
 20
2.4260236220472442
 30
0
 11
1.3610629921259843
 21
2.4988582677165354
 31
0
  0
LINE
  5
BE4
330
1A
100
AcDbEntity
  8
BLACK
  6
CONTINUOUS
100
AcDbLine
 10
1.3610629921259843
 20
2.4988582677165354
 30
0
 11
1.230748031496063
 21
2.4988582677165354
 31
0
  0
LINE
  5
BE5
330
1A
100
AcDbEntity
  8
BLACK
  6
CONTINUOUS
100
AcDbLine
 10
4.0179186614173226
 20
2.5874879527559056
 30
0
 11
4.018984015748031
 21
2.5864225984251967
 31
0
  0
LINE
  5
BE6
330
1A
100
AcDbEntity
  8
BLACK
  6
CONTINUOUS
100
AcDbLine
 10
4.018984015748031
 20
2.5864225984251967
 30
0
 11
4.0191338582677165
 21
2.5856692913385828
 31
0
  0
LINE
  5
BE7
330
1A
100
AcDbEntity
  8
BLACK
  6
CONTINUOUS
100
AcDbLine
 10
4.0191338582677165
 20
2.5856692913385828
 30
0
 11
4.0191338582677165
 21
2.4321259842519685
 31
0
  0
LINE
  5
BE8
330
1A
100
AcDbEntity
  8
BLACK
  6
CONTINUOUS
100
AcDbLine
 10
4.0191338582677165
 20
2.4321259842519685
 30
0
 11
4.018984015748031
 21
2.4313726771653541
 31
0
  0
LINE
  5
BE9
330
1A
100
AcDbEntity
  8
BLACK
  6
CONTINUOUS
100
AcDbLine
 10
4.018984015748031
 20
2.4313726771653541
 30
0
 11
4.0179186614173226
 21
2.4303073228346457
 31
0
  0
LINE
  5
BEA
330
1A
100
AcDbEntity
  8
BLACK
  6
CONTINUOUS
100
AcDbLine
 10
4.0179186614173226
 20
2.4303073228346457
 30
0
 11
4.0171653543307082
 21
2.4301574803149606
 31
0
  0
LINE
  5
BEB
330
1A
100
AcDbEntity
  8
BLACK
  6
CONTINUOUS
100
AcDbLine
 10
4.0171653543307082
 20
2.4301574803149606
 30
0
 11
3.9108661417322832
 21
2.4301574803149606
 31
0
  0
LINE
  5
BEC
330
1A
100
AcDbEntity
  8
BLACK
  6
CONTINUOUS
100
AcDbLine
 10
3.9108661417322832
 20
2.4301574803149606
 30
0
 11
3.9101128346456693
 21
2.4303073228346457
 31
0
  0
LINE
  5
BED
330
1A
100
AcDbEntity
  8
BLACK
  6
CONTINUOUS
100
AcDbLine
 10
3.9101128346456693
 20
2.4303073228346457
 30
0
 11
3.9090474803149604
 21
2.4313726771653541
 31
0
  0
LINE
  5
BEE
330
1A
100
AcDbEntity
  8
BLACK
  6
CONTINUOUS
100
AcDbLine
 10
3.9090474803149604
 20
2.4313726771653541
 30
0
 11
3.9088976377952753
 21
2.4321259842519685
 31
0
  0
LINE
  5
BEF
330
1A
100
AcDbEntity
  8
BLACK
  6
CONTINUOUS
100
AcDbLine
 10
3.9088976377952753
 20
2.4321259842519685
 30
0
 11
3.9088976377952753
 21
2.5856692913385828
 31
0
  0
LINE
  5
BF0
330
1A
100
AcDbEntity
  8
BLACK
  6
CONTINUOUS
100
AcDbLine
 10
3.9088976377952753
 20
2.5856692913385828
 30
0
 11
3.9090474803149604
 21
2.5864225984251967
 31
0
  0
LINE
  5
BF1
330
1A
100
AcDbEntity
  8
BLACK
  6
CONTINUOUS
100
AcDbLine
 10
3.9090474803149604
 20
2.5864225984251967
 30
0
 11
3.9101128346456693
 21
2.5874879527559056
 31
0
  0
LINE
  5
BF2
330
1A
100
AcDbEntity
  8
BLACK
  6
CONTINUOUS
100
AcDbLine
 10
3.9101128346456693
 20
2.5874879527559056
 30
0
 11
3.9108661417322832
 21
2.5876377952755907
 31
0
  0
LINE
  5
BF3
330
1A
100
AcDbEntity
  8
BLACK
  6
CONTINUOUS
100
AcDbLine
 10
3.9108661417322832
 20
2.5876377952755907
 30
0
 11
4.0171653543307082
 21
2.5876377952755907
 31
0
  0
LINE
  5
BF4
330
1A
100
AcDbEntity
  8
BLACK
  6
CONTINUOUS
100
AcDbLine
 10
4.0171653543307082
 20
2.5876377952755907
 30
0
 11
4.0179186614173226
 21
2.5874879527559056
 31
0
  0
LINE
  5
BF5
330
1A
100
AcDbEntity
  8
BLACK
  6
CONTINUOUS
100
AcDbLine
 10
3.9128346456692911
 20
2.5837007874015749
 30
0
 11
3.9128346456692911
 21
2.4340944881889763
 31
0
  0
LINE
  5
BF6
330
1A
100
AcDbEntity
  8
BLACK
  6
CONTINUOUS
100
AcDbLine
 10
3.9128346456692911
 20
2.4340944881889763
 30
0
 11
4.0151968503937008
 21
2.4340944881889763
 31
0
  0
LINE
  5
BF7
330
1A
100
AcDbEntity
  8
BLACK
  6
CONTINUOUS
100
AcDbLine
 10
4.0151968503937008
 20
2.4340944881889763
 30
0
 11
4.0151968503937008
 21
2.5837007874015749
 31
0
  0
LINE
  5
BF8
330
1A
100
AcDbEntity
  8
BLACK
  6
CONTINUOUS
100
AcDbLine
 10
4.0151968503937008
 20
2.5837007874015749
 30
0
 11
3.9128346456692911
 21
2.5837007874015749
 31
0
  0
LINE
  5
BF9
330
1A
100
AcDbEntity
  8
BLACK
  6
CONTINUOUS
100
AcDbLine
 10
3.1431155118110237
 20
2.5343383464566926
 30
0
 11
3.1441808661417321
 21
2.5332729921259842
 31
0
  0
LINE
  5
BFA
330
1A
100
AcDbEntity
  8
BLACK
  6
CONTINUOUS
100
AcDbLine
 10
3.1441808661417321
 20
2.5332729921259842
 30
0
 11
3.1443307086614172
 21
2.5325196850393699
 31
0
  0
LINE
  5
BFB
330
1A
100
AcDbEntity
  8
BLACK
  6
CONTINUOUS
100
AcDbLine
 10
3.1443307086614172
 20
2.5325196850393699
 30
0
 11
3.1443307086614172
 21
2.4577165354330708
 31
0
  0
LINE
  5
BFC
330
1A
100
AcDbEntity
  8
BLACK
  6
CONTINUOUS
100
AcDbLine
 10
3.1443307086614172
 20
2.4577165354330708
 30
0
 11
3.1441808661417321
 21
2.4569632283464564
 31
0
  0
LINE
  5
BFD
330
1A
100
AcDbEntity
  8
BLACK
  6
CONTINUOUS
100
AcDbLine
 10
3.1441808661417321
 20
2.4569632283464564
 30
0
 11
3.1431155118110237
 21
2.455897874015748
 31
0
  0
LINE
  5
BFE
330
1A
100
AcDbEntity
  8
BLACK
  6
CONTINUOUS
100
AcDbLine
 10
3.1431155118110237
 20
2.455897874015748
 30
0
 11
3.1423622047244093
 21
2.4557480314960629
 31
0
  0
LINE
  5
BFF
330
1A
100
AcDbEntity
  8
BLACK
  6
CONTINUOUS
100
AcDbLine
 10
3.1423622047244093
 20
2.4557480314960629
 30
0
 11
3.0100787401574802
 21
2.4557480314960629
 31
0
  0
LINE
  5
C00
330
1A
100
AcDbEntity
  8
BLACK
  6
CONTINUOUS
100
AcDbLine
 10
3.0100787401574802
 20
2.4557480314960629
 30
0
 11
3.0093254330708659
 21
2.455897874015748
 31
0
  0
LINE
  5
C01
330
1A
100
AcDbEntity
  8
BLACK
  6
CONTINUOUS
100
AcDbLine
 10
3.0093254330708659
 20
2.455897874015748
 30
0
 11
3.0082600787401574
 21
2.4569632283464564
 31
0
  0
LINE
  5
C02
330
1A
100
AcDbEntity
  8
BLACK
  6
CONTINUOUS
100
AcDbLine
 10
3.0082600787401574
 20
2.4569632283464564
 30
0
 11
3.0081102362204724
 21
2.4577165354330708
 31
0
  0
LINE
  5
C03
330
1A
100
AcDbEntity
  8
BLACK
  6
CONTINUOUS
100
AcDbLine
 10
3.0081102362204724
 20
2.4577165354330708
 30
0
 11
3.0081102362204724
 21
2.5325196850393699
 31
0
  0
LINE
  5
C04
330
1A
100
AcDbEntity
  8
BLACK
  6
CONTINUOUS
100
AcDbLine
 10
3.0081102362204724
 20
2.5325196850393699
 30
0
 11
3.0082600787401574
 21
2.5332729921259842
 31
0
  0
LINE
  5
C05
330
1A
100
AcDbEntity
  8
BLACK
  6
CONTINUOUS
100
AcDbLine
 10
3.0082600787401574
 20
2.5332729921259842
 30
0
 11
3.0093254330708659
 21
2.5343383464566926
 31
0
  0
LINE
  5
C06
330
1A
100
AcDbEntity
  8
BLACK
  6
CONTINUOUS
100
AcDbLine
 10
3.0093254330708659
 20
2.5343383464566926
 30
0
 11
3.0100787401574802
 21
2.5344881889763777
 31
0
  0
LINE
  5
C07
330
1A
100
AcDbEntity
  8
BLACK
  6
CONTINUOUS
100
AcDbLine
 10
3.0100787401574802
 20
2.5344881889763777
 30
0
 11
3.1423622047244093
 21
2.5344881889763777
 31
0
  0
LINE
  5
C08
330
1A
100
AcDbEntity
  8
BLACK
  6
CONTINUOUS
100
AcDbLine
 10
3.1423622047244093
 20
2.5344881889763777
 30
0
 11
3.1431155118110237
 21
2.5343383464566926
 31
0
  0
LINE
  5
C09
330
1A
100
AcDbEntity
  8
BLACK
  6
CONTINUOUS
100
AcDbLine
 10
3.0120472440944881
 20
2.530551181102362
 30
0
 11
3.0120472440944881
 21
2.4596850393700787
 31
0
  0
LINE
  5
C0A
330
1A
100
AcDbEntity
  8
BLACK
  6
CONTINUOUS
100
AcDbLine
 10
3.0120472440944881
 20
2.4596850393700787
 30
0
 11
3.1403937007874014
 21
2.4596850393700787
 31
0
  0
LINE
  5
C0B
330
1A
100
AcDbEntity
  8
BLACK
  6
CONTINUOUS
100
AcDbLine
 10
3.1403937007874014
 20
2.4596850393700787
 30
0
 11
3.1403937007874014
 21
2.530551181102362
 31
0
  0
LINE
  5
C0C
330
1A
100
AcDbEntity
  8
BLACK
  6
CONTINUOUS
100
AcDbLine
 10
3.1403937007874014
 20
2.530551181102362
 30
0
 11
3.0120472440944881
 21
2.530551181102362
 31
0
  0
LINE
  5
C0D
330
1A
100
AcDbEntity
  8
BLACK
  6
CONTINUOUS
100
AcDbLine
 10
5.3939029133858263
 20
2.889850157480315
 30
0
 11
5.3949682677165356
 21
2.8887848031496062
 31
0
  0
LINE
  5
C0E
330
1A
100
AcDbEntity
  8
BLACK
  6
CONTINUOUS
100
AcDbLine
 10
5.3949682677165356
 20
2.8887848031496062
 30
0
 11
5.3951181102362202
 21
2.8880314960629923
 31
0
  0
LINE
  5
C0F
330
1A
100
AcDbEntity
  8
BLACK
  6
CONTINUOUS
100
AcDbLine
 10
5.3951181102362202
 20
2.8880314960629923
 30
0
 11
5.3951181102362202
 21
2.4864566929133858
 31
0
  0
LINE
  5
C10
330
1A
100
AcDbEntity
  8
BLACK
  6
CONTINUOUS
100
AcDbLine
 10
5.3951181102362202
 20
2.4864566929133858
 30
0
 11
5.3949682677165356
 21
2.4857033858267714
 31
0
  0
LINE
  5
C11
330
1A
100
AcDbEntity
  8
BLACK
  6
CONTINUOUS
100
AcDbLine
 10
5.3949682677165356
 20
2.4857033858267714
 30
0
 11
5.3939029133858263
 21
2.484638031496063
 31
0
  0
LINE
  5
C12
330
1A
100
AcDbEntity
  8
BLACK
  6
CONTINUOUS
100
AcDbLine
 10
5.3939029133858263
 20
2.484638031496063
 30
0
 11
5.3931496062992128
 21
2.4844881889763779
 31
0
  0
LINE
  5
C13
330
1A
100
AcDbEntity
  8
BLACK
  6
CONTINUOUS
100
AcDbLine
 10
5.3931496062992128
 20
2.4844881889763779
 30
0
 11
5.0612598425196849
 21
2.4844881889763779
 31
0
  0
LINE
  5
C14
330
1A
100
AcDbEntity
  8
BLACK
  6
CONTINUOUS
100
AcDbLine
 10
5.0612598425196849
 20
2.4844881889763779
 30
0
 11
5.0605065354330705
 21
2.484638031496063
 31
0
  0
LINE
  5
C15
330
1A
100
AcDbEntity
  8
BLACK
  6
CONTINUOUS
100
AcDbLine
 10
5.0605065354330705
 20
2.484638031496063
 30
0
 11
5.0594411811023621
 21
2.4857033858267714
 31
0
  0
LINE
  5
C16
330
1A
100
AcDbEntity
  8
BLACK
  6
CONTINUOUS
100
AcDbLine
 10
5.0594411811023621
 20
2.4857033858267714
 30
0
 11
5.0592913385826774
 21
2.4864566929133858
 31
0
  0
LINE
  5
C17
330
1A
100
AcDbEntity
  8
BLACK
  6
CONTINUOUS
100
AcDbLine
 10
5.0592913385826774
 20
2.4864566929133858
 30
0
 11
5.0592913385826774
 21
2.8880314960629923
 31
0
  0
LINE
  5
C18
330
1A
100
AcDbEntity
  8
BLACK
  6
CONTINUOUS
100
AcDbLine
 10
5.0592913385826774
 20
2.8880314960629923
 30
0
 11
5.0594411811023621
 21
2.8887848031496062
 31
0
  0
LINE
  5
C19
330
1A
100
AcDbEntity
  8
BLACK
  6
CONTINUOUS
100
AcDbLine
 10
5.0594411811023621
 20
2.8887848031496062
 30
0
 11
5.0605065354330705
 21
2.889850157480315
 31
0
  0
LINE
  5
C1A
330
1A
100
AcDbEntity
  8
BLACK
  6
CONTINUOUS
100
AcDbLine
 10
5.0605065354330705
 20
2.889850157480315
 30
0
 11
5.0612598425196849
 21
2.8900000000000001
 31
0
  0
LINE
  5
C1B
330
1A
100
AcDbEntity
  8
BLACK
  6
CONTINUOUS
100
AcDbLine
 10
5.0612598425196849
 20
2.8900000000000001
 30
0
 11
5.3931496062992128
 21
2.8900000000000001
 31
0
  0
LINE
  5
C1C
330
1A
100
AcDbEntity
  8
BLACK
  6
CONTINUOUS
100
AcDbLine
 10
5.3931496062992128
 20
2.8900000000000001
 30
0
 11
5.3939029133858263
 21
2.889850157480315
 31
0
  0
LINE
  5
C1D
330
1A
100
AcDbEntity
  8
BLACK
  6
CONTINUOUS
100
AcDbLine
 10
5.0632283464566932
 20
2.8860629921259844
 30
0
 11
5.0632283464566932
 21
2.4884251968503937
 31
0
  0
LINE
  5
C1E
330
1A
100
AcDbEntity
  8
BLACK
  6
CONTINUOUS
100
AcDbLine
 10
5.0632283464566932
 20
2.4884251968503937
 30
0
 11
5.3911811023622045
 21
2.4884251968503937
 31
0
  0
LINE
  5
C1F
330
1A
100
AcDbEntity
  8
BLACK
  6
CONTINUOUS
100
AcDbLine
 10
5.3911811023622045
 20
2.4884251968503937
 30
0
 11
5.3911811023622045
 21
2.8860629921259844
 31
0
  0
LINE
  5
C20
330
1A
100
AcDbEntity
  8
BLACK
  6
CONTINUOUS
100
AcDbLine
 10
5.3911811023622045
 20
2.8860629921259844
 30
0
 11
5.0632283464566932
 21
2.8860629921259844
 31
0
  0
LINE
  5
C21
330
1A
100
AcDbEntity
  8
BLACK
  6
CONTINUOUS
100
AcDbLine
 10
3.705698188976378
 20
2.6498186614173229
 30
0
 11
3.7067635433070865
 21
2.6487533070866141
 31
0
  0
LINE
  5
C22
330
1A
100
AcDbEntity
  8
BLACK
  6
CONTINUOUS
100
AcDbLine
 10
3.7067635433070865
 20
2.6487533070866141
 30
0
 11
3.7069133858267715
 21
2.6480000000000001
 31
0
  0
LINE
  5
C23
330
1A
100
AcDbEntity
  8
BLACK
  6
CONTINUOUS
100
AcDbLine
 10
3.7069133858267715
 20
2.6480000000000001
 30
0
 11
3.7069133858267715
 21
2.5157165354330706
 31
0
  0
LINE
  5
C24
330
1A
100
AcDbEntity
  8
BLACK
  6
CONTINUOUS
100
AcDbLine
 10
3.7069133858267715
 20
2.5157165354330706
 30
0
 11
3.7067635433070865
 21
2.5149632283464567
 31
0
  0
LINE
  5
C25
330
1A
100
AcDbEntity
  8
BLACK
  6
CONTINUOUS
100
AcDbLine
 10
3.7067635433070865
 20
2.5149632283464567
 30
0
 11
3.705698188976378
 21
2.5138978740157478
 31
0
  0
LINE
  5
C26
330
1A
100
AcDbEntity
  8
BLACK
  6
CONTINUOUS
100
AcDbLine
 10
3.705698188976378
 20
2.5138978740157478
 30
0
 11
3.7049448818897637
 21
2.5137480314960627
 31
0
  0
LINE
  5
C27
330
1A
100
AcDbEntity
  8
BLACK
  6
CONTINUOUS
100
AcDbLine
 10
3.7049448818897637
 20
2.5137480314960627
 30
0
 11
3.6301417322834646
 21
2.5137480314960627
 31
0
  0
LINE
  5
C28
330
1A
100
AcDbEntity
  8
BLACK
  6
CONTINUOUS
100
AcDbLine
 10
3.6301417322834646
 20
2.5137480314960627
 30
0
 11
3.6293884251968502
 21
2.5138978740157478
 31
0
  0
LINE
  5
C29
330
1A
100
AcDbEntity
  8
BLACK
  6
CONTINUOUS
100
AcDbLine
 10
3.6293884251968502
 20
2.5138978740157478
 30
0
 11
3.6283230708661418
 21
2.5149632283464567
 31
0
  0
LINE
  5
C2A
330
1A
100
AcDbEntity
  8
BLACK
  6
CONTINUOUS
100
AcDbLine
 10
3.6283230708661418
 20
2.5149632283464567
 30
0
 11
3.6281732283464567
 21
2.5157165354330706
 31
0
  0
LINE
  5
C2B
330
1A
100
AcDbEntity
  8
BLACK
  6
CONTINUOUS
100
AcDbLine
 10
3.6281732283464567
 20
2.5157165354330706
 30
0
 11
3.6281732283464567
 21
2.6480000000000001
 31
0
  0
LINE
  5
C2C
330
1A
100
AcDbEntity
  8
BLACK
  6
CONTINUOUS
100
AcDbLine
 10
3.6281732283464567
 20
2.6480000000000001
 30
0
 11
3.6283230708661418
 21
2.6487533070866141
 31
0
  0
LINE
  5
C2D
330
1A
100
AcDbEntity
  8
BLACK
  6
CONTINUOUS
100
AcDbLine
 10
3.6283230708661418
 20
2.6487533070866141
 30
0
 11
3.6293884251968502
 21
2.6498186614173229
 31
0
  0
LINE
  5
C2E
330
1A
100
AcDbEntity
  8
BLACK
  6
CONTINUOUS
100
AcDbLine
 10
3.6293884251968502
 20
2.6498186614173229
 30
0
 11
3.6301417322834646
 21
2.649968503937008
 31
0
  0
LINE
  5
C2F
330
1A
100
AcDbEntity
  8
BLACK
  6
CONTINUOUS
100
AcDbLine
 10
3.6301417322834646
 20
2.649968503937008
 30
0
 11
3.7049448818897637
 21
2.649968503937008
 31
0
  0
LINE
  5
C30
330
1A
100
AcDbEntity
  8
BLACK
  6
CONTINUOUS
100
AcDbLine
 10
3.7049448818897637
 20
2.649968503937008
 30
0
 11
3.705698188976378
 21
2.6498186614173229
 31
0
  0
LINE
  5
C31
330
1A
100
AcDbEntity
  8
BLACK
  6
CONTINUOUS
100
AcDbLine
 10
3.6321102362204725
 20
2.6460314960629923
 30
0
 11
3.6321102362204725
 21
2.5176850393700785
 31
0
  0
LINE
  5
C32
330
1A
100
AcDbEntity
  8
BLACK
  6
CONTINUOUS
100
AcDbLine
 10
3.6321102362204725
 20
2.5176850393700785
 30
0
 11
3.7029763779527558
 21
2.5176850393700785
 31
0
  0
LINE
  5
C33
330
1A
100
AcDbEntity
  8
BLACK
  6
CONTINUOUS
100
AcDbLine
 10
3.7029763779527558
 20
2.5176850393700785
 30
0
 11
3.7029763779527558
 21
2.6460314960629923
 31
0
  0
LINE
  5
C34
330
1A
100
AcDbEntity
  8
BLACK
  6
CONTINUOUS
100
AcDbLine
 10
3.7029763779527558
 20
2.6460314960629923
 30
0
 11
3.6321102362204725
 21
2.6460314960629923
 31
0
  0
LINE
  5
C35
330
1A
100
AcDbEntity
  8
BLACK
  6
CONTINUOUS
100
AcDbLine
 10
3.6253989763779528
 20
2.6760706299212598
 30
0
 11
3.6264643307086613
 21
2.6750052755905509
 31
0
  0
LINE
  5
C36
330
1A
100
AcDbEntity
  8
BLACK
  6
CONTINUOUS
100
AcDbLine
 10
3.6264643307086613
 20
2.6750052755905509
 30
0
 11
3.6266141732283463
 21
2.674251968503937
 31
0
  0
LINE
  5
C37
330
1A
100
AcDbEntity
  8
BLACK
  6
CONTINUOUS
100
AcDbLine
 10
3.6266141732283463
 20
2.674251968503937
 30
0
 11
3.6266141732283463
 21
2.5403937007874013
 31
0
  0
LINE
  5
C38
330
1A
100
AcDbEntity
  8
BLACK
  6
CONTINUOUS
100
AcDbLine
 10
3.6266141732283463
 20
2.5403937007874013
 30
0
 11
3.6264643307086613
 21
2.5396403937007874
 31
0
  0
LINE
  5
C39
330
1A
100
AcDbEntity
  8
BLACK
  6
CONTINUOUS
100
AcDbLine
 10
3.6264643307086613
 20
2.5396403937007874
 30
0
 11
3.6253989763779528
 21
2.5385750393700786
 31
0
  0
LINE
  5
C3A
330
1A
100
AcDbEntity
  8
BLACK
  6
CONTINUOUS
100
AcDbLine
 10
3.6253989763779528
 20
2.5385750393700786
 30
0
 11
3.6246456692913385
 21
2.5384251968503935
 31
0
  0
LINE
  5
C3B
330
1A
100
AcDbEntity
  8
BLACK
  6
CONTINUOUS
100
AcDbLine
 10
3.6246456692913385
 20
2.5384251968503935
 30
0
 11
3.5474803149606298
 21
2.5384251968503935
 31
0
  0
LINE
  5
C3C
330
1A
100
AcDbEntity
  8
BLACK
  6
CONTINUOUS
100
AcDbLine
 10
3.5474803149606298
 20
2.5384251968503935
 30
0
 11
3.5467270078740158
 21
2.5385750393700786
 31
0
  0
LINE
  5
C3D
330
1A
100
AcDbEntity
  8
BLACK
  6
CONTINUOUS
100
AcDbLine
 10
3.5467270078740158
 20
2.5385750393700786
 30
0
 11
3.545661653543307
 21
2.5396403937007874
 31
0
  0
LINE
  5
C3E
330
1A
100
AcDbEntity
  8
BLACK
  6
CONTINUOUS
100
AcDbLine
 10
3.545661653543307
 20
2.5396403937007874
 30
0
 11
3.5455118110236219
 21
2.5403937007874013
 31
0
  0
LINE
  5
C3F
330
1A
100
AcDbEntity
  8
BLACK
  6
CONTINUOUS
100
AcDbLine
 10
3.5455118110236219
 20
2.5403937007874013
 30
0
 11
3.5455118110236219
 21
2.674251968503937
 31
0
  0
LINE
  5
C40
330
1A
100
AcDbEntity
  8
BLACK
  6
CONTINUOUS
100
AcDbLine
 10
3.5455118110236219
 20
2.674251968503937
 30
0
 11
3.545661653543307
 21
2.6750052755905509
 31
0
  0
LINE
  5
C41
330
1A
100
AcDbEntity
  8
BLACK
  6
CONTINUOUS
100
AcDbLine
 10
3.545661653543307
 20
2.6750052755905509
 30
0
 11
3.5467270078740158
 21
2.6760706299212598
 31
0
  0
LINE
  5
C42
330
1A
100
AcDbEntity
  8
BLACK
  6
CONTINUOUS
100
AcDbLine
 10
3.5467270078740158
 20
2.6760706299212598
 30
0
 11
3.5474803149606298
 21
2.6762204724409449
 31
0
  0
LINE
  5
C43
330
1A
100
AcDbEntity
  8
BLACK
  6
CONTINUOUS
100
AcDbLine
 10
3.5474803149606298
 20
2.6762204724409449
 30
0
 11
3.6246456692913385
 21
2.6762204724409449
 31
0
  0
LINE
  5
C44
330
1A
100
AcDbEntity
  8
BLACK
  6
CONTINUOUS
100
AcDbLine
 10
3.6246456692913385
 20
2.6762204724409449
 30
0
 11
3.6253989763779528
 21
2.6760706299212598
 31
0
  0
LINE
  5
C45
330
1A
100
AcDbEntity
  8
BLACK
  6
CONTINUOUS
100
AcDbLine
 10
3.5494488188976376
 20
2.6722834645669291
 30
0
 11
3.5494488188976376
 21
2.5423622047244092
 31
0
  0
LINE
  5
C46
330
1A
100
AcDbEntity
  8
BLACK
  6
CONTINUOUS
100
AcDbLine
 10
3.5494488188976376
 20
2.5423622047244092
 30
0
 11
3.6226771653543306
 21
2.5423622047244092
 31
0
  0
LINE
  5
C47
330
1A
100
AcDbEntity
  8
BLACK
  6
CONTINUOUS
100
AcDbLine
 10
3.6226771653543306
 20
2.5423622047244092
 30
0
 11
3.6226771653543306
 21
2.6722834645669291
 31
0
  0
LINE
  5
C48
330
1A
100
AcDbEntity
  8
BLACK
  6
CONTINUOUS
100
AcDbLine
 10
3.6226771653543306
 20
2.6722834645669291
 30
0
 11
3.5494488188976376
 21
2.6722834645669291
 31
0
  0
LINE
  5
C49
330
1A
100
AcDbEntity
  8
BLACK
  6
CONTINUOUS
100
AcDbLine
 10
1.7002021259842519
 20
2.9825666929133856
 30
0
 11
1.7012674803149606
 21
2.9815013385826772
 31
0
  0
LINE
  5
C4A
330
1A
100
AcDbEntity
  8
BLACK
  6
CONTINUOUS
100
AcDbLine
 10
1.7012674803149606
 20
2.9815013385826772
 30
0
 11
1.7014173228346456
 21
2.9807480314960628
 31
0
  0
LINE
  5
C4B
330
1A
100
AcDbEntity
  8
BLACK
  6
CONTINUOUS
100
AcDbLine
 10
1.7014173228346456
 20
2.9807480314960628
 30
0
 11
1.7014173228346456
 21
2.9569420472440946
 31
0
  0
LINE
  5
C4C
330
1A
100
AcDbEntity
  8
BLACK
  6
CONTINUOUS
100
AcDbLine
 10
1.7014173228346456
 20
2.9569420472440946
 30
0
 11
1.7014514173228346
 21
2.9569761417322833
 31
0
  0
LINE
  5
C4D
330
1A
100
AcDbEntity
  8
BLACK
  6
CONTINUOUS
100
AcDbLine
 10
1.7014514173228346
 20
2.9569761417322833
 30
0
 11
1.7022047244094487
 21
2.9571259842519684
 31
0
  0
LINE
  5
C4E
330
1A
100
AcDbEntity
  8
BLACK
  6
CONTINUOUS
100
AcDbLine
 10
1.7022047244094487
 20
2.9571259842519684
 30
0
 11
1.855748031496063
 21
2.9571259842519684
 31
0
  0
LINE
  5
C4F
330
1A
100
AcDbEntity
  8
BLACK
  6
CONTINUOUS
100
AcDbLine
 10
1.855748031496063
 20
2.9571259842519684
 30
0
 11
1.8565013385826772
 21
2.9569761417322833
 31
0
  0
LINE
  5
C50
330
1A
100
AcDbEntity
  8
BLACK
  6
CONTINUOUS
100
AcDbLine
 10
1.8565013385826772
 20
2.9569761417322833
 30
0
 11
1.8575666929133858
 21
2.9559107874015749
 31
0
  0
LINE
  5
C51
330
1A
100
AcDbEntity
  8
BLACK
  6
CONTINUOUS
100
AcDbLine
 10
1.8575666929133858
 20
2.9559107874015749
 30
0
 11
1.8577165354330709
 21
2.9551574803149605
 31
0
  0
LINE
  5
C52
330
1A
100
AcDbEntity
  8
BLACK
  6
CONTINUOUS
100
AcDbLine
 10
1.8577165354330709
 20
2.9551574803149605
 30
0
 11
1.8577165354330709
 21
2.8488582677165355
 31
0
  0
LINE
  5
C53
330
1A
100
AcDbEntity
  8
BLACK
  6
CONTINUOUS
100
AcDbLine
 10
1.8577165354330709
 20
2.8488582677165355
 30
0
 11
1.8575666929133858
 21
2.8481049606299211
 31
0
  0
LINE
  5
C54
330
1A
100
AcDbEntity
  8
BLACK
  6
CONTINUOUS
100
AcDbLine
 10
1.8575666929133858
 20
2.8481049606299211
 30
0
 11
1.8565013385826772
 21
2.8470396062992127
 31
0
  0
LINE
  5
C55
330
1A
100
AcDbEntity
  8
BLACK
  6
CONTINUOUS
100
AcDbLine
 10
1.8565013385826772
 20
2.8470396062992127
 30
0
 11
1.855748031496063
 21
2.8468897637795276
 31
0
  0
LINE
  5
C56
330
1A
100
AcDbEntity
  8
BLACK
  6
CONTINUOUS
100
AcDbLine
 10
1.855748031496063
 20
2.8468897637795276
 30
0
 11
1.8354853543307086
 21
2.8468897637795276
 31
0
  0
LINE
  5
C57
330
1A
100
AcDbEntity
  8
BLACK
  6
CONTINUOUS
100
AcDbLine
 10
1.8354853543307086
 20
2.8468897637795276
 30
0
 11
1.8359131496062993
 21
2.8464619685039367
 31
0
  0
LINE
  5
C58
330
1A
100
AcDbEntity
  8
BLACK
  6
CONTINUOUS
100
AcDbLine
 10
1.8359131496062993
 20
2.8464619685039367
 30
0
 11
1.8360629921259841
 21
2.8457086614173228
 31
0
  0
LINE
  5
C59
330
1A
100
AcDbEntity
  8
BLACK
  6
CONTINUOUS
100
AcDbLine
 10
1.8360629921259841
 20
2.8457086614173228
 30
0
 11
1.8360629921259841
 21
2.741771653543307
 31
0
  0
LINE
  5
C5A
330
1A
100
AcDbEntity
  8
BLACK
  6
CONTINUOUS
100
AcDbLine
 10
1.8360629921259841
 20
2.741771653543307
 30
0
 11
1.8359131496062993
 21
2.7410183464566931
 31
0
  0
LINE
  5
C5B
330
1A
100
AcDbEntity
  8
BLACK
  6
CONTINUOUS
100
AcDbLine
 10
1.8359131496062993
 20
2.7410183464566931
 30
0
 11
1.8348477952755906
 21
2.7399529921259842
 31
0
  0
LINE
  5
C5C
330
1A
100
AcDbEntity
  8
BLACK
  6
CONTINUOUS
100
AcDbLine
 10
1.8348477952755906
 20
2.7399529921259842
 30
0
 11
1.8340944881889762
 21
2.7398031496062991
 31
0
  0
LINE
  5
C5D
330
1A
100
AcDbEntity
  8
BLACK
  6
CONTINUOUS
100
AcDbLine
 10
1.8340944881889762
 20
2.7398031496062991
 30
0
 11
1.731732283464567
 21
2.7398031496062991
 31
0
  0
LINE
  5
C5E
330
1A
100
AcDbEntity
  8
BLACK
  6
CONTINUOUS
100
AcDbLine
 10
1.731732283464567
 20
2.7398031496062991
 30
0
 11
1.731732283464567
 21
2.7118503937007872
 31
0
  0
LINE
  5
C5F
330
1A
100
AcDbEntity
  8
BLACK
  6
CONTINUOUS
100
AcDbLine
 10
1.731732283464567
 20
2.7118503937007872
 30
0
 11
1.7315824409448819
 21
2.7110970866141733
 31
0
  0
LINE
  5
C60
330
1A
100
AcDbEntity
  8
BLACK
  6
CONTINUOUS
100
AcDbLine
 10
1.7315824409448819
 20
2.7110970866141733
 30
0
 11
1.730564094488189
 21
2.7100787401574804
 31
0
  0
LINE
  5
C61
330
1A
100
AcDbEntity
  8
BLACK
  6
CONTINUOUS
100
AcDbLine
 10
1.730564094488189
 20
2.7100787401574804
 30
0
 11
1.7315824409448819
 21
2.7090603937007876
 31
0
  0
LINE
  5
C62
330
1A
100
AcDbEntity
  8
BLACK
  6
CONTINUOUS
100
AcDbLine
 10
1.7315824409448819
 20
2.7090603937007876
 30
0
 11
1.731732283464567
 21
2.7083070866141732
 31
0
  0
LINE
  5
C63
330
1A
100
AcDbEntity
  8
BLACK
  6
CONTINUOUS
100
AcDbLine
 10
1.731732283464567
 20
2.7083070866141732
 30
0
 11
1.731732283464567
 21
2.5760236220472441
 31
0
  0
LINE
  5
C64
330
1A
100
AcDbEntity
  8
BLACK
  6
CONTINUOUS
100
AcDbLine
 10
1.731732283464567
 20
2.5760236220472441
 30
0
 11
1.7315824409448819
 21
2.5752703149606297
 31
0
  0
LINE
  5
C65
330
1A
100
AcDbEntity
  8
BLACK
  6
CONTINUOUS
100
AcDbLine
 10
1.7315824409448819
 20
2.5752703149606297
 30
0
 11
1.7305170866141732
 21
2.5742049606299213
 31
0
  0
LINE
  5
C66
330
1A
100
AcDbEntity
  8
BLACK
  6
CONTINUOUS
100
AcDbLine
 10
1.7305170866141732
 20
2.5742049606299213
 30
0
 11
1.7297637795275591
 21
2.5740551181102362
 31
0
  0
LINE
  5
C67
330
1A
100
AcDbEntity
  8
BLACK
  6
CONTINUOUS
100
AcDbLine
 10
1.7297637795275591
 20
2.5740551181102362
 30
0
 11
1.6549606299212598
 21
2.5740551181102362
 31
0
  0
LINE
  5
C68
330
1A
100
AcDbEntity
  8
BLACK
  6
CONTINUOUS
100
AcDbLine
 10
1.6549606299212598
 20
2.5740551181102362
 30
0
 11
1.6542073228346457
 21
2.5742049606299213
 31
0
  0
LINE
  5
C69
330
1A
100
AcDbEntity
  8
BLACK
  6
CONTINUOUS
100
AcDbLine
 10
1.6542073228346457
 20
2.5742049606299213
 30
0
 11
1.653141968503937
 21
2.5752703149606297
 31
0
  0
LINE
  5
C6A
330
1A
100
AcDbEntity
  8
BLACK
  6
CONTINUOUS
100
AcDbLine
 10
1.653141968503937
 20
2.5752703149606297
 30
0
 11
1.6529921259842519
 21
2.5760236220472441
 31
0
  0
LINE
  5
C6B
330
1A
100
AcDbEntity
  8
BLACK
  6
CONTINUOUS
100
AcDbLine
 10
1.6529921259842519
 20
2.5760236220472441
 30
0
 11
1.6529921259842519
 21
2.7083070866141732
 31
0
  0
LINE
  5
C6C
330
1A
100
AcDbEntity
  8
BLACK
  6
CONTINUOUS
100
AcDbLine
 10
1.6529921259842519
 20
2.7083070866141732
 30
0
 11
1.653141968503937
 21
2.7090603937007876
 31
0
  0
LINE
  5
C6D
330
1A
100
AcDbEntity
  8
BLACK
  6
CONTINUOUS
100
AcDbLine
 10
1.653141968503937
 20
2.7090603937007876
 30
0
 11
1.6541603149606299
 21
2.7100787401574804
 31
0
  0
LINE
  5
C6E
330
1A
100
AcDbEntity
  8
BLACK
  6
CONTINUOUS
100
AcDbLine
 10
1.6541603149606299
 20
2.7100787401574804
 30
0
 11
1.6539763779527559
 21
2.7102626771653542
 31
0
  0
LINE
  5
C6F
330
1A
100
AcDbEntity
  8
BLACK
  6
CONTINUOUS
100
AcDbLine
 10
1.6539763779527559
 20
2.7102626771653542
 30
0
 11
1.652958031496063
 21
2.7092443307086613
 31
0
  0
LINE
  5
C70
330
1A
100
AcDbEntity
  8
BLACK
  6
CONTINUOUS
100
AcDbLine
 10
1.652958031496063
 20
2.7092443307086613
 30
0
 11
1.6522047244094489
 21
2.7090944881889762
 31
0
  0
LINE
  5
C71
330
1A
100
AcDbEntity
  8
BLACK
  6
CONTINUOUS
100
AcDbLine
 10
1.6522047244094489
 20
2.7090944881889762
 30
0
 11
1.5750393700787402
 21
2.7090944881889762
 31
0
  0
LINE
  5
C72
330
1A
100
AcDbEntity
  8
BLACK
  6
CONTINUOUS
100
AcDbLine
 10
1.5750393700787402
 20
2.7090944881889762
 30
0
 11
1.574286062992126
 21
2.7092443307086613
 31
0
  0
LINE
  5
C73
330
1A
100
AcDbEntity
  8
BLACK
  6
CONTINUOUS
100
AcDbLine
 10
1.574286062992126
 20
2.7092443307086613
 30
0
 11
1.5732207086614174
 21
2.7103096850393702
 31
0
  0
LINE
  5
C74
330
1A
100
AcDbEntity
  8
BLACK
  6
CONTINUOUS
100
AcDbLine
 10
1.5732207086614174
 20
2.7103096850393702
 30
0
 11
1.5730708661417323
 21
2.7110629921259841
 31
0
  0
LINE
  5
C75
330
1A
100
AcDbEntity
  8
BLACK
  6
CONTINUOUS
100
AcDbLine
 10
1.5730708661417323
 20
2.7110629921259841
 30
0
 11
1.5730708661417323
 21
2.8449212598425198
 31
0
  0
LINE
  5
C76
330
1A
100
AcDbEntity
  8
BLACK
  6
CONTINUOUS
100
AcDbLine
 10
1.5730708661417323
 20
2.8449212598425198
 30
0
 11
1.5732207086614174
 21
2.8456745669291337
 31
0
  0
LINE
  5
C77
330
1A
100
AcDbEntity
  8
BLACK
  6
CONTINUOUS
100
AcDbLine
 10
1.5732207086614174
 20
2.8456745669291337
 30
0
 11
1.574286062992126
 21
2.8467399212598425
 31
0
  0
LINE
  5
C78
330
1A
100
AcDbEntity
  8
BLACK
  6
CONTINUOUS
100
AcDbLine
 10
1.574286062992126
 20
2.8467399212598425
 30
0
 11
1.5750393700787402
 21
2.8468897637795276
 31
0
  0
LINE
  5
C79
330
1A
100
AcDbEntity
  8
BLACK
  6
CONTINUOUS
100
AcDbLine
 10
1.5750393700787402
 20
2.8468897637795276
 30
0
 11
1.6203149606299212
 21
2.8468897637795276
 31
0
  0
LINE
  5
C7A
330
1A
100
AcDbEntity
  8
BLACK
  6
CONTINUOUS
100
AcDbLine
 10
1.6203149606299212
 20
2.8468897637795276
 30
0
 11
1.6203149606299212
 21
2.9807480314960628
 31
0
  0
LINE
  5
C7B
330
1A
100
AcDbEntity
  8
BLACK
  6
CONTINUOUS
100
AcDbLine
 10
1.6203149606299212
 20
2.9807480314960628
 30
0
 11
1.6204648031496063
 21
2.9815013385826772
 31
0
  0
LINE
  5
C7C
330
1A
100
AcDbEntity
  8
BLACK
  6
CONTINUOUS
100
AcDbLine
 10
1.6204648031496063
 20
2.9815013385826772
 30
0
 11
1.6215301574803149
 21
2.9825666929133856
 31
0
  0
LINE
  5
C7D
330
1A
100
AcDbEntity
  8
BLACK
  6
CONTINUOUS
100
AcDbLine
 10
1.6215301574803149
 20
2.9825666929133856
 30
0
 11
1.6222834645669291
 21
2.9827165354330707
 31
0
  0
LINE
  5
C7E
330
1A
100
AcDbEntity
  8
BLACK
  6
CONTINUOUS
100
AcDbLine
 10
1.6222834645669291
 20
2.9827165354330707
 30
0
 11
1.6994488188976378
 21
2.9827165354330707
 31
0
  0
LINE
  5
C7F
330
1A
100
AcDbEntity
  8
BLACK
  6
CONTINUOUS
100
AcDbLine
 10
1.6994488188976378
 20
2.9827165354330707
 30
0
 11
1.7002021259842519
 21
2.9825666929133856
 31
0
  0
LINE
  5
C80
330
1A
100
AcDbEntity
  8
BLACK
  6
CONTINUOUS
100
AcDbLine
 10
1.6569291338582677
 20
2.7063385826771653
 30
0
 11
1.6569291338582677
 21
2.577992125984252
 31
0
  0
LINE
  5
C81
330
1A
100
AcDbEntity
  8
BLACK
  6
CONTINUOUS
100
AcDbLine
 10
1.6569291338582677
 20
2.577992125984252
 30
0
 11
1.7277952755905512
 21
2.577992125984252
 31
0
  0
LINE
  5
C82
330
1A
100
AcDbEntity
  8
BLACK
  6
CONTINUOUS
100
AcDbLine
 10
1.7277952755905512
 20
2.577992125984252
 30
0
 11
1.7277952755905512
 21
2.7063385826771653
 31
0
  0
LINE
  5
C83
330
1A
100
AcDbEntity
  8
BLACK
  6
CONTINUOUS
100
AcDbLine
 10
1.7277952755905512
 20
2.7063385826771653
 30
0
 11
1.6569291338582677
 21
2.7063385826771653
 31
0
  0
LINE
  5
C84
330
1A
100
AcDbEntity
  8
BLACK
  6
CONTINUOUS
100
AcDbLine
 10
1.577007874015748
 20
2.8429527559055119
 30
0
 11
1.577007874015748
 21
2.713031496062992
 31
0
  0
LINE
  5
C85
330
1A
100
AcDbEntity
  8
BLACK
  6
CONTINUOUS
100
AcDbLine
 10
1.577007874015748
 20
2.713031496062992
 30
0
 11
1.650236220472441
 21
2.713031496062992
 31
0
  0
LINE
  5
C86
330
1A
100
AcDbEntity
  8
BLACK
  6
CONTINUOUS
100
AcDbLine
 10
1.650236220472441
 20
2.713031496062992
 30
0
 11
1.650236220472441
 21
2.8429527559055119
 31
0
  0
LINE
  5
C87
330
1A
100
AcDbEntity
  8
BLACK
  6
CONTINUOUS
100
AcDbLine
 10
1.650236220472441
 20
2.8429527559055119
 30
0
 11
1.577007874015748
 21
2.8429527559055119
 31
0
  0
LINE
  5
C88
330
1A
100
AcDbEntity
  8
BLACK
  6
CONTINUOUS
100
AcDbLine
 10
1.6569291338582677
 20
2.8421653543307084
 30
0
 11
1.6569291338582677
 21
2.713818897637795
 31
0
  0
LINE
  5
C89
330
1A
100
AcDbEntity
  8
BLACK
  6
CONTINUOUS
100
AcDbLine
 10
1.6569291338582677
 20
2.713818897637795
 30
0
 11
1.7277952755905512
 21
2.713818897637795
 31
0
  0
LINE
  5
C8A
330
1A
100
AcDbEntity
  8
BLACK
  6
CONTINUOUS
100
AcDbLine
 10
1.7277952755905512
 20
2.713818897637795
 30
0
 11
1.7277952755905512
 21
2.8421653543307084
 31
0
  0
LINE
  5
C8B
330
1A
100
AcDbEntity
  8
BLACK
  6
CONTINUOUS
100
AcDbLine
 10
1.7277952755905512
 20
2.8421653543307084
 30
0
 11
1.6569291338582677
 21
2.8421653543307084
 31
0
  0
LINE
  5
C8C
330
1A
100
AcDbEntity
  8
BLACK
  6
CONTINUOUS
100
AcDbLine
 10
1.7337007874015748
 20
2.8437401574803149
 30
0
 11
1.7337007874015748
 21
2.7437401574803149
 31
0
  0
LINE
  5
C8D
330
1A
100
AcDbEntity
  8
BLACK
  6
CONTINUOUS
100
AcDbLine
 10
1.7337007874015748
 20
2.7437401574803149
 30
0
 11
1.8321259842519684
 21
2.7437401574803149
 31
0
  0
LINE
  5
C8E
330
1A
100
AcDbEntity
  8
BLACK
  6
CONTINUOUS
100
AcDbLine
 10
1.8321259842519684
 20
2.7437401574803149
 30
0
 11
1.8321259842519684
 21
2.8437401574803149
 31
0
  0
LINE
  5
C8F
330
1A
100
AcDbEntity
  8
BLACK
  6
CONTINUOUS
100
AcDbLine
 10
1.8321259842519684
 20
2.8437401574803149
 30
0
 11
1.7337007874015748
 21
2.8437401574803149
 31
0
  0
LINE
  5
C90
330
1A
100
AcDbEntity
  8
BLACK
  6
CONTINUOUS
100
AcDbLine
 10
1.7014173228346456
 20
2.8468897637795276
 30
0
 11
1.7012674803149606
 21
2.8461364566929133
 31
0
  0
LINE
  5
C91
330
1A
100
AcDbEntity
  8
BLACK
  6
CONTINUOUS
100
AcDbLine
 10
1.7012674803149606
 20
2.8461364566929133
 30
0
 11
1.7012333858267716
 21
2.8461023622047241
 31
0
  0
LINE
  5
C92
330
1A
100
AcDbEntity
  8
BLACK
  6
CONTINUOUS
100
AcDbLine
 10
1.7012333858267716
 20
2.8461023622047241
 30
0
 11
1.7297637795275591
 21
2.8461023622047241
 31
0
  0
LINE
  5
C93
330
1A
100
AcDbEntity
  8
BLACK
  6
CONTINUOUS
100
AcDbLine
 10
1.7297637795275591
 20
2.8461023622047241
 30
0
 11
1.729839094488189
 21
2.846087401574803
 31
0
  0
LINE
  5
C94
330
1A
100
AcDbEntity
  8
BLACK
  6
CONTINUOUS
100
AcDbLine
 10
1.729839094488189
 20
2.846087401574803
 30
0
 11
1.729913622047244
 21
2.8464619685039367
 31
0
  0
LINE
  5
C95
330
1A
100
AcDbEntity
  8
BLACK
  6
CONTINUOUS
100
AcDbLine
 10
1.729913622047244
 20
2.8464619685039367
 30
0
 11
1.7303414173228346
 21
2.8468897637795276
 31
0
  0
LINE
  5
C96
330
1A
100
AcDbEntity
  8
BLACK
  6
CONTINUOUS
100
AcDbLine
 10
1.7303414173228346
 20
2.8468897637795276
 30
0
 11
1.7022047244094487
 21
2.8468897637795276
 31
0
  0
LINE
  5
C97
330
1A
100
AcDbEntity
  8
BLACK
  6
CONTINUOUS
100
AcDbLine
 10
1.7022047244094487
 20
2.8468897637795276
 30
0
 11
1.7014514173228346
 21
2.8470396062992127
 31
0
  0
LINE
  5
C98
330
1A
100
AcDbEntity
  8
BLACK
  6
CONTINUOUS
100
AcDbLine
 10
1.7014514173228346
 20
2.8470396062992127
 30
0
 11
1.7014173228346456
 21
2.8470737007874014
 31
0
  0
LINE
  5
C99
330
1A
100
AcDbEntity
  8
BLACK
  6
CONTINUOUS
100
AcDbLine
 10
1.7014173228346456
 20
2.8470737007874014
 30
0
 11
1.7014173228346456
 21
2.8468897637795276
 31
0
  0
LINE
  5
C9A
330
1A
100
AcDbEntity
  8
BLACK
  6
CONTINUOUS
100
AcDbLine
 10
1.6242519685039369
 20
2.978779527559055
 30
0
 11
1.6242519685039369
 21
2.8488582677165355
 31
0
  0
LINE
  5
C9B
330
1A
100
AcDbEntity
  8
BLACK
  6
CONTINUOUS
100
AcDbLine
 10
1.6242519685039369
 20
2.8488582677165355
 30
0
 11
1.6974803149606299
 21
2.8488582677165355
 31
0
  0
LINE
  5
C9C
330
1A
100
AcDbEntity
  8
BLACK
  6
CONTINUOUS
100
AcDbLine
 10
1.6974803149606299
 20
2.8488582677165355
 30
0
 11
1.6974803149606299
 21
2.978779527559055
 31
0
  0
LINE
  5
C9D
330
1A
100
AcDbEntity
  8
BLACK
  6
CONTINUOUS
100
AcDbLine
 10
1.6974803149606299
 20
2.978779527559055
 30
0
 11
1.6242519685039369
 21
2.978779527559055
 31
0
  0
LINE
  5
C9E
330
1A
100
AcDbEntity
  8
BLACK
  6
CONTINUOUS
100
AcDbLine
 10
1.7041732283464566
 20
2.9531889763779526
 30
0
 11
1.7041732283464566
 21
2.8508267716535434
 31
0
  0
LINE
  5
C9F
330
1A
100
AcDbEntity
  8
BLACK
  6
CONTINUOUS
100
AcDbLine
 10
1.7041732283464566
 20
2.8508267716535434
 30
0
 11
1.8537795275590552
 21
2.8508267716535434
 31
0
  0
LINE
  5
CA0
330
1A
100
AcDbEntity
  8
BLACK
  6
CONTINUOUS
100
AcDbLine
 10
1.8537795275590552
 20
2.8508267716535434
 30
0
 11
1.8537795275590552
 21
2.9531889763779526
 31
0
  0
LINE
  5
CA1
330
1A
100
AcDbEntity
  8
BLACK
  6
CONTINUOUS
100
AcDbLine
 10
1.8537795275590552
 20
2.9531889763779526
 30
0
 11
1.7041732283464566
 21
2.9531889763779526
 31
0
  0
LINE
  5
CA2
330
1A
100
AcDbEntity
  8
BLACK
  6
CONTINUOUS
100
AcDbLine
 10
0.8950840157480314
 20
2.9843383464566928
 30
0
 11
0.8961493700787402
 21
2.9832729921259844
 31
0
  0
LINE
  5
CA3
330
1A
100
AcDbEntity
  8
BLACK
  6
CONTINUOUS
100
AcDbLine
 10
0.8961493700787402
 20
2.9832729921259844
 30
0
 11
0.8962992125984252
 21
2.98251968503937
 31
0
  0
LINE
  5
CA4
330
1A
100
AcDbEntity
  8
BLACK
  6
CONTINUOUS
100
AcDbLine
 10
0.8962992125984252
 20
2.98251968503937
 30
0
 11
0.8962992125984252
 21
2.8486614173228344
 31
0
  0
LINE
  5
CA5
330
1A
100
AcDbEntity
  8
BLACK
  6
CONTINUOUS
100
AcDbLine
 10
0.8962992125984252
 20
2.8486614173228344
 30
0
 11
0.8962404724409448
 21
2.8483661417322832
 31
0
  0
LINE
  5
CA6
330
1A
100
AcDbEntity
  8
BLACK
  6
CONTINUOUS
100
AcDbLine
 10
0.8962404724409448
 20
2.8483661417322832
 30
0
 11
0.8980708661417323
 21
2.8483661417322832
 31
0
  0
LINE
  5
CA7
330
1A
100
AcDbEntity
  8
BLACK
  6
CONTINUOUS
100
AcDbLine
 10
0.8980708661417323
 20
2.8483661417322832
 30
0
 11
0.8980708661417323
 21
2.9534842519685038
 31
0
  0
LINE
  5
CA8
330
1A
100
AcDbEntity
  8
BLACK
  6
CONTINUOUS
100
AcDbLine
 10
0.8980708661417323
 20
2.9534842519685038
 30
0
 11
0.8982207086614173
 21
2.9542375590551182
 31
0
  0
LINE
  5
CA9
330
1A
100
AcDbEntity
  8
BLACK
  6
CONTINUOUS
100
AcDbLine
 10
0.8982207086614173
 20
2.9542375590551182
 30
0
 11
0.899286062992126
 21
2.9553029133858266
 31
0
  0
LINE
  5
CAA
330
1A
100
AcDbEntity
  8
BLACK
  6
CONTINUOUS
100
AcDbLine
 10
0.899286062992126
 20
2.9553029133858266
 30
0
 11
0.9000393700787401
 21
2.9554527559055117
 31
0
  0
LINE
  5
CAB
330
1A
100
AcDbEntity
  8
BLACK
  6
CONTINUOUS
100
AcDbLine
 10
0.9000393700787401
 20
2.9554527559055117
 30
0
 11
1.0535826771653543
 21
2.9554527559055117
 31
0
  0
LINE
  5
CAC
330
1A
100
AcDbEntity
  8
BLACK
  6
CONTINUOUS
100
AcDbLine
 10
1.0535826771653543
 20
2.9554527559055117
 30
0
 11
1.0543359842519684
 21
2.9553029133858266
 31
0
  0
LINE
  5
CAD
330
1A
100
AcDbEntity
  8
BLACK
  6
CONTINUOUS
100
AcDbLine
 10
1.0543359842519684
 20
2.9553029133858266
 30
0
 11
1.055401338582677
 21
2.9542375590551182
 31
0
  0
LINE
  5
CAE
330
1A
100
AcDbEntity
  8
BLACK
  6
CONTINUOUS
100
AcDbLine
 10
1.055401338582677
 20
2.9542375590551182
 30
0
 11
1.0555511811023621
 21
2.9534842519685038
 31
0
  0
LINE
  5
CAF
330
1A
100
AcDbEntity
  8
BLACK
  6
CONTINUOUS
100
AcDbLine
 10
1.0555511811023621
 20
2.9534842519685038
 30
0
 11
1.0555511811023621
 21
2.9365680314960629
 31
0
  0
LINE
  5
CB0
330
1A
100
AcDbEntity
  8
BLACK
  6
CONTINUOUS
100
AcDbLine
 10
1.0555511811023621
 20
2.9365680314960629
 30
0
 11
1.0565695275590552
 21
2.9375863779527558
 31
0
  0
LINE
  5
CB1
330
1A
100
AcDbEntity
  8
BLACK
  6
CONTINUOUS
100
AcDbLine
 10
1.0565695275590552
 20
2.9375863779527558
 30
0
 11
1.0573228346456693
 21
2.9377362204724409
 31
0
  0
LINE
  5
CB2
330
1A
100
AcDbEntity
  8
BLACK
  6
CONTINUOUS
100
AcDbLine
 10
1.0573228346456693
 20
2.9377362204724409
 30
0
 11
1.1344881889763778
 21
2.9377362204724409
 31
0
  0
LINE
  5
CB3
330
1A
100
AcDbEntity
  8
BLACK
  6
CONTINUOUS
100
AcDbLine
 10
1.1344881889763778
 20
2.9377362204724409
 30
0
 11
1.1352414960629922
 21
2.9375863779527558
 31
0
  0
LINE
  5
CB4
330
1A
100
AcDbEntity
  8
BLACK
  6
CONTINUOUS
100
AcDbLine
 10
1.1352414960629922
 20
2.9375863779527558
 30
0
 11
1.1363068503937008
 21
2.9365210236220474
 31
0
  0
LINE
  5
CB5
330
1A
100
AcDbEntity
  8
BLACK
  6
CONTINUOUS
100
AcDbLine
 10
1.1363068503937008
 20
2.9365210236220474
 30
0
 11
1.1364566929133857
 21
2.935767716535433
 31
0
  0
LINE
  5
CB6
330
1A
100
AcDbEntity
  8
BLACK
  6
CONTINUOUS
100
AcDbLine
 10
1.1364566929133857
 20
2.935767716535433
 30
0
 11
1.1364566929133857
 21
2.8019094488188974
 31
0
  0
LINE
  5
CB7
330
1A
100
AcDbEntity
  8
BLACK
  6
CONTINUOUS
100
AcDbLine
 10
1.1364566929133857
 20
2.8019094488188974
 30
0
 11
1.1363068503937008
 21
2.8011561417322834
 31
0
  0
LINE
  5
CB8
330
1A
100
AcDbEntity
  8
BLACK
  6
CONTINUOUS
100
AcDbLine
 10
1.1363068503937008
 20
2.8011561417322834
 30
0
 11
1.1352414960629922
 21
2.8000907874015746
 31
0
  0
LINE
  5
CB9
330
1A
100
AcDbEntity
  8
BLACK
  6
CONTINUOUS
100
AcDbLine
 10
1.1352414960629922
 20
2.8000907874015746
 30
0
 11
1.1344881889763778
 21
2.7999409448818895
 31
0
  0
LINE
  5
CBA
330
1A
100
AcDbEntity
  8
BLACK
  6
CONTINUOUS
100
AcDbLine
 10
1.1344881889763778
 20
2.7999409448818895
 30
0
 11
1.1341074015748032
 21
2.7999409448818895
 31
0
  0
LINE
  5
CBB
330
1A
100
AcDbEntity
  8
BLACK
  6
CONTINUOUS
100
AcDbLine
 10
1.1341074015748032
 20
2.7999409448818895
 30
0
 11
1.135125748031496
 21
2.7989225984251966
 31
0
  0
LINE
  5
CBC
330
1A
100
AcDbEntity
  8
BLACK
  6
CONTINUOUS
100
AcDbLine
 10
1.135125748031496
 20
2.7989225984251966
 30
0
 11
1.1352755905511811
 21
2.7981692913385827
 31
0
  0
LINE
  5
CBD
330
1A
100
AcDbEntity
  8
BLACK
  6
CONTINUOUS
100
AcDbLine
 10
1.1352755905511811
 20
2.7981692913385827
 30
0
 11
1.1354254330708662
 21
2.7989225984251966
 31
0
  0
LINE
  5
CBE
330
1A
100
AcDbEntity
  8
BLACK
  6
CONTINUOUS
100
AcDbLine
 10
1.1354254330708662
 20
2.7989225984251966
 30
0
 11
1.1364907874015748
 21
2.7999879527559055
 31
0
  0
LINE
  5
CBF
330
1A
100
AcDbEntity
  8
BLACK
  6
CONTINUOUS
100
AcDbLine
 10
1.1364907874015748
 20
2.7999879527559055
 30
0
 11
1.137244094488189
 21
2.8001377952755906
 31
0
  0
LINE
  5
CC0
330
1A
100
AcDbEntity
  8
BLACK
  6
CONTINUOUS
100
AcDbLine
 10
1.137244094488189
 20
2.8001377952755906
 30
0
 11
1.1588976377952755
 21
2.8001377952755906
 31
0
  0
LINE
  5
CC1
330
1A
100
AcDbEntity
  8
BLACK
  6
CONTINUOUS
100
AcDbLine
 10
1.1588976377952755
 20
2.8001377952755906
 30
0
 11
1.1588976377952755
 21
2.8983661417322835
 31
0
  0
LINE
  5
CC2
330
1A
100
AcDbEntity
  8
BLACK
  6
CONTINUOUS
100
AcDbLine
 10
1.1588976377952755
 20
2.8983661417322835
 30
0
 11
1.1590474803149606
 21
2.8991194488188974
 31
0
  0
LINE
  5
CC3
330
1A
100
AcDbEntity
  8
BLACK
  6
CONTINUOUS
100
AcDbLine
 10
1.1590474803149606
 20
2.8991194488188974
 30
0
 11
1.1601128346456693
 21
2.9001848031496062
 31
0
  0
LINE
  5
CC4
330
1A
100
AcDbEntity
  8
BLACK
  6
CONTINUOUS
100
AcDbLine
 10
1.1601128346456693
 20
2.9001848031496062
 30
0
 11
1.1608661417322834
 21
2.9003346456692913
 31
0
  0
LINE
  5
CC5
330
1A
100
AcDbEntity
  8
BLACK
  6
CONTINUOUS
100
AcDbLine
 10
1.1608661417322834
 20
2.9003346456692913
 30
0
 11
1.2907874015748031
 21
2.9003346456692913
 31
0
  0
LINE
  5
CC6
330
1A
100
AcDbEntity
  8
BLACK
  6
CONTINUOUS
100
AcDbLine
 10
1.2907874015748031
 20
2.9003346456692913
 30
0
 11
1.2915407086614172
 21
2.9001848031496062
 31
0
  0
LINE
  5
CC7
330
1A
100
AcDbEntity
  8
BLACK
  6
CONTINUOUS
100
AcDbLine
 10
1.2915407086614172
 20
2.9001848031496062
 30
0
 11
1.2926060629921259
 21
2.8991194488188974
 31
0
  0
LINE
  5
CC8
330
1A
100
AcDbEntity
  8
BLACK
  6
CONTINUOUS
100
AcDbLine
 10
1.2926060629921259
 20
2.8991194488188974
 30
0
 11
1.292755905511811
 21
2.8983661417322835
 31
0
  0
LINE
  5
CC9
330
1A
100
AcDbEntity
  8
BLACK
  6
CONTINUOUS
100
AcDbLine
 10
1.292755905511811
 20
2.8983661417322835
 30
0
 11
1.292755905511811
 21
2.7999409448818895
 31
0
  0
LINE
  5
CCA
330
1A
100
AcDbEntity
  8
BLACK
  6
CONTINUOUS
100
AcDbLine
 10
1.292755905511811
 20
2.7999409448818895
 30
0
 11
1.2926060629921259
 21
2.7991876377952756
 31
0
  0
LINE
  5
CCB
330
1A
100
AcDbEntity
  8
BLACK
  6
CONTINUOUS
100
AcDbLine
 10
1.2926060629921259
 20
2.7991876377952756
 30
0
 11
1.2915407086614172
 21
2.7981222834645667
 31
0
  0
LINE
  5
CCC
330
1A
100
AcDbEntity
  8
BLACK
  6
CONTINUOUS
100
AcDbLine
 10
1.2915407086614172
 20
2.7981222834645667
 30
0
 11
1.2907874015748031
 21
2.7979724409448816
 31
0
  0
LINE
  5
CCD
330
1A
100
AcDbEntity
  8
BLACK
  6
CONTINUOUS
100
AcDbLine
 10
1.2907874015748031
 20
2.7979724409448816
 30
0
 11
1.2140157480314961
 21
2.7979724409448816
 31
0
  0
LINE
  5
CCE
330
1A
100
AcDbEntity
  8
BLACK
  6
CONTINUOUS
100
AcDbLine
 10
1.2140157480314961
 20
2.7979724409448816
 30
0
 11
1.2140157480314961
 21
2.6658858267716536
 31
0
  0
LINE
  5
CCF
330
1A
100
AcDbEntity
  8
BLACK
  6
CONTINUOUS
100
AcDbLine
 10
1.2140157480314961
 20
2.6658858267716536
 30
0
 11
1.2138659055118111
 21
2.6651325196850393
 31
0
  0
LINE
  5
CD0
330
1A
100
AcDbEntity
  8
BLACK
  6
CONTINUOUS
100
AcDbLine
 10
1.2138659055118111
 20
2.6651325196850393
 30
0
 11
1.2128005511811024
 21
2.6640671653543309
 31
0
  0
LINE
  5
CD1
330
1A
100
AcDbEntity
  8
BLACK
  6
CONTINUOUS
100
AcDbLine
 10
1.2128005511811024
 20
2.6640671653543309
 30
0
 11
1.2120472440944881
 21
2.6639173228346458
 31
0
  0
LINE
  5
CD2
330
1A
100
AcDbEntity
  8
BLACK
  6
CONTINUOUS
100
AcDbLine
 10
1.2120472440944881
 20
2.6639173228346458
 30
0
 11
1.137244094488189
 21
2.6639173228346458
 31
0
  0
LINE
  5
CD3
330
1A
100
AcDbEntity
  8
BLACK
  6
CONTINUOUS
100
AcDbLine
 10
1.137244094488189
 20
2.6639173228346458
 30
0
 11
1.1364907874015748
 21
2.6640671653543309
 31
0
  0
LINE
  5
CD4
330
1A
100
AcDbEntity
  8
BLACK
  6
CONTINUOUS
100
AcDbLine
 10
1.1364907874015748
 20
2.6640671653543309
 30
0
 11
1.1354254330708662
 21
2.6651325196850393
 31
0
  0
LINE
  5
CD5
330
1A
100
AcDbEntity
  8
BLACK
  6
CONTINUOUS
100
AcDbLine
 10
1.1354254330708662
 20
2.6651325196850393
 30
0
 11
1.1352755905511811
 21
2.6658858267716536
 31
0
  0
LINE
  5
CD6
330
1A
100
AcDbEntity
  8
BLACK
  6
CONTINUOUS
100
AcDbLine
 10
1.1352755905511811
 20
2.6658858267716536
 30
0
 11
1.135125748031496
 21
2.6651325196850393
 31
0
  0
LINE
  5
CD7
330
1A
100
AcDbEntity
  8
BLACK
  6
CONTINUOUS
100
AcDbLine
 10
1.135125748031496
 20
2.6651325196850393
 30
0
 11
1.1340603937007874
 21
2.6640671653543309
 31
0
  0
LINE
  5
CD8
330
1A
100
AcDbEntity
  8
BLACK
  6
CONTINUOUS
100
AcDbLine
 10
1.1340603937007874
 20
2.6640671653543309
 30
0
 11
1.1333070866141732
 21
2.6639173228346458
 31
0
  0
LINE
  5
CD9
330
1A
100
AcDbEntity
  8
BLACK
  6
CONTINUOUS
100
AcDbLine
 10
1.1333070866141732
 20
2.6639173228346458
 30
0
 11
1.0585039370078739
 21
2.6639173228346458
 31
0
  0
LINE
  5
CDA
330
1A
100
AcDbEntity
  8
BLACK
  6
CONTINUOUS
100
AcDbLine
 10
1.0585039370078739
 20
2.6639173228346458
 30
0
 11
1.0577506299212598
 21
2.6640671653543309
 31
0
  0
LINE
  5
CDB
330
1A
100
AcDbEntity
  8
BLACK
  6
CONTINUOUS
100
AcDbLine
 10
1.0577506299212598
 20
2.6640671653543309
 30
0
 11
1.0566852755905511
 21
2.6651325196850393
 31
0
  0
LINE
  5
CDC
330
1A
100
AcDbEntity
  8
BLACK
  6
CONTINUOUS
100
AcDbLine
 10
1.0566852755905511
 20
2.6651325196850393
 30
0
 11
1.0565354330708661
 21
2.6658858267716536
 31
0
  0
LINE
  5
CDD
330
1A
100
AcDbEntity
  8
BLACK
  6
CONTINUOUS
100
AcDbLine
 10
1.0565354330708661
 20
2.6658858267716536
 30
0
 11
1.0565354330708661
 21
2.7981692913385827
 31
0
  0
LINE
  5
CDE
330
1A
100
AcDbEntity
  8
BLACK
  6
CONTINUOUS
100
AcDbLine
 10
1.0565354330708661
 20
2.7981692913385827
 30
0
 11
1.0566852755905511
 21
2.7989225984251966
 31
0
  0
LINE
  5
CDF
330
1A
100
AcDbEntity
  8
BLACK
  6
CONTINUOUS
100
AcDbLine
 10
1.0566852755905511
 20
2.7989225984251966
 30
0
 11
1.057703622047244
 21
2.7999409448818895
 31
0
  0
LINE
  5
CE0
330
1A
100
AcDbEntity
  8
BLACK
  6
CONTINUOUS
100
AcDbLine
 10
1.057703622047244
 20
2.7999409448818895
 30
0
 11
1.0573228346456693
 21
2.7999409448818895
 31
0
  0
LINE
  5
CE1
330
1A
100
AcDbEntity
  8
BLACK
  6
CONTINUOUS
100
AcDbLine
 10
1.0573228346456693
 20
2.7999409448818895
 30
0
 11
1.0565695275590552
 21
2.8000907874015746
 31
0
  0
LINE
  5
CE2
330
1A
100
AcDbEntity
  8
BLACK
  6
CONTINUOUS
100
AcDbLine
 10
1.0565695275590552
 20
2.8000907874015746
 30
0
 11
1.0555041732283463
 21
2.8011561417322834
 31
0
  0
LINE
  5
CE3
330
1A
100
AcDbEntity
  8
BLACK
  6
CONTINUOUS
100
AcDbLine
 10
1.0555041732283463
 20
2.8011561417322834
 30
0
 11
1.0553543307086615
 21
2.8019094488188974
 31
0
  0
LINE
  5
CE4
330
1A
100
AcDbEntity
  8
BLACK
  6
CONTINUOUS
100
AcDbLine
 10
1.0553543307086615
 20
2.8019094488188974
 30
0
 11
1.0553543307086615
 21
2.8463847244094489
 31
0
  0
LINE
  5
CE5
330
1A
100
AcDbEntity
  8
BLACK
  6
CONTINUOUS
100
AcDbLine
 10
1.0553543307086615
 20
2.8463847244094489
 30
0
 11
1.0543359842519684
 21
2.845366377952756
 31
0
  0
LINE
  5
CE6
330
1A
100
AcDbEntity
  8
BLACK
  6
CONTINUOUS
100
AcDbLine
 10
1.0543359842519684
 20
2.845366377952756
 30
0
 11
1.0535826771653543
 21
2.845216535433071
 31
0
  0
LINE
  5
CE7
330
1A
100
AcDbEntity
  8
BLACK
  6
CONTINUOUS
100
AcDbLine
 10
1.0535826771653543
 20
2.845216535433071
 30
0
 11
1.0303672440944882
 21
2.845216535433071
 31
0
  0
LINE
  5
CE8
330
1A
100
AcDbEntity
  8
BLACK
  6
CONTINUOUS
100
AcDbLine
 10
1.0303672440944882
 20
2.845216535433071
 30
0
 11
1.0307950393700787
 21
2.8447887401574801
 31
0
  0
LINE
  5
CE9
330
1A
100
AcDbEntity
  8
BLACK
  6
CONTINUOUS
100
AcDbLine
 10
1.0307950393700787
 20
2.8447887401574801
 30
0
 11
1.0309448818897637
 21
2.8440354330708661
 31
0
  0
LINE
  5
CEA
330
1A
100
AcDbEntity
  8
BLACK
  6
CONTINUOUS
100
AcDbLine
 10
1.0309448818897637
 20
2.8440354330708661
 30
0
 11
1.0309448818897637
 21
2.7400984251968503
 31
0
  0
LINE
  5
CEB
330
1A
100
AcDbEntity
  8
BLACK
  6
CONTINUOUS
100
AcDbLine
 10
1.0309448818897637
 20
2.7400984251968503
 30
0
 11
1.0307950393700787
 21
2.739345118110236
 31
0
  0
LINE
  5
CEC
330
1A
100
AcDbEntity
  8
BLACK
  6
CONTINUOUS
100
AcDbLine
 10
1.0307950393700787
 20
2.739345118110236
 30
0
 11
1.02972968503937
 21
2.7382797637795275
 31
0
  0
LINE
  5
CED
330
1A
100
AcDbEntity
  8
BLACK
  6
CONTINUOUS
100
AcDbLine
 10
1.02972968503937
 20
2.7382797637795275
 30
0
 11
1.0289763779527559
 21
2.7381299212598424
 31
0
  0
LINE
  5
CEE
330
1A
100
AcDbEntity
  8
BLACK
  6
CONTINUOUS
100
AcDbLine
 10
1.0289763779527559
 20
2.7381299212598424
 30
0
 11
0.9266141732283464
 21
2.7381299212598424
 31
0
  0
LINE
  5
CEF
330
1A
100
AcDbEntity
  8
BLACK
  6
CONTINUOUS
100
AcDbLine
 10
0.9266141732283464
 20
2.7381299212598424
 30
0
 11
0.9258608661417322
 21
2.7382797637795275
 31
0
  0
LINE
  5
CF0
330
1A
100
AcDbEntity
  8
BLACK
  6
CONTINUOUS
100
AcDbLine
 10
0.9258608661417322
 20
2.7382797637795275
 30
0
 11
0.9247955118110236
 21
2.739345118110236
 31
0
  0
LINE
  5
CF1
330
1A
100
AcDbEntity
  8
BLACK
  6
CONTINUOUS
100
AcDbLine
 10
0.9247955118110236
 20
2.739345118110236
 30
0
 11
0.9246456692913385
 21
2.7400984251968503
 31
0
  0
LINE
  5
CF2
330
1A
100
AcDbEntity
  8
BLACK
  6
CONTINUOUS
100
AcDbLine
 10
0.9246456692913385
 20
2.7400984251968503
 30
0
 11
0.9246456692913385
 21
2.8440354330708661
 31
0
  0
LINE
  5
CF3
330
1A
100
AcDbEntity
  8
BLACK
  6
CONTINUOUS
100
AcDbLine
 10
0.9246456692913385
 20
2.8440354330708661
 30
0
 11
0.9247955118110236
 21
2.8447887401574801
 31
0
  0
LINE
  5
CF4
330
1A
100
AcDbEntity
  8
BLACK
  6
CONTINUOUS
100
AcDbLine
 10
0.9247955118110236
 20
2.8447887401574801
 30
0
 11
0.9252233070866142
 21
2.845216535433071
 31
0
  0
LINE
  5
CF5
330
1A
100
AcDbEntity
  8
BLACK
  6
CONTINUOUS
100
AcDbLine
 10
0.9252233070866142
 20
2.845216535433071
 30
0
 11
0.916771653543307
 21
2.845216535433071
 31
0
  0
LINE
  5
CF6
330
1A
100
AcDbEntity
  8
BLACK
  6
CONTINUOUS
100
AcDbLine
 10
0.916771653543307
 20
2.845216535433071
 30
0
 11
0.916771653543307
 21
2.7141141732283462
 31
0
  0
LINE
  5
CF7
330
1A
100
AcDbEntity
  8
BLACK
  6
CONTINUOUS
100
AcDbLine
 10
0.916771653543307
 20
2.7141141732283462
 30
0
 11
0.9166218110236221
 21
2.7133608661417323
 31
0
  0
LINE
  5
CF8
330
1A
100
AcDbEntity
  8
BLACK
  6
CONTINUOUS
100
AcDbLine
 10
0.9166218110236221
 20
2.7133608661417323
 30
0
 11
0.9160955905511811
 21
2.7128346456692913
 31
0
  0
LINE
  5
CF9
330
1A
100
AcDbEntity
  8
BLACK
  6
CONTINUOUS
100
AcDbLine
 10
0.9160955905511811
 20
2.7128346456692913
 30
0
 11
0.9166218110236221
 21
2.7123084251968503
 31
0
  0
LINE
  5
CFA
330
1A
100
AcDbEntity
  8
BLACK
  6
CONTINUOUS
100
AcDbLine
 10
0.9166218110236221
 20
2.7123084251968503
 30
0
 11
0.916771653543307
 21
2.711555118110236
 31
0
  0
LINE
  5
CFB
330
1A
100
AcDbEntity
  8
BLACK
  6
CONTINUOUS
100
AcDbLine
 10
0.916771653543307
 20
2.711555118110236
 30
0
 11
0.916771653543307
 21
2.5792716535433069
 31
0
  0
LINE
  5
CFC
330
1A
100
AcDbEntity
  8
BLACK
  6
CONTINUOUS
100
AcDbLine
 10
0.916771653543307
 20
2.5792716535433069
 30
0
 11
0.9166218110236221
 21
2.578518346456693
 31
0
  0
LINE
  5
CFD
330
1A
100
AcDbEntity
  8
BLACK
  6
CONTINUOUS
100
AcDbLine
 10
0.9166218110236221
 20
2.578518346456693
 30
0
 11
0.9155564566929134
 21
2.5774529921259841
 31
0
  0
LINE
  5
CFE
330
1A
100
AcDbEntity
  8
BLACK
  6
CONTINUOUS
100
AcDbLine
 10
0.9155564566929134
 20
2.5774529921259841
 30
0
 11
0.9148031496062992
 21
2.577303149606299
 31
0
  0
LINE
  5
CFF
330
1A
100
AcDbEntity
  8
BLACK
  6
CONTINUOUS
100
AcDbLine
 10
0.9148031496062992
 20
2.577303149606299
 30
0
 11
0.84
 21
2.577303149606299
 31
0
  0
LINE
  5
D00
330
1A
100
AcDbEntity
  8
BLACK
  6
CONTINUOUS
100
AcDbLine
 10
0.84
 20
2.577303149606299
 30
0
 11
0.8392466929133858
 21
2.5774529921259841
 31
0
  0
LINE
  5
D01
330
1A
100
AcDbEntity
  8
BLACK
  6
CONTINUOUS
100
AcDbLine
 10
0.8392466929133858
 20
2.5774529921259841
 30
0
 11
0.8381813385826772
 21
2.578518346456693
 31
0
  0
LINE
  5
D02
330
1A
100
AcDbEntity
  8
BLACK
  6
CONTINUOUS
100
AcDbLine
 10
0.8381813385826772
 20
2.578518346456693
 30
0
 11
0.8380314960629921
 21
2.5792716535433069
 31
0
  0
LINE
  5
D03
330
1A
100
AcDbEntity
  8
BLACK
  6
CONTINUOUS
100
AcDbLine
 10
0.8380314960629921
 20
2.5792716535433069
 30
0
 11
0.8380314960629921
 21
2.711555118110236
 31
0
  0
LINE
  5
D04
330
1A
100
AcDbEntity
  8
BLACK
  6
CONTINUOUS
100
AcDbLine
 10
0.8380314960629921
 20
2.711555118110236
 30
0
 11
0.8381813385826772
 21
2.7123084251968503
 31
0
  0
LINE
  5
D05
330
1A
100
AcDbEntity
  8
BLACK
  6
CONTINUOUS
100
AcDbLine
 10
0.8381813385826772
 20
2.7123084251968503
 30
0
 11
0.8387075590551181
 21
2.7128346456692913
 31
0
  0
LINE
  5
D06
330
1A
100
AcDbEntity
  8
BLACK
  6
CONTINUOUS
100
AcDbLine
 10
0.8387075590551181
 20
2.7128346456692913
 30
0
 11
0.8381813385826772
 21
2.7133608661417323
 31
0
  0
LINE
  5
D07
330
1A
100
AcDbEntity
  8
BLACK
  6
CONTINUOUS
100
AcDbLine
 10
0.8381813385826772
 20
2.7133608661417323
 30
0
 11
0.8380314960629921
 21
2.7141141732283462
 31
0
  0
LINE
  5
D08
330
1A
100
AcDbEntity
  8
BLACK
  6
CONTINUOUS
100
AcDbLine
 10
0.8380314960629921
 20
2.7141141732283462
 30
0
 11
0.8380314960629921
 21
2.8463976377952753
 31
0
  0
LINE
  5
D09
330
1A
100
AcDbEntity
  8
BLACK
  6
CONTINUOUS
100
AcDbLine
 10
0.8380314960629921
 20
2.8463976377952753
 30
0
 11
0.8380902362204724
 21
2.8466929133858265
 31
0
  0
LINE
  5
D0A
330
1A
100
AcDbEntity
  8
BLACK
  6
CONTINUOUS
100
AcDbLine
 10
0.8380902362204724
 20
2.8466929133858265
 30
0
 11
0.8372440944881889
 21
2.8466929133858265
 31
0
  0
LINE
  5
D0B
330
1A
100
AcDbEntity
  8
BLACK
  6
CONTINUOUS
100
AcDbLine
 10
0.8372440944881889
 20
2.8466929133858265
 30
0
 11
0.8372440944881889
 21
2.7133267716535432
 31
0
  0
LINE
  5
D0C
330
1A
100
AcDbEntity
  8
BLACK
  6
CONTINUOUS
100
AcDbLine
 10
0.8372440944881889
 20
2.7133267716535432
 30
0
 11
0.837094251968504
 21
2.7125734645669293
 31
0
  0
LINE
  5
D0D
330
1A
100
AcDbEntity
  8
BLACK
  6
CONTINUOUS
100
AcDbLine
 10
0.837094251968504
 20
2.7125734645669293
 30
0
 11
0.8360288976377953
 21
2.7115081102362204
 31
0
  0
LINE
  5
D0E
330
1A
100
AcDbEntity
  8
BLACK
  6
CONTINUOUS
100
AcDbLine
 10
0.8360288976377953
 20
2.7115081102362204
 30
0
 11
0.8352755905511811
 21
2.7113582677165353
 31
0
  0
LINE
  5
D0F
330
1A
100
AcDbEntity
  8
BLACK
  6
CONTINUOUS
100
AcDbLine
 10
0.8352755905511811
 20
2.7113582677165353
 30
0
 11
0.7581102362204725
 21
2.7113582677165353
 31
0
  0
LINE
  5
D10
330
1A
100
AcDbEntity
  8
BLACK
  6
CONTINUOUS
100
AcDbLine
 10
0.7581102362204725
 20
2.7113582677165353
 30
0
 11
0.7573569291338582
 21
2.7115081102362204
 31
0
  0
LINE
  5
D11
330
1A
100
AcDbEntity
  8
BLACK
  6
CONTINUOUS
100
AcDbLine
 10
0.7573569291338582
 20
2.7115081102362204
 30
0
 11
0.7562915748031496
 21
2.7125734645669293
 31
0
  0
LINE
  5
D12
330
1A
100
AcDbEntity
  8
BLACK
  6
CONTINUOUS
100
AcDbLine
 10
0.7562915748031496
 20
2.7125734645669293
 30
0
 11
0.7561417322834646
 21
2.7133267716535432
 31
0
  0
LINE
  5
D13
330
1A
100
AcDbEntity
  8
BLACK
  6
CONTINUOUS
100
AcDbLine
 10
0.7561417322834646
 20
2.7133267716535432
 30
0
 11
0.7561417322834646
 21
2.8471850393700788
 31
0
  0
LINE
  5
D14
330
1A
100
AcDbEntity
  8
BLACK
  6
CONTINUOUS
100
AcDbLine
 10
0.7561417322834646
 20
2.8471850393700788
 30
0
 11
0.7562915748031496
 21
2.8479383464566927
 31
0
  0
LINE
  5
D15
330
1A
100
AcDbEntity
  8
BLACK
  6
CONTINUOUS
100
AcDbLine
 10
0.7562915748031496
 20
2.8479383464566927
 30
0
 11
0.7573569291338582
 21
2.8490037007874016
 31
0
  0
LINE
  5
D16
330
1A
100
AcDbEntity
  8
BLACK
  6
CONTINUOUS
100
AcDbLine
 10
0.7573569291338582
 20
2.8490037007874016
 30
0
 11
0.7581102362204725
 21
2.8491535433070867
 31
0
  0
LINE
  5
D17
330
1A
100
AcDbEntity
  8
BLACK
  6
CONTINUOUS
100
AcDbLine
 10
0.7581102362204725
 20
2.8491535433070867
 30
0
 11
0.8151968503937008
 21
2.8491535433070867
 31
0
  0
LINE
  5
D18
330
1A
100
AcDbEntity
  8
BLACK
  6
CONTINUOUS
100
AcDbLine
 10
0.8151968503937008
 20
2.8491535433070867
 30
0
 11
0.8151968503937008
 21
2.98251968503937
 31
0
  0
LINE
  5
D19
330
1A
100
AcDbEntity
  8
BLACK
  6
CONTINUOUS
100
AcDbLine
 10
0.8151968503937008
 20
2.98251968503937
 30
0
 11
0.8153466929133858
 21
2.9832729921259844
 31
0
  0
LINE
  5
D1A
330
1A
100
AcDbEntity
  8
BLACK
  6
CONTINUOUS
100
AcDbLine
 10
0.8153466929133858
 20
2.9832729921259844
 30
0
 11
0.8164120472440944
 21
2.9843383464566928
 31
0
  0
LINE
  5
D1B
330
1A
100
AcDbEntity
  8
BLACK
  6
CONTINUOUS
100
AcDbLine
 10
0.8164120472440944
 20
2.9843383464566928
 30
0
 11
0.8171653543307087
 21
2.9844881889763779
 31
0
  0
LINE
  5
D1C
330
1A
100
AcDbEntity
  8
BLACK
  6
CONTINUOUS
100
AcDbLine
 10
0.8171653543307087
 20
2.9844881889763779
 30
0
 11
0.8943307086614173
 21
2.9844881889763779
 31
0
  0
LINE
  5
D1D
330
1A
100
AcDbEntity
  8
BLACK
  6
CONTINUOUS
100
AcDbLine
 10
0.8943307086614173
 20
2.9844881889763779
 30
0
 11
0.8950840157480314
 21
2.9843383464566928
 31
0
  0
LINE
  5
D1E
330
1A
100
AcDbEntity
  8
BLACK
  6
CONTINUOUS
100
AcDbLine
 10
0.8419685039370078
 20
2.7095866141732281
 30
0
 11
0.8419685039370078
 21
2.5812401574803148
 31
0
  0
LINE
  5
D1F
330
1A
100
AcDbEntity
  8
BLACK
  6
CONTINUOUS
100
AcDbLine
 10
0.8419685039370078
 20
2.5812401574803148
 30
0
 11
0.9128346456692913
 21
2.5812401574803148
 31
0
  0
LINE
  5
D20
330
1A
100
AcDbEntity
  8
BLACK
  6
CONTINUOUS
100
AcDbLine
 10
0.9128346456692913
 20
2.5812401574803148
 30
0
 11
0.9128346456692913
 21
2.7095866141732281
 31
0
  0
LINE
  5
D21
330
1A
100
AcDbEntity
  8
BLACK
  6
CONTINUOUS
100
AcDbLine
 10
0.9128346456692913
 20
2.7095866141732281
 30
0
 11
0.8419685039370078
 21
2.7095866141732281
 31
0
  0
LINE
  5
D22
330
1A
100
AcDbEntity
  8
BLACK
  6
CONTINUOUS
100
AcDbLine
 10
1.1392125984251968
 20
2.7962007874015748
 30
0
 11
1.1392125984251968
 21
2.6678543307086615
 31
0
  0
LINE
  5
D23
330
1A
100
AcDbEntity
  8
BLACK
  6
CONTINUOUS
100
AcDbLine
 10
1.1392125984251968
 20
2.6678543307086615
 30
0
 11
1.2100787401574802
 21
2.6678543307086615
 31
0
  0
LINE
  5
D24
330
1A
100
AcDbEntity
  8
BLACK
  6
CONTINUOUS
100
AcDbLine
 10
1.2100787401574802
 20
2.6678543307086615
 30
0
 11
1.2100787401574802
 21
2.7962007874015748
 31
0
  0
LINE
  5
D25
330
1A
100
AcDbEntity
  8
BLACK
  6
CONTINUOUS
100
AcDbLine
 10
1.2100787401574802
 20
2.7962007874015748
 30
0
 11
1.1392125984251968
 21
2.7962007874015748
 31
0
  0
LINE
  5
D26
330
1A
100
AcDbEntity
  8
BLACK
  6
CONTINUOUS
100
AcDbLine
 10
1.0604724409448818
 20
2.7962007874015748
 30
0
 11
1.0604724409448818
 21
2.6678543307086615
 31
0
  0
LINE
  5
D27
330
1A
100
AcDbEntity
  8
BLACK
  6
CONTINUOUS
100
AcDbLine
 10
1.0604724409448818
 20
2.6678543307086615
 30
0
 11
1.1313385826771654
 21
2.6678543307086615
 31
0
  0
LINE
  5
D28
330
1A
100
AcDbEntity
  8
BLACK
  6
CONTINUOUS
100
AcDbLine
 10
1.1313385826771654
 20
2.6678543307086615
 30
0
 11
1.1313385826771654
 21
2.7962007874015748
 31
0
  0
LINE
  5
D29
330
1A
100
AcDbEntity
  8
BLACK
  6
CONTINUOUS
100
AcDbLine
 10
1.1313385826771654
 20
2.7962007874015748
 30
0
 11
1.0604724409448818
 21
2.7962007874015748
 31
0
  0
LINE
  5
D2A
330
1A
100
AcDbEntity
  8
BLACK
  6
CONTINUOUS
100
AcDbLine
 10
0.7600787401574803
 20
2.845216535433071
 30
0
 11
0.7600787401574803
 21
2.7152952755905511
 31
0
  0
LINE
  5
D2B
330
1A
100
AcDbEntity
  8
BLACK
  6
CONTINUOUS
100
AcDbLine
 10
0.7600787401574803
 20
2.7152952755905511
 30
0
 11
0.8333070866141732
 21
2.7152952755905511
 31
0
  0
LINE
  5
D2C
330
1A
100
AcDbEntity
  8
BLACK
  6
CONTINUOUS
100
AcDbLine
 10
0.8333070866141732
 20
2.7152952755905511
 30
0
 11
0.8333070866141732
 21
2.845216535433071
 31
0
  0
LINE
  5
D2D
330
1A
100
AcDbEntity
  8
BLACK
  6
CONTINUOUS
100
AcDbLine
 10
0.8333070866141732
 20
2.845216535433071
 30
0
 11
0.7600787401574803
 21
2.845216535433071
 31
0
  0
LINE
  5
D2E
330
1A
100
AcDbEntity
  8
BLACK
  6
CONTINUOUS
100
AcDbLine
 10
0.8419685039370078
 20
2.8444291338582675
 30
0
 11
0.8419685039370078
 21
2.7160826771653541
 31
0
  0
LINE
  5
D2F
330
1A
100
AcDbEntity
  8
BLACK
  6
CONTINUOUS
100
AcDbLine
 10
0.8419685039370078
 20
2.7160826771653541
 30
0
 11
0.9128346456692913
 21
2.7160826771653541
 31
0
  0
LINE
  5
D30
330
1A
100
AcDbEntity
  8
BLACK
  6
CONTINUOUS
100
AcDbLine
 10
0.9128346456692913
 20
2.7160826771653541
 30
0
 11
0.9128346456692913
 21
2.8444291338582675
 31
0
  0
LINE
  5
D31
330
1A
100
AcDbEntity
  8
BLACK
  6
CONTINUOUS
100
AcDbLine
 10
0.9128346456692913
 20
2.8444291338582675
 30
0
 11
0.8419685039370078
 21
2.8444291338582675
 31
0
  0
LINE
  5
D32
330
1A
100
AcDbEntity
  8
BLACK
  6
CONTINUOUS
100
AcDbLine
 10
0.9285826771653544
 20
2.8420669291338583
 30
0
 11
0.9285826771653544
 21
2.7420669291338582
 31
0
  0
LINE
  5
D33
330
1A
100
AcDbEntity
  8
BLACK
  6
CONTINUOUS
100
AcDbLine
 10
0.9285826771653544
 20
2.7420669291338582
 30
0
 11
1.027007874015748
 21
2.7420669291338582
 31
0
  0
LINE
  5
D34
330
1A
100
AcDbEntity
  8
BLACK
  6
CONTINUOUS
100
AcDbLine
 10
1.027007874015748
 20
2.7420669291338582
 30
0
 11
1.027007874015748
 21
2.8420669291338583
 31
0
  0
LINE
  5
D35
330
1A
100
AcDbEntity
  8
BLACK
  6
CONTINUOUS
100
AcDbLine
 10
1.027007874015748
 20
2.8420669291338583
 30
0
 11
0.9285826771653544
 21
2.8420669291338583
 31
0
  0
LINE
  5
D36
330
1A
100
AcDbEntity
  8
BLACK
  6
CONTINUOUS
100
AcDbLine
 10
1.1628346456692913
 20
2.8963976377952756
 30
0
 11
1.1628346456692913
 21
2.8019094488188974
 31
0
  0
LINE
  5
D37
330
1A
100
AcDbEntity
  8
BLACK
  6
CONTINUOUS
100
AcDbLine
 10
1.1628346456692913
 20
2.8019094488188974
 30
0
 11
1.2888188976377952
 21
2.8019094488188974
 31
0
  0
LINE
  5
D38
330
1A
100
AcDbEntity
  8
BLACK
  6
CONTINUOUS
100
AcDbLine
 10
1.2888188976377952
 20
2.8019094488188974
 30
0
 11
1.2888188976377952
 21
2.8963976377952756
 31
0
  0
LINE
  5
D39
330
1A
100
AcDbEntity
  8
BLACK
  6
CONTINUOUS
100
AcDbLine
 10
1.2888188976377952
 20
2.8963976377952756
 30
0
 11
1.1628346456692913
 21
2.8963976377952756
 31
0
  0
LINE
  5
D3A
330
1A
100
AcDbEntity
  8
BLACK
  6
CONTINUOUS
100
AcDbLine
 10
1.0592913385826772
 20
2.9337992125984251
 30
0
 11
1.0592913385826772
 21
2.8038779527559052
 31
0
  0
LINE
  5
D3B
330
1A
100
AcDbEntity
  8
BLACK
  6
CONTINUOUS
100
AcDbLine
 10
1.0592913385826772
 20
2.8038779527559052
 30
0
 11
1.1325196850393699
 21
2.8038779527559052
 31
0
  0
LINE
  5
D3C
330
1A
100
AcDbEntity
  8
BLACK
  6
CONTINUOUS
100
AcDbLine
 10
1.1325196850393699
 20
2.8038779527559052
 30
0
 11
1.1325196850393699
 21
2.9337992125984251
 31
0
  0
LINE
  5
D3D
330
1A
100
AcDbEntity
  8
BLACK
  6
CONTINUOUS
100
AcDbLine
 10
1.1325196850393699
 20
2.9337992125984251
 30
0
 11
1.0592913385826772
 21
2.9337992125984251
 31
0
  0
LINE
  5
D3E
330
1A
100
AcDbEntity
  8
BLACK
  6
CONTINUOUS
100
AcDbLine
 10
0.902007874015748
 20
2.951515748031496
 30
0
 11
0.902007874015748
 21
2.8491535433070867
 31
0
  0
LINE
  5
D3F
330
1A
100
AcDbEntity
  8
BLACK
  6
CONTINUOUS
100
AcDbLine
 10
0.902007874015748
 20
2.8491535433070867
 30
0
 11
1.0516141732283464
 21
2.8491535433070867
 31
0
  0
LINE
  5
D40
330
1A
100
AcDbEntity
  8
BLACK
  6
CONTINUOUS
100
AcDbLine
 10
1.0516141732283464
 20
2.8491535433070867
 30
0
 11
1.0516141732283464
 21
2.951515748031496
 31
0
  0
LINE
  5
D41
330
1A
100
AcDbEntity
  8
BLACK
  6
CONTINUOUS
100
AcDbLine
 10
1.0516141732283464
 20
2.951515748031496
 30
0
 11
0.902007874015748
 21
2.951515748031496
 31
0
  0
LINE
  5
D42
330
1A
100
AcDbEntity
  8
BLACK
  6
CONTINUOUS
100
AcDbLine
 10
0.8191338582677166
 20
2.9805511811023622
 30
0
 11
0.8191338582677166
 21
2.8506299212598423
 31
0
  0
LINE
  5
D43
330
1A
100
AcDbEntity
  8
BLACK
  6
CONTINUOUS
100
AcDbLine
 10
0.8191338582677166
 20
2.8506299212598423
 30
0
 11
0.8923622047244094
 21
2.8506299212598423
 31
0
  0
LINE
  5
D44
330
1A
100
AcDbEntity
  8
BLACK
  6
CONTINUOUS
100
AcDbLine
 10
0.8923622047244094
 20
2.8506299212598423
 30
0
 11
0.8923622047244094
 21
2.9805511811023622
 31
0
  0
LINE
  5
D45
330
1A
100
AcDbEntity
  8
BLACK
  6
CONTINUOUS
100
AcDbLine
 10
0.8923622047244094
 20
2.9805511811023622
 30
0
 11
0.8191338582677166
 21
2.9805511811023622
 31
0
  0
LINE
  5
D46
330
1A
100
AcDbEntity
  8
BLACK
  6
CONTINUOUS
100
AcDbLine
 10
2.4698871653543306
 20
2.9906375590551182
 30
0
 11
2.4709525196850395
 21
2.9895722047244093
 31
0
  0
LINE
  5
D47
330
1A
100
AcDbEntity
  8
BLACK
  6
CONTINUOUS
100
AcDbLine
 10
2.4709525196850395
 20
2.9895722047244093
 30
0
 11
2.4711023622047246
 21
2.9888188976377954
 31
0
  0
LINE
  5
D48
330
1A
100
AcDbEntity
  8
BLACK
  6
CONTINUOUS
100
AcDbLine
 10
2.4711023622047246
 20
2.9888188976377954
 30
0
 11
2.4711023622047246
 21
2.9630444094488189
 31
0
  0
LINE
  5
D49
330
1A
100
AcDbEntity
  8
BLACK
  6
CONTINUOUS
100
AcDbLine
 10
2.4711023622047246
 20
2.9630444094488189
 30
0
 11
2.4711364566929133
 21
2.963078503937008
 31
0
  0
LINE
  5
D4A
330
1A
100
AcDbEntity
  8
BLACK
  6
CONTINUOUS
100
AcDbLine
 10
2.4711364566929133
 20
2.963078503937008
 30
0
 11
2.4718897637795276
 21
2.9632283464566926
 31
0
  0
LINE
  5
D4B
330
1A
100
AcDbEntity
  8
BLACK
  6
CONTINUOUS
100
AcDbLine
 10
2.4718897637795276
 20
2.9632283464566926
 30
0
 11
2.6254330708661415
 21
2.9632283464566926
 31
0
  0
LINE
  5
D4C
330
1A
100
AcDbEntity
  8
BLACK
  6
CONTINUOUS
100
AcDbLine
 10
2.6254330708661415
 20
2.9632283464566926
 30
0
 11
2.6261863779527559
 21
2.963078503937008
 31
0
  0
LINE
  5
D4D
330
1A
100
AcDbEntity
  8
BLACK
  6
CONTINUOUS
100
AcDbLine
 10
2.6261863779527559
 20
2.963078503937008
 30
0
 11
2.6272517322834643
 21
2.9620131496062991
 31
0
  0
LINE
  5
D4E
330
1A
100
AcDbEntity
  8
BLACK
  6
CONTINUOUS
100
AcDbLine
 10
2.6272517322834643
 20
2.9620131496062991
 30
0
 11
2.6274015748031494
 21
2.9612598425196848
 31
0
  0
LINE
  5
D4F
330
1A
100
AcDbEntity
  8
BLACK
  6
CONTINUOUS
100
AcDbLine
 10
2.6274015748031494
 20
2.9612598425196848
 30
0
 11
2.6274015748031494
 21
2.9394223622047244
 31
0
  0
LINE
  5
D50
330
1A
100
AcDbEntity
  8
BLACK
  6
CONTINUOUS
100
AcDbLine
 10
2.6274015748031494
 20
2.9394223622047244
 30
0
 11
2.6274356692913385
 21
2.9394564566929131
 31
0
  0
LINE
  5
D51
330
1A
100
AcDbEntity
  8
BLACK
  6
CONTINUOUS
100
AcDbLine
 10
2.6274356692913385
 20
2.9394564566929131
 30
0
 11
2.6281889763779529
 21
2.9396062992125982
 31
0
  0
LINE
  5
D52
330
1A
100
AcDbEntity
  8
BLACK
  6
CONTINUOUS
100
AcDbLine
 10
2.6281889763779529
 20
2.9396062992125982
 30
0
 11
2.7053543307086612
 21
2.9396062992125982
 31
0
  0
LINE
  5
D53
330
1A
100
AcDbEntity
  8
BLACK
  6
CONTINUOUS
100
AcDbLine
 10
2.7053543307086612
 20
2.9396062992125982
 30
0
 11
2.7061076377952755
 21
2.9394564566929131
 31
0
  0
LINE
  5
D54
330
1A
100
AcDbEntity
  8
BLACK
  6
CONTINUOUS
100
AcDbLine
 10
2.7061076377952755
 20
2.9394564566929131
 30
0
 11
2.7071729921259844
 21
2.9383911023622047
 31
0
  0
LINE
  5
D55
330
1A
100
AcDbEntity
  8
BLACK
  6
CONTINUOUS
100
AcDbLine
 10
2.7071729921259844
 20
2.9383911023622047
 30
0
 11
2.707322834645669
 21
2.9376377952755903
 31
0
  0
LINE
  5
D56
330
1A
100
AcDbEntity
  8
BLACK
  6
CONTINUOUS
100
AcDbLine
 10
2.707322834645669
 20
2.9376377952755903
 30
0
 11
2.707322834645669
 21
2.8037795275590551
 31
0
  0
LINE
  5
D57
330
1A
100
AcDbEntity
  8
BLACK
  6
CONTINUOUS
100
AcDbLine
 10
2.707322834645669
 20
2.8037795275590551
 30
0
 11
2.7071729921259844
 21
2.8030262204724408
 31
0
  0
LINE
  5
D58
330
1A
100
AcDbEntity
  8
BLACK
  6
CONTINUOUS
100
AcDbLine
 10
2.7071729921259844
 20
2.8030262204724408
 30
0
 11
2.7061076377952755
 21
2.8019608661417323
 31
0
  0
LINE
  5
D59
330
1A
100
AcDbEntity
  8
BLACK
  6
CONTINUOUS
100
AcDbLine
 10
2.7061076377952755
 20
2.8019608661417323
 30
0
 11
2.7053543307086612
 21
2.8018110236220473
 31
0
  0
LINE
  5
D5A
330
1A
100
AcDbEntity
  8
BLACK
  6
CONTINUOUS
100
AcDbLine
 10
2.7053543307086612
 20
2.8018110236220473
 30
0
 11
2.6281889763779529
 21
2.8018110236220473
 31
0
  0
LINE
  5
D5B
330
1A
100
AcDbEntity
  8
BLACK
  6
CONTINUOUS
100
AcDbLine
 10
2.6281889763779529
 20
2.8018110236220473
 30
0
 11
2.6274356692913385
 21
2.8019608661417323
 31
0
  0
LINE
  5
D5C
330
1A
100
AcDbEntity
  8
BLACK
  6
CONTINUOUS
100
AcDbLine
 10
2.6274356692913385
 20
2.8019608661417323
 30
0
 11
2.6263703149606297
 21
2.8030262204724408
 31
0
  0
LINE
  5
D5D
330
1A
100
AcDbEntity
  8
BLACK
  6
CONTINUOUS
100
AcDbLine
 10
2.6263703149606297
 20
2.8030262204724408
 30
0
 11
2.626220472440945
 21
2.8037795275590551
 31
0
  0
LINE
  5
D5E
330
1A
100
AcDbEntity
  8
BLACK
  6
CONTINUOUS
100
AcDbLine
 10
2.626220472440945
 20
2.8037795275590551
 30
0
 11
2.626220472440945
 21
2.8531760629921261
 31
0
  0
LINE
  5
D5F
330
1A
100
AcDbEntity
  8
BLACK
  6
CONTINUOUS
100
AcDbLine
 10
2.626220472440945
 20
2.8531760629921261
 30
0
 11
2.6261863779527559
 21
2.853141968503937
 31
0
  0
LINE
  5
D60
330
1A
100
AcDbEntity
  8
BLACK
  6
CONTINUOUS
100
AcDbLine
 10
2.6261863779527559
 20
2.853141968503937
 30
0
 11
2.6254330708661415
 21
2.8529921259842519
 31
0
  0
LINE
  5
D61
330
1A
100
AcDbEntity
  8
BLACK
  6
CONTINUOUS
100
AcDbLine
 10
2.6254330708661415
 20
2.8529921259842519
 30
0
 11
2.6051703937007873
 21
2.8529921259842519
 31
0
  0
LINE
  5
D62
330
1A
100
AcDbEntity
  8
BLACK
  6
CONTINUOUS
100
AcDbLine
 10
2.6051703937007873
 20
2.8529921259842519
 30
0
 11
2.6055981889763777
 21
2.8525643307086614
 31
0
  0
LINE
  5
D63
330
1A
100
AcDbEntity
  8
BLACK
  6
CONTINUOUS
100
AcDbLine
 10
2.6055981889763777
 20
2.8525643307086614
 30
0
 11
2.6057480314960628
 21
2.8518110236220471
 31
0
  0
LINE
  5
D64
330
1A
100
AcDbEntity
  8
BLACK
  6
CONTINUOUS
100
AcDbLine
 10
2.6057480314960628
 20
2.8518110236220471
 30
0
 11
2.6057480314960628
 21
2.7478740157480313
 31
0
  0
LINE
  5
D65
330
1A
100
AcDbEntity
  8
BLACK
  6
CONTINUOUS
100
AcDbLine
 10
2.6057480314960628
 20
2.7478740157480313
 30
0
 11
2.6055981889763777
 21
2.7471207086614173
 31
0
  0
LINE
  5
D66
330
1A
100
AcDbEntity
  8
BLACK
  6
CONTINUOUS
100
AcDbLine
 10
2.6055981889763777
 20
2.7471207086614173
 30
0
 11
2.6045328346456693
 21
2.7460553543307085
 31
0
  0
LINE
  5
D67
330
1A
100
AcDbEntity
  8
BLACK
  6
CONTINUOUS
100
AcDbLine
 10
2.6045328346456693
 20
2.7460553543307085
 30
0
 11
2.603779527559055
 21
2.7459055118110234
 31
0
  0
LINE
  5
D68
330
1A
100
AcDbEntity
  8
BLACK
  6
CONTINUOUS
100
AcDbLine
 10
2.603779527559055
 20
2.7459055118110234
 30
0
 11
2.5014173228346457
 21
2.7459055118110234
 31
0
  0
LINE
  5
D69
330
1A
100
AcDbEntity
  8
BLACK
  6
CONTINUOUS
100
AcDbLine
 10
2.5014173228346457
 20
2.7459055118110234
 30
0
 11
2.5014173228346457
 21
2.7199212598425198
 31
0
  0
LINE
  5
D6A
330
1A
100
AcDbEntity
  8
BLACK
  6
CONTINUOUS
100
AcDbLine
 10
2.5014173228346457
 20
2.7199212598425198
 30
0
 11
2.5012674803149606
 21
2.7191679527559054
 31
0
  0
LINE
  5
D6B
330
1A
100
AcDbEntity
  8
BLACK
  6
CONTINUOUS
100
AcDbLine
 10
2.5012674803149606
 20
2.7191679527559054
 30
0
 11
2.5012333858267715
 21
2.7191338582677163
 31
0
  0
LINE
  5
D6C
330
1A
100
AcDbEntity
  8
BLACK
  6
CONTINUOUS
100
AcDbLine
 10
2.5012333858267715
 20
2.7191338582677163
 30
0
 11
2.5012674803149606
 21
2.7190997637795276
 31
0
  0
LINE
  5
D6D
330
1A
100
AcDbEntity
  8
BLACK
  6
CONTINUOUS
100
AcDbLine
 10
2.5012674803149606
 20
2.7190997637795276
 30
0
 11
2.5014173228346457
 21
2.7183464566929132
 31
0
  0
LINE
  5
D6E
330
1A
100
AcDbEntity
  8
BLACK
  6
CONTINUOUS
100
AcDbLine
 10
2.5014173228346457
 20
2.7183464566929132
 30
0
 11
2.5014173228346457
 21
2.5860629921259841
 31
0
  0
LINE
  5
D6F
330
1A
100
AcDbEntity
  8
BLACK
  6
CONTINUOUS
100
AcDbLine
 10
2.5014173228346457
 20
2.5860629921259841
 30
0
 11
2.5012674803149606
 21
2.5853096850393702
 31
0
  0
LINE
  5
D70
330
1A
100
AcDbEntity
  8
BLACK
  6
CONTINUOUS
100
AcDbLine
 10
2.5012674803149606
 20
2.5853096850393702
 30
0
 11
2.5002021259842517
 21
2.5842443307086613
 31
0
  0
LINE
  5
D71
330
1A
100
AcDbEntity
  8
BLACK
  6
CONTINUOUS
100
AcDbLine
 10
2.5002021259842517
 20
2.5842443307086613
 30
0
 11
2.4994488188976378
 21
2.5840944881889762
 31
0
  0
LINE
  5
D72
330
1A
100
AcDbEntity
  8
BLACK
  6
CONTINUOUS
100
AcDbLine
 10
2.4994488188976378
 20
2.5840944881889762
 30
0
 11
2.4246456692913387
 21
2.5840944881889762
 31
0
  0
LINE
  5
D73
330
1A
100
AcDbEntity
  8
BLACK
  6
CONTINUOUS
100
AcDbLine
 10
2.4246456692913387
 20
2.5840944881889762
 30
0
 11
2.4238923622047244
 21
2.5842443307086613
 31
0
  0
LINE
  5
D74
330
1A
100
AcDbEntity
  8
BLACK
  6
CONTINUOUS
100
AcDbLine
 10
2.4238923622047244
 20
2.5842443307086613
 30
0
 11
2.4228270078740155
 21
2.5853096850393702
 31
0
  0
LINE
  5
D75
330
1A
100
AcDbEntity
  8
BLACK
  6
CONTINUOUS
100
AcDbLine
 10
2.4228270078740155
 20
2.5853096850393702
 30
0
 11
2.4226771653543309
 21
2.5860629921259841
 31
0
  0
LINE
  5
D76
330
1A
100
AcDbEntity
  8
BLACK
  6
CONTINUOUS
100
AcDbLine
 10
2.4226771653543309
 20
2.5860629921259841
 30
0
 11
2.4226771653543309
 21
2.7173492913385826
 31
0
  0
LINE
  5
D77
330
1A
100
AcDbEntity
  8
BLACK
  6
CONTINUOUS
100
AcDbLine
 10
2.4226771653543309
 20
2.7173492913385826
 30
0
 11
2.4226430708661417
 21
2.7173151968503935
 31
0
  0
LINE
  5
D78
330
1A
100
AcDbEntity
  8
BLACK
  6
CONTINUOUS
100
AcDbLine
 10
2.4226430708661417
 20
2.7173151968503935
 30
0
 11
2.4218897637795274
 21
2.7171653543307084
 31
0
  0
LINE
  5
D79
330
1A
100
AcDbEntity
  8
BLACK
  6
CONTINUOUS
100
AcDbLine
 10
2.4218897637795274
 20
2.7171653543307084
 30
0
 11
2.3447244094488187
 21
2.7171653543307084
 31
0
  0
LINE
  5
D7A
330
1A
100
AcDbEntity
  8
BLACK
  6
CONTINUOUS
100
AcDbLine
 10
2.3447244094488187
 20
2.7171653543307084
 30
0
 11
2.3439711023622047
 21
2.7173151968503935
 31
0
  0
LINE
  5
D7B
330
1A
100
AcDbEntity
  8
BLACK
  6
CONTINUOUS
100
AcDbLine
 10
2.3439711023622047
 20
2.7173151968503935
 30
0
 11
2.3429057480314959
 21
2.7183805511811023
 31
0
  0
LINE
  5
D7C
330
1A
100
AcDbEntity
  8
BLACK
  6
CONTINUOUS
100
AcDbLine
 10
2.3429057480314959
 20
2.7183805511811023
 30
0
 11
2.3427559055118108
 21
2.7191338582677163
 31
0
  0
LINE
  5
D7D
330
1A
100
AcDbEntity
  8
BLACK
  6
CONTINUOUS
100
AcDbLine
 10
2.3427559055118108
 20
2.7191338582677163
 30
0
 11
2.3427559055118108
 21
2.8529921259842519
 31
0
  0
LINE
  5
D7E
330
1A
100
AcDbEntity
  8
BLACK
  6
CONTINUOUS
100
AcDbLine
 10
2.3427559055118108
 20
2.8529921259842519
 30
0
 11
2.3429057480314959
 21
2.8537454330708663
 31
0
  0
LINE
  5
D7F
330
1A
100
AcDbEntity
  8
BLACK
  6
CONTINUOUS
100
AcDbLine
 10
2.3429057480314959
 20
2.8537454330708663
 30
0
 11
2.3439711023622047
 21
2.8548107874015747
 31
0
  0
LINE
  5
D80
330
1A
100
AcDbEntity
  8
BLACK
  6
CONTINUOUS
100
AcDbLine
 10
2.3439711023622047
 20
2.8548107874015747
 30
0
 11
2.3447244094488187
 21
2.8549606299212598
 31
0
  0
LINE
  5
D81
330
1A
100
AcDbEntity
  8
BLACK
  6
CONTINUOUS
100
AcDbLine
 10
2.3447244094488187
 20
2.8549606299212598
 30
0
 11
2.3900000000000001
 21
2.8549606299212598
 31
0
  0
LINE
  5
D82
330
1A
100
AcDbEntity
  8
BLACK
  6
CONTINUOUS
100
AcDbLine
 10
2.3900000000000001
 20
2.8549606299212598
 30
0
 11
2.3900000000000001
 21
2.9888188976377954
 31
0
  0
LINE
  5
D83
330
1A
100
AcDbEntity
  8
BLACK
  6
CONTINUOUS
100
AcDbLine
 10
2.3900000000000001
 20
2.9888188976377954
 30
0
 11
2.3901498425196848
 21
2.9895722047244093
 31
0
  0
LINE
  5
D84
330
1A
100
AcDbEntity
  8
BLACK
  6
CONTINUOUS
100
AcDbLine
 10
2.3901498425196848
 20
2.9895722047244093
 30
0
 11
2.3912151968503936
 21
2.9906375590551182
 31
0
  0
LINE
  5
D85
330
1A
100
AcDbEntity
  8
BLACK
  6
CONTINUOUS
100
AcDbLine
 10
2.3912151968503936
 20
2.9906375590551182
 30
0
 11
2.391968503937008
 21
2.9907874015748033
 31
0
  0
LINE
  5
D86
330
1A
100
AcDbEntity
  8
BLACK
  6
CONTINUOUS
100
AcDbLine
 10
2.391968503937008
 20
2.9907874015748033
 30
0
 11
2.4691338582677167
 21
2.9907874015748033
 31
0
  0
LINE
  5
D87
330
1A
100
AcDbEntity
  8
BLACK
  6
CONTINUOUS
100
AcDbLine
 10
2.4691338582677167
 20
2.9907874015748033
 30
0
 11
2.4698871653543306
 21
2.9906375590551182
 31
0
  0
LINE
  5
D88
330
1A
100
AcDbEntity
  8
BLACK
  6
CONTINUOUS
100
AcDbLine
 10
2.4266141732283466
 20
2.7163779527559053
 30
0
 11
2.4266141732283466
 21
2.588031496062992
 31
0
  0
LINE
  5
D89
330
1A
100
AcDbEntity
  8
BLACK
  6
CONTINUOUS
100
AcDbLine
 10
2.4266141732283466
 20
2.588031496062992
 30
0
 11
2.4974803149606299
 21
2.588031496062992
 31
0
  0
LINE
  5
D8A
330
1A
100
AcDbEntity
  8
BLACK
  6
CONTINUOUS
100
AcDbLine
 10
2.4974803149606299
 20
2.588031496062992
 30
0
 11
2.4974803149606299
 21
2.7163779527559053
 31
0
  0
LINE
  5
D8B
330
1A
100
AcDbEntity
  8
BLACK
  6
CONTINUOUS
100
AcDbLine
 10
2.4974803149606299
 20
2.7163779527559053
 30
0
 11
2.4266141732283466
 21
2.7163779527559053
 31
0
  0
LINE
  5
D8C
330
1A
100
AcDbEntity
  8
BLACK
  6
CONTINUOUS
100
AcDbLine
 10
2.3466929133858265
 20
2.851023622047244
 30
0
 11
2.3466929133858265
 21
2.7211023622047246
 31
0
  0
LINE
  5
D8D
330
1A
100
AcDbEntity
  8
BLACK
  6
CONTINUOUS
100
AcDbLine
 10
2.3466929133858265
 20
2.7211023622047246
 30
0
 11
2.4199212598425195
 21
2.7211023622047246
 31
0
  0
LINE
  5
D8E
330
1A
100
AcDbEntity
  8
BLACK
  6
CONTINUOUS
100
AcDbLine
 10
2.4199212598425195
 20
2.7211023622047246
 30
0
 11
2.4199212598425195
 21
2.851023622047244
 31
0
  0
LINE
  5
D8F
330
1A
100
AcDbEntity
  8
BLACK
  6
CONTINUOUS
100
AcDbLine
 10
2.4199212598425195
 20
2.851023622047244
 30
0
 11
2.3466929133858265
 21
2.851023622047244
 31
0
  0
LINE
  5
D90
330
1A
100
AcDbEntity
  8
BLACK
  6
CONTINUOUS
100
AcDbLine
 10
2.4266141732283466
 20
2.850236220472441
 30
0
 11
2.4266141732283466
 21
2.7218897637795276
 31
0
  0
LINE
  5
D91
330
1A
100
AcDbEntity
  8
BLACK
  6
CONTINUOUS
100
AcDbLine
 10
2.4266141732283466
 20
2.7218897637795276
 30
0
 11
2.4974803149606299
 21
2.7218897637795276
 31
0
  0
LINE
  5
D92
330
1A
100
AcDbEntity
  8
BLACK
  6
CONTINUOUS
100
AcDbLine
 10
2.4974803149606299
 20
2.7218897637795276
 30
0
 11
2.4974803149606299
 21
2.850236220472441
 31
0
  0
LINE
  5
D93
330
1A
100
AcDbEntity
  8
BLACK
  6
CONTINUOUS
100
AcDbLine
 10
2.4974803149606299
 20
2.850236220472441
 30
0
 11
2.4266141732283466
 21
2.850236220472441
 31
0
  0
LINE
  5
D94
330
1A
100
AcDbEntity
  8
BLACK
  6
CONTINUOUS
100
AcDbLine
 10
2.5033858267716536
 20
2.8498425196850392
 30
0
 11
2.5033858267716536
 21
2.7498425196850391
 31
0
  0
LINE
  5
D95
330
1A
100
AcDbEntity
  8
BLACK
  6
CONTINUOUS
100
AcDbLine
 10
2.5033858267716536
 20
2.7498425196850391
 30
0
 11
2.6018110236220471
 21
2.7498425196850391
 31
0
  0
LINE
  5
D96
330
1A
100
AcDbEntity
  8
BLACK
  6
CONTINUOUS
100
AcDbLine
 10
2.6018110236220471
 20
2.7498425196850391
 30
0
 11
2.6018110236220471
 21
2.8498425196850392
 31
0
  0
LINE
  5
D97
330
1A
100
AcDbEntity
  8
BLACK
  6
CONTINUOUS
100
AcDbLine
 10
2.6018110236220471
 20
2.8498425196850392
 30
0
 11
2.5033858267716536
 21
2.8498425196850392
 31
0
  0
LINE
  5
D98
330
1A
100
AcDbEntity
  8
BLACK
  6
CONTINUOUS
100
AcDbLine
 10
2.6301574803149608
 20
2.9356692913385825
 30
0
 11
2.6301574803149608
 21
2.805748031496063
 31
0
  0
LINE
  5
D99
330
1A
100
AcDbEntity
  8
BLACK
  6
CONTINUOUS
100
AcDbLine
 10
2.6301574803149608
 20
2.805748031496063
 30
0
 11
2.7033858267716533
 21
2.805748031496063
 31
0
  0
LINE
  5
D9A
330
1A
100
AcDbEntity
  8
BLACK
  6
CONTINUOUS
100
AcDbLine
 10
2.7033858267716533
 20
2.805748031496063
 30
0
 11
2.7033858267716533
 21
2.9356692913385825
 31
0
  0
LINE
  5
D9B
330
1A
100
AcDbEntity
  8
BLACK
  6
CONTINUOUS
100
AcDbLine
 10
2.7033858267716533
 20
2.9356692913385825
 30
0
 11
2.6301574803149608
 21
2.9356692913385825
 31
0
  0
LINE
  5
D9C
330
1A
100
AcDbEntity
  8
BLACK
  6
CONTINUOUS
100
AcDbLine
 10
2.4738582677165355
 20
2.9592913385826769
 30
0
 11
2.4738582677165355
 21
2.8569291338582676
 31
0
  0
LINE
  5
D9D
330
1A
100
AcDbEntity
  8
BLACK
  6
CONTINUOUS
100
AcDbLine
 10
2.4738582677165355
 20
2.8569291338582676
 30
0
 11
2.6234645669291337
 21
2.8569291338582676
 31
0
  0
LINE
  5
D9E
330
1A
100
AcDbEntity
  8
BLACK
  6
CONTINUOUS
100
AcDbLine
 10
2.6234645669291337
 20
2.8569291338582676
 30
0
 11
2.6234645669291337
 21
2.9592913385826769
 31
0
  0
LINE
  5
D9F
330
1A
100
AcDbEntity
  8
BLACK
  6
CONTINUOUS
100
AcDbLine
 10
2.6234645669291337
 20
2.9592913385826769
 30
0
 11
2.4738582677165355
 21
2.9592913385826769
 31
0
  0
LINE
  5
DA0
330
1A
100
AcDbEntity
  8
BLACK
  6
CONTINUOUS
100
AcDbLine
 10
2.3939370078740159
 20
2.9868503937007875
 30
0
 11
2.3939370078740159
 21
2.8569291338582676
 31
0
  0
LINE
  5
DA1
330
1A
100
AcDbEntity
  8
BLACK
  6
CONTINUOUS
100
AcDbLine
 10
2.3939370078740159
 20
2.8569291338582676
 30
0
 11
2.4671653543307088
 21
2.8569291338582676
 31
0
  0
LINE
  5
DA2
330
1A
100
AcDbEntity
  8
BLACK
  6
CONTINUOUS
100
AcDbLine
 10
2.4671653543307088
 20
2.8569291338582676
 30
0
 11
2.4671653543307088
 21
2.9868503937007875
 31
0
  0
LINE
  5
DA3
330
1A
100
AcDbEntity
  8
BLACK
  6
CONTINUOUS
100
AcDbLine
 10
2.4671653543307088
 20
2.9868503937007875
 30
0
 11
2.3939370078740159
 21
2.9868503937007875
 31
0
  0
LINE
  5
DA4
330
1A
100
AcDbEntity
  8
BLACK
  6
CONTINUOUS
100
AcDbLine
 10
3.8452414960629921
 20
2.6781966141732281
 30
0
 11
3.8463068503937006
 21
2.6771312598425197
 31
0
  0
LINE
  5
DA5
330
1A
100
AcDbEntity
  8
BLACK
  6
CONTINUOUS
100
AcDbLine
 10
3.8463068503937006
 20
2.6771312598425197
 30
0
 11
3.8464566929133857
 21
2.6763779527559053
 31
0
  0
LINE
  5
DA6
330
1A
100
AcDbEntity
  8
BLACK
  6
CONTINUOUS
100
AcDbLine
 10
3.8464566929133857
 20
2.6763779527559053
 30
0
 11
3.8464566929133857
 21
2.5992125984251966
 31
0
  0
LINE
  5
DA7
330
1A
100
AcDbEntity
  8
BLACK
  6
CONTINUOUS
100
AcDbLine
 10
3.8464566929133857
 20
2.5992125984251966
 30
0
 11
3.8463068503937006
 21
2.5984592913385827
 31
0
  0
LINE
  5
DA8
330
1A
100
AcDbEntity
  8
BLACK
  6
CONTINUOUS
100
AcDbLine
 10
3.8463068503937006
 20
2.5984592913385827
 30
0
 11
3.8452414960629921
 21
2.5973939370078738
 31
0
  0
LINE
  5
DA9
330
1A
100
AcDbEntity
  8
BLACK
  6
CONTINUOUS
100
AcDbLine
 10
3.8452414960629921
 20
2.5973939370078738
 30
0
 11
3.8444881889763778
 21
2.5972440944881887
 31
0
  0
LINE
  5
DAA
330
1A
100
AcDbEntity
  8
BLACK
  6
CONTINUOUS
100
AcDbLine
 10
3.8444881889763778
 20
2.5972440944881887
 30
0
 11
3.7106299212598426
 21
2.5972440944881887
 31
0
  0
LINE
  5
DAB
330
1A
100
AcDbEntity
  8
BLACK
  6
CONTINUOUS
100
AcDbLine
 10
3.7106299212598426
 20
2.5972440944881887
 30
0
 11
3.7098766141732282
 21
2.5973939370078738
 31
0
  0
LINE
  5
DAC
330
1A
100
AcDbEntity
  8
BLACK
  6
CONTINUOUS
100
AcDbLine
 10
3.7098766141732282
 20
2.5973939370078738
 30
0
 11
3.7088112598425198
 21
2.5984592913385827
 31
0
  0
LINE
  5
DAD
330
1A
100
AcDbEntity
  8
BLACK
  6
CONTINUOUS
100
AcDbLine
 10
3.7088112598425198
 20
2.5984592913385827
 30
0
 11
3.7086614173228347
 21
2.5992125984251966
 31
0
  0
LINE
  5
DAE
330
1A
100
AcDbEntity
  8
BLACK
  6
CONTINUOUS
100
AcDbLine
 10
3.7086614173228347
 20
2.5992125984251966
 30
0
 11
3.7086614173228347
 21
2.6763779527559053
 31
0
  0
LINE
  5
DAF
330
1A
100
AcDbEntity
  8
BLACK
  6
CONTINUOUS
100
AcDbLine
 10
3.7086614173228347
 20
2.6763779527559053
 30
0
 11
3.7088112598425198
 21
2.6771312598425197
 31
0
  0
LINE
  5
DB0
330
1A
100
AcDbEntity
  8
BLACK
  6
CONTINUOUS
100
AcDbLine
 10
3.7088112598425198
 20
2.6771312598425197
 30
0
 11
3.7098766141732282
 21
2.6781966141732281
 31
0
  0
LINE
  5
DB1
330
1A
100
AcDbEntity
  8
BLACK
  6
CONTINUOUS
100
AcDbLine
 10
3.7098766141732282
 20
2.6781966141732281
 30
0
 11
3.7106299212598426
 21
2.6783464566929132
 31
0
  0
LINE
  5
DB2
330
1A
100
AcDbEntity
  8
BLACK
  6
CONTINUOUS
100
AcDbLine
 10
3.7106299212598426
 20
2.6783464566929132
 30
0
 11
3.8444881889763778
 21
2.6783464566929132
 31
0
  0
LINE
  5
DB3
330
1A
100
AcDbEntity
  8
BLACK
  6
CONTINUOUS
100
AcDbLine
 10
3.8444881889763778
 20
2.6783464566929132
 30
0
 11
3.8452414960629921
 21
2.6781966141732281
 31
0
  0
LINE
  5
DB4
330
1A
100
AcDbEntity
  8
BLACK
  6
CONTINUOUS
100
AcDbLine
 10
3.7125984251968505
 20
2.6744094488188974
 30
0
 11
3.7125984251968505
 21
2.6011811023622045
 31
0
  0
LINE
  5
DB5
330
1A
100
AcDbEntity
  8
BLACK
  6
CONTINUOUS
100
AcDbLine
 10
3.7125984251968505
 20
2.6011811023622045
 30
0
 11
3.8425196850393699
 21
2.6011811023622045
 31
0
  0
LINE
  5
DB6
330
1A
100
AcDbEntity
  8
BLACK
  6
CONTINUOUS
100
AcDbLine
 10
3.8425196850393699
 20
2.6011811023622045
 30
0
 11
3.8425196850393699
 21
2.6744094488188974
 31
0
  0
LINE
  5
DB7
330
1A
100
AcDbEntity
  8
BLACK
  6
CONTINUOUS
100
AcDbLine
 10
3.8425196850393699
 20
2.6744094488188974
 30
0
 11
3.7125984251968505
 21
2.6744094488188974
 31
0
  0
LINE
  5
DB8
330
1A
100
AcDbEntity
  8
BLACK
  6
CONTINUOUS
100
AcDbLine
 10
3.9864225984251966
 20
2.6792202362204725
 30
0
 11
3.9874879527559055
 21
2.6781548818897636
 31
0
  0
LINE
  5
DB9
330
1A
100
AcDbEntity
  8
BLACK
  6
CONTINUOUS
100
AcDbLine
 10
3.9874879527559055
 20
2.6781548818897636
 30
0
 11
3.9876377952755906
 21
2.6774015748031497
 31
0
  0
LINE
  5
DBA
330
1A
100
AcDbEntity
  8
BLACK
  6
CONTINUOUS
100
AcDbLine
 10
3.9876377952755906
 20
2.6774015748031497
 30
0
 11
3.9876377952755906
 21
2.600236220472441
 31
0
  0
LINE
  5
DBB
330
1A
100
AcDbEntity
  8
BLACK
  6
CONTINUOUS
100
AcDbLine
 10
3.9876377952755906
 20
2.600236220472441
 30
0
 11
3.9874879527559055
 21
2.5994829133858266
 31
0
  0
LINE
  5
DBC
330
1A
100
AcDbEntity
  8
BLACK
  6
CONTINUOUS
100
AcDbLine
 10
3.9874879527559055
 20
2.5994829133858266
 30
0
 11
3.9864225984251966
 21
2.5984175590551182
 31
0
  0
LINE
  5
DBD
330
1A
100
AcDbEntity
  8
BLACK
  6
CONTINUOUS
100
AcDbLine
 10
3.9864225984251966
 20
2.5984175590551182
 30
0
 11
3.9856692913385827
 21
2.5982677165354331
 31
0
  0
LINE
  5
DBE
330
1A
100
AcDbEntity
  8
BLACK
  6
CONTINUOUS
100
AcDbLine
 10
3.9856692913385827
 20
2.5982677165354331
 30
0
 11
3.8518110236220471
 21
2.5982677165354331
 31
0
  0
LINE
  5
DBF
330
1A
100
AcDbEntity
  8
BLACK
  6
CONTINUOUS
100
AcDbLine
 10
3.8518110236220471
 20
2.5982677165354331
 30
0
 11
3.8510577165354332
 21
2.5984175590551182
 31
0
  0
LINE
  5
DC0
330
1A
100
AcDbEntity
  8
BLACK
  6
CONTINUOUS
100
AcDbLine
 10
3.8510577165354332
 20
2.5984175590551182
 30
0
 11
3.8499923622047243
 21
2.5994829133858266
 31
0
  0
LINE
  5
DC1
330
1A
100
AcDbEntity
  8
BLACK
  6
CONTINUOUS
100
AcDbLine
 10
3.8499923622047243
 20
2.5994829133858266
 30
0
 11
3.8498425196850392
 21
2.600236220472441
 31
0
  0
LINE
  5
DC2
330
1A
100
AcDbEntity
  8
BLACK
  6
CONTINUOUS
100
AcDbLine
 10
3.8498425196850392
 20
2.600236220472441
 30
0
 11
3.8498425196850392
 21
2.6774015748031497
 31
0
  0
LINE
  5
DC3
330
1A
100
AcDbEntity
  8
BLACK
  6
CONTINUOUS
100
AcDbLine
 10
3.8498425196850392
 20
2.6774015748031497
 30
0
 11
3.8499923622047243
 21
2.6781548818897636
 31
0
  0
LINE
  5
DC4
330
1A
100
AcDbEntity
  8
BLACK
  6
CONTINUOUS
100
AcDbLine
 10
3.8499923622047243
 20
2.6781548818897636
 30
0
 11
3.8510577165354332
 21
2.6792202362204725
 31
0
  0
LINE
  5
DC5
330
1A
100
AcDbEntity
  8
BLACK
  6
CONTINUOUS
100
AcDbLine
 10
3.8510577165354332
 20
2.6792202362204725
 30
0
 11
3.8518110236220471
 21
2.6793700787401575
 31
0
  0
LINE
  5
DC6
330
1A
100
AcDbEntity
  8
BLACK
  6
CONTINUOUS
100
AcDbLine
 10
3.8518110236220471
 20
2.6793700787401575
 30
0
 11
3.9856692913385827
 21
2.6793700787401575
 31
0
  0
LINE
  5
DC7
330
1A
100
AcDbEntity
  8
BLACK
  6
CONTINUOUS
100
AcDbLine
 10
3.9856692913385827
 20
2.6793700787401575
 30
0
 11
3.9864225984251966
 21
2.6792202362204725
 31
0
  0
LINE
  5
DC8
330
1A
100
AcDbEntity
  8
BLACK
  6
CONTINUOUS
100
AcDbLine
 10
3.853779527559055
 20
2.6754330708661418
 30
0
 11
3.853779527559055
 21
2.6022047244094488
 31
0
  0
LINE
  5
DC9
330
1A
100
AcDbEntity
  8
BLACK
  6
CONTINUOUS
100
AcDbLine
 10
3.853779527559055
 20
2.6022047244094488
 30
0
 11
3.9837007874015748
 21
2.6022047244094488
 31
0
  0
LINE
  5
DCA
330
1A
100
AcDbEntity
  8
BLACK
  6
CONTINUOUS
100
AcDbLine
 10
3.9837007874015748
 20
2.6022047244094488
 30
0
 11
3.9837007874015748
 21
2.6754330708661418
 31
0
  0
LINE
  5
DCB
330
1A
100
AcDbEntity
  8
BLACK
  6
CONTINUOUS
100
AcDbLine
 10
3.9837007874015748
 20
2.6754330708661418
 30
0
 11
3.853779527559055
 21
2.6754330708661418
 31
0
  0
LINE
  5
DCC
330
1A
100
AcDbEntity
  8
BLACK
  6
CONTINUOUS
100
AcDbLine
 10
1.0316981889763779
 20
2.7363068503937007
 30
0
 11
1.0327635433070865
 21
2.7352414960629923
 31
0
  0
LINE
  5
DCD
330
1A
100
AcDbEntity
  8
BLACK
  6
CONTINUOUS
100
AcDbLine
 10
1.0327635433070865
 20
2.7352414960629923
 30
0
 11
1.0329133858267716
 21
2.7344881889763779
 31
0
  0
LINE
  5
DCE
330
1A
100
AcDbEntity
  8
BLACK
  6
CONTINUOUS
100
AcDbLine
 10
1.0329133858267716
 20
2.7344881889763779
 30
0
 11
1.0329133858267716
 21
2.604566929133858
 31
0
  0
LINE
  5
DCF
330
1A
100
AcDbEntity
  8
BLACK
  6
CONTINUOUS
100
AcDbLine
 10
1.0329133858267716
 20
2.604566929133858
 30
0
 11
1.0327635433070865
 21
2.6038136220472441
 31
0
  0
LINE
  5
DD0
330
1A
100
AcDbEntity
  8
BLACK
  6
CONTINUOUS
100
AcDbLine
 10
1.0327635433070865
 20
2.6038136220472441
 30
0
 11
1.0316981889763779
 21
2.6027482677165352
 31
0
  0
LINE
  5
DD1
330
1A
100
AcDbEntity
  8
BLACK
  6
CONTINUOUS
100
AcDbLine
 10
1.0316981889763779
 20
2.6027482677165352
 30
0
 11
1.0309448818897637
 21
2.6025984251968501
 31
0
  0
LINE
  5
DD2
330
1A
100
AcDbEntity
  8
BLACK
  6
CONTINUOUS
100
AcDbLine
 10
1.0309448818897637
 20
2.6025984251968501
 30
0
 11
0.9325196850393701
 21
2.6025984251968501
 31
0
  0
LINE
  5
DD3
330
1A
100
AcDbEntity
  8
BLACK
  6
CONTINUOUS
100
AcDbLine
 10
0.9325196850393701
 20
2.6025984251968501
 30
0
 11
0.9317663779527559
 21
2.6027482677165352
 31
0
  0
LINE
  5
DD4
330
1A
100
AcDbEntity
  8
BLACK
  6
CONTINUOUS
100
AcDbLine
 10
0.9317663779527559
 20
2.6027482677165352
 30
0
 11
0.9307010236220472
 21
2.6038136220472441
 31
0
  0
LINE
  5
DD5
330
1A
100
AcDbEntity
  8
BLACK
  6
CONTINUOUS
100
AcDbLine
 10
0.9307010236220472
 20
2.6038136220472441
 30
0
 11
0.9305511811023622
 21
2.604566929133858
 31
0
  0
LINE
  5
DD6
330
1A
100
AcDbEntity
  8
BLACK
  6
CONTINUOUS
100
AcDbLine
 10
0.9305511811023622
 20
2.604566929133858
 30
0
 11
0.9305511811023622
 21
2.7344881889763779
 31
0
  0
LINE
  5
DD7
330
1A
100
AcDbEntity
  8
BLACK
  6
CONTINUOUS
100
AcDbLine
 10
0.9305511811023622
 20
2.7344881889763779
 30
0
 11
0.9307010236220472
 21
2.7352414960629923
 31
0
  0
LINE
  5
DD8
330
1A
100
AcDbEntity
  8
BLACK
  6
CONTINUOUS
100
AcDbLine
 10
0.9307010236220472
 20
2.7352414960629923
 30
0
 11
0.9317663779527559
 21
2.7363068503937007
 31
0
  0
LINE
  5
DD9
330
1A
100
AcDbEntity
  8
BLACK
  6
CONTINUOUS
100
AcDbLine
 10
0.9317663779527559
 20
2.7363068503937007
 30
0
 11
0.9325196850393701
 21
2.7364566929133858
 31
0
  0
LINE
  5
DDA
330
1A
100
AcDbEntity
  8
BLACK
  6
CONTINUOUS
100
AcDbLine
 10
0.9325196850393701
 20
2.7364566929133858
 30
0
 11
1.0309448818897637
 21
2.7364566929133858
 31
0
  0
LINE
  5
DDB
330
1A
100
AcDbEntity
  8
BLACK
  6
CONTINUOUS
100
AcDbLine
 10
1.0309448818897637
 20
2.7364566929133858
 30
0
 11
1.0316981889763779
 21
2.7363068503937007
 31
0
  0
LINE
  5
DDC
330
1A
100
AcDbEntity
  8
BLACK
  6
CONTINUOUS
100
AcDbLine
 10
0.934488188976378
 20
2.73251968503937
 30
0
 11
0.934488188976378
 21
2.6065354330708659
 31
0
  0
LINE
  5
DDD
330
1A
100
AcDbEntity
  8
BLACK
  6
CONTINUOUS
100
AcDbLine
 10
0.934488188976378
 20
2.6065354330708659
 30
0
 11
1.0289763779527559
 21
2.6065354330708659
 31
0
  0
LINE
  5
DDE
330
1A
100
AcDbEntity
  8
BLACK
  6
CONTINUOUS
100
AcDbLine
 10
1.0289763779527559
 20
2.6065354330708659
 30
0
 11
1.0289763779527559
 21
2.73251968503937
 31
0
  0
LINE
  5
DDF
330
1A
100
AcDbEntity
  8
BLACK
  6
CONTINUOUS
100
AcDbLine
 10
1.0289763779527559
 20
2.73251968503937
 30
0
 11
0.934488188976378
 21
2.73251968503937
 31
0
  0
LINE
  5
DE0
330
1A
100
AcDbEntity
  8
BLACK
  6
CONTINUOUS
100
AcDbLine
 10
1.8407533070866142
 20
2.7384722047244092
 30
0
 11
1.8418186614173229
 21
2.7374068503937008
 31
0
  0
LINE
  5
DE1
330
1A
100
AcDbEntity
  8
BLACK
  6
CONTINUOUS
100
AcDbLine
 10
1.8418186614173229
 20
2.7374068503937008
 30
0
 11
1.8419685039370077
 21
2.7366535433070864
 31
0
  0
LINE
  5
DE2
330
1A
100
AcDbEntity
  8
BLACK
  6
CONTINUOUS
100
AcDbLine
 10
1.8419685039370077
 20
2.7366535433070864
 30
0
 11
1.8419685039370077
 21
2.606732283464567
 31
0
  0
LINE
  5
DE3
330
1A
100
AcDbEntity
  8
BLACK
  6
CONTINUOUS
100
AcDbLine
 10
1.8419685039370077
 20
2.606732283464567
 30
0
 11
1.8418186614173229
 21
2.6059789763779526
 31
0
  0
LINE
  5
DE4
330
1A
100
AcDbEntity
  8
BLACK
  6
CONTINUOUS
100
AcDbLine
 10
1.8418186614173229
 20
2.6059789763779526
 30
0
 11
1.8407533070866142
 21
2.6049136220472442
 31
0
  0
LINE
  5
DE5
330
1A
100
AcDbEntity
  8
BLACK
  6
CONTINUOUS
100
AcDbLine
 10
1.8407533070866142
 20
2.6049136220472442
 30
0
 11
1.8399999999999999
 21
2.6047637795275591
 31
0
  0
LINE
  5
DE6
330
1A
100
AcDbEntity
  8
BLACK
  6
CONTINUOUS
100
AcDbLine
 10
1.8399999999999999
 20
2.6047637795275591
 30
0
 11
1.7415748031496063
 21
2.6047637795275591
 31
0
  0
LINE
  5
DE7
330
1A
100
AcDbEntity
  8
BLACK
  6
CONTINUOUS
100
AcDbLine
 10
1.7415748031496063
 20
2.6047637795275591
 30
0
 11
1.7408214960629922
 21
2.6049136220472442
 31
0
  0
LINE
  5
DE8
330
1A
100
AcDbEntity
  8
BLACK
  6
CONTINUOUS
100
AcDbLine
 10
1.7408214960629922
 20
2.6049136220472442
 30
0
 11
1.7397561417322833
 21
2.6059789763779526
 31
0
  0
LINE
  5
DE9
330
1A
100
AcDbEntity
  8
BLACK
  6
CONTINUOUS
100
AcDbLine
 10
1.7397561417322833
 20
2.6059789763779526
 30
0
 11
1.7396062992125985
 21
2.606732283464567
 31
0
  0
LINE
  5
DEA
330
1A
100
AcDbEntity
  8
BLACK
  6
CONTINUOUS
100
AcDbLine
 10
1.7396062992125985
 20
2.606732283464567
 30
0
 11
1.7396062992125985
 21
2.7366535433070864
 31
0
  0
LINE
  5
DEB
330
1A
100
AcDbEntity
  8
BLACK
  6
CONTINUOUS
100
AcDbLine
 10
1.7396062992125985
 20
2.7366535433070864
 30
0
 11
1.7397561417322833
 21
2.7374068503937008
 31
0
  0
LINE
  5
DEC
330
1A
100
AcDbEntity
  8
BLACK
  6
CONTINUOUS
100
AcDbLine
 10
1.7397561417322833
 20
2.7374068503937008
 30
0
 11
1.7408214960629922
 21
2.7384722047244092
 31
0
  0
LINE
  5
DED
330
1A
100
AcDbEntity
  8
BLACK
  6
CONTINUOUS
100
AcDbLine
 10
1.7408214960629922
 20
2.7384722047244092
 30
0
 11
1.7415748031496063
 21
2.7386220472440943
 31
0
  0
LINE
  5
DEE
330
1A
100
AcDbEntity
  8
BLACK
  6
CONTINUOUS
100
AcDbLine
 10
1.7415748031496063
 20
2.7386220472440943
 30
0
 11
1.8399999999999999
 21
2.7386220472440943
 31
0
  0
LINE
  5
DEF
330
1A
100
AcDbEntity
  8
BLACK
  6
CONTINUOUS
100
AcDbLine
 10
1.8399999999999999
 20
2.7386220472440943
 30
0
 11
1.8407533070866142
 21
2.7384722047244092
 31
0
  0
LINE
  5
DF0
330
1A
100
AcDbEntity
  8
BLACK
  6
CONTINUOUS
100
AcDbLine
 10
1.7435433070866142
 20
2.7346850393700786
 30
0
 11
1.7435433070866142
 21
2.6087007874015748
 31
0
  0
LINE
  5
DF1
330
1A
100
AcDbEntity
  8
BLACK
  6
CONTINUOUS
100
AcDbLine
 10
1.7435433070866142
 20
2.6087007874015748
 30
0
 11
1.838031496062992
 21
2.6087007874015748
 31
0
  0
LINE
  5
DF2
330
1A
100
AcDbEntity
  8
BLACK
  6
CONTINUOUS
100
AcDbLine
 10
1.838031496062992
 20
2.6087007874015748
 30
0
 11
1.838031496062992
 21
2.7346850393700786
 31
0
  0
LINE
  5
DF3
330
1A
100
AcDbEntity
  8
BLACK
  6
CONTINUOUS
100
AcDbLine
 10
1.838031496062992
 20
2.7346850393700786
 30
0
 11
1.7435433070866142
 21
2.7346850393700786
 31
0
  0
LINE
  5
DF4
330
1A
100
AcDbEntity
  8
BLACK
  6
CONTINUOUS
100
AcDbLine
 10
2.6084698425196851
 20
2.7445745669291339
 30
0
 11
2.6095351968503935
 21
2.7435092125984251
 31
0
  0
LINE
  5
DF5
330
1A
100
AcDbEntity
  8
BLACK
  6
CONTINUOUS
100
AcDbLine
 10
2.6095351968503935
 20
2.7435092125984251
 30
0
 11
2.6096850393700786
 21
2.7427559055118111
 31
0
  0
LINE
  5
DF6
330
1A
100
AcDbEntity
  8
BLACK
  6
CONTINUOUS
100
AcDbLine
 10
2.6096850393700786
 20
2.7427559055118111
 30
0
 11
2.6096850393700786
 21
2.6128346456692912
 31
0
  0
LINE
  5
DF7
330
1A
100
AcDbEntity
  8
BLACK
  6
CONTINUOUS
100
AcDbLine
 10
2.6096850393700786
 20
2.6128346456692912
 30
0
 11
2.6095351968503935
 21
2.6120813385826773
 31
0
  0
LINE
  5
DF8
330
1A
100
AcDbEntity
  8
BLACK
  6
CONTINUOUS
100
AcDbLine
 10
2.6095351968503935
 20
2.6120813385826773
 30
0
 11
2.6084698425196851
 21
2.6110159842519685
 31
0
  0
LINE
  5
DF9
330
1A
100
AcDbEntity
  8
BLACK
  6
CONTINUOUS
100
AcDbLine
 10
2.6084698425196851
 20
2.6110159842519685
 30
0
 11
2.6077165354330707
 21
2.6108661417322834
 31
0
  0
LINE
  5
DFA
330
1A
100
AcDbEntity
  8
BLACK
  6
CONTINUOUS
100
AcDbLine
 10
2.6077165354330707
 20
2.6108661417322834
 30
0
 11
2.5092913385826772
 21
2.6108661417322834
 31
0
  0
LINE
  5
DFB
330
1A
100
AcDbEntity
  8
BLACK
  6
CONTINUOUS
100
AcDbLine
 10
2.5092913385826772
 20
2.6108661417322834
 30
0
 11
2.5085380314960628
 21
2.6110159842519685
 31
0
  0
LINE
  5
DFC
330
1A
100
AcDbEntity
  8
BLACK
  6
CONTINUOUS
100
AcDbLine
 10
2.5085380314960628
 20
2.6110159842519685
 30
0
 11
2.5074726771653544
 21
2.6120813385826773
 31
0
  0
LINE
  5
DFD
330
1A
100
AcDbEntity
  8
BLACK
  6
CONTINUOUS
100
AcDbLine
 10
2.5074726771653544
 20
2.6120813385826773
 30
0
 11
2.5073228346456693
 21
2.6128346456692912
 31
0
  0
LINE
  5
DFE
330
1A
100
AcDbEntity
  8
BLACK
  6
CONTINUOUS
100
AcDbLine
 10
2.5073228346456693
 20
2.6128346456692912
 30
0
 11
2.5073228346456693
 21
2.7427559055118111
 31
0
  0
LINE
  5
DFF
330
1A
100
AcDbEntity
  8
BLACK
  6
CONTINUOUS
100
AcDbLine
 10
2.5073228346456693
 20
2.7427559055118111
 30
0
 11
2.5074726771653544
 21
2.7435092125984251
 31
0
  0
LINE
  5
E00
330
1A
100
AcDbEntity
  8
BLACK
  6
CONTINUOUS
100
AcDbLine
 10
2.5074726771653544
 20
2.7435092125984251
 30
0
 11
2.5085380314960628
 21
2.7445745669291339
 31
0
  0
LINE
  5
E01
330
1A
100
AcDbEntity
  8
BLACK
  6
CONTINUOUS
100
AcDbLine
 10
2.5085380314960628
 20
2.7445745669291339
 30
0
 11
2.5092913385826772
 21
2.744724409448819
 31
0
  0
LINE
  5
E02
330
1A
100
AcDbEntity
  8
BLACK
  6
CONTINUOUS
100
AcDbLine
 10
2.5092913385826772
 20
2.744724409448819
 30
0
 11
2.6077165354330707
 21
2.744724409448819
 31
0
  0
LINE
  5
E03
330
1A
100
AcDbEntity
  8
BLACK
  6
CONTINUOUS
100
AcDbLine
 10
2.6077165354330707
 20
2.744724409448819
 30
0
 11
2.6084698425196851
 21
2.7445745669291339
 31
0
  0
LINE
  5
E04
330
1A
100
AcDbEntity
  8
BLACK
  6
CONTINUOUS
100
AcDbLine
 10
2.511259842519685
 20
2.7407874015748033
 30
0
 11
2.511259842519685
 21
2.6148031496062991
 31
0
  0
LINE
  5
E05
330
1A
100
AcDbEntity
  8
BLACK
  6
CONTINUOUS
100
AcDbLine
 10
2.511259842519685
 20
2.6148031496062991
 30
0
 11
2.6057480314960628
 21
2.6148031496062991
 31
0
  0
LINE
  5
E06
330
1A
100
AcDbEntity
  8
BLACK
  6
CONTINUOUS
100
AcDbLine
 10
2.6057480314960628
 20
2.6148031496062991
 30
0
 11
2.6057480314960628
 21
2.7407874015748033
 31
0
  0
LINE
  5
E07
330
1A
100
AcDbEntity
  8
BLACK
  6
CONTINUOUS
100
AcDbLine
 10
2.6057480314960628
 20
2.7407874015748033
 30
0
 11
2.511259842519685
 21
2.7407874015748033
 31
0
  0
LINE
  5
E08
330
1A
100
AcDbEntity
  8
BLACK
  6
CONTINUOUS
100
AcDbLine
 10
4.9967572440944883
 20
2.7548107874015746
 30
0
 11
4.9978225984251967
 21
2.7537454330708662
 31
0
  0
LINE
  5
E09
330
1A
100
AcDbEntity
  8
BLACK
  6
CONTINUOUS
100
AcDbLine
 10
4.9978225984251967
 20
2.7537454330708662
 30
0
 11
4.9979724409448814
 21
2.7529921259842518
 31
0
  0
LINE
  5
E0A
330
1A
100
AcDbEntity
  8
BLACK
  6
CONTINUOUS
100
AcDbLine
 10
4.9979724409448814
 20
2.7529921259842518
 30
0
 11
4.9979724409448814
 21
2.6191338582677166
 31
0
  0
LINE
  5
E0B
330
1A
100
AcDbEntity
  8
BLACK
  6
CONTINUOUS
100
AcDbLine
 10
4.9979724409448814
 20
2.6191338582677166
 30
0
 11
4.9978225984251967
 21
2.6183805511811022
 31
0
  0
LINE
  5
E0C
330
1A
100
AcDbEntity
  8
BLACK
  6
CONTINUOUS
100
AcDbLine
 10
4.9978225984251967
 20
2.6183805511811022
 30
0
 11
4.9967572440944883
 21
2.6173151968503938
 31
0
  0
LINE
  5
E0D
330
1A
100
AcDbEntity
  8
BLACK
  6
CONTINUOUS
100
AcDbLine
 10
4.9967572440944883
 20
2.6173151968503938
 30
0
 11
4.9960039370078739
 21
2.6171653543307087
 31
0
  0
LINE
  5
E0E
330
1A
100
AcDbEntity
  8
BLACK
  6
CONTINUOUS
100
AcDbLine
 10
4.9960039370078739
 20
2.6171653543307087
 30
0
 11
4.8345866141732285
 21
2.6171653543307087
 31
0
  0
LINE
  5
E0F
330
1A
100
AcDbEntity
  8
BLACK
  6
CONTINUOUS
100
AcDbLine
 10
4.8345866141732285
 20
2.6171653543307087
 30
0
 11
4.8338333070866142
 21
2.6173151968503938
 31
0
  0
LINE
  5
E10
330
1A
100
AcDbEntity
  8
BLACK
  6
CONTINUOUS
100
AcDbLine
 10
4.8338333070866142
 20
2.6173151968503938
 30
0
 11
4.8327679527559058
 21
2.6183805511811022
 31
0
  0
LINE
  5
E11
330
1A
100
AcDbEntity
  8
BLACK
  6
CONTINUOUS
100
AcDbLine
 10
4.8327679527559058
 20
2.6183805511811022
 30
0
 11
4.8326181102362202
 21
2.6191338582677166
 31
0
  0
LINE
  5
E12
330
1A
100
AcDbEntity
  8
BLACK
  6
CONTINUOUS
100
AcDbLine
 10
4.8326181102362202
 20
2.6191338582677166
 30
0
 11
4.8326181102362202
 21
2.7529921259842518
 31
0
  0
LINE
  5
E13
330
1A
100
AcDbEntity
  8
BLACK
  6
CONTINUOUS
100
AcDbLine
 10
4.8326181102362202
 20
2.7529921259842518
 30
0
 11
4.8327679527559058
 21
2.7537454330708662
 31
0
  0
LINE
  5
E14
330
1A
100
AcDbEntity
  8
BLACK
  6
CONTINUOUS
100
AcDbLine
 10
4.8327679527559058
 20
2.7537454330708662
 30
0
 11
4.8338333070866142
 21
2.7548107874015746
 31
0
  0
LINE
  5
E15
330
1A
100
AcDbEntity
  8
BLACK
  6
CONTINUOUS
100
AcDbLine
 10
4.8338333070866142
 20
2.7548107874015746
 30
0
 11
4.8345866141732285
 21
2.7549606299212597
 31
0
  0
LINE
  5
E16
330
1A
100
AcDbEntity
  8
BLACK
  6
CONTINUOUS
100
AcDbLine
 10
4.8345866141732285
 20
2.7549606299212597
 30
0
 11
4.9960039370078739
 21
2.7549606299212597
 31
0
  0
LINE
  5
E17
330
1A
100
AcDbEntity
  8
BLACK
  6
CONTINUOUS
100
AcDbLine
 10
4.9960039370078739
 20
2.7549606299212597
 30
0
 11
4.9967572440944883
 21
2.7548107874015746
 31
0
  0
LINE
  5
E18
330
1A
100
AcDbEntity
  8
BLACK
  6
CONTINUOUS
100
AcDbLine
 10
4.836555118110236
 20
2.7510236220472439
 30
0
 11
4.836555118110236
 21
2.6211023622047245
 31
0
  0
LINE
  5
E19
330
1A
100
AcDbEntity
  8
BLACK
  6
CONTINUOUS
100
AcDbLine
 10
4.836555118110236
 20
2.6211023622047245
 30
0
 11
4.9940354330708656
 21
2.6211023622047245
 31
0
  0
LINE
  5
E1A
330
1A
100
AcDbEntity
  8
BLACK
  6
CONTINUOUS
100
AcDbLine
 10
4.9940354330708656
 20
2.6211023622047245
 30
0
 11
4.9940354330708656
 21
2.7510236220472439
 31
0
  0
LINE
  5
E1B
330
1A
100
AcDbEntity
  8
BLACK
  6
CONTINUOUS
100
AcDbLine
 10
4.9940354330708656
 20
2.7510236220472439
 30
0
 11
4.836555118110236
 21
2.7510236220472439
 31
0
  0
LINE
  5
E1C
330
1A
100
AcDbEntity
  8
BLACK
  6
CONTINUOUS
100
AcDbLine
 10
2.7049265354330707
 20
2.8003816535433068
 30
0
 11
2.7059918897637796
 21
2.7993162992125984
 31
0
  0
LINE
  5
E1D
330
1A
100
AcDbEntity
  8
BLACK
  6
CONTINUOUS
100
AcDbLine
 10
2.7059918897637796
 20
2.7993162992125984
 30
0
 11
2.7061417322834647
 21
2.798562992125984
 31
0
  0
LINE
  5
E1E
330
1A
100
AcDbEntity
  8
BLACK
  6
CONTINUOUS
100
AcDbLine
 10
2.7061417322834647
 20
2.798562992125984
 30
0
 11
2.7061417322834647
 21
2.666279527559055
 31
0
  0
LINE
  5
E1F
330
1A
100
AcDbEntity
  8
BLACK
  6
CONTINUOUS
100
AcDbLine
 10
2.7061417322834647
 20
2.666279527559055
 30
0
 11
2.7059918897637796
 21
2.665526220472441
 31
0
  0
LINE
  5
E20
330
1A
100
AcDbEntity
  8
BLACK
  6
CONTINUOUS
100
AcDbLine
 10
2.7059918897637796
 20
2.665526220472441
 30
0
 11
2.7049265354330707
 21
2.6644608661417322
 31
0
  0
LINE
  5
E21
330
1A
100
AcDbEntity
  8
BLACK
  6
CONTINUOUS
100
AcDbLine
 10
2.7049265354330707
 20
2.6644608661417322
 30
0
 11
2.7041732283464568
 21
2.6643110236220471
 31
0
  0
LINE
  5
E22
330
1A
100
AcDbEntity
  8
BLACK
  6
CONTINUOUS
100
AcDbLine
 10
2.7041732283464568
 20
2.6643110236220471
 30
0
 11
2.6293700787401573
 21
2.6643110236220471
 31
0
  0
LINE
  5
E23
330
1A
100
AcDbEntity
  8
BLACK
  6
CONTINUOUS
100
AcDbLine
 10
2.6293700787401573
 20
2.6643110236220471
 30
0
 11
2.6286167716535433
 21
2.6644608661417322
 31
0
  0
LINE
  5
E24
330
1A
100
AcDbEntity
  8
BLACK
  6
CONTINUOUS
100
AcDbLine
 10
2.6286167716535433
 20
2.6644608661417322
 30
0
 11
2.6275514173228345
 21
2.665526220472441
 31
0
  0
LINE
  5
E25
330
1A
100
AcDbEntity
  8
BLACK
  6
CONTINUOUS
100
AcDbLine
 10
2.6275514173228345
 20
2.665526220472441
 30
0
 11
2.6274015748031494
 21
2.666279527559055
 31
0
  0
LINE
  5
E26
330
1A
100
AcDbEntity
  8
BLACK
  6
CONTINUOUS
100
AcDbLine
 10
2.6274015748031494
 20
2.666279527559055
 30
0
 11
2.6274015748031494
 21
2.798562992125984
 31
0
  0
LINE
  5
E27
330
1A
100
AcDbEntity
  8
BLACK
  6
CONTINUOUS
100
AcDbLine
 10
2.6274015748031494
 20
2.798562992125984
 30
0
 11
2.6275514173228345
 21
2.7993162992125984
 31
0
  0
LINE
  5
E28
330
1A
100
AcDbEntity
  8
BLACK
  6
CONTINUOUS
100
AcDbLine
 10
2.6275514173228345
 20
2.7993162992125984
 30
0
 11
2.6286167716535433
 21
2.8003816535433068
 31
0
  0
LINE
  5
E29
330
1A
100
AcDbEntity
  8
BLACK
  6
CONTINUOUS
100
AcDbLine
 10
2.6286167716535433
 20
2.8003816535433068
 30
0
 11
2.6293700787401573
 21
2.8005314960629919
 31
0
  0
LINE
  5
E2A
330
1A
100
AcDbEntity
  8
BLACK
  6
CONTINUOUS
100
AcDbLine
 10
2.6293700787401573
 20
2.8005314960629919
 30
0
 11
2.7041732283464568
 21
2.8005314960629919
 31
0
  0
LINE
  5
E2B
330
1A
100
AcDbEntity
  8
BLACK
  6
CONTINUOUS
100
AcDbLine
 10
2.7041732283464568
 20
2.8005314960629919
 30
0
 11
2.7049265354330707
 21
2.8003816535433068
 31
0
  0
LINE
  5
E2C
330
1A
100
AcDbEntity
  8
BLACK
  6
CONTINUOUS
100
AcDbLine
 10
2.6313385826771651
 20
2.7965944881889762
 30
0
 11
2.6313385826771651
 21
2.6682480314960628
 31
0
  0
LINE
  5
E2D
330
1A
100
AcDbEntity
  8
BLACK
  6
CONTINUOUS
100
AcDbLine
 10
2.6313385826771651
 20
2.6682480314960628
 30
0
 11
2.7022047244094489
 21
2.6682480314960628
 31
0
  0
LINE
  5
E2E
330
1A
100
AcDbEntity
  8
BLACK
  6
CONTINUOUS
100
AcDbLine
 10
2.7022047244094489
 20
2.6682480314960628
 30
0
 11
2.7022047244094489
 21
2.7965944881889762
 31
0
  0
LINE
  5
E2F
330
1A
100
AcDbEntity
  8
BLACK
  6
CONTINUOUS
100
AcDbLine
 10
2.7022047244094489
 20
2.7965944881889762
 30
0
 11
2.6313385826771651
 21
2.7965944881889762
 31
0
  0
LINE
  5
E30
330
1A
100
AcDbEntity
  8
BLACK
  6
CONTINUOUS
100
AcDbLine
 10
2.0966588188976378
 20
2.9023501574803148
 30
0
 11
2.0977241732283463
 21
2.9012848031496064
 31
0
  0
LINE
  5
E31
330
1A
100
AcDbEntity
  8
BLACK
  6
CONTINUOUS
100
AcDbLine
 10
2.0977241732283463
 20
2.9012848031496064
 30
0
 11
2.0978740157480313
 21
2.900531496062992
 31
0
  0
LINE
  5
E32
330
1A
100
AcDbEntity
  8
BLACK
  6
CONTINUOUS
100
AcDbLine
 10
2.0978740157480313
 20
2.900531496062992
 30
0
 11
2.0978740157480313
 21
2.8021062992125985
 31
0
  0
LINE
  5
E33
330
1A
100
AcDbEntity
  8
BLACK
  6
CONTINUOUS
100
AcDbLine
 10
2.0978740157480313
 20
2.8021062992125985
 30
0
 11
2.0977241732283463
 21
2.8013529921259841
 31
0
  0
LINE
  5
E34
330
1A
100
AcDbEntity
  8
BLACK
  6
CONTINUOUS
100
AcDbLine
 10
2.0977241732283463
 20
2.8013529921259841
 30
0
 11
2.0966588188976378
 21
2.8002876377952757
 31
0
  0
LINE
  5
E35
330
1A
100
AcDbEntity
  8
BLACK
  6
CONTINUOUS
100
AcDbLine
 10
2.0966588188976378
 20
2.8002876377952757
 30
0
 11
2.0959055118110235
 21
2.8001377952755906
 31
0
  0
LINE
  5
E36
330
1A
100
AcDbEntity
  8
BLACK
  6
CONTINUOUS
100
AcDbLine
 10
2.0959055118110235
 20
2.8001377952755906
 30
0
 11
2.0250393700787401
 21
2.8001377952755906
 31
0
  0
LINE
  5
E37
330
1A
100
AcDbEntity
  8
BLACK
  6
CONTINUOUS
100
AcDbLine
 10
2.0250393700787401
 20
2.8001377952755906
 30
0
 11
2.0250393700787401
 21
2.6680511811023622
 31
0
  0
LINE
  5
E38
330
1A
100
AcDbEntity
  8
BLACK
  6
CONTINUOUS
100
AcDbLine
 10
2.0250393700787401
 20
2.6680511811023622
 30
0
 11
2.024889527559055
 21
2.6672978740157478
 31
0
  0
LINE
  5
E39
330
1A
100
AcDbEntity
  8
BLACK
  6
CONTINUOUS
100
AcDbLine
 10
2.024889527559055
 20
2.6672978740157478
 30
0
 11
2.0238241732283466
 21
2.6662325196850394
 31
0
  0
LINE
  5
E3A
330
1A
100
AcDbEntity
  8
BLACK
  6
CONTINUOUS
100
AcDbLine
 10
2.0238241732283466
 20
2.6662325196850394
 30
0
 11
2.0230708661417323
 21
2.6660826771653543
 31
0
  0
LINE
  5
E3B
330
1A
100
AcDbEntity
  8
BLACK
  6
CONTINUOUS
100
AcDbLine
 10
2.0230708661417323
 20
2.6660826771653543
 30
0
 11
1.948267716535433
 21
2.6660826771653543
 31
0
  0
LINE
  5
E3C
330
1A
100
AcDbEntity
  8
BLACK
  6
CONTINUOUS
100
AcDbLine
 10
1.948267716535433
 20
2.6660826771653543
 30
0
 11
1.9475144094488188
 21
2.6662325196850394
 31
0
  0
LINE
  5
E3D
330
1A
100
AcDbEntity
  8
BLACK
  6
CONTINUOUS
100
AcDbLine
 10
1.9475144094488188
 20
2.6662325196850394
 30
0
 11
1.9464490551181102
 21
2.6672978740157478
 31
0
  0
LINE
  5
E3E
330
1A
100
AcDbEntity
  8
BLACK
  6
CONTINUOUS
100
AcDbLine
 10
1.9464490551181102
 20
2.6672978740157478
 30
0
 11
1.9462992125984251
 21
2.6680511811023622
 31
0
  0
LINE
  5
E3F
330
1A
100
AcDbEntity
  8
BLACK
  6
CONTINUOUS
100
AcDbLine
 10
1.9462992125984251
 20
2.6680511811023622
 30
0
 11
1.9462992125984251
 21
2.8003346456692912
 31
0
  0
LINE
  5
E40
330
1A
100
AcDbEntity
  8
BLACK
  6
CONTINUOUS
100
AcDbLine
 10
1.9462992125984251
 20
2.8003346456692912
 30
0
 11
1.9464490551181102
 21
2.8010879527559056
 31
0
  0
LINE
  5
E41
330
1A
100
AcDbEntity
  8
BLACK
  6
CONTINUOUS
100
AcDbLine
 10
1.9464490551181102
 20
2.8010879527559056
 30
0
 11
1.9475144094488188
 21
2.802153307086614
 31
0
  0
LINE
  5
E42
330
1A
100
AcDbEntity
  8
BLACK
  6
CONTINUOUS
100
AcDbLine
 10
1.9475144094488188
 20
2.802153307086614
 30
0
 11
1.948267716535433
 21
2.8023031496062991
 31
0
  0
LINE
  5
E43
330
1A
100
AcDbEntity
  8
BLACK
  6
CONTINUOUS
100
AcDbLine
 10
1.948267716535433
 20
2.8023031496062991
 30
0
 11
1.9640157480314959
 21
2.8023031496062991
 31
0
  0
LINE
  5
E44
330
1A
100
AcDbEntity
  8
BLACK
  6
CONTINUOUS
100
AcDbLine
 10
1.9640157480314959
 20
2.8023031496062991
 30
0
 11
1.9640157480314959
 21
2.900531496062992
 31
0
  0
LINE
  5
E45
330
1A
100
AcDbEntity
  8
BLACK
  6
CONTINUOUS
100
AcDbLine
 10
1.9640157480314959
 20
2.900531496062992
 30
0
 11
1.964165590551181
 21
2.9012848031496064
 31
0
  0
LINE
  5
E46
330
1A
100
AcDbEntity
  8
BLACK
  6
CONTINUOUS
100
AcDbLine
 10
1.964165590551181
 20
2.9012848031496064
 30
0
 11
1.9652309448818897
 21
2.9023501574803148
 31
0
  0
LINE
  5
E47
330
1A
100
AcDbEntity
  8
BLACK
  6
CONTINUOUS
100
AcDbLine
 10
1.9652309448818897
 20
2.9023501574803148
 30
0
 11
1.9659842519685038
 21
2.9024999999999999
 31
0
  0
LINE
  5
E48
330
1A
100
AcDbEntity
  8
BLACK
  6
CONTINUOUS
100
AcDbLine
 10
1.9659842519685038
 20
2.9024999999999999
 30
0
 11
2.0959055118110235
 21
2.9024999999999999
 31
0
  0
LINE
  5
E49
330
1A
100
AcDbEntity
  8
BLACK
  6
CONTINUOUS
100
AcDbLine
 10
2.0959055118110235
 20
2.9024999999999999
 30
0
 11
2.0966588188976378
 21
2.9023501574803148
 31
0
  0
LINE
  5
E4A
330
1A
100
AcDbEntity
  8
BLACK
  6
CONTINUOUS
100
AcDbLine
 10
1.9502362204724408
 20
2.7983661417322834
 30
0
 11
1.9502362204724408
 21
2.67001968503937
 31
0
  0
LINE
  5
E4B
330
1A
100
AcDbEntity
  8
BLACK
  6
CONTINUOUS
100
AcDbLine
 10
1.9502362204724408
 20
2.67001968503937
 30
0
 11
2.0211023622047244
 21
2.67001968503937
 31
0
  0
LINE
  5
E4C
330
1A
100
AcDbEntity
  8
BLACK
  6
CONTINUOUS
100
AcDbLine
 10
2.0211023622047244
 20
2.67001968503937
 30
0
 11
2.0211023622047244
 21
2.7983661417322834
 31
0
  0
LINE
  5
E4D
330
1A
100
AcDbEntity
  8
BLACK
  6
CONTINUOUS
100
AcDbLine
 10
2.0211023622047244
 20
2.7983661417322834
 30
0
 11
1.9502362204724408
 21
2.7983661417322834
 31
0
  0
LINE
  5
E4E
330
1A
100
AcDbEntity
  8
BLACK
  6
CONTINUOUS
100
AcDbLine
 10
1.9679527559055117
 20
2.8985629921259841
 30
0
 11
1.9679527559055117
 21
2.8040748031496063
 31
0
  0
LINE
  5
E4F
330
1A
100
AcDbEntity
  8
BLACK
  6
CONTINUOUS
100
AcDbLine
 10
1.9679527559055117
 20
2.8040748031496063
 30
0
 11
2.0939370078740156
 21
2.8040748031496063
 31
0
  0
LINE
  5
E50
330
1A
100
AcDbEntity
  8
BLACK
  6
CONTINUOUS
100
AcDbLine
 10
2.0939370078740156
 20
2.8040748031496063
 30
0
 11
2.0939370078740156
 21
2.8985629921259841
 31
0
  0
LINE
  5
E51
330
1A
100
AcDbEntity
  8
BLACK
  6
CONTINUOUS
100
AcDbLine
 10
2.0939370078740156
 20
2.8985629921259841
 30
0
 11
1.9679527559055117
 21
2.8985629921259841
 31
0
  0
LINE
  5
E52
330
1A
100
AcDbEntity
  8
BLACK
  6
CONTINUOUS
100
AcDbLine
 10
1.9372099999999999
 20
2.8026454330708659
 30
0
 11
1.9382753543307085
 21
2.8015800787401575
 31
0
  0
LINE
  5
E53
330
1A
100
AcDbEntity
  8
BLACK
  6
CONTINUOUS
100
AcDbLine
 10
1.9382753543307085
 20
2.8015800787401575
 30
0
 11
1.9384251968503936
 21
2.8008267716535431
 31
0
  0
LINE
  5
E54
330
1A
100
AcDbEntity
  8
BLACK
  6
CONTINUOUS
100
AcDbLine
 10
1.9384251968503936
 20
2.8008267716535431
 30
0
 11
1.9384251968503936
 21
2.668543307086614
 31
0
  0
LINE
  5
E55
330
1A
100
AcDbEntity
  8
BLACK
  6
CONTINUOUS
100
AcDbLine
 10
1.9384251968503936
 20
2.668543307086614
 30
0
 11
1.9382753543307085
 21
2.6677900000000001
 31
0
  0
LINE
  5
E56
330
1A
100
AcDbEntity
  8
BLACK
  6
CONTINUOUS
100
AcDbLine
 10
1.9382753543307085
 20
2.6677900000000001
 30
0
 11
1.9372099999999999
 21
2.6667246456692912
 31
0
  0
LINE
  5
E57
330
1A
100
AcDbEntity
  8
BLACK
  6
CONTINUOUS
100
AcDbLine
 10
1.9372099999999999
 20
2.6667246456692912
 30
0
 11
1.9364566929133857
 21
2.6665748031496062
 31
0
  0
LINE
  5
E58
330
1A
100
AcDbEntity
  8
BLACK
  6
CONTINUOUS
100
AcDbLine
 10
1.9364566929133857
 20
2.6665748031496062
 30
0
 11
1.8616535433070867
 21
2.6665748031496062
 31
0
  0
LINE
  5
E59
330
1A
100
AcDbEntity
  8
BLACK
  6
CONTINUOUS
100
AcDbLine
 10
1.8616535433070867
 20
2.6665748031496062
 30
0
 11
1.8609002362204723
 21
2.6667246456692912
 31
0
  0
LINE
  5
E5A
330
1A
100
AcDbEntity
  8
BLACK
  6
CONTINUOUS
100
AcDbLine
 10
1.8609002362204723
 20
2.6667246456692912
 30
0
 11
1.8598348818897636
 21
2.6677900000000001
 31
0
  0
LINE
  5
E5B
330
1A
100
AcDbEntity
  8
BLACK
  6
CONTINUOUS
100
AcDbLine
 10
1.8598348818897636
 20
2.6677900000000001
 30
0
 11
1.8596850393700788
 21
2.668543307086614
 31
0
  0
LINE
  5
E5C
330
1A
100
AcDbEntity
  8
BLACK
  6
CONTINUOUS
100
AcDbLine
 10
1.8596850393700788
 20
2.668543307086614
 30
0
 11
1.8596850393700788
 21
2.8008267716535431
 31
0
  0
LINE
  5
E5D
330
1A
100
AcDbEntity
  8
BLACK
  6
CONTINUOUS
100
AcDbLine
 10
1.8596850393700788
 20
2.8008267716535431
 30
0
 11
1.8598348818897636
 21
2.8015800787401575
 31
0
  0
LINE
  5
E5E
330
1A
100
AcDbEntity
  8
BLACK
  6
CONTINUOUS
100
AcDbLine
 10
1.8598348818897636
 20
2.8015800787401575
 30
0
 11
1.8609002362204723
 21
2.8026454330708659
 31
0
  0
LINE
  5
E5F
330
1A
100
AcDbEntity
  8
BLACK
  6
CONTINUOUS
100
AcDbLine
 10
1.8609002362204723
 20
2.8026454330708659
 30
0
 11
1.8616535433070867
 21
2.802795275590551
 31
0
  0
LINE
  5
E60
330
1A
100
AcDbEntity
  8
BLACK
  6
CONTINUOUS
100
AcDbLine
 10
1.8616535433070867
 20
2.802795275590551
 30
0
 11
1.9364566929133857
 21
2.802795275590551
 31
0
  0
LINE
  5
E61
330
1A
100
AcDbEntity
  8
BLACK
  6
CONTINUOUS
100
AcDbLine
 10
1.9364566929133857
 20
2.802795275590551
 30
0
 11
1.9372099999999999
 21
2.8026454330708659
 31
0
  0
LINE
  5
E62
330
1A
100
AcDbEntity
  8
BLACK
  6
CONTINUOUS
100
AcDbLine
 10
1.8636220472440945
 20
2.7988582677165352
 30
0
 11
1.8636220472440945
 21
2.6705118110236219
 31
0
  0
LINE
  5
E63
330
1A
100
AcDbEntity
  8
BLACK
  6
CONTINUOUS
100
AcDbLine
 10
1.8636220472440945
 20
2.6705118110236219
 30
0
 11
1.9344881889763779
 21
2.6705118110236219
 31
0
  0
LINE
  5
E64
330
1A
100
AcDbEntity
  8
BLACK
  6
CONTINUOUS
100
AcDbLine
 10
1.9344881889763779
 20
2.6705118110236219
 30
0
 11
1.9344881889763779
 21
2.7988582677165352
 31
0
  0
LINE
  5
E65
330
1A
100
AcDbEntity
  8
BLACK
  6
CONTINUOUS
100
AcDbLine
 10
1.9344881889763779
 20
2.7988582677165352
 30
0
 11
1.8636220472440945
 21
2.7988582677165352
 31
0
  0
LINE
  5
E66
330
1A
100
AcDbEntity
  8
BLACK
  6
CONTINUOUS
100
AcDbLine
 10
3.5037624803149607
 20
2.870043188976378
 30
0
 11
3.5042951574803149
 21
2.8695105118110233
 31
0
  0
LINE
  5
E67
330
1A
100
AcDbEntity
  8
BLACK
  6
CONTINUOUS
100
AcDbLine
 10
3.5042951574803149
 20
2.8695105118110233
 30
0
 11
3.5043700787401573
 21
2.8691338582677166
 31
0
  0
LINE
  5
E68
330
1A
100
AcDbEntity
  8
BLACK
  6
CONTINUOUS
100
AcDbLine
 10
3.5043700787401573
 20
2.8691338582677166
 30
0
 11
3.504445
 21
2.8695105118110233
 31
0
  0
LINE
  5
E69
330
1A
100
AcDbEntity
  8
BLACK
  6
CONTINUOUS
100
AcDbLine
 10
3.504445
 20
2.8695105118110233
 30
0
 11
3.5049776771653542
 21
2.870043188976378
 31
0
  0
LINE
  5
E6A
330
1A
100
AcDbEntity
  8
BLACK
  6
CONTINUOUS
100
AcDbLine
 10
3.5049776771653542
 20
2.870043188976378
 30
0
 11
3.5053543307086614
 21
2.8701181102362203
 31
0
  0
LINE
  5
E6B
330
1A
100
AcDbEntity
  8
BLACK
  6
CONTINUOUS
100
AcDbLine
 10
3.5053543307086614
 20
2.8701181102362203
 30
0
 11
3.603779527559055
 21
2.8701181102362203
 31
0
  0
LINE
  5
E6C
330
1A
100
AcDbEntity
  8
BLACK
  6
CONTINUOUS
100
AcDbLine
 10
3.603779527559055
 20
2.8701181102362203
 30
0
 11
3.6041561811023621
 21
2.870043188976378
 31
0
  0
LINE
  5
E6D
330
1A
100
AcDbEntity
  8
BLACK
  6
CONTINUOUS
100
AcDbLine
 10
3.6041561811023621
 20
2.870043188976378
 30
0
 11
3.6046888582677163
 21
2.8695105118110233
 31
0
  0
LINE
  5
E6E
330
1A
100
AcDbEntity
  8
BLACK
  6
CONTINUOUS
100
AcDbLine
 10
3.6046888582677163
 20
2.8695105118110233
 30
0
 11
3.6047637795275591
 21
2.8691338582677166
 31
0
  0
LINE
  5
E6F
330
1A
100
AcDbEntity
  8
BLACK
  6
CONTINUOUS
100
AcDbLine
 10
3.6047637795275591
 20
2.8691338582677166
 30
0
 11
3.6047637795275591
 21
2.7392125984251967
 31
0
  0
LINE
  5
E70
330
1A
100
AcDbEntity
  8
BLACK
  6
CONTINUOUS
100
AcDbLine
 10
3.6047637795275591
 20
2.7392125984251967
 30
0
 11
3.6046888582677163
 21
2.7388359448818895
 31
0
  0
LINE
  5
E71
330
1A
100
AcDbEntity
  8
BLACK
  6
CONTINUOUS
100
AcDbLine
 10
3.6046888582677163
 20
2.7388359448818895
 30
0
 11
3.6041561811023621
 21
2.7383032677165353
 31
0
  0
LINE
  5
E72
330
1A
100
AcDbEntity
  8
BLACK
  6
CONTINUOUS
100
AcDbLine
 10
3.6041561811023621
 20
2.7383032677165353
 30
0
 11
3.603779527559055
 21
2.738228346456693
 31
0
  0
LINE
  5
E73
330
1A
100
AcDbEntity
  8
BLACK
  6
CONTINUOUS
100
AcDbLine
 10
3.603779527559055
 20
2.738228346456693
 30
0
 11
3.5053543307086614
 21
2.738228346456693
 31
0
  0
LINE
  5
E74
330
1A
100
AcDbEntity
  8
BLACK
  6
CONTINUOUS
100
AcDbLine
 10
3.5053543307086614
 20
2.738228346456693
 30
0
 11
3.5049776771653542
 21
2.7383032677165353
 31
0
  0
LINE
  5
E75
330
1A
100
AcDbEntity
  8
BLACK
  6
CONTINUOUS
100
AcDbLine
 10
3.5049776771653542
 20
2.7383032677165353
 30
0
 11
3.504445
 21
2.7388359448818895
 31
0
  0
LINE
  5
E76
330
1A
100
AcDbEntity
  8
BLACK
  6
CONTINUOUS
100
AcDbLine
 10
3.504445
 20
2.7388359448818895
 30
0
 11
3.5043700787401573
 21
2.7392125984251967
 31
0
  0
LINE
  5
E77
330
1A
100
AcDbEntity
  8
BLACK
  6
CONTINUOUS
100
AcDbLine
 10
3.5043700787401573
 20
2.7392125984251967
 30
0
 11
3.5042951574803149
 21
2.7388359448818895
 31
0
  0
LINE
  5
E78
330
1A
100
AcDbEntity
  8
BLACK
  6
CONTINUOUS
100
AcDbLine
 10
3.5042951574803149
 20
2.7388359448818895
 30
0
 11
3.5037624803149607
 21
2.7383032677165353
 31
0
  0
LINE
  5
E79
330
1A
100
AcDbEntity
  8
BLACK
  6
CONTINUOUS
100
AcDbLine
 10
3.5037624803149607
 20
2.7383032677165353
 30
0
 11
3.5033858267716536
 21
2.738228346456693
 31
0
  0
LINE
  5
E7A
330
1A
100
AcDbEntity
  8
BLACK
  6
CONTINUOUS
100
AcDbLine
 10
3.5033858267716536
 20
2.738228346456693
 30
0
 11
3.4049606299212596
 21
2.738228346456693
 31
0
  0
LINE
  5
E7B
330
1A
100
AcDbEntity
  8
BLACK
  6
CONTINUOUS
100
AcDbLine
 10
3.4049606299212596
 20
2.738228346456693
 30
0
 11
3.4045839763779528
 21
2.7383032677165353
 31
0
  0
LINE
  5
E7C
330
1A
100
AcDbEntity
  8
BLACK
  6
CONTINUOUS
100
AcDbLine
 10
3.4045839763779528
 20
2.7383032677165353
 30
0
 11
3.4040512992125982
 21
2.7388359448818895
 31
0
  0
LINE
  5
E7D
330
1A
100
AcDbEntity
  8
BLACK
  6
CONTINUOUS
100
AcDbLine
 10
3.4040512992125982
 20
2.7388359448818895
 30
0
 11
3.4039763779527559
 21
2.7392125984251967
 31
0
  0
LINE
  5
E7E
330
1A
100
AcDbEntity
  8
BLACK
  6
CONTINUOUS
100
AcDbLine
 10
3.4039763779527559
 20
2.7392125984251967
 30
0
 11
3.4039763779527559
 21
2.8691338582677166
 31
0
  0
LINE
  5
E7F
330
1A
100
AcDbEntity
  8
BLACK
  6
CONTINUOUS
100
AcDbLine
 10
3.4039763779527559
 20
2.8691338582677166
 30
0
 11
3.4040512992125982
 21
2.8695105118110233
 31
0
  0
LINE
  5
E80
330
1A
100
AcDbEntity
  8
BLACK
  6
CONTINUOUS
100
AcDbLine
 10
3.4040512992125982
 20
2.8695105118110233
 30
0
 11
3.4045839763779528
 21
2.870043188976378
 31
0
  0
LINE
  5
E81
330
1A
100
AcDbEntity
  8
BLACK
  6
CONTINUOUS
100
AcDbLine
 10
3.4045839763779528
 20
2.870043188976378
 30
0
 11
3.4049606299212596
 21
2.8701181102362203
 31
0
  0
LINE
  5
E82
330
1A
100
AcDbEntity
  8
BLACK
  6
CONTINUOUS
100
AcDbLine
 10
3.4049606299212596
 20
2.8701181102362203
 30
0
 11
3.5033858267716536
 21
2.8701181102362203
 31
0
  0
LINE
  5
E83
330
1A
100
AcDbEntity
  8
BLACK
  6
CONTINUOUS
100
AcDbLine
 10
3.5033858267716536
 20
2.8701181102362203
 30
0
 11
3.5037624803149607
 21
2.870043188976378
 31
0
  0
LINE
  5
E84
330
1A
100
AcDbEntity
  8
BLACK
  6
CONTINUOUS
100
AcDbLine
 10
3.5063385826771651
 20
2.8681496062992125
 30
0
 11
3.5063385826771651
 21
2.7401968503937009
 31
0
  0
LINE
  5
E85
330
1A
100
AcDbEntity
  8
BLACK
  6
CONTINUOUS
100
AcDbLine
 10
3.5063385826771651
 20
2.7401968503937009
 30
0
 11
3.6027952755905512
 21
2.7401968503937009
 31
0
  0
LINE
  5
E86
330
1A
100
AcDbEntity
  8
BLACK
  6
CONTINUOUS
100
AcDbLine
 10
3.6027952755905512
 20
2.7401968503937009
 30
0
 11
3.6027952755905512
 21
2.8681496062992125
 31
0
  0
LINE
  5
E87
330
1A
100
AcDbEntity
  8
BLACK
  6
CONTINUOUS
100
AcDbLine
 10
3.6027952755905512
 20
2.8681496062992125
 30
0
 11
3.5063385826771651
 21
2.8681496062992125
 31
0
  0
LINE
  5
E88
330
1A
100
AcDbEntity
  8
BLACK
  6
CONTINUOUS
100
AcDbLine
 10
3.4059448818897637
 20
2.8681496062992125
 30
0
 11
3.4059448818897637
 21
2.7401968503937009
 31
0
  0
LINE
  5
E89
330
1A
100
AcDbEntity
  8
BLACK
  6
CONTINUOUS
100
AcDbLine
 10
3.4059448818897637
 20
2.7401968503937009
 30
0
 11
3.5024015748031494
 21
2.7401968503937009
 31
0
  0
LINE
  5
E8A
330
1A
100
AcDbEntity
  8
BLACK
  6
CONTINUOUS
100
AcDbLine
 10
3.5024015748031494
 20
2.7401968503937009
 30
0
 11
3.5024015748031494
 21
2.8681496062992125
 31
0
  0
LINE
  5
E8B
330
1A
100
AcDbEntity
  8
BLACK
  6
CONTINUOUS
100
AcDbLine
 10
3.5024015748031494
 20
2.8681496062992125
 30
0
 11
3.4059448818897637
 21
2.8681496062992125
 31
0
  0
LINE
  5
E8C
330
1A
100
AcDbEntity
  8
BLACK
  6
CONTINUOUS
100
AcDbLine
 10
4.9679186614173227
 20
2.9142596062992125
 30
0
 11
4.9689840157480312
 21
2.9131942519685037
 31
0
  0
LINE
  5
E8D
330
1A
100
AcDbEntity
  8
BLACK
  6
CONTINUOUS
100
AcDbLine
 10
4.9689840157480312
 20
2.9131942519685037
 30
0
 11
4.9691338582677167
 21
2.9124409448818898
 31
0
  0
LINE
  5
E8E
330
1A
100
AcDbEntity
  8
BLACK
  6
CONTINUOUS
100
AcDbLine
 10
4.9691338582677167
 20
2.9124409448818898
 30
0
 11
4.9691338582677167
 21
2.8382412598425195
 31
0
  0
LINE
  5
E8F
330
1A
100
AcDbEntity
  8
BLACK
  6
CONTINUOUS
100
AcDbLine
 10
4.9691338582677167
 20
2.8382412598425195
 30
0
 11
4.9697714173228347
 21
2.8376037007874015
 31
0
  0
LINE
  5
E90
330
1A
100
AcDbEntity
  8
BLACK
  6
CONTINUOUS
100
AcDbLine
 10
4.9697714173228347
 20
2.8376037007874015
 30
0
 11
4.9699212598425193
 21
2.8368503937007872
 31
0
  0
LINE
  5
E91
330
1A
100
AcDbEntity
  8
BLACK
  6
CONTINUOUS
100
AcDbLine
 10
4.9699212598425193
 20
2.8368503937007872
 30
0
 11
4.9699212598425193
 21
2.7596850393700785
 31
0
  0
LINE
  5
E92
330
1A
100
AcDbEntity
  8
BLACK
  6
CONTINUOUS
100
AcDbLine
 10
4.9699212598425193
 20
2.7596850393700785
 30
0
 11
4.9697714173228347
 21
2.7589317322834646
 31
0
  0
LINE
  5
E93
330
1A
100
AcDbEntity
  8
BLACK
  6
CONTINUOUS
100
AcDbLine
 10
4.9697714173228347
 20
2.7589317322834646
 30
0
 11
4.9687060629921262
 21
2.7578663779527557
 31
0
  0
LINE
  5
E94
330
1A
100
AcDbEntity
  8
BLACK
  6
CONTINUOUS
100
AcDbLine
 10
4.9687060629921262
 20
2.7578663779527557
 30
0
 11
4.9679527559055119
 21
2.7577165354330706
 31
0
  0
LINE
  5
E95
330
1A
100
AcDbEntity
  8
BLACK
  6
CONTINUOUS
100
AcDbLine
 10
4.9679527559055119
 20
2.7577165354330706
 30
0
 11
4.8340944881889767
 21
2.7577165354330706
 31
0
  0
LINE
  5
E96
330
1A
100
AcDbEntity
  8
BLACK
  6
CONTINUOUS
100
AcDbLine
 10
4.8340944881889767
 20
2.7577165354330706
 30
0
 11
4.8333411811023623
 21
2.7578663779527557
 31
0
  0
LINE
  5
E97
330
1A
100
AcDbEntity
  8
BLACK
  6
CONTINUOUS
100
AcDbLine
 10
4.8333411811023623
 20
2.7578663779527557
 30
0
 11
4.832275826771653
 21
2.7589317322834646
 31
0
  0
LINE
  5
E98
330
1A
100
AcDbEntity
  8
BLACK
  6
CONTINUOUS
100
AcDbLine
 10
4.832275826771653
 20
2.7589317322834646
 30
0
 11
4.8321259842519684
 21
2.7596850393700785
 31
0
  0
LINE
  5
E99
330
1A
100
AcDbEntity
  8
BLACK
  6
CONTINUOUS
100
AcDbLine
 10
4.8321259842519684
 20
2.7596850393700785
 30
0
 11
4.8321259842519684
 21
2.8368503937007872
 31
0
  0
LINE
  5
E9A
330
1A
100
AcDbEntity
  8
BLACK
  6
CONTINUOUS
100
AcDbLine
 10
4.8321259842519684
 20
2.8368503937007872
 30
0
 11
4.832275826771653
 21
2.8376037007874015
 31
0
  0
LINE
  5
E9B
330
1A
100
AcDbEntity
  8
BLACK
  6
CONTINUOUS
100
AcDbLine
 10
4.832275826771653
 20
2.8376037007874015
 30
0
 11
4.8329133858267719
 21
2.8382412598425195
 31
0
  0
LINE
  5
E9C
330
1A
100
AcDbEntity
  8
BLACK
  6
CONTINUOUS
100
AcDbLine
 10
4.8329133858267719
 20
2.8382412598425195
 30
0
 11
4.8329133858267719
 21
2.9124409448818898
 31
0
  0
LINE
  5
E9D
330
1A
100
AcDbEntity
  8
BLACK
  6
CONTINUOUS
100
AcDbLine
 10
4.8329133858267719
 20
2.9124409448818898
 30
0
 11
4.8330632283464565
 21
2.9131942519685037
 31
0
  0
LINE
  5
E9E
330
1A
100
AcDbEntity
  8
BLACK
  6
CONTINUOUS
100
AcDbLine
 10
4.8330632283464565
 20
2.9131942519685037
 30
0
 11
4.8341285826771649
 21
2.9142596062992125
 31
0
  0
LINE
  5
E9F
330
1A
100
AcDbEntity
  8
BLACK
  6
CONTINUOUS
100
AcDbLine
 10
4.8341285826771649
 20
2.9142596062992125
 30
0
 11
4.8348818897637793
 21
2.9144094488188976
 31
0
  0
LINE
  5
EA0
330
1A
100
AcDbEntity
  8
BLACK
  6
CONTINUOUS
100
AcDbLine
 10
4.8348818897637793
 20
2.9144094488188976
 30
0
 11
4.9671653543307084
 21
2.9144094488188976
 31
0
  0
LINE
  5
EA1
330
1A
100
AcDbEntity
  8
BLACK
  6
CONTINUOUS
100
AcDbLine
 10
4.9671653543307084
 20
2.9144094488188976
 30
0
 11
4.9679186614173227
 21
2.9142596062992125
 31
0
  0
LINE
  5
EA2
330
1A
100
AcDbEntity
  8
BLACK
  6
CONTINUOUS
100
AcDbLine
 10
4.8360629921259841
 20
2.8348818897637793
 30
0
 11
4.8360629921259841
 21
2.7616535433070863
 31
0
  0
LINE
  5
EA3
330
1A
100
AcDbEntity
  8
BLACK
  6
CONTINUOUS
100
AcDbLine
 10
4.8360629921259841
 20
2.7616535433070863
 30
0
 11
4.9659842519685036
 21
2.7616535433070863
 31
0
  0
LINE
  5
EA4
330
1A
100
AcDbEntity
  8
BLACK
  6
CONTINUOUS
100
AcDbLine
 10
4.9659842519685036
 20
2.7616535433070863
 30
0
 11
4.9659842519685036
 21
2.8348818897637793
 31
0
  0
LINE
  5
EA5
330
1A
100
AcDbEntity
  8
BLACK
  6
CONTINUOUS
100
AcDbLine
 10
4.9659842519685036
 20
2.8348818897637793
 30
0
 11
4.8360629921259841
 21
2.8348818897637793
 31
0
  0
LINE
  5
EA6
330
1A
100
AcDbEntity
  8
BLACK
  6
CONTINUOUS
100
AcDbLine
 10
4.8368503937007876
 20
2.9104724409448819
 30
0
 11
4.8368503937007876
 21
2.8396062992125986
 31
0
  0
LINE
  5
EA7
330
1A
100
AcDbEntity
  8
BLACK
  6
CONTINUOUS
100
AcDbLine
 10
4.8368503937007876
 20
2.8396062992125986
 30
0
 11
4.965196850393701
 21
2.8396062992125986
 31
0
  0
LINE
  5
EA8
330
1A
100
AcDbEntity
  8
BLACK
  6
CONTINUOUS
100
AcDbLine
 10
4.965196850393701
 20
2.8396062992125986
 30
0
 11
4.965196850393701
 21
2.9104724409448819
 31
0
  0
LINE
  5
EA9
330
1A
100
AcDbEntity
  8
BLACK
  6
CONTINUOUS
100
AcDbLine
 10
4.965196850393701
 20
2.9104724409448819
 30
0
 11
4.8368503937007876
 21
2.9104724409448819
 31
0
  0
LINE
  5
EAA
330
1A
100
AcDbEntity
  8
BLACK
  6
CONTINUOUS
100
AcDbLine
 10
4.1948228346456693
 20
2.9125399212598424
 30
0
 11
4.1953149606299212
 21
2.9126377952755904
 31
0
  0
LINE
  5
EAB
330
1A
100
AcDbEntity
  8
BLACK
  6
CONTINUOUS
100
AcDbLine
 10
4.1953149606299212
 20
2.9126377952755904
 30
0
 11
4.2701181102362202
 21
2.9126377952755904
 31
0
  0
LINE
  5
EAC
330
1A
100
AcDbEntity
  8
BLACK
  6
CONTINUOUS
100
AcDbLine
 10
4.2701181102362202
 20
2.9126377952755904
 30
0
 11
4.2708714173228346
 21
2.9124879527559053
 31
0
  0
LINE
  5
EAD
330
1A
100
AcDbEntity
  8
BLACK
  6
CONTINUOUS
100
AcDbLine
 10
4.2708714173228346
 20
2.9124879527559053
 30
0
 11
4.271936771653543
 21
2.9114225984251969
 31
0
  0
LINE
  5
EAE
330
1A
100
AcDbEntity
  8
BLACK
  6
CONTINUOUS
100
AcDbLine
 10
4.271936771653543
 20
2.9114225984251969
 30
0
 11
4.2720866141732285
 21
2.9106692913385825
 31
0
  0
LINE
  5
EAF
330
1A
100
AcDbEntity
  8
BLACK
  6
CONTINUOUS
100
AcDbLine
 10
4.2720866141732285
 20
2.9106692913385825
 30
0
 11
4.2720866141732285
 21
2.9096850393700788
 31
0
  0
LINE
  5
EB0
330
1A
100
AcDbEntity
  8
BLACK
  6
CONTINUOUS
100
AcDbLine
 10
4.2720866141732285
 20
2.9096850393700788
 30
0
 11
4.2722364566929132
 21
2.9104383464566927
 31
0
  0
LINE
  5
EB1
330
1A
100
AcDbEntity
  8
BLACK
  6
CONTINUOUS
100
AcDbLine
 10
4.2722364566929132
 20
2.9104383464566927
 30
0
 11
4.2733018110236216
 21
2.9115037007874016
 31
0
  0
LINE
  5
EB2
330
1A
100
AcDbEntity
  8
BLACK
  6
CONTINUOUS
100
AcDbLine
 10
4.2733018110236216
 20
2.9115037007874016
 30
0
 11
4.274055118110236
 21
2.9116535433070867
 31
0
  0
LINE
  5
EB3
330
1A
100
AcDbEntity
  8
BLACK
  6
CONTINUOUS
100
AcDbLine
 10
4.274055118110236
 20
2.9116535433070867
 30
0
 11
4.3488582677165351
 21
2.9116535433070867
 31
0
  0
LINE
  5
EB4
330
1A
100
AcDbEntity
  8
BLACK
  6
CONTINUOUS
100
AcDbLine
 10
4.3488582677165351
 20
2.9116535433070867
 30
0
 11
4.3496115748031494
 21
2.9115037007874016
 31
0
  0
LINE
  5
EB5
330
1A
100
AcDbEntity
  8
BLACK
  6
CONTINUOUS
100
AcDbLine
 10
4.3496115748031494
 20
2.9115037007874016
 30
0
 11
4.3503346456692915
 21
2.91078062992126
 31
0
  0
LINE
  5
EB6
330
1A
100
AcDbEntity
  8
BLACK
  6
CONTINUOUS
100
AcDbLine
 10
4.3503346456692915
 20
2.91078062992126
 30
0
 11
4.3510577165354327
 21
2.9115037007874016
 31
0
  0
LINE
  5
EB7
330
1A
100
AcDbEntity
  8
BLACK
  6
CONTINUOUS
100
AcDbLine
 10
4.3510577165354327
 20
2.9115037007874016
 30
0
 11
4.3518110236220471
 21
2.9116535433070867
 31
0
  0
LINE
  5
EB8
330
1A
100
AcDbEntity
  8
BLACK
  6
CONTINUOUS
100
AcDbLine
 10
4.3518110236220471
 20
2.9116535433070867
 30
0
 11
4.4266141732283462
 21
2.9116535433070867
 31
0
  0
LINE
  5
EB9
330
1A
100
AcDbEntity
  8
BLACK
  6
CONTINUOUS
100
AcDbLine
 10
4.4266141732283462
 20
2.9116535433070867
 30
0
 11
4.4273674803149605
 21
2.9115037007874016
 31
0
  0
LINE
  5
EBA
330
1A
100
AcDbEntity
  8
BLACK
  6
CONTINUOUS
100
AcDbLine
 10
4.4273674803149605
 20
2.9115037007874016
 30
0
 11
4.4284328346456689
 21
2.9104383464566927
 31
0
  0
LINE
  5
EBB
330
1A
100
AcDbEntity
  8
BLACK
  6
CONTINUOUS
100
AcDbLine
 10
4.4284328346456689
 20
2.9104383464566927
 30
0
 11
4.4285826771653545
 21
2.9096850393700788
 31
0
  0
LINE
  5
EBC
330
1A
100
AcDbEntity
  8
BLACK
  6
CONTINUOUS
100
AcDbLine
 10
4.4285826771653545
 20
2.9096850393700788
 30
0
 11
4.4285826771653545
 21
2.7774015748031498
 31
0
  0
LINE
  5
EBD
330
1A
100
AcDbEntity
  8
BLACK
  6
CONTINUOUS
100
AcDbLine
 10
4.4285826771653545
 20
2.7774015748031498
 30
0
 11
4.4284328346456689
 21
2.7766482677165354
 31
0
  0
LINE
  5
EBE
330
1A
100
AcDbEntity
  8
BLACK
  6
CONTINUOUS
100
AcDbLine
 10
4.4284328346456689
 20
2.7766482677165354
 30
0
 11
4.4273674803149605
 21
2.7755829133858265
 31
0
  0
LINE
  5
EBF
330
1A
100
AcDbEntity
  8
BLACK
  6
CONTINUOUS
100
AcDbLine
 10
4.4273674803149605
 20
2.7755829133858265
 30
0
 11
4.4266141732283462
 21
2.7754330708661419
 31
0
  0
LINE
  5
EC0
330
1A
100
AcDbEntity
  8
BLACK
  6
CONTINUOUS
100
AcDbLine
 10
4.4266141732283462
 20
2.7754330708661419
 30
0
 11
4.3518110236220471
 21
2.7754330708661419
 31
0
  0
LINE
  5
EC1
330
1A
100
AcDbEntity
  8
BLACK
  6
CONTINUOUS
100
AcDbLine
 10
4.3518110236220471
 20
2.7754330708661419
 30
0
 11
4.3510577165354327
 21
2.7755829133858265
 31
0
  0
LINE
  5
EC2
330
1A
100
AcDbEntity
  8
BLACK
  6
CONTINUOUS
100
AcDbLine
 10
4.3510577165354327
 20
2.7755829133858265
 30
0
 11
4.3503346456692915
 21
2.7763059842519686
 31
0
  0
LINE
  5
EC3
330
1A
100
AcDbEntity
  8
BLACK
  6
CONTINUOUS
100
AcDbLine
 10
4.3503346456692915
 20
2.7763059842519686
 30
0
 11
4.3496115748031494
 21
2.7755829133858265
 31
0
  0
LINE
  5
EC4
330
1A
100
AcDbEntity
  8
BLACK
  6
CONTINUOUS
100
AcDbLine
 10
4.3496115748031494
 20
2.7755829133858265
 30
0
 11
4.3488582677165351
 21
2.7754330708661419
 31
0
  0
LINE
  5
EC5
330
1A
100
AcDbEntity
  8
BLACK
  6
CONTINUOUS
100
AcDbLine
 10
4.3488582677165351
 20
2.7754330708661419
 30
0
 11
4.274055118110236
 21
2.7754330708661419
 31
0
  0
LINE
  5
EC6
330
1A
100
AcDbEntity
  8
BLACK
  6
CONTINUOUS
100
AcDbLine
 10
4.274055118110236
 20
2.7754330708661419
 30
0
 11
4.2733018110236216
 21
2.7755829133858265
 31
0
  0
LINE
  5
EC7
330
1A
100
AcDbEntity
  8
BLACK
  6
CONTINUOUS
100
AcDbLine
 10
4.2733018110236216
 20
2.7755829133858265
 30
0
 11
4.2722364566929132
 21
2.7766482677165354
 31
0
  0
LINE
  5
EC8
330
1A
100
AcDbEntity
  8
BLACK
  6
CONTINUOUS
100
AcDbLine
 10
4.2722364566929132
 20
2.7766482677165354
 30
0
 11
4.2720866141732285
 21
2.7774015748031498
 31
0
  0
LINE
  5
EC9
330
1A
100
AcDbEntity
  8
BLACK
  6
CONTINUOUS
100
AcDbLine
 10
4.2720866141732285
 20
2.7774015748031498
 30
0
 11
4.2720866141732285
 21
2.7783858267716535
 31
0
  0
LINE
  5
ECA
330
1A
100
AcDbEntity
  8
BLACK
  6
CONTINUOUS
100
AcDbLine
 10
4.2720866141732285
 20
2.7783858267716535
 30
0
 11
4.271936771653543
 21
2.7776325196850391
 31
0
  0
LINE
  5
ECB
330
1A
100
AcDbEntity
  8
BLACK
  6
CONTINUOUS
100
AcDbLine
 10
4.271936771653543
 20
2.7776325196850391
 30
0
 11
4.2708714173228346
 21
2.7765671653543307
 31
0
  0
LINE
  5
ECC
330
1A
100
AcDbEntity
  8
BLACK
  6
CONTINUOUS
100
AcDbLine
 10
4.2708714173228346
 20
2.7765671653543307
 30
0
 11
4.2701181102362202
 21
2.7764173228346456
 31
0
  0
LINE
  5
ECD
330
1A
100
AcDbEntity
  8
BLACK
  6
CONTINUOUS
100
AcDbLine
 10
4.2701181102362202
 20
2.7764173228346456
 30
0
 11
4.1953149606299212
 21
2.7764173228346456
 31
0
  0
LINE
  5
ECE
330
1A
100
AcDbEntity
  8
BLACK
  6
CONTINUOUS
100
AcDbLine
 10
4.1953149606299212
 20
2.7764173228346456
 30
0
 11
4.1948228346456693
 21
2.7765152362204724
 31
0
  0
LINE
  5
ECF
330
1A
100
AcDbEntity
  8
BLACK
  6
CONTINUOUS
100
AcDbLine
 10
4.1948228346456693
 20
2.7765152362204724
 30
0
 11
4.1943307086614174
 21
2.7764173228346456
 31
0
  0
LINE
  5
ED0
330
1A
100
AcDbEntity
  8
BLACK
  6
CONTINUOUS
100
AcDbLine
 10
4.1943307086614174
 20
2.7764173228346456
 30
0
 11
4.1195275590551184
 21
2.7764173228346456
 31
0
  0
LINE
  5
ED1
330
1A
100
AcDbEntity
  8
BLACK
  6
CONTINUOUS
100
AcDbLine
 10
4.1195275590551184
 20
2.7764173228346456
 30
0
 11
4.118774251968504
 21
2.7765671653543307
 31
0
  0
LINE
  5
ED2
330
1A
100
AcDbEntity
  8
BLACK
  6
CONTINUOUS
100
AcDbLine
 10
4.118774251968504
 20
2.7765671653543307
 30
0
 11
4.1177088976377956
 21
2.7776325196850391
 31
0
  0
LINE
  5
ED3
330
1A
100
AcDbEntity
  8
BLACK
  6
CONTINUOUS
100
AcDbLine
 10
4.1177088976377956
 20
2.7776325196850391
 30
0
 11
4.11755905511811
 21
2.7783858267716535
 31
0
  0
LINE
  5
ED4
330
1A
100
AcDbEntity
  8
BLACK
  6
CONTINUOUS
100
AcDbLine
 10
4.11755905511811
 20
2.7783858267716535
 30
0
 11
4.11755905511811
 21
2.9106692913385825
 31
0
  0
LINE
  5
ED5
330
1A
100
AcDbEntity
  8
BLACK
  6
CONTINUOUS
100
AcDbLine
 10
4.11755905511811
 20
2.9106692913385825
 30
0
 11
4.1177088976377956
 21
2.9114225984251969
 31
0
  0
LINE
  5
ED6
330
1A
100
AcDbEntity
  8
BLACK
  6
CONTINUOUS
100
AcDbLine
 10
4.1177088976377956
 20
2.9114225984251969
 30
0
 11
4.118774251968504
 21
2.9124879527559053
 31
0
  0
LINE
  5
ED7
330
1A
100
AcDbEntity
  8
BLACK
  6
CONTINUOUS
100
AcDbLine
 10
4.118774251968504
 20
2.9124879527559053
 30
0
 11
4.1195275590551184
 21
2.9126377952755904
 31
0
  0
LINE
  5
ED8
330
1A
100
AcDbEntity
  8
BLACK
  6
CONTINUOUS
100
AcDbLine
 10
4.1195275590551184
 20
2.9126377952755904
 30
0
 11
4.1943307086614174
 21
2.9126377952755904
 31
0
  0
LINE
  5
ED9
330
1A
100
AcDbEntity
  8
BLACK
  6
CONTINUOUS
100
AcDbLine
 10
4.1943307086614174
 20
2.9126377952755904
 30
0
 11
4.1948228346456693
 21
2.9125399212598424
 31
0
  0
LINE
  5
EDA
330
1A
100
AcDbEntity
  8
BLACK
  6
CONTINUOUS
100
AcDbLine
 10
4.3537795275590554
 20
2.907716535433071
 30
0
 11
4.3537795275590554
 21
2.7793700787401576
 31
0
  0
LINE
  5
EDB
330
1A
100
AcDbEntity
  8
BLACK
  6
CONTINUOUS
100
AcDbLine
 10
4.3537795275590554
 20
2.7793700787401576
 30
0
 11
4.4246456692913387
 21
2.7793700787401576
 31
0
  0
LINE
  5
EDC
330
1A
100
AcDbEntity
  8
BLACK
  6
CONTINUOUS
100
AcDbLine
 10
4.4246456692913387
 20
2.7793700787401576
 30
0
 11
4.4246456692913387
 21
2.907716535433071
 31
0
  0
LINE
  5
EDD
330
1A
100
AcDbEntity
  8
BLACK
  6
CONTINUOUS
100
AcDbLine
 10
4.4246456692913387
 20
2.907716535433071
 30
0
 11
4.3537795275590554
 21
2.907716535433071
 31
0
  0
LINE
  5
EDE
330
1A
100
AcDbEntity
  8
BLACK
  6
CONTINUOUS
100
AcDbLine
 10
4.2760236220472443
 20
2.907716535433071
 30
0
 11
4.2760236220472443
 21
2.7793700787401576
 31
0
  0
LINE
  5
EDF
330
1A
100
AcDbEntity
  8
BLACK
  6
CONTINUOUS
100
AcDbLine
 10
4.2760236220472443
 20
2.7793700787401576
 30
0
 11
4.3468897637795276
 21
2.7793700787401576
 31
0
  0
LINE
  5
EE0
330
1A
100
AcDbEntity
  8
BLACK
  6
CONTINUOUS
100
AcDbLine
 10
4.3468897637795276
 20
2.7793700787401576
 30
0
 11
4.3468897637795276
 21
2.907716535433071
 31
0
  0
LINE
  5
EE1
330
1A
100
AcDbEntity
  8
BLACK
  6
CONTINUOUS
100
AcDbLine
 10
4.3468897637795276
 20
2.907716535433071
 30
0
 11
4.2760236220472443
 21
2.907716535433071
 31
0
  0
LINE
  5
EE2
330
1A
100
AcDbEntity
  8
BLACK
  6
CONTINUOUS
100
AcDbLine
 10
4.1972834645669295
 20
2.9087007874015747
 30
0
 11
4.1972834645669295
 21
2.7803543307086613
 31
0
  0
LINE
  5
EE3
330
1A
100
AcDbEntity
  8
BLACK
  6
CONTINUOUS
100
AcDbLine
 10
4.1972834645669295
 20
2.7803543307086613
 30
0
 11
4.2681496062992128
 21
2.7803543307086613
 31
0
  0
LINE
  5
EE4
330
1A
100
AcDbEntity
  8
BLACK
  6
CONTINUOUS
100
AcDbLine
 10
4.2681496062992128
 20
2.7803543307086613
 30
0
 11
4.2681496062992128
 21
2.9087007874015747
 31
0
  0
LINE
  5
EE5
330
1A
100
AcDbEntity
  8
BLACK
  6
CONTINUOUS
100
AcDbLine
 10
4.2681496062992128
 20
2.9087007874015747
 30
0
 11
4.1972834645669295
 21
2.9087007874015747
 31
0
  0
LINE
  5
EE6
330
1A
100
AcDbEntity
  8
BLACK
  6
CONTINUOUS
100
AcDbLine
 10
4.1214960629921258
 20
2.9087007874015747
 30
0
 11
4.1214960629921258
 21
2.7803543307086613
 31
0
  0
LINE
  5
EE7
330
1A
100
AcDbEntity
  8
BLACK
  6
CONTINUOUS
100
AcDbLine
 10
4.1214960629921258
 20
2.7803543307086613
 30
0
 11
4.1923622047244091
 21
2.7803543307086613
 31
0
  0
LINE
  5
EE8
330
1A
100
AcDbEntity
  8
BLACK
  6
CONTINUOUS
100
AcDbLine
 10
4.1923622047244091
 20
2.7803543307086613
 30
0
 11
4.1923622047244091
 21
2.9087007874015747
 31
0
  0
LINE
  5
EE9
330
1A
100
AcDbEntity
  8
BLACK
  6
CONTINUOUS
100
AcDbLine
 10
4.1923622047244091
 20
2.9087007874015747
 30
0
 11
4.1214960629921258
 21
2.9087007874015747
 31
0
  0
LINE
  5
EEA
330
1A
100
AcDbEntity
  8
BLACK
  6
CONTINUOUS
100
AcDbLine
 10
3.2789422834645667
 20
2.9359131496062991
 30
0
 11
3.2800076377952756
 21
2.9348477952755907
 31
0
  0
LINE
  5
EEB
330
1A
100
AcDbEntity
  8
BLACK
  6
CONTINUOUS
100
AcDbLine
 10
3.2800076377952756
 20
2.9348477952755907
 30
0
 11
3.2801574803149607
 21
2.9340944881889763
 31
0
  0
LINE
  5
EEC
330
1A
100
AcDbEntity
  8
BLACK
  6
CONTINUOUS
100
AcDbLine
 10
3.2801574803149607
 20
2.9340944881889763
 30
0
 11
3.2801574803149607
 21
2.8002362204724407
 31
0
  0
LINE
  5
EED
330
1A
100
AcDbEntity
  8
BLACK
  6
CONTINUOUS
100
AcDbLine
 10
3.2801574803149607
 20
2.8002362204724407
 30
0
 11
3.2800076377952756
 21
2.7994829133858268
 31
0
  0
LINE
  5
EEE
330
1A
100
AcDbEntity
  8
BLACK
  6
CONTINUOUS
100
AcDbLine
 10
3.2800076377952756
 20
2.7994829133858268
 30
0
 11
3.2789422834645667
 21
2.7984175590551179
 31
0
  0
LINE
  5
EEF
330
1A
100
AcDbEntity
  8
BLACK
  6
CONTINUOUS
100
AcDbLine
 10
3.2789422834645667
 20
2.7984175590551179
 30
0
 11
3.2781889763779528
 21
2.7982677165354328
 31
0
  0
LINE
  5
EF0
330
1A
100
AcDbEntity
  8
BLACK
  6
CONTINUOUS
100
AcDbLine
 10
3.2781889763779528
 20
2.7982677165354328
 30
0
 11
3.2010236220472441
 21
2.7982677165354328
 31
0
  0
LINE
  5
EF1
330
1A
100
AcDbEntity
  8
BLACK
  6
CONTINUOUS
100
AcDbLine
 10
3.2010236220472441
 20
2.7982677165354328
 30
0
 11
3.2002703149606297
 21
2.7984175590551179
 31
0
  0
LINE
  5
EF2
330
1A
100
AcDbEntity
  8
BLACK
  6
CONTINUOUS
100
AcDbLine
 10
3.2002703149606297
 20
2.7984175590551179
 30
0
 11
3.1992049606299213
 21
2.7994829133858268
 31
0
  0
LINE
  5
EF3
330
1A
100
AcDbEntity
  8
BLACK
  6
CONTINUOUS
100
AcDbLine
 10
3.1992049606299213
 20
2.7994829133858268
 30
0
 11
3.1990551181102362
 21
2.8002362204724407
 31
0
  0
LINE
  5
EF4
330
1A
100
AcDbEntity
  8
BLACK
  6
CONTINUOUS
100
AcDbLine
 10
3.1990551181102362
 20
2.8002362204724407
 30
0
 11
3.1990551181102362
 21
2.9340944881889763
 31
0
  0
LINE
  5
EF5
330
1A
100
AcDbEntity
  8
BLACK
  6
CONTINUOUS
100
AcDbLine
 10
3.1990551181102362
 20
2.9340944881889763
 30
0
 11
3.1992049606299213
 21
2.9348477952755907
 31
0
  0
LINE
  5
EF6
330
1A
100
AcDbEntity
  8
BLACK
  6
CONTINUOUS
100
AcDbLine
 10
3.1992049606299213
 20
2.9348477952755907
 30
0
 11
3.2002703149606297
 21
2.9359131496062991
 31
0
  0
LINE
  5
EF7
330
1A
100
AcDbEntity
  8
BLACK
  6
CONTINUOUS
100
AcDbLine
 10
3.2002703149606297
 20
2.9359131496062991
 30
0
 11
3.2010236220472441
 21
2.9360629921259842
 31
0
  0
LINE
  5
EF8
330
1A
100
AcDbEntity
  8
BLACK
  6
CONTINUOUS
100
AcDbLine
 10
3.2010236220472441
 20
2.9360629921259842
 30
0
 11
3.2781889763779528
 21
2.9360629921259842
 31
0
  0
LINE
  5
EF9
330
1A
100
AcDbEntity
  8
BLACK
  6
CONTINUOUS
100
AcDbLine
 10
3.2781889763779528
 20
2.9360629921259842
 30
0
 11
3.2789422834645667
 21
2.9359131496062991
 31
0
  0
LINE
  5
EFA
330
1A
100
AcDbEntity
  8
BLACK
  6
CONTINUOUS
100
AcDbLine
 10
3.202992125984252
 20
2.9321259842519685
 30
0
 11
3.202992125984252
 21
2.8022047244094486
 31
0
  0
LINE
  5
EFB
330
1A
100
AcDbEntity
  8
BLACK
  6
CONTINUOUS
100
AcDbLine
 10
3.202992125984252
 20
2.8022047244094486
 30
0
 11
3.2762204724409449
 21
2.8022047244094486
 31
0
  0
LINE
  5
EFC
330
1A
100
AcDbEntity
  8
BLACK
  6
CONTINUOUS
100
AcDbLine
 10
3.2762204724409449
 20
2.8022047244094486
 30
0
 11
3.2762204724409449
 21
2.9321259842519685
 31
0
  0
LINE
  5
EFD
330
1A
100
AcDbEntity
  8
BLACK
  6
CONTINUOUS
100
AcDbLine
 10
3.2762204724409449
 20
2.9321259842519685
 30
0
 11
3.202992125984252
 21
2.9321259842519685
 31
0
  0
LINE
  5
EFE
330
1A
100
AcDbEntity
  8
BLACK
  6
CONTINUOUS
100
AcDbLine
 10
3.4009895275590551
 20
2.9359131496062991
 30
0
 11
3.4020548818897636
 21
2.9348477952755907
 31
0
  0
LINE
  5
EFF
330
1A
100
AcDbEntity
  8
BLACK
  6
CONTINUOUS
100
AcDbLine
 10
3.4020548818897636
 20
2.9348477952755907
 30
0
 11
3.4022047244094487
 21
2.9340944881889763
 31
0
  0
LINE
  5
F00
330
1A
100
AcDbEntity
  8
BLACK
  6
CONTINUOUS
100
AcDbLine
 10
3.4022047244094487
 20
2.9340944881889763
 30
0
 11
3.4022047244094487
 21
2.8002362204724407
 31
0
  0
LINE
  5
F01
330
1A
100
AcDbEntity
  8
BLACK
  6
CONTINUOUS
100
AcDbLine
 10
3.4022047244094487
 20
2.8002362204724407
 30
0
 11
3.4020548818897636
 21
2.7994829133858268
 31
0
  0
LINE
  5
F02
330
1A
100
AcDbEntity
  8
BLACK
  6
CONTINUOUS
100
AcDbLine
 10
3.4020548818897636
 20
2.7994829133858268
 30
0
 11
3.4009895275590551
 21
2.7984175590551179
 31
0
  0
LINE
  5
F03
330
1A
100
AcDbEntity
  8
BLACK
  6
CONTINUOUS
100
AcDbLine
 10
3.4009895275590551
 20
2.7984175590551179
 30
0
 11
3.4002362204724408
 21
2.7982677165354328
 31
0
  0
LINE
  5
F04
330
1A
100
AcDbEntity
  8
BLACK
  6
CONTINUOUS
100
AcDbLine
 10
3.4002362204724408
 20
2.7982677165354328
 30
0
 11
3.3230708661417321
 21
2.7982677165354328
 31
0
  0
LINE
  5
F05
330
1A
100
AcDbEntity
  8
BLACK
  6
CONTINUOUS
100
AcDbLine
 10
3.3230708661417321
 20
2.7982677165354328
 30
0
 11
3.3223175590551182
 21
2.7984175590551179
 31
0
  0
LINE
  5
F06
330
1A
100
AcDbEntity
  8
BLACK
  6
CONTINUOUS
100
AcDbLine
 10
3.3223175590551182
 20
2.7984175590551179
 30
0
 11
3.3212522047244093
 21
2.7994829133858268
 31
0
  0
LINE
  5
F07
330
1A
100
AcDbEntity
  8
BLACK
  6
CONTINUOUS
100
AcDbLine
 10
3.3212522047244093
 20
2.7994829133858268
 30
0
 11
3.3211023622047242
 21
2.8002362204724407
 31
0
  0
LINE
  5
F08
330
1A
100
AcDbEntity
  8
BLACK
  6
CONTINUOUS
100
AcDbLine
 10
3.3211023622047242
 20
2.8002362204724407
 30
0
 11
3.3211023622047242
 21
2.9340944881889763
 31
0
  0
LINE
  5
F09
330
1A
100
AcDbEntity
  8
BLACK
  6
CONTINUOUS
100
AcDbLine
 10
3.3211023622047242
 20
2.9340944881889763
 30
0
 11
3.3212522047244093
 21
2.9348477952755907
 31
0
  0
LINE
  5
F0A
330
1A
100
AcDbEntity
  8
BLACK
  6
CONTINUOUS
100
AcDbLine
 10
3.3212522047244093
 20
2.9348477952755907
 30
0
 11
3.3223175590551182
 21
2.9359131496062991
 31
0
  0
LINE
  5
F0B
330
1A
100
AcDbEntity
  8
BLACK
  6
CONTINUOUS
100
AcDbLine
 10
3.3223175590551182
 20
2.9359131496062991
 30
0
 11
3.3230708661417321
 21
2.9360629921259842
 31
0
  0
LINE
  5
F0C
330
1A
100
AcDbEntity
  8
BLACK
  6
CONTINUOUS
100
AcDbLine
 10
3.3230708661417321
 20
2.9360629921259842
 30
0
 11
3.4002362204724408
 21
2.9360629921259842
 31
0
  0
LINE
  5
F0D
330
1A
100
AcDbEntity
  8
BLACK
  6
CONTINUOUS
100
AcDbLine
 10
3.4002362204724408
 20
2.9360629921259842
 30
0
 11
3.4009895275590551
 21
2.9359131496062991
 31
0
  0
LINE
  5
F0E
330
1A
100
AcDbEntity
  8
BLACK
  6
CONTINUOUS
100
AcDbLine
 10
3.32503937007874
 20
2.9321259842519685
 30
0
 11
3.32503937007874
 21
2.8022047244094486
 31
0
  0
LINE
  5
F0F
330
1A
100
AcDbEntity
  8
BLACK
  6
CONTINUOUS
100
AcDbLine
 10
3.32503937007874
 20
2.8022047244094486
 30
0
 11
3.3982677165354329
 21
2.8022047244094486
 31
0
  0
LINE
  5
F10
330
1A
100
AcDbEntity
  8
BLACK
  6
CONTINUOUS
100
AcDbLine
 10
3.3982677165354329
 20
2.8022047244094486
 30
0
 11
3.3982677165354329
 21
2.9321259842519685
 31
0
  0
LINE
  5
F11
330
1A
100
AcDbEntity
  8
BLACK
  6
CONTINUOUS
100
AcDbLine
 10
3.3982677165354329
 20
2.9321259842519685
 30
0
 11
3.32503937007874
 21
2.9321259842519685
 31
0
  0
LINE
  5
F12
330
1A
100
AcDbEntity
  8
BLACK
  6
CONTINUOUS
100
AcDbLine
 10
1.9383911023622047
 20
2.9412281102362203
 30
0
 11
1.9394564566929133
 21
2.9401627559055119
 31
0
  0
LINE
  5
F13
330
1A
100
AcDbEntity
  8
BLACK
  6
CONTINUOUS
100
AcDbLine
 10
1.9394564566929133
 20
2.9401627559055119
 30
0
 11
1.9396062992125984
 21
2.9394094488188975
 31
0
  0
LINE
  5
F14
330
1A
100
AcDbEntity
  8
BLACK
  6
CONTINUOUS
100
AcDbLine
 10
1.9396062992125984
 20
2.9394094488188975
 30
0
 11
1.9396062992125984
 21
2.8055511811023623
 31
0
  0
LINE
  5
F15
330
1A
100
AcDbEntity
  8
BLACK
  6
CONTINUOUS
100
AcDbLine
 10
1.9396062992125984
 20
2.8055511811023623
 30
0
 11
1.9394564566929133
 21
2.804797874015748
 31
0
  0
LINE
  5
F16
330
1A
100
AcDbEntity
  8
BLACK
  6
CONTINUOUS
100
AcDbLine
 10
1.9394564566929133
 20
2.804797874015748
 30
0
 11
1.9383911023622047
 21
2.8037325196850391
 31
0
  0
LINE
  5
F17
330
1A
100
AcDbEntity
  8
BLACK
  6
CONTINUOUS
100
AcDbLine
 10
1.9383911023622047
 20
2.8037325196850391
 30
0
 11
1.9376377952755905
 21
2.8035826771653545
 31
0
  0
LINE
  5
F18
330
1A
100
AcDbEntity
  8
BLACK
  6
CONTINUOUS
100
AcDbLine
 10
1.9376377952755905
 20
2.8035826771653545
 30
0
 11
1.8604724409448818
 21
2.8035826771653545
 31
0
  0
LINE
  5
F19
330
1A
100
AcDbEntity
  8
BLACK
  6
CONTINUOUS
100
AcDbLine
 10
1.8604724409448818
 20
2.8035826771653545
 30
0
 11
1.8597191338582677
 21
2.8037325196850391
 31
0
  0
LINE
  5
F1A
330
1A
100
AcDbEntity
  8
BLACK
  6
CONTINUOUS
100
AcDbLine
 10
1.8597191338582677
 20
2.8037325196850391
 30
0
 11
1.8586537795275591
 21
2.804797874015748
 31
0
  0
LINE
  5
F1B
330
1A
100
AcDbEntity
  8
BLACK
  6
CONTINUOUS
100
AcDbLine
 10
1.8586537795275591
 20
2.804797874015748
 30
0
 11
1.858503937007874
 21
2.8055511811023623
 31
0
  0
LINE
  5
F1C
330
1A
100
AcDbEntity
  8
BLACK
  6
CONTINUOUS
100
AcDbLine
 10
1.858503937007874
 20
2.8055511811023623
 30
0
 11
1.858503937007874
 21
2.9394094488188975
 31
0
  0
LINE
  5
F1D
330
1A
100
AcDbEntity
  8
BLACK
  6
CONTINUOUS
100
AcDbLine
 10
1.858503937007874
 20
2.9394094488188975
 30
0
 11
1.8586537795275591
 21
2.9401627559055119
 31
0
  0
LINE
  5
F1E
330
1A
100
AcDbEntity
  8
BLACK
  6
CONTINUOUS
100
AcDbLine
 10
1.8586537795275591
 20
2.9401627559055119
 30
0
 11
1.8597191338582677
 21
2.9412281102362203
 31
0
  0
LINE
  5
F1F
330
1A
100
AcDbEntity
  8
BLACK
  6
CONTINUOUS
100
AcDbLine
 10
1.8597191338582677
 20
2.9412281102362203
 30
0
 11
1.8604724409448818
 21
2.9413779527559054
 31
0
  0
LINE
  5
F20
330
1A
100
AcDbEntity
  8
BLACK
  6
CONTINUOUS
100
AcDbLine
 10
1.8604724409448818
 20
2.9413779527559054
 30
0
 11
1.9376377952755905
 21
2.9413779527559054
 31
0
  0
LINE
  5
F21
330
1A
100
AcDbEntity
  8
BLACK
  6
CONTINUOUS
100
AcDbLine
 10
1.9376377952755905
 20
2.9413779527559054
 30
0
 11
1.9383911023622047
 21
2.9412281102362203
 31
0
  0
LINE
  5
F22
330
1A
100
AcDbEntity
  8
BLACK
  6
CONTINUOUS
100
AcDbLine
 10
1.8624409448818897
 20
2.9374409448818897
 30
0
 11
1.8624409448818897
 21
2.8075196850393702
 31
0
  0
LINE
  5
F23
330
1A
100
AcDbEntity
  8
BLACK
  6
CONTINUOUS
100
AcDbLine
 10
1.8624409448818897
 20
2.8075196850393702
 30
0
 11
1.9356692913385827
 21
2.8075196850393702
 31
0
  0
LINE
  5
F24
330
1A
100
AcDbEntity
  8
BLACK
  6
CONTINUOUS
100
AcDbLine
 10
1.9356692913385827
 20
2.8075196850393702
 30
0
 11
1.9356692913385827
 21
2.9374409448818897
 31
0
  0
LINE
  5
F25
330
1A
100
AcDbEntity
  8
BLACK
  6
CONTINUOUS
100
AcDbLine
 10
1.9356692913385827
 20
2.9374409448818897
 30
0
 11
1.8624409448818897
 21
2.9374409448818897
 31
0
  0
LINE
  5
F26
330
1A
100
AcDbEntity
  8
BLACK
  6
CONTINUOUS
100
AcDbLine
 10
4.0074598031496063
 20
2.91299531496063
 30
0
 11
4.0150979527559052
 21
2.910513503937008
 31
0
  0
LINE
  5
F27
330
1A
100
AcDbEntity
  8
BLACK
  6
CONTINUOUS
100
AcDbLine
 10
4.0150979527559052
 20
2.910513503937008
 30
0
 11
4.0222538582677165
 21
2.9068674015748033
 31
0
  0
LINE
  5
F28
330
1A
100
AcDbEntity
  8
BLACK
  6
CONTINUOUS
100
AcDbLine
 10
4.0222538582677165
 20
2.9068674015748033
 30
0
 11
4.0287512598425197
 21
2.9021467716535434
 31
0
  0
LINE
  5
F29
330
1A
100
AcDbEntity
  8
BLACK
  6
CONTINUOUS
100
AcDbLine
 10
4.0287512598425197
 20
2.9021467716535434
 30
0
 11
4.034430236220472
 21
2.8964677952755906
 31
0
  0
LINE
  5
F2A
330
1A
100
AcDbEntity
  8
BLACK
  6
CONTINUOUS
100
AcDbLine
 10
4.034430236220472
 20
2.8964677952755906
 30
0
 11
4.0391508661417319
 21
2.8899703937007875
 31
0
  0
LINE
  5
F2B
330
1A
100
AcDbEntity
  8
BLACK
  6
CONTINUOUS
100
AcDbLine
 10
4.0391508661417319
 20
2.8899703937007875
 30
0
 11
4.0427969685039367
 21
2.8828144881889761
 31
0
  0
LINE
  5
F2C
330
1A
100
AcDbEntity
  8
BLACK
  6
CONTINUOUS
100
AcDbLine
 10
4.0427969685039367
 20
2.8828144881889761
 30
0
 11
4.0452787795275587
 21
2.8751763385826772
 31
0
  0
LINE
  5
F2D
330
1A
100
AcDbEntity
  8
BLACK
  6
CONTINUOUS
100
AcDbLine
 10
4.0452787795275587
 20
2.8751763385826772
 30
0
 11
4.0465351574803146
 21
2.8672439763779525
 31
0
  0
LINE
  5
F2E
330
1A
100
AcDbEntity
  8
BLACK
  6
CONTINUOUS
100
AcDbLine
 10
4.0465351574803146
 20
2.8672439763779525
 30
0
 11
4.0465351574803146
 21
2.8592127165354331
 31
0
  0
LINE
  5
F2F
330
1A
100
AcDbEntity
  8
BLACK
  6
CONTINUOUS
100
AcDbLine
 10
4.0465351574803146
 20
2.8592127165354331
 30
0
 11
4.0452787795275587
 21
2.8512803543307088
 31
0
  0
LINE
  5
F30
330
1A
100
AcDbEntity
  8
BLACK
  6
CONTINUOUS
100
AcDbLine
 10
4.0452787795275587
 20
2.8512803543307088
 30
0
 11
4.0427969685039367
 21
2.8436422047244094
 31
0
  0
LINE
  5
F31
330
1A
100
AcDbEntity
  8
BLACK
  6
CONTINUOUS
100
AcDbLine
 10
4.0427969685039367
 20
2.8436422047244094
 30
0
 11
4.0391508661417319
 21
2.8364862992125985
 31
0
  0
LINE
  5
F32
330
1A
100
AcDbEntity
  8
BLACK
  6
CONTINUOUS
100
AcDbLine
 10
4.0391508661417319
 20
2.8364862992125985
 30
0
 11
4.034430236220472
 21
2.8299888976377954
 31
0
  0
LINE
  5
F33
330
1A
100
AcDbEntity
  8
BLACK
  6
CONTINUOUS
100
AcDbLine
 10
4.034430236220472
 20
2.8299888976377954
 30
0
 11
4.0287512598425197
 21
2.8243099212598426
 31
0
  0
LINE
  5
F34
330
1A
100
AcDbEntity
  8
BLACK
  6
CONTINUOUS
100
AcDbLine
 10
4.0287512598425197
 20
2.8243099212598426
 30
0
 11
4.0222538582677165
 21
2.8195892913385827
 31
0
  0
LINE
  5
F35
330
1A
100
AcDbEntity
  8
BLACK
  6
CONTINUOUS
100
AcDbLine
 10
4.0222538582677165
 20
2.8195892913385827
 30
0
 11
4.0150979527559052
 21
2.815943188976378
 31
0
  0
LINE
  5
F36
330
1A
100
AcDbEntity
  8
BLACK
  6
CONTINUOUS
100
AcDbLine
 10
4.0150979527559052
 20
2.815943188976378
 30
0
 11
4.0074598031496063
 21
2.813461377952756
 31
0
  0
LINE
  5
F37
330
1A
100
AcDbEntity
  8
BLACK
  6
CONTINUOUS
100
AcDbLine
 10
4.0074598031496063
 20
2.813461377952756
 30
0
 11
3.999527440944882
 21
2.8122050000000001
 31
0
  0
LINE
  5
F38
330
1A
100
AcDbEntity
  8
BLACK
  6
CONTINUOUS
100
AcDbLine
 10
3.999527440944882
 20
2.8122050000000001
 30
0
 11
3.9914961811023622
 21
2.8122050000000001
 31
0
  0
LINE
  5
F39
330
1A
100
AcDbEntity
  8
BLACK
  6
CONTINUOUS
100
AcDbLine
 10
3.9914961811023622
 20
2.8122050000000001
 30
0
 11
3.9835638188976379
 21
2.813461377952756
 31
0
  0
LINE
  5
F3A
330
1A
100
AcDbEntity
  8
BLACK
  6
CONTINUOUS
100
AcDbLine
 10
3.9835638188976379
 20
2.813461377952756
 30
0
 11
3.9759256692913385
 21
2.815943188976378
 31
0
  0
LINE
  5
F3B
330
1A
100
AcDbEntity
  8
BLACK
  6
CONTINUOUS
100
AcDbLine
 10
3.9759256692913385
 20
2.815943188976378
 30
0
 11
3.9687697637795276
 21
2.8195892913385827
 31
0
  0
LINE
  5
F3C
330
1A
100
AcDbEntity
  8
BLACK
  6
CONTINUOUS
100
AcDbLine
 10
3.9687697637795276
 20
2.8195892913385827
 30
0
 11
3.9622723622047245
 21
2.8243099212598426
 31
0
  0
LINE
  5
F3D
330
1A
100
AcDbEntity
  8
BLACK
  6
CONTINUOUS
100
AcDbLine
 10
3.9622723622047245
 20
2.8243099212598426
 30
0
 11
3.9565933858267717
 21
2.8299888976377954
 31
0
  0
LINE
  5
F3E
330
1A
100
AcDbEntity
  8
BLACK
  6
CONTINUOUS
100
AcDbLine
 10
3.9565933858267717
 20
2.8299888976377954
 30
0
 11
3.9518727559055118
 21
2.8364862992125985
 31
0
  0
LINE
  5
F3F
330
1A
100
AcDbEntity
  8
BLACK
  6
CONTINUOUS
100
AcDbLine
 10
3.9518727559055118
 20
2.8364862992125985
 30
0
 11
3.948226653543307
 21
2.8436422047244094
 31
0
  0
LINE
  5
F40
330
1A
100
AcDbEntity
  8
BLACK
  6
CONTINUOUS
100
AcDbLine
 10
3.948226653543307
 20
2.8436422047244094
 30
0
 11
3.945744842519685
 21
2.8512803543307088
 31
0
  0
LINE
  5
F41
330
1A
100
AcDbEntity
  8
BLACK
  6
CONTINUOUS
100
AcDbLine
 10
3.945744842519685
 20
2.8512803543307088
 30
0
 11
3.9444884645669291
 21
2.8592127165354331
 31
0
  0
LINE
  5
F42
330
1A
100
AcDbEntity
  8
BLACK
  6
CONTINUOUS
100
AcDbLine
 10
3.9444884645669291
 20
2.8592127165354331
 30
0
 11
3.9444884645669291
 21
2.8669465354330708
 31
0
  0
LINE
  5
F43
330
1A
100
AcDbEntity
  8
BLACK
  6
CONTINUOUS
100
AcDbLine
 10
3.9444884645669291
 20
2.8669465354330708
 30
0
 11
3.9444884645669291
 21
2.8672439763779525
 31
0
  0
LINE
  5
F44
330
1A
100
AcDbEntity
  8
BLACK
  6
CONTINUOUS
100
AcDbLine
 10
3.9444884645669291
 20
2.8672439763779525
 30
0
 11
3.945744842519685
 21
2.8751763385826772
 31
0
  0
LINE
  5
F45
330
1A
100
AcDbEntity
  8
BLACK
  6
CONTINUOUS
100
AcDbLine
 10
3.945744842519685
 20
2.8751763385826772
 30
0
 11
3.948226653543307
 21
2.8828144881889761
 31
0
  0
LINE
  5
F46
330
1A
100
AcDbEntity
  8
BLACK
  6
CONTINUOUS
100
AcDbLine
 10
3.948226653543307
 20
2.8828144881889761
 30
0
 11
3.9518727559055118
 21
2.8899703937007875
 31
0
  0
LINE
  5
F47
330
1A
100
AcDbEntity
  8
BLACK
  6
CONTINUOUS
100
AcDbLine
 10
3.9518727559055118
 20
2.8899703937007875
 30
0
 11
3.9565933858267717
 21
2.8964677952755906
 31
0
  0
LINE
  5
F48
330
1A
100
AcDbEntity
  8
BLACK
  6
CONTINUOUS
100
AcDbLine
 10
3.9565933858267717
 20
2.8964677952755906
 30
0
 11
3.9622723622047245
 21
2.9021467716535434
 31
0
  0
LINE
  5
F49
330
1A
100
AcDbEntity
  8
BLACK
  6
CONTINUOUS
100
AcDbLine
 10
3.9622723622047245
 20
2.9021467716535434
 30
0
 11
3.9687697637795276
 21
2.9068674015748033
 31
0
  0
LINE
  5
F4A
330
1A
100
AcDbEntity
  8
BLACK
  6
CONTINUOUS
100
AcDbLine
 10
3.9687697637795276
 20
2.9068674015748033
 30
0
 11
3.9759256692913385
 21
2.910513503937008
 31
0
  0
LINE
  5
F4B
330
1A
100
AcDbEntity
  8
BLACK
  6
CONTINUOUS
100
AcDbLine
 10
3.9759256692913385
 20
2.910513503937008
 30
0
 11
3.9835638188976379
 21
2.91299531496063
 31
0
  0
LINE
  5
F4C
330
1A
100
AcDbEntity
  8
BLACK
  6
CONTINUOUS
100
AcDbLine
 10
3.9835638188976379
 20
2.91299531496063
 30
0
 11
3.9914961811023622
 21
2.9142516929133859
 31
0
  0
LINE
  5
F4D
330
1A
100
AcDbEntity
  8
BLACK
  6
CONTINUOUS
100
AcDbLine
 10
3.9914961811023622
 20
2.9142516929133859
 30
0
 11
3.999527440944882
 21
2.9142516929133859
 31
0
  0
LINE
  5
F4E
330
1A
100
AcDbEntity
  8
BLACK
  6
CONTINUOUS
100
AcDbLine
 10
3.999527440944882
 20
2.9142516929133859
 30
0
 11
4.0074598031496063
 21
2.91299531496063
 31
0
  0
LINE
  5
F4F
330
1A
100
AcDbEntity
  8
BLACK
  6
CONTINUOUS
100
AcDbLine
 10
3.9482677165354332
 20
2.8595101574803148
 30
0
 11
3.9494310236220471
 21
2.8521653149606299
 31
0
  0
LINE
  5
F50
330
1A
100
AcDbEntity
  8
BLACK
  6
CONTINUOUS
100
AcDbLine
 10
3.9494310236220471
 20
2.8521653149606299
 30
0
 11
3.9517289763779528
 21
2.8450929133858267
 31
0
  0
LINE
  5
F51
330
1A
100
AcDbEntity
  8
BLACK
  6
CONTINUOUS
100
AcDbLine
 10
3.9517289763779528
 20
2.8450929133858267
 30
0
 11
3.9551050393700788
 21
2.8384670472440945
 31
0
  0
LINE
  5
F52
330
1A
100
AcDbEntity
  8
BLACK
  6
CONTINUOUS
100
AcDbLine
 10
3.9551050393700788
 20
2.8384670472440945
 30
0
 11
3.959476023622047
 21
2.8324508661417322
 31
0
  0
LINE
  5
F53
330
1A
100
AcDbEntity
  8
BLACK
  6
CONTINUOUS
100
AcDbLine
 10
3.959476023622047
 20
2.8324508661417322
 30
0
 11
3.9647343307086613
 21
2.8271925590551179
 31
0
  0
LINE
  5
F54
330
1A
100
AcDbEntity
  8
BLACK
  6
CONTINUOUS
100
AcDbLine
 10
3.9647343307086613
 20
2.8271925590551179
 30
0
 11
3.9707505118110236
 21
2.8228215748031493
 31
0
  0
LINE
  5
F55
330
1A
100
AcDbEntity
  8
BLACK
  6
CONTINUOUS
100
AcDbLine
 10
3.9707505118110236
 20
2.8228215748031493
 30
0
 11
3.9773763779527558
 21
2.8194455118110238
 31
0
  0
LINE
  5
F56
330
1A
100
AcDbEntity
  8
BLACK
  6
CONTINUOUS
100
AcDbLine
 10
3.9773763779527558
 20
2.8194455118110238
 30
0
 11
3.9844487795275589
 21
2.817147559055118
 31
0
  0
LINE
  5
F57
330
1A
100
AcDbEntity
  8
BLACK
  6
CONTINUOUS
100
AcDbLine
 10
3.9844487795275589
 20
2.817147559055118
 30
0
 11
3.9917936220472439
 21
2.8159842519685037
 31
0
  0
LINE
  5
F58
330
1A
100
AcDbEntity
  8
BLACK
  6
CONTINUOUS
100
AcDbLine
 10
3.9917936220472439
 20
2.8159842519685037
 30
0
 11
3.9992299999999998
 21
2.8159842519685037
 31
0
  0
LINE
  5
F59
330
1A
100
AcDbEntity
  8
BLACK
  6
CONTINUOUS
100
AcDbLine
 10
3.9992299999999998
 20
2.8159842519685037
 30
0
 11
4.0065748425196848
 21
2.817147559055118
 31
0
  0
LINE
  5
F5A
330
1A
100
AcDbEntity
  8
BLACK
  6
CONTINUOUS
100
AcDbLine
 10
4.0065748425196848
 20
2.817147559055118
 30
0
 11
4.0136472440944884
 21
2.8194455118110238
 31
0
  0
LINE
  5
F5B
330
1A
100
AcDbEntity
  8
BLACK
  6
CONTINUOUS
100
AcDbLine
 10
4.0136472440944884
 20
2.8194455118110238
 30
0
 11
4.0202731102362206
 21
2.8228215748031493
 31
0
  0
LINE
  5
F5C
330
1A
100
AcDbEntity
  8
BLACK
  6
CONTINUOUS
100
AcDbLine
 10
4.0202731102362206
 20
2.8228215748031493
 30
0
 11
4.0262892913385828
 21
2.8271925590551179
 31
0
  0
LINE
  5
F5D
330
1A
100
AcDbEntity
  8
BLACK
  6
CONTINUOUS
100
AcDbLine
 10
4.0262892913385828
 20
2.8271925590551179
 30
0
 11
4.0315475984251972
 21
2.8324508661417322
 31
0
  0
LINE
  5
F5E
330
1A
100
AcDbEntity
  8
BLACK
  6
CONTINUOUS
100
AcDbLine
 10
4.0315475984251972
 20
2.8324508661417322
 30
0
 11
4.0359185826771649
 21
2.8384670472440945
 31
0
  0
LINE
  5
F5F
330
1A
100
AcDbEntity
  8
BLACK
  6
CONTINUOUS
100
AcDbLine
 10
4.0359185826771649
 20
2.8384670472440945
 30
0
 11
4.0392946456692913
 21
2.8450929133858267
 31
0
  0
LINE
  5
F60
330
1A
100
AcDbEntity
  8
BLACK
  6
CONTINUOUS
100
AcDbLine
 10
4.0392946456692913
 20
2.8450929133858267
 30
0
 11
4.041592598425197
 21
2.8521653149606299
 31
0
  0
LINE
  5
F61
330
1A
100
AcDbEntity
  8
BLACK
  6
CONTINUOUS
100
AcDbLine
 10
4.041592598425197
 20
2.8521653149606299
 30
0
 11
4.042755905511811
 21
2.8595101574803148
 31
0
  0
LINE
  5
F62
330
1A
100
AcDbEntity
  8
BLACK
  6
CONTINUOUS
100
AcDbLine
 10
4.042755905511811
 20
2.8595101574803148
 30
0
 11
4.042755905511811
 21
2.8669465354330708
 31
0
  0
LINE
  5
F63
330
1A
100
AcDbEntity
  8
BLACK
  6
CONTINUOUS
100
AcDbLine
 10
4.042755905511811
 20
2.8669465354330708
 30
0
 11
4.041592598425197
 21
2.8742913779527557
 31
0
  0
LINE
  5
F64
330
1A
100
AcDbEntity
  8
BLACK
  6
CONTINUOUS
100
AcDbLine
 10
4.041592598425197
 20
2.8742913779527557
 30
0
 11
4.0392946456692913
 21
2.8813637795275588
 31
0
  0
LINE
  5
F65
330
1A
100
AcDbEntity
  8
BLACK
  6
CONTINUOUS
100
AcDbLine
 10
4.0392946456692913
 20
2.8813637795275588
 30
0
 11
4.0359185826771649
 21
2.8879896456692911
 31
0
  0
LINE
  5
F66
330
1A
100
AcDbEntity
  8
BLACK
  6
CONTINUOUS
100
AcDbLine
 10
4.0359185826771649
 20
2.8879896456692911
 30
0
 11
4.0315475984251972
 21
2.8940058267716533
 31
0
  0
LINE
  5
F67
330
1A
100
AcDbEntity
  8
BLACK
  6
CONTINUOUS
100
AcDbLine
 10
4.0315475984251972
 20
2.8940058267716533
 30
0
 11
4.0262892913385828
 21
2.8992641338582676
 31
0
  0
LINE
  5
F68
330
1A
100
AcDbEntity
  8
BLACK
  6
CONTINUOUS
100
AcDbLine
 10
4.0262892913385828
 20
2.8992641338582676
 30
0
 11
4.0202731102362206
 21
2.9036351181102362
 31
0
  0
LINE
  5
F69
330
1A
100
AcDbEntity
  8
BLACK
  6
CONTINUOUS
100
AcDbLine
 10
4.0202731102362206
 20
2.9036351181102362
 30
0
 11
4.0136472440944884
 21
2.9070111811023622
 31
0
  0
LINE
  5
F6A
330
1A
100
AcDbEntity
  8
BLACK
  6
CONTINUOUS
100
AcDbLine
 10
4.0136472440944884
 20
2.9070111811023622
 30
0
 11
4.0065748425196848
 21
2.9093091338582675
 31
0
  0
LINE
  5
F6B
330
1A
100
AcDbEntity
  8
BLACK
  6
CONTINUOUS
100
AcDbLine
 10
4.0065748425196848
 20
2.9093091338582675
 30
0
 11
3.9992299999999998
 21
2.9104724409448819
 31
0
  0
LINE
  5
F6C
330
1A
100
AcDbEntity
  8
BLACK
  6
CONTINUOUS
100
AcDbLine
 10
3.9992299999999998
 20
2.9104724409448819
 30
0
 11
3.9917936220472439
 21
2.9104724409448819
 31
0
  0
LINE
  5
F6D
330
1A
100
AcDbEntity
  8
BLACK
  6
CONTINUOUS
100
AcDbLine
 10
3.9917936220472439
 20
2.9104724409448819
 30
0
 11
3.9844487795275589
 21
2.9093091338582675
 31
0
  0
LINE
  5
F6E
330
1A
100
AcDbEntity
  8
BLACK
  6
CONTINUOUS
100
AcDbLine
 10
3.9844487795275589
 20
2.9093091338582675
 30
0
 11
3.9773763779527558
 21
2.9070111811023622
 31
0
  0
LINE
  5
F6F
330
1A
100
AcDbEntity
  8
BLACK
  6
CONTINUOUS
100
AcDbLine
 10
3.9773763779527558
 20
2.9070111811023622
 30
0
 11
3.9707505118110236
 21
2.9036351181102362
 31
0
  0
LINE
  5
F70
330
1A
100
AcDbEntity
  8
BLACK
  6
CONTINUOUS
100
AcDbLine
 10
3.9707505118110236
 20
2.9036351181102362
 30
0
 11
3.9647343307086613
 21
2.8992641338582676
 31
0
  0
LINE
  5
F71
330
1A
100
AcDbEntity
  8
BLACK
  6
CONTINUOUS
100
AcDbLine
 10
3.9647343307086613
 20
2.8992641338582676
 30
0
 11
3.959476023622047
 21
2.8940058267716533
 31
0
  0
LINE
  5
F72
330
1A
100
AcDbEntity
  8
BLACK
  6
CONTINUOUS
100
AcDbLine
 10
3.959476023622047
 20
2.8940058267716533
 30
0
 11
3.9551050393700788
 21
2.8879896456692911
 31
0
  0
LINE
  5
F73
330
1A
100
AcDbEntity
  8
BLACK
  6
CONTINUOUS
100
AcDbLine
 10
3.9551050393700788
 20
2.8879896456692911
 30
0
 11
3.9517289763779528
 21
2.8813637795275588
 31
0
  0
LINE
  5
F74
330
1A
100
AcDbEntity
  8
BLACK
  6
CONTINUOUS
100
AcDbLine
 10
3.9517289763779528
 20
2.8813637795275588
 30
0
 11
3.9494310236220471
 21
2.8742913779527557
 31
0
  0
LINE
  5
F75
330
1A
100
AcDbEntity
  8
BLACK
  6
CONTINUOUS
100
AcDbLine
 10
3.9494310236220471
 20
2.8742913779527557
 30
0
 11
3.9482677165354332
 21
2.8669465354330708
 31
0
  0
LINE
  5
F76
330
1A
100
AcDbEntity
  8
BLACK
  6
CONTINUOUS
100
AcDbLine
 10
3.9482677165354332
 20
2.8669465354330708
 30
0
 11
3.9482677165354332
 21
2.8595101574803148
 31
0
  0
LINE
  5
F77
330
1A
100
AcDbEntity
  8
BLACK
  6
CONTINUOUS
100
AcDbLine
 10
4.2708714173228346
 20
3.0781375590551181
 30
0
 11
4.271936771653543
 21
3.0770722047244092
 31
0
  0
LINE
  5
F78
330
1A
100
AcDbEntity
  8
BLACK
  6
CONTINUOUS
100
AcDbLine
 10
4.271936771653543
 20
3.0770722047244092
 30
0
 11
4.2720866141732285
 21
3.0763188976377953
 31
0
  0
LINE
  5
F79
330
1A
100
AcDbEntity
  8
BLACK
  6
CONTINUOUS
100
AcDbLine
 10
4.2720866141732285
 20
3.0763188976377953
 30
0
 11
4.2720866141732285
 21
3.0753346456692912
 31
0
  0
LINE
  5
F7A
330
1A
100
AcDbEntity
  8
BLACK
  6
CONTINUOUS
100
AcDbLine
 10
4.2720866141732285
 20
3.0753346456692912
 30
0
 11
4.2722364566929132
 21
3.0760879527559055
 31
0
  0
LINE
  5
F7B
330
1A
100
AcDbEntity
  8
BLACK
  6
CONTINUOUS
100
AcDbLine
 10
4.2722364566929132
 20
3.0760879527559055
 30
0
 11
4.2733018110236216
 21
3.0771533070866139
 31
0
  0
LINE
  5
F7C
330
1A
100
AcDbEntity
  8
BLACK
  6
CONTINUOUS
100
AcDbLine
 10
4.2733018110236216
 20
3.0771533070866139
 30
0
 11
4.274055118110236
 21
3.077303149606299
 31
0
  0
LINE
  5
F7D
330
1A
100
AcDbEntity
  8
BLACK
  6
CONTINUOUS
100
AcDbLine
 10
4.274055118110236
 20
3.077303149606299
 30
0
 11
4.4079133858267712
 21
3.077303149606299
 31
0
  0
LINE
  5
F7E
330
1A
100
AcDbEntity
  8
BLACK
  6
CONTINUOUS
100
AcDbLine
 10
4.4079133858267712
 20
3.077303149606299
 30
0
 11
4.4086666929133855
 21
3.0771533070866139
 31
0
  0
LINE
  5
F7F
330
1A
100
AcDbEntity
  8
BLACK
  6
CONTINUOUS
100
AcDbLine
 10
4.4086666929133855
 20
3.0771533070866139
 30
0
 11
4.409732047244094
 21
3.0760879527559055
 31
0
  0
LINE
  5
F80
330
1A
100
AcDbEntity
  8
BLACK
  6
CONTINUOUS
100
AcDbLine
 10
4.409732047244094
 20
3.0760879527559055
 30
0
 11
4.4098818897637795
 21
3.0753346456692912
 31
0
  0
LINE
  5
F81
330
1A
100
AcDbEntity
  8
BLACK
  6
CONTINUOUS
100
AcDbLine
 10
4.4098818897637795
 20
3.0753346456692912
 30
0
 11
4.4098818897637795
 21
2.9139173228346458
 31
0
  0
LINE
  5
F82
330
1A
100
AcDbEntity
  8
BLACK
  6
CONTINUOUS
100
AcDbLine
 10
4.4098818897637795
 20
2.9139173228346458
 30
0
 11
4.409732047244094
 21
2.9131640157480314
 31
0
  0
LINE
  5
F83
330
1A
100
AcDbEntity
  8
BLACK
  6
CONTINUOUS
100
AcDbLine
 10
4.409732047244094
 20
2.9131640157480314
 30
0
 11
4.4086666929133855
 21
2.912098661417323
 31
0
  0
LINE
  5
F84
330
1A
100
AcDbEntity
  8
BLACK
  6
CONTINUOUS
100
AcDbLine
 10
4.4086666929133855
 20
2.912098661417323
 30
0
 11
4.4079133858267712
 21
2.9119488188976379
 31
0
  0
LINE
  5
F85
330
1A
100
AcDbEntity
  8
BLACK
  6
CONTINUOUS
100
AcDbLine
 10
4.4079133858267712
 20
2.9119488188976379
 30
0
 11
4.274055118110236
 21
2.9119488188976379
 31
0
  0
LINE
  5
F86
330
1A
100
AcDbEntity
  8
BLACK
  6
CONTINUOUS
100
AcDbLine
 10
4.274055118110236
 20
2.9119488188976379
 30
0
 11
4.2733018110236216
 21
2.912098661417323
 31
0
  0
LINE
  5
F87
330
1A
100
AcDbEntity
  8
BLACK
  6
CONTINUOUS
100
AcDbLine
 10
4.2733018110236216
 20
2.912098661417323
 30
0
 11
4.2722364566929132
 21
2.9131640157480314
 31
0
  0
LINE
  5
F88
330
1A
100
AcDbEntity
  8
BLACK
  6
CONTINUOUS
100
AcDbLine
 10
4.2722364566929132
 20
2.9131640157480314
 30
0
 11
4.2720866141732285
 21
2.9139173228346458
 31
0
  0
LINE
  5
F89
330
1A
100
AcDbEntity
  8
BLACK
  6
CONTINUOUS
100
AcDbLine
 10
4.2720866141732285
 20
2.9139173228346458
 30
0
 11
4.2720866141732285
 21
2.9149015748031495
 31
0
  0
LINE
  5
F8A
330
1A
100
AcDbEntity
  8
BLACK
  6
CONTINUOUS
100
AcDbLine
 10
4.2720866141732285
 20
2.9149015748031495
 30
0
 11
4.271936771653543
 21
2.9141482677165356
 31
0
  0
LINE
  5
F8B
330
1A
100
AcDbEntity
  8
BLACK
  6
CONTINUOUS
100
AcDbLine
 10
4.271936771653543
 20
2.9141482677165356
 30
0
 11
4.2708714173228346
 21
2.9130829133858267
 31
0
  0
LINE
  5
F8C
330
1A
100
AcDbEntity
  8
BLACK
  6
CONTINUOUS
100
AcDbLine
 10
4.2708714173228346
 20
2.9130829133858267
 30
0
 11
4.2701181102362202
 21
2.9129330708661416
 31
0
  0
LINE
  5
F8D
330
1A
100
AcDbEntity
  8
BLACK
  6
CONTINUOUS
100
AcDbLine
 10
4.2701181102362202
 20
2.9129330708661416
 30
0
 11
4.136259842519685
 21
2.9129330708661416
 31
0
  0
LINE
  5
F8E
330
1A
100
AcDbEntity
  8
BLACK
  6
CONTINUOUS
100
AcDbLine
 10
4.136259842519685
 20
2.9129330708661416
 30
0
 11
4.1355065354330707
 21
2.9130829133858267
 31
0
  0
LINE
  5
F8F
330
1A
100
AcDbEntity
  8
BLACK
  6
CONTINUOUS
100
AcDbLine
 10
4.1355065354330707
 20
2.9130829133858267
 30
0
 11
4.1344411811023623
 21
2.9141482677165356
 31
0
  0
LINE
  5
F90
330
1A
100
AcDbEntity
  8
BLACK
  6
CONTINUOUS
100
AcDbLine
 10
4.1344411811023623
 20
2.9141482677165356
 30
0
 11
4.1342913385826767
 21
2.9149015748031495
 31
0
  0
LINE
  5
F91
330
1A
100
AcDbEntity
  8
BLACK
  6
CONTINUOUS
100
AcDbLine
 10
4.1342913385826767
 20
2.9149015748031495
 30
0
 11
4.1342913385826767
 21
3.0763188976377953
 31
0
  0
LINE
  5
F92
330
1A
100
AcDbEntity
  8
BLACK
  6
CONTINUOUS
100
AcDbLine
 10
4.1342913385826767
 20
3.0763188976377953
 30
0
 11
4.1344411811023623
 21
3.0770722047244092
 31
0
  0
LINE
  5
F93
330
1A
100
AcDbEntity
  8
BLACK
  6
CONTINUOUS
100
AcDbLine
 10
4.1344411811023623
 20
3.0770722047244092
 30
0
 11
4.1355065354330707
 21
3.0781375590551181
 31
0
  0
LINE
  5
F94
330
1A
100
AcDbEntity
  8
BLACK
  6
CONTINUOUS
100
AcDbLine
 10
4.1355065354330707
 20
3.0781375590551181
 30
0
 11
4.136259842519685
 21
3.0782874015748032
 31
0
  0
LINE
  5
F95
330
1A
100
AcDbEntity
  8
BLACK
  6
CONTINUOUS
100
AcDbLine
 10
4.136259842519685
 20
3.0782874015748032
 30
0
 11
4.2701181102362202
 21
3.0782874015748032
 31
0
  0
LINE
  5
F96
330
1A
100
AcDbEntity
  8
BLACK
  6
CONTINUOUS
100
AcDbLine
 10
4.2701181102362202
 20
3.0782874015748032
 30
0
 11
4.2708714173228346
 21
3.0781375590551181
 31
0
  0
LINE
  5
F97
330
1A
100
AcDbEntity
  8
BLACK
  6
CONTINUOUS
100
AcDbLine
 10
4.2760236220472443
 20
3.0733661417322833
 30
0
 11
4.2760236220472443
 21
2.9158858267716536
 31
0
  0
LINE
  5
F98
330
1A
100
AcDbEntity
  8
BLACK
  6
CONTINUOUS
100
AcDbLine
 10
4.2760236220472443
 20
2.9158858267716536
 30
0
 11
4.4059448818897637
 21
2.9158858267716536
 31
0
  0
LINE
  5
F99
330
1A
100
AcDbEntity
  8
BLACK
  6
CONTINUOUS
100
AcDbLine
 10
4.4059448818897637
 20
2.9158858267716536
 30
0
 11
4.4059448818897637
 21
3.0733661417322833
 31
0
  0
LINE
  5
F9A
330
1A
100
AcDbEntity
  8
BLACK
  6
CONTINUOUS
100
AcDbLine
 10
4.4059448818897637
 20
3.0733661417322833
 30
0
 11
4.2760236220472443
 21
3.0733661417322833
 31
0
  0
LINE
  5
F9B
330
1A
100
AcDbEntity
  8
BLACK
  6
CONTINUOUS
100
AcDbLine
 10
4.1382283464566925
 20
3.0743503937007874
 30
0
 11
4.1382283464566925
 21
2.9168700787401574
 31
0
  0
LINE
  5
F9C
330
1A
100
AcDbEntity
  8
BLACK
  6
CONTINUOUS
100
AcDbLine
 10
4.1382283464566925
 20
2.9168700787401574
 30
0
 11
4.2681496062992128
 21
2.9168700787401574
 31
0
  0
LINE
  5
F9D
330
1A
100
AcDbEntity
  8
BLACK
  6
CONTINUOUS
100
AcDbLine
 10
4.2681496062992128
 20
2.9168700787401574
 30
0
 11
4.2681496062992128
 21
3.0743503937007874
 31
0
  0
LINE
  5
F9E
330
1A
100
AcDbEntity
  8
BLACK
  6
CONTINUOUS
100
AcDbLine
 10
4.2681496062992128
 20
3.0743503937007874
 30
0
 11
4.1382283464566925
 21
3.0743503937007874
 31
0
  0
LINE
  5
F9F
330
1A
100
AcDbEntity
  8
BLACK
  6
CONTINUOUS
100
AcDbLine
 10
3.2974462204724411
 20
3.072921023622047
 30
0
 11
3.2985115748031495
 21
3.0718556692913386
 31
0
  0
LINE
  5
FA0
330
1A
100
AcDbEntity
  8
BLACK
  6
CONTINUOUS
100
AcDbLine
 10
3.2985115748031495
 20
3.0718556692913386
 30
0
 11
3.2986614173228346
 21
3.0711023622047242
 31
0
  0
LINE
  5
FA1
330
1A
100
AcDbEntity
  8
BLACK
  6
CONTINUOUS
100
AcDbLine
 10
3.2986614173228346
 20
3.0711023622047242
 30
0
 11
3.2988112598425197
 21
3.0718556692913386
 31
0
  0
LINE
  5
FA2
330
1A
100
AcDbEntity
  8
BLACK
  6
CONTINUOUS
100
AcDbLine
 10
3.2988112598425197
 20
3.0718556692913386
 30
0
 11
3.2998766141732281
 21
3.072921023622047
 31
0
  0
LINE
  5
FA3
330
1A
100
AcDbEntity
  8
BLACK
  6
CONTINUOUS
100
AcDbLine
 10
3.2998766141732281
 20
3.072921023622047
 30
0
 11
3.3006299212598424
 21
3.0730708661417321
 31
0
  0
LINE
  5
FA4
330
1A
100
AcDbEntity
  8
BLACK
  6
CONTINUOUS
100
AcDbLine
 10
3.3006299212598424
 20
3.0730708661417321
 30
0
 11
3.3754330708661415
 21
3.0730708661417321
 31
0
  0
LINE
  5
FA5
330
1A
100
AcDbEntity
  8
BLACK
  6
CONTINUOUS
100
AcDbLine
 10
3.3754330708661415
 20
3.0730708661417321
 30
0
 11
3.3761863779527559
 21
3.072921023622047
 31
0
  0
LINE
  5
FA6
330
1A
100
AcDbEntity
  8
BLACK
  6
CONTINUOUS
100
AcDbLine
 10
3.3761863779527559
 20
3.072921023622047
 30
0
 11
3.3772517322834643
 21
3.0718556692913386
 31
0
  0
LINE
  5
FA7
330
1A
100
AcDbEntity
  8
BLACK
  6
CONTINUOUS
100
AcDbLine
 10
3.3772517322834643
 20
3.0718556692913386
 30
0
 11
3.3774015748031494
 21
3.0711023622047242
 31
0
  0
LINE
  5
FA8
330
1A
100
AcDbEntity
  8
BLACK
  6
CONTINUOUS
100
AcDbLine
 10
3.3774015748031494
 20
3.0711023622047242
 30
0
 11
3.3774015748031494
 21
2.9388188976377951
 31
0
  0
LINE
  5
FA9
330
1A
100
AcDbEntity
  8
BLACK
  6
CONTINUOUS
100
AcDbLine
 10
3.3774015748031494
 20
2.9388188976377951
 30
0
 11
3.3772517322834643
 21
2.9380655905511812
 31
0
  0
LINE
  5
FAA
330
1A
100
AcDbEntity
  8
BLACK
  6
CONTINUOUS
100
AcDbLine
 10
3.3772517322834643
 20
2.9380655905511812
 30
0
 11
3.3761863779527559
 21
2.9370002362204723
 31
0
  0
LINE
  5
FAB
330
1A
100
AcDbEntity
  8
BLACK
  6
CONTINUOUS
100
AcDbLine
 10
3.3761863779527559
 20
2.9370002362204723
 30
0
 11
3.3754330708661415
 21
2.9368503937007873
 31
0
  0
LINE
  5
FAC
330
1A
100
AcDbEntity
  8
BLACK
  6
CONTINUOUS
100
AcDbLine
 10
3.3754330708661415
 20
2.9368503937007873
 30
0
 11
3.3006299212598424
 21
2.9368503937007873
 31
0
  0
LINE
  5
FAD
330
1A
100
AcDbEntity
  8
BLACK
  6
CONTINUOUS
100
AcDbLine
 10
3.3006299212598424
 20
2.9368503937007873
 30
0
 11
3.2998766141732281
 21
2.9370002362204723
 31
0
  0
LINE
  5
FAE
330
1A
100
AcDbEntity
  8
BLACK
  6
CONTINUOUS
100
AcDbLine
 10
3.2998766141732281
 20
2.9370002362204723
 30
0
 11
3.2988112598425197
 21
2.9380655905511812
 31
0
  0
LINE
  5
FAF
330
1A
100
AcDbEntity
  8
BLACK
  6
CONTINUOUS
100
AcDbLine
 10
3.2988112598425197
 20
2.9380655905511812
 30
0
 11
3.2986614173228346
 21
2.9388188976377951
 31
0
  0
LINE
  5
FB0
330
1A
100
AcDbEntity
  8
BLACK
  6
CONTINUOUS
100
AcDbLine
 10
3.2986614173228346
 20
2.9388188976377951
 30
0
 11
3.2985115748031495
 21
2.9380655905511812
 31
0
  0
LINE
  5
FB1
330
1A
100
AcDbEntity
  8
BLACK
  6
CONTINUOUS
100
AcDbLine
 10
3.2985115748031495
 20
2.9380655905511812
 30
0
 11
3.2974462204724411
 21
2.9370002362204723
 31
0
  0
LINE
  5
FB2
330
1A
100
AcDbEntity
  8
BLACK
  6
CONTINUOUS
100
AcDbLine
 10
3.2974462204724411
 20
2.9370002362204723
 30
0
 11
3.2966929133858267
 21
2.9368503937007873
 31
0
  0
LINE
  5
FB3
330
1A
100
AcDbEntity
  8
BLACK
  6
CONTINUOUS
100
AcDbLine
 10
3.2966929133858267
 20
2.9368503937007873
 30
0
 11
3.2218897637795276
 21
2.9368503937007873
 31
0
  0
LINE
  5
FB4
330
1A
100
AcDbEntity
  8
BLACK
  6
CONTINUOUS
100
AcDbLine
 10
3.2218897637795276
 20
2.9368503937007873
 30
0
 11
3.2211364566929133
 21
2.9370002362204723
 31
0
  0
LINE
  5
FB5
330
1A
100
AcDbEntity
  8
BLACK
  6
CONTINUOUS
100
AcDbLine
 10
3.2211364566929133
 20
2.9370002362204723
 30
0
 11
3.2200711023622048
 21
2.9380655905511812
 31
0
  0
LINE
  5
FB6
330
1A
100
AcDbEntity
  8
BLACK
  6
CONTINUOUS
100
AcDbLine
 10
3.2200711023622048
 20
2.9380655905511812
 30
0
 11
3.2199212598425198
 21
2.9388188976377951
 31
0
  0
LINE
  5
FB7
330
1A
100
AcDbEntity
  8
BLACK
  6
CONTINUOUS
100
AcDbLine
 10
3.2199212598425198
 20
2.9388188976377951
 30
0
 11
3.2199212598425198
 21
3.0711023622047242
 31
0
  0
LINE
  5
FB8
330
1A
100
AcDbEntity
  8
BLACK
  6
CONTINUOUS
100
AcDbLine
 10
3.2199212598425198
 20
3.0711023622047242
 30
0
 11
3.2200711023622048
 21
3.0718556692913386
 31
0
  0
LINE
  5
FB9
330
1A
100
AcDbEntity
  8
BLACK
  6
CONTINUOUS
100
AcDbLine
 10
3.2200711023622048
 20
3.0718556692913386
 30
0
 11
3.2211364566929133
 21
3.072921023622047
 31
0
  0
LINE
  5
FBA
330
1A
100
AcDbEntity
  8
BLACK
  6
CONTINUOUS
100
AcDbLine
 10
3.2211364566929133
 20
3.072921023622047
 30
0
 11
3.2218897637795276
 21
3.0730708661417321
 31
0
  0
LINE
  5
FBB
330
1A
100
AcDbEntity
  8
BLACK
  6
CONTINUOUS
100
AcDbLine
 10
3.2218897637795276
 20
3.0730708661417321
 30
0
 11
3.2966929133858267
 21
3.0730708661417321
 31
0
  0
LINE
  5
FBC
330
1A
100
AcDbEntity
  8
BLACK
  6
CONTINUOUS
100
AcDbLine
 10
3.2966929133858267
 20
3.0730708661417321
 30
0
 11
3.2974462204724411
 21
3.072921023622047
 31
0
  0
LINE
  5
FBD
330
1A
100
AcDbEntity
  8
BLACK
  6
CONTINUOUS
100
AcDbLine
 10
3.3025984251968503
 20
3.0691338582677163
 30
0
 11
3.3025984251968503
 21
2.940787401574803
 31
0
  0
LINE
  5
FBE
330
1A
100
AcDbEntity
  8
BLACK
  6
CONTINUOUS
100
AcDbLine
 10
3.3025984251968503
 20
2.940787401574803
 30
0
 11
3.3734645669291337
 21
2.940787401574803
 31
0
  0
LINE
  5
FBF
330
1A
100
AcDbEntity
  8
BLACK
  6
CONTINUOUS
100
AcDbLine
 10
3.3734645669291337
 20
2.940787401574803
 30
0
 11
3.3734645669291337
 21
3.0691338582677163
 31
0
  0
LINE
  5
FC0
330
1A
100
AcDbEntity
  8
BLACK
  6
CONTINUOUS
100
AcDbLine
 10
3.3734645669291337
 20
3.0691338582677163
 30
0
 11
3.3025984251968503
 21
3.0691338582677163
 31
0
  0
LINE
  5
FC1
330
1A
100
AcDbEntity
  8
BLACK
  6
CONTINUOUS
100
AcDbLine
 10
3.2238582677165355
 20
3.0691338582677163
 30
0
 11
3.2238582677165355
 21
2.940787401574803
 31
0
  0
LINE
  5
FC2
330
1A
100
AcDbEntity
  8
BLACK
  6
CONTINUOUS
100
AcDbLine
 10
3.2238582677165355
 20
2.940787401574803
 30
0
 11
3.2947244094488188
 21
2.940787401574803
 31
0
  0
LINE
  5
FC3
330
1A
100
AcDbEntity
  8
BLACK
  6
CONTINUOUS
100
AcDbLine
 10
3.2947244094488188
 20
2.940787401574803
 30
0
 11
3.2947244094488188
 21
3.0691338582677163
 31
0
  0
LINE
  5
FC4
330
1A
100
AcDbEntity
  8
BLACK
  6
CONTINUOUS
100
AcDbLine
 10
3.2947244094488188
 20
3.0691338582677163
 30
0
 11
3.2238582677165355
 21
3.0691338582677163
 31
0
  0
LINE
  5
FC5
330
1A
100
AcDbEntity
  8
BLACK
  6
CONTINUOUS
100
AcDbLine
 10
3.4537454330708659
 20
3.2319761417322832
 30
0
 11
3.4548107874015748
 21
3.2309107874015748
 31
0
  0
LINE
  5
FC6
330
1A
100
AcDbEntity
  8
BLACK
  6
CONTINUOUS
100
AcDbLine
 10
3.4548107874015748
 20
3.2309107874015748
 30
0
 11
3.4549606299212599
 21
3.2301574803149604
 31
0
  0
LINE
  5
FC7
330
1A
100
AcDbEntity
  8
BLACK
  6
CONTINUOUS
100
AcDbLine
 10
3.4549606299212599
 20
3.2301574803149604
 30
0
 11
3.4549606299212599
 21
3.0789763779527557
 31
0
  0
LINE
  5
FC8
330
1A
100
AcDbEntity
  8
BLACK
  6
CONTINUOUS
100
AcDbLine
 10
3.4549606299212599
 20
3.0789763779527557
 30
0
 11
3.4548107874015748
 21
3.0782230708661418
 31
0
  0
LINE
  5
FC9
330
1A
100
AcDbEntity
  8
BLACK
  6
CONTINUOUS
100
AcDbLine
 10
3.4548107874015748
 20
3.0782230708661418
 30
0
 11
3.4537454330708659
 21
3.0771577165354329
 31
0
  0
LINE
  5
FCA
330
1A
100
AcDbEntity
  8
BLACK
  6
CONTINUOUS
100
AcDbLine
 10
3.4537454330708659
 20
3.0771577165354329
 30
0
 11
3.452992125984252
 21
3.0770078740157478
 31
0
  0
LINE
  5
FCB
330
1A
100
AcDbEntity
  8
BLACK
  6
CONTINUOUS
100
AcDbLine
 10
3.452992125984252
 20
3.0770078740157478
 30
0
 11
3.1522047244094487
 21
3.0770078740157478
 31
0
  0
LINE
  5
FCC
330
1A
100
AcDbEntity
  8
BLACK
  6
CONTINUOUS
100
AcDbLine
 10
3.1522047244094487
 20
3.0770078740157478
 30
0
 11
3.1514514173228347
 21
3.0771577165354329
 31
0
  0
LINE
  5
FCD
330
1A
100
AcDbEntity
  8
BLACK
  6
CONTINUOUS
100
AcDbLine
 10
3.1514514173228347
 20
3.0771577165354329
 30
0
 11
3.1503860629921259
 21
3.0782230708661418
 31
0
  0
LINE
  5
FCE
330
1A
100
AcDbEntity
  8
BLACK
  6
CONTINUOUS
100
AcDbLine
 10
3.1503860629921259
 20
3.0782230708661418
 30
0
 11
3.1502362204724408
 21
3.0789763779527557
 31
0
  0
LINE
  5
FCF
330
1A
100
AcDbEntity
  8
BLACK
  6
CONTINUOUS
100
AcDbLine
 10
3.1502362204724408
 20
3.0789763779527557
 30
0
 11
3.1502362204724408
 21
3.2301574803149604
 31
0
  0
LINE
  5
FD0
330
1A
100
AcDbEntity
  8
BLACK
  6
CONTINUOUS
100
AcDbLine
 10
3.1502362204724408
 20
3.2301574803149604
 30
0
 11
3.1503860629921259
 21
3.2309107874015748
 31
0
  0
LINE
  5
FD1
330
1A
100
AcDbEntity
  8
BLACK
  6
CONTINUOUS
100
AcDbLine
 10
3.1503860629921259
 20
3.2309107874015748
 30
0
 11
3.1514514173228347
 21
3.2319761417322832
 31
0
  0
LINE
  5
FD2
330
1A
100
AcDbEntity
  8
BLACK
  6
CONTINUOUS
100
AcDbLine
 10
3.1514514173228347
 20
3.2319761417322832
 30
0
 11
3.1522047244094487
 21
3.2321259842519683
 31
0
  0
LINE
  5
FD3
330
1A
100
AcDbEntity
  8
BLACK
  6
CONTINUOUS
100
AcDbLine
 10
3.1522047244094487
 20
3.2321259842519683
 30
0
 11
3.452992125984252
 21
3.2321259842519683
 31
0
  0
LINE
  5
FD4
330
1A
100
AcDbEntity
  8
BLACK
  6
CONTINUOUS
100
AcDbLine
 10
3.452992125984252
 20
3.2321259842519683
 30
0
 11
3.4537454330708659
 21
3.2319761417322832
 31
0
  0
LINE
  5
FD5
330
1A
100
AcDbEntity
  8
BLACK
  6
CONTINUOUS
100
AcDbLine
 10
3.1541732283464565
 20
3.2281889763779525
 30
0
 11
3.1541732283464565
 21
3.0809448818897636
 31
0
  0
LINE
  5
FD6
330
1A
100
AcDbEntity
  8
BLACK
  6
CONTINUOUS
100
AcDbLine
 10
3.1541732283464565
 20
3.0809448818897636
 30
0
 11
3.4510236220472441
 21
3.0809448818897636
 31
0
  0
LINE
  5
FD7
330
1A
100
AcDbEntity
  8
BLACK
  6
CONTINUOUS
100
AcDbLine
 10
3.4510236220472441
 20
3.0809448818897636
 30
0
 11
3.4510236220472441
 21
3.2281889763779525
 31
0
  0
LINE
  5
FD8
330
1A
100
AcDbEntity
  8
BLACK
  6
CONTINUOUS
100
AcDbLine
 10
3.4510236220472441
 20
3.2281889763779525
 30
0
 11
3.1541732283464565
 21
3.2281889763779525
 31
0
  0
CIRCLE
  5
FD9
330
1A
100
AcDbEntity
  8
BLACK
100
AcDbCircle
 10
1.4364566929133857
 20
0.5951181102362204
 30
0
 40
0.0068897637795276
  0
CIRCLE
  5
FDA
330
1A
100
AcDbEntity
  8
BLACK
100
AcDbCircle
 10
2.1962992125984253
 20
0.5951181102362204
 30
0
 40
0.0068897637795276
  0
CIRCLE
  5
FDB
330
1A
100
AcDbEntity
  8
BLACK
100
AcDbCircle
 10
1.4364566929133857
 20
2.7848818897637795
 30
0
 40
0.0068897637795276
  0
CIRCLE
  5
FDC
330
1A
100
AcDbEntity
  8
BLACK
100
AcDbCircle
 10
2.1962992125984253
 20
2.7848818897637795
 30
0
 40
0.0068897637795276
  0
CIRCLE
  5
FDD
330
1A
100
AcDbEntity
  8
BLACK
100
AcDbCircle
 10
1.4364566929133857
 20
0.2608661417322835
 30
0
 40
0.0068897637795276
  0
CIRCLE
  5
FDE
330
1A
100
AcDbEntity
  8
BLACK
100
AcDbCircle
 10
1.4364566929133857
 20
3.1191338582677166
 30
0
 40
0.0068897637795276
  0
CIRCLE
  5
FDF
330
1A
100
AcDbEntity
  8
BLACK
100
AcDbCircle
 10
2.1962992125984253
 20
0.2608661417322835
 30
0
 40
0.0068897637795276
  0
CIRCLE
  5
FE0
330
1A
100
AcDbEntity
  8
BLACK
100
AcDbCircle
 10
2.1962992125984253
 20
3.1191338582677166
 30
0
 40
0.0068897637795276
  0
CIRCLE
  5
FE1
330
1A
100
AcDbEntity
  8
BLACK
100
AcDbCircle
 10
5.1899999999999995
 20
3.0899999999999999
 30
0
 40
0.0068897637795276
  0
LINE
  5
FE2
330
1A
100
AcDbEntity
  8
BLACK
  6
CONTINUOUS
100
AcDbLine
 10
5.0998425196850397
 20
1.2972834645669291
 30
0
 11
5.1155905511811026
 21
1.2972834645669291
 31
0
  0
ARC
  5
FE3
330
1A
100
AcDbEntity
  8
BLACK
100
AcDbCircle
 10
5.1155905511811026
 20
1.3149999999999999
 30
0
 40
0.0177165354330709
100
AcDbArc
 50
-90.00000000
 51
90.00000000
  0
LINE
  5
FE4
330
1A
100
AcDbEntity
  8
BLACK
  6
CONTINUOUS
100
AcDbLine
 10
5.1155905511811026
 20
1.3327165354330708
 30
0
 11
5.0998425196850397
 21
1.3327165354330708
 31
0
  0
ARC
  5
FE5
330
1A
100
AcDbEntity
  8
BLACK
100
AcDbCircle
 10
5.0998425196850397
 20
1.3149999999999999
 30
0
 40
0.0177165354330709
100
AcDbArc
 50
90.00000000
 51
270.00000000
  0
LINE
  5
FE6
330
1A
100
AcDbEntity
  8
BLACK
  6
CONTINUOUS
100
AcDbLine
 10
5.0998425196850397
 20
1.4646062992125983
 30
0
 11
5.1155905511811026
 21
1.4646062992125983
 31
0
  0
ARC
  5
FE7
330
1A
100
AcDbEntity
  8
BLACK
100
AcDbCircle
 10
5.1155905511811026
 20
1.4823228346456692
 30
0
 40
0.0177165354330709
100
AcDbArc
 50
-90.00000000
 51
90.00000000
  0
LINE
  5
FE8
330
1A
100
AcDbEntity
  8
BLACK
  6
CONTINUOUS
100
AcDbLine
 10
5.1155905511811026
 20
1.5000393700787402
 30
0
 11
5.0998425196850397
 21
1.5000393700787402
 31
0
  0
ARC
  5
FE9
330
1A
100
AcDbEntity
  8
BLACK
100
AcDbCircle
 10
5.0998425196850397
 20
1.4823228346456692
 30
0
 40
0.0177165354330709
100
AcDbArc
 50
90.00000000
 51
270.00000000
  0
CIRCLE
  5
FEA
330
1A
100
AcDbEntity
  8
BLACK
100
AcDbCircle
 10
0.39
 20
3.0899999999999999
 30
0
 40
0.0068897637795276
  0
CIRCLE
  5
FEB
330
1A
100
AcDbEntity
  8
BLACK
100
AcDbCircle
 10
3.0506299212598424
 20
0.5953149606299213
 30
0
 40
0.0068897637795276
  0
CIRCLE
  5
FEC
330
1A
100
AcDbEntity
  8
BLACK
100
AcDbCircle
 10
3.8104724409448818
 20
0.5953149606299213
 30
0
 40
0.0068897637795276
  0
CIRCLE
  5
FED
330
1A
100
AcDbEntity
  8
BLACK
100
AcDbCircle
 10
4.5703149606299212
 20
0.5953149606299213
 30
0
 40
0.0068897637795276
  0
CIRCLE
  5
FEE
330
1A
100
AcDbEntity
  8
BLACK
100
AcDbCircle
 10
3.0506299212598424
 20
2.7846850393700788
 30
0
 40
0.0068897637795276
  0
CIRCLE
  5
FEF
330
1A
100
AcDbEntity
  8
BLACK
100
AcDbCircle
 10
3.8104724409448818
 20
2.7846850393700788
 30
0
 40
0.0068897637795276
  0
CIRCLE
  5
FF0
330
1A
100
AcDbEntity
  8
BLACK
100
AcDbCircle
 10
4.5703149606299212
 20
2.7846850393700788
 30
0
 40
0.0068897637795276
  0
CIRCLE
  5
FF1
330
1A
100
AcDbEntity
  8
BLACK
100
AcDbCircle
 10
3.0506299212598424
 20
0.2628346456692913
 30
0
 40
0.0068897637795276
  0
CIRCLE
  5
FF2
330
1A
100
AcDbEntity
  8
BLACK
100
AcDbCircle
 10
3.0506299212598424
 20
3.1171653543307087
 30
0
 40
0.0068897637795276
  0
CIRCLE
  5
FF3
330
1A
100
AcDbEntity
  8
BLACK
100
AcDbCircle
 10
3.8104724409448818
 20
0.2628346456692913
 30
0
 40
0.0068897637795276
  0
CIRCLE
  5
FF4
330
1A
100
AcDbEntity
  8
BLACK
100
AcDbCircle
 10
3.8104724409448818
 20
3.1171653543307087
 30
0
 40
0.0068897637795276
  0
CIRCLE
  5
FF5
330
1A
100
AcDbEntity
  8
BLACK
100
AcDbCircle
 10
4.5703149606299212
 20
0.2628346456692913
 30
0
 40
0.0068897637795276
  0
CIRCLE
  5
FF6
330
1A
100
AcDbEntity
  8
BLACK
100
AcDbCircle
 10
4.5703149606299212
 20
3.1171653543307087
 30
0
 40
0.0068897637795276
  0
CIRCLE
  5
FF7
330
1A
100
AcDbEntity
  8
BLACK
100
AcDbCircle
 10
5.1899999999999995
 20
0.29
 30
0
 40
0.0068897637795276
  0
CIRCLE
  5
FF8
330
1A
100
AcDbEntity
  8
BLACK
100
AcDbCircle
 10
0.39
 20
0.29
 30
0
 40
0.0068897637795276
  0
CIRCLE
  5
FF9
330
1A
100
AcDbEntity
  8
BLACK
100
AcDbCircle
 10
0.7494488188976378
 20
2.6321259842519686
 30
0
 40
0.0068897637795276
  0
CIRCLE
  5
FFA
330
1A
100
AcDbEntity
  8
BLACK
100
AcDbCircle
 10
0.7494488188976378
 20
0.7340944881889764
 30
0
 40
0.0068897637795276
  0
CIRCLE
  5
FFB
330
1A
100
AcDbEntity
  8
BLACK
100
AcDbCircle
 10
0.5289763779527559
 20
1.4931496062992127
 30
0
 40
0.0068897637795276
  0
CIRCLE
  5
FFC
330
1A
100
AcDbEntity
  8
BLACK
100
AcDbCircle
 10
0.5289763779527559
 20
1.5718897637795275
 30
0
 40
0.0068897637795276
  0
CIRCLE
  5
FFD
330
1A
100
AcDbEntity
  8
BLACK
100
AcDbCircle
 10
0.5289763779527559
 20
1.6506299212598425
 30
0
 40
0.0068897637795276
  0
CIRCLE
  5
FFE
330
1A
100
AcDbEntity
  8
BLACK
100
AcDbCircle
 10
0.5289763779527559
 20
1.7293700787401574
 30
0
 40
0.0068897637795276
  0
CIRCLE
  5
FFF
330
1A
100
AcDbEntity
  8
BLACK
100
AcDbCircle
 10
0.5289763779527559
 20
1.8081102362204724
 30
0
 40
0.0068897637795276
  0
CIRCLE
  5
1000
330
1A
100
AcDbEntity
  8
BLACK
100
AcDbCircle
 10
0.5289763779527559
 20
1.8868503937007874
 30
0
 40
0.0068897637795276
  0
CIRCLE
  5
1001
330
1A
100
AcDbEntity
  8
BLACK
100
AcDbCircle
 10
0.6077165354330708
 20
1.4931496062992127
 30
0
 40
0.0068897637795276
  0
CIRCLE
  5
1002
330
1A
100
AcDbEntity
  8
BLACK
100
AcDbCircle
 10
0.6077165354330708
 20
1.5718897637795275
 30
0
 40
0.0068897637795276
  0
CIRCLE
  5
1003
330
1A
100
AcDbEntity
  8
BLACK
100
AcDbCircle
 10
0.6077165354330708
 20
1.6506299212598425
 30
0
 40
0.0068897637795276
  0
CIRCLE
  5
1004
330
1A
100
AcDbEntity
  8
BLACK
100
AcDbCircle
 10
0.6077165354330708
 20
1.7293700787401574
 30
0
 40
0.0068897637795276
  0
CIRCLE
  5
1005
330
1A
100
AcDbEntity
  8
BLACK
100
AcDbCircle
 10
0.6077165354330708
 20
1.8081102362204724
 30
0
 40
0.0068897637795276
  0
CIRCLE
  5
1006
330
1A
100
AcDbEntity
  8
BLACK
100
AcDbCircle
 10
0.6077165354330708
 20
1.8868503937007874
 30
0
 40
0.0068897637795276
  0
CIRCLE
  5
1007
330
1A
100
AcDbEntity
  8
BLACK
100
AcDbCircle
 10
0.6864566929133858
 20
1.4931496062992127
 30
0
 40
0.0068897637795276
  0
CIRCLE
  5
1008
330
1A
100
AcDbEntity
  8
BLACK
100
AcDbCircle
 10
0.6864566929133858
 20
1.5718897637795275
 30
0
 40
0.0068897637795276
  0
CIRCLE
  5
1009
330
1A
100
AcDbEntity
  8
BLACK
100
AcDbCircle
 10
0.6864566929133858
 20
1.6506299212598425
 30
0
 40
0.0068897637795276
  0
CIRCLE
  5
100A
330
1A
100
AcDbEntity
  8
BLACK
100
AcDbCircle
 10
0.6864566929133858
 20
1.7293700787401574
 30
0
 40
0.0068897637795276
  0
CIRCLE
  5
100B
330
1A
100
AcDbEntity
  8
BLACK
100
AcDbCircle
 10
0.6864566929133858
 20
1.8081102362204724
 30
0
 40
0.0068897637795276
  0
CIRCLE
  5
100C
330
1A
100
AcDbEntity
  8
BLACK
100
AcDbCircle
 10
0.6864566929133858
 20
1.8868503937007874
 30
0
 40
0.0068897637795276
  0
CIRCLE
  5
100D
330
1A
100
AcDbEntity
  8
BLACK
100
AcDbCircle
 10
0.7651968503937008
 20
1.4931496062992127
 30
0
 40
0.0068897637795276
  0
CIRCLE
  5
100E
330
1A
100
AcDbEntity
  8
BLACK
100
AcDbCircle
 10
0.7651968503937008
 20
1.5718897637795275
 30
0
 40
0.0068897637795276
  0
CIRCLE
  5
100F
330
1A
100
AcDbEntity
  8
BLACK
100
AcDbCircle
 10
0.7651968503937008
 20
1.6506299212598425
 30
0
 40
0.0068897637795276
  0
CIRCLE
  5
1010
330
1A
100
AcDbEntity
  8
BLACK
100
AcDbCircle
 10
0.7651968503937008
 20
1.7293700787401574
 30
0
 40
0.0068897637795276
  0
CIRCLE
  5
1011
330
1A
100
AcDbEntity
  8
BLACK
100
AcDbCircle
 10
0.7651968503937008
 20
1.8081102362204724
 30
0
 40
0.0068897637795276
  0
CIRCLE
  5
1012
330
1A
100
AcDbEntity
  8
BLACK
100
AcDbCircle
 10
0.7651968503937008
 20
1.8868503937007874
 30
0
 40
0.0068897637795276
  0
CIRCLE
  5
1013
330
1A
100
AcDbEntity
  8
BLACK
100
AcDbCircle
 10
0.8439370078740157
 20
1.4931496062992127
 30
0
 40
0.0068897637795276
  0
CIRCLE
  5
1014
330
1A
100
AcDbEntity
  8
BLACK
100
AcDbCircle
 10
0.8439370078740157
 20
1.5718897637795275
 30
0
 40
0.0068897637795276
  0
CIRCLE
  5
1015
330
1A
100
AcDbEntity
  8
BLACK
100
AcDbCircle
 10
0.8439370078740157
 20
1.6506299212598425
 30
0
 40
0.0068897637795276
  0
CIRCLE
  5
1016
330
1A
100
AcDbEntity
  8
BLACK
100
AcDbCircle
 10
0.8439370078740157
 20
1.7293700787401574
 30
0
 40
0.0068897637795276
  0
CIRCLE
  5
1017
330
1A
100
AcDbEntity
  8
BLACK
100
AcDbCircle
 10
0.8439370078740157
 20
1.8081102362204724
 30
0
 40
0.0068897637795276
  0
CIRCLE
  5
1018
330
1A
100
AcDbEntity
  8
BLACK
100
AcDbCircle
 10
0.8439370078740157
 20
1.8868503937007874
 30
0
 40
0.0068897637795276
  0
CIRCLE
  5
1019
330
1A
100
AcDbEntity
  8
BLACK
100
AcDbCircle
 10
0.9462992125984252
 20
1.068740157480315
 30
0
 40
0.0068897637795276
  0
CIRCLE
  5
101A
330
1A
100
AcDbEntity
  8
BLACK
100
AcDbCircle
 10
0.8478740157480315
 20
1.068740157480315
 30
0
 40
0.0068897637795276
  0
CIRCLE
  5
101B
330
1A
100
AcDbEntity
  8
BLACK
100
AcDbCircle
 10
0.7494488188976378
 20
1.068740157480315
 30
0
 40
0.0068897637795276
  0
CIRCLE
  5
101C
330
1A
100
AcDbEntity
  8
BLACK
100
AcDbCircle
 10
0.6510236220472441
 20
1.068740157480315
 30
0
 40
0.0068897637795276
  0
CIRCLE
  5
101D
330
1A
100
AcDbEntity
  8
BLACK
100
AcDbCircle
 10
0.5525984251968504
 20
1.068740157480315
 30
0
 40
0.0068897637795276
  0
CIRCLE
  5
101E
330
1A
100
AcDbEntity
  8
BLACK
100
AcDbCircle
 10
0.9462992125984252
 20
0.9506299212598425
 30
0
 40
0.0068897637795276
  0
CIRCLE
  5
101F
330
1A
100
AcDbEntity
  8
BLACK
100
AcDbCircle
 10
0.8478740157480315
 20
0.9506299212598425
 30
0
 40
0.0068897637795276
  0
CIRCLE
  5
1020
330
1A
100
AcDbEntity
  8
BLACK
100
AcDbCircle
 10
0.7494488188976378
 20
0.9506299212598425
 30
0
 40
0.0068897637795276
  0
CIRCLE
  5
1021
330
1A
100
AcDbEntity
  8
BLACK
100
AcDbCircle
 10
0.6510236220472441
 20
0.9506299212598425
 30
0
 40
0.0068897637795276
  0
CIRCLE
  5
1022
330
1A
100
AcDbEntity
  8
BLACK
100
AcDbCircle
 10
0.5525984251968504
 20
0.9506299212598425
 30
0
 40
0.0068897637795276
  0
CIRCLE
  5
1023
330
1A
100
AcDbEntity
  8
BLACK
100
AcDbCircle
 10
0.9462992125984252
 20
1.285275590551181
 30
0
 40
0.0068897637795276
  0
CIRCLE
  5
1024
330
1A
100
AcDbEntity
  8
BLACK
100
AcDbCircle
 10
0.8478740157480315
 20
1.285275590551181
 30
0
 40
0.0068897637795276
  0
CIRCLE
  5
1025
330
1A
100
AcDbEntity
  8
BLACK
100
AcDbCircle
 10
0.7494488188976378
 20
1.285275590551181
 30
0
 40
0.0068897637795276
  0
CIRCLE
  5
1026
330
1A
100
AcDbEntity
  8
BLACK
100
AcDbCircle
 10
0.6510236220472441
 20
1.285275590551181
 30
0
 40
0.0068897637795276
  0
CIRCLE
  5
1027
330
1A
100
AcDbEntity
  8
BLACK
100
AcDbCircle
 10
0.5525984251968504
 20
1.285275590551181
 30
0
 40
0.0068897637795276
  0
CIRCLE
  5
1028
330
1A
100
AcDbEntity
  8
BLACK
100
AcDbCircle
 10
0.9462992125984252
 20
1.1671653543307086
 30
0
 40
0.0068897637795276
  0
CIRCLE
  5
1029
330
1A
100
AcDbEntity
  8
BLACK
100
AcDbCircle
 10
0.8478740157480315
 20
1.1671653543307086
 30
0
 40
0.0068897637795276
  0
CIRCLE
  5
102A
330
1A
100
AcDbEntity
  8
BLACK
100
AcDbCircle
 10
0.7494488188976378
 20
1.1671653543307086
 30
0
 40
0.0068897637795276
  0
CIRCLE
  5
102B
330
1A
100
AcDbEntity
  8
BLACK
100
AcDbCircle
 10
0.6510236220472441
 20
1.1671653543307086
 30
0
 40
0.0068897637795276
  0
CIRCLE
  5
102C
330
1A
100
AcDbEntity
  8
BLACK
100
AcDbCircle
 10
0.5525984251968504
 20
1.1671653543307086
 30
0
 40
0.0068897637795276
  0
CIRCLE
  5
102D
330
1A
100
AcDbEntity
  8
BLACK
100
AcDbCircle
 10
0.9462992125984252
 20
2.1990551181102362
 30
0
 40
0.0068897637795276
  0
CIRCLE
  5
102E
330
1A
100
AcDbEntity
  8
BLACK
100
AcDbCircle
 10
0.8478740157480315
 20
2.1990551181102362
 30
0
 40
0.0068897637795276
  0
CIRCLE
  5
102F
330
1A
100
AcDbEntity
  8
BLACK
100
AcDbCircle
 10
0.7494488188976378
 20
2.1990551181102362
 30
0
 40
0.0068897637795276
  0
CIRCLE
  5
1030
330
1A
100
AcDbEntity
  8
BLACK
100
AcDbCircle
 10
0.6510236220472441
 20
2.1990551181102362
 30
0
 40
0.0068897637795276
  0
CIRCLE
  5
1031
330
1A
100
AcDbEntity
  8
BLACK
100
AcDbCircle
 10
0.5525984251968504
 20
2.1990551181102362
 30
0
 40
0.0068897637795276
  0
CIRCLE
  5
1032
330
1A
100
AcDbEntity
  8
BLACK
100
AcDbCircle
 10
0.9462992125984252
 20
2.0809448818897636
 30
0
 40
0.0068897637795276
  0
CIRCLE
  5
1033
330
1A
100
AcDbEntity
  8
BLACK
100
AcDbCircle
 10
0.8478740157480315
 20
2.0809448818897636
 30
0
 40
0.0068897637795276
  0
CIRCLE
  5
1034
330
1A
100
AcDbEntity
  8
BLACK
100
AcDbCircle
 10
0.7494488188976378
 20
2.0809448818897636
 30
0
 40
0.0068897637795276
  0
CIRCLE
  5
1035
330
1A
100
AcDbEntity
  8
BLACK
100
AcDbCircle
 10
0.6510236220472441
 20
2.0809448818897636
 30
0
 40
0.0068897637795276
  0
CIRCLE
  5
1036
330
1A
100
AcDbEntity
  8
BLACK
100
AcDbCircle
 10
0.5525984251968504
 20
2.0809448818897636
 30
0
 40
0.0068897637795276
  0
CIRCLE
  5
1037
330
1A
100
AcDbEntity
  8
BLACK
100
AcDbCircle
 10
0.9462992125984252
 20
2.4155905511811024
 30
0
 40
0.0068897637795276
  0
CIRCLE
  5
1038
330
1A
100
AcDbEntity
  8
BLACK
100
AcDbCircle
 10
0.8478740157480315
 20
2.4155905511811024
 30
0
 40
0.0068897637795276
  0
CIRCLE
  5
1039
330
1A
100
AcDbEntity
  8
BLACK
100
AcDbCircle
 10
0.7494488188976378
 20
2.4155905511811024
 30
0
 40
0.0068897637795276
  0
CIRCLE
  5
103A
330
1A
100
AcDbEntity
  8
BLACK
100
AcDbCircle
 10
0.6510236220472441
 20
2.4155905511811024
 30
0
 40
0.0068897637795276
  0
CIRCLE
  5
103B
330
1A
100
AcDbEntity
  8
BLACK
100
AcDbCircle
 10
0.5525984251968504
 20
2.4155905511811024
 30
0
 40
0.0068897637795276
  0
CIRCLE
  5
103C
330
1A
100
AcDbEntity
  8
BLACK
100
AcDbCircle
 10
0.9462992125984252
 20
2.2974803149606298
 30
0
 40
0.0068897637795276
  0
CIRCLE
  5
103D
330
1A
100
AcDbEntity
  8
BLACK
100
AcDbCircle
 10
0.8478740157480315
 20
2.2974803149606298
 30
0
 40
0.0068897637795276
  0
CIRCLE
  5
103E
330
1A
100
AcDbEntity
  8
BLACK
100
AcDbCircle
 10
0.7494488188976378
 20
2.2974803149606298
 30
0
 40
0.0068897637795276
  0
CIRCLE
  5
103F
330
1A
100
AcDbEntity
  8
BLACK
100
AcDbCircle
 10
0.6510236220472441
 20
2.2974803149606298
 30
0
 40
0.0068897637795276
  0
CIRCLE
  5
1040
330
1A
100
AcDbEntity
  8
BLACK
100
AcDbCircle
 10
0.5525984251968504
 20
2.2974803149606298
 30
0
 40
0.0068897637795276
  0
LINE
  5
1041
330
1A
100
AcDbEntity
  8
BLACK
  6
CONTINUOUS
100
AcDbLine
 10
5.1037795275590554
 20
1.0079133858267717
 30
0
 11
5.1195275590551184
 21
1.0079133858267717
 31
0
  0
ARC
  5
1042
330
1A
100
AcDbEntity
  8
BLACK
100
AcDbCircle
 10
5.1195275590551184
 20
1.0256299212598425
 30
0
 40
0.0177165354330709
100
AcDbArc
 50
-90.00000000
 51
90.00000000
  0
LINE
  5
1043
330
1A
100
AcDbEntity
  8
BLACK
  6
CONTINUOUS
100
AcDbLine
 10
5.1195275590551184
 20
1.0433464566929134
 30
0
 11
5.1037795275590554
 21
1.0433464566929134
 31
0
  0
ARC
  5
1044
330
1A
100
AcDbEntity
  8
BLACK
100
AcDbCircle
 10
5.1037795275590554
 20
1.0256299212598425
 30
0
 40
0.0177165354330709
100
AcDbArc
 50
90.00000000
 51
270.00000000
  0
LINE
  5
1045
330
1A
100
AcDbEntity
  8
BLACK
  6
CONTINUOUS
100
AcDbLine
 10
5.1037795275590554
 20
1.1752362204724409
 30
0
 11
5.1195275590551184
 21
1.1752362204724409
 31
0
  0
ARC
  5
1046
330
1A
100
AcDbEntity
  8
BLACK
100
AcDbCircle
 10
5.1195275590551184
 20
1.1929527559055118
 30
0
 40
0.0177165354330709
100
AcDbArc
 50
-90.00000000
 51
90.00000000
  0
LINE
  5
1047
330
1A
100
AcDbEntity
  8
BLACK
  6
CONTINUOUS
100
AcDbLine
 10
5.1195275590551184
 20
1.2106692913385826
 30
0
 11
5.1037795275590554
 21
1.2106692913385826
 31
0
  0
ARC
  5
1048
330
1A
100
AcDbEntity
  8
BLACK
100
AcDbCircle
 10
5.1037795275590554
 20
1.1929527559055118
 30
0
 40
0.0177165354330709
100
AcDbArc
 50
90.00000000
 51
270.00000000
  0
CIRCLE
  5
1049
330
1A
100
AcDbEntity
  8
BLACK
100
AcDbCircle
 10
5.1360629921259839
 20
2.8010236220472442
 30
0
 40
0.0068897637795276
  0
CIRCLE
  5
104A
330
1A
100
AcDbEntity
  8
BLACK
100
AcDbCircle
 10
5.1360629921259839
 20
2.5734645669291338
 30
0
 40
0.0068897637795276
  0
LINE
  5
104B
330
1A
100
AcDbEntity
  8
BLACK
  6
CONTINUOUS
100
AcDbLine
 10
5.3006299212598424
 20
2.8770078740157481
 30
0
 11
5.261259842519685
 21
2.8770078740157481
 31
0
  0
ARC
  5
104C
330
1A
100
AcDbEntity
  8
BLACK
100
AcDbCircle
 10
5.261259842519685
 20
2.8573228346456694
 30
0
 40
0.0196850393700787
100
AcDbArc
 50
90.00000000
 51
270.00000000
  0
LINE
  5
104D
330
1A
100
AcDbEntity
  8
BLACK
  6
CONTINUOUS
100
AcDbLine
 10
5.261259842519685
 20
2.8376377952755907
 30
0
 11
5.3006299212598424
 21
2.8376377952755907
 31
0
  0
ARC
  5
104E
330
1A
100
AcDbEntity
  8
BLACK
100
AcDbCircle
 10
5.3006299212598424
 20
2.8573228346456694
 30
0
 40
0.0196850393700787
100
AcDbArc
 50
270.00000000
 51
450.00000000
  0
LINE
  5
104F
330
1A
100
AcDbEntity
  8
BLACK
  6
CONTINUOUS
100
AcDbLine
 10
5.3006299212598424
 20
2.5368503937007874
 30
0
 11
5.261259842519685
 21
2.5368503937007874
 31
0
  0
ARC
  5
1050
330
1A
100
AcDbEntity
  8
BLACK
100
AcDbCircle
 10
5.261259842519685
 20
2.5171653543307086
 30
0
 40
0.0196850393700787
100
AcDbArc
 50
90.00000000
 51
270.00000000
  0
LINE
  5
1051
330
1A
100
AcDbEntity
  8
BLACK
  6
CONTINUOUS
100
AcDbLine
 10
5.261259842519685
 20
2.4974803149606299
 30
0
 11
5.3006299212598424
 21
2.4974803149606299
 31
0
  0
ARC
  5
1052
330
1A
100
AcDbEntity
  8
BLACK
100
AcDbCircle
 10
5.3006299212598424
 20
2.5171653543307086
 30
0
 40
0.0196850393700787
100
AcDbArc
 50
270.00000000
 51
450.00000000
  0
LINE
  5
1053
330
1A
100
AcDbEntity
  8
BLACK
  6
CONTINUOUS
100
AcDbLine
 10
5.1370472440944877
 20
2.8779921259842518
 30
0
 11
5.0957086614173228
 21
2.8779921259842518
 31
0
  0
ARC
  5
1054
330
1A
100
AcDbEntity
  8
BLACK
100
AcDbCircle
 10
5.0957086614173228
 20
2.8573228346456694
 30
0
 40
0.0206692913385827
100
AcDbArc
 50
90.00000000
 51
270.00000000
  0
LINE
  5
1055
330
1A
100
AcDbEntity
  8
BLACK
  6
CONTINUOUS
100
AcDbLine
 10
5.0957086614173228
 20
2.8366535433070865
 30
0
 11
5.1370472440944877
 21
2.8366535433070865
 31
0
  0
ARC
  5
1056
330
1A
100
AcDbEntity
  8
BLACK
100
AcDbCircle
 10
5.1370472440944877
 20
2.8573228346456694
 30
0
 40
0.0206692913385827
100
AcDbArc
 50
270.00000000
 51
450.00000000
  0
LINE
  5
1057
330
1A
100
AcDbEntity
  8
BLACK
  6
CONTINUOUS
100
AcDbLine
 10
5.1370472440944877
 20
2.5378346456692911
 30
0
 11
5.0957086614173228
 21
2.5378346456692911
 31
0
  0
ARC
  5
1058
330
1A
100
AcDbEntity
  8
BLACK
100
AcDbCircle
 10
5.0957086614173228
 20
2.5171653543307086
 30
0
 40
0.0206692913385827
100
AcDbArc
 50
90.00000000
 51
270.00000000
  0
LINE
  5
1059
330
1A
100
AcDbEntity
  8
BLACK
  6
CONTINUOUS
100
AcDbLine
 10
5.0957086614173228
 20
2.4964960629921258
 30
0
 11
5.1370472440944877
 21
2.4964960629921258
 31
0
  0
ARC
  5
105A
330
1A
100
AcDbEntity
  8
BLACK
100
AcDbCircle
 10
5.1370472440944877
 20
2.5171653543307086
 30
0
 40
0.0206692913385827
100
AcDbArc
 50
270.00000000
 51
450.00000000
  0
CIRCLE
  5
105B
330
1A
100
AcDbEntity
  8
BLACK
100
AcDbCircle
 10
1.4364566929133857
 20
0.5951181102362204
 30
0
 40
0.0068897637795276
  0
CIRCLE
  5
105C
330
1A
100
AcDbEntity
  8
BLACK
100
AcDbCircle
 10
2.1962992125984253
 20
0.5951181102362204
 30
0
 40
0.0068897637795276
  0
CIRCLE
  5
105D
330
1A
100
AcDbEntity
  8
BLACK
100
AcDbCircle
 10
1.4364566929133857
 20
2.7848818897637795
 30
0
 40
0.0068897637795276
  0
CIRCLE
  5
105E
330
1A
100
AcDbEntity
  8
BLACK
100
AcDbCircle
 10
2.1962992125984253
 20
2.7848818897637795
 30
0
 40
0.0068897637795276
  0
CIRCLE
  5
105F
330
1A
100
AcDbEntity
  8
BLACK
100
AcDbCircle
 10
1.4364566929133857
 20
0.2608661417322835
 30
0
 40
0.0068897637795276
  0
CIRCLE
  5
1060
330
1A
100
AcDbEntity
  8
BLACK
100
AcDbCircle
 10
1.4364566929133857
 20
3.1191338582677166
 30
0
 40
0.0068897637795276
  0
CIRCLE
  5
1061
330
1A
100
AcDbEntity
  8
BLACK
100
AcDbCircle
 10
2.1962992125984253
 20
0.2608661417322835
 30
0
 40
0.0068897637795276
  0
CIRCLE
  5
1062
330
1A
100
AcDbEntity
  8
BLACK
100
AcDbCircle
 10
2.1962992125984253
 20
3.1191338582677166
 30
0
 40
0.0068897637795276
  0
CIRCLE
  5
1063
330
1A
100
AcDbEntity
  8
BLACK
100
AcDbCircle
 10
5.1899999999999995
 20
3.0899999999999999
 30
0
 40
0.0068897637795276
  0
LINE
  5
1064
330
1A
100
AcDbEntity
  8
BLACK
  6
CONTINUOUS
100
AcDbLine
 10
5.0998425196850397
 20
1.3051574803149606
 30
0
 11
5.1155905511811026
 21
1.3051574803149606
 31
0
  0
ARC
  5
1065
330
1A
100
AcDbEntity
  8
BLACK
100
AcDbCircle
 10
5.1155905511811026
 20
1.3149999999999999
 30
0
 40
0.0098425196850394
100
AcDbArc
 50
-90.00000000
 51
90.00000000
  0
LINE
  5
1066
330
1A
100
AcDbEntity
  8
BLACK
  6
CONTINUOUS
100
AcDbLine
 10
5.1155905511811026
 20
1.3248425196850393
 30
0
 11
5.0998425196850397
 21
1.3248425196850393
 31
0
  0
ARC
  5
1067
330
1A
100
AcDbEntity
  8
BLACK
100
AcDbCircle
 10
5.0998425196850397
 20
1.3149999999999999
 30
0
 40
0.0098425196850394
100
AcDbArc
 50
90.00000000
 51
270.00000000
  0
LINE
  5
1068
330
1A
100
AcDbEntity
  8
BLACK
  6
CONTINUOUS
100
AcDbLine
 10
5.0998425196850397
 20
1.4724803149606298
 30
0
 11
5.1155905511811026
 21
1.4724803149606298
 31
0
  0
ARC
  5
1069
330
1A
100
AcDbEntity
  8
BLACK
100
AcDbCircle
 10
5.1155905511811026
 20
1.4823228346456692
 30
0
 40
0.0098425196850394
100
AcDbArc
 50
-90.00000000
 51
90.00000000
  0
LINE
  5
106A
330
1A
100
AcDbEntity
  8
BLACK
  6
CONTINUOUS
100
AcDbLine
 10
5.1155905511811026
 20
1.4921653543307087
 30
0
 11
5.0998425196850397
 21
1.4921653543307087
 31
0
  0
ARC
  5
106B
330
1A
100
AcDbEntity
  8
BLACK
100
AcDbCircle
 10
5.0998425196850397
 20
1.4823228346456692
 30
0
 40
0.0098425196850394
100
AcDbArc
 50
90.00000000
 51
270.00000000
  0
CIRCLE
  5
106C
330
1A
100
AcDbEntity
  8
BLACK
100
AcDbCircle
 10
0.39
 20
3.0899999999999999
 30
0
 40
0.0068897637795276
  0
CIRCLE
  5
106D
330
1A
100
AcDbEntity
  8
BLACK
100
AcDbCircle
 10
3.0506299212598424
 20
0.5953149606299213
 30
0
 40
0.0068897637795276
  0
CIRCLE
  5
106E
330
1A
100
AcDbEntity
  8
BLACK
100
AcDbCircle
 10
3.8104724409448818
 20
0.5953149606299213
 30
0
 40
0.0068897637795276
  0
CIRCLE
  5
106F
330
1A
100
AcDbEntity
  8
BLACK
100
AcDbCircle
 10
4.5703149606299212
 20
0.5953149606299213
 30
0
 40
0.0068897637795276
  0
CIRCLE
  5
1070
330
1A
100
AcDbEntity
  8
BLACK
100
AcDbCircle
 10
3.0506299212598424
 20
2.7846850393700788
 30
0
 40
0.0068897637795276
  0
CIRCLE
  5
1071
330
1A
100
AcDbEntity
  8
BLACK
100
AcDbCircle
 10
3.8104724409448818
 20
2.7846850393700788
 30
0
 40
0.0068897637795276
  0
CIRCLE
  5
1072
330
1A
100
AcDbEntity
  8
BLACK
100
AcDbCircle
 10
4.5703149606299212
 20
2.7846850393700788
 30
0
 40
0.0068897637795276
  0
CIRCLE
  5
1073
330
1A
100
AcDbEntity
  8
BLACK
100
AcDbCircle
 10
3.0506299212598424
 20
0.2628346456692913
 30
0
 40
0.0068897637795276
  0
CIRCLE
  5
1074
330
1A
100
AcDbEntity
  8
BLACK
100
AcDbCircle
 10
3.0506299212598424
 20
3.1171653543307087
 30
0
 40
0.0068897637795276
  0
CIRCLE
  5
1075
330
1A
100
AcDbEntity
  8
BLACK
100
AcDbCircle
 10
3.8104724409448818
 20
0.2628346456692913
 30
0
 40
0.0068897637795276
  0
CIRCLE
  5
1076
330
1A
100
AcDbEntity
  8
BLACK
100
AcDbCircle
 10
3.8104724409448818
 20
3.1171653543307087
 30
0
 40
0.0068897637795276
  0
CIRCLE
  5
1077
330
1A
100
AcDbEntity
  8
BLACK
100
AcDbCircle
 10
4.5703149606299212
 20
0.2628346456692913
 30
0
 40
0.0068897637795276
  0
CIRCLE
  5
1078
330
1A
100
AcDbEntity
  8
BLACK
100
AcDbCircle
 10
4.5703149606299212
 20
3.1171653543307087
 30
0
 40
0.0068897637795276
  0
CIRCLE
  5
1079
330
1A
100
AcDbEntity
  8
BLACK
100
AcDbCircle
 10
5.1899999999999995
 20
0.29
 30
0
 40
0.0068897637795276
  0
CIRCLE
  5
107A
330
1A
100
AcDbEntity
  8
BLACK
100
AcDbCircle
 10
0.39
 20
0.29
 30
0
 40
0.0068897637795276
  0
CIRCLE
  5
107B
330
1A
100
AcDbEntity
  8
BLACK
100
AcDbCircle
 10
0.7494488188976378
 20
2.6321259842519686
 30
0
 40
0.0068897637795276
  0
CIRCLE
  5
107C
330
1A
100
AcDbEntity
  8
BLACK
100
AcDbCircle
 10
0.7494488188976378
 20
0.7340944881889764
 30
0
 40
0.0068897637795276
  0
CIRCLE
  5
107D
330
1A
100
AcDbEntity
  8
BLACK
100
AcDbCircle
 10
0.5289763779527559
 20
1.4931496062992127
 30
0
 40
0.0068897637795276
  0
CIRCLE
  5
107E
330
1A
100
AcDbEntity
  8
BLACK
100
AcDbCircle
 10
0.5289763779527559
 20
1.5718897637795275
 30
0
 40
0.0068897637795276
  0
CIRCLE
  5
107F
330
1A
100
AcDbEntity
  8
BLACK
100
AcDbCircle
 10
0.5289763779527559
 20
1.6506299212598425
 30
0
 40
0.0068897637795276
  0
CIRCLE
  5
1080
330
1A
100
AcDbEntity
  8
BLACK
100
AcDbCircle
 10
0.5289763779527559
 20
1.7293700787401574
 30
0
 40
0.0068897637795276
  0
CIRCLE
  5
1081
330
1A
100
AcDbEntity
  8
BLACK
100
AcDbCircle
 10
0.5289763779527559
 20
1.8081102362204724
 30
0
 40
0.0068897637795276
  0
CIRCLE
  5
1082
330
1A
100
AcDbEntity
  8
BLACK
100
AcDbCircle
 10
0.5289763779527559
 20
1.8868503937007874
 30
0
 40
0.0068897637795276
  0
CIRCLE
  5
1083
330
1A
100
AcDbEntity
  8
BLACK
100
AcDbCircle
 10
0.6077165354330708
 20
1.4931496062992127
 30
0
 40
0.0068897637795276
  0
CIRCLE
  5
1084
330
1A
100
AcDbEntity
  8
BLACK
100
AcDbCircle
 10
0.6077165354330708
 20
1.5718897637795275
 30
0
 40
0.0068897637795276
  0
CIRCLE
  5
1085
330
1A
100
AcDbEntity
  8
BLACK
100
AcDbCircle
 10
0.6077165354330708
 20
1.6506299212598425
 30
0
 40
0.0068897637795276
  0
CIRCLE
  5
1086
330
1A
100
AcDbEntity
  8
BLACK
100
AcDbCircle
 10
0.6077165354330708
 20
1.7293700787401574
 30
0
 40
0.0068897637795276
  0
CIRCLE
  5
1087
330
1A
100
AcDbEntity
  8
BLACK
100
AcDbCircle
 10
0.6077165354330708
 20
1.8081102362204724
 30
0
 40
0.0068897637795276
  0
CIRCLE
  5
1088
330
1A
100
AcDbEntity
  8
BLACK
100
AcDbCircle
 10
0.6077165354330708
 20
1.8868503937007874
 30
0
 40
0.0068897637795276
  0
CIRCLE
  5
1089
330
1A
100
AcDbEntity
  8
BLACK
100
AcDbCircle
 10
0.6864566929133858
 20
1.4931496062992127
 30
0
 40
0.0068897637795276
  0
CIRCLE
  5
108A
330
1A
100
AcDbEntity
  8
BLACK
100
AcDbCircle
 10
0.6864566929133858
 20
1.5718897637795275
 30
0
 40
0.0068897637795276
  0
CIRCLE
  5
108B
330
1A
100
AcDbEntity
  8
BLACK
100
AcDbCircle
 10
0.6864566929133858
 20
1.6506299212598425
 30
0
 40
0.0068897637795276
  0
CIRCLE
  5
108C
330
1A
100
AcDbEntity
  8
BLACK
100
AcDbCircle
 10
0.6864566929133858
 20
1.7293700787401574
 30
0
 40
0.0068897637795276
  0
CIRCLE
  5
108D
330
1A
100
AcDbEntity
  8
BLACK
100
AcDbCircle
 10
0.6864566929133858
 20
1.8081102362204724
 30
0
 40
0.0068897637795276
  0
CIRCLE
  5
108E
330
1A
100
AcDbEntity
  8
BLACK
100
AcDbCircle
 10
0.6864566929133858
 20
1.8868503937007874
 30
0
 40
0.0068897637795276
  0
CIRCLE
  5
108F
330
1A
100
AcDbEntity
  8
BLACK
100
AcDbCircle
 10
0.7651968503937008
 20
1.4931496062992127
 30
0
 40
0.0068897637795276
  0
CIRCLE
  5
1090
330
1A
100
AcDbEntity
  8
BLACK
100
AcDbCircle
 10
0.7651968503937008
 20
1.5718897637795275
 30
0
 40
0.0068897637795276
  0
CIRCLE
  5
1091
330
1A
100
AcDbEntity
  8
BLACK
100
AcDbCircle
 10
0.7651968503937008
 20
1.6506299212598425
 30
0
 40
0.0068897637795276
  0
CIRCLE
  5
1092
330
1A
100
AcDbEntity
  8
BLACK
100
AcDbCircle
 10
0.7651968503937008
 20
1.7293700787401574
 30
0
 40
0.0068897637795276
  0
CIRCLE
  5
1093
330
1A
100
AcDbEntity
  8
BLACK
100
AcDbCircle
 10
0.7651968503937008
 20
1.8081102362204724
 30
0
 40
0.0068897637795276
  0
CIRCLE
  5
1094
330
1A
100
AcDbEntity
  8
BLACK
100
AcDbCircle
 10
0.7651968503937008
 20
1.8868503937007874
 30
0
 40
0.0068897637795276
  0
CIRCLE
  5
1095
330
1A
100
AcDbEntity
  8
BLACK
100
AcDbCircle
 10
0.8439370078740157
 20
1.4931496062992127
 30
0
 40
0.0068897637795276
  0
CIRCLE
  5
1096
330
1A
100
AcDbEntity
  8
BLACK
100
AcDbCircle
 10
0.8439370078740157
 20
1.5718897637795275
 30
0
 40
0.0068897637795276
  0
CIRCLE
  5
1097
330
1A
100
AcDbEntity
  8
BLACK
100
AcDbCircle
 10
0.8439370078740157
 20
1.6506299212598425
 30
0
 40
0.0068897637795276
  0
CIRCLE
  5
1098
330
1A
100
AcDbEntity
  8
BLACK
100
AcDbCircle
 10
0.8439370078740157
 20
1.7293700787401574
 30
0
 40
0.0068897637795276
  0
CIRCLE
  5
1099
330
1A
100
AcDbEntity
  8
BLACK
100
AcDbCircle
 10
0.8439370078740157
 20
1.8081102362204724
 30
0
 40
0.0068897637795276
  0
CIRCLE
  5
109A
330
1A
100
AcDbEntity
  8
BLACK
100
AcDbCircle
 10
0.8439370078740157
 20
1.8868503937007874
 30
0
 40
0.0068897637795276
  0
CIRCLE
  5
109B
330
1A
100
AcDbEntity
  8
BLACK
100
AcDbCircle
 10
0.9462992125984252
 20
1.068740157480315
 30
0
 40
0.0068897637795276
  0
CIRCLE
  5
109C
330
1A
100
AcDbEntity
  8
BLACK
100
AcDbCircle
 10
0.8478740157480315
 20
1.068740157480315
 30
0
 40
0.0068897637795276
  0
CIRCLE
  5
109D
330
1A
100
AcDbEntity
  8
BLACK
100
AcDbCircle
 10
0.7494488188976378
 20
1.068740157480315
 30
0
 40
0.0068897637795276
  0
CIRCLE
  5
109E
330
1A
100
AcDbEntity
  8
BLACK
100
AcDbCircle
 10
0.6510236220472441
 20
1.068740157480315
 30
0
 40
0.0068897637795276
  0
CIRCLE
  5
109F
330
1A
100
AcDbEntity
  8
BLACK
100
AcDbCircle
 10
0.5525984251968504
 20
1.068740157480315
 30
0
 40
0.0068897637795276
  0
CIRCLE
  5
10A0
330
1A
100
AcDbEntity
  8
BLACK
100
AcDbCircle
 10
0.9462992125984252
 20
0.9506299212598425
 30
0
 40
0.0068897637795276
  0
CIRCLE
  5
10A1
330
1A
100
AcDbEntity
  8
BLACK
100
AcDbCircle
 10
0.8478740157480315
 20
0.9506299212598425
 30
0
 40
0.0068897637795276
  0
CIRCLE
  5
10A2
330
1A
100
AcDbEntity
  8
BLACK
100
AcDbCircle
 10
0.7494488188976378
 20
0.9506299212598425
 30
0
 40
0.0068897637795276
  0
CIRCLE
  5
10A3
330
1A
100
AcDbEntity
  8
BLACK
100
AcDbCircle
 10
0.6510236220472441
 20
0.9506299212598425
 30
0
 40
0.0068897637795276
  0
CIRCLE
  5
10A4
330
1A
100
AcDbEntity
  8
BLACK
100
AcDbCircle
 10
0.5525984251968504
 20
0.9506299212598425
 30
0
 40
0.0068897637795276
  0
CIRCLE
  5
10A5
330
1A
100
AcDbEntity
  8
BLACK
100
AcDbCircle
 10
0.9462992125984252
 20
1.285275590551181
 30
0
 40
0.0068897637795276
  0
CIRCLE
  5
10A6
330
1A
100
AcDbEntity
  8
BLACK
100
AcDbCircle
 10
0.8478740157480315
 20
1.285275590551181
 30
0
 40
0.0068897637795276
  0
CIRCLE
  5
10A7
330
1A
100
AcDbEntity
  8
BLACK
100
AcDbCircle
 10
0.7494488188976378
 20
1.285275590551181
 30
0
 40
0.0068897637795276
  0
CIRCLE
  5
10A8
330
1A
100
AcDbEntity
  8
BLACK
100
AcDbCircle
 10
0.6510236220472441
 20
1.285275590551181
 30
0
 40
0.0068897637795276
  0
CIRCLE
  5
10A9
330
1A
100
AcDbEntity
  8
BLACK
100
AcDbCircle
 10
0.5525984251968504
 20
1.285275590551181
 30
0
 40
0.0068897637795276
  0
CIRCLE
  5
10AA
330
1A
100
AcDbEntity
  8
BLACK
100
AcDbCircle
 10
0.9462992125984252
 20
1.1671653543307086
 30
0
 40
0.0068897637795276
  0
CIRCLE
  5
10AB
330
1A
100
AcDbEntity
  8
BLACK
100
AcDbCircle
 10
0.8478740157480315
 20
1.1671653543307086
 30
0
 40
0.0068897637795276
  0
CIRCLE
  5
10AC
330
1A
100
AcDbEntity
  8
BLACK
100
AcDbCircle
 10
0.7494488188976378
 20
1.1671653543307086
 30
0
 40
0.0068897637795276
  0
CIRCLE
  5
10AD
330
1A
100
AcDbEntity
  8
BLACK
100
AcDbCircle
 10
0.6510236220472441
 20
1.1671653543307086
 30
0
 40
0.0068897637795276
  0
CIRCLE
  5
10AE
330
1A
100
AcDbEntity
  8
BLACK
100
AcDbCircle
 10
0.5525984251968504
 20
1.1671653543307086
 30
0
 40
0.0068897637795276
  0
CIRCLE
  5
10AF
330
1A
100
AcDbEntity
  8
BLACK
100
AcDbCircle
 10
0.9462992125984252
 20
2.1990551181102362
 30
0
 40
0.0068897637795276
  0
CIRCLE
  5
10B0
330
1A
100
AcDbEntity
  8
BLACK
100
AcDbCircle
 10
0.8478740157480315
 20
2.1990551181102362
 30
0
 40
0.0068897637795276
  0
CIRCLE
  5
10B1
330
1A
100
AcDbEntity
  8
BLACK
100
AcDbCircle
 10
0.7494488188976378
 20
2.1990551181102362
 30
0
 40
0.0068897637795276
  0
CIRCLE
  5
10B2
330
1A
100
AcDbEntity
  8
BLACK
100
AcDbCircle
 10
0.6510236220472441
 20
2.1990551181102362
 30
0
 40
0.0068897637795276
  0
CIRCLE
  5
10B3
330
1A
100
AcDbEntity
  8
BLACK
100
AcDbCircle
 10
0.5525984251968504
 20
2.1990551181102362
 30
0
 40
0.0068897637795276
  0
CIRCLE
  5
10B4
330
1A
100
AcDbEntity
  8
BLACK
100
AcDbCircle
 10
0.9462992125984252
 20
2.0809448818897636
 30
0
 40
0.0068897637795276
  0
CIRCLE
  5
10B5
330
1A
100
AcDbEntity
  8
BLACK
100
AcDbCircle
 10
0.8478740157480315
 20
2.0809448818897636
 30
0
 40
0.0068897637795276
  0
CIRCLE
  5
10B6
330
1A
100
AcDbEntity
  8
BLACK
100
AcDbCircle
 10
0.7494488188976378
 20
2.0809448818897636
 30
0
 40
0.0068897637795276
  0
CIRCLE
  5
10B7
330
1A
100
AcDbEntity
  8
BLACK
100
AcDbCircle
 10
0.6510236220472441
 20
2.0809448818897636
 30
0
 40
0.0068897637795276
  0
CIRCLE
  5
10B8
330
1A
100
AcDbEntity
  8
BLACK
100
AcDbCircle
 10
0.5525984251968504
 20
2.0809448818897636
 30
0
 40
0.0068897637795276
  0
CIRCLE
  5
10B9
330
1A
100
AcDbEntity
  8
BLACK
100
AcDbCircle
 10
0.9462992125984252
 20
2.4155905511811024
 30
0
 40
0.0068897637795276
  0
CIRCLE
  5
10BA
330
1A
100
AcDbEntity
  8
BLACK
100
AcDbCircle
 10
0.8478740157480315
 20
2.4155905511811024
 30
0
 40
0.0068897637795276
  0
CIRCLE
  5
10BB
330
1A
100
AcDbEntity
  8
BLACK
100
AcDbCircle
 10
0.7494488188976378
 20
2.4155905511811024
 30
0
 40
0.0068897637795276
  0
CIRCLE
  5
10BC
330
1A
100
AcDbEntity
  8
BLACK
100
AcDbCircle
 10
0.6510236220472441
 20
2.4155905511811024
 30
0
 40
0.0068897637795276
  0
CIRCLE
  5
10BD
330
1A
100
AcDbEntity
  8
BLACK
100
AcDbCircle
 10
0.5525984251968504
 20
2.4155905511811024
 30
0
 40
0.0068897637795276
  0
CIRCLE
  5
10BE
330
1A
100
AcDbEntity
  8
BLACK
100
AcDbCircle
 10
0.9462992125984252
 20
2.2974803149606298
 30
0
 40
0.0068897637795276
  0
CIRCLE
  5
10BF
330
1A
100
AcDbEntity
  8
BLACK
100
AcDbCircle
 10
0.8478740157480315
 20
2.2974803149606298
 30
0
 40
0.0068897637795276
  0
CIRCLE
  5
10C0
330
1A
100
AcDbEntity
  8
BLACK
100
AcDbCircle
 10
0.7494488188976378
 20
2.2974803149606298
 30
0
 40
0.0068897637795276
  0
CIRCLE
  5
10C1
330
1A
100
AcDbEntity
  8
BLACK
100
AcDbCircle
 10
0.6510236220472441
 20
2.2974803149606298
 30
0
 40
0.0068897637795276
  0
CIRCLE
  5
10C2
330
1A
100
AcDbEntity
  8
BLACK
100
AcDbCircle
 10
0.5525984251968504
 20
2.2974803149606298
 30
0
 40
0.0068897637795276
  0
LINE
  5
10C3
330
1A
100
AcDbEntity
  8
BLACK
  6
CONTINUOUS
100
AcDbLine
 10
5.1037795275590554
 20
1.0157874015748032
 30
0
 11
5.1195275590551184
 21
1.0157874015748032
 31
0
  0
ARC
  5
10C4
330
1A
100
AcDbEntity
  8
BLACK
100
AcDbCircle
 10
5.1195275590551184
 20
1.0256299212598425
 30
0
 40
0.0098425196850394
100
AcDbArc
 50
-90.00000000
 51
90.00000000
  0
LINE
  5
10C5
330
1A
100
AcDbEntity
  8
BLACK
  6
CONTINUOUS
100
AcDbLine
 10
5.1195275590551184
 20
1.0354724409448819
 30
0
 11
5.1037795275590554
 21
1.0354724409448819
 31
0
  0
ARC
  5
10C6
330
1A
100
AcDbEntity
  8
BLACK
100
AcDbCircle
 10
5.1037795275590554
 20
1.0256299212598425
 30
0
 40
0.0098425196850394
100
AcDbArc
 50
90.00000000
 51
270.00000000
  0
LINE
  5
10C7
330
1A
100
AcDbEntity
  8
BLACK
  6
CONTINUOUS
100
AcDbLine
 10
5.1037795275590554
 20
1.1831102362204724
 30
0
 11
5.1195275590551184
 21
1.1831102362204724
 31
0
  0
ARC
  5
10C8
330
1A
100
AcDbEntity
  8
BLACK
100
AcDbCircle
 10
5.1195275590551184
 20
1.1929527559055118
 30
0
 40
0.0098425196850394
100
AcDbArc
 50
-90.00000000
 51
90.00000000
  0
LINE
  5
10C9
330
1A
100
AcDbEntity
  8
BLACK
  6
CONTINUOUS
100
AcDbLine
 10
5.1195275590551184
 20
1.2027952755905511
 30
0
 11
5.1037795275590554
 21
1.2027952755905511
 31
0
  0
ARC
  5
10CA
330
1A
100
AcDbEntity
  8
BLACK
100
AcDbCircle
 10
5.1037795275590554
 20
1.1929527559055118
 30
0
 40
0.0098425196850394
100
AcDbArc
 50
90.00000000
 51
270.00000000
  0
CIRCLE
  5
10CB
330
1A
100
AcDbEntity
  8
BLACK
100
AcDbCircle
 10
5.1360629921259839
 20
2.8010236220472442
 30
0
 40
0.0068897637795276
  0
CIRCLE
  5
10CC
330
1A
100
AcDbEntity
  8
BLACK
100
AcDbCircle
 10
5.1360629921259839
 20
2.5734645669291338
 30
0
 40
0.0068897637795276
  0
LINE
  5
10CD
330
1A
100
AcDbEntity
  8
BLACK
  6
CONTINUOUS
100
AcDbLine
 10
5.2966929133858267
 20
2.8691338582677166
 30
0
 11
5.2651968503937008
 21
2.8691338582677166
 31
0
  0
ARC
  5
10CE
330
1A
100
AcDbEntity
  8
BLACK
100
AcDbCircle
 10
5.2651968503937008
 20
2.8573228346456694
 30
0
 40
0.0118110236220472
100
AcDbArc
 50
90.00000000
 51
270.00000000
  0
LINE
  5
10CF
330
1A
100
AcDbEntity
  8
BLACK
  6
CONTINUOUS
100
AcDbLine
 10
5.2651968503937008
 20
2.8455118110236222
 30
0
 11
5.2966929133858267
 21
2.8455118110236222
 31
0
  0
ARC
  5
10D0
330
1A
100
AcDbEntity
  8
BLACK
100
AcDbCircle
 10
5.2966929133858267
 20
2.8573228346456694
 30
0
 40
0.0118110236220472
100
AcDbArc
 50
270.00000000
 51
450.00000000
  0
LINE
  5
10D1
330
1A
100
AcDbEntity
  8
BLACK
  6
CONTINUOUS
100
AcDbLine
 10
5.2966929133858267
 20
2.5289763779527559
 30
0
 11
5.2651968503937008
 21
2.5289763779527559
 31
0
  0
ARC
  5
10D2
330
1A
100
AcDbEntity
  8
BLACK
100
AcDbCircle
 10
5.2651968503937008
 20
2.5171653543307086
 30
0
 40
0.0118110236220472
100
AcDbArc
 50
90.00000000
 51
270.00000000
  0
LINE
  5
10D3
330
1A
100
AcDbEntity
  8
BLACK
  6
CONTINUOUS
100
AcDbLine
 10
5.2651968503937008
 20
2.5053543307086614
 30
0
 11
5.2966929133858267
 21
2.5053543307086614
 31
0
  0
ARC
  5
10D4
330
1A
100
AcDbEntity
  8
BLACK
100
AcDbCircle
 10
5.2966929133858267
 20
2.5171653543307086
 30
0
 40
0.0118110236220472
100
AcDbArc
 50
270.00000000
 51
450.00000000
  0
LINE
  5
10D5
330
1A
100
AcDbEntity
  8
BLACK
  6
CONTINUOUS
100
AcDbLine
 10
5.1380314960629923
 20
2.8691338582677166
 30
0
 11
5.0947244094488191
 21
2.8691338582677166
 31
0
  0
ARC
  5
10D6
330
1A
100
AcDbEntity
  8
BLACK
100
AcDbCircle
 10
5.0947244094488191
 20
2.8573228346456694
 30
0
 40
0.0118110236220472
100
AcDbArc
 50
90.00000000
 51
270.00000000
  0
LINE
  5
10D7
330
1A
100
AcDbEntity
  8
BLACK
  6
CONTINUOUS
100
AcDbLine
 10
5.0947244094488191
 20
2.8455118110236222
 30
0
 11
5.1380314960629923
 21
2.8455118110236222
 31
0
  0
ARC
  5
10D8
330
1A
100
AcDbEntity
  8
BLACK
100
AcDbCircle
 10
5.1380314960629923
 20
2.8573228346456694
 30
0
 40
0.0118110236220472
100
AcDbArc
 50
270.00000000
 51
450.00000000
  0
LINE
  5
10D9
330
1A
100
AcDbEntity
  8
BLACK
  6
CONTINUOUS
100
AcDbLine
 10
5.1380314960629923
 20
2.5289763779527559
 30
0
 11
5.0947244094488191
 21
2.5289763779527559
 31
0
  0
ARC
  5
10DA
330
1A
100
AcDbEntity
  8
BLACK
100
AcDbCircle
 10
5.0947244094488191
 20
2.5171653543307086
 30
0
 40
0.0118110236220472
100
AcDbArc
 50
90.00000000
 51
270.00000000
  0
LINE
  5
10DB
330
1A
100
AcDbEntity
  8
BLACK
  6
CONTINUOUS
100
AcDbLine
 10
5.0947244094488191
 20
2.5053543307086614
 30
0
 11
5.1380314960629923
 21
2.5053543307086614
 31
0
  0
ARC
  5
10DC
330
1A
100
AcDbEntity
  8
BLACK
100
AcDbCircle
 10
5.1380314960629923
 20
2.5171653543307086
 30
0
 40
0.0118110236220472
100
AcDbArc
 50
270.00000000
 51
450.00000000
  0
ENDSEC
  0
SECTION
  2
OBJECTS
  0
DICTIONARY
  5
20
330
0
100
AcDbDictionary
281
1
  3
ACAD_GROUP
350
10DD
  3
ACAD_LAYOUT
350
21
  3
ACAD_PLOTSTYLENAME
350
11
  0
DICTIONARY
  5
10DD
330
20
100
AcDbDictionary
281
1
  0
ACDBDICTIONARYWDFLT
  5
11
330
20
100
AcDbDictionary
281
1
  3
Normal
350
10
100
AcDbDictionaryWithDefault
340
10
  0
ACDBPLACEHOLDER
  5
10
330
11
  0
DICTIONARY
  5
21
330
20
100
AcDbDictionary
281
1
  3
Model
350
1D
  3
Layout1
350
1E
  3
Layout2
350
1F
  0
LAYOUT
  5
1D
330
21
100
AcDbPlotSettings
  1

  2
none_device
  4
A3
  6

 40
0.0
 41
0.0
 42
0.0
 43
0.0
 44
420.0
 45
297.0
 46
0.0
 47
0.0
 48
0.0
 49
0.0
140
0.0
141
0.0
142
1.0
143
1.0
 70
1024
 72
1
 73
0
 74
5
  7

 75
16
 76
0
 77
2
 78
300
147
1.0
148
0.0
149
0.0
100
AcDbLayout
  1
Model
 70
1
 71
0
 10
0.0
 20
0.0
 11
420.0
 21
297.0
 12
0.0
 22
0.0
 32
0.0
 14
1e+20
 24
1e+20
 34
1e+20
 15
-1e+20
 25
-1e+20
 35
-1e+20
146
0.0
 13
0.0
 23
0.0
 33
0.0
 16
1.0
 26
0.0
 36
0.0
 17
0.0
 27
1.0
 37
0.0
 76
0
330
1A
  0
LAYOUT
  5
1E
330
21
100
AcDbPlotSettings
  1

  2
none_device
  4
A3
  6

 40
0.0
 41
0.0
 42
0.0
 43
0.0
 44
420.0
 45
297.0
 46
0.0
 47
0.0
 48
0.0
 49
0.0
140
0.0
141
0.0
142
1.0
143
1.0
 70
0
 72
1
 73
0
 74
5
  7

 75
16
 76
0
 77
2
 78
300
147
1.0
148
0.0
149
0.0
100
AcDbLayout
  1
Layout1
 70
1
 71
1
 10
0.0
 20
0.0
 11
420.0
 21
297.0
 12
0.0
 22
0.0
 32
0.0
 14
1e+20
 24
1e+20
 34
1e+20
 15
-1e+20
 25
-1e+20
 35
-1e+20
146
0.0
 13
0.0
 23
0.0
 33
0.0
 16
1.0
 26
0.0
 36
0.0
 17
0.0
 27
1.0
 37
0.0
 76
0
330
1B
  0
LAYOUT
  5
1F
330
21
100
AcDbPlotSettings
  1

  2
none_device
  4
A3
  6

 40
0.0
 41
0.0
 42
0.0
 43
0.0
 44
420.0
 45
297.0
 46
0.0
 47
0.0
 48
0.0
 49
0.0
140
0.0
141
0.0
142
1.0
143
1.0
 70
0
 72
1
 73
0
 74
5
  7

 75
16
 76
0
 77
2
 78
300
147
1.0
148
0.0
149
0.0
100
AcDbLayout
  1
Layout2
 70
1
 71
2
 10
0.0
 20
0.0
 11
420.0
 21
297.0
 12
0.0
 22
0.0
 32
0.0
 14
1e+20
 24
1e+20
 34
1e+20
 15
-1e+20
 25
-1e+20
 35
-1e+20
146
0.0
 13
0.0
 23
0.0
 33
0.0
 16
1.0
 26
0.0
 36
0.0
 17
0.0
 27
1.0
 37
0.0
 76
0
330
1C
  0
ENDSEC
  0
EOF
