  0
SECTION
  2
HEADER
  9
$ACADVER
  1
AC1018
  9
$HANDSEED
  5
FFFFFFFF
  9
$ANGBASE
  50
0.0
  9
$ANGDIR
  70
1
  9
$MEASUREMENT
  70
0
  9
$INSUNITS
  70
1
  0
ENDSEC
  0
SECTION
  2
TABLES
  0
TABLE
  2
APPID
  5
1
330
0
100
AcDbSymbolTable
 70
1
  0
APPID
  5
2
330
1
100
AcDbSymbolTableRecord
100
AcDbRegAppTableRecord
  2
ACAD
 70
0
  0
ENDTAB
  0
TABLE
  2
LTYPE
  5
3
330
0
100
AcDbSymbolTable
 70
6
  0
LTYPE
  5
4
330
3
100
AcDbSymbolTableRecord
100
AcDbLinetypeTableRecord
  2
ByBlock
 70
0
  3

 72
65
 73
0
 40
0
  0
LTYPE
  5
5
330
3
100
AcDbSymbolTableRecord
100
AcDbLinetypeTableRecord
  2
ByLayer
 70
0
  3

 72
65
 73
0
 40
0
  0
LTYPE
  5
6
330
3
100
AcDbSymbolTableRecord
100
AcDbLinetypeTableRecord
  2
CONTINUOUS
 70
0
  3
Solid line
 72
65
 73
0
 40
0
  0
LTYPE
  5
7
330
3
100
AcDbSymbolTableRecord
100
AcDbLinetypeTableRecord
  2
DASHDOT
 70
0
  3
Dash Dot ____ _ ____ _
 72
65
 73
4
 40
2
 49
1.25
 74
0
 49
-0.25
 74
0
 49
0.25
 74
0
 49
-0.25
 74
0
  0
LTYPE
  5
8
330
3
100
AcDbSymbolTableRecord
100
AcDbLinetypeTableRecord
  2
DASHED
 70
0
  3
Dashed __ __ __ __ __
 72
65
 73
2
 40
0.75
 49
0.5
 74
0
 49
-0.25
 74
0
  0
LTYPE
  5
9
330
3
100
AcDbSymbolTableRecord
100
AcDbLinetypeTableRecord
  2
DOTTED
 70
0
  3
Dotted .  .  .  .
 72
65
 73
2
 40
0.2
 49
0.0
 74
0
 49
-0.2
 74
0
  0
ENDTAB
  0
TABLE
  2
STYLE
  5
A
330
0
100
AcDbSymbolTable
 70
4
  0
STYLE
  5
B
330
A
100
AcDbSymbolTableRecord
100
AcDbTextStyleTableRecord
  2
KICAD
 70
0
 40
0
 41
1
 42
1
 50
0
 71
0
  3
isocp.shx
  0
STYLE
  5
C
330
A
100
AcDbSymbolTableRecord
100
AcDbTextStyleTableRecord
  2
KICADB
 70
0
 40
0
 41
1
 42
1
 50
0
 71
0
  3
isocp.shx
  0
STYLE
  5
D
330
A
100
AcDbSymbolTableRecord
100
AcDbTextStyleTableRecord
  2
KICADI
 70
0
 40
0
 41
1
 42
1
 50
15
 71
0
  3
isocp.shx
  0
STYLE
  5
E
330
A
100
AcDbSymbolTableRecord
100
AcDbTextStyleTableRecord
  2
KICADBI
 70
0
 40
0
 41
1
 42
1
 50
15
 71
0
  3
isocp.shx
  0
ENDTAB
  0
TABLE
  2
LAYER
  5
F
330
0
100
AcDbSymbolTable
 70
2
  0
LAYER
  5
12
330
F
100
AcDbSymbolTableRecord
100
AcDbLayerTableRecord
  2
0
 70
0
 62
7
  6
CONTINUOUS
390
10
  0
LAYER
  5
13
330
F
100
AcDbSymbolTableRecord
100
AcDbLayerTableRecord
  2
BLACK
 70
0
 62
250
  6
CONTINUOUS
390
10
  0
ENDTAB
  0
TABLE
  2
VPORT
  5
14
330
0
100
AcDbSymbolTable
 70
0
  0
ENDTAB
  0
TABLE
  2
VIEW
  5
15
330
0
100
AcDbSymbolTable
 70
0
  0
ENDTAB
  0
TABLE
  2
UCS
  5
16
330
0
100
AcDbSymbolTable
 70
0
  0
ENDTAB
  0
TABLE
  2
DIMSTYLE
  5
17
330
0
100
AcDbSymbolTable
 70
1
100
AcDbDimStyleTable
 71
0
  0
DIMSTYLE
105
18
330
17
100
AcDbSymbolTableRecord
100
AcDbDimStyleTableRecord
  2
Standard
 70
0
  0
ENDTAB
  0
TABLE
  2
BLOCK_RECORD
  5
19
330
0
100
AcDbSymbolTable
 70
3
  0
BLOCK_RECORD
  5
1A
330
19
100
AcDbSymbolTableRecord
100
AcDbBlockTableRecord
  2
*Model_Space
340
1D
 70
0
280
1
281
0
  0
BLOCK_RECORD
  5
1B
330
19
100
AcDbSymbolTableRecord
100
AcDbBlockTableRecord
  2
*Paper_Space
340
1E
 70
0
280
1
281
0
  0
BLOCK_RECORD
  5
1C
330
19
100
AcDbSymbolTableRecord
100
AcDbBlockTableRecord
  2
*Paper_Space0
340
1F
 70
0
280
1
281
0
  0
ENDTAB
  0
ENDSEC
  0
SECTION
  2
BLOCKS
  0
BLOCK
  5
23
330
1A
100
AcDbEntity
  8
0
100
AcDbBlockBegin
  2
*Model_Space
 70
0
 10
0.0
 20
0.0
 30
0.0
  3
*Model_Space
  1

  0
ENDBLK
  5
22
330
1A
100
AcDbEntity
  8
0
100
AcDbBlockEnd
  0
BLOCK
  5
25
330
1B
100
AcDbEntity
 67
1
  8
0
100
AcDbBlockBegin
  2
*Paper_Space
 70
0
 10
0.0
 20
0.0
 30
0.0
  3
*Paper_Space
  1

  0
ENDBLK
  5
24
330
1B
100
AcDbEntity
 67
1
  8
0
100
AcDbBlockEnd
  0
BLOCK
  5
27
330
1C
100
AcDbEntity
 67
1
  8
0
100
AcDbBlockBegin
  2
*Paper_Space0
 70
0
 10
0.0
 20
0.0
 30
0.0
  3
*Paper_Space0
  1

  0
ENDBLK
  5
26
330
1C
100
AcDbEntity
 67
1
  8
0
100
AcDbBlockEnd
  0
ENDSEC
  0
SECTION
  2
ENTITIES
  0
LINE
  5
28
330
1A
100
AcDbEntity
  8
BLACK
  6
CONTINUOUS
100
AcDbLine
 10
-0.9983595275590551
 20
-0.0172299212598425
 30
0
 11
-0.9975448818897638
 21
-0.0180445669291339
 31
0
  0
LINE
  5
29
330
1A
100
AcDbEntity
  8
BLACK
  6
CONTINUOUS
100
AcDbLine
 10
-0.9975448818897638
 20
-0.0180445669291339
 30
0
 11
-0.9971039763779528
 21
-0.0191089763779528
 31
0
  0
LINE
  5
2A
330
1A
100
AcDbEntity
  8
BLACK
  6
CONTINUOUS
100
AcDbLine
 10
-0.9971039763779528
 20
-0.0191089763779528
 30
0
 11
-0.9970472440944882
 21
-0.0196850393700787
 31
0
  0
LINE
  5
2B
330
1A
100
AcDbEntity
  8
BLACK
  6
CONTINUOUS
100
AcDbLine
 10
-0.9970472440944882
 20
-0.0196850393700787
 30
0
 11
-0.9970472440944882
 21
-0.2350552362204724
 31
0
  0
LINE
  5
2C
330
1A
100
AcDbEntity
  8
BLACK
  6
CONTINUOUS
100
AcDbLine
 10
-0.9970472440944882
 20
-0.2350552362204724
 30
0
 11
-0.957012874015748
 21
-0.2142146850393701
 31
0
  0
LINE
  5
2D
330
1A
100
AcDbEntity
  8
BLACK
  6
CONTINUOUS
100
AcDbLine
 10
-0.957012874015748
 20
-0.2142146850393701
 30
0
 11
-0.9564757086614173
 21
-0.2139990157480315
 31
0
  0
LINE
  5
2E
330
1A
100
AcDbEntity
  8
BLACK
  6
CONTINUOUS
100
AcDbLine
 10
-0.9564757086614173
 20
-0.2139990157480315
 30
0
 11
-0.9553279921259842
 21
-0.2138986220472441
 31
0
  0
LINE
  5
2F
330
1A
100
AcDbEntity
  8
BLACK
  6
CONTINUOUS
100
AcDbLine
 10
-0.9553279921259842
 20
-0.2138986220472441
 30
0
 11
-0.9542292125984252
 21
-0.2142450787401575
 31
0
  0
LINE
  5
30
330
1A
100
AcDbEntity
  8
BLACK
  6
CONTINUOUS
100
AcDbLine
 10
-0.9542292125984252
 20
-0.2142450787401575
 30
0
 11
-0.9533466535433071
 21
-0.2149856299212598
 31
0
  0
LINE
  5
31
330
1A
100
AcDbEntity
  8
BLACK
  6
CONTINUOUS
100
AcDbLine
 10
-0.9533466535433071
 20
-0.2149856299212598
 30
0
 11
-0.9528146456692913
 21
-0.2160075590551181
 31
0
  0
LINE
  5
32
330
1A
100
AcDbEntity
  8
BLACK
  6
CONTINUOUS
100
AcDbLine
 10
-0.9528146456692913
 20
-0.2160075590551181
 30
0
 11
-0.9527142519685039
 21
-0.2171552755905512
 31
0
  0
LINE
  5
33
330
1A
100
AcDbEntity
  8
BLACK
  6
CONTINUOUS
100
AcDbLine
 10
-0.9527142519685039
 20
-0.2171552755905512
 30
0
 11
-0.9530607086614173
 21
-0.2182540551181102
 31
0
  0
LINE
  5
34
330
1A
100
AcDbEntity
  8
BLACK
  6
CONTINUOUS
100
AcDbLine
 10
-0.9530607086614173
 20
-0.2182540551181102
 30
0
 11
-0.9538012598425196
 21
-0.2191366141732283
 31
0
  0
LINE
  5
35
330
1A
100
AcDbEntity
  8
BLACK
  6
CONTINUOUS
100
AcDbLine
 10
-0.9538012598425196
 20
-0.2191366141732283
 30
0
 11
-0.9542860236220472
 21
-0.2194529527559055
 31
0
  0
LINE
  5
36
330
1A
100
AcDbEntity
  8
BLACK
  6
CONTINUOUS
100
AcDbLine
 10
-0.9542860236220472
 20
-0.2194529527559055
 30
0
 11
-0.9879330708661417
 21
-0.2369685039370079
 31
0
  0
LINE
  5
37
330
1A
100
AcDbEntity
  8
BLACK
  6
CONTINUOUS
100
AcDbLine
 10
-0.9879330708661417
 20
-0.2369685039370079
 30
0
 11
5.3679330708661412
 21
-0.2369685039370079
 31
0
  0
LINE
  5
38
330
1A
100
AcDbEntity
  8
BLACK
  6
CONTINUOUS
100
AcDbLine
 10
5.3679330708661412
 20
-0.2369685039370079
 30
0
 11
5.3342860236220471
 21
-0.2194529527559055
 31
0
  0
LINE
  5
39
330
1A
100
AcDbEntity
  8
BLACK
  6
CONTINUOUS
100
AcDbLine
 10
5.3342860236220471
 20
-0.2194529527559055
 30
0
 11
5.3338012204724405
 21
-0.2191366141732283
 31
0
  0
LINE
  5
3A
330
1A
100
AcDbEntity
  8
BLACK
  6
CONTINUOUS
100
AcDbLine
 10
5.3338012204724405
 20
-0.2191366141732283
 30
0
 11
5.3330606692913385
 21
-0.2182540551181102
 31
0
  0
LINE
  5
3B
330
1A
100
AcDbEntity
  8
BLACK
  6
CONTINUOUS
100
AcDbLine
 10
5.3330606692913385
 20
-0.2182540551181102
 30
0
 11
5.332714251968504
 21
-0.2171552755905512
 31
0
  0
LINE
  5
3C
330
1A
100
AcDbEntity
  8
BLACK
  6
CONTINUOUS
100
AcDbLine
 10
5.332714251968504
 20
-0.2171552755905512
 30
0
 11
5.3328146456692913
 21
-0.2160075590551181
 31
0
  0
LINE
  5
3D
330
1A
100
AcDbEntity
  8
BLACK
  6
CONTINUOUS
100
AcDbLine
 10
5.3328146456692913
 20
-0.2160075590551181
 30
0
 11
5.3333466535433072
 21
-0.2149855905511811
 31
0
  0
LINE
  5
3E
330
1A
100
AcDbEntity
  8
BLACK
  6
CONTINUOUS
100
AcDbLine
 10
5.3333466535433072
 20
-0.2149855905511811
 30
0
 11
5.3342292125984248
 21
-0.2142450393700787
 31
0
  0
LINE
  5
3F
330
1A
100
AcDbEntity
  8
BLACK
  6
CONTINUOUS
100
AcDbLine
 10
5.3342292125984248
 20
-0.2142450393700787
 30
0
 11
5.3353279921259844
 21
-0.2138986220472441
 31
0
  0
LINE
  5
40
330
1A
100
AcDbEntity
  8
BLACK
  6
CONTINUOUS
100
AcDbLine
 10
5.3353279921259844
 20
-0.2138986220472441
 30
0
 11
5.3364757086614176
 21
-0.2139990157480315
 31
0
  0
LINE
  5
41
330
1A
100
AcDbEntity
  8
BLACK
  6
CONTINUOUS
100
AcDbLine
 10
5.3364757086614176
 20
-0.2139990157480315
 30
0
 11
5.3370128740157483
 21
-0.2142146850393701
 31
0
  0
LINE
  5
42
330
1A
100
AcDbEntity
  8
BLACK
  6
CONTINUOUS
100
AcDbLine
 10
5.3370128740157483
 20
-0.2142146850393701
 30
0
 11
5.3770472440944879
 21
-0.2350552362204724
 31
0
  0
LINE
  5
43
330
1A
100
AcDbEntity
  8
BLACK
  6
CONTINUOUS
100
AcDbLine
 10
5.3770472440944879
 20
-0.2350552362204724
 30
0
 11
5.3770472440944879
 21
-0.0196850393700787
 31
0
  0
LINE
  5
44
330
1A
100
AcDbEntity
  8
BLACK
  6
CONTINUOUS
100
AcDbLine
 10
5.3770472440944879
 20
-0.0196850393700787
 30
0
 11
5.3771039763779527
 21
-0.0191089763779528
 31
0
  0
LINE
  5
45
330
1A
100
AcDbEntity
  8
BLACK
  6
CONTINUOUS
100
AcDbLine
 10
5.3771039763779527
 20
-0.0191089763779528
 30
0
 11
5.3775448818897633
 21
-0.0180445669291339
 31
0
  0
LINE
  5
46
330
1A
100
AcDbEntity
  8
BLACK
  6
CONTINUOUS
100
AcDbLine
 10
5.3775448818897633
 20
-0.0180445669291339
 30
0
 11
5.3783595275590548
 21
-0.0172299212598425
 31
0
  0
LINE
  5
47
330
1A
100
AcDbEntity
  8
BLACK
  6
CONTINUOUS
100
AcDbLine
 10
5.3783595275590548
 20
-0.0172299212598425
 30
0
 11
5.379423937007874
 21
-0.0167890157480315
 31
0
  0
LINE
  5
48
330
1A
100
AcDbEntity
  8
BLACK
  6
CONTINUOUS
100
AcDbLine
 10
5.379423937007874
 20
-0.0167890157480315
 30
0
 11
5.3805760629921258
 21
-0.0167890157480315
 31
0
  0
LINE
  5
49
330
1A
100
AcDbEntity
  8
BLACK
  6
CONTINUOUS
100
AcDbLine
 10
5.3805760629921258
 20
-0.0167890157480315
 30
0
 11
5.381640472440945
 21
-0.0172299212598425
 31
0
  0
LINE
  5
4A
330
1A
100
AcDbEntity
  8
BLACK
  6
CONTINUOUS
100
AcDbLine
 10
5.381640472440945
 20
-0.0172299212598425
 30
0
 11
5.3824551181102365
 21
-0.0180445669291339
 31
0
  0
LINE
  5
4B
330
1A
100
AcDbEntity
  8
BLACK
  6
CONTINUOUS
100
AcDbLine
 10
5.3824551181102365
 20
-0.0180445669291339
 30
0
 11
5.3828960236220471
 21
-0.0191089763779528
 31
0
  0
LINE
  5
4C
330
1A
100
AcDbEntity
  8
BLACK
  6
CONTINUOUS
100
AcDbLine
 10
5.3828960236220471
 20
-0.0191089763779528
 30
0
 11
5.3829527559055119
 21
-0.0196850393700787
 31
0
  0
LINE
  5
4D
330
1A
100
AcDbEntity
  8
BLACK
  6
CONTINUOUS
100
AcDbLine
 10
5.3829527559055119
 20
-0.0196850393700787
 30
0
 11
5.3829527559055119
 21
-0.2630086614173228
 31
0
  0
LINE
  5
4E
330
1A
100
AcDbEntity
  8
BLACK
  6
CONTINUOUS
100
AcDbLine
 10
5.3829527559055119
 20
-0.2630086614173228
 30
0
 11
5.3828960236220471
 21
-0.2635847244094488
 31
0
  0
LINE
  5
4F
330
1A
100
AcDbEntity
  8
BLACK
  6
CONTINUOUS
100
AcDbLine
 10
5.3828960236220471
 20
-0.2635847244094488
 30
0
 11
5.3824551181102365
 21
-0.2646491338582677
 31
0
  0
LINE
  5
50
330
1A
100
AcDbEntity
  8
BLACK
  6
CONTINUOUS
100
AcDbLine
 10
5.3824551181102365
 20
-0.2646491338582677
 30
0
 11
5.381640472440945
 21
-0.2654637795275591
 31
0
  0
LINE
  5
51
330
1A
100
AcDbEntity
  8
BLACK
  6
CONTINUOUS
100
AcDbLine
 10
5.381640472440945
 20
-0.2654637795275591
 30
0
 11
5.3805760629921258
 21
-0.2659046850393701
 31
0
  0
LINE
  5
52
330
1A
100
AcDbEntity
  8
BLACK
  6
CONTINUOUS
100
AcDbLine
 10
5.3805760629921258
 20
-0.2659046850393701
 30
0
 11
5.379423937007874
 21
-0.2659046850393701
 31
0
  0
LINE
  5
53
330
1A
100
AcDbEntity
  8
BLACK
  6
CONTINUOUS
100
AcDbLine
 10
5.379423937007874
 20
-0.2659046850393701
 30
0
 11
5.3783595275590548
 21
-0.2654637795275591
 31
0
  0
LINE
  5
54
330
1A
100
AcDbEntity
  8
BLACK
  6
CONTINUOUS
100
AcDbLine
 10
5.3783595275590548
 20
-0.2654637795275591
 30
0
 11
5.3775448818897633
 21
-0.2646491338582677
 31
0
  0
LINE
  5
55
330
1A
100
AcDbEntity
  8
BLACK
  6
CONTINUOUS
100
AcDbLine
 10
5.3775448818897633
 20
-0.2646491338582677
 30
0
 11
5.3771039763779527
 21
-0.2635847244094488
 31
0
  0
LINE
  5
56
330
1A
100
AcDbEntity
  8
BLACK
  6
CONTINUOUS
100
AcDbLine
 10
5.3771039763779527
 20
-0.2635847244094488
 30
0
 11
5.3770472440944879
 21
-0.2630086614173228
 31
0
  0
LINE
  5
57
330
1A
100
AcDbEntity
  8
BLACK
  6
CONTINUOUS
100
AcDbLine
 10
5.3770472440944879
 20
-0.2630086614173228
 30
0
 11
5.3770472440944879
 21
-0.2447872440944882
 31
0
  0
LINE
  5
58
330
1A
100
AcDbEntity
  8
BLACK
  6
CONTINUOUS
100
AcDbLine
 10
5.3770472440944879
 20
-0.2447872440944882
 30
0
 11
5.3370128740157483
 21
-0.2656278346456693
 31
0
  0
LINE
  5
59
330
1A
100
AcDbEntity
  8
BLACK
  6
CONTINUOUS
100
AcDbLine
 10
5.3370128740157483
 20
-0.2656278346456693
 30
0
 11
5.3364757086614176
 21
-0.2658435039370078
 31
0
  0
LINE
  5
5A
330
1A
100
AcDbEntity
  8
BLACK
  6
CONTINUOUS
100
AcDbLine
 10
5.3364757086614176
 20
-0.2658435039370078
 30
0
 11
5.3353279921259844
 21
-0.2659438976377952
 31
0
  0
LINE
  5
5B
330
1A
100
AcDbEntity
  8
BLACK
  6
CONTINUOUS
100
AcDbLine
 10
5.3353279921259844
 20
-0.2659438976377952
 30
0
 11
5.3342292125984248
 21
-0.2655974803149606
 31
0
  0
LINE
  5
5C
330
1A
100
AcDbEntity
  8
BLACK
  6
CONTINUOUS
100
AcDbLine
 10
5.3342292125984248
 20
-0.2655974803149606
 30
0
 11
5.3333466535433072
 21
-0.2648569291338583
 31
0
  0
LINE
  5
5D
330
1A
100
AcDbEntity
  8
BLACK
  6
CONTINUOUS
100
AcDbLine
 10
5.3333466535433072
 20
-0.2648569291338583
 30
0
 11
5.3328146456692913
 21
-0.2638349606299212
 31
0
  0
LINE
  5
5E
330
1A
100
AcDbEntity
  8
BLACK
  6
CONTINUOUS
100
AcDbLine
 10
5.3328146456692913
 20
-0.2638349606299212
 30
0
 11
5.332714251968504
 21
-0.2626872440944882
 31
0
  0
LINE
  5
5F
330
1A
100
AcDbEntity
  8
BLACK
  6
CONTINUOUS
100
AcDbLine
 10
5.332714251968504
 20
-0.2626872440944882
 30
0
 11
5.3330606692913385
 21
-0.2615884645669291
 31
0
  0
LINE
  5
60
330
1A
100
AcDbEntity
  8
BLACK
  6
CONTINUOUS
100
AcDbLine
 10
5.3330606692913385
 20
-0.2615884645669291
 30
0
 11
5.3338012204724405
 21
-0.260705905511811
 31
0
  0
LINE
  5
61
330
1A
100
AcDbEntity
  8
BLACK
  6
CONTINUOUS
100
AcDbLine
 10
5.3338012204724405
 20
-0.260705905511811
 30
0
 11
5.3342860236220471
 21
-0.2603895669291338
 31
0
  0
LINE
  5
62
330
1A
100
AcDbEntity
  8
BLACK
  6
CONTINUOUS
100
AcDbLine
 10
5.3342860236220471
 20
-0.2603895669291338
 30
0
 11
5.3679330708661412
 21
-0.2428740157480315
 31
0
  0
LINE
  5
63
330
1A
100
AcDbEntity
  8
BLACK
  6
CONTINUOUS
100
AcDbLine
 10
5.3679330708661412
 20
-0.2428740157480315
 30
0
 11
-0.9879330708661417
 21
-0.2428740157480315
 31
0
  0
LINE
  5
64
330
1A
100
AcDbEntity
  8
BLACK
  6
CONTINUOUS
100
AcDbLine
 10
-0.9879330708661417
 20
-0.2428740157480315
 30
0
 11
-0.9542860236220472
 21
-0.2603895669291338
 31
0
  0
LINE
  5
65
330
1A
100
AcDbEntity
  8
BLACK
  6
CONTINUOUS
100
AcDbLine
 10
-0.9542860236220472
 20
-0.2603895669291338
 30
0
 11
-0.9538012598425196
 21
-0.260705905511811
 31
0
  0
LINE
  5
66
330
1A
100
AcDbEntity
  8
BLACK
  6
CONTINUOUS
100
AcDbLine
 10
-0.9538012598425196
 20
-0.260705905511811
 30
0
 11
-0.9530607086614173
 21
-0.2615884645669291
 31
0
  0
LINE
  5
67
330
1A
100
AcDbEntity
  8
BLACK
  6
CONTINUOUS
100
AcDbLine
 10
-0.9530607086614173
 20
-0.2615884645669291
 30
0
 11
-0.9527142519685039
 21
-0.2626872440944882
 31
0
  0
LINE
  5
68
330
1A
100
AcDbEntity
  8
BLACK
  6
CONTINUOUS
100
AcDbLine
 10
-0.9527142519685039
 20
-0.2626872440944882
 30
0
 11
-0.9528146456692913
 21
-0.2638349606299212
 31
0
  0
LINE
  5
69
330
1A
100
AcDbEntity
  8
BLACK
  6
CONTINUOUS
100
AcDbLine
 10
-0.9528146456692913
 20
-0.2638349606299212
 30
0
 11
-0.9533466535433071
 21
-0.2648568897637795
 31
0
  0
LINE
  5
6A
330
1A
100
AcDbEntity
  8
BLACK
  6
CONTINUOUS
100
AcDbLine
 10
-0.9533466535433071
 20
-0.2648568897637795
 30
0
 11
-0.9542292125984252
 21
-0.2655974409448819
 31
0
  0
LINE
  5
6B
330
1A
100
AcDbEntity
  8
BLACK
  6
CONTINUOUS
100
AcDbLine
 10
-0.9542292125984252
 20
-0.2655974409448819
 30
0
 11
-0.9553279921259842
 21
-0.2659438976377952
 31
0
  0
LINE
  5
6C
330
1A
100
AcDbEntity
  8
BLACK
  6
CONTINUOUS
100
AcDbLine
 10
-0.9553279921259842
 20
-0.2659438976377952
 30
0
 11
-0.9564757086614173
 21
-0.2658435039370078
 31
0
  0
LINE
  5
6D
330
1A
100
AcDbEntity
  8
BLACK
  6
CONTINUOUS
100
AcDbLine
 10
-0.9564757086614173
 20
-0.2658435039370078
 30
0
 11
-0.957012874015748
 21
-0.2656278346456693
 31
0
  0
LINE
  5
6E
330
1A
100
AcDbEntity
  8
BLACK
  6
CONTINUOUS
100
AcDbLine
 10
-0.957012874015748
 20
-0.2656278346456693
 30
0
 11
-0.9970472440944882
 21
-0.2447872440944882
 31
0
  0
LINE
  5
6F
330
1A
100
AcDbEntity
  8
BLACK
  6
CONTINUOUS
100
AcDbLine
 10
-0.9970472440944882
 20
-0.2447872440944882
 30
0
 11
-0.9970472440944882
 21
-0.2630086614173228
 31
0
  0
LINE
  5
70
330
1A
100
AcDbEntity
  8
BLACK
  6
CONTINUOUS
100
AcDbLine
 10
-0.9970472440944882
 20
-0.2630086614173228
 30
0
 11
-0.9971039763779528
 21
-0.2635847244094488
 31
0
  0
LINE
  5
71
330
1A
100
AcDbEntity
  8
BLACK
  6
CONTINUOUS
100
AcDbLine
 10
-0.9971039763779528
 20
-0.2635847244094488
 30
0
 11
-0.9975448818897638
 21
-0.2646491338582677
 31
0
  0
LINE
  5
72
330
1A
100
AcDbEntity
  8
BLACK
  6
CONTINUOUS
100
AcDbLine
 10
-0.9975448818897638
 20
-0.2646491338582677
 30
0
 11
-0.9983595275590551
 21
-0.2654637795275591
 31
0
  0
LINE
  5
73
330
1A
100
AcDbEntity
  8
BLACK
  6
CONTINUOUS
100
AcDbLine
 10
-0.9983595275590551
 20
-0.2654637795275591
 30
0
 11
-0.999423937007874
 21
-0.2659046850393701
 31
0
  0
LINE
  5
74
330
1A
100
AcDbEntity
  8
BLACK
  6
CONTINUOUS
100
AcDbLine
 10
-0.999423937007874
 20
-0.2659046850393701
 30
0
 11
-1.0005760629921259
 21
-0.2659046850393701
 31
0
  0
LINE
  5
75
330
1A
100
AcDbEntity
  8
BLACK
  6
CONTINUOUS
100
AcDbLine
 10
-1.0005760629921259
 20
-0.2659046850393701
 30
0
 11
-1.0016404724409449
 21
-0.2654637795275591
 31
0
  0
LINE
  5
76
330
1A
100
AcDbEntity
  8
BLACK
  6
CONTINUOUS
100
AcDbLine
 10
-1.0016404724409449
 20
-0.2654637795275591
 30
0
 11
-1.0024551181102361
 21
-0.2646491338582677
 31
0
  0
LINE
  5
77
330
1A
100
AcDbEntity
  8
BLACK
  6
CONTINUOUS
100
AcDbLine
 10
-1.0024551181102361
 20
-0.2646491338582677
 30
0
 11
-1.0028960236220472
 21
-0.2635847244094488
 31
0
  0
LINE
  5
78
330
1A
100
AcDbEntity
  8
BLACK
  6
CONTINUOUS
100
AcDbLine
 10
-1.0028960236220472
 20
-0.2635847244094488
 30
0
 11
-1.0029527559055118
 21
-0.2630086614173228
 31
0
  0
LINE
  5
79
330
1A
100
AcDbEntity
  8
BLACK
  6
CONTINUOUS
100
AcDbLine
 10
-1.0029527559055118
 20
-0.2630086614173228
 30
0
 11
-1.0029527559055118
 21
-0.0196850393700787
 31
0
  0
LINE
  5
7A
330
1A
100
AcDbEntity
  8
BLACK
  6
CONTINUOUS
100
AcDbLine
 10
-1.0029527559055118
 20
-0.0196850393700787
 30
0
 11
-1.0028960236220472
 21
-0.0191089763779528
 31
0
  0
LINE
  5
7B
330
1A
100
AcDbEntity
  8
BLACK
  6
CONTINUOUS
100
AcDbLine
 10
-1.0028960236220472
 20
-0.0191089763779528
 30
0
 11
-1.0024551181102361
 21
-0.0180445669291339
 31
0
  0
LINE
  5
7C
330
1A
100
AcDbEntity
  8
BLACK
  6
CONTINUOUS
100
AcDbLine
 10
-1.0024551181102361
 20
-0.0180445669291339
 30
0
 11
-1.0016404724409449
 21
-0.0172299212598425
 31
0
  0
LINE
  5
7D
330
1A
100
AcDbEntity
  8
BLACK
  6
CONTINUOUS
100
AcDbLine
 10
-1.0016404724409449
 20
-0.0172299212598425
 30
0
 11
-1.0005760629921259
 21
-0.0167890157480315
 31
0
  0
LINE
  5
7E
330
1A
100
AcDbEntity
  8
BLACK
  6
CONTINUOUS
100
AcDbLine
 10
-1.0005760629921259
 20
-0.0167890157480315
 30
0
 11
-0.999423937007874
 21
-0.0167890157480315
 31
0
  0
LINE
  5
7F
330
1A
100
AcDbEntity
  8
BLACK
  6
CONTINUOUS
100
AcDbLine
 10
-0.999423937007874
 20
-0.0167890157480315
 30
0
 11
-0.9983595275590551
 21
-0.0172299212598425
 31
0
  0
LINE
  5
80
330
1A
100
AcDbEntity
  8
BLACK
  6
CONTINUOUS
100
AcDbLine
 10
2.0009323228346458
 20
-0.1702858267716535
 30
0
 11
2.001224724409449
 21
-0.1702858267716535
 31
0
  0
LINE
  5
81
330
1A
100
AcDbEntity
  8
BLACK
  6
CONTINUOUS
100
AcDbLine
 10
2.001224724409449
 20
-0.1702858267716535
 30
0
 11
2.0014919685039372
 21
-0.1703965354330709
 31
0
  0
LINE
  5
82
330
1A
100
AcDbEntity
  8
BLACK
  6
CONTINUOUS
100
AcDbLine
 10
2.0014919685039372
 20
-0.1703965354330709
 30
0
 11
2.0017757874015749
 21
-0.1704526771653543
 31
0
  0
LINE
  5
83
330
1A
100
AcDbEntity
  8
BLACK
  6
CONTINUOUS
100
AcDbLine
 10
2.0017757874015749
 20
-0.1704526771653543
 30
0
 11
2.0020190551181103
 21
-0.170614842519685
 31
0
  0
LINE
  5
84
330
1A
100
AcDbEntity
  8
BLACK
  6
CONTINUOUS
100
AcDbLine
 10
2.0020190551181103
 20
-0.170614842519685
 30
0
 11
2.0022891338582678
 21
-0.1707267322834645
 31
0
  0
LINE
  5
85
330
1A
100
AcDbEntity
  8
BLACK
  6
CONTINUOUS
100
AcDbLine
 10
2.0022891338582678
 20
-0.1707267322834645
 30
0
 11
2.0024935826771655
 21
-0.1709311811023622
 31
0
  0
LINE
  5
86
330
1A
100
AcDbEntity
  8
BLACK
  6
CONTINUOUS
100
AcDbLine
 10
2.0024935826771655
 20
-0.1709311811023622
 30
0
 11
2.0027344094488186
 21
-0.1710917322834646
 31
0
  0
LINE
  5
87
330
1A
100
AcDbEntity
  8
BLACK
  6
CONTINUOUS
100
AcDbLine
 10
2.0027344094488186
 20
-0.1710917322834646
 30
0
 11
2.0028971259842518
 21
-0.1713347244094488
 31
0
  0
LINE
  5
88
330
1A
100
AcDbEntity
  8
BLACK
  6
CONTINUOUS
100
AcDbLine
 10
2.0028971259842518
 20
-0.1713347244094488
 30
0
 11
2.0031037795275588
 21
-0.1715413779527559
 31
0
  0
LINE
  5
89
330
1A
100
AcDbEntity
  8
BLACK
  6
CONTINUOUS
100
AcDbLine
 10
2.0031037795275588
 20
-0.1715413779527559
 30
0
 11
2.0032144488188974
 21
-0.1718085826771653
 31
0
  0
LINE
  5
8A
330
1A
100
AcDbEntity
  8
BLACK
  6
CONTINUOUS
100
AcDbLine
 10
2.0032144488188974
 20
-0.1718085826771653
 30
0
 11
2.0033754724409447
 21
-0.1720490157480315
 31
0
  0
LINE
  5
8B
330
1A
100
AcDbEntity
  8
BLACK
  6
CONTINUOUS
100
AcDbLine
 10
2.0033754724409447
 20
-0.1720490157480315
 30
0
 11
2.0034327952755904
 21
-0.1723356692913386
 31
0
  0
LINE
  5
8C
330
1A
100
AcDbEntity
  8
BLACK
  6
CONTINUOUS
100
AcDbLine
 10
2.0034327952755904
 20
-0.1723356692913386
 30
0
 11
2.0035446850393699
 21
-0.1726057874015748
 31
0
  0
LINE
  5
8D
330
1A
100
AcDbEntity
  8
BLACK
  6
CONTINUOUS
100
AcDbLine
 10
2.0035446850393699
 20
-0.1726057874015748
 30
0
 11
2.0036007874015747
 21
-0.1731757086614173
 31
0
  0
LINE
  5
8E
330
1A
100
AcDbEntity
  8
BLACK
  6
CONTINUOUS
100
AcDbLine
 10
2.0036007874015747
 20
-0.1731757086614173
 30
0
 11
2.0036014173228347
 21
-0.1731787401574803
 31
0
  0
LINE
  5
8F
330
1A
100
AcDbEntity
  8
BLACK
  6
CONTINUOUS
100
AcDbLine
 10
2.0036014173228347
 20
-0.1731787401574803
 30
0
 11
2.0036011811023622
 21
-0.1731797637795276
 31
0
  0
LINE
  5
90
330
1A
100
AcDbEntity
  8
BLACK
  6
CONTINUOUS
100
AcDbLine
 10
2.0036011811023622
 20
-0.1731797637795276
 30
0
 11
2.0036014173228347
 21
-0.1731818503937008
 31
0
  0
LINE
  5
91
330
1A
100
AcDbEntity
  8
BLACK
  6
CONTINUOUS
100
AcDbLine
 10
2.0036014173228347
 20
-0.1731818503937008
 30
0
 11
2.0036014173228347
 21
-0.2095991732283465
 31
0
  0
LINE
  5
92
330
1A
100
AcDbEntity
  8
BLACK
  6
CONTINUOUS
100
AcDbLine
 10
2.0036014173228347
 20
-0.2095991732283465
 30
0
 11
2.011897244094488
 21
-0.2095991732283465
 31
0
  0
LINE
  5
93
330
1A
100
AcDbEntity
  8
BLACK
  6
CONTINUOUS
100
AcDbLine
 10
2.011897244094488
 20
-0.2095991732283465
 30
0
 11
2.0124733070866143
 21
-0.209655905511811
 31
0
  0
LINE
  5
94
330
1A
100
AcDbEntity
  8
BLACK
  6
CONTINUOUS
100
AcDbLine
 10
2.0124733070866143
 20
-0.209655905511811
 30
0
 11
2.0135377165354331
 21
-0.210096811023622
 31
0
  0
LINE
  5
95
330
1A
100
AcDbEntity
  8
BLACK
  6
CONTINUOUS
100
AcDbLine
 10
2.0135377165354331
 20
-0.210096811023622
 30
0
 11
2.0143523622047246
 21
-0.2109114566929134
 31
0
  0
LINE
  5
96
330
1A
100
AcDbEntity
  8
BLACK
  6
CONTINUOUS
100
AcDbLine
 10
2.0143523622047246
 20
-0.2109114566929134
 30
0
 11
2.0147932677165352
 21
-0.2119758661417323
 31
0
  0
LINE
  5
97
330
1A
100
AcDbEntity
  8
BLACK
  6
CONTINUOUS
100
AcDbLine
 10
2.0147932677165352
 20
-0.2119758661417323
 30
0
 11
2.0147932677165352
 21
-0.2131279921259842
 31
0
  0
LINE
  5
98
330
1A
100
AcDbEntity
  8
BLACK
  6
CONTINUOUS
100
AcDbLine
 10
2.0147932677165352
 20
-0.2131279921259842
 30
0
 11
2.0143523622047246
 21
-0.2141924015748032
 31
0
  0
LINE
  5
99
330
1A
100
AcDbEntity
  8
BLACK
  6
CONTINUOUS
100
AcDbLine
 10
2.0143523622047246
 20
-0.2141924015748032
 30
0
 11
2.0135377165354331
 21
-0.2150070472440945
 31
0
  0
LINE
  5
9A
330
1A
100
AcDbEntity
  8
BLACK
  6
CONTINUOUS
100
AcDbLine
 10
2.0135377165354331
 20
-0.2150070472440945
 30
0
 11
2.0124733070866143
 21
-0.2154479527559055
 31
0
  0
LINE
  5
9B
330
1A
100
AcDbEntity
  8
BLACK
  6
CONTINUOUS
100
AcDbLine
 10
2.0124733070866143
 20
-0.2154479527559055
 30
0
 11
2.011897244094488
 21
-0.2155046850393701
 31
0
  0
LINE
  5
9C
330
1A
100
AcDbEntity
  8
BLACK
  6
CONTINUOUS
100
AcDbLine
 10
2.011897244094488
 20
-0.2155046850393701
 30
0
 11
1.9894000787401573
 21
-0.2155046850393701
 31
0
  0
LINE
  5
9D
330
1A
100
AcDbEntity
  8
BLACK
  6
CONTINUOUS
100
AcDbLine
 10
1.9894000787401573
 20
-0.2155046850393701
 30
0
 11
1.9888240157480315
 21
-0.2154479527559055
 31
0
  0
LINE
  5
9E
330
1A
100
AcDbEntity
  8
BLACK
  6
CONTINUOUS
100
AcDbLine
 10
1.9888240157480315
 20
-0.2154479527559055
 30
0
 11
1.9877596062992124
 21
-0.2150070472440945
 31
0
  0
LINE
  5
9F
330
1A
100
AcDbEntity
  8
BLACK
  6
CONTINUOUS
100
AcDbLine
 10
1.9877596062992124
 20
-0.2150070472440945
 30
0
 11
1.9869449606299212
 21
-0.2141924015748032
 31
0
  0
LINE
  5
A0
330
1A
100
AcDbEntity
  8
BLACK
  6
CONTINUOUS
100
AcDbLine
 10
1.9869449606299212
 20
-0.2141924015748032
 30
0
 11
1.9865040551181101
 21
-0.2131279921259842
 31
0
  0
LINE
  5
A1
330
1A
100
AcDbEntity
  8
BLACK
  6
CONTINUOUS
100
AcDbLine
 10
1.9865040551181101
 20
-0.2131279921259842
 30
0
 11
1.9865040551181101
 21
-0.2119758661417323
 31
0
  0
LINE
  5
A2
330
1A
100
AcDbEntity
  8
BLACK
  6
CONTINUOUS
100
AcDbLine
 10
1.9865040551181101
 20
-0.2119758661417323
 30
0
 11
1.9869449606299212
 21
-0.2109114566929134
 31
0
  0
LINE
  5
A3
330
1A
100
AcDbEntity
  8
BLACK
  6
CONTINUOUS
100
AcDbLine
 10
1.9869449606299212
 20
-0.2109114566929134
 30
0
 11
1.9877596062992124
 21
-0.210096811023622
 31
0
  0
LINE
  5
A4
330
1A
100
AcDbEntity
  8
BLACK
  6
CONTINUOUS
100
AcDbLine
 10
1.9877596062992124
 20
-0.210096811023622
 30
0
 11
1.9888240157480315
 21
-0.209655905511811
 31
0
  0
LINE
  5
A5
330
1A
100
AcDbEntity
  8
BLACK
  6
CONTINUOUS
100
AcDbLine
 10
1.9888240157480315
 20
-0.209655905511811
 30
0
 11
1.9894000787401573
 21
-0.2095991732283465
 31
0
  0
LINE
  5
A6
330
1A
100
AcDbEntity
  8
BLACK
  6
CONTINUOUS
100
AcDbLine
 10
1.9894000787401573
 20
-0.2095991732283465
 30
0
 11
1.9976959055118111
 21
-0.2095991732283465
 31
0
  0
LINE
  5
A7
330
1A
100
AcDbEntity
  8
BLACK
  6
CONTINUOUS
100
AcDbLine
 10
1.9976959055118111
 20
-0.2095991732283465
 30
0
 11
1.9976959055118111
 21
-0.1821851968503937
 31
0
  0
LINE
  5
A8
330
1A
100
AcDbEntity
  8
BLACK
  6
CONTINUOUS
100
AcDbLine
 10
1.9976959055118111
 20
-0.1821851968503937
 30
0
 11
1.9952375196850394
 21
-0.1846435826771654
 31
0
  0
LINE
  5
A9
330
1A
100
AcDbEntity
  8
BLACK
  6
CONTINUOUS
100
AcDbLine
 10
1.9952375196850394
 20
-0.1846435826771654
 30
0
 11
1.9950111417322833
 21
-0.1848293307086614
 31
0
  0
LINE
  5
AA
330
1A
100
AcDbEntity
  8
BLACK
  6
CONTINUOUS
100
AcDbLine
 10
1.9950111417322833
 20
-0.1848293307086614
 30
0
 11
1.9949599999999998
 21
-0.1848883464566929
 31
0
  0
LINE
  5
AB
330
1A
100
AcDbEntity
  8
BLACK
  6
CONTINUOUS
100
AcDbLine
 10
1.9949599999999998
 20
-0.1848883464566929
 30
0
 11
1.9948710236220473
 21
-0.1849442913385827
 31
0
  0
LINE
  5
AC
330
1A
100
AcDbEntity
  8
BLACK
  6
CONTINUOUS
100
AcDbLine
 10
1.9948710236220473
 20
-0.1849442913385827
 30
0
 11
1.9947900787401573
 21
-0.1850107874015748
 31
0
  0
LINE
  5
AD
330
1A
100
AcDbEntity
  8
BLACK
  6
CONTINUOUS
100
AcDbLine
 10
1.9947900787401573
 20
-0.1850107874015748
 30
0
 11
1.9947181102362204
 21
-0.1850405905511811
 31
0
  0
LINE
  5
AE
330
1A
100
AcDbEntity
  8
BLACK
  6
CONTINUOUS
100
AcDbLine
 10
1.9947181102362204
 20
-0.1850405905511811
 30
0
 11
1.9944701181102362
 21
-0.1851966929133858
 31
0
  0
LINE
  5
AF
330
1A
100
AcDbEntity
  8
BLACK
  6
CONTINUOUS
100
AcDbLine
 10
1.9944701181102362
 20
-0.1851966929133858
 30
0
 11
1.9907205905511811
 21
-0.1870714566929134
 31
0
  0
LINE
  5
B0
330
1A
100
AcDbEntity
  8
BLACK
  6
CONTINUOUS
100
AcDbLine
 10
1.9907205905511811
 20
-0.1870714566929134
 30
0
 11
1.9901799606299213
 21
-0.1872783464566929
 31
0
  0
LINE
  5
B1
330
1A
100
AcDbEntity
  8
BLACK
  6
CONTINUOUS
100
AcDbLine
 10
1.9901799606299213
 20
-0.1872783464566929
 30
0
 11
1.9890307480314959
 21
-0.18736
 31
0
  0
LINE
  5
B2
330
1A
100
AcDbEntity
  8
BLACK
  6
CONTINUOUS
100
AcDbLine
 10
1.9890307480314959
 20
-0.18736
 30
0
 11
1.9879377952755906
 21
-0.1869956692913386
 31
0
  0
LINE
  5
B3
330
1A
100
AcDbEntity
  8
BLACK
  6
CONTINUOUS
100
AcDbLine
 10
1.9879377952755906
 20
-0.1869956692913386
 30
0
 11
1.9870674015748031
 21
-0.1862408267716535
 31
0
  0
LINE
  5
B4
330
1A
100
AcDbEntity
  8
BLACK
  6
CONTINUOUS
100
AcDbLine
 10
1.9870674015748031
 20
-0.1862408267716535
 30
0
 11
1.9865521653543308
 21
-0.1852103149606299
 31
0
  0
LINE
  5
B5
330
1A
100
AcDbEntity
  8
BLACK
  6
CONTINUOUS
100
AcDbLine
 10
1.9865521653543308
 20
-0.1852103149606299
 30
0
 11
1.9864705118110235
 21
-0.1840611023622047
 31
0
  0
LINE
  5
B6
330
1A
100
AcDbEntity
  8
BLACK
  6
CONTINUOUS
100
AcDbLine
 10
1.9864705118110235
 20
-0.1840611023622047
 30
0
 11
1.9868348425196849
 21
-0.1829681496062992
 31
0
  0
LINE
  5
B7
330
1A
100
AcDbEntity
  8
BLACK
  6
CONTINUOUS
100
AcDbLine
 10
1.9868348425196849
 20
-0.1829681496062992
 30
0
 11
1.9875896850393699
 21
-0.1820977559055118
 31
0
  0
LINE
  5
B8
330
1A
100
AcDbEntity
  8
BLACK
  6
CONTINUOUS
100
AcDbLine
 10
1.9875896850393699
 20
-0.1820977559055118
 30
0
 11
1.9880795669291338
 21
-0.1817894094488189
 31
0
  0
LINE
  5
B9
330
1A
100
AcDbEntity
  8
BLACK
  6
CONTINUOUS
100
AcDbLine
 10
1.9880795669291338
 20
-0.1817894094488189
 30
0
 11
1.9914005118110236
 21
-0.180128937007874
 31
0
  0
LINE
  5
BA
330
1A
100
AcDbEntity
  8
BLACK
  6
CONTINUOUS
100
AcDbLine
 10
1.9914005118110236
 20
-0.180128937007874
 30
0
 11
1.9946044094488189
 21
-0.1769250393700787
 31
0
  0
LINE
  5
BB
330
1A
100
AcDbEntity
  8
BLACK
  6
CONTINUOUS
100
AcDbLine
 10
1.9946044094488189
 20
-0.1769250393700787
 30
0
 11
1.9981918110236221
 21
-0.171543937007874
 31
0
  0
LINE
  5
BC
330
1A
100
AcDbEntity
  8
BLACK
  6
CONTINUOUS
100
AcDbLine
 10
1.9981918110236221
 20
-0.171543937007874
 30
0
 11
1.9981931496062992
 21
-0.1715422440944882
 31
0
  0
LINE
  5
BD
330
1A
100
AcDbEntity
  8
BLACK
  6
CONTINUOUS
100
AcDbLine
 10
1.9981931496062992
 20
-0.1715422440944882
 30
0
 11
1.9981935433070865
 21
-0.1715413779527559
 31
0
  0
LINE
  5
BE
330
1A
100
AcDbEntity
  8
BLACK
  6
CONTINUOUS
100
AcDbLine
 10
1.9981935433070865
 20
-0.1715413779527559
 30
0
 11
1.9981955511811023
 21
-0.1715393307086614
 31
0
  0
LINE
  5
BF
330
1A
100
AcDbEntity
  8
BLACK
  6
CONTINUOUS
100
AcDbLine
 10
1.9981955511811023
 20
-0.1715393307086614
 30
0
 11
1.9985585826771652
 21
-0.1710961023622047
 31
0
  0
LINE
  5
C0
330
1A
100
AcDbEntity
  8
BLACK
  6
CONTINUOUS
100
AcDbLine
 10
1.9985585826771652
 20
-0.1710961023622047
 30
0
 11
1.9988014566929133
 21
-0.1709334251968504
 31
0
  0
LINE
  5
C1
330
1A
100
AcDbEntity
  8
BLACK
  6
CONTINUOUS
100
AcDbLine
 10
1.9988014566929133
 20
-0.1709334251968504
 30
0
 11
1.999008188976378
 21
-0.1707267322834645
 31
0
  0
LINE
  5
C2
330
1A
100
AcDbEntity
  8
BLACK
  6
CONTINUOUS
100
AcDbLine
 10
1.999008188976378
 20
-0.1707267322834645
 30
0
 11
1.9992754724409449
 21
-0.1706159842519685
 31
0
  0
LINE
  5
C3
330
1A
100
AcDbEntity
  8
BLACK
  6
CONTINUOUS
100
AcDbLine
 10
1.9992754724409449
 20
-0.1706159842519685
 30
0
 11
1.9995158661417323
 21
-0.1704550393700787
 31
0
  0
LINE
  5
C4
330
1A
100
AcDbEntity
  8
BLACK
  6
CONTINUOUS
100
AcDbLine
 10
1.9995158661417323
 20
-0.1704550393700787
 30
0
 11
1.9998024803149606
 21
-0.1703976771653543
 31
0
  0
LINE
  5
C5
330
1A
100
AcDbEntity
  8
BLACK
  6
CONTINUOUS
100
AcDbLine
 10
1.9998024803149606
 20
-0.1703976771653543
 30
0
 11
2.0000725984251968
 21
-0.1702858267716535
 31
0
  0
LINE
  5
C6
330
1A
100
AcDbEntity
  8
BLACK
  6
CONTINUOUS
100
AcDbLine
 10
2.0000725984251968
 20
-0.1702858267716535
 30
0
 11
2.0003618897637794
 21
-0.1702858267716535
 31
0
  0
LINE
  5
C7
330
1A
100
AcDbEntity
  8
BLACK
  6
CONTINUOUS
100
AcDbLine
 10
2.0003618897637794
 20
-0.1702858267716535
 30
0
 11
2.0006455511811021
 21
-0.170229094488189
 31
0
  0
LINE
  5
C8
330
1A
100
AcDbEntity
  8
BLACK
  6
CONTINUOUS
100
AcDbLine
 10
2.0006455511811021
 20
-0.170229094488189
 30
0
 11
2.0009323228346458
 21
-0.1702858267716535
 31
0
  0
LINE
  5
C9
330
1A
100
AcDbEntity
  8
BLACK
  6
CONTINUOUS
100
AcDbLine
 10
2.0462190944881891
 20
-0.1702858267716535
 30
0
 11
2.0472835039370079
 21
-0.1707267322834645
 31
0
  0
LINE
  5
CA
330
1A
100
AcDbEntity
  8
BLACK
  6
CONTINUOUS
100
AcDbLine
 10
2.0472835039370079
 20
-0.1707267322834645
 30
0
 11
2.0480981496062993
 21
-0.1715413779527559
 31
0
  0
LINE
  5
CB
330
1A
100
AcDbEntity
  8
BLACK
  6
CONTINUOUS
100
AcDbLine
 10
2.0480981496062993
 20
-0.1715413779527559
 30
0
 11
2.0485390551181104
 21
-0.1726057874015748
 31
0
  0
LINE
  5
CC
330
1A
100
AcDbEntity
  8
BLACK
  6
CONTINUOUS
100
AcDbLine
 10
2.0485390551181104
 20
-0.1726057874015748
 30
0
 11
2.0485390551181104
 21
-0.1737579133858268
 31
0
  0
LINE
  5
CD
330
1A
100
AcDbEntity
  8
BLACK
  6
CONTINUOUS
100
AcDbLine
 10
2.0485390551181104
 20
-0.1737579133858268
 30
0
 11
2.0480981496062993
 21
-0.1748223228346457
 31
0
  0
LINE
  5
CE
330
1A
100
AcDbEntity
  8
BLACK
  6
CONTINUOUS
100
AcDbLine
 10
2.0480981496062993
 20
-0.1748223228346457
 30
0
 11
2.0472835039370079
 21
-0.175636968503937
 31
0
  0
LINE
  5
CF
330
1A
100
AcDbEntity
  8
BLACK
  6
CONTINUOUS
100
AcDbLine
 10
2.0472835039370079
 20
-0.175636968503937
 30
0
 11
2.0462190944881891
 21
-0.176077874015748
 31
0
  0
LINE
  5
D0
330
1A
100
AcDbEntity
  8
BLACK
  6
CONTINUOUS
100
AcDbLine
 10
2.0462190944881891
 20
-0.176077874015748
 30
0
 11
2.0456430314960627
 21
-0.1761346062992126
 31
0
  0
LINE
  5
D1
330
1A
100
AcDbEntity
  8
BLACK
  6
CONTINUOUS
100
AcDbLine
 10
2.0456430314960627
 20
-0.1761346062992126
 30
0
 11
2.0388410236220471
 21
-0.1761346062992126
 31
0
  0
LINE
  5
D2
330
1A
100
AcDbEntity
  8
BLACK
  6
CONTINUOUS
100
AcDbLine
 10
2.0388410236220471
 20
-0.1761346062992126
 30
0
 11
2.0361435433070865
 21
-0.1774833464566929
 31
0
  0
LINE
  5
D3
330
1A
100
AcDbEntity
  8
BLACK
  6
CONTINUOUS
100
AcDbLine
 10
2.0361435433070865
 20
-0.1774833464566929
 30
0
 11
2.0348143307086612
 21
-0.1788125196850394
 31
0
  0
LINE
  5
D4
330
1A
100
AcDbEntity
  8
BLACK
  6
CONTINUOUS
100
AcDbLine
 10
2.0348143307086612
 20
-0.1788125196850394
 30
0
 11
2.0315107086614175
 21
-0.1837679921259842
 31
0
  0
LINE
  5
D5
330
1A
100
AcDbEntity
  8
BLACK
  6
CONTINUOUS
100
AcDbLine
 10
2.0315107086614175
 20
-0.1837679921259842
 30
0
 11
2.0307814173228347
 21
-0.1866851968503937
 31
0
  0
LINE
  5
D6
330
1A
100
AcDbEntity
  8
BLACK
  6
CONTINUOUS
100
AcDbLine
 10
2.0307814173228347
 20
-0.1866851968503937
 30
0
 11
2.0330739370078739
 21
-0.185538937007874
 31
0
  0
LINE
  5
D7
330
1A
100
AcDbEntity
  8
BLACK
  6
CONTINUOUS
100
AcDbLine
 10
2.0330739370078739
 20
-0.185538937007874
 30
0
 11
2.0336145275590551
 21
-0.1853320472440945
 31
0
  0
LINE
  5
D8
330
1A
100
AcDbEntity
  8
BLACK
  6
CONTINUOUS
100
AcDbLine
 10
2.0336145275590551
 20
-0.1853320472440945
 30
0
 11
2.0337203937007873
 21
-0.1853244881889764
 31
0
  0
LINE
  5
D9
330
1A
100
AcDbEntity
  8
BLACK
  6
CONTINUOUS
100
AcDbLine
 10
2.0337203937007873
 20
-0.1853244881889764
 30
0
 11
2.0338183858267715
 21
-0.185283937007874
 31
0
  0
LINE
  5
DA
330
1A
100
AcDbEntity
  8
BLACK
  6
CONTINUOUS
100
AcDbLine
 10
2.0338183858267715
 20
-0.185283937007874
 30
0
 11
2.0343944488188974
 21
-0.1852272047244095
 31
0
  0
LINE
  5
DB
330
1A
100
AcDbEntity
  8
BLACK
  6
CONTINUOUS
100
AcDbLine
 10
2.0343944488188974
 20
-0.1852272047244095
 30
0
 11
2.0418935039370076
 21
-0.1852272047244095
 31
0
  0
LINE
  5
DC
330
1A
100
AcDbEntity
  8
BLACK
  6
CONTINUOUS
100
AcDbLine
 10
2.0418935039370076
 20
-0.1852272047244095
 30
0
 11
2.042469566929134
 21
-0.185283937007874
 31
0
  0
LINE
  5
DD
330
1A
100
AcDbEntity
  8
BLACK
  6
CONTINUOUS
100
AcDbLine
 10
2.042469566929134
 20
-0.185283937007874
 30
0
 11
2.0425675590551182
 21
-0.1853245275590551
 31
0
  0
LINE
  5
DE
330
1A
100
AcDbEntity
  8
BLACK
  6
CONTINUOUS
100
AcDbLine
 10
2.0425675590551182
 20
-0.1853245275590551
 30
0
 11
2.0426733858267716
 21
-0.1853320472440945
 31
0
  0
LINE
  5
DF
330
1A
100
AcDbEntity
  8
BLACK
  6
CONTINUOUS
100
AcDbLine
 10
2.0426733858267716
 20
-0.1853320472440945
 30
0
 11
2.0432140157480316
 21
-0.185538937007874
 31
0
  0
LINE
  5
E0
330
1A
100
AcDbEntity
  8
BLACK
  6
CONTINUOUS
100
AcDbLine
 10
2.0432140157480316
 20
-0.185538937007874
 30
0
 11
2.0469635433070867
 21
-0.1874137007874016
 31
0
  0
LINE
  5
E1
330
1A
100
AcDbEntity
  8
BLACK
  6
CONTINUOUS
100
AcDbLine
 10
2.0469635433070867
 20
-0.1874137007874016
 30
0
 11
2.0472115354330707
 21
-0.1875697637795276
 31
0
  0
LINE
  5
E2
330
1A
100
AcDbEntity
  8
BLACK
  6
CONTINUOUS
100
AcDbLine
 10
2.0472115354330707
 20
-0.1875697637795276
 30
0
 11
2.0472835039370079
 21
-0.1875996062992126
 31
0
  0
LINE
  5
E3
330
1A
100
AcDbEntity
  8
BLACK
  6
CONTINUOUS
100
AcDbLine
 10
2.0472835039370079
 20
-0.1875996062992126
 30
0
 11
2.0473644488188976
 21
-0.187666062992126
 31
0
  0
LINE
  5
E4
330
1A
100
AcDbEntity
  8
BLACK
  6
CONTINUOUS
100
AcDbLine
 10
2.0473644488188976
 20
-0.187666062992126
 30
0
 11
2.0474534251968501
 21
-0.1877220472440945
 31
0
  0
LINE
  5
E5
330
1A
100
AcDbEntity
  8
BLACK
  6
CONTINUOUS
100
AcDbLine
 10
2.0474534251968501
 20
-0.1877220472440945
 30
0
 11
2.0475045669291339
 21
-0.1877810236220472
 31
0
  0
LINE
  5
E6
330
1A
100
AcDbEntity
  8
BLACK
  6
CONTINUOUS
100
AcDbLine
 10
2.0475045669291339
 20
-0.1877810236220472
 30
0
 11
2.0477309448818897
 21
-0.187966811023622
 31
0
  0
LINE
  5
E7
330
1A
100
AcDbEntity
  8
BLACK
  6
CONTINUOUS
100
AcDbLine
 10
2.0477309448818897
 20
-0.187966811023622
 30
0
 11
2.0496057086614172
 21
-0.1898415748031496
 31
0
  0
LINE
  5
E8
330
1A
100
AcDbEntity
  8
BLACK
  6
CONTINUOUS
100
AcDbLine
 10
2.0496057086614172
 20
-0.1898415748031496
 30
0
 11
2.0497914566929132
 21
-0.1900679133858268
 31
0
  0
LINE
  5
E9
330
1A
100
AcDbEntity
  8
BLACK
  6
CONTINUOUS
100
AcDbLine
 10
2.0497914566929132
 20
-0.1900679133858268
 30
0
 11
2.0498504724409448
 21
-0.190119094488189
 31
0
  0
LINE
  5
EA
330
1A
100
AcDbEntity
  8
BLACK
  6
CONTINUOUS
100
AcDbLine
 10
2.0498504724409448
 20
-0.190119094488189
 30
0
 11
2.0499064173228345
 21
-0.190208031496063
 31
0
  0
LINE
  5
EB
330
1A
100
AcDbEntity
  8
BLACK
  6
CONTINUOUS
100
AcDbLine
 10
2.0499064173228345
 20
-0.190208031496063
 30
0
 11
2.0499729133858269
 21
-0.1902890157480315
 31
0
  0
LINE
  5
EC
330
1A
100
AcDbEntity
  8
BLACK
  6
CONTINUOUS
100
AcDbLine
 10
2.0499729133858269
 20
-0.1902890157480315
 30
0
 11
2.0500027165354329
 21
-0.1903609448818898
 31
0
  0
LINE
  5
ED
330
1A
100
AcDbEntity
  8
BLACK
  6
CONTINUOUS
100
AcDbLine
 10
2.0500027165354329
 20
-0.1903609448818898
 30
0
 11
2.0501588188976378
 21
-0.1906089763779527
 31
0
  0
LINE
  5
EE
330
1A
100
AcDbEntity
  8
BLACK
  6
CONTINUOUS
100
AcDbLine
 10
2.0501588188976378
 20
-0.1906089763779527
 30
0
 11
2.0520335826771654
 21
-0.1943585039370079
 31
0
  0
LINE
  5
EF
330
1A
100
AcDbEntity
  8
BLACK
  6
CONTINUOUS
100
AcDbLine
 10
2.0520335826771654
 20
-0.1943585039370079
 30
0
 11
2.0522404724409449
 21
-0.194899094488189
 31
0
  0
LINE
  5
F0
330
1A
100
AcDbEntity
  8
BLACK
  6
CONTINUOUS
100
AcDbLine
 10
2.0522404724409449
 20
-0.194899094488189
 30
0
 11
2.0522479921259844
 21
-0.1950049606299213
 31
0
  0
LINE
  5
F1
330
1A
100
AcDbEntity
  8
BLACK
  6
CONTINUOUS
100
AcDbLine
 10
2.0522479921259844
 20
-0.1950049606299213
 30
0
 11
2.0522885826771655
 21
-0.1951029527559055
 31
0
  0
LINE
  5
F2
330
1A
100
AcDbEntity
  8
BLACK
  6
CONTINUOUS
100
AcDbLine
 10
2.0522885826771655
 20
-0.1951029527559055
 30
0
 11
2.0523453149606299
 21
-0.1956790157480315
 31
0
  0
LINE
  5
F3
330
1A
100
AcDbEntity
  8
BLACK
  6
CONTINUOUS
100
AcDbLine
 10
2.0523453149606299
 20
-0.1956790157480315
 30
0
 11
2.0523453149606299
 21
-0.2050528346456693
 31
0
  0
LINE
  5
F4
330
1A
100
AcDbEntity
  8
BLACK
  6
CONTINUOUS
100
AcDbLine
 10
2.0523453149606299
 20
-0.2050528346456693
 30
0
 11
2.0522885826771655
 21
-0.2056288976377953
 31
0
  0
LINE
  5
F5
330
1A
100
AcDbEntity
  8
BLACK
  6
CONTINUOUS
100
AcDbLine
 10
2.0522885826771655
 20
-0.2056288976377953
 30
0
 11
2.0522479921259844
 21
-0.2057268503937008
 31
0
  0
LINE
  5
F6
330
1A
100
AcDbEntity
  8
BLACK
  6
CONTINUOUS
100
AcDbLine
 10
2.0522479921259844
 20
-0.2057268503937008
 30
0
 11
2.0522404724409449
 21
-0.2058327559055118
 31
0
  0
LINE
  5
F7
330
1A
100
AcDbEntity
  8
BLACK
  6
CONTINUOUS
100
AcDbLine
 10
2.0522404724409449
 20
-0.2058327559055118
 30
0
 11
2.0520335826771654
 21
-0.2063733464566929
 31
0
  0
LINE
  5
F8
330
1A
100
AcDbEntity
  8
BLACK
  6
CONTINUOUS
100
AcDbLine
 10
2.0520335826771654
 20
-0.2063733464566929
 30
0
 11
2.0501588188976378
 21
-0.210122874015748
 31
0
  0
LINE
  5
F9
330
1A
100
AcDbEntity
  8
BLACK
  6
CONTINUOUS
100
AcDbLine
 10
2.0501588188976378
 20
-0.210122874015748
 30
0
 11
2.0500027559055116
 21
-0.2103707480314961
 31
0
  0
LINE
  5
FA
330
1A
100
AcDbEntity
  8
BLACK
  6
CONTINUOUS
100
AcDbLine
 10
2.0500027559055116
 20
-0.2103707480314961
 30
0
 11
2.0499729527559056
 21
-0.2104427952755905
 31
0
  0
LINE
  5
FB
330
1A
100
AcDbEntity
  8
BLACK
  6
CONTINUOUS
100
AcDbLine
 10
2.0499729527559056
 20
-0.2104427952755905
 30
0
 11
2.0499064173228345
 21
-0.2105238188976378
 31
0
  0
LINE
  5
FC
330
1A
100
AcDbEntity
  8
BLACK
  6
CONTINUOUS
100
AcDbLine
 10
2.0499064173228345
 20
-0.2105238188976378
 30
0
 11
2.0498504724409448
 21
-0.2106127559055118
 31
0
  0
LINE
  5
FD
330
1A
100
AcDbEntity
  8
BLACK
  6
CONTINUOUS
100
AcDbLine
 10
2.0498504724409448
 20
-0.2106127559055118
 30
0
 11
2.0497914566929132
 21
-0.2106638976377953
 31
0
  0
LINE
  5
FE
330
1A
100
AcDbEntity
  8
BLACK
  6
CONTINUOUS
100
AcDbLine
 10
2.0497914566929132
 20
-0.2106638976377953
 30
0
 11
2.0496057086614172
 21
-0.2108902755905512
 31
0
  0
LINE
  5
FF
330
1A
100
AcDbEntity
  8
BLACK
  6
CONTINUOUS
100
AcDbLine
 10
2.0496057086614172
 20
-0.2108902755905512
 30
0
 11
2.0477309842519684
 21
-0.2127650393700787
 31
0
  0
LINE
  5
100
330
1A
100
AcDbEntity
  8
BLACK
  6
CONTINUOUS
100
AcDbLine
 10
2.0477309842519684
 20
-0.2127650393700787
 30
0
 11
2.0475046062992126
 21
-0.2129507874015748
 31
0
  0
LINE
  5
101
330
1A
100
AcDbEntity
  8
BLACK
  6
CONTINUOUS
100
AcDbLine
 10
2.0475046062992126
 20
-0.2129507874015748
 30
0
 11
2.0474534251968501
 21
-0.213009842519685
 31
0
  0
LINE
  5
102
330
1A
100
AcDbEntity
  8
BLACK
  6
CONTINUOUS
100
AcDbLine
 10
2.0474534251968501
 20
-0.213009842519685
 30
0
 11
2.0473644488188976
 21
-0.2130658267716535
 31
0
  0
LINE
  5
103
330
1A
100
AcDbEntity
  8
BLACK
  6
CONTINUOUS
100
AcDbLine
 10
2.0473644488188976
 20
-0.2130658267716535
 30
0
 11
2.0472835039370079
 21
-0.2131322834645669
 31
0
  0
LINE
  5
104
330
1A
100
AcDbEntity
  8
BLACK
  6
CONTINUOUS
100
AcDbLine
 10
2.0472835039370079
 20
-0.2131322834645669
 30
0
 11
2.0472115354330707
 21
-0.2131620866141732
 31
0
  0
LINE
  5
105
330
1A
100
AcDbEntity
  8
BLACK
  6
CONTINUOUS
100
AcDbLine
 10
2.0472115354330707
 20
-0.2131620866141732
 30
0
 11
2.0469635433070867
 21
-0.2133181889763779
 31
0
  0
LINE
  5
106
330
1A
100
AcDbEntity
  8
BLACK
  6
CONTINUOUS
100
AcDbLine
 10
2.0469635433070867
 20
-0.2133181889763779
 30
0
 11
2.0432140157480316
 21
-0.2151929527559055
 31
0
  0
LINE
  5
107
330
1A
100
AcDbEntity
  8
BLACK
  6
CONTINUOUS
100
AcDbLine
 10
2.0432140157480316
 20
-0.2151929527559055
 30
0
 11
2.0426733858267716
 21
-0.215399842519685
 31
0
  0
LINE
  5
108
330
1A
100
AcDbEntity
  8
BLACK
  6
CONTINUOUS
100
AcDbLine
 10
2.0426733858267716
 20
-0.215399842519685
 30
0
 11
2.0425675590551182
 21
-0.2154073228346457
 31
0
  0
LINE
  5
109
330
1A
100
AcDbEntity
  8
BLACK
  6
CONTINUOUS
100
AcDbLine
 10
2.0425675590551182
 20
-0.2154073228346457
 30
0
 11
2.042469566929134
 21
-0.2154479527559055
 31
0
  0
LINE
  5
10A
330
1A
100
AcDbEntity
  8
BLACK
  6
CONTINUOUS
100
AcDbLine
 10
2.042469566929134
 20
-0.2154479527559055
 30
0
 11
2.0418935039370076
 21
-0.2155046850393701
 31
0
  0
LINE
  5
10B
330
1A
100
AcDbEntity
  8
BLACK
  6
CONTINUOUS
100
AcDbLine
 10
2.0418935039370076
 20
-0.2155046850393701
 30
0
 11
2.0343944488188974
 21
-0.2155046850393701
 31
0
  0
LINE
  5
10C
330
1A
100
AcDbEntity
  8
BLACK
  6
CONTINUOUS
100
AcDbLine
 10
2.0343944488188974
 20
-0.2155046850393701
 30
0
 11
2.0338183858267715
 21
-0.2154479527559055
 31
0
  0
LINE
  5
10D
330
1A
100
AcDbEntity
  8
BLACK
  6
CONTINUOUS
100
AcDbLine
 10
2.0338183858267715
 20
-0.2154479527559055
 30
0
 11
2.0337203937007873
 21
-0.2154073622047244
 31
0
  0
LINE
  5
10E
330
1A
100
AcDbEntity
  8
BLACK
  6
CONTINUOUS
100
AcDbLine
 10
2.0337203937007873
 20
-0.2154073622047244
 30
0
 11
2.0336145275590551
 21
-0.215399842519685
 31
0
  0
LINE
  5
10F
330
1A
100
AcDbEntity
  8
BLACK
  6
CONTINUOUS
100
AcDbLine
 10
2.0336145275590551
 20
-0.215399842519685
 30
0
 11
2.0330739370078739
 21
-0.2151929527559055
 31
0
  0
LINE
  5
110
330
1A
100
AcDbEntity
  8
BLACK
  6
CONTINUOUS
100
AcDbLine
 10
2.0330739370078739
 20
-0.2151929527559055
 30
0
 11
2.0293244094488188
 21
-0.2133181889763779
 31
0
  0
LINE
  5
111
330
1A
100
AcDbEntity
  8
BLACK
  6
CONTINUOUS
100
AcDbLine
 10
2.0293244094488188
 20
-0.2133181889763779
 30
0
 11
2.0290763779527556
 21
-0.2131620866141732
 31
0
  0
LINE
  5
112
330
1A
100
AcDbEntity
  8
BLACK
  6
CONTINUOUS
100
AcDbLine
 10
2.0290763779527556
 20
-0.2131620866141732
 30
0
 11
2.0290044488188976
 21
-0.2131322834645669
 31
0
  0
LINE
  5
113
330
1A
100
AcDbEntity
  8
BLACK
  6
CONTINUOUS
100
AcDbLine
 10
2.0290044488188976
 20
-0.2131322834645669
 30
0
 11
2.0289234645669292
 21
-0.2130658267716535
 31
0
  0
LINE
  5
114
330
1A
100
AcDbEntity
  8
BLACK
  6
CONTINUOUS
100
AcDbLine
 10
2.0289234645669292
 20
-0.2130658267716535
 30
0
 11
2.0288345275590549
 21
-0.213009842519685
 31
0
  0
LINE
  5
115
330
1A
100
AcDbEntity
  8
BLACK
  6
CONTINUOUS
100
AcDbLine
 10
2.0288345275590549
 20
-0.213009842519685
 30
0
 11
2.0287833070866141
 21
-0.2129507874015748
 31
0
  0
LINE
  5
116
330
1A
100
AcDbEntity
  8
BLACK
  6
CONTINUOUS
100
AcDbLine
 10
2.0287833070866141
 20
-0.2129507874015748
 30
0
 11
2.0285569685039371
 21
-0.2127650393700787
 31
0
  0
LINE
  5
117
330
1A
100
AcDbEntity
  8
BLACK
  6
CONTINUOUS
100
AcDbLine
 10
2.0285569685039371
 20
-0.2127650393700787
 30
0
 11
2.0266822047244095
 21
-0.2108902362204724
 31
0
  0
LINE
  5
118
330
1A
100
AcDbEntity
  8
BLACK
  6
CONTINUOUS
100
AcDbLine
 10
2.0266822047244095
 20
-0.2108902362204724
 30
0
 11
2.0264964566929136
 21
-0.2106638976377953
 31
0
  0
LINE
  5
119
330
1A
100
AcDbEntity
  8
BLACK
  6
CONTINUOUS
100
AcDbLine
 10
2.0264964566929136
 20
-0.2106638976377953
 30
0
 11
2.0264374803149607
 21
-0.2106127559055118
 31
0
  0
LINE
  5
11A
330
1A
100
AcDbEntity
  8
BLACK
  6
CONTINUOUS
100
AcDbLine
 10
2.0264374803149607
 20
-0.2106127559055118
 30
0
 11
2.0263814960629922
 21
-0.2105238188976378
 31
0
  0
LINE
  5
11B
330
1A
100
AcDbEntity
  8
BLACK
  6
CONTINUOUS
100
AcDbLine
 10
2.0263814960629922
 20
-0.2105238188976378
 30
0
 11
2.0263149999999999
 21
-0.2104427952755905
 31
0
  0
LINE
  5
11C
330
1A
100
AcDbEntity
  8
BLACK
  6
CONTINUOUS
100
AcDbLine
 10
2.0263149999999999
 20
-0.2104427952755905
 30
0
 11
2.0262851574803151
 21
-0.2103707480314961
 31
0
  0
LINE
  5
11D
330
1A
100
AcDbEntity
  8
BLACK
  6
CONTINUOUS
100
AcDbLine
 10
2.0262851574803151
 20
-0.2103707480314961
 30
0
 11
2.0261291338582677
 21
-0.210122874015748
 31
0
  0
LINE
  5
11E
330
1A
100
AcDbEntity
  8
BLACK
  6
CONTINUOUS
100
AcDbLine
 10
2.0261291338582677
 20
-0.210122874015748
 30
0
 11
2.0242543700787401
 21
-0.2063733464566929
 31
0
  0
LINE
  5
11F
330
1A
100
AcDbEntity
  8
BLACK
  6
CONTINUOUS
100
AcDbLine
 10
2.0242543700787401
 20
-0.2063733464566929
 30
0
 11
2.0240474803149606
 21
-0.2058327165354331
 31
0
  0
LINE
  5
120
330
1A
100
AcDbEntity
  8
BLACK
  6
CONTINUOUS
100
AcDbLine
 10
2.0240474803149606
 20
-0.2058327165354331
 30
0
 11
2.0240399606299211
 21
-0.2057268897637795
 31
0
  0
LINE
  5
121
330
1A
100
AcDbEntity
  8
BLACK
  6
CONTINUOUS
100
AcDbLine
 10
2.0240399606299211
 20
-0.2057268897637795
 30
0
 11
2.02399937007874
 21
-0.2056288976377953
 31
0
  0
LINE
  5
122
330
1A
100
AcDbEntity
  8
BLACK
  6
CONTINUOUS
100
AcDbLine
 10
2.02399937007874
 20
-0.2056288976377953
 30
0
 11
2.0239426377952756
 21
-0.2050528346456693
 31
0
  0
LINE
  5
123
330
1A
100
AcDbEntity
  8
BLACK
  6
CONTINUOUS
100
AcDbLine
 10
2.0239426377952756
 20
-0.2050528346456693
 30
0
 11
2.0239426377952756
 21
-0.1900547244094488
 31
0
  0
LINE
  5
124
330
1A
100
AcDbEntity
  8
BLACK
  6
CONTINUOUS
100
AcDbLine
 10
2.0239426377952756
 20
-0.1900547244094488
 30
0
 11
2.0239525196850394
 21
-0.1899541732283465
 31
0
  0
LINE
  5
125
330
1A
100
AcDbEntity
  8
BLACK
  6
CONTINUOUS
100
AcDbLine
 10
2.0239525196850394
 20
-0.1899541732283465
 30
0
 11
2.0239461417322833
 21
-0.1899111811023622
 31
0
  0
LINE
  5
126
330
1A
100
AcDbEntity
  8
BLACK
  6
CONTINUOUS
100
AcDbLine
 10
2.0239461417322833
 20
-0.1899111811023622
 30
0
 11
2.0239779921259844
 21
-0.1896956692913386
 31
0
  0
LINE
  5
127
330
1A
100
AcDbEntity
  8
BLACK
  6
CONTINUOUS
100
AcDbLine
 10
2.0239779921259844
 20
-0.1896956692913386
 30
0
 11
2.02399937007874
 21
-0.1894786614173228
 31
0
  0
LINE
  5
128
330
1A
100
AcDbEntity
  8
BLACK
  6
CONTINUOUS
100
AcDbLine
 10
2.02399937007874
 20
-0.1894786614173228
 30
0
 11
2.0240159842519683
 21
-0.1894384251968504
 31
0
  0
LINE
  5
129
330
1A
100
AcDbEntity
  8
BLACK
  6
CONTINUOUS
100
AcDbLine
 10
2.0240159842519683
 20
-0.1894384251968504
 30
0
 11
2.0240307874015748
 21
-0.1893385826771654
 31
0
  0
LINE
  5
12A
330
1A
100
AcDbEntity
  8
BLACK
  6
CONTINUOUS
100
AcDbLine
 10
2.0240307874015748
 20
-0.1893385826771654
 30
0
 11
2.0259055511811024
 21
-0.1818395275590551
 31
0
  0
LINE
  5
12B
330
1A
100
AcDbEntity
  8
BLACK
  6
CONTINUOUS
100
AcDbLine
 10
2.0259055511811024
 20
-0.1818395275590551
 30
0
 11
2.0260268110236219
 21
-0.1815000393700787
 31
0
  0
LINE
  5
12C
330
1A
100
AcDbEntity
  8
BLACK
  6
CONTINUOUS
100
AcDbLine
 10
2.0260268110236219
 20
-0.1815000393700787
 30
0
 11
2.0260409842519684
 21
-0.1814285433070866
 31
0
  0
LINE
  5
12D
330
1A
100
AcDbEntity
  8
BLACK
  6
CONTINUOUS
100
AcDbLine
 10
2.0260409842519684
 20
-0.1814285433070866
 30
0
 11
2.0260755511811022
 21
-0.1813636614173228
 31
0
  0
LINE
  5
12E
330
1A
100
AcDbEntity
  8
BLACK
  6
CONTINUOUS
100
AcDbLine
 10
2.0260755511811022
 20
-0.1813636614173228
 30
0
 11
2.02610031496063
 21
-0.1812944094488189
 31
0
  0
LINE
  5
12F
330
1A
100
AcDbEntity
  8
BLACK
  6
CONTINUOUS
100
AcDbLine
 10
2.02610031496063
 20
-0.1812944094488189
 30
0
 11
2.0261437401574804
 21
-0.1812357874015748
 31
0
  0
LINE
  5
130
330
1A
100
AcDbEntity
  8
BLACK
  6
CONTINUOUS
100
AcDbLine
 10
2.0261437401574804
 20
-0.1812357874015748
 30
0
 11
2.0263133070866139
 21
-0.1809177559055118
 31
0
  0
LINE
  5
131
330
1A
100
AcDbEntity
  8
BLACK
  6
CONTINUOUS
100
AcDbLine
 10
2.0263133070866139
 20
-0.1809177559055118
 30
0
 11
2.0300628346456691
 21
-0.1752934645669291
 31
0
  0
LINE
  5
132
330
1A
100
AcDbEntity
  8
BLACK
  6
CONTINUOUS
100
AcDbLine
 10
2.0300628346456691
 20
-0.1752934645669291
 30
0
 11
2.0300641732283462
 21
-0.1752917716535433
 31
0
  0
LINE
  5
133
330
1A
100
AcDbEntity
  8
BLACK
  6
CONTINUOUS
100
AcDbLine
 10
2.0300641732283462
 20
-0.1752917716535433
 30
0
 11
2.0300645669291337
 21
-0.175290905511811
 31
0
  0
LINE
  5
134
330
1A
100
AcDbEntity
  8
BLACK
  6
CONTINUOUS
100
AcDbLine
 10
2.0300645669291337
 20
-0.175290905511811
 30
0
 11
2.0302412598425197
 21
-0.1750755905511811
 31
0
  0
LINE
  5
135
330
1A
100
AcDbEntity
  8
BLACK
  6
CONTINUOUS
100
AcDbLine
 10
2.0302412598425197
 20
-0.1750755905511811
 30
0
 11
2.0304296062992124
 21
-0.1748456299212598
 31
0
  0
LINE
  5
136
330
1A
100
AcDbEntity
  8
BLACK
  6
CONTINUOUS
100
AcDbLine
 10
2.0304296062992124
 20
-0.1748456299212598
 30
0
 11
2.0304304330708662
 21
-0.1748450393700787
 31
0
  0
LINE
  5
137
330
1A
100
AcDbEntity
  8
BLACK
  6
CONTINUOUS
100
AcDbLine
 10
2.0304304330708662
 20
-0.1748450393700787
 30
0
 11
2.0304317716535434
 21
-0.1748434645669291
 31
0
  0
LINE
  5
138
330
1A
100
AcDbEntity
  8
BLACK
  6
CONTINUOUS
100
AcDbLine
 10
2.0304317716535434
 20
-0.1748434645669291
 30
0
 11
2.0323065354330709
 21
-0.1729687007874016
 31
0
  0
LINE
  5
139
330
1A
100
AcDbEntity
  8
BLACK
  6
CONTINUOUS
100
AcDbLine
 10
2.0323065354330709
 20
-0.1729687007874016
 30
0
 11
2.032532874015748
 21
-0.1727829133858268
 31
0
  0
LINE
  5
13A
330
1A
100
AcDbEntity
  8
BLACK
  6
CONTINUOUS
100
AcDbLine
 10
2.032532874015748
 20
-0.1727829133858268
 30
0
 11
2.03258405511811
 21
-0.172723937007874
 31
0
  0
LINE
  5
13B
330
1A
100
AcDbEntity
  8
BLACK
  6
CONTINUOUS
100
AcDbLine
 10
2.03258405511811
 20
-0.172723937007874
 30
0
 11
2.0326729921259843
 21
-0.1726679527559055
 31
0
  0
LINE
  5
13C
330
1A
100
AcDbEntity
  8
BLACK
  6
CONTINUOUS
100
AcDbLine
 10
2.0326729921259843
 20
-0.1726679527559055
 30
0
 11
2.0327539763779527
 21
-0.1726014960629921
 31
0
  0
LINE
  5
13D
330
1A
100
AcDbEntity
  8
BLACK
  6
CONTINUOUS
100
AcDbLine
 10
2.0327539763779527
 20
-0.1726014960629921
 30
0
 11
2.0328259055118112
 21
-0.1725716535433071
 31
0
  0
LINE
  5
13E
330
1A
100
AcDbEntity
  8
BLACK
  6
CONTINUOUS
100
AcDbLine
 10
2.0328259055118112
 20
-0.1725716535433071
 30
0
 11
2.0330739370078739
 21
-0.1724155905511811
 31
0
  0
LINE
  5
13F
330
1A
100
AcDbEntity
  8
BLACK
  6
CONTINUOUS
100
AcDbLine
 10
2.0330739370078739
 20
-0.1724155905511811
 30
0
 11
2.036823464566929
 21
-0.1705408267716536
 31
0
  0
LINE
  5
140
330
1A
100
AcDbEntity
  8
BLACK
  6
CONTINUOUS
100
AcDbLine
 10
2.036823464566929
 20
-0.1705408267716536
 30
0
 11
2.0373640551181103
 21
-0.170333937007874
 31
0
  0
LINE
  5
141
330
1A
100
AcDbEntity
  8
BLACK
  6
CONTINUOUS
100
AcDbLine
 10
2.0373640551181103
 20
-0.170333937007874
 30
0
 11
2.0374699212598424
 21
-0.1703263779527559
 31
0
  0
LINE
  5
142
330
1A
100
AcDbEntity
  8
BLACK
  6
CONTINUOUS
100
AcDbLine
 10
2.0374699212598424
 20
-0.1703263779527559
 30
0
 11
2.0375679133858267
 21
-0.1702858267716535
 31
0
  0
LINE
  5
143
330
1A
100
AcDbEntity
  8
BLACK
  6
CONTINUOUS
100
AcDbLine
 10
2.0375679133858267
 20
-0.1702858267716535
 30
0
 11
2.0381439763779525
 21
-0.170229094488189
 31
0
  0
LINE
  5
144
330
1A
100
AcDbEntity
  8
BLACK
  6
CONTINUOUS
100
AcDbLine
 10
2.0381439763779525
 20
-0.170229094488189
 30
0
 11
2.0456430314960627
 21
-0.170229094488189
 31
0
  0
LINE
  5
145
330
1A
100
AcDbEntity
  8
BLACK
  6
CONTINUOUS
100
AcDbLine
 10
2.0456430314960627
 20
-0.170229094488189
 30
0
 11
2.0462190944881891
 21
-0.1702858267716535
 31
0
  0
LINE
  5
146
330
1A
100
AcDbEntity
  8
BLACK
  6
CONTINUOUS
100
AcDbLine
 10
2.0323940157480314
 20
-0.1924814566929134
 30
0
 11
2.0311968897637795
 21
-0.1936785826771653
 31
0
  0
LINE
  5
147
330
1A
100
AcDbEntity
  8
BLACK
  6
CONTINUOUS
100
AcDbLine
 10
2.0311968897637795
 20
-0.1936785826771653
 30
0
 11
2.0298481496062992
 21
-0.196376062992126
 31
0
  0
LINE
  5
148
330
1A
100
AcDbEntity
  8
BLACK
  6
CONTINUOUS
100
AcDbLine
 10
2.0298481496062992
 20
-0.196376062992126
 30
0
 11
2.0298481496062992
 21
-0.2043557874015748
 31
0
  0
LINE
  5
149
330
1A
100
AcDbEntity
  8
BLACK
  6
CONTINUOUS
100
AcDbLine
 10
2.0298481496062992
 20
-0.2043557874015748
 30
0
 11
2.0311968897637795
 21
-0.2070532677165354
 31
0
  0
LINE
  5
14A
330
1A
100
AcDbEntity
  8
BLACK
  6
CONTINUOUS
100
AcDbLine
 10
2.0311968897637795
 20
-0.2070532677165354
 30
0
 11
2.0323940157480314
 21
-0.2082504330708661
 31
0
  0
LINE
  5
14B
330
1A
100
AcDbEntity
  8
BLACK
  6
CONTINUOUS
100
AcDbLine
 10
2.0323940157480314
 20
-0.2082504330708661
 30
0
 11
2.035091496062992
 21
-0.2095991732283465
 31
0
  0
LINE
  5
14C
330
1A
100
AcDbEntity
  8
BLACK
  6
CONTINUOUS
100
AcDbLine
 10
2.035091496062992
 20
-0.2095991732283465
 30
0
 11
2.0411964566929135
 21
-0.2095991732283465
 31
0
  0
LINE
  5
14D
330
1A
100
AcDbEntity
  8
BLACK
  6
CONTINUOUS
100
AcDbLine
 10
2.0411964566929135
 20
-0.2095991732283465
 30
0
 11
2.0438938976377954
 21
-0.2082504330708661
 31
0
  0
LINE
  5
14E
330
1A
100
AcDbEntity
  8
BLACK
  6
CONTINUOUS
100
AcDbLine
 10
2.0438938976377954
 20
-0.2082504330708661
 30
0
 11
2.0450910236220472
 21
-0.2070532677165354
 31
0
  0
LINE
  5
14F
330
1A
100
AcDbEntity
  8
BLACK
  6
CONTINUOUS
100
AcDbLine
 10
2.0450910236220472
 20
-0.2070532677165354
 30
0
 11
2.0464398031496063
 21
-0.2043557874015748
 31
0
  0
LINE
  5
150
330
1A
100
AcDbEntity
  8
BLACK
  6
CONTINUOUS
100
AcDbLine
 10
2.0464398031496063
 20
-0.2043557874015748
 30
0
 11
2.0464398031496063
 21
-0.196376062992126
 31
0
  0
LINE
  5
151
330
1A
100
AcDbEntity
  8
BLACK
  6
CONTINUOUS
100
AcDbLine
 10
2.0464398031496063
 20
-0.196376062992126
 30
0
 11
2.045091062992126
 21
-0.1936785826771653
 31
0
  0
LINE
  5
152
330
1A
100
AcDbEntity
  8
BLACK
  6
CONTINUOUS
100
AcDbLine
 10
2.045091062992126
 20
-0.1936785826771653
 30
0
 11
2.0438939370078741
 21
-0.1924814566929134
 31
0
  0
LINE
  5
153
330
1A
100
AcDbEntity
  8
BLACK
  6
CONTINUOUS
100
AcDbLine
 10
2.0438939370078741
 20
-0.1924814566929134
 30
0
 11
2.0411964566929135
 21
-0.1911327165354331
 31
0
  0
LINE
  5
154
330
1A
100
AcDbEntity
  8
BLACK
  6
CONTINUOUS
100
AcDbLine
 10
2.0411964566929135
 20
-0.1911327165354331
 30
0
 11
2.035091496062992
 21
-0.1911327165354331
 31
0
  0
LINE
  5
155
330
1A
100
AcDbEntity
  8
BLACK
  6
CONTINUOUS
100
AcDbLine
 10
2.035091496062992
 20
-0.1911327165354331
 30
0
 11
2.0323940157480314
 21
-0.1924814566929134
 31
0
  0
LINE
  5
156
330
1A
100
AcDbEntity
  8
BLACK
  6
CONTINUOUS
100
AcDbLine
 10
2.0799648818897638
 20
-0.1702858267716535
 30
0
 11
2.0800628740157481
 21
-0.1703264173228347
 31
0
  0
LINE
  5
157
330
1A
100
AcDbEntity
  8
BLACK
  6
CONTINUOUS
100
AcDbLine
 10
2.0800628740157481
 20
-0.1703264173228347
 30
0
 11
2.0801687007874015
 21
-0.170333937007874
 31
0
  0
LINE
  5
158
330
1A
100
AcDbEntity
  8
BLACK
  6
CONTINUOUS
100
AcDbLine
 10
2.0801687007874015
 20
-0.170333937007874
 30
0
 11
2.0807093307086615
 21
-0.1705408267716536
 31
0
  0
LINE
  5
159
330
1A
100
AcDbEntity
  8
BLACK
  6
CONTINUOUS
100
AcDbLine
 10
2.0807093307086615
 20
-0.1705408267716536
 30
0
 11
2.0844588582677166
 21
-0.1724155905511811
 31
0
  0
LINE
  5
15A
330
1A
100
AcDbEntity
  8
BLACK
  6
CONTINUOUS
100
AcDbLine
 10
2.0844588582677166
 20
-0.1724155905511811
 30
0
 11
2.084706850393701
 21
-0.1725716535433071
 31
0
  0
LINE
  5
15B
330
1A
100
AcDbEntity
  8
BLACK
  6
CONTINUOUS
100
AcDbLine
 10
2.084706850393701
 20
-0.1725716535433071
 30
0
 11
2.0847788188976377
 21
-0.1726014960629921
 31
0
  0
LINE
  5
15C
330
1A
100
AcDbEntity
  8
BLACK
  6
CONTINUOUS
100
AcDbLine
 10
2.0847788188976377
 20
-0.1726014960629921
 30
0
 11
2.0848597637795274
 21
-0.1726679527559055
 31
0
  0
LINE
  5
15D
330
1A
100
AcDbEntity
  8
BLACK
  6
CONTINUOUS
100
AcDbLine
 10
2.0848597637795274
 20
-0.1726679527559055
 30
0
 11
2.0849487401574804
 21
-0.172723937007874
 31
0
  0
LINE
  5
15E
330
1A
100
AcDbEntity
  8
BLACK
  6
CONTINUOUS
100
AcDbLine
 10
2.0849487401574804
 20
-0.172723937007874
 30
0
 11
2.0849998818897637
 21
-0.1727829133858268
 31
0
  0
LINE
  5
15F
330
1A
100
AcDbEntity
  8
BLACK
  6
CONTINUOUS
100
AcDbLine
 10
2.0849998818897637
 20
-0.1727829133858268
 30
0
 11
2.0852262598425195
 21
-0.1729687007874016
 31
0
  0
LINE
  5
160
330
1A
100
AcDbEntity
  8
BLACK
  6
CONTINUOUS
100
AcDbLine
 10
2.0852262598425195
 20
-0.1729687007874016
 30
0
 11
2.0871010236220471
 21
-0.1748434645669291
 31
0
  0
LINE
  5
161
330
1A
100
AcDbEntity
  8
BLACK
  6
CONTINUOUS
100
AcDbLine
 10
2.0871010236220471
 20
-0.1748434645669291
 30
0
 11
2.087286771653543
 21
-0.1750698031496063
 31
0
  0
LINE
  5
162
330
1A
100
AcDbEntity
  8
BLACK
  6
CONTINUOUS
100
AcDbLine
 10
2.087286771653543
 20
-0.1750698031496063
 30
0
 11
2.0873457874015746
 21
-0.1751209842519685
 31
0
  0
LINE
  5
163
330
1A
100
AcDbEntity
  8
BLACK
  6
CONTINUOUS
100
AcDbLine
 10
2.0873457874015746
 20
-0.1751209842519685
 30
0
 11
2.0874017322834644
 21
-0.1752099212598425
 31
0
  0
LINE
  5
164
330
1A
100
AcDbEntity
  8
BLACK
  6
CONTINUOUS
100
AcDbLine
 10
2.0874017322834644
 20
-0.1752099212598425
 30
0
 11
2.0874682283464567
 21
-0.175290905511811
 31
0
  0
LINE
  5
165
330
1A
100
AcDbEntity
  8
BLACK
  6
CONTINUOUS
100
AcDbLine
 10
2.0874682283464567
 20
-0.175290905511811
 30
0
 11
2.0874980314960632
 21
-0.1753628346456693
 31
0
  0
LINE
  5
166
330
1A
100
AcDbEntity
  8
BLACK
  6
CONTINUOUS
100
AcDbLine
 10
2.0874980314960632
 20
-0.1753628346456693
 30
0
 11
2.0876541338582677
 21
-0.1756108661417323
 31
0
  0
LINE
  5
167
330
1A
100
AcDbEntity
  8
BLACK
  6
CONTINUOUS
100
AcDbLine
 10
2.0876541338582677
 20
-0.1756108661417323
 30
0
 11
2.0895288976377953
 21
-0.1793603937007874
 31
0
  0
LINE
  5
168
330
1A
100
AcDbEntity
  8
BLACK
  6
CONTINUOUS
100
AcDbLine
 10
2.0895288976377953
 20
-0.1793603937007874
 30
0
 11
2.0897357874015747
 21
-0.1799009842519685
 31
0
  0
LINE
  5
169
330
1A
100
AcDbEntity
  8
BLACK
  6
CONTINUOUS
100
AcDbLine
 10
2.0897357874015747
 20
-0.1799009842519685
 30
0
 11
2.0897433070866143
 21
-0.1800068503937008
 31
0
  0
LINE
  5
16A
330
1A
100
AcDbEntity
  8
BLACK
  6
CONTINUOUS
100
AcDbLine
 10
2.0897433070866143
 20
-0.1800068503937008
 30
0
 11
2.0897838976377954
 21
-0.180104842519685
 31
0
  0
LINE
  5
16B
330
1A
100
AcDbEntity
  8
BLACK
  6
CONTINUOUS
100
AcDbLine
 10
2.0897838976377954
 20
-0.180104842519685
 30
0
 11
2.0898406299212597
 21
-0.180680905511811
 31
0
  0
LINE
  5
16C
330
1A
100
AcDbEntity
  8
BLACK
  6
CONTINUOUS
100
AcDbLine
 10
2.0898406299212597
 20
-0.180680905511811
 30
0
 11
2.0898406299212597
 21
-0.1844304330708662
 31
0
  0
LINE
  5
16D
330
1A
100
AcDbEntity
  8
BLACK
  6
CONTINUOUS
100
AcDbLine
 10
2.0898406299212597
 20
-0.1844304330708662
 30
0
 11
2.0898118897637796
 21
-0.1847220078740157
 31
0
  0
LINE
  5
16E
330
1A
100
AcDbEntity
  8
BLACK
  6
CONTINUOUS
100
AcDbLine
 10
2.0898118897637796
 20
-0.1847220078740157
 30
0
 11
2.089817440944882
 21
-0.1847997637795276
 31
0
  0
LINE
  5
16F
330
1A
100
AcDbEntity
  8
BLACK
  6
CONTINUOUS
100
AcDbLine
 10
2.089817440944882
 20
-0.1847997637795276
 30
0
 11
2.0897941732283463
 21
-0.1849020078740158
 31
0
  0
LINE
  5
170
330
1A
100
AcDbEntity
  8
BLACK
  6
CONTINUOUS
100
AcDbLine
 10
2.0897941732283463
 20
-0.1849020078740158
 30
0
 11
2.0897838976377954
 21
-0.1850064960629921
 31
0
  0
LINE
  5
171
330
1A
100
AcDbEntity
  8
BLACK
  6
CONTINUOUS
100
AcDbLine
 10
2.0897838976377954
 20
-0.1850064960629921
 30
0
 11
2.0897540157480314
 21
-0.1850785433070866
 31
0
  0
LINE
  5
172
330
1A
100
AcDbEntity
  8
BLACK
  6
CONTINUOUS
100
AcDbLine
 10
2.0897540157480314
 20
-0.1850785433070866
 30
0
 11
2.0896890944881887
 21
-0.1853642125984252
 31
0
  0
LINE
  5
173
330
1A
100
AcDbEntity
  8
BLACK
  6
CONTINUOUS
100
AcDbLine
 10
2.0896890944881887
 20
-0.1853642125984252
 30
0
 11
2.0878143307086612
 21
-0.1909884645669291
 31
0
  0
LINE
  5
174
330
1A
100
AcDbEntity
  8
BLACK
  6
CONTINUOUS
100
AcDbLine
 10
2.0878143307086612
 20
-0.1909884645669291
 30
0
 11
2.0875783464566928
 21
-0.1915170472440945
 31
0
  0
LINE
  5
175
330
1A
100
AcDbEntity
  8
BLACK
  6
CONTINUOUS
100
AcDbLine
 10
2.0875783464566928
 20
-0.1915170472440945
 30
0
 11
2.0875088582677166
 21
-0.191597125984252
 31
0
  0
LINE
  5
176
330
1A
100
AcDbEntity
  8
BLACK
  6
CONTINUOUS
100
AcDbLine
 10
2.0875088582677166
 20
-0.191597125984252
 30
0
 11
2.0874682677165355
 21
-0.1916951968503937
 31
0
  0
LINE
  5
177
330
1A
100
AcDbEntity
  8
BLACK
  6
CONTINUOUS
100
AcDbLine
 10
2.0874682677165355
 20
-0.1916951968503937
 30
0
 11
2.0871010236220471
 21
-0.1921426377952756
 31
0
  0
LINE
  5
178
330
1A
100
AcDbEntity
  8
BLACK
  6
CONTINUOUS
100
AcDbLine
 10
2.0871010236220471
 20
-0.1921426377952756
 30
0
 11
2.0696445275590549
 21
-0.2095991732283465
 31
0
  0
LINE
  5
179
330
1A
100
AcDbEntity
  8
BLACK
  6
CONTINUOUS
100
AcDbLine
 10
2.0696445275590549
 20
-0.2095991732283465
 30
0
 11
2.0868878740157482
 21
-0.2095991732283465
 31
0
  0
LINE
  5
17A
330
1A
100
AcDbEntity
  8
BLACK
  6
CONTINUOUS
100
AcDbLine
 10
2.0868878740157482
 20
-0.2095991732283465
 30
0
 11
2.087463937007874
 21
-0.209655905511811
 31
0
  0
LINE
  5
17B
330
1A
100
AcDbEntity
  8
BLACK
  6
CONTINUOUS
100
AcDbLine
 10
2.087463937007874
 20
-0.209655905511811
 30
0
 11
2.0885283464566928
 21
-0.210096811023622
 31
0
  0
LINE
  5
17C
330
1A
100
AcDbEntity
  8
BLACK
  6
CONTINUOUS
100
AcDbLine
 10
2.0885283464566928
 20
-0.210096811023622
 30
0
 11
2.0893429921259843
 21
-0.2109114566929134
 31
0
  0
LINE
  5
17D
330
1A
100
AcDbEntity
  8
BLACK
  6
CONTINUOUS
100
AcDbLine
 10
2.0893429921259843
 20
-0.2109114566929134
 30
0
 11
2.0897838976377954
 21
-0.2119758661417323
 31
0
  0
LINE
  5
17E
330
1A
100
AcDbEntity
  8
BLACK
  6
CONTINUOUS
100
AcDbLine
 10
2.0897838976377954
 20
-0.2119758661417323
 30
0
 11
2.0897838976377954
 21
-0.2131279921259842
 31
0
  0
LINE
  5
17F
330
1A
100
AcDbEntity
  8
BLACK
  6
CONTINUOUS
100
AcDbLine
 10
2.0897838976377954
 20
-0.2131279921259842
 30
0
 11
2.0893429921259843
 21
-0.2141924015748032
 31
0
  0
LINE
  5
180
330
1A
100
AcDbEntity
  8
BLACK
  6
CONTINUOUS
100
AcDbLine
 10
2.0893429921259843
 20
-0.2141924015748032
 30
0
 11
2.0885283464566928
 21
-0.2150070472440945
 31
0
  0
LINE
  5
181
330
1A
100
AcDbEntity
  8
BLACK
  6
CONTINUOUS
100
AcDbLine
 10
2.0885283464566928
 20
-0.2150070472440945
 30
0
 11
2.087463937007874
 21
-0.2154479527559055
 31
0
  0
LINE
  5
182
330
1A
100
AcDbEntity
  8
BLACK
  6
CONTINUOUS
100
AcDbLine
 10
2.087463937007874
 20
-0.2154479527559055
 30
0
 11
2.0868878740157482
 21
-0.2155046850393701
 31
0
  0
LINE
  5
183
330
1A
100
AcDbEntity
  8
BLACK
  6
CONTINUOUS
100
AcDbLine
 10
2.0868878740157482
 20
-0.2155046850393701
 30
0
 11
2.0625159448818895
 21
-0.2155046850393701
 31
0
  0
LINE
  5
184
330
1A
100
AcDbEntity
  8
BLACK
  6
CONTINUOUS
100
AcDbLine
 10
2.0625159448818895
 20
-0.2155046850393701
 30
0
 11
2.0619398818897636
 21
-0.2154479527559055
 31
0
  0
LINE
  5
185
330
1A
100
AcDbEntity
  8
BLACK
  6
CONTINUOUS
100
AcDbLine
 10
2.0619398818897636
 20
-0.2154479527559055
 30
0
 11
2.0608754724409448
 21
-0.2150070472440945
 31
0
  0
LINE
  5
186
330
1A
100
AcDbEntity
  8
BLACK
  6
CONTINUOUS
100
AcDbLine
 10
2.0608754724409448
 20
-0.2150070472440945
 30
0
 11
2.0600608267716534
 21
-0.2141924015748032
 31
0
  0
LINE
  5
187
330
1A
100
AcDbEntity
  8
BLACK
  6
CONTINUOUS
100
AcDbLine
 10
2.0600608267716534
 20
-0.2141924015748032
 30
0
 11
2.0596199212598423
 21
-0.2131279921259842
 31
0
  0
LINE
  5
188
330
1A
100
AcDbEntity
  8
BLACK
  6
CONTINUOUS
100
AcDbLine
 10
2.0596199212598423
 20
-0.2131279921259842
 30
0
 11
2.0596199212598423
 21
-0.2119758661417323
 31
0
  0
LINE
  5
189
330
1A
100
AcDbEntity
  8
BLACK
  6
CONTINUOUS
100
AcDbLine
 10
2.0596199212598423
 20
-0.2119758661417323
 30
0
 11
2.0600608267716534
 21
-0.2109114566929134
 31
0
  0
LINE
  5
18A
330
1A
100
AcDbEntity
  8
BLACK
  6
CONTINUOUS
100
AcDbLine
 10
2.0600608267716534
 20
-0.2109114566929134
 30
0
 11
2.060428031496063
 21
-0.2104640157480315
 31
0
  0
LINE
  5
18B
330
1A
100
AcDbEntity
  8
BLACK
  6
CONTINUOUS
100
AcDbLine
 10
2.060428031496063
 20
-0.2104640157480315
 30
0
 11
2.0824322834645668
 21
-0.1884596850393701
 31
0
  0
LINE
  5
18C
330
1A
100
AcDbEntity
  8
BLACK
  6
CONTINUOUS
100
AcDbLine
 10
2.0824322834645668
 20
-0.1884596850393701
 30
0
 11
2.0839351181102361
 21
-0.1839512992125984
 31
0
  0
LINE
  5
18D
330
1A
100
AcDbEntity
  8
BLACK
  6
CONTINUOUS
100
AcDbLine
 10
2.0839351181102361
 20
-0.1839512992125984
 30
0
 11
2.0839351181102361
 21
-0.1813779527559055
 31
0
  0
LINE
  5
18E
330
1A
100
AcDbEntity
  8
BLACK
  6
CONTINUOUS
100
AcDbLine
 10
2.0839351181102361
 20
-0.1813779527559055
 30
0
 11
2.0825863779527558
 21
-0.1786804724409449
 31
0
  0
LINE
  5
18F
330
1A
100
AcDbEntity
  8
BLACK
  6
CONTINUOUS
100
AcDbLine
 10
2.0825863779527558
 20
-0.1786804724409449
 30
0
 11
2.081389251968504
 21
-0.1774833464566929
 31
0
  0
LINE
  5
190
330
1A
100
AcDbEntity
  8
BLACK
  6
CONTINUOUS
100
AcDbLine
 10
2.081389251968504
 20
-0.1774833464566929
 30
0
 11
2.0786917716535434
 21
-0.1761346062992126
 31
0
  0
LINE
  5
191
330
1A
100
AcDbEntity
  8
BLACK
  6
CONTINUOUS
100
AcDbLine
 10
2.0786917716535434
 20
-0.1761346062992126
 30
0
 11
2.0707120472440943
 21
-0.1761346062992126
 31
0
  0
LINE
  5
192
330
1A
100
AcDbEntity
  8
BLACK
  6
CONTINUOUS
100
AcDbLine
 10
2.0707120472440943
 20
-0.1761346062992126
 30
0
 11
2.0680145669291337
 21
-0.1774833464566929
 31
0
  0
LINE
  5
193
330
1A
100
AcDbEntity
  8
BLACK
  6
CONTINUOUS
100
AcDbLine
 10
2.0680145669291337
 20
-0.1774833464566929
 30
0
 11
2.066478622047244
 21
-0.1790192913385827
 31
0
  0
LINE
  5
194
330
1A
100
AcDbEntity
  8
BLACK
  6
CONTINUOUS
100
AcDbLine
 10
2.066478622047244
 20
-0.1790192913385827
 30
0
 11
2.0660311811023622
 21
-0.1793864960629921
 31
0
  0
LINE
  5
195
330
1A
100
AcDbEntity
  8
BLACK
  6
CONTINUOUS
100
AcDbLine
 10
2.0660311811023622
 20
-0.1793864960629921
 30
0
 11
2.0649667322834646
 21
-0.1798274015748031
 31
0
  0
LINE
  5
196
330
1A
100
AcDbEntity
  8
BLACK
  6
CONTINUOUS
100
AcDbLine
 10
2.0649667322834646
 20
-0.1798274015748031
 30
0
 11
2.0638146850393699
 21
-0.1798274015748031
 31
0
  0
LINE
  5
197
330
1A
100
AcDbEntity
  8
BLACK
  6
CONTINUOUS
100
AcDbLine
 10
2.0638146850393699
 20
-0.1798274015748031
 30
0
 11
2.0627502362204724
 21
-0.1793864960629921
 31
0
  0
LINE
  5
198
330
1A
100
AcDbEntity
  8
BLACK
  6
CONTINUOUS
100
AcDbLine
 10
2.0627502362204724
 20
-0.1793864960629921
 30
0
 11
2.0619355905511809
 21
-0.1785718503937008
 31
0
  0
LINE
  5
199
330
1A
100
AcDbEntity
  8
BLACK
  6
CONTINUOUS
100
AcDbLine
 10
2.0619355905511809
 20
-0.1785718503937008
 30
0
 11
2.0614946850393698
 21
-0.1775074015748032
 31
0
  0
LINE
  5
19A
330
1A
100
AcDbEntity
  8
BLACK
  6
CONTINUOUS
100
AcDbLine
 10
2.0614946850393698
 20
-0.1775074015748032
 30
0
 11
2.0614946850393698
 21
-0.1763553543307086
 31
0
  0
LINE
  5
19B
330
1A
100
AcDbEntity
  8
BLACK
  6
CONTINUOUS
100
AcDbLine
 10
2.0614946850393698
 20
-0.1763553543307086
 30
0
 11
2.0619355905511809
 21
-0.175290905511811
 31
0
  0
LINE
  5
19C
330
1A
100
AcDbEntity
  8
BLACK
  6
CONTINUOUS
100
AcDbLine
 10
2.0619355905511809
 20
-0.175290905511811
 30
0
 11
2.0623027952755906
 21
-0.1748434645669291
 31
0
  0
LINE
  5
19D
330
1A
100
AcDbEntity
  8
BLACK
  6
CONTINUOUS
100
AcDbLine
 10
2.0623027952755906
 20
-0.1748434645669291
 30
0
 11
2.0641775590551181
 21
-0.1729687007874016
 31
0
  0
LINE
  5
19E
330
1A
100
AcDbEntity
  8
BLACK
  6
CONTINUOUS
100
AcDbLine
 10
2.0641775590551181
 20
-0.1729687007874016
 30
0
 11
2.0644038976377952
 21
-0.1727829133858268
 31
0
  0
LINE
  5
19F
330
1A
100
AcDbEntity
  8
BLACK
  6
CONTINUOUS
100
AcDbLine
 10
2.0644038976377952
 20
-0.1727829133858268
 30
0
 11
2.0644550787401572
 21
-0.172723937007874
 31
0
  0
LINE
  5
1A0
330
1A
100
AcDbEntity
  8
BLACK
  6
CONTINUOUS
100
AcDbLine
 10
2.0644550787401572
 20
-0.172723937007874
 30
0
 11
2.0645440157480315
 21
-0.1726679527559055
 31
0
  0
LINE
  5
1A1
330
1A
100
AcDbEntity
  8
BLACK
  6
CONTINUOUS
100
AcDbLine
 10
2.0645440157480315
 20
-0.1726679527559055
 30
0
 11
2.0646249999999999
 21
-0.1726014960629921
 31
0
  0
LINE
  5
1A2
330
1A
100
AcDbEntity
  8
BLACK
  6
CONTINUOUS
100
AcDbLine
 10
2.0646249999999999
 20
-0.1726014960629921
 30
0
 11
2.0646969291338584
 21
-0.1725716535433071
 31
0
  0
LINE
  5
1A3
330
1A
100
AcDbEntity
  8
BLACK
  6
CONTINUOUS
100
AcDbLine
 10
2.0646969291338584
 20
-0.1725716535433071
 30
0
 11
2.0649449606299211
 21
-0.1724155905511811
 31
0
  0
LINE
  5
1A4
330
1A
100
AcDbEntity
  8
BLACK
  6
CONTINUOUS
100
AcDbLine
 10
2.0649449606299211
 20
-0.1724155905511811
 30
0
 11
2.0686944881889762
 21
-0.1705408267716536
 31
0
  0
LINE
  5
1A5
330
1A
100
AcDbEntity
  8
BLACK
  6
CONTINUOUS
100
AcDbLine
 10
2.0686944881889762
 20
-0.1705408267716536
 30
0
 11
2.0692350787401574
 21
-0.170333937007874
 31
0
  0
LINE
  5
1A6
330
1A
100
AcDbEntity
  8
BLACK
  6
CONTINUOUS
100
AcDbLine
 10
2.0692350787401574
 20
-0.170333937007874
 30
0
 11
2.0693409448818896
 21
-0.1703263779527559
 31
0
  0
LINE
  5
1A7
330
1A
100
AcDbEntity
  8
BLACK
  6
CONTINUOUS
100
AcDbLine
 10
2.0693409448818896
 20
-0.1703263779527559
 30
0
 11
2.0694389370078738
 21
-0.1702858267716535
 31
0
  0
LINE
  5
1A8
330
1A
100
AcDbEntity
  8
BLACK
  6
CONTINUOUS
100
AcDbLine
 10
2.0694389370078738
 20
-0.1702858267716535
 30
0
 11
2.0700150000000002
 21
-0.170229094488189
 31
0
  0
LINE
  5
1A9
330
1A
100
AcDbEntity
  8
BLACK
  6
CONTINUOUS
100
AcDbLine
 10
2.0700150000000002
 20
-0.170229094488189
 30
0
 11
2.0793888188976379
 21
-0.170229094488189
 31
0
  0
LINE
  5
1AA
330
1A
100
AcDbEntity
  8
BLACK
  6
CONTINUOUS
100
AcDbLine
 10
2.0793888188976379
 20
-0.170229094488189
 30
0
 11
2.0799648818897638
 21
-0.1702858267716535
 31
0
  0
LINE
  5
1AB
330
1A
100
AcDbEntity
  8
BLACK
  6
CONTINUOUS
100
AcDbLine
 10
2.1343330708661417
 20
-0.1702858267716535
 30
0
 11
2.1344310629921259
 21
-0.1703264173228347
 31
0
  0
LINE
  5
1AC
330
1A
100
AcDbEntity
  8
BLACK
  6
CONTINUOUS
100
AcDbLine
 10
2.1344310629921259
 20
-0.1703264173228347
 30
0
 11
2.1345368897637793
 21
-0.170333937007874
 31
0
  0
LINE
  5
1AD
330
1A
100
AcDbEntity
  8
BLACK
  6
CONTINUOUS
100
AcDbLine
 10
2.1345368897637793
 20
-0.170333937007874
 30
0
 11
2.1350775196850393
 21
-0.1705408267716536
 31
0
  0
LINE
  5
1AE
330
1A
100
AcDbEntity
  8
BLACK
  6
CONTINUOUS
100
AcDbLine
 10
2.1350775196850393
 20
-0.1705408267716536
 30
0
 11
2.1388270472440944
 21
-0.1724155905511811
 31
0
  0
LINE
  5
1AF
330
1A
100
AcDbEntity
  8
BLACK
  6
CONTINUOUS
100
AcDbLine
 10
2.1388270472440944
 20
-0.1724155905511811
 30
0
 11
2.1390750393700788
 21
-0.1725716535433071
 31
0
  0
LINE
  5
1B0
330
1A
100
AcDbEntity
  8
BLACK
  6
CONTINUOUS
100
AcDbLine
 10
2.1390750393700788
 20
-0.1725716535433071
 30
0
 11
2.1391470078740156
 21
-0.1726014960629921
 31
0
  0
LINE
  5
1B1
330
1A
100
AcDbEntity
  8
BLACK
  6
CONTINUOUS
100
AcDbLine
 10
2.1391470078740156
 20
-0.1726014960629921
 30
0
 11
2.1392279527559053
 21
-0.1726679527559055
 31
0
  0
LINE
  5
1B2
330
1A
100
AcDbEntity
  8
BLACK
  6
CONTINUOUS
100
AcDbLine
 10
2.1392279527559053
 20
-0.1726679527559055
 30
0
 11
2.1393169291338583
 21
-0.172723937007874
 31
0
  0
LINE
  5
1B3
330
1A
100
AcDbEntity
  8
BLACK
  6
CONTINUOUS
100
AcDbLine
 10
2.1393169291338583
 20
-0.172723937007874
 30
0
 11
2.1393680708661416
 21
-0.1727829133858268
 31
0
  0
LINE
  5
1B4
330
1A
100
AcDbEntity
  8
BLACK
  6
CONTINUOUS
100
AcDbLine
 10
2.1393680708661416
 20
-0.1727829133858268
 30
0
 11
2.1395944488188974
 21
-0.1729687007874016
 31
0
  0
LINE
  5
1B5
330
1A
100
AcDbEntity
  8
BLACK
  6
CONTINUOUS
100
AcDbLine
 10
2.1395944488188974
 20
-0.1729687007874016
 30
0
 11
2.1414692125984249
 21
-0.1748434645669291
 31
0
  0
LINE
  5
1B6
330
1A
100
AcDbEntity
  8
BLACK
  6
CONTINUOUS
100
AcDbLine
 10
2.1414692125984249
 20
-0.1748434645669291
 30
0
 11
2.1416549606299213
 21
-0.1750698031496063
 31
0
  0
LINE
  5
1B7
330
1A
100
AcDbEntity
  8
BLACK
  6
CONTINUOUS
100
AcDbLine
 10
2.1416549606299213
 20
-0.1750698031496063
 30
0
 11
2.1417139763779529
 21
-0.1751209842519685
 31
0
  0
LINE
  5
1B8
330
1A
100
AcDbEntity
  8
BLACK
  6
CONTINUOUS
100
AcDbLine
 10
2.1417139763779529
 20
-0.1751209842519685
 30
0
 11
2.1417699212598427
 21
-0.1752099212598425
 31
0
  0
LINE
  5
1B9
330
1A
100
AcDbEntity
  8
BLACK
  6
CONTINUOUS
100
AcDbLine
 10
2.1417699212598427
 20
-0.1752099212598425
 30
0
 11
2.1418364173228346
 21
-0.175290905511811
 31
0
  0
LINE
  5
1BA
330
1A
100
AcDbEntity
  8
BLACK
  6
CONTINUOUS
100
AcDbLine
 10
2.1418364173228346
 20
-0.175290905511811
 30
0
 11
2.141866220472441
 21
-0.1753628346456693
 31
0
  0
LINE
  5
1BB
330
1A
100
AcDbEntity
  8
BLACK
  6
CONTINUOUS
100
AcDbLine
 10
2.141866220472441
 20
-0.1753628346456693
 30
0
 11
2.1420223228346456
 21
-0.1756108661417323
 31
0
  0
LINE
  5
1BC
330
1A
100
AcDbEntity
  8
BLACK
  6
CONTINUOUS
100
AcDbLine
 10
2.1420223228346456
 20
-0.1756108661417323
 30
0
 11
2.1438970866141731
 21
-0.1793603937007874
 31
0
  0
LINE
  5
1BD
330
1A
100
AcDbEntity
  8
BLACK
  6
CONTINUOUS
100
AcDbLine
 10
2.1438970866141731
 20
-0.1793603937007874
 30
0
 11
2.1439131889763781
 21
-0.1794024803149606
 31
0
  0
LINE
  5
1BE
330
1A
100
AcDbEntity
  8
BLACK
  6
CONTINUOUS
100
AcDbLine
 10
2.1439131889763781
 20
-0.1794024803149606
 30
0
 11
2.1439259055118112
 21
-0.1794196456692913
 31
0
  0
LINE
  5
1BF
330
1A
100
AcDbEntity
  8
BLACK
  6
CONTINUOUS
100
AcDbLine
 10
2.1439259055118112
 20
-0.1794196456692913
 30
0
 11
2.1440122047244095
 21
-0.1796612204724409
 31
0
  0
LINE
  5
1C0
330
1A
100
AcDbEntity
  8
BLACK
  6
CONTINUOUS
100
AcDbLine
 10
2.1440122047244095
 20
-0.1796612204724409
 30
0
 11
2.1441039763779526
 21
-0.1799009842519685
 31
0
  0
LINE
  5
1C1
330
1A
100
AcDbEntity
  8
BLACK
  6
CONTINUOUS
100
AcDbLine
 10
2.1441039763779526
 20
-0.1799009842519685
 30
0
 11
2.1441054724409447
 21
-0.1799222440944882
 31
0
  0
LINE
  5
1C2
330
1A
100
AcDbEntity
  8
BLACK
  6
CONTINUOUS
100
AcDbLine
 10
2.1441054724409447
 20
-0.1799222440944882
 30
0
 11
2.1441206692913384
 21
-0.1799647637795276
 31
0
  0
LINE
  5
1C3
330
1A
100
AcDbEntity
  8
BLACK
  6
CONTINUOUS
100
AcDbLine
 10
2.1441206692913384
 20
-0.1799647637795276
 30
0
 11
2.1459954330708659
 21
-0.1874638188976378
 31
0
  0
LINE
  5
1C4
330
1A
100
AcDbEntity
  8
BLACK
  6
CONTINUOUS
100
AcDbLine
 10
2.1459954330708659
 20
-0.1874638188976378
 30
0
 11
2.1460101968503937
 21
-0.1875636614173228
 31
0
  0
LINE
  5
1C5
330
1A
100
AcDbEntity
  8
BLACK
  6
CONTINUOUS
100
AcDbLine
 10
2.1460101968503937
 20
-0.1875636614173228
 30
0
 11
2.1460268503937008
 21
-0.1876038976377953
 31
0
  0
LINE
  5
1C6
330
1A
100
AcDbEntity
  8
BLACK
  6
CONTINUOUS
100
AcDbLine
 10
2.1460268503937008
 20
-0.1876038976377953
 30
0
 11
2.1460481889763781
 21
-0.187820905511811
 31
0
  0
LINE
  5
1C7
330
1A
100
AcDbEntity
  8
BLACK
  6
CONTINUOUS
100
AcDbLine
 10
2.1460481889763781
 20
-0.187820905511811
 30
0
 11
2.1460800787401575
 21
-0.1880364173228346
 31
0
  0
LINE
  5
1C8
330
1A
100
AcDbEntity
  8
BLACK
  6
CONTINUOUS
100
AcDbLine
 10
2.1460800787401575
 20
-0.1880364173228346
 30
0
 11
2.1460736614173226
 21
-0.1880794094488189
 31
0
  0
LINE
  5
1C9
330
1A
100
AcDbEntity
  8
BLACK
  6
CONTINUOUS
100
AcDbLine
 10
2.1460736614173226
 20
-0.1880794094488189
 30
0
 11
2.1460835826771651
 21
-0.1881799606299213
 31
0
  0
LINE
  5
1CA
330
1A
100
AcDbEntity
  8
BLACK
  6
CONTINUOUS
100
AcDbLine
 10
2.1460835826771651
 20
-0.1881799606299213
 30
0
 11
2.1460835826771651
 21
-0.197553779527559
 31
0
  0
LINE
  5
1CB
330
1A
100
AcDbEntity
  8
BLACK
  6
CONTINUOUS
100
AcDbLine
 10
2.1460835826771651
 20
-0.197553779527559
 30
0
 11
2.1460736614173226
 21
-0.1976542913385827
 31
0
  0
LINE
  5
1CC
330
1A
100
AcDbEntity
  8
BLACK
  6
CONTINUOUS
100
AcDbLine
 10
2.1460736614173226
 20
-0.1976542913385827
 30
0
 11
2.1460800787401575
 21
-0.1976973228346457
 31
0
  0
LINE
  5
1CD
330
1A
100
AcDbEntity
  8
BLACK
  6
CONTINUOUS
100
AcDbLine
 10
2.1460800787401575
 20
-0.1976973228346457
 30
0
 11
2.1460481889763781
 21
-0.1979127952755906
 31
0
  0
LINE
  5
1CE
330
1A
100
AcDbEntity
  8
BLACK
  6
CONTINUOUS
100
AcDbLine
 10
2.1460481889763781
 20
-0.1979127952755906
 30
0
 11
2.1460268503937008
 21
-0.198129842519685
 31
0
  0
LINE
  5
1CF
330
1A
100
AcDbEntity
  8
BLACK
  6
CONTINUOUS
100
AcDbLine
 10
2.1460268503937008
 20
-0.198129842519685
 30
0
 11
2.1460101968503937
 21
-0.1981700393700787
 31
0
  0
LINE
  5
1D0
330
1A
100
AcDbEntity
  8
BLACK
  6
CONTINUOUS
100
AcDbLine
 10
2.1460101968503937
 20
-0.1981700393700787
 30
0
 11
2.1459954330708659
 21
-0.1982699212598425
 31
0
  0
LINE
  5
1D1
330
1A
100
AcDbEntity
  8
BLACK
  6
CONTINUOUS
100
AcDbLine
 10
2.1459954330708659
 20
-0.1982699212598425
 30
0
 11
2.1441206692913384
 21
-0.2057689763779527
 31
0
  0
LINE
  5
1D2
330
1A
100
AcDbEntity
  8
BLACK
  6
CONTINUOUS
100
AcDbLine
 10
2.1441206692913384
 20
-0.2057689763779527
 30
0
 11
2.1441054724409447
 21
-0.2058114566929134
 31
0
  0
LINE
  5
1D3
330
1A
100
AcDbEntity
  8
BLACK
  6
CONTINUOUS
100
AcDbLine
 10
2.1441054724409447
 20
-0.2058114566929134
 30
0
 11
2.1441039763779526
 21
-0.2058327559055118
 31
0
  0
LINE
  5
1D4
330
1A
100
AcDbEntity
  8
BLACK
  6
CONTINUOUS
100
AcDbLine
 10
2.1441039763779526
 20
-0.2058327559055118
 30
0
 11
2.1440122047244095
 21
-0.2060724803149606
 31
0
  0
LINE
  5
1D5
330
1A
100
AcDbEntity
  8
BLACK
  6
CONTINUOUS
100
AcDbLine
 10
2.1440122047244095
 20
-0.2060724803149606
 30
0
 11
2.1439259055118112
 21
-0.206314094488189
 31
0
  0
LINE
  5
1D6
330
1A
100
AcDbEntity
  8
BLACK
  6
CONTINUOUS
100
AcDbLine
 10
2.1439259055118112
 20
-0.206314094488189
 30
0
 11
2.1439131889763781
 21
-0.2063312204724409
 31
0
  0
LINE
  5
1D7
330
1A
100
AcDbEntity
  8
BLACK
  6
CONTINUOUS
100
AcDbLine
 10
2.1439131889763781
 20
-0.2063312204724409
 30
0
 11
2.1438970866141731
 21
-0.2063733464566929
 31
0
  0
LINE
  5
1D8
330
1A
100
AcDbEntity
  8
BLACK
  6
CONTINUOUS
100
AcDbLine
 10
2.1438970866141731
 20
-0.2063733464566929
 30
0
 11
2.1420223228346456
 21
-0.210122874015748
 31
0
  0
LINE
  5
1D9
330
1A
100
AcDbEntity
  8
BLACK
  6
CONTINUOUS
100
AcDbLine
 10
2.1420223228346456
 20
-0.210122874015748
 30
0
 11
2.1418662598425198
 21
-0.2103707480314961
 31
0
  0
LINE
  5
1DA
330
1A
100
AcDbEntity
  8
BLACK
  6
CONTINUOUS
100
AcDbLine
 10
2.1418662598425198
 20
-0.2103707480314961
 30
0
 11
2.1418364566929133
 21
-0.2104427952755905
 31
0
  0
LINE
  5
1DB
330
1A
100
AcDbEntity
  8
BLACK
  6
CONTINUOUS
100
AcDbLine
 10
2.1418364566929133
 20
-0.2104427952755905
 30
0
 11
2.1417699212598427
 21
-0.2105238188976378
 31
0
  0
LINE
  5
1DC
330
1A
100
AcDbEntity
  8
BLACK
  6
CONTINUOUS
100
AcDbLine
 10
2.1417699212598427
 20
-0.2105238188976378
 30
0
 11
2.1417139763779529
 21
-0.2106127559055118
 31
0
  0
LINE
  5
1DD
330
1A
100
AcDbEntity
  8
BLACK
  6
CONTINUOUS
100
AcDbLine
 10
2.1417139763779529
 20
-0.2106127559055118
 30
0
 11
2.1416549606299213
 21
-0.2106638976377953
 31
0
  0
LINE
  5
1DE
330
1A
100
AcDbEntity
  8
BLACK
  6
CONTINUOUS
100
AcDbLine
 10
2.1416549606299213
 20
-0.2106638976377953
 30
0
 11
2.1414692125984249
 21
-0.2108902755905512
 31
0
  0
LINE
  5
1DF
330
1A
100
AcDbEntity
  8
BLACK
  6
CONTINUOUS
100
AcDbLine
 10
2.1414692125984249
 20
-0.2108902755905512
 30
0
 11
2.1395944881889761
 21
-0.2127650393700787
 31
0
  0
LINE
  5
1E0
330
1A
100
AcDbEntity
  8
BLACK
  6
CONTINUOUS
100
AcDbLine
 10
2.1395944881889761
 20
-0.2127650393700787
 30
0
 11
2.1393681102362203
 21
-0.2129507874015748
 31
0
  0
LINE
  5
1E1
330
1A
100
AcDbEntity
  8
BLACK
  6
CONTINUOUS
100
AcDbLine
 10
2.1393681102362203
 20
-0.2129507874015748
 30
0
 11
2.1393169291338583
 21
-0.213009842519685
 31
0
  0
LINE
  5
1E2
330
1A
100
AcDbEntity
  8
BLACK
  6
CONTINUOUS
100
AcDbLine
 10
2.1393169291338583
 20
-0.213009842519685
 30
0
 11
2.1392279527559053
 21
-0.2130658267716535
 31
0
  0
LINE
  5
1E3
330
1A
100
AcDbEntity
  8
BLACK
  6
CONTINUOUS
100
AcDbLine
 10
2.1392279527559053
 20
-0.2130658267716535
 30
0
 11
2.1391470078740156
 21
-0.2131322834645669
 31
0
  0
LINE
  5
1E4
330
1A
100
AcDbEntity
  8
BLACK
  6
CONTINUOUS
100
AcDbLine
 10
2.1391470078740156
 20
-0.2131322834645669
 30
0
 11
2.1390750393700788
 21
-0.2131620866141732
 31
0
  0
LINE
  5
1E5
330
1A
100
AcDbEntity
  8
BLACK
  6
CONTINUOUS
100
AcDbLine
 10
2.1390750393700788
 20
-0.2131620866141732
 30
0
 11
2.1388270472440944
 21
-0.2133181889763779
 31
0
  0
LINE
  5
1E6
330
1A
100
AcDbEntity
  8
BLACK
  6
CONTINUOUS
100
AcDbLine
 10
2.1388270472440944
 20
-0.2133181889763779
 30
0
 11
2.1350775196850393
 21
-0.2151929527559055
 31
0
  0
LINE
  5
1E7
330
1A
100
AcDbEntity
  8
BLACK
  6
CONTINUOUS
100
AcDbLine
 10
2.1350775196850393
 20
-0.2151929527559055
 30
0
 11
2.1345368897637793
 21
-0.215399842519685
 31
0
  0
LINE
  5
1E8
330
1A
100
AcDbEntity
  8
BLACK
  6
CONTINUOUS
100
AcDbLine
 10
2.1345368897637793
 20
-0.215399842519685
 30
0
 11
2.1344310629921259
 21
-0.2154073228346457
 31
0
  0
LINE
  5
1E9
330
1A
100
AcDbEntity
  8
BLACK
  6
CONTINUOUS
100
AcDbLine
 10
2.1344310629921259
 20
-0.2154073228346457
 30
0
 11
2.1343330708661417
 21
-0.2154479527559055
 31
0
  0
LINE
  5
1EA
330
1A
100
AcDbEntity
  8
BLACK
  6
CONTINUOUS
100
AcDbLine
 10
2.1343330708661417
 20
-0.2154479527559055
 30
0
 11
2.1337570078740158
 21
-0.2155046850393701
 31
0
  0
LINE
  5
1EB
330
1A
100
AcDbEntity
  8
BLACK
  6
CONTINUOUS
100
AcDbLine
 10
2.1337570078740158
 20
-0.2155046850393701
 30
0
 11
2.1300074803149607
 21
-0.2155046850393701
 31
0
  0
LINE
  5
1EC
330
1A
100
AcDbEntity
  8
BLACK
  6
CONTINUOUS
100
AcDbLine
 10
2.1300074803149607
 20
-0.2155046850393701
 30
0
 11
2.1294314173228348
 21
-0.2154479527559055
 31
0
  0
LINE
  5
1ED
330
1A
100
AcDbEntity
  8
BLACK
  6
CONTINUOUS
100
AcDbLine
 10
2.1294314173228348
 20
-0.2154479527559055
 30
0
 11
2.1293334251968505
 21
-0.2154073622047244
 31
0
  0
LINE
  5
1EE
330
1A
100
AcDbEntity
  8
BLACK
  6
CONTINUOUS
100
AcDbLine
 10
2.1293334251968505
 20
-0.2154073622047244
 30
0
 11
2.129227559055118
 21
-0.215399842519685
 31
0
  0
LINE
  5
1EF
330
1A
100
AcDbEntity
  8
BLACK
  6
CONTINUOUS
100
AcDbLine
 10
2.129227559055118
 20
-0.215399842519685
 30
0
 11
2.1286869685039371
 21
-0.2151929527559055
 31
0
  0
LINE
  5
1F0
330
1A
100
AcDbEntity
  8
BLACK
  6
CONTINUOUS
100
AcDbLine
 10
2.1286869685039371
 20
-0.2151929527559055
 30
0
 11
2.124937440944882
 21
-0.2133181889763779
 31
0
  0
LINE
  5
1F1
330
1A
100
AcDbEntity
  8
BLACK
  6
CONTINUOUS
100
AcDbLine
 10
2.124937440944882
 20
-0.2133181889763779
 30
0
 11
2.1246894094488189
 21
-0.2131620866141732
 31
0
  0
LINE
  5
1F2
330
1A
100
AcDbEntity
  8
BLACK
  6
CONTINUOUS
100
AcDbLine
 10
2.1246894094488189
 20
-0.2131620866141732
 30
0
 11
2.1246174803149604
 21
-0.2131322834645669
 31
0
  0
LINE
  5
1F3
330
1A
100
AcDbEntity
  8
BLACK
  6
CONTINUOUS
100
AcDbLine
 10
2.1246174803149604
 20
-0.2131322834645669
 30
0
 11
2.124536496062992
 21
-0.2130658267716535
 31
0
  0
LINE
  5
1F4
330
1A
100
AcDbEntity
  8
BLACK
  6
CONTINUOUS
100
AcDbLine
 10
2.124536496062992
 20
-0.2130658267716535
 30
0
 11
2.1244475590551182
 21
-0.213009842519685
 31
0
  0
LINE
  5
1F5
330
1A
100
AcDbEntity
  8
BLACK
  6
CONTINUOUS
100
AcDbLine
 10
2.1244475590551182
 20
-0.213009842519685
 30
0
 11
2.124396338582677
 21
-0.2129507874015748
 31
0
  0
LINE
  5
1F6
330
1A
100
AcDbEntity
  8
BLACK
  6
CONTINUOUS
100
AcDbLine
 10
2.124396338582677
 20
-0.2129507874015748
 30
0
 11
2.1241699999999999
 21
-0.2127650393700787
 31
0
  0
LINE
  5
1F7
330
1A
100
AcDbEntity
  8
BLACK
  6
CONTINUOUS
100
AcDbLine
 10
2.1241699999999999
 20
-0.2127650393700787
 30
0
 11
2.1222952362204723
 21
-0.2108902362204724
 31
0
  0
LINE
  5
1F8
330
1A
100
AcDbEntity
  8
BLACK
  6
CONTINUOUS
100
AcDbLine
 10
2.1222952362204723
 20
-0.2108902362204724
 30
0
 11
2.1221094881889764
 21
-0.2106638976377953
 31
0
  0
LINE
  5
1F9
330
1A
100
AcDbEntity
  8
BLACK
  6
CONTINUOUS
100
AcDbLine
 10
2.1221094881889764
 20
-0.2106638976377953
 30
0
 11
2.1220505118110236
 21
-0.2106127559055118
 31
0
  0
LINE
  5
1FA
330
1A
100
AcDbEntity
  8
BLACK
  6
CONTINUOUS
100
AcDbLine
 10
2.1220505118110236
 20
-0.2106127559055118
 30
0
 11
2.121994527559055
 21
-0.2105238188976378
 31
0
  0
LINE
  5
1FB
330
1A
100
AcDbEntity
  8
BLACK
  6
CONTINUOUS
100
AcDbLine
 10
2.121994527559055
 20
-0.2105238188976378
 30
0
 11
2.1219280314960631
 21
-0.2104427952755905
 31
0
  0
LINE
  5
1FC
330
1A
100
AcDbEntity
  8
BLACK
  6
CONTINUOUS
100
AcDbLine
 10
2.1219280314960631
 20
-0.2104427952755905
 30
0
 11
2.1218981889763779
 21
-0.2103707480314961
 31
0
  0
LINE
  5
1FD
330
1A
100
AcDbEntity
  8
BLACK
  6
CONTINUOUS
100
AcDbLine
 10
2.1218981889763779
 20
-0.2103707480314961
 30
0
 11
2.1217421653543305
 21
-0.210122874015748
 31
0
  0
LINE
  5
1FE
330
1A
100
AcDbEntity
  8
BLACK
  6
CONTINUOUS
100
AcDbLine
 10
2.1217421653543305
 20
-0.210122874015748
 30
0
 11
2.1198674015748029
 21
-0.2063733464566929
 31
0
  0
LINE
  5
1FF
330
1A
100
AcDbEntity
  8
BLACK
  6
CONTINUOUS
100
AcDbLine
 10
2.1198674015748029
 20
-0.2063733464566929
 30
0
 11
2.1198512598425197
 21
-0.2063312204724409
 31
0
  0
LINE
  5
200
330
1A
100
AcDbEntity
  8
BLACK
  6
CONTINUOUS
100
AcDbLine
 10
2.1198512598425197
 20
-0.2063312204724409
 30
0
 11
2.1198385826771653
 21
-0.206314094488189
 31
0
  0
LINE
  5
201
330
1A
100
AcDbEntity
  8
BLACK
  6
CONTINUOUS
100
AcDbLine
 10
2.1198385826771653
 20
-0.206314094488189
 30
0
 11
2.119752125984252
 21
-0.206072125984252
 31
0
  0
LINE
  5
202
330
1A
100
AcDbEntity
  8
BLACK
  6
CONTINUOUS
100
AcDbLine
 10
2.119752125984252
 20
-0.206072125984252
 30
0
 11
2.1196605118110234
 21
-0.2058327165354331
 31
0
  0
LINE
  5
203
330
1A
100
AcDbEntity
  8
BLACK
  6
CONTINUOUS
100
AcDbLine
 10
2.1196605118110234
 20
-0.2058327165354331
 30
0
 11
2.1196589763779525
 21
-0.2058114566929134
 31
0
  0
LINE
  5
204
330
1A
100
AcDbEntity
  8
BLACK
  6
CONTINUOUS
100
AcDbLine
 10
2.1196589763779525
 20
-0.2058114566929134
 30
0
 11
2.1196438188976376
 21
-0.2057689763779527
 31
0
  0
LINE
  5
205
330
1A
100
AcDbEntity
  8
BLACK
  6
CONTINUOUS
100
AcDbLine
 10
2.1196438188976376
 20
-0.2057689763779527
 30
0
 11
2.1177690551181101
 21
-0.1982699212598425
 31
0
  0
LINE
  5
206
330
1A
100
AcDbEntity
  8
BLACK
  6
CONTINUOUS
100
AcDbLine
 10
2.1177690551181101
 20
-0.1982699212598425
 30
0
 11
2.117754251968504
 21
-0.1981700393700787
 31
0
  0
LINE
  5
207
330
1A
100
AcDbEntity
  8
BLACK
  6
CONTINUOUS
100
AcDbLine
 10
2.117754251968504
 20
-0.1981700393700787
 30
0
 11
2.1177376377952757
 21
-0.198129842519685
 31
0
  0
LINE
  5
208
330
1A
100
AcDbEntity
  8
BLACK
  6
CONTINUOUS
100
AcDbLine
 10
2.1177376377952757
 20
-0.198129842519685
 30
0
 11
2.1177162598425197
 21
-0.1979127952755906
 31
0
  0
LINE
  5
209
330
1A
100
AcDbEntity
  8
BLACK
  6
CONTINUOUS
100
AcDbLine
 10
2.1177162598425197
 20
-0.1979127952755906
 30
0
 11
2.117684409448819
 21
-0.1976973228346457
 31
0
  0
LINE
  5
20A
330
1A
100
AcDbEntity
  8
BLACK
  6
CONTINUOUS
100
AcDbLine
 10
2.117684409448819
 20
-0.1976973228346457
 30
0
 11
2.1176907874015747
 21
-0.1976542913385827
 31
0
  0
LINE
  5
20B
330
1A
100
AcDbEntity
  8
BLACK
  6
CONTINUOUS
100
AcDbLine
 10
2.1176907874015747
 20
-0.1976542913385827
 30
0
 11
2.1176809055118109
 21
-0.197553779527559
 31
0
  0
LINE
  5
20C
330
1A
100
AcDbEntity
  8
BLACK
  6
CONTINUOUS
100
AcDbLine
 10
2.1176809055118109
 20
-0.197553779527559
 30
0
 11
2.1176809055118109
 21
-0.1881799606299213
 31
0
  0
LINE
  5
20D
330
1A
100
AcDbEntity
  8
BLACK
  6
CONTINUOUS
100
AcDbLine
 10
2.1176809055118109
 20
-0.1881799606299213
 30
0
 11
2.1176907874015747
 21
-0.1880794094488189
 31
0
  0
LINE
  5
20E
330
1A
100
AcDbEntity
  8
BLACK
  6
CONTINUOUS
100
AcDbLine
 10
2.1176907874015747
 20
-0.1880794094488189
 30
0
 11
2.117684409448819
 21
-0.1880364173228346
 31
0
  0
LINE
  5
20F
330
1A
100
AcDbEntity
  8
BLACK
  6
CONTINUOUS
100
AcDbLine
 10
2.117684409448819
 20
-0.1880364173228346
 30
0
 11
2.1177162598425197
 21
-0.187820905511811
 31
0
  0
LINE
  5
210
330
1A
100
AcDbEntity
  8
BLACK
  6
CONTINUOUS
100
AcDbLine
 10
2.1177162598425197
 20
-0.187820905511811
 30
0
 11
2.1177376377952757
 21
-0.1876038976377953
 31
0
  0
LINE
  5
211
330
1A
100
AcDbEntity
  8
BLACK
  6
CONTINUOUS
100
AcDbLine
 10
2.1177376377952757
 20
-0.1876038976377953
 30
0
 11
2.117754251968504
 21
-0.1875636614173228
 31
0
  0
LINE
  5
212
330
1A
100
AcDbEntity
  8
BLACK
  6
CONTINUOUS
100
AcDbLine
 10
2.117754251968504
 20
-0.1875636614173228
 30
0
 11
2.1177690551181101
 21
-0.1874638188976378
 31
0
  0
LINE
  5
213
330
1A
100
AcDbEntity
  8
BLACK
  6
CONTINUOUS
100
AcDbLine
 10
2.1177690551181101
 20
-0.1874638188976378
 30
0
 11
2.1196438188976376
 21
-0.1799647637795276
 31
0
  0
LINE
  5
214
330
1A
100
AcDbEntity
  8
BLACK
  6
CONTINUOUS
100
AcDbLine
 10
2.1196438188976376
 20
-0.1799647637795276
 30
0
 11
2.1196589763779525
 21
-0.1799222440944882
 31
0
  0
LINE
  5
215
330
1A
100
AcDbEntity
  8
BLACK
  6
CONTINUOUS
100
AcDbLine
 10
2.1196589763779525
 20
-0.1799222440944882
 30
0
 11
2.1196605118110234
 21
-0.1799010236220472
 31
0
  0
LINE
  5
216
330
1A
100
AcDbEntity
  8
BLACK
  6
CONTINUOUS
100
AcDbLine
 10
2.1196605118110234
 20
-0.1799010236220472
 30
0
 11
2.119752125984252
 21
-0.1796615748031496
 31
0
  0
LINE
  5
217
330
1A
100
AcDbEntity
  8
BLACK
  6
CONTINUOUS
100
AcDbLine
 10
2.119752125984252
 20
-0.1796615748031496
 30
0
 11
2.1198385826771653
 21
-0.1794196456692913
 31
0
  0
LINE
  5
218
330
1A
100
AcDbEntity
  8
BLACK
  6
CONTINUOUS
100
AcDbLine
 10
2.1198385826771653
 20
-0.1794196456692913
 30
0
 11
2.1198512598425197
 21
-0.1794024803149606
 31
0
  0
LINE
  5
219
330
1A
100
AcDbEntity
  8
BLACK
  6
CONTINUOUS
100
AcDbLine
 10
2.1198512598425197
 20
-0.1794024803149606
 30
0
 11
2.1198674015748029
 21
-0.1793603937007874
 31
0
  0
LINE
  5
21A
330
1A
100
AcDbEntity
  8
BLACK
  6
CONTINUOUS
100
AcDbLine
 10
2.1198674015748029
 20
-0.1793603937007874
 30
0
 11
2.1217421653543305
 21
-0.1756108661417323
 31
0
  0
LINE
  5
21B
330
1A
100
AcDbEntity
  8
BLACK
  6
CONTINUOUS
100
AcDbLine
 10
2.1217421653543305
 20
-0.1756108661417323
 30
0
 11
2.1218982283464567
 21
-0.1753628346456693
 31
0
  0
LINE
  5
21C
330
1A
100
AcDbEntity
  8
BLACK
  6
CONTINUOUS
100
AcDbLine
 10
2.1218982283464567
 20
-0.1753628346456693
 30
0
 11
2.1219280708661419
 21
-0.175290905511811
 31
0
  0
LINE
  5
21D
330
1A
100
AcDbEntity
  8
BLACK
  6
CONTINUOUS
100
AcDbLine
 10
2.1219280708661419
 20
-0.175290905511811
 30
0
 11
2.121994527559055
 21
-0.1752099212598425
 31
0
  0
LINE
  5
21E
330
1A
100
AcDbEntity
  8
BLACK
  6
CONTINUOUS
100
AcDbLine
 10
2.121994527559055
 20
-0.1752099212598425
 30
0
 11
2.1220505118110236
 21
-0.1751209842519685
 31
0
  0
LINE
  5
21F
330
1A
100
AcDbEntity
  8
BLACK
  6
CONTINUOUS
100
AcDbLine
 10
2.1220505118110236
 20
-0.1751209842519685
 30
0
 11
2.1221094881889764
 21
-0.1750698031496063
 31
0
  0
LINE
  5
220
330
1A
100
AcDbEntity
  8
BLACK
  6
CONTINUOUS
100
AcDbLine
 10
2.1221094881889764
 20
-0.1750698031496063
 30
0
 11
2.1222952755905511
 21
-0.1748434645669291
 31
0
  0
LINE
  5
221
330
1A
100
AcDbEntity
  8
BLACK
  6
CONTINUOUS
100
AcDbLine
 10
2.1222952755905511
 20
-0.1748434645669291
 30
0
 11
2.1241700393700786
 21
-0.1729687007874016
 31
0
  0
LINE
  5
222
330
1A
100
AcDbEntity
  8
BLACK
  6
CONTINUOUS
100
AcDbLine
 10
2.1241700393700786
 20
-0.1729687007874016
 30
0
 11
2.1243963779527557
 21
-0.1727829133858268
 31
0
  0
LINE
  5
223
330
1A
100
AcDbEntity
  8
BLACK
  6
CONTINUOUS
100
AcDbLine
 10
2.1243963779527557
 20
-0.1727829133858268
 30
0
 11
2.1244475590551182
 21
-0.172723937007874
 31
0
  0
LINE
  5
224
330
1A
100
AcDbEntity
  8
BLACK
  6
CONTINUOUS
100
AcDbLine
 10
2.1244475590551182
 20
-0.172723937007874
 30
0
 11
2.124536496062992
 21
-0.1726679527559055
 31
0
  0
LINE
  5
225
330
1A
100
AcDbEntity
  8
BLACK
  6
CONTINUOUS
100
AcDbLine
 10
2.124536496062992
 20
-0.1726679527559055
 30
0
 11
2.1246174803149604
 21
-0.1726014960629921
 31
0
  0
LINE
  5
226
330
1A
100
AcDbEntity
  8
BLACK
  6
CONTINUOUS
100
AcDbLine
 10
2.1246174803149604
 20
-0.1726014960629921
 30
0
 11
2.1246894094488189
 21
-0.1725716535433071
 31
0
  0
LINE
  5
227
330
1A
100
AcDbEntity
  8
BLACK
  6
CONTINUOUS
100
AcDbLine
 10
2.1246894094488189
 20
-0.1725716535433071
 30
0
 11
2.124937440944882
 21
-0.1724155905511811
 31
0
  0
LINE
  5
228
330
1A
100
AcDbEntity
  8
BLACK
  6
CONTINUOUS
100
AcDbLine
 10
2.124937440944882
 20
-0.1724155905511811
 30
0
 11
2.1286869685039371
 21
-0.1705408267716536
 31
0
  0
LINE
  5
229
330
1A
100
AcDbEntity
  8
BLACK
  6
CONTINUOUS
100
AcDbLine
 10
2.1286869685039371
 20
-0.1705408267716536
 30
0
 11
2.129227559055118
 21
-0.170333937007874
 31
0
  0
LINE
  5
22A
330
1A
100
AcDbEntity
  8
BLACK
  6
CONTINUOUS
100
AcDbLine
 10
2.129227559055118
 20
-0.170333937007874
 30
0
 11
2.1293334251968505
 21
-0.1703263779527559
 31
0
  0
LINE
  5
22B
330
1A
100
AcDbEntity
  8
BLACK
  6
CONTINUOUS
100
AcDbLine
 10
2.1293334251968505
 20
-0.1703263779527559
 30
0
 11
2.1294314173228348
 21
-0.1702858267716535
 31
0
  0
LINE
  5
22C
330
1A
100
AcDbEntity
  8
BLACK
  6
CONTINUOUS
100
AcDbLine
 10
2.1294314173228348
 20
-0.1702858267716535
 30
0
 11
2.1300074803149607
 21
-0.170229094488189
 31
0
  0
LINE
  5
22D
330
1A
100
AcDbEntity
  8
BLACK
  6
CONTINUOUS
100
AcDbLine
 10
2.1300074803149607
 20
-0.170229094488189
 30
0
 11
2.1337570078740158
 21
-0.170229094488189
 31
0
  0
LINE
  5
22E
330
1A
100
AcDbEntity
  8
BLACK
  6
CONTINUOUS
100
AcDbLine
 10
2.1337570078740158
 20
-0.170229094488189
 30
0
 11
2.1343330708661417
 21
-0.1702858267716535
 31
0
  0
LINE
  5
22F
330
1A
100
AcDbEntity
  8
BLACK
  6
CONTINUOUS
100
AcDbLine
 10
2.1280070472440946
 20
-0.1774833464566929
 30
0
 11
2.1268099212598424
 21
-0.1786804724409449
 31
0
  0
LINE
  5
230
330
1A
100
AcDbEntity
  8
BLACK
  6
CONTINUOUS
100
AcDbLine
 10
2.1268099212598424
 20
-0.1786804724409449
 30
0
 11
2.1252944094488186
 21
-0.1817114566929134
 31
0
  0
LINE
  5
231
330
1A
100
AcDbEntity
  8
BLACK
  6
CONTINUOUS
100
AcDbLine
 10
2.1252944094488186
 20
-0.1817114566929134
 30
0
 11
2.1235864173228345
 21
-0.1885435039370079
 31
0
  0
LINE
  5
232
330
1A
100
AcDbEntity
  8
BLACK
  6
CONTINUOUS
100
AcDbLine
 10
2.1235864173228345
 20
-0.1885435039370079
 30
0
 11
2.1235864173228345
 21
-0.1971902362204724
 31
0
  0
LINE
  5
233
330
1A
100
AcDbEntity
  8
BLACK
  6
CONTINUOUS
100
AcDbLine
 10
2.1235864173228345
 20
-0.1971902362204724
 30
0
 11
2.1252944094488186
 21
-0.2040222834645669
 31
0
  0
LINE
  5
234
330
1A
100
AcDbEntity
  8
BLACK
  6
CONTINUOUS
100
AcDbLine
 10
2.1252944094488186
 20
-0.2040222834645669
 30
0
 11
2.1268099212598424
 21
-0.2070532677165354
 31
0
  0
LINE
  5
235
330
1A
100
AcDbEntity
  8
BLACK
  6
CONTINUOUS
100
AcDbLine
 10
2.1268099212598424
 20
-0.2070532677165354
 30
0
 11
2.1280070472440946
 21
-0.2082504330708661
 31
0
  0
LINE
  5
236
330
1A
100
AcDbEntity
  8
BLACK
  6
CONTINUOUS
100
AcDbLine
 10
2.1280070472440946
 20
-0.2082504330708661
 30
0
 11
2.1307045275590553
 21
-0.2095991732283465
 31
0
  0
LINE
  5
237
330
1A
100
AcDbEntity
  8
BLACK
  6
CONTINUOUS
100
AcDbLine
 10
2.1307045275590553
 20
-0.2095991732283465
 30
0
 11
2.1330599606299212
 21
-0.2095991732283465
 31
0
  0
LINE
  5
238
330
1A
100
AcDbEntity
  8
BLACK
  6
CONTINUOUS
100
AcDbLine
 10
2.1330599606299212
 20
-0.2095991732283465
 30
0
 11
2.1357574015748031
 21
-0.2082504330708661
 31
0
  0
LINE
  5
239
330
1A
100
AcDbEntity
  8
BLACK
  6
CONTINUOUS
100
AcDbLine
 10
2.1357574015748031
 20
-0.2082504330708661
 30
0
 11
2.1369545275590549
 21
-0.2070532677165354
 31
0
  0
LINE
  5
23A
330
1A
100
AcDbEntity
  8
BLACK
  6
CONTINUOUS
100
AcDbLine
 10
2.1369545275590549
 20
-0.2070532677165354
 30
0
 11
2.1384700393700786
 21
-0.2040222834645669
 31
0
  0
LINE
  5
23B
330
1A
100
AcDbEntity
  8
BLACK
  6
CONTINUOUS
100
AcDbLine
 10
2.1384700393700786
 20
-0.2040222834645669
 30
0
 11
2.1401780708661415
 21
-0.1971902362204724
 31
0
  0
LINE
  5
23C
330
1A
100
AcDbEntity
  8
BLACK
  6
CONTINUOUS
100
AcDbLine
 10
2.1401780708661415
 20
-0.1971902362204724
 30
0
 11
2.1401780708661415
 21
-0.1885435039370079
 31
0
  0
LINE
  5
23D
330
1A
100
AcDbEntity
  8
BLACK
  6
CONTINUOUS
100
AcDbLine
 10
2.1401780708661415
 20
-0.1885435039370079
 30
0
 11
2.1384700393700786
 21
-0.1817114566929134
 31
0
  0
LINE
  5
23E
330
1A
100
AcDbEntity
  8
BLACK
  6
CONTINUOUS
100
AcDbLine
 10
2.1384700393700786
 20
-0.1817114566929134
 30
0
 11
2.1369545669291337
 21
-0.1786804724409449
 31
0
  0
LINE
  5
23F
330
1A
100
AcDbEntity
  8
BLACK
  6
CONTINUOUS
100
AcDbLine
 10
2.1369545669291337
 20
-0.1786804724409449
 30
0
 11
2.1357574409448818
 21
-0.1774833464566929
 31
0
  0
LINE
  5
240
330
1A
100
AcDbEntity
  8
BLACK
  6
CONTINUOUS
100
AcDbLine
 10
2.1357574409448818
 20
-0.1774833464566929
 30
0
 11
2.1330599606299212
 21
-0.1761346062992126
 31
0
  0
LINE
  5
241
330
1A
100
AcDbEntity
  8
BLACK
  6
CONTINUOUS
100
AcDbLine
 10
2.1330599606299212
 20
-0.1761346062992126
 30
0
 11
2.1307045275590553
 21
-0.1761346062992126
 31
0
  0
LINE
  5
242
330
1A
100
AcDbEntity
  8
BLACK
  6
CONTINUOUS
100
AcDbLine
 10
2.1307045275590553
 20
-0.1761346062992126
 30
0
 11
2.1280070472440946
 21
-0.1774833464566929
 31
0
  0
LINE
  5
243
330
1A
100
AcDbEntity
  8
BLACK
  6
CONTINUOUS
100
AcDbLine
 10
2.1793274409448817
 20
-0.1702858267716535
 30
0
 11
2.1803918503937005
 21
-0.1707267322834645
 31
0
  0
LINE
  5
244
330
1A
100
AcDbEntity
  8
BLACK
  6
CONTINUOUS
100
AcDbLine
 10
2.1803918503937005
 20
-0.1707267322834645
 30
0
 11
2.181206496062992
 21
-0.1715413779527559
 31
0
  0
LINE
  5
245
330
1A
100
AcDbEntity
  8
BLACK
  6
CONTINUOUS
100
AcDbLine
 10
2.181206496062992
 20
-0.1715413779527559
 30
0
 11
2.1816474015748031
 21
-0.1726057874015748
 31
0
  0
LINE
  5
246
330
1A
100
AcDbEntity
  8
BLACK
  6
CONTINUOUS
100
AcDbLine
 10
2.1816474015748031
 20
-0.1726057874015748
 30
0
 11
2.1816474015748031
 21
-0.1737579133858268
 31
0
  0
LINE
  5
247
330
1A
100
AcDbEntity
  8
BLACK
  6
CONTINUOUS
100
AcDbLine
 10
2.1816474015748031
 20
-0.1737579133858268
 30
0
 11
2.181206496062992
 21
-0.1748223228346457
 31
0
  0
LINE
  5
248
330
1A
100
AcDbEntity
  8
BLACK
  6
CONTINUOUS
100
AcDbLine
 10
2.181206496062992
 20
-0.1748223228346457
 30
0
 11
2.1803918503937005
 21
-0.175636968503937
 31
0
  0
LINE
  5
249
330
1A
100
AcDbEntity
  8
BLACK
  6
CONTINUOUS
100
AcDbLine
 10
2.1803918503937005
 20
-0.175636968503937
 30
0
 11
2.1793274409448817
 21
-0.176077874015748
 31
0
  0
LINE
  5
24A
330
1A
100
AcDbEntity
  8
BLACK
  6
CONTINUOUS
100
AcDbLine
 10
2.1793274409448817
 20
-0.176077874015748
 30
0
 11
2.1787513779527559
 21
-0.1761346062992126
 31
0
  0
LINE
  5
24B
330
1A
100
AcDbEntity
  8
BLACK
  6
CONTINUOUS
100
AcDbLine
 10
2.1787513779527559
 20
-0.1761346062992126
 30
0
 11
2.1626759448818897
 21
-0.1761346062992126
 31
0
  0
LINE
  5
24C
330
1A
100
AcDbEntity
  8
BLACK
  6
CONTINUOUS
100
AcDbLine
 10
2.1626759448818897
 20
-0.1761346062992126
 30
0
 11
2.1616988188976376
 21
-0.1859058661417323
 31
0
  0
LINE
  5
24D
330
1A
100
AcDbEntity
  8
BLACK
  6
CONTINUOUS
100
AcDbLine
 10
2.1616988188976376
 20
-0.1859058661417323
 30
0
 11
2.1624327559055119
 21
-0.185538937007874
 31
0
  0
LINE
  5
24E
330
1A
100
AcDbEntity
  8
BLACK
  6
CONTINUOUS
100
AcDbLine
 10
2.1624327559055119
 20
-0.185538937007874
 30
0
 11
2.1629733464566927
 21
-0.1853320472440945
 31
0
  0
LINE
  5
24F
330
1A
100
AcDbEntity
  8
BLACK
  6
CONTINUOUS
100
AcDbLine
 10
2.1629733464566927
 20
-0.1853320472440945
 30
0
 11
2.1630792125984253
 21
-0.1853244881889764
 31
0
  0
LINE
  5
250
330
1A
100
AcDbEntity
  8
BLACK
  6
CONTINUOUS
100
AcDbLine
 10
2.1630792125984253
 20
-0.1853244881889764
 30
0
 11
2.1631772047244096
 21
-0.185283937007874
 31
0
  0
LINE
  5
251
330
1A
100
AcDbEntity
  8
BLACK
  6
CONTINUOUS
100
AcDbLine
 10
2.1631772047244096
 20
-0.185283937007874
 30
0
 11
2.1637532677165354
 21
-0.1852272047244095
 31
0
  0
LINE
  5
252
330
1A
100
AcDbEntity
  8
BLACK
  6
CONTINUOUS
100
AcDbLine
 10
2.1637532677165354
 20
-0.1852272047244095
 30
0
 11
2.1731270866141732
 21
-0.1852272047244095
 31
0
  0
LINE
  5
253
330
1A
100
AcDbEntity
  8
BLACK
  6
CONTINUOUS
100
AcDbLine
 10
2.1731270866141732
 20
-0.1852272047244095
 30
0
 11
2.1737031496062991
 21
-0.185283937007874
 31
0
  0
LINE
  5
254
330
1A
100
AcDbEntity
  8
BLACK
  6
CONTINUOUS
100
AcDbLine
 10
2.1737031496062991
 20
-0.185283937007874
 30
0
 11
2.1738011417322833
 21
-0.1853245275590551
 31
0
  0
LINE
  5
255
330
1A
100
AcDbEntity
  8
BLACK
  6
CONTINUOUS
100
AcDbLine
 10
2.1738011417322833
 20
-0.1853245275590551
 30
0
 11
2.1739069685039372
 21
-0.1853320472440945
 31
0
  0
LINE
  5
256
330
1A
100
AcDbEntity
  8
BLACK
  6
CONTINUOUS
100
AcDbLine
 10
2.1739069685039372
 20
-0.1853320472440945
 30
0
 11
2.1744475984251967
 21
-0.185538937007874
 31
0
  0
LINE
  5
257
330
1A
100
AcDbEntity
  8
BLACK
  6
CONTINUOUS
100
AcDbLine
 10
2.1744475984251967
 20
-0.185538937007874
 30
0
 11
2.1781971259842519
 21
-0.1874137007874016
 31
0
  0
LINE
  5
258
330
1A
100
AcDbEntity
  8
BLACK
  6
CONTINUOUS
100
AcDbLine
 10
2.1781971259842519
 20
-0.1874137007874016
 30
0
 11
2.1784451181102362
 21
-0.1875697637795276
 31
0
  0
LINE
  5
259
330
1A
100
AcDbEntity
  8
BLACK
  6
CONTINUOUS
100
AcDbLine
 10
2.1784451181102362
 20
-0.1875697637795276
 30
0
 11
2.178517086614173
 21
-0.1875996062992126
 31
0
  0
LINE
  5
25A
330
1A
100
AcDbEntity
  8
BLACK
  6
CONTINUOUS
100
AcDbLine
 10
2.178517086614173
 20
-0.1875996062992126
 30
0
 11
2.1785980314960631
 21
-0.187666062992126
 31
0
  0
LINE
  5
25B
330
1A
100
AcDbEntity
  8
BLACK
  6
CONTINUOUS
100
AcDbLine
 10
2.1785980314960631
 20
-0.187666062992126
 30
0
 11
2.1786870078740157
 21
-0.1877220472440945
 31
0
  0
LINE
  5
25C
330
1A
100
AcDbEntity
  8
BLACK
  6
CONTINUOUS
100
AcDbLine
 10
2.1786870078740157
 20
-0.1877220472440945
 30
0
 11
2.178738149606299
 21
-0.1877810236220472
 31
0
  0
LINE
  5
25D
330
1A
100
AcDbEntity
  8
BLACK
  6
CONTINUOUS
100
AcDbLine
 10
2.178738149606299
 20
-0.1877810236220472
 30
0
 11
2.1789645275590552
 21
-0.187966811023622
 31
0
  0
LINE
  5
25E
330
1A
100
AcDbEntity
  8
BLACK
  6
CONTINUOUS
100
AcDbLine
 10
2.1789645275590552
 20
-0.187966811023622
 30
0
 11
2.1808392913385828
 21
-0.1898415748031496
 31
0
  0
LINE
  5
25F
330
1A
100
AcDbEntity
  8
BLACK
  6
CONTINUOUS
100
AcDbLine
 10
2.1808392913385828
 20
-0.1898415748031496
 30
0
 11
2.1810250393700787
 21
-0.1900679133858268
 31
0
  0
LINE
  5
260
330
1A
100
AcDbEntity
  8
BLACK
  6
CONTINUOUS
100
AcDbLine
 10
2.1810250393700787
 20
-0.1900679133858268
 30
0
 11
2.1810840551181103
 21
-0.190119094488189
 31
0
  0
LINE
  5
261
330
1A
100
AcDbEntity
  8
BLACK
  6
CONTINUOUS
100
AcDbLine
 10
2.1810840551181103
 20
-0.190119094488189
 30
0
 11
2.1811400000000001
 21
-0.190208031496063
 31
0
  0
LINE
  5
262
330
1A
100
AcDbEntity
  8
BLACK
  6
CONTINUOUS
100
AcDbLine
 10
2.1811400000000001
 20
-0.190208031496063
 30
0
 11
2.181206496062992
 21
-0.1902890157480315
 31
0
  0
LINE
  5
263
330
1A
100
AcDbEntity
  8
BLACK
  6
CONTINUOUS
100
AcDbLine
 10
2.181206496062992
 20
-0.1902890157480315
 30
0
 11
2.1812362992125984
 21
-0.1903609448818898
 31
0
  0
LINE
  5
264
330
1A
100
AcDbEntity
  8
BLACK
  6
CONTINUOUS
100
AcDbLine
 10
2.1812362992125984
 20
-0.1903609448818898
 30
0
 11
2.181392401574803
 21
-0.1906089763779527
 31
0
  0
LINE
  5
265
330
1A
100
AcDbEntity
  8
BLACK
  6
CONTINUOUS
100
AcDbLine
 10
2.181392401574803
 20
-0.1906089763779527
 30
0
 11
2.1832671653543305
 21
-0.1943585039370079
 31
0
  0
LINE
  5
266
330
1A
100
AcDbEntity
  8
BLACK
  6
CONTINUOUS
100
AcDbLine
 10
2.1832671653543305
 20
-0.1943585039370079
 30
0
 11
2.18347405511811
 21
-0.194899094488189
 31
0
  0
LINE
  5
267
330
1A
100
AcDbEntity
  8
BLACK
  6
CONTINUOUS
100
AcDbLine
 10
2.18347405511811
 20
-0.194899094488189
 30
0
 11
2.1834815748031495
 21
-0.1950049606299213
 31
0
  0
LINE
  5
268
330
1A
100
AcDbEntity
  8
BLACK
  6
CONTINUOUS
100
AcDbLine
 10
2.1834815748031495
 20
-0.1950049606299213
 30
0
 11
2.1835221653543306
 21
-0.1951029527559055
 31
0
  0
LINE
  5
269
330
1A
100
AcDbEntity
  8
BLACK
  6
CONTINUOUS
100
AcDbLine
 10
2.1835221653543306
 20
-0.1951029527559055
 30
0
 11
2.1835788976377954
 21
-0.1956790157480315
 31
0
  0
LINE
  5
26A
330
1A
100
AcDbEntity
  8
BLACK
  6
CONTINUOUS
100
AcDbLine
 10
2.1835788976377954
 20
-0.1956790157480315
 30
0
 11
2.1835788976377954
 21
-0.2050528346456693
 31
0
  0
LINE
  5
26B
330
1A
100
AcDbEntity
  8
BLACK
  6
CONTINUOUS
100
AcDbLine
 10
2.1835788976377954
 20
-0.2050528346456693
 30
0
 11
2.1835221653543306
 21
-0.2056288976377953
 31
0
  0
LINE
  5
26C
330
1A
100
AcDbEntity
  8
BLACK
  6
CONTINUOUS
100
AcDbLine
 10
2.1835221653543306
 20
-0.2056288976377953
 30
0
 11
2.1834815748031495
 21
-0.2057268503937008
 31
0
  0
LINE
  5
26D
330
1A
100
AcDbEntity
  8
BLACK
  6
CONTINUOUS
100
AcDbLine
 10
2.1834815748031495
 20
-0.2057268503937008
 30
0
 11
2.18347405511811
 21
-0.2058327559055118
 31
0
  0
LINE
  5
26E
330
1A
100
AcDbEntity
  8
BLACK
  6
CONTINUOUS
100
AcDbLine
 10
2.18347405511811
 20
-0.2058327559055118
 30
0
 11
2.1832671653543305
 21
-0.2063733464566929
 31
0
  0
LINE
  5
26F
330
1A
100
AcDbEntity
  8
BLACK
  6
CONTINUOUS
100
AcDbLine
 10
2.1832671653543305
 20
-0.2063733464566929
 30
0
 11
2.181392401574803
 21
-0.210122874015748
 31
0
  0
LINE
  5
270
330
1A
100
AcDbEntity
  8
BLACK
  6
CONTINUOUS
100
AcDbLine
 10
2.181392401574803
 20
-0.210122874015748
 30
0
 11
2.1812363385826772
 21
-0.2103707480314961
 31
0
  0
LINE
  5
271
330
1A
100
AcDbEntity
  8
BLACK
  6
CONTINUOUS
100
AcDbLine
 10
2.1812363385826772
 20
-0.2103707480314961
 30
0
 11
2.1812065354330707
 21
-0.2104427952755905
 31
0
  0
LINE
  5
272
330
1A
100
AcDbEntity
  8
BLACK
  6
CONTINUOUS
100
AcDbLine
 10
2.1812065354330707
 20
-0.2104427952755905
 30
0
 11
2.1811400000000001
 21
-0.2105238188976378
 31
0
  0
LINE
  5
273
330
1A
100
AcDbEntity
  8
BLACK
  6
CONTINUOUS
100
AcDbLine
 10
2.1811400000000001
 20
-0.2105238188976378
 30
0
 11
2.1810840551181103
 21
-0.2106127559055118
 31
0
  0
LINE
  5
274
330
1A
100
AcDbEntity
  8
BLACK
  6
CONTINUOUS
100
AcDbLine
 10
2.1810840551181103
 20
-0.2106127559055118
 30
0
 11
2.1810250393700787
 21
-0.2106638976377953
 31
0
  0
LINE
  5
275
330
1A
100
AcDbEntity
  8
BLACK
  6
CONTINUOUS
100
AcDbLine
 10
2.1810250393700787
 20
-0.2106638976377953
 30
0
 11
2.1808392913385828
 21
-0.2108902755905512
 31
0
  0
LINE
  5
276
330
1A
100
AcDbEntity
  8
BLACK
  6
CONTINUOUS
100
AcDbLine
 10
2.1808392913385828
 20
-0.2108902755905512
 30
0
 11
2.178964566929134
 21
-0.2127650393700787
 31
0
  0
LINE
  5
277
330
1A
100
AcDbEntity
  8
BLACK
  6
CONTINUOUS
100
AcDbLine
 10
2.178964566929134
 20
-0.2127650393700787
 30
0
 11
2.1787381889763777
 21
-0.2129507874015748
 31
0
  0
LINE
  5
278
330
1A
100
AcDbEntity
  8
BLACK
  6
CONTINUOUS
100
AcDbLine
 10
2.1787381889763777
 20
-0.2129507874015748
 30
0
 11
2.1786870078740157
 21
-0.213009842519685
 31
0
  0
LINE
  5
279
330
1A
100
AcDbEntity
  8
BLACK
  6
CONTINUOUS
100
AcDbLine
 10
2.1786870078740157
 20
-0.213009842519685
 30
0
 11
2.1785980314960631
 21
-0.2130658267716535
 31
0
  0
LINE
  5
27A
330
1A
100
AcDbEntity
  8
BLACK
  6
CONTINUOUS
100
AcDbLine
 10
2.1785980314960631
 20
-0.2130658267716535
 30
0
 11
2.178517086614173
 21
-0.2131322834645669
 31
0
  0
LINE
  5
27B
330
1A
100
AcDbEntity
  8
BLACK
  6
CONTINUOUS
100
AcDbLine
 10
2.178517086614173
 20
-0.2131322834645669
 30
0
 11
2.1784451181102362
 21
-0.2131620866141732
 31
0
  0
LINE
  5
27C
330
1A
100
AcDbEntity
  8
BLACK
  6
CONTINUOUS
100
AcDbLine
 10
2.1784451181102362
 20
-0.2131620866141732
 30
0
 11
2.1781971259842519
 21
-0.2133181889763779
 31
0
  0
LINE
  5
27D
330
1A
100
AcDbEntity
  8
BLACK
  6
CONTINUOUS
100
AcDbLine
 10
2.1781971259842519
 20
-0.2133181889763779
 30
0
 11
2.1744475984251967
 21
-0.2151929527559055
 31
0
  0
LINE
  5
27E
330
1A
100
AcDbEntity
  8
BLACK
  6
CONTINUOUS
100
AcDbLine
 10
2.1744475984251967
 20
-0.2151929527559055
 30
0
 11
2.1739069685039372
 21
-0.215399842519685
 31
0
  0
LINE
  5
27F
330
1A
100
AcDbEntity
  8
BLACK
  6
CONTINUOUS
100
AcDbLine
 10
2.1739069685039372
 20
-0.215399842519685
 30
0
 11
2.1738011417322833
 21
-0.2154073228346457
 31
0
  0
LINE
  5
280
330
1A
100
AcDbEntity
  8
BLACK
  6
CONTINUOUS
100
AcDbLine
 10
2.1738011417322833
 20
-0.2154073228346457
 30
0
 11
2.1737031496062991
 21
-0.2154479527559055
 31
0
  0
LINE
  5
281
330
1A
100
AcDbEntity
  8
BLACK
  6
CONTINUOUS
100
AcDbLine
 10
2.1737031496062991
 20
-0.2154479527559055
 30
0
 11
2.1731270866141732
 21
-0.2155046850393701
 31
0
  0
LINE
  5
282
330
1A
100
AcDbEntity
  8
BLACK
  6
CONTINUOUS
100
AcDbLine
 10
2.1731270866141732
 20
-0.2155046850393701
 30
0
 11
2.1637532677165354
 21
-0.2155046850393701
 31
0
  0
LINE
  5
283
330
1A
100
AcDbEntity
  8
BLACK
  6
CONTINUOUS
100
AcDbLine
 10
2.1637532677165354
 20
-0.2155046850393701
 30
0
 11
2.1631772047244096
 21
-0.2154479527559055
 31
0
  0
LINE
  5
284
330
1A
100
AcDbEntity
  8
BLACK
  6
CONTINUOUS
100
AcDbLine
 10
2.1631772047244096
 20
-0.2154479527559055
 30
0
 11
2.1630792125984253
 21
-0.2154073622047244
 31
0
  0
LINE
  5
285
330
1A
100
AcDbEntity
  8
BLACK
  6
CONTINUOUS
100
AcDbLine
 10
2.1630792125984253
 20
-0.2154073622047244
 30
0
 11
2.1629733464566927
 21
-0.215399842519685
 31
0
  0
LINE
  5
286
330
1A
100
AcDbEntity
  8
BLACK
  6
CONTINUOUS
100
AcDbLine
 10
2.1629733464566927
 20
-0.215399842519685
 30
0
 11
2.1624327559055119
 21
-0.2151929527559055
 31
0
  0
LINE
  5
287
330
1A
100
AcDbEntity
  8
BLACK
  6
CONTINUOUS
100
AcDbLine
 10
2.1624327559055119
 20
-0.2151929527559055
 30
0
 11
2.1586832283464568
 21
-0.2133181889763779
 31
0
  0
LINE
  5
288
330
1A
100
AcDbEntity
  8
BLACK
  6
CONTINUOUS
100
AcDbLine
 10
2.1586832283464568
 20
-0.2133181889763779
 30
0
 11
2.1584351968503936
 21
-0.2131620866141732
 31
0
  0
LINE
  5
289
330
1A
100
AcDbEntity
  8
BLACK
  6
CONTINUOUS
100
AcDbLine
 10
2.1584351968503936
 20
-0.2131620866141732
 30
0
 11
2.1583632677165352
 21
-0.2131322834645669
 31
0
  0
LINE
  5
28A
330
1A
100
AcDbEntity
  8
BLACK
  6
CONTINUOUS
100
AcDbLine
 10
2.1583632677165352
 20
-0.2131322834645669
 30
0
 11
2.1582822834645667
 21
-0.2130658267716535
 31
0
  0
LINE
  5
28B
330
1A
100
AcDbEntity
  8
BLACK
  6
CONTINUOUS
100
AcDbLine
 10
2.1582822834645667
 20
-0.2130658267716535
 30
0
 11
2.1581933464566929
 21
-0.213009842519685
 31
0
  0
LINE
  5
28C
330
1A
100
AcDbEntity
  8
BLACK
  6
CONTINUOUS
100
AcDbLine
 10
2.1581933464566929
 20
-0.213009842519685
 30
0
 11
2.1581421259842517
 21
-0.2129507874015748
 31
0
  0
LINE
  5
28D
330
1A
100
AcDbEntity
  8
BLACK
  6
CONTINUOUS
100
AcDbLine
 10
2.1581421259842517
 20
-0.2129507874015748
 30
0
 11
2.1579157874015746
 21
-0.2127650393700787
 31
0
  0
LINE
  5
28E
330
1A
100
AcDbEntity
  8
BLACK
  6
CONTINUOUS
100
AcDbLine
 10
2.1579157874015746
 20
-0.2127650393700787
 30
0
 11
2.1560410236220471
 21
-0.2108902362204724
 31
0
  0
LINE
  5
28F
330
1A
100
AcDbEntity
  8
BLACK
  6
CONTINUOUS
100
AcDbLine
 10
2.1560410236220471
 20
-0.2108902362204724
 30
0
 11
2.1556738188976379
 21
-0.2104427952755905
 31
0
  0
LINE
  5
290
330
1A
100
AcDbEntity
  8
BLACK
  6
CONTINUOUS
100
AcDbLine
 10
2.1556738188976379
 20
-0.2104427952755905
 30
0
 11
2.1552329527559055
 21
-0.2093783858267717
 31
0
  0
LINE
  5
291
330
1A
100
AcDbEntity
  8
BLACK
  6
CONTINUOUS
100
AcDbLine
 10
2.1552329527559055
 20
-0.2093783858267717
 30
0
 11
2.1552329527559055
 21
-0.2082262992125984
 31
0
  0
LINE
  5
292
330
1A
100
AcDbEntity
  8
BLACK
  6
CONTINUOUS
100
AcDbLine
 10
2.1552329527559055
 20
-0.2082262992125984
 30
0
 11
2.1556738582677166
 21
-0.2071618897637795
 31
0
  0
LINE
  5
293
330
1A
100
AcDbEntity
  8
BLACK
  6
CONTINUOUS
100
AcDbLine
 10
2.1556738582677166
 20
-0.2071618897637795
 30
0
 11
2.1564885433070864
 21
-0.2063472047244095
 31
0
  0
LINE
  5
294
330
1A
100
AcDbEntity
  8
BLACK
  6
CONTINUOUS
100
AcDbLine
 10
2.1564885433070864
 20
-0.2063472047244095
 30
0
 11
2.1575529527559056
 21
-0.2059063385826772
 31
0
  0
LINE
  5
295
330
1A
100
AcDbEntity
  8
BLACK
  6
CONTINUOUS
100
AcDbLine
 10
2.1575529527559056
 20
-0.2059063385826772
 30
0
 11
2.1587050393700786
 21
-0.2059063385826772
 31
0
  0
LINE
  5
296
330
1A
100
AcDbEntity
  8
BLACK
  6
CONTINUOUS
100
AcDbLine
 10
2.1587050393700786
 20
-0.2059063385826772
 30
0
 11
2.1597694488188974
 21
-0.2063472440944882
 31
0
  0
LINE
  5
297
330
1A
100
AcDbEntity
  8
BLACK
  6
CONTINUOUS
100
AcDbLine
 10
2.1597694488188974
 20
-0.2063472440944882
 30
0
 11
2.1602169291338584
 21
-0.2067144881889764
 31
0
  0
LINE
  5
298
330
1A
100
AcDbEntity
  8
BLACK
  6
CONTINUOUS
100
AcDbLine
 10
2.1602169291338584
 20
-0.2067144881889764
 30
0
 11
2.1617528346456694
 21
-0.2082504330708661
 31
0
  0
LINE
  5
299
330
1A
100
AcDbEntity
  8
BLACK
  6
CONTINUOUS
100
AcDbLine
 10
2.1617528346456694
 20
-0.2082504330708661
 30
0
 11
2.16445031496063
 21
-0.2095991732283465
 31
0
  0
LINE
  5
29A
330
1A
100
AcDbEntity
  8
BLACK
  6
CONTINUOUS
100
AcDbLine
 10
2.16445031496063
 20
-0.2095991732283465
 30
0
 11
2.1724300393700786
 21
-0.2095991732283465
 31
0
  0
LINE
  5
29B
330
1A
100
AcDbEntity
  8
BLACK
  6
CONTINUOUS
100
AcDbLine
 10
2.1724300393700786
 20
-0.2095991732283465
 30
0
 11
2.1751274803149605
 21
-0.2082504330708661
 31
0
  0
LINE
  5
29C
330
1A
100
AcDbEntity
  8
BLACK
  6
CONTINUOUS
100
AcDbLine
 10
2.1751274803149605
 20
-0.2082504330708661
 30
0
 11
2.1763246062992128
 21
-0.2070532677165354
 31
0
  0
LINE
  5
29D
330
1A
100
AcDbEntity
  8
BLACK
  6
CONTINUOUS
100
AcDbLine
 10
2.1763246062992128
 20
-0.2070532677165354
 30
0
 11
2.1776733858267714
 21
-0.2043557874015748
 31
0
  0
LINE
  5
29E
330
1A
100
AcDbEntity
  8
BLACK
  6
CONTINUOUS
100
AcDbLine
 10
2.1776733858267714
 20
-0.2043557874015748
 30
0
 11
2.1776733858267714
 21
-0.196376062992126
 31
0
  0
LINE
  5
29F
330
1A
100
AcDbEntity
  8
BLACK
  6
CONTINUOUS
100
AcDbLine
 10
2.1776733858267714
 20
-0.196376062992126
 30
0
 11
2.1763246456692911
 21
-0.1936785826771653
 31
0
  0
LINE
  5
2A0
330
1A
100
AcDbEntity
  8
BLACK
  6
CONTINUOUS
100
AcDbLine
 10
2.1763246456692911
 20
-0.1936785826771653
 30
0
 11
2.1751275196850393
 21
-0.1924814566929134
 31
0
  0
LINE
  5
2A1
330
1A
100
AcDbEntity
  8
BLACK
  6
CONTINUOUS
100
AcDbLine
 10
2.1751275196850393
 20
-0.1924814566929134
 30
0
 11
2.1724300393700786
 21
-0.1911327165354331
 31
0
  0
LINE
  5
2A2
330
1A
100
AcDbEntity
  8
BLACK
  6
CONTINUOUS
100
AcDbLine
 10
2.1724300393700786
 20
-0.1911327165354331
 30
0
 11
2.16445031496063
 21
-0.1911327165354331
 31
0
  0
LINE
  5
2A3
330
1A
100
AcDbEntity
  8
BLACK
  6
CONTINUOUS
100
AcDbLine
 10
2.16445031496063
 20
-0.1911327165354331
 30
0
 11
2.1617528346456694
 21
-0.1924814566929134
 31
0
  0
LINE
  5
2A4
330
1A
100
AcDbEntity
  8
BLACK
  6
CONTINUOUS
100
AcDbLine
 10
2.1617528346456694
 20
-0.1924814566929134
 30
0
 11
2.1602168897637797
 21
-0.1940174015748032
 31
0
  0
LINE
  5
2A5
330
1A
100
AcDbEntity
  8
BLACK
  6
CONTINUOUS
100
AcDbLine
 10
2.1602168897637797
 20
-0.1940174015748032
 30
0
 11
2.1597694488188974
 21
-0.1943846062992126
 31
0
  0
LINE
  5
2A6
330
1A
100
AcDbEntity
  8
BLACK
  6
CONTINUOUS
100
AcDbLine
 10
2.1597694488188974
 20
-0.1943846062992126
 30
0
 11
2.1596320866141734
 21
-0.1944414960629921
 31
0
  0
LINE
  5
2A7
330
1A
100
AcDbEntity
  8
BLACK
  6
CONTINUOUS
100
AcDbLine
 10
2.1596320866141734
 20
-0.1944414960629921
 30
0
 11
2.1595170078740158
 21
-0.1945356692913386
 31
0
  0
LINE
  5
2A8
330
1A
100
AcDbEntity
  8
BLACK
  6
CONTINUOUS
100
AcDbLine
 10
2.1595170078740158
 20
-0.1945356692913386
 30
0
 11
2.1591036220472439
 21
-0.1946603543307087
 31
0
  0
LINE
  5
2A9
330
1A
100
AcDbEntity
  8
BLACK
  6
CONTINUOUS
100
AcDbLine
 10
2.1591036220472439
 20
-0.1946603543307087
 30
0
 11
2.1587049999999999
 21
-0.1948255118110236
 31
0
  0
LINE
  5
2AA
330
1A
100
AcDbEntity
  8
BLACK
  6
CONTINUOUS
100
AcDbLine
 10
2.1587049999999999
 20
-0.1948255118110236
 30
0
 11
2.1585563779527557
 21
-0.1948255118110236
 31
0
  0
LINE
  5
2AB
330
1A
100
AcDbEntity
  8
BLACK
  6
CONTINUOUS
100
AcDbLine
 10
2.1585563779527557
 20
-0.1948255118110236
 30
0
 11
2.1584140157480314
 21
-0.1948684645669291
 31
0
  0
LINE
  5
2AC
330
1A
100
AcDbEntity
  8
BLACK
  6
CONTINUOUS
100
AcDbLine
 10
2.1584140157480314
 20
-0.1948684645669291
 30
0
 11
2.1579844881889763
 21
-0.1948255118110236
 31
0
  0
LINE
  5
2AD
330
1A
100
AcDbEntity
  8
BLACK
  6
CONTINUOUS
100
AcDbLine
 10
2.1579844881889763
 20
-0.1948255118110236
 30
0
 11
2.1575529527559056
 21
-0.1948255118110236
 31
0
  0
LINE
  5
2AE
330
1A
100
AcDbEntity
  8
BLACK
  6
CONTINUOUS
100
AcDbLine
 10
2.1575529527559056
 20
-0.1948255118110236
 30
0
 11
2.1574155905511812
 21
-0.1947685826771653
 31
0
  0
LINE
  5
2AF
330
1A
100
AcDbEntity
  8
BLACK
  6
CONTINUOUS
100
AcDbLine
 10
2.1574155905511812
 20
-0.1947685826771653
 30
0
 11
2.157267598425197
 21
-0.1947538188976378
 31
0
  0
LINE
  5
2B0
330
1A
100
AcDbEntity
  8
BLACK
  6
CONTINUOUS
100
AcDbLine
 10
2.157267598425197
 20
-0.1947538188976378
 30
0
 11
2.1568872047244092
 21
-0.1945497637795276
 31
0
  0
LINE
  5
2B1
330
1A
100
AcDbEntity
  8
BLACK
  6
CONTINUOUS
100
AcDbLine
 10
2.1568872047244092
 20
-0.1945497637795276
 30
0
 11
2.1564885039370076
 21
-0.1943846062992126
 31
0
  0
LINE
  5
2B2
330
1A
100
AcDbEntity
  8
BLACK
  6
CONTINUOUS
100
AcDbLine
 10
2.1564885039370076
 20
-0.1943846062992126
 30
0
 11
2.1563833070866143
 21
-0.1942794094488189
 31
0
  0
LINE
  5
2B3
330
1A
100
AcDbEntity
  8
BLACK
  6
CONTINUOUS
100
AcDbLine
 10
2.1563833070866143
 20
-0.1942794094488189
 30
0
 11
2.1562523622047243
 21
-0.1942091732283465
 31
0
  0
LINE
  5
2B4
330
1A
100
AcDbEntity
  8
BLACK
  6
CONTINUOUS
100
AcDbLine
 10
2.1562523622047243
 20
-0.1942091732283465
 30
0
 11
2.1559790944881891
 21
-0.1938751968503937
 31
0
  0
LINE
  5
2B5
330
1A
100
AcDbEntity
  8
BLACK
  6
CONTINUOUS
100
AcDbLine
 10
2.1559790944881891
 20
-0.1938751968503937
 30
0
 11
2.1556738582677166
 21
-0.1935699606299213
 31
0
  0
LINE
  5
2B6
330
1A
100
AcDbEntity
  8
BLACK
  6
CONTINUOUS
100
AcDbLine
 10
2.1556738582677166
 20
-0.1935699606299213
 30
0
 11
2.1556169291338581
 21
-0.1934325984251968
 31
0
  0
LINE
  5
2B7
330
1A
100
AcDbEntity
  8
BLACK
  6
CONTINUOUS
100
AcDbLine
 10
2.1556169291338581
 20
-0.1934325984251968
 30
0
 11
2.1555227952755907
 21
-0.1933175196850394
 31
0
  0
LINE
  5
2B8
330
1A
100
AcDbEntity
  8
BLACK
  6
CONTINUOUS
100
AcDbLine
 10
2.1555227952755907
 20
-0.1933175196850394
 30
0
 11
2.1553980708661418
 21
-0.1929041338582677
 31
0
  0
LINE
  5
2B9
330
1A
100
AcDbEntity
  8
BLACK
  6
CONTINUOUS
100
AcDbLine
 10
2.1553980708661418
 20
-0.1929041338582677
 30
0
 11
2.1552329527559055
 21
-0.1925055118110236
 31
0
  0
LINE
  5
2BA
330
1A
100
AcDbEntity
  8
BLACK
  6
CONTINUOUS
100
AcDbLine
 10
2.1552329527559055
 20
-0.1925055118110236
 30
0
 11
2.1552329527559055
 21
-0.1923568503937008
 31
0
  0
LINE
  5
2BB
330
1A
100
AcDbEntity
  8
BLACK
  6
CONTINUOUS
100
AcDbLine
 10
2.1552329527559055
 20
-0.1923568503937008
 30
0
 11
2.1551900000000002
 21
-0.1922145275590551
 31
0
  0
LINE
  5
2BC
330
1A
100
AcDbEntity
  8
BLACK
  6
CONTINUOUS
100
AcDbLine
 10
2.1551900000000002
 20
-0.1922145275590551
 30
0
 11
2.1551908661417323
 21
-0.1916356692913386
 31
0
  0
LINE
  5
2BD
330
1A
100
AcDbEntity
  8
BLACK
  6
CONTINUOUS
100
AcDbLine
 10
2.1551908661417323
 20
-0.1916356692913386
 30
0
 11
2.1570656299212598
 21
-0.172888031496063
 31
0
  0
LINE
  5
2BE
330
1A
100
AcDbEntity
  8
BLACK
  6
CONTINUOUS
100
AcDbLine
 10
2.1570656299212598
 20
-0.172888031496063
 30
0
 11
2.1571077165354331
 21
-0.1726780708661417
 31
0
  0
LINE
  5
2BF
330
1A
100
AcDbEntity
  8
BLACK
  6
CONTINUOUS
100
AcDbLine
 10
2.1571077165354331
 20
-0.1726780708661417
 30
0
 11
2.1571077165354331
 21
-0.1726057874015748
 31
0
  0
LINE
  5
2C0
330
1A
100
AcDbEntity
  8
BLACK
  6
CONTINUOUS
100
AcDbLine
 10
2.1571077165354331
 20
-0.1726057874015748
 30
0
 11
2.1571357874015749
 21
-0.1725379527559055
 31
0
  0
LINE
  5
2C1
330
1A
100
AcDbEntity
  8
BLACK
  6
CONTINUOUS
100
AcDbLine
 10
2.1571357874015749
 20
-0.1725379527559055
 30
0
 11
2.157179409448819
 21
-0.1723204724409449
 31
0
  0
LINE
  5
2C2
330
1A
100
AcDbEntity
  8
BLACK
  6
CONTINUOUS
100
AcDbLine
 10
2.157179409448819
 20
-0.1723204724409449
 30
0
 11
2.1573834251968504
 21
-0.171940157480315
 31
0
  0
LINE
  5
2C3
330
1A
100
AcDbEntity
  8
BLACK
  6
CONTINUOUS
100
AcDbLine
 10
2.1573834251968504
 20
-0.171940157480315
 30
0
 11
2.1575486220472442
 21
-0.1715413779527559
 31
0
  0
LINE
  5
2C4
330
1A
100
AcDbEntity
  8
BLACK
  6
CONTINUOUS
100
AcDbLine
 10
2.1575486220472442
 20
-0.1715413779527559
 30
0
 11
2.1576537795275592
 21
-0.1714361811023622
 31
0
  0
LINE
  5
2C5
330
1A
100
AcDbEntity
  8
BLACK
  6
CONTINUOUS
100
AcDbLine
 10
2.1576537795275592
 20
-0.1714361811023622
 30
0
 11
2.1577240551181101
 21
-0.1713052362204724
 31
0
  0
LINE
  5
2C6
330
1A
100
AcDbEntity
  8
BLACK
  6
CONTINUOUS
100
AcDbLine
 10
2.1577240551181101
 20
-0.1713052362204724
 30
0
 11
2.1580579921259844
 21
-0.171031968503937
 31
0
  0
LINE
  5
2C7
330
1A
100
AcDbEntity
  8
BLACK
  6
CONTINUOUS
100
AcDbLine
 10
2.1580579921259844
 20
-0.171031968503937
 30
0
 11
2.1583632677165352
 21
-0.1707267322834645
 31
0
  0
LINE
  5
2C8
330
1A
100
AcDbEntity
  8
BLACK
  6
CONTINUOUS
100
AcDbLine
 10
2.1583632677165352
 20
-0.1707267322834645
 30
0
 11
2.1585005905511809
 21
-0.1706698031496063
 31
0
  0
LINE
  5
2C9
330
1A
100
AcDbEntity
  8
BLACK
  6
CONTINUOUS
100
AcDbLine
 10
2.1585005905511809
 20
-0.1706698031496063
 30
0
 11
2.1586157086614173
 21
-0.1705756692913386
 31
0
  0
LINE
  5
2CA
330
1A
100
AcDbEntity
  8
BLACK
  6
CONTINUOUS
100
AcDbLine
 10
2.1586157086614173
 20
-0.1705756692913386
 30
0
 11
2.1590289763779529
 21
-0.1704509448818897
 31
0
  0
LINE
  5
2CB
330
1A
100
AcDbEntity
  8
BLACK
  6
CONTINUOUS
100
AcDbLine
 10
2.1590289763779529
 20
-0.1704509448818897
 30
0
 11
2.1594276771653544
 21
-0.1702858267716535
 31
0
  0
LINE
  5
2CC
330
1A
100
AcDbEntity
  8
BLACK
  6
CONTINUOUS
100
AcDbLine
 10
2.1594276771653544
 20
-0.1702858267716535
 30
0
 11
2.1596483464566929
 21
-0.1702640551181102
 31
0
  0
LINE
  5
2CD
330
1A
100
AcDbEntity
  8
BLACK
  6
CONTINUOUS
100
AcDbLine
 10
2.1596483464566929
 20
-0.1702640551181102
 30
0
 11
2.1597187007874017
 21
-0.170242874015748
 31
0
  0
LINE
  5
2CE
330
1A
100
AcDbEntity
  8
BLACK
  6
CONTINUOUS
100
AcDbLine
 10
2.1597187007874017
 20
-0.170242874015748
 30
0
 11
2.1597906692913384
 21
-0.1702500393700787
 31
0
  0
LINE
  5
2CF
330
1A
100
AcDbEntity
  8
BLACK
  6
CONTINUOUS
100
AcDbLine
 10
2.1597906692913384
 20
-0.1702500393700787
 30
0
 11
2.1600037401574803
 21
-0.170229094488189
 31
0
  0
LINE
  5
2D0
330
1A
100
AcDbEntity
  8
BLACK
  6
CONTINUOUS
100
AcDbLine
 10
2.1600037401574803
 20
-0.170229094488189
 30
0
 11
2.1787513779527559
 21
-0.170229094488189
 31
0
  0
LINE
  5
2D1
330
1A
100
AcDbEntity
  8
BLACK
  6
CONTINUOUS
100
AcDbLine
 10
2.1787513779527559
 20
-0.170229094488189
 30
0
 11
2.1793274409448817
 21
-0.1702858267716535
 31
0
  0
LINE
  5
2D2
330
1A
100
AcDbEntity
  8
BLACK
  6
CONTINUOUS
100
AcDbLine
 10
2.2111984645669289
 20
-0.1702858267716535
 30
0
 11
2.2112964566929132
 21
-0.1703264173228347
 31
0
  0
LINE
  5
2D3
330
1A
100
AcDbEntity
  8
BLACK
  6
CONTINUOUS
100
AcDbLine
 10
2.2112964566929132
 20
-0.1703264173228347
 30
0
 11
2.211402283464567
 21
-0.170333937007874
 31
0
  0
LINE
  5
2D4
330
1A
100
AcDbEntity
  8
BLACK
  6
CONTINUOUS
100
AcDbLine
 10
2.211402283464567
 20
-0.170333937007874
 30
0
 11
2.2119429133858266
 21
-0.1705408267716536
 31
0
  0
LINE
  5
2D5
330
1A
100
AcDbEntity
  8
BLACK
  6
CONTINUOUS
100
AcDbLine
 10
2.2119429133858266
 20
-0.1705408267716536
 30
0
 11
2.2156924409448817
 21
-0.1724155905511811
 31
0
  0
LINE
  5
2D6
330
1A
100
AcDbEntity
  8
BLACK
  6
CONTINUOUS
100
AcDbLine
 10
2.2156924409448817
 20
-0.1724155905511811
 30
0
 11
2.2159404330708661
 21
-0.1725716535433071
 31
0
  0
LINE
  5
2D7
330
1A
100
AcDbEntity
  8
BLACK
  6
CONTINUOUS
100
AcDbLine
 10
2.2159404330708661
 20
-0.1725716535433071
 30
0
 11
2.2160124015748033
 21
-0.1726014960629921
 31
0
  0
LINE
  5
2D8
330
1A
100
AcDbEntity
  8
BLACK
  6
CONTINUOUS
100
AcDbLine
 10
2.2160124015748033
 20
-0.1726014960629921
 30
0
 11
2.216093346456693
 21
-0.1726679527559055
 31
0
  0
LINE
  5
2D9
330
1A
100
AcDbEntity
  8
BLACK
  6
CONTINUOUS
100
AcDbLine
 10
2.216093346456693
 20
-0.1726679527559055
 30
0
 11
2.2161823228346456
 21
-0.172723937007874
 31
0
  0
LINE
  5
2DA
330
1A
100
AcDbEntity
  8
BLACK
  6
CONTINUOUS
100
AcDbLine
 10
2.2161823228346456
 20
-0.172723937007874
 30
0
 11
2.2162334645669293
 21
-0.1727829133858268
 31
0
  0
LINE
  5
2DB
330
1A
100
AcDbEntity
  8
BLACK
  6
CONTINUOUS
100
AcDbLine
 10
2.2162334645669293
 20
-0.1727829133858268
 30
0
 11
2.2164598425196851
 21
-0.1729687007874016
 31
0
  0
LINE
  5
2DC
330
1A
100
AcDbEntity
  8
BLACK
  6
CONTINUOUS
100
AcDbLine
 10
2.2164598425196851
 20
-0.1729687007874016
 30
0
 11
2.2183346062992126
 21
-0.1748434645669291
 31
0
  0
LINE
  5
2DD
330
1A
100
AcDbEntity
  8
BLACK
  6
CONTINUOUS
100
AcDbLine
 10
2.2183346062992126
 20
-0.1748434645669291
 30
0
 11
2.2185203543307086
 21
-0.1750698031496063
 31
0
  0
LINE
  5
2DE
330
1A
100
AcDbEntity
  8
BLACK
  6
CONTINUOUS
100
AcDbLine
 10
2.2185203543307086
 20
-0.1750698031496063
 30
0
 11
2.2185793700787402
 21
-0.1751209842519685
 31
0
  0
LINE
  5
2DF
330
1A
100
AcDbEntity
  8
BLACK
  6
CONTINUOUS
100
AcDbLine
 10
2.2185793700787402
 20
-0.1751209842519685
 30
0
 11
2.2186353149606299
 21
-0.1752099212598425
 31
0
  0
LINE
  5
2E0
330
1A
100
AcDbEntity
  8
BLACK
  6
CONTINUOUS
100
AcDbLine
 10
2.2186353149606299
 20
-0.1752099212598425
 30
0
 11
2.2187018110236219
 21
-0.175290905511811
 31
0
  0
LINE
  5
2E1
330
1A
100
AcDbEntity
  8
BLACK
  6
CONTINUOUS
100
AcDbLine
 10
2.2187018110236219
 20
-0.175290905511811
 30
0
 11
2.2187316141732283
 21
-0.1753628346456693
 31
0
  0
LINE
  5
2E2
330
1A
100
AcDbEntity
  8
BLACK
  6
CONTINUOUS
100
AcDbLine
 10
2.2187316141732283
 20
-0.1753628346456693
 30
0
 11
2.2188877165354328
 21
-0.1756108661417323
 31
0
  0
LINE
  5
2E3
330
1A
100
AcDbEntity
  8
BLACK
  6
CONTINUOUS
100
AcDbLine
 10
2.2188877165354328
 20
-0.1756108661417323
 30
0
 11
2.2207624803149604
 21
-0.1793603937007874
 31
0
  0
LINE
  5
2E4
330
1A
100
AcDbEntity
  8
BLACK
  6
CONTINUOUS
100
AcDbLine
 10
2.2207624803149604
 20
-0.1793603937007874
 30
0
 11
2.2209693700787403
 21
-0.1799009842519685
 31
0
  0
LINE
  5
2E5
330
1A
100
AcDbEntity
  8
BLACK
  6
CONTINUOUS
100
AcDbLine
 10
2.2209693700787403
 20
-0.1799009842519685
 30
0
 11
2.2209768897637794
 21
-0.1800068503937008
 31
0
  0
LINE
  5
2E6
330
1A
100
AcDbEntity
  8
BLACK
  6
CONTINUOUS
100
AcDbLine
 10
2.2209768897637794
 20
-0.1800068503937008
 30
0
 11
2.2210174803149605
 21
-0.180104842519685
 31
0
  0
LINE
  5
2E7
330
1A
100
AcDbEntity
  8
BLACK
  6
CONTINUOUS
100
AcDbLine
 10
2.2210174803149605
 20
-0.180104842519685
 30
0
 11
2.2210742125984253
 21
-0.180680905511811
 31
0
  0
LINE
  5
2E8
330
1A
100
AcDbEntity
  8
BLACK
  6
CONTINUOUS
100
AcDbLine
 10
2.2210742125984253
 20
-0.180680905511811
 30
0
 11
2.2210742125984253
 21
-0.1844304330708662
 31
0
  0
LINE
  5
2E9
330
1A
100
AcDbEntity
  8
BLACK
  6
CONTINUOUS
100
AcDbLine
 10
2.2210742125984253
 20
-0.1844304330708662
 30
0
 11
2.2210454724409447
 21
-0.1847220078740157
 31
0
  0
LINE
  5
2EA
330
1A
100
AcDbEntity
  8
BLACK
  6
CONTINUOUS
100
AcDbLine
 10
2.2210454724409447
 20
-0.1847220078740157
 30
0
 11
2.2210510236220471
 21
-0.1847997637795276
 31
0
  0
LINE
  5
2EB
330
1A
100
AcDbEntity
  8
BLACK
  6
CONTINUOUS
100
AcDbLine
 10
2.2210510236220471
 20
-0.1847997637795276
 30
0
 11
2.2210277559055118
 21
-0.1849020078740158
 31
0
  0
LINE
  5
2EC
330
1A
100
AcDbEntity
  8
BLACK
  6
CONTINUOUS
100
AcDbLine
 10
2.2210277559055118
 20
-0.1849020078740158
 30
0
 11
2.2210174803149605
 21
-0.1850064960629921
 31
0
  0
LINE
  5
2ED
330
1A
100
AcDbEntity
  8
BLACK
  6
CONTINUOUS
100
AcDbLine
 10
2.2210174803149605
 20
-0.1850064960629921
 30
0
 11
2.220987598425197
 21
-0.1850785433070866
 31
0
  0
LINE
  5
2EE
330
1A
100
AcDbEntity
  8
BLACK
  6
CONTINUOUS
100
AcDbLine
 10
2.220987598425197
 20
-0.1850785433070866
 30
0
 11
2.2209226771653543
 21
-0.1853642125984252
 31
0
  0
LINE
  5
2EF
330
1A
100
AcDbEntity
  8
BLACK
  6
CONTINUOUS
100
AcDbLine
 10
2.2209226771653543
 20
-0.1853642125984252
 30
0
 11
2.2190479133858267
 21
-0.1909884645669291
 31
0
  0
LINE
  5
2F0
330
1A
100
AcDbEntity
  8
BLACK
  6
CONTINUOUS
100
AcDbLine
 10
2.2190479133858267
 20
-0.1909884645669291
 30
0
 11
2.2188119291338584
 21
-0.1915170472440945
 31
0
  0
LINE
  5
2F1
330
1A
100
AcDbEntity
  8
BLACK
  6
CONTINUOUS
100
AcDbLine
 10
2.2188119291338584
 20
-0.1915170472440945
 30
0
 11
2.2187424409448817
 21
-0.191597125984252
 31
0
  0
LINE
  5
2F2
330
1A
100
AcDbEntity
  8
BLACK
  6
CONTINUOUS
100
AcDbLine
 10
2.2187424409448817
 20
-0.191597125984252
 30
0
 11
2.2187018503937006
 21
-0.1916951968503937
 31
0
  0
LINE
  5
2F3
330
1A
100
AcDbEntity
  8
BLACK
  6
CONTINUOUS
100
AcDbLine
 10
2.2187018503937006
 20
-0.1916951968503937
 30
0
 11
2.2183346062992126
 21
-0.1921426377952756
 31
0
  0
LINE
  5
2F4
330
1A
100
AcDbEntity
  8
BLACK
  6
CONTINUOUS
100
AcDbLine
 10
2.2183346062992126
 20
-0.1921426377952756
 30
0
 11
2.2008781102362205
 21
-0.2095991732283465
 31
0
  0
LINE
  5
2F5
330
1A
100
AcDbEntity
  8
BLACK
  6
CONTINUOUS
100
AcDbLine
 10
2.2008781102362205
 20
-0.2095991732283465
 30
0
 11
2.2181214566929133
 21
-0.2095991732283465
 31
0
  0
LINE
  5
2F6
330
1A
100
AcDbEntity
  8
BLACK
  6
CONTINUOUS
100
AcDbLine
 10
2.2181214566929133
 20
-0.2095991732283465
 30
0
 11
2.2186975196850391
 21
-0.209655905511811
 31
0
  0
LINE
  5
2F7
330
1A
100
AcDbEntity
  8
BLACK
  6
CONTINUOUS
100
AcDbLine
 10
2.2186975196850391
 20
-0.209655905511811
 30
0
 11
2.2197619291338584
 21
-0.210096811023622
 31
0
  0
LINE
  5
2F8
330
1A
100
AcDbEntity
  8
BLACK
  6
CONTINUOUS
100
AcDbLine
 10
2.2197619291338584
 20
-0.210096811023622
 30
0
 11
2.2205765748031494
 21
-0.2109114566929134
 31
0
  0
LINE
  5
2F9
330
1A
100
AcDbEntity
  8
BLACK
  6
CONTINUOUS
100
AcDbLine
 10
2.2205765748031494
 20
-0.2109114566929134
 30
0
 11
2.2210174803149605
 21
-0.2119758661417323
 31
0
  0
LINE
  5
2FA
330
1A
100
AcDbEntity
  8
BLACK
  6
CONTINUOUS
100
AcDbLine
 10
2.2210174803149605
 20
-0.2119758661417323
 30
0
 11
2.2210174803149605
 21
-0.2131279921259842
 31
0
  0
LINE
  5
2FB
330
1A
100
AcDbEntity
  8
BLACK
  6
CONTINUOUS
100
AcDbLine
 10
2.2210174803149605
 20
-0.2131279921259842
 30
0
 11
2.2205765748031494
 21
-0.2141924015748032
 31
0
  0
LINE
  5
2FC
330
1A
100
AcDbEntity
  8
BLACK
  6
CONTINUOUS
100
AcDbLine
 10
2.2205765748031494
 20
-0.2141924015748032
 30
0
 11
2.2197619291338584
 21
-0.2150070472440945
 31
0
  0
LINE
  5
2FD
330
1A
100
AcDbEntity
  8
BLACK
  6
CONTINUOUS
100
AcDbLine
 10
2.2197619291338584
 20
-0.2150070472440945
 30
0
 11
2.2186975196850391
 21
-0.2154479527559055
 31
0
  0
LINE
  5
2FE
330
1A
100
AcDbEntity
  8
BLACK
  6
CONTINUOUS
100
AcDbLine
 10
2.2186975196850391
 20
-0.2154479527559055
 30
0
 11
2.2181214566929133
 21
-0.2155046850393701
 31
0
  0
LINE
  5
2FF
330
1A
100
AcDbEntity
  8
BLACK
  6
CONTINUOUS
100
AcDbLine
 10
2.2181214566929133
 20
-0.2155046850393701
 30
0
 11
2.1937495275590551
 21
-0.2155046850393701
 31
0
  0
LINE
  5
300
330
1A
100
AcDbEntity
  8
BLACK
  6
CONTINUOUS
100
AcDbLine
 10
2.1937495275590551
 20
-0.2155046850393701
 30
0
 11
2.1931734645669292
 21
-0.2154479527559055
 31
0
  0
LINE
  5
301
330
1A
100
AcDbEntity
  8
BLACK
  6
CONTINUOUS
100
AcDbLine
 10
2.1931734645669292
 20
-0.2154479527559055
 30
0
 11
2.1921090551181104
 21
-0.2150070472440945
 31
0
  0
LINE
  5
302
330
1A
100
AcDbEntity
  8
BLACK
  6
CONTINUOUS
100
AcDbLine
 10
2.1921090551181104
 20
-0.2150070472440945
 30
0
 11
2.1912944094488189
 21
-0.2141924015748032
 31
0
  0
LINE
  5
303
330
1A
100
AcDbEntity
  8
BLACK
  6
CONTINUOUS
100
AcDbLine
 10
2.1912944094488189
 20
-0.2141924015748032
 30
0
 11
2.1908535039370078
 21
-0.2131279921259842
 31
0
  0
LINE
  5
304
330
1A
100
AcDbEntity
  8
BLACK
  6
CONTINUOUS
100
AcDbLine
 10
2.1908535039370078
 20
-0.2131279921259842
 30
0
 11
2.1908535039370078
 21
-0.2119758661417323
 31
0
  0
LINE
  5
305
330
1A
100
AcDbEntity
  8
BLACK
  6
CONTINUOUS
100
AcDbLine
 10
2.1908535039370078
 20
-0.2119758661417323
 30
0
 11
2.1912944094488189
 21
-0.2109114566929134
 31
0
  0
LINE
  5
306
330
1A
100
AcDbEntity
  8
BLACK
  6
CONTINUOUS
100
AcDbLine
 10
2.1912944094488189
 20
-0.2109114566929134
 30
0
 11
2.1916616141732281
 21
-0.2104640157480315
 31
0
  0
LINE
  5
307
330
1A
100
AcDbEntity
  8
BLACK
  6
CONTINUOUS
100
AcDbLine
 10
2.1916616141732281
 20
-0.2104640157480315
 30
0
 11
2.2136658661417323
 21
-0.1884596850393701
 31
0
  0
LINE
  5
308
330
1A
100
AcDbEntity
  8
BLACK
  6
CONTINUOUS
100
AcDbLine
 10
2.2136658661417323
 20
-0.1884596850393701
 30
0
 11
2.2151687007874017
 21
-0.1839512992125984
 31
0
  0
LINE
  5
309
330
1A
100
AcDbEntity
  8
BLACK
  6
CONTINUOUS
100
AcDbLine
 10
2.2151687007874017
 20
-0.1839512992125984
 30
0
 11
2.2151687007874017
 21
-0.1813779527559055
 31
0
  0
LINE
  5
30A
330
1A
100
AcDbEntity
  8
BLACK
  6
CONTINUOUS
100
AcDbLine
 10
2.2151687007874017
 20
-0.1813779527559055
 30
0
 11
2.2138199606299214
 21
-0.1786804724409449
 31
0
  0
LINE
  5
30B
330
1A
100
AcDbEntity
  8
BLACK
  6
CONTINUOUS
100
AcDbLine
 10
2.2138199606299214
 20
-0.1786804724409449
 30
0
 11
2.2126228346456691
 21
-0.1774833464566929
 31
0
  0
LINE
  5
30C
330
1A
100
AcDbEntity
  8
BLACK
  6
CONTINUOUS
100
AcDbLine
 10
2.2126228346456691
 20
-0.1774833464566929
 30
0
 11
2.2099253543307085
 21
-0.1761346062992126
 31
0
  0
LINE
  5
30D
330
1A
100
AcDbEntity
  8
BLACK
  6
CONTINUOUS
100
AcDbLine
 10
2.2099253543307085
 20
-0.1761346062992126
 30
0
 11
2.2019456299212599
 21
-0.1761346062992126
 31
0
  0
LINE
  5
30E
330
1A
100
AcDbEntity
  8
BLACK
  6
CONTINUOUS
100
AcDbLine
 10
2.2019456299212599
 20
-0.1761346062992126
 30
0
 11
2.1992481496062992
 21
-0.1774833464566929
 31
0
  0
LINE
  5
30F
330
1A
100
AcDbEntity
  8
BLACK
  6
CONTINUOUS
100
AcDbLine
 10
2.1992481496062992
 20
-0.1774833464566929
 30
0
 11
2.1977122047244095
 21
-0.1790192913385827
 31
0
  0
LINE
  5
310
330
1A
100
AcDbEntity
  8
BLACK
  6
CONTINUOUS
100
AcDbLine
 10
2.1977122047244095
 20
-0.1790192913385827
 30
0
 11
2.1972647637795277
 21
-0.1793864960629921
 31
0
  0
LINE
  5
311
330
1A
100
AcDbEntity
  8
BLACK
  6
CONTINUOUS
100
AcDbLine
 10
2.1972647637795277
 20
-0.1793864960629921
 30
0
 11
2.1962003149606297
 21
-0.1798274015748031
 31
0
  0
LINE
  5
312
330
1A
100
AcDbEntity
  8
BLACK
  6
CONTINUOUS
100
AcDbLine
 10
2.1962003149606297
 20
-0.1798274015748031
 30
0
 11
2.1950482677165355
 21
-0.1798274015748031
 31
0
  0
LINE
  5
313
330
1A
100
AcDbEntity
  8
BLACK
  6
CONTINUOUS
100
AcDbLine
 10
2.1950482677165355
 20
-0.1798274015748031
 30
0
 11
2.1939838188976379
 21
-0.1793864960629921
 31
0
  0
LINE
  5
314
330
1A
100
AcDbEntity
  8
BLACK
  6
CONTINUOUS
100
AcDbLine
 10
2.1939838188976379
 20
-0.1793864960629921
 30
0
 11
2.1931691732283465
 21
-0.1785718503937008
 31
0
  0
LINE
  5
315
330
1A
100
AcDbEntity
  8
BLACK
  6
CONTINUOUS
100
AcDbLine
 10
2.1931691732283465
 20
-0.1785718503937008
 30
0
 11
2.1927282677165354
 21
-0.1775074015748032
 31
0
  0
LINE
  5
316
330
1A
100
AcDbEntity
  8
BLACK
  6
CONTINUOUS
100
AcDbLine
 10
2.1927282677165354
 20
-0.1775074015748032
 30
0
 11
2.1927282677165354
 21
-0.1763553543307086
 31
0
  0
LINE
  5
317
330
1A
100
AcDbEntity
  8
BLACK
  6
CONTINUOUS
100
AcDbLine
 10
2.1927282677165354
 20
-0.1763553543307086
 30
0
 11
2.1931691732283465
 21
-0.175290905511811
 31
0
  0
LINE
  5
318
330
1A
100
AcDbEntity
  8
BLACK
  6
CONTINUOUS
100
AcDbLine
 10
2.1931691732283465
 20
-0.175290905511811
 30
0
 11
2.1935363779527557
 21
-0.1748434645669291
 31
0
  0
LINE
  5
319
330
1A
100
AcDbEntity
  8
BLACK
  6
CONTINUOUS
100
AcDbLine
 10
2.1935363779527557
 20
-0.1748434645669291
 30
0
 11
2.1954111417322832
 21
-0.1729687007874016
 31
0
  0
LINE
  5
31A
330
1A
100
AcDbEntity
  8
BLACK
  6
CONTINUOUS
100
AcDbLine
 10
2.1954111417322832
 20
-0.1729687007874016
 30
0
 11
2.1956374803149608
 21
-0.1727829133858268
 31
0
  0
LINE
  5
31B
330
1A
100
AcDbEntity
  8
BLACK
  6
CONTINUOUS
100
AcDbLine
 10
2.1956374803149608
 20
-0.1727829133858268
 30
0
 11
2.1956886614173228
 21
-0.172723937007874
 31
0
  0
LINE
  5
31C
330
1A
100
AcDbEntity
  8
BLACK
  6
CONTINUOUS
100
AcDbLine
 10
2.1956886614173228
 20
-0.172723937007874
 30
0
 11
2.1957775984251966
 21
-0.1726679527559055
 31
0
  0
LINE
  5
31D
330
1A
100
AcDbEntity
  8
BLACK
  6
CONTINUOUS
100
AcDbLine
 10
2.1957775984251966
 20
-0.1726679527559055
 30
0
 11
2.1958585826771655
 21
-0.1726014960629921
 31
0
  0
LINE
  5
31E
330
1A
100
AcDbEntity
  8
BLACK
  6
CONTINUOUS
100
AcDbLine
 10
2.1958585826771655
 20
-0.1726014960629921
 30
0
 11
2.1959305118110235
 21
-0.1725716535433071
 31
0
  0
LINE
  5
31F
330
1A
100
AcDbEntity
  8
BLACK
  6
CONTINUOUS
100
AcDbLine
 10
2.1959305118110235
 20
-0.1725716535433071
 30
0
 11
2.1961785433070866
 21
-0.1724155905511811
 31
0
  0
LINE
  5
320
330
1A
100
AcDbEntity
  8
BLACK
  6
CONTINUOUS
100
AcDbLine
 10
2.1961785433070866
 20
-0.1724155905511811
 30
0
 11
2.1999280708661417
 21
-0.1705408267716536
 31
0
  0
LINE
  5
321
330
1A
100
AcDbEntity
  8
BLACK
  6
CONTINUOUS
100
AcDbLine
 10
2.1999280708661417
 20
-0.1705408267716536
 30
0
 11
2.200468661417323
 21
-0.170333937007874
 31
0
  0
LINE
  5
322
330
1A
100
AcDbEntity
  8
BLACK
  6
CONTINUOUS
100
AcDbLine
 10
2.200468661417323
 20
-0.170333937007874
 30
0
 11
2.2005745275590551
 21
-0.1703263779527559
 31
0
  0
LINE
  5
323
330
1A
100
AcDbEntity
  8
BLACK
  6
CONTINUOUS
100
AcDbLine
 10
2.2005745275590551
 20
-0.1703263779527559
 30
0
 11
2.2006725196850394
 21
-0.1702858267716535
 31
0
  0
LINE
  5
324
330
1A
100
AcDbEntity
  8
BLACK
  6
CONTINUOUS
100
AcDbLine
 10
2.2006725196850394
 20
-0.1702858267716535
 30
0
 11
2.2012485826771653
 21
-0.170229094488189
 31
0
  0
LINE
  5
325
330
1A
100
AcDbEntity
  8
BLACK
  6
CONTINUOUS
100
AcDbLine
 10
2.2012485826771653
 20
-0.170229094488189
 30
0
 11
2.2106224015748031
 21
-0.170229094488189
 31
0
  0
LINE
  5
326
330
1A
100
AcDbEntity
  8
BLACK
  6
CONTINUOUS
100
AcDbLine
 10
2.2106224015748031
 20
-0.170229094488189
 30
0
 11
2.2111984645669289
 21
-0.1702858267716535
 31
0
  0
LINE
  5
327
330
1A
100
AcDbEntity
  8
BLACK
  6
CONTINUOUS
100
AcDbLine
 10
2.2468190157480312
 20
-0.1702858267716535
 30
0
 11
2.2469170078740155
 21
-0.1703264173228347
 31
0
  0
LINE
  5
328
330
1A
100
AcDbEntity
  8
BLACK
  6
CONTINUOUS
100
AcDbLine
 10
2.2469170078740155
 20
-0.1703264173228347
 30
0
 11
2.2470228346456693
 21
-0.170333937007874
 31
0
  0
LINE
  5
329
330
1A
100
AcDbEntity
  8
BLACK
  6
CONTINUOUS
100
AcDbLine
 10
2.2470228346456693
 20
-0.170333937007874
 30
0
 11
2.2475634645669289
 21
-0.1705408267716536
 31
0
  0
LINE
  5
32A
330
1A
100
AcDbEntity
  8
BLACK
  6
CONTINUOUS
100
AcDbLine
 10
2.2475634645669289
 20
-0.1705408267716536
 30
0
 11
2.251312992125984
 21
-0.1724155905511811
 31
0
  0
LINE
  5
32B
330
1A
100
AcDbEntity
  8
BLACK
  6
CONTINUOUS
100
AcDbLine
 10
2.251312992125984
 20
-0.1724155905511811
 30
0
 11
2.2515609842519684
 21
-0.1725716535433071
 31
0
  0
LINE
  5
32C
330
1A
100
AcDbEntity
  8
BLACK
  6
CONTINUOUS
100
AcDbLine
 10
2.2515609842519684
 20
-0.1725716535433071
 30
0
 11
2.2516329527559056
 21
-0.1726014960629921
 31
0
  0
LINE
  5
32D
330
1A
100
AcDbEntity
  8
BLACK
  6
CONTINUOUS
100
AcDbLine
 10
2.2516329527559056
 20
-0.1726014960629921
 30
0
 11
2.2517138976377953
 21
-0.1726679527559055
 31
0
  0
LINE
  5
32E
330
1A
100
AcDbEntity
  8
BLACK
  6
CONTINUOUS
100
AcDbLine
 10
2.2517138976377953
 20
-0.1726679527559055
 30
0
 11
2.2518028740157479
 21
-0.172723937007874
 31
0
  0
LINE
  5
32F
330
1A
100
AcDbEntity
  8
BLACK
  6
CONTINUOUS
100
AcDbLine
 10
2.2518028740157479
 20
-0.172723937007874
 30
0
 11
2.2518540157480316
 21
-0.1727829133858268
 31
0
  0
LINE
  5
330
330
1A
100
AcDbEntity
  8
BLACK
  6
CONTINUOUS
100
AcDbLine
 10
2.2518540157480316
 20
-0.1727829133858268
 30
0
 11
2.2520803937007874
 21
-0.1729687007874016
 31
0
  0
LINE
  5
331
330
1A
100
AcDbEntity
  8
BLACK
  6
CONTINUOUS
100
AcDbLine
 10
2.2520803937007874
 20
-0.1729687007874016
 30
0
 11
2.2539551574803149
 21
-0.1748434645669291
 31
0
  0
LINE
  5
332
330
1A
100
AcDbEntity
  8
BLACK
  6
CONTINUOUS
100
AcDbLine
 10
2.2539551574803149
 20
-0.1748434645669291
 30
0
 11
2.2541409055118109
 21
-0.1750698031496063
 31
0
  0
LINE
  5
333
330
1A
100
AcDbEntity
  8
BLACK
  6
CONTINUOUS
100
AcDbLine
 10
2.2541409055118109
 20
-0.1750698031496063
 30
0
 11
2.2541999212598425
 21
-0.1751209842519685
 31
0
  0
LINE
  5
334
330
1A
100
AcDbEntity
  8
BLACK
  6
CONTINUOUS
100
AcDbLine
 10
2.2541999212598425
 20
-0.1751209842519685
 30
0
 11
2.2542558661417322
 21
-0.1752099212598425
 31
0
  0
LINE
  5
335
330
1A
100
AcDbEntity
  8
BLACK
  6
CONTINUOUS
100
AcDbLine
 10
2.2542558661417322
 20
-0.1752099212598425
 30
0
 11
2.2543223622047242
 21
-0.175290905511811
 31
0
  0
LINE
  5
336
330
1A
100
AcDbEntity
  8
BLACK
  6
CONTINUOUS
100
AcDbLine
 10
2.2543223622047242
 20
-0.175290905511811
 30
0
 11
2.2543521653543306
 21
-0.1753628346456693
 31
0
  0
LINE
  5
337
330
1A
100
AcDbEntity
  8
BLACK
  6
CONTINUOUS
100
AcDbLine
 10
2.2543521653543306
 20
-0.1753628346456693
 30
0
 11
2.2545082677165356
 21
-0.1756108661417323
 31
0
  0
LINE
  5
338
330
1A
100
AcDbEntity
  8
BLACK
  6
CONTINUOUS
100
AcDbLine
 10
2.2545082677165356
 20
-0.1756108661417323
 30
0
 11
2.2563830314960631
 21
-0.1793603937007874
 31
0
  0
LINE
  5
339
330
1A
100
AcDbEntity
  8
BLACK
  6
CONTINUOUS
100
AcDbLine
 10
2.2563830314960631
 20
-0.1793603937007874
 30
0
 11
2.2563991338582676
 21
-0.1794024803149606
 31
0
  0
LINE
  5
33A
330
1A
100
AcDbEntity
  8
BLACK
  6
CONTINUOUS
100
AcDbLine
 10
2.2563991338582676
 20
-0.1794024803149606
 30
0
 11
2.2564118503937007
 21
-0.1794196456692913
 31
0
  0
LINE
  5
33B
330
1A
100
AcDbEntity
  8
BLACK
  6
CONTINUOUS
100
AcDbLine
 10
2.2564118503937007
 20
-0.1794196456692913
 30
0
 11
2.256498149606299
 21
-0.1796612204724409
 31
0
  0
LINE
  5
33C
330
1A
100
AcDbEntity
  8
BLACK
  6
CONTINUOUS
100
AcDbLine
 10
2.256498149606299
 20
-0.1796612204724409
 30
0
 11
2.2565899212598426
 21
-0.1799009842519685
 31
0
  0
LINE
  5
33D
330
1A
100
AcDbEntity
  8
BLACK
  6
CONTINUOUS
100
AcDbLine
 10
2.2565899212598426
 20
-0.1799009842519685
 30
0
 11
2.2565914173228347
 21
-0.1799222440944882
 31
0
  0
LINE
  5
33E
330
1A
100
AcDbEntity
  8
BLACK
  6
CONTINUOUS
100
AcDbLine
 10
2.2565914173228347
 20
-0.1799222440944882
 30
0
 11
2.2566066141732284
 21
-0.1799647637795276
 31
0
  0
LINE
  5
33F
330
1A
100
AcDbEntity
  8
BLACK
  6
CONTINUOUS
100
AcDbLine
 10
2.2566066141732284
 20
-0.1799647637795276
 30
0
 11
2.2584813779527559
 21
-0.1874638188976378
 31
0
  0
LINE
  5
340
330
1A
100
AcDbEntity
  8
BLACK
  6
CONTINUOUS
100
AcDbLine
 10
2.2584813779527559
 20
-0.1874638188976378
 30
0
 11
2.2584961417322833
 21
-0.1875636614173228
 31
0
  0
LINE
  5
341
330
1A
100
AcDbEntity
  8
BLACK
  6
CONTINUOUS
100
AcDbLine
 10
2.2584961417322833
 20
-0.1875636614173228
 30
0
 11
2.2585127952755903
 21
-0.1876038976377953
 31
0
  0
LINE
  5
342
330
1A
100
AcDbEntity
  8
BLACK
  6
CONTINUOUS
100
AcDbLine
 10
2.2585127952755903
 20
-0.1876038976377953
 30
0
 11
2.2585341338582676
 21
-0.187820905511811
 31
0
  0
LINE
  5
343
330
1A
100
AcDbEntity
  8
BLACK
  6
CONTINUOUS
100
AcDbLine
 10
2.2585341338582676
 20
-0.187820905511811
 30
0
 11
2.2585660236220471
 21
-0.1880364173228346
 31
0
  0
LINE
  5
344
330
1A
100
AcDbEntity
  8
BLACK
  6
CONTINUOUS
100
AcDbLine
 10
2.2585660236220471
 20
-0.1880364173228346
 30
0
 11
2.2585596062992126
 21
-0.1880794094488189
 31
0
  0
LINE
  5
345
330
1A
100
AcDbEntity
  8
BLACK
  6
CONTINUOUS
100
AcDbLine
 10
2.2585596062992126
 20
-0.1880794094488189
 30
0
 11
2.2585695275590552
 21
-0.1881799606299213
 31
0
  0
LINE
  5
346
330
1A
100
AcDbEntity
  8
BLACK
  6
CONTINUOUS
100
AcDbLine
 10
2.2585695275590552
 20
-0.1881799606299213
 30
0
 11
2.2585695275590552
 21
-0.197553779527559
 31
0
  0
LINE
  5
347
330
1A
100
AcDbEntity
  8
BLACK
  6
CONTINUOUS
100
AcDbLine
 10
2.2585695275590552
 20
-0.197553779527559
 30
0
 11
2.2585596062992126
 21
-0.1976542913385827
 31
0
  0
LINE
  5
348
330
1A
100
AcDbEntity
  8
BLACK
  6
CONTINUOUS
100
AcDbLine
 10
2.2585596062992126
 20
-0.1976542913385827
 30
0
 11
2.2585660236220471
 21
-0.1976973228346457
 31
0
  0
LINE
  5
349
330
1A
100
AcDbEntity
  8
BLACK
  6
CONTINUOUS
100
AcDbLine
 10
2.2585660236220471
 20
-0.1976973228346457
 30
0
 11
2.2585341338582676
 21
-0.1979127952755906
 31
0
  0
LINE
  5
34A
330
1A
100
AcDbEntity
  8
BLACK
  6
CONTINUOUS
100
AcDbLine
 10
2.2585341338582676
 20
-0.1979127952755906
 30
0
 11
2.2585127952755903
 21
-0.198129842519685
 31
0
  0
LINE
  5
34B
330
1A
100
AcDbEntity
  8
BLACK
  6
CONTINUOUS
100
AcDbLine
 10
2.2585127952755903
 20
-0.198129842519685
 30
0
 11
2.2584961417322833
 21
-0.1981700393700787
 31
0
  0
LINE
  5
34C
330
1A
100
AcDbEntity
  8
BLACK
  6
CONTINUOUS
100
AcDbLine
 10
2.2584961417322833
 20
-0.1981700393700787
 30
0
 11
2.2584813779527559
 21
-0.1982699212598425
 31
0
  0
LINE
  5
34D
330
1A
100
AcDbEntity
  8
BLACK
  6
CONTINUOUS
100
AcDbLine
 10
2.2584813779527559
 20
-0.1982699212598425
 30
0
 11
2.2566066141732284
 21
-0.2057689763779527
 31
0
  0
LINE
  5
34E
330
1A
100
AcDbEntity
  8
BLACK
  6
CONTINUOUS
100
AcDbLine
 10
2.2566066141732284
 20
-0.2057689763779527
 30
0
 11
2.2565914173228347
 21
-0.2058114566929134
 31
0
  0
LINE
  5
34F
330
1A
100
AcDbEntity
  8
BLACK
  6
CONTINUOUS
100
AcDbLine
 10
2.2565914173228347
 20
-0.2058114566929134
 30
0
 11
2.2565899212598426
 21
-0.2058327559055118
 31
0
  0
LINE
  5
350
330
1A
100
AcDbEntity
  8
BLACK
  6
CONTINUOUS
100
AcDbLine
 10
2.2565899212598426
 20
-0.2058327559055118
 30
0
 11
2.256498149606299
 21
-0.2060724803149606
 31
0
  0
LINE
  5
351
330
1A
100
AcDbEntity
  8
BLACK
  6
CONTINUOUS
100
AcDbLine
 10
2.256498149606299
 20
-0.2060724803149606
 30
0
 11
2.2564118503937007
 21
-0.206314094488189
 31
0
  0
LINE
  5
352
330
1A
100
AcDbEntity
  8
BLACK
  6
CONTINUOUS
100
AcDbLine
 10
2.2564118503937007
 20
-0.206314094488189
 30
0
 11
2.2563991338582676
 21
-0.2063312204724409
 31
0
  0
LINE
  5
353
330
1A
100
AcDbEntity
  8
BLACK
  6
CONTINUOUS
100
AcDbLine
 10
2.2563991338582676
 20
-0.2063312204724409
 30
0
 11
2.2563830314960631
 21
-0.2063733464566929
 31
0
  0
LINE
  5
354
330
1A
100
AcDbEntity
  8
BLACK
  6
CONTINUOUS
100
AcDbLine
 10
2.2563830314960631
 20
-0.2063733464566929
 30
0
 11
2.2545082677165356
 21
-0.210122874015748
 31
0
  0
LINE
  5
355
330
1A
100
AcDbEntity
  8
BLACK
  6
CONTINUOUS
100
AcDbLine
 10
2.2545082677165356
 20
-0.210122874015748
 30
0
 11
2.2543522047244093
 21
-0.2103707480314961
 31
0
  0
LINE
  5
356
330
1A
100
AcDbEntity
  8
BLACK
  6
CONTINUOUS
100
AcDbLine
 10
2.2543522047244093
 20
-0.2103707480314961
 30
0
 11
2.2543224015748029
 21
-0.2104427952755905
 31
0
  0
LINE
  5
357
330
1A
100
AcDbEntity
  8
BLACK
  6
CONTINUOUS
100
AcDbLine
 10
2.2543224015748029
 20
-0.2104427952755905
 30
0
 11
2.2542558661417322
 21
-0.2105238188976378
 31
0
  0
LINE
  5
358
330
1A
100
AcDbEntity
  8
BLACK
  6
CONTINUOUS
100
AcDbLine
 10
2.2542558661417322
 20
-0.2105238188976378
 30
0
 11
2.2541999212598425
 21
-0.2106127559055118
 31
0
  0
LINE
  5
359
330
1A
100
AcDbEntity
  8
BLACK
  6
CONTINUOUS
100
AcDbLine
 10
2.2541999212598425
 20
-0.2106127559055118
 30
0
 11
2.2541409055118109
 21
-0.2106638976377953
 31
0
  0
LINE
  5
35A
330
1A
100
AcDbEntity
  8
BLACK
  6
CONTINUOUS
100
AcDbLine
 10
2.2541409055118109
 20
-0.2106638976377953
 30
0
 11
2.2539551574803149
 21
-0.2108902755905512
 31
0
  0
LINE
  5
35B
330
1A
100
AcDbEntity
  8
BLACK
  6
CONTINUOUS
100
AcDbLine
 10
2.2539551574803149
 20
-0.2108902755905512
 30
0
 11
2.2520804330708661
 21
-0.2127650393700787
 31
0
  0
LINE
  5
35C
330
1A
100
AcDbEntity
  8
BLACK
  6
CONTINUOUS
100
AcDbLine
 10
2.2520804330708661
 20
-0.2127650393700787
 30
0
 11
2.2518540551181103
 21
-0.2129507874015748
 31
0
  0
LINE
  5
35D
330
1A
100
AcDbEntity
  8
BLACK
  6
CONTINUOUS
100
AcDbLine
 10
2.2518540551181103
 20
-0.2129507874015748
 30
0
 11
2.2518028740157479
 21
-0.213009842519685
 31
0
  0
LINE
  5
35E
330
1A
100
AcDbEntity
  8
BLACK
  6
CONTINUOUS
100
AcDbLine
 10
2.2518028740157479
 20
-0.213009842519685
 30
0
 11
2.2517138976377953
 21
-0.2130658267716535
 31
0
  0
LINE
  5
35F
330
1A
100
AcDbEntity
  8
BLACK
  6
CONTINUOUS
100
AcDbLine
 10
2.2517138976377953
 20
-0.2130658267716535
 30
0
 11
2.2516329527559056
 21
-0.2131322834645669
 31
0
  0
LINE
  5
360
330
1A
100
AcDbEntity
  8
BLACK
  6
CONTINUOUS
100
AcDbLine
 10
2.2516329527559056
 20
-0.2131322834645669
 30
0
 11
2.2515609842519684
 21
-0.2131620866141732
 31
0
  0
LINE
  5
361
330
1A
100
AcDbEntity
  8
BLACK
  6
CONTINUOUS
100
AcDbLine
 10
2.2515609842519684
 20
-0.2131620866141732
 30
0
 11
2.251312992125984
 21
-0.2133181889763779
 31
0
  0
LINE
  5
362
330
1A
100
AcDbEntity
  8
BLACK
  6
CONTINUOUS
100
AcDbLine
 10
2.251312992125984
 20
-0.2133181889763779
 30
0
 11
2.2475634645669289
 21
-0.2151929527559055
 31
0
  0
LINE
  5
363
330
1A
100
AcDbEntity
  8
BLACK
  6
CONTINUOUS
100
AcDbLine
 10
2.2475634645669289
 20
-0.2151929527559055
 30
0
 11
2.2470228346456693
 21
-0.215399842519685
 31
0
  0
LINE
  5
364
330
1A
100
AcDbEntity
  8
BLACK
  6
CONTINUOUS
100
AcDbLine
 10
2.2470228346456693
 20
-0.215399842519685
 30
0
 11
2.2469170078740155
 21
-0.2154073228346457
 31
0
  0
LINE
  5
365
330
1A
100
AcDbEntity
  8
BLACK
  6
CONTINUOUS
100
AcDbLine
 10
2.2469170078740155
 20
-0.2154073228346457
 30
0
 11
2.2468190157480312
 21
-0.2154479527559055
 31
0
  0
LINE
  5
366
330
1A
100
AcDbEntity
  8
BLACK
  6
CONTINUOUS
100
AcDbLine
 10
2.2468190157480312
 20
-0.2154479527559055
 30
0
 11
2.2462429527559054
 21
-0.2155046850393701
 31
0
  0
LINE
  5
367
330
1A
100
AcDbEntity
  8
BLACK
  6
CONTINUOUS
100
AcDbLine
 10
2.2462429527559054
 20
-0.2155046850393701
 30
0
 11
2.2424934251968502
 21
-0.2155046850393701
 31
0
  0
LINE
  5
368
330
1A
100
AcDbEntity
  8
BLACK
  6
CONTINUOUS
100
AcDbLine
 10
2.2424934251968502
 20
-0.2155046850393701
 30
0
 11
2.2419173622047244
 21
-0.2154479527559055
 31
0
  0
LINE
  5
369
330
1A
100
AcDbEntity
  8
BLACK
  6
CONTINUOUS
100
AcDbLine
 10
2.2419173622047244
 20
-0.2154479527559055
 30
0
 11
2.2418193700787401
 21
-0.2154073622047244
 31
0
  0
LINE
  5
36A
330
1A
100
AcDbEntity
  8
BLACK
  6
CONTINUOUS
100
AcDbLine
 10
2.2418193700787401
 20
-0.2154073622047244
 30
0
 11
2.241713503937008
 21
-0.215399842519685
 31
0
  0
LINE
  5
36B
330
1A
100
AcDbEntity
  8
BLACK
  6
CONTINUOUS
100
AcDbLine
 10
2.241713503937008
 20
-0.215399842519685
 30
0
 11
2.2411729133858267
 21
-0.2151929527559055
 31
0
  0
LINE
  5
36C
330
1A
100
AcDbEntity
  8
BLACK
  6
CONTINUOUS
100
AcDbLine
 10
2.2411729133858267
 20
-0.2151929527559055
 30
0
 11
2.2374233858267716
 21
-0.2133181889763779
 31
0
  0
LINE
  5
36D
330
1A
100
AcDbEntity
  8
BLACK
  6
CONTINUOUS
100
AcDbLine
 10
2.2374233858267716
 20
-0.2133181889763779
 30
0
 11
2.2371753543307085
 21
-0.2131620866141732
 31
0
  0
LINE
  5
36E
330
1A
100
AcDbEntity
  8
BLACK
  6
CONTINUOUS
100
AcDbLine
 10
2.2371753543307085
 20
-0.2131620866141732
 30
0
 11
2.2371034251968505
 21
-0.2131322834645669
 31
0
  0
LINE
  5
36F
330
1A
100
AcDbEntity
  8
BLACK
  6
CONTINUOUS
100
AcDbLine
 10
2.2371034251968505
 20
-0.2131322834645669
 30
0
 11
2.237022440944882
 21
-0.2130658267716535
 31
0
  0
LINE
  5
370
330
1A
100
AcDbEntity
  8
BLACK
  6
CONTINUOUS
100
AcDbLine
 10
2.237022440944882
 20
-0.2130658267716535
 30
0
 11
2.2369335039370077
 21
-0.213009842519685
 31
0
  0
LINE
  5
371
330
1A
100
AcDbEntity
  8
BLACK
  6
CONTINUOUS
100
AcDbLine
 10
2.2369335039370077
 20
-0.213009842519685
 30
0
 11
2.236882283464567
 21
-0.2129507874015748
 31
0
  0
LINE
  5
372
330
1A
100
AcDbEntity
  8
BLACK
  6
CONTINUOUS
100
AcDbLine
 10
2.236882283464567
 20
-0.2129507874015748
 30
0
 11
2.2366559448818899
 21
-0.2127650393700787
 31
0
  0
LINE
  5
373
330
1A
100
AcDbEntity
  8
BLACK
  6
CONTINUOUS
100
AcDbLine
 10
2.2366559448818899
 20
-0.2127650393700787
 30
0
 11
2.2347811811023623
 21
-0.2108902362204724
 31
0
  0
LINE
  5
374
330
1A
100
AcDbEntity
  8
BLACK
  6
CONTINUOUS
100
AcDbLine
 10
2.2347811811023623
 20
-0.2108902362204724
 30
0
 11
2.2345954330708659
 21
-0.2106638976377953
 31
0
  0
LINE
  5
375
330
1A
100
AcDbEntity
  8
BLACK
  6
CONTINUOUS
100
AcDbLine
 10
2.2345954330708659
 20
-0.2106638976377953
 30
0
 11
2.2345364566929131
 21
-0.2106127559055118
 31
0
  0
LINE
  5
376
330
1A
100
AcDbEntity
  8
BLACK
  6
CONTINUOUS
100
AcDbLine
 10
2.2345364566929131
 20
-0.2106127559055118
 30
0
 11
2.2344804724409446
 21
-0.2105238188976378
 31
0
  0
LINE
  5
377
330
1A
100
AcDbEntity
  8
BLACK
  6
CONTINUOUS
100
AcDbLine
 10
2.2344804724409446
 20
-0.2105238188976378
 30
0
 11
2.2344139763779527
 21
-0.2104427952755905
 31
0
  0
LINE
  5
378
330
1A
100
AcDbEntity
  8
BLACK
  6
CONTINUOUS
100
AcDbLine
 10
2.2344139763779527
 20
-0.2104427952755905
 30
0
 11
2.2343841338582675
 21
-0.2103707480314961
 31
0
  0
LINE
  5
379
330
1A
100
AcDbEntity
  8
BLACK
  6
CONTINUOUS
100
AcDbLine
 10
2.2343841338582675
 20
-0.2103707480314961
 30
0
 11
2.2342281102362205
 21
-0.210122874015748
 31
0
  0
LINE
  5
37A
330
1A
100
AcDbEntity
  8
BLACK
  6
CONTINUOUS
100
AcDbLine
 10
2.2342281102362205
 20
-0.210122874015748
 30
0
 11
2.2323533464566929
 21
-0.2063733464566929
 31
0
  0
LINE
  5
37B
330
1A
100
AcDbEntity
  8
BLACK
  6
CONTINUOUS
100
AcDbLine
 10
2.2323533464566929
 20
-0.2063733464566929
 30
0
 11
2.2323372047244092
 21
-0.2063312204724409
 31
0
  0
LINE
  5
37C
330
1A
100
AcDbEntity
  8
BLACK
  6
CONTINUOUS
100
AcDbLine
 10
2.2323372047244092
 20
-0.2063312204724409
 30
0
 11
2.2323245275590549
 21
-0.206314094488189
 31
0
  0
LINE
  5
37D
330
1A
100
AcDbEntity
  8
BLACK
  6
CONTINUOUS
100
AcDbLine
 10
2.2323245275590549
 20
-0.206314094488189
 30
0
 11
2.2322380708661416
 21
-0.206072125984252
 31
0
  0
LINE
  5
37E
330
1A
100
AcDbEntity
  8
BLACK
  6
CONTINUOUS
100
AcDbLine
 10
2.2322380708661416
 20
-0.206072125984252
 30
0
 11
2.2321464566929134
 21
-0.2058327165354331
 31
0
  0
LINE
  5
37F
330
1A
100
AcDbEntity
  8
BLACK
  6
CONTINUOUS
100
AcDbLine
 10
2.2321464566929134
 20
-0.2058327165354331
 30
0
 11
2.2321449212598425
 21
-0.2058114566929134
 31
0
  0
LINE
  5
380
330
1A
100
AcDbEntity
  8
BLACK
  6
CONTINUOUS
100
AcDbLine
 10
2.2321449212598425
 20
-0.2058114566929134
 30
0
 11
2.2321297637795277
 21
-0.2057689763779527
 31
0
  0
LINE
  5
381
330
1A
100
AcDbEntity
  8
BLACK
  6
CONTINUOUS
100
AcDbLine
 10
2.2321297637795277
 20
-0.2057689763779527
 30
0
 11
2.2302550000000001
 21
-0.1982699212598425
 31
0
  0
LINE
  5
382
330
1A
100
AcDbEntity
  8
BLACK
  6
CONTINUOUS
100
AcDbLine
 10
2.2302550000000001
 20
-0.1982699212598425
 30
0
 11
2.2302401968503935
 21
-0.1981700393700787
 31
0
  0
LINE
  5
383
330
1A
100
AcDbEntity
  8
BLACK
  6
CONTINUOUS
100
AcDbLine
 10
2.2302401968503935
 20
-0.1981700393700787
 30
0
 11
2.2302235826771653
 21
-0.198129842519685
 31
0
  0
LINE
  5
384
330
1A
100
AcDbEntity
  8
BLACK
  6
CONTINUOUS
100
AcDbLine
 10
2.2302235826771653
 20
-0.198129842519685
 30
0
 11
2.2302022047244092
 21
-0.1979127952755906
 31
0
  0
LINE
  5
385
330
1A
100
AcDbEntity
  8
BLACK
  6
CONTINUOUS
100
AcDbLine
 10
2.2302022047244092
 20
-0.1979127952755906
 30
0
 11
2.2301703543307085
 21
-0.1976973228346457
 31
0
  0
LINE
  5
386
330
1A
100
AcDbEntity
  8
BLACK
  6
CONTINUOUS
100
AcDbLine
 10
2.2301703543307085
 20
-0.1976973228346457
 30
0
 11
2.2301767322834647
 21
-0.1976542913385827
 31
0
  0
LINE
  5
387
330
1A
100
AcDbEntity
  8
BLACK
  6
CONTINUOUS
100
AcDbLine
 10
2.2301767322834647
 20
-0.1976542913385827
 30
0
 11
2.2301668503937009
 21
-0.197553779527559
 31
0
  0
LINE
  5
388
330
1A
100
AcDbEntity
  8
BLACK
  6
CONTINUOUS
100
AcDbLine
 10
2.2301668503937009
 20
-0.197553779527559
 30
0
 11
2.2301668503937009
 21
-0.1881799606299213
 31
0
  0
LINE
  5
389
330
1A
100
AcDbEntity
  8
BLACK
  6
CONTINUOUS
100
AcDbLine
 10
2.2301668503937009
 20
-0.1881799606299213
 30
0
 11
2.2301767322834647
 21
-0.1880794094488189
 31
0
  0
LINE
  5
38A
330
1A
100
AcDbEntity
  8
BLACK
  6
CONTINUOUS
100
AcDbLine
 10
2.2301767322834647
 20
-0.1880794094488189
 30
0
 11
2.2301703543307085
 21
-0.1880364173228346
 31
0
  0
LINE
  5
38B
330
1A
100
AcDbEntity
  8
BLACK
  6
CONTINUOUS
100
AcDbLine
 10
2.2301703543307085
 20
-0.1880364173228346
 30
0
 11
2.2302022047244092
 21
-0.187820905511811
 31
0
  0
LINE
  5
38C
330
1A
100
AcDbEntity
  8
BLACK
  6
CONTINUOUS
100
AcDbLine
 10
2.2302022047244092
 20
-0.187820905511811
 30
0
 11
2.2302235826771653
 21
-0.1876038976377953
 31
0
  0
LINE
  5
38D
330
1A
100
AcDbEntity
  8
BLACK
  6
CONTINUOUS
100
AcDbLine
 10
2.2302235826771653
 20
-0.1876038976377953
 30
0
 11
2.2302401968503935
 21
-0.1875636614173228
 31
0
  0
LINE
  5
38E
330
1A
100
AcDbEntity
  8
BLACK
  6
CONTINUOUS
100
AcDbLine
 10
2.2302401968503935
 20
-0.1875636614173228
 30
0
 11
2.2302550000000001
 21
-0.1874638188976378
 31
0
  0
LINE
  5
38F
330
1A
100
AcDbEntity
  8
BLACK
  6
CONTINUOUS
100
AcDbLine
 10
2.2302550000000001
 20
-0.1874638188976378
 30
0
 11
2.2321297637795277
 21
-0.1799647637795276
 31
0
  0
LINE
  5
390
330
1A
100
AcDbEntity
  8
BLACK
  6
CONTINUOUS
100
AcDbLine
 10
2.2321297637795277
 20
-0.1799647637795276
 30
0
 11
2.2321449212598425
 21
-0.1799222440944882
 31
0
  0
LINE
  5
391
330
1A
100
AcDbEntity
  8
BLACK
  6
CONTINUOUS
100
AcDbLine
 10
2.2321449212598425
 20
-0.1799222440944882
 30
0
 11
2.2321464566929134
 21
-0.1799010236220472
 31
0
  0
LINE
  5
392
330
1A
100
AcDbEntity
  8
BLACK
  6
CONTINUOUS
100
AcDbLine
 10
2.2321464566929134
 20
-0.1799010236220472
 30
0
 11
2.2322380708661416
 21
-0.1796615748031496
 31
0
  0
LINE
  5
393
330
1A
100
AcDbEntity
  8
BLACK
  6
CONTINUOUS
100
AcDbLine
 10
2.2322380708661416
 20
-0.1796615748031496
 30
0
 11
2.2323245275590549
 21
-0.1794196456692913
 31
0
  0
LINE
  5
394
330
1A
100
AcDbEntity
  8
BLACK
  6
CONTINUOUS
100
AcDbLine
 10
2.2323245275590549
 20
-0.1794196456692913
 30
0
 11
2.2323372047244092
 21
-0.1794024803149606
 31
0
  0
LINE
  5
395
330
1A
100
AcDbEntity
  8
BLACK
  6
CONTINUOUS
100
AcDbLine
 10
2.2323372047244092
 20
-0.1794024803149606
 30
0
 11
2.2323533464566929
 21
-0.1793603937007874
 31
0
  0
LINE
  5
396
330
1A
100
AcDbEntity
  8
BLACK
  6
CONTINUOUS
100
AcDbLine
 10
2.2323533464566929
 20
-0.1793603937007874
 30
0
 11
2.2342281102362205
 21
-0.1756108661417323
 31
0
  0
LINE
  5
397
330
1A
100
AcDbEntity
  8
BLACK
  6
CONTINUOUS
100
AcDbLine
 10
2.2342281102362205
 20
-0.1756108661417323
 30
0
 11
2.2343841732283463
 21
-0.1753628346456693
 31
0
  0
LINE
  5
398
330
1A
100
AcDbEntity
  8
BLACK
  6
CONTINUOUS
100
AcDbLine
 10
2.2343841732283463
 20
-0.1753628346456693
 30
0
 11
2.2344140157480314
 21
-0.175290905511811
 31
0
  0
LINE
  5
399
330
1A
100
AcDbEntity
  8
BLACK
  6
CONTINUOUS
100
AcDbLine
 10
2.2344140157480314
 20
-0.175290905511811
 30
0
 11
2.2344804724409446
 21
-0.1752099212598425
 31
0
  0
LINE
  5
39A
330
1A
100
AcDbEntity
  8
BLACK
  6
CONTINUOUS
100
AcDbLine
 10
2.2344804724409446
 20
-0.1752099212598425
 30
0
 11
2.2345364566929131
 21
-0.1751209842519685
 31
0
  0
LINE
  5
39B
330
1A
100
AcDbEntity
  8
BLACK
  6
CONTINUOUS
100
AcDbLine
 10
2.2345364566929131
 20
-0.1751209842519685
 30
0
 11
2.2345954330708659
 21
-0.1750698031496063
 31
0
  0
LINE
  5
39C
330
1A
100
AcDbEntity
  8
BLACK
  6
CONTINUOUS
100
AcDbLine
 10
2.2345954330708659
 20
-0.1750698031496063
 30
0
 11
2.2347812204724411
 21
-0.1748434645669291
 31
0
  0
LINE
  5
39D
330
1A
100
AcDbEntity
  8
BLACK
  6
CONTINUOUS
100
AcDbLine
 10
2.2347812204724411
 20
-0.1748434645669291
 30
0
 11
2.2366559842519687
 21
-0.1729687007874016
 31
0
  0
LINE
  5
39E
330
1A
100
AcDbEntity
  8
BLACK
  6
CONTINUOUS
100
AcDbLine
 10
2.2366559842519687
 20
-0.1729687007874016
 30
0
 11
2.2368823228346457
 21
-0.1727829133858268
 31
0
  0
LINE
  5
39F
330
1A
100
AcDbEntity
  8
BLACK
  6
CONTINUOUS
100
AcDbLine
 10
2.2368823228346457
 20
-0.1727829133858268
 30
0
 11
2.2369335039370077
 21
-0.172723937007874
 31
0
  0
LINE
  5
3A0
330
1A
100
AcDbEntity
  8
BLACK
  6
CONTINUOUS
100
AcDbLine
 10
2.2369335039370077
 20
-0.172723937007874
 30
0
 11
2.237022440944882
 21
-0.1726679527559055
 31
0
  0
LINE
  5
3A1
330
1A
100
AcDbEntity
  8
BLACK
  6
CONTINUOUS
100
AcDbLine
 10
2.237022440944882
 20
-0.1726679527559055
 30
0
 11
2.2371034251968505
 21
-0.1726014960629921
 31
0
  0
LINE
  5
3A2
330
1A
100
AcDbEntity
  8
BLACK
  6
CONTINUOUS
100
AcDbLine
 10
2.2371034251968505
 20
-0.1726014960629921
 30
0
 11
2.2371753543307085
 21
-0.1725716535433071
 31
0
  0
LINE
  5
3A3
330
1A
100
AcDbEntity
  8
BLACK
  6
CONTINUOUS
100
AcDbLine
 10
2.2371753543307085
 20
-0.1725716535433071
 30
0
 11
2.2374233858267716
 21
-0.1724155905511811
 31
0
  0
LINE
  5
3A4
330
1A
100
AcDbEntity
  8
BLACK
  6
CONTINUOUS
100
AcDbLine
 10
2.2374233858267716
 20
-0.1724155905511811
 30
0
 11
2.2411729133858267
 21
-0.1705408267716536
 31
0
  0
LINE
  5
3A5
330
1A
100
AcDbEntity
  8
BLACK
  6
CONTINUOUS
100
AcDbLine
 10
2.2411729133858267
 20
-0.1705408267716536
 30
0
 11
2.241713503937008
 21
-0.170333937007874
 31
0
  0
LINE
  5
3A6
330
1A
100
AcDbEntity
  8
BLACK
  6
CONTINUOUS
100
AcDbLine
 10
2.241713503937008
 20
-0.170333937007874
 30
0
 11
2.2418193700787401
 21
-0.1703263779527559
 31
0
  0
LINE
  5
3A7
330
1A
100
AcDbEntity
  8
BLACK
  6
CONTINUOUS
100
AcDbLine
 10
2.2418193700787401
 20
-0.1703263779527559
 30
0
 11
2.2419173622047244
 21
-0.1702858267716535
 31
0
  0
LINE
  5
3A8
330
1A
100
AcDbEntity
  8
BLACK
  6
CONTINUOUS
100
AcDbLine
 10
2.2419173622047244
 20
-0.1702858267716535
 30
0
 11
2.2424934251968502
 21
-0.170229094488189
 31
0
  0
LINE
  5
3A9
330
1A
100
AcDbEntity
  8
BLACK
  6
CONTINUOUS
100
AcDbLine
 10
2.2424934251968502
 20
-0.170229094488189
 30
0
 11
2.2462429527559054
 21
-0.170229094488189
 31
0
  0
LINE
  5
3AA
330
1A
100
AcDbEntity
  8
BLACK
  6
CONTINUOUS
100
AcDbLine
 10
2.2462429527559054
 20
-0.170229094488189
 30
0
 11
2.2468190157480312
 21
-0.1702858267716535
 31
0
  0
LINE
  5
3AB
330
1A
100
AcDbEntity
  8
BLACK
  6
CONTINUOUS
100
AcDbLine
 10
2.2404929921259842
 20
-0.1774833464566929
 30
0
 11
2.2392958661417324
 21
-0.1786804724409449
 31
0
  0
LINE
  5
3AC
330
1A
100
AcDbEntity
  8
BLACK
  6
CONTINUOUS
100
AcDbLine
 10
2.2392958661417324
 20
-0.1786804724409449
 30
0
 11
2.2377803543307087
 21
-0.1817114566929134
 31
0
  0
LINE
  5
3AD
330
1A
100
AcDbEntity
  8
BLACK
  6
CONTINUOUS
100
AcDbLine
 10
2.2377803543307087
 20
-0.1817114566929134
 30
0
 11
2.2360723622047245
 21
-0.1885435039370079
 31
0
  0
LINE
  5
3AE
330
1A
100
AcDbEntity
  8
BLACK
  6
CONTINUOUS
100
AcDbLine
 10
2.2360723622047245
 20
-0.1885435039370079
 30
0
 11
2.2360723622047245
 21
-0.1971902362204724
 31
0
  0
LINE
  5
3AF
330
1A
100
AcDbEntity
  8
BLACK
  6
CONTINUOUS
100
AcDbLine
 10
2.2360723622047245
 20
-0.1971902362204724
 30
0
 11
2.2377803543307087
 21
-0.2040222834645669
 31
0
  0
LINE
  5
3B0
330
1A
100
AcDbEntity
  8
BLACK
  6
CONTINUOUS
100
AcDbLine
 10
2.2377803543307087
 20
-0.2040222834645669
 30
0
 11
2.2392958661417324
 21
-0.2070532677165354
 31
0
  0
LINE
  5
3B1
330
1A
100
AcDbEntity
  8
BLACK
  6
CONTINUOUS
100
AcDbLine
 10
2.2392958661417324
 20
-0.2070532677165354
 30
0
 11
2.2404929921259842
 21
-0.2082504330708661
 31
0
  0
LINE
  5
3B2
330
1A
100
AcDbEntity
  8
BLACK
  6
CONTINUOUS
100
AcDbLine
 10
2.2404929921259842
 20
-0.2082504330708661
 30
0
 11
2.2431904724409448
 21
-0.2095991732283465
 31
0
  0
LINE
  5
3B3
330
1A
100
AcDbEntity
  8
BLACK
  6
CONTINUOUS
100
AcDbLine
 10
2.2431904724409448
 20
-0.2095991732283465
 30
0
 11
2.2455459055118108
 21
-0.2095991732283465
 31
0
  0
LINE
  5
3B4
330
1A
100
AcDbEntity
  8
BLACK
  6
CONTINUOUS
100
AcDbLine
 10
2.2455459055118108
 20
-0.2095991732283465
 30
0
 11
2.2482433464566927
 21
-0.2082504330708661
 31
0
  0
LINE
  5
3B5
330
1A
100
AcDbEntity
  8
BLACK
  6
CONTINUOUS
100
AcDbLine
 10
2.2482433464566927
 20
-0.2082504330708661
 30
0
 11
2.2494404724409449
 21
-0.2070532677165354
 31
0
  0
LINE
  5
3B6
330
1A
100
AcDbEntity
  8
BLACK
  6
CONTINUOUS
100
AcDbLine
 10
2.2494404724409449
 20
-0.2070532677165354
 30
0
 11
2.2509559842519686
 21
-0.2040222834645669
 31
0
  0
LINE
  5
3B7
330
1A
100
AcDbEntity
  8
BLACK
  6
CONTINUOUS
100
AcDbLine
 10
2.2509559842519686
 20
-0.2040222834645669
 30
0
 11
2.2526640157480315
 21
-0.1971902362204724
 31
0
  0
LINE
  5
3B8
330
1A
100
AcDbEntity
  8
BLACK
  6
CONTINUOUS
100
AcDbLine
 10
2.2526640157480315
 20
-0.1971902362204724
 30
0
 11
2.2526640157480315
 21
-0.1885435039370079
 31
0
  0
LINE
  5
3B9
330
1A
100
AcDbEntity
  8
BLACK
  6
CONTINUOUS
100
AcDbLine
 10
2.2526640157480315
 20
-0.1885435039370079
 30
0
 11
2.2509559842519686
 21
-0.1817114566929134
 31
0
  0
LINE
  5
3BA
330
1A
100
AcDbEntity
  8
BLACK
  6
CONTINUOUS
100
AcDbLine
 10
2.2509559842519686
 20
-0.1817114566929134
 30
0
 11
2.2494405118110237
 21
-0.1786804724409449
 31
0
  0
LINE
  5
3BB
330
1A
100
AcDbEntity
  8
BLACK
  6
CONTINUOUS
100
AcDbLine
 10
2.2494405118110237
 20
-0.1786804724409449
 30
0
 11
2.2482433858267714
 21
-0.1774833464566929
 31
0
  0
LINE
  5
3BC
330
1A
100
AcDbEntity
  8
BLACK
  6
CONTINUOUS
100
AcDbLine
 10
2.2482433858267714
 20
-0.1774833464566929
 30
0
 11
2.2455459055118108
 21
-0.1761346062992126
 31
0
  0
LINE
  5
3BD
330
1A
100
AcDbEntity
  8
BLACK
  6
CONTINUOUS
100
AcDbLine
 10
2.2455459055118108
 20
-0.1761346062992126
 30
0
 11
2.2431904724409448
 21
-0.1761346062992126
 31
0
  0
LINE
  5
3BE
330
1A
100
AcDbEntity
  8
BLACK
  6
CONTINUOUS
100
AcDbLine
 10
2.2431904724409448
 20
-0.1761346062992126
 30
0
 11
2.2404929921259842
 21
-0.1774833464566929
 31
0
  0
LINE
  5
3BF
330
1A
100
AcDbEntity
  8
BLACK
  6
CONTINUOUS
100
AcDbLine
 10
2.104680905511811
 20
-0.2060488582677165
 30
0
 11
2.1054012204724408
 21
-0.2063472047244095
 31
0
  0
LINE
  5
3C0
330
1A
100
AcDbEntity
  8
BLACK
  6
CONTINUOUS
100
AcDbLine
 10
2.1054012204724408
 20
-0.2063472047244095
 30
0
 11
2.1054012598425196
 21
-0.2063472440944882
 31
0
  0
LINE
  5
3C1
330
1A
100
AcDbEntity
  8
BLACK
  6
CONTINUOUS
100
AcDbLine
 10
2.1054012598425196
 20
-0.2063472440944882
 30
0
 11
2.1058487401574801
 21
-0.2067144881889764
 31
0
  0
LINE
  5
3C2
330
1A
100
AcDbEntity
  8
BLACK
  6
CONTINUOUS
100
AcDbLine
 10
2.1058487401574801
 20
-0.2067144881889764
 30
0
 11
2.1077234645669289
 21
-0.2085892519685039
 31
0
  0
LINE
  5
3C3
330
1A
100
AcDbEntity
  8
BLACK
  6
CONTINUOUS
100
AcDbLine
 10
2.1077234645669289
 20
-0.2085892519685039
 30
0
 11
2.1080907086614173
 21
-0.2090367322834646
 31
0
  0
LINE
  5
3C4
330
1A
100
AcDbEntity
  8
BLACK
  6
CONTINUOUS
100
AcDbLine
 10
2.1080907086614173
 20
-0.2090367322834646
 30
0
 11
2.1085297637795275
 21
-0.210096811023622
 31
0
  0
LINE
  5
3C5
330
1A
100
AcDbEntity
  8
BLACK
  6
CONTINUOUS
100
AcDbLine
 10
2.1085297637795275
 20
-0.210096811023622
 30
0
 11
2.1085315748031497
 21
-0.2101011417322834
 31
0
  0
LINE
  5
3C6
330
1A
100
AcDbEntity
  8
BLACK
  6
CONTINUOUS
100
AcDbLine
 10
2.1085315748031497
 20
-0.2101011417322834
 30
0
 11
2.1085315748031497
 21
-0.2112532283464567
 31
0
  0
LINE
  5
3C7
330
1A
100
AcDbEntity
  8
BLACK
  6
CONTINUOUS
100
AcDbLine
 10
2.1085315748031497
 20
-0.2112532283464567
 30
0
 11
2.1080906692913386
 21
-0.2123176377952756
 31
0
  0
LINE
  5
3C8
330
1A
100
AcDbEntity
  8
BLACK
  6
CONTINUOUS
100
AcDbLine
 10
2.1080906692913386
 20
-0.2123176377952756
 30
0
 11
2.1077234645669289
 21
-0.2127650787401575
 31
0
  0
LINE
  5
3C9
330
1A
100
AcDbEntity
  8
BLACK
  6
CONTINUOUS
100
AcDbLine
 10
2.1077234645669289
 20
-0.2127650787401575
 30
0
 11
2.1058487007874014
 21
-0.214639842519685
 31
0
  0
LINE
  5
3CA
330
1A
100
AcDbEntity
  8
BLACK
  6
CONTINUOUS
100
AcDbLine
 10
2.1058487007874014
 20
-0.214639842519685
 30
0
 11
2.1054012598425196
 21
-0.2150070472440945
 31
0
  0
LINE
  5
3CB
330
1A
100
AcDbEntity
  8
BLACK
  6
CONTINUOUS
100
AcDbLine
 10
2.1054012598425196
 20
-0.2150070472440945
 30
0
 11
2.1043368503937008
 21
-0.2154479527559055
 31
0
  0
LINE
  5
3CC
330
1A
100
AcDbEntity
  8
BLACK
  6
CONTINUOUS
100
AcDbLine
 10
2.1043368503937008
 20
-0.2154479527559055
 30
0
 11
2.104336811023622
 21
-0.2154479527559055
 31
0
  0
LINE
  5
3CD
330
1A
100
AcDbEntity
  8
BLACK
  6
CONTINUOUS
100
AcDbLine
 10
2.104336811023622
 20
-0.2154479527559055
 30
0
 11
2.1031847637795273
 21
-0.2154479527559055
 31
0
  0
LINE
  5
3CE
330
1A
100
AcDbEntity
  8
BLACK
  6
CONTINUOUS
100
AcDbLine
 10
2.1031847637795273
 20
-0.2154479527559055
 30
0
 11
2.1031847244094486
 21
-0.2154479527559055
 31
0
  0
LINE
  5
3CF
330
1A
100
AcDbEntity
  8
BLACK
  6
CONTINUOUS
100
AcDbLine
 10
2.1031847244094486
 20
-0.2154479527559055
 30
0
 11
2.1021203149606298
 21
-0.2150070472440945
 31
0
  0
LINE
  5
3D0
330
1A
100
AcDbEntity
  8
BLACK
  6
CONTINUOUS
100
AcDbLine
 10
2.1021203149606298
 20
-0.2150070472440945
 30
0
 11
2.101672874015748
 21
-0.214639842519685
 31
0
  0
LINE
  5
3D1
330
1A
100
AcDbEntity
  8
BLACK
  6
CONTINUOUS
100
AcDbLine
 10
2.101672874015748
 20
-0.214639842519685
 30
0
 11
2.0997981102362204
 21
-0.2127650787401575
 31
0
  0
LINE
  5
3D2
330
1A
100
AcDbEntity
  8
BLACK
  6
CONTINUOUS
100
AcDbLine
 10
2.0997981102362204
 20
-0.2127650787401575
 30
0
 11
2.0994309055118108
 21
-0.2123176377952756
 31
0
  0
LINE
  5
3D3
330
1A
100
AcDbEntity
  8
BLACK
  6
CONTINUOUS
100
AcDbLine
 10
2.0994309055118108
 20
-0.2123176377952756
 30
0
 11
2.0991883070866142
 21
-0.2117319291338583
 31
0
  0
LINE
  5
3D4
330
1A
100
AcDbEntity
  8
BLACK
  6
CONTINUOUS
100
AcDbLine
 10
2.0991883070866142
 20
-0.2117319291338583
 30
0
 11
2.0989900000000001
 21
-0.2112532283464567
 31
0
  0
LINE
  5
3D5
330
1A
100
AcDbEntity
  8
BLACK
  6
CONTINUOUS
100
AcDbLine
 10
2.0989900000000001
 20
-0.2112532283464567
 30
0
 11
2.0989900000000001
 21
-0.2101011417322834
 31
0
  0
LINE
  5
3D6
330
1A
100
AcDbEntity
  8
BLACK
  6
CONTINUOUS
100
AcDbLine
 10
2.0989900000000001
 20
-0.2101011417322834
 30
0
 11
2.099430866141732
 21
-0.2090367322834646
 31
0
  0
LINE
  5
3D7
330
1A
100
AcDbEntity
  8
BLACK
  6
CONTINUOUS
100
AcDbLine
 10
2.099430866141732
 20
-0.2090367322834646
 30
0
 11
2.0997980708661417
 21
-0.2085892913385827
 31
0
  0
LINE
  5
3D8
330
1A
100
AcDbEntity
  8
BLACK
  6
CONTINUOUS
100
AcDbLine
 10
2.0997980708661417
 20
-0.2085892913385827
 30
0
 11
2.1016728346456692
 21
-0.2067144881889764
 31
0
  0
LINE
  5
3D9
330
1A
100
AcDbEntity
  8
BLACK
  6
CONTINUOUS
100
AcDbLine
 10
2.1016728346456692
 20
-0.2067144881889764
 30
0
 11
2.1021203149606298
 21
-0.2063472440944882
 31
0
  0
LINE
  5
3DA
330
1A
100
AcDbEntity
  8
BLACK
  6
CONTINUOUS
100
AcDbLine
 10
2.1021203149606298
 20
-0.2063472440944882
 30
0
 11
2.1021203543307085
 21
-0.2063472047244095
 31
0
  0
LINE
  5
3DB
330
1A
100
AcDbEntity
  8
BLACK
  6
CONTINUOUS
100
AcDbLine
 10
2.1021203543307085
 20
-0.2063472047244095
 30
0
 11
2.1028406692913384
 21
-0.2060488582677165
 31
0
  0
LINE
  5
3DC
330
1A
100
AcDbEntity
  8
BLACK
  6
CONTINUOUS
100
AcDbLine
 10
2.1028406692913384
 20
-0.2060488582677165
 30
0
 11
2.1031847244094486
 21
-0.2059063385826772
 31
0
  0
LINE
  5
3DD
330
1A
100
AcDbEntity
  8
BLACK
  6
CONTINUOUS
100
AcDbLine
 10
2.1031847244094486
 20
-0.2059063385826772
 30
0
 11
2.104336811023622
 21
-0.2059063385826772
 31
0
  0
LINE
  5
3DE
330
1A
100
AcDbEntity
  8
BLACK
  6
CONTINUOUS
100
AcDbLine
 10
2.104336811023622
 20
-0.2059063385826772
 30
0
 11
2.1043368503937008
 21
-0.2059063385826772
 31
0
  0
LINE
  5
3DF
330
1A
100
AcDbEntity
  8
BLACK
  6
CONTINUOUS
100
AcDbLine
 10
2.1043368503937008
 20
-0.2059063385826772
 30
0
 11
2.104680905511811
 21
-0.2060488582677165
 31
0
  0
LINE
  5
3E0
330
1A
100
AcDbEntity
  8
BLACK
  6
CONTINUOUS
100
AcDbLine
 10
2.3143105905511812
 20
-0.1834091732283465
 30
0
 11
2.3144085826771654
 21
-0.1834497637795275
 31
0
  0
LINE
  5
3E1
330
1A
100
AcDbEntity
  8
BLACK
  6
CONTINUOUS
100
AcDbLine
 10
2.3144085826771654
 20
-0.1834497637795275
 30
0
 11
2.3145144094488188
 21
-0.1834572834645669
 31
0
  0
LINE
  5
3E2
330
1A
100
AcDbEntity
  8
BLACK
  6
CONTINUOUS
100
AcDbLine
 10
2.3145144094488188
 20
-0.1834572834645669
 30
0
 11
2.3150550393700788
 21
-0.1836641732283464
 31
0
  0
LINE
  5
3E3
330
1A
100
AcDbEntity
  8
BLACK
  6
CONTINUOUS
100
AcDbLine
 10
2.3150550393700788
 20
-0.1836641732283464
 30
0
 11
2.3188045669291339
 21
-0.185538937007874
 31
0
  0
LINE
  5
3E4
330
1A
100
AcDbEntity
  8
BLACK
  6
CONTINUOUS
100
AcDbLine
 10
2.3188045669291339
 20
-0.185538937007874
 30
0
 11
2.3189009055118111
 21
-0.1855995669291338
 31
0
  0
LINE
  5
3E5
330
1A
100
AcDbEntity
  8
BLACK
  6
CONTINUOUS
100
AcDbLine
 10
2.3189009055118111
 20
-0.1855995669291338
 30
0
 11
2.318946338582677
 21
-0.1856147244094488
 31
0
  0
LINE
  5
3E6
330
1A
100
AcDbEntity
  8
BLACK
  6
CONTINUOUS
100
AcDbLine
 10
2.318946338582677
 20
-0.1856147244094488
 30
0
 11
2.319002874015748
 21
-0.1856637401574803
 31
0
  0
LINE
  5
3E7
330
1A
100
AcDbEntity
  8
BLACK
  6
CONTINUOUS
100
AcDbLine
 10
2.319002874015748
 20
-0.1856637401574803
 30
0
 11
2.3192944488188978
 21
-0.1858472834645669
 31
0
  0
LINE
  5
3E8
330
1A
100
AcDbEntity
  8
BLACK
  6
CONTINUOUS
100
AcDbLine
 10
2.3192944488188978
 20
-0.1858472834645669
 30
0
 11
2.319358818897638
 21
-0.1859214960629921
 31
0
  0
LINE
  5
3E9
330
1A
100
AcDbEntity
  8
BLACK
  6
CONTINUOUS
100
AcDbLine
 10
2.319358818897638
 20
-0.1859214960629921
 30
0
 11
2.3194231889763781
 21
-0.1858472834645669
 31
0
  0
LINE
  5
3EA
330
1A
100
AcDbEntity
  8
BLACK
  6
CONTINUOUS
100
AcDbLine
 10
2.3194231889763781
 20
-0.1858472834645669
 30
0
 11
2.3197147244094487
 21
-0.1856637401574803
 31
0
  0
LINE
  5
3EB
330
1A
100
AcDbEntity
  8
BLACK
  6
CONTINUOUS
100
AcDbLine
 10
2.3197147244094487
 20
-0.1856637401574803
 30
0
 11
2.3197712992125985
 21
-0.1856147244094488
 31
0
  0
LINE
  5
3EC
330
1A
100
AcDbEntity
  8
BLACK
  6
CONTINUOUS
100
AcDbLine
 10
2.3197712992125985
 20
-0.1856147244094488
 30
0
 11
2.3198166929133857
 21
-0.1855995669291338
 31
0
  0
LINE
  5
3ED
330
1A
100
AcDbEntity
  8
BLACK
  6
CONTINUOUS
100
AcDbLine
 10
2.3198166929133857
 20
-0.1855995669291338
 30
0
 11
2.3199130708661415
 21
-0.185538937007874
 31
0
  0
LINE
  5
3EE
330
1A
100
AcDbEntity
  8
BLACK
  6
CONTINUOUS
100
AcDbLine
 10
2.3199130708661415
 20
-0.185538937007874
 30
0
 11
2.3236625984251966
 21
-0.1836641732283464
 31
0
  0
LINE
  5
3EF
330
1A
100
AcDbEntity
  8
BLACK
  6
CONTINUOUS
100
AcDbLine
 10
2.3236625984251966
 20
-0.1836641732283464
 30
0
 11
2.3242031889763779
 21
-0.1834572834645669
 31
0
  0
LINE
  5
3F0
330
1A
100
AcDbEntity
  8
BLACK
  6
CONTINUOUS
100
AcDbLine
 10
2.3242031889763779
 20
-0.1834572834645669
 30
0
 11
2.32430905511811
 21
-0.1834497244094488
 31
0
  0
LINE
  5
3F1
330
1A
100
AcDbEntity
  8
BLACK
  6
CONTINUOUS
100
AcDbLine
 10
2.32430905511811
 20
-0.1834497244094488
 30
0
 11
2.3244070472440943
 21
-0.1834091732283465
 31
0
  0
LINE
  5
3F2
330
1A
100
AcDbEntity
  8
BLACK
  6
CONTINUOUS
100
AcDbLine
 10
2.3244070472440943
 20
-0.1834091732283465
 30
0
 11
2.3249831102362206
 21
-0.1833524409448819
 31
0
  0
LINE
  5
3F3
330
1A
100
AcDbEntity
  8
BLACK
  6
CONTINUOUS
100
AcDbLine
 10
2.3249831102362206
 20
-0.1833524409448819
 30
0
 11
2.3306074015748033
 21
-0.1833524409448819
 31
0
  0
LINE
  5
3F4
330
1A
100
AcDbEntity
  8
BLACK
  6
CONTINUOUS
100
AcDbLine
 10
2.3306074015748033
 20
-0.1833524409448819
 30
0
 11
2.3311834645669292
 21
-0.1834091732283465
 31
0
  0
LINE
  5
3F5
330
1A
100
AcDbEntity
  8
BLACK
  6
CONTINUOUS
100
AcDbLine
 10
2.3311834645669292
 20
-0.1834091732283465
 30
0
 11
2.3312814566929134
 21
-0.1834497637795275
 31
0
  0
LINE
  5
3F6
330
1A
100
AcDbEntity
  8
BLACK
  6
CONTINUOUS
100
AcDbLine
 10
2.3312814566929134
 20
-0.1834497637795275
 30
0
 11
2.3313872834645668
 21
-0.1834572834645669
 31
0
  0
LINE
  5
3F7
330
1A
100
AcDbEntity
  8
BLACK
  6
CONTINUOUS
100
AcDbLine
 10
2.3313872834645668
 20
-0.1834572834645669
 30
0
 11
2.3319279133858268
 21
-0.1836641732283464
 31
0
  0
LINE
  5
3F8
330
1A
100
AcDbEntity
  8
BLACK
  6
CONTINUOUS
100
AcDbLine
 10
2.3319279133858268
 20
-0.1836641732283464
 30
0
 11
2.3356774803149607
 21
-0.185538937007874
 31
0
  0
LINE
  5
3F9
330
1A
100
AcDbEntity
  8
BLACK
  6
CONTINUOUS
100
AcDbLine
 10
2.3356774803149607
 20
-0.185538937007874
 30
0
 11
2.335773779527559
 21
-0.1855995669291338
 31
0
  0
LINE
  5
3FA
330
1A
100
AcDbEntity
  8
BLACK
  6
CONTINUOUS
100
AcDbLine
 10
2.335773779527559
 20
-0.1855995669291338
 30
0
 11
2.3358192519685037
 21
-0.1856147244094488
 31
0
  0
LINE
  5
3FB
330
1A
100
AcDbEntity
  8
BLACK
  6
CONTINUOUS
100
AcDbLine
 10
2.3358192519685037
 20
-0.1856147244094488
 30
0
 11
2.3358758267716535
 21
-0.1856637795275591
 31
0
  0
LINE
  5
3FC
330
1A
100
AcDbEntity
  8
BLACK
  6
CONTINUOUS
100
AcDbLine
 10
2.3358758267716535
 20
-0.1856637795275591
 30
0
 11
2.3361673228346458
 21
-0.1858472834645669
 31
0
  0
LINE
  5
3FD
330
1A
100
AcDbEntity
  8
BLACK
  6
CONTINUOUS
100
AcDbLine
 10
2.3361673228346458
 20
-0.1858472834645669
 30
0
 11
2.3364098031496061
 21
-0.1861268897637795
 31
0
  0
LINE
  5
3FE
330
1A
100
AcDbEntity
  8
BLACK
  6
CONTINUOUS
100
AcDbLine
 10
2.3364098031496061
 20
-0.1861268897637795
 30
0
 11
2.3366896456692912
 21
-0.1863695669291339
 31
0
  0
LINE
  5
3FF
330
1A
100
AcDbEntity
  8
BLACK
  6
CONTINUOUS
100
AcDbLine
 10
2.3366896456692912
 20
-0.1863695669291339
 30
0
 11
2.3368731496062991
 21
-0.1866611023622047
 31
0
  0
LINE
  5
400
330
1A
100
AcDbEntity
  8
BLACK
  6
CONTINUOUS
100
AcDbLine
 10
2.3368731496062991
 20
-0.1866611023622047
 30
0
 11
2.3369222047244094
 21
-0.1867176771653543
 31
0
  0
LINE
  5
401
330
1A
100
AcDbEntity
  8
BLACK
  6
CONTINUOUS
100
AcDbLine
 10
2.3369222047244094
 20
-0.1867176771653543
 30
0
 11
2.3369373228346455
 21
-0.1867630708661417
 31
0
  0
LINE
  5
402
330
1A
100
AcDbEntity
  8
BLACK
  6
CONTINUOUS
100
AcDbLine
 10
2.3369373228346455
 20
-0.1867630708661417
 30
0
 11
2.3369979921259842
 21
-0.1868594488188976
 31
0
  0
LINE
  5
403
330
1A
100
AcDbEntity
  8
BLACK
  6
CONTINUOUS
100
AcDbLine
 10
2.3369979921259842
 20
-0.1868594488188976
 30
0
 11
2.3388727559055118
 21
-0.1906089763779527
 31
0
  0
LINE
  5
404
330
1A
100
AcDbEntity
  8
BLACK
  6
CONTINUOUS
100
AcDbLine
 10
2.3388727559055118
 20
-0.1906089763779527
 30
0
 11
2.3390796456692913
 21
-0.1911495669291338
 31
0
  0
LINE
  5
405
330
1A
100
AcDbEntity
  8
BLACK
  6
CONTINUOUS
100
AcDbLine
 10
2.3390796456692913
 20
-0.1911495669291338
 30
0
 11
2.3390871653543308
 21
-0.1912554330708661
 31
0
  0
LINE
  5
406
330
1A
100
AcDbEntity
  8
BLACK
  6
CONTINUOUS
100
AcDbLine
 10
2.3390871653543308
 20
-0.1912554330708661
 30
0
 11
2.3391277559055119
 21
-0.1913534251968504
 31
0
  0
LINE
  5
407
330
1A
100
AcDbEntity
  8
BLACK
  6
CONTINUOUS
100
AcDbLine
 10
2.3391277559055119
 20
-0.1913534251968504
 30
0
 11
2.3391844881889763
 21
-0.1919294881889764
 31
0
  0
LINE
  5
408
330
1A
100
AcDbEntity
  8
BLACK
  6
CONTINUOUS
100
AcDbLine
 10
2.3391844881889763
 20
-0.1919294881889764
 30
0
 11
2.3391844881889763
 21
-0.2125519291338583
 31
0
  0
LINE
  5
409
330
1A
100
AcDbEntity
  8
BLACK
  6
CONTINUOUS
100
AcDbLine
 10
2.3391844881889763
 20
-0.2125519291338583
 30
0
 11
2.3391277559055119
 21
-0.2131279921259842
 31
0
  0
LINE
  5
40A
330
1A
100
AcDbEntity
  8
BLACK
  6
CONTINUOUS
100
AcDbLine
 10
2.3391277559055119
 20
-0.2131279921259842
 30
0
 11
2.3386868503937008
 21
-0.2141924015748032
 31
0
  0
LINE
  5
40B
330
1A
100
AcDbEntity
  8
BLACK
  6
CONTINUOUS
100
AcDbLine
 10
2.3386868503937008
 20
-0.2141924015748032
 30
0
 11
2.3378722047244094
 21
-0.2150070472440945
 31
0
  0
LINE
  5
40C
330
1A
100
AcDbEntity
  8
BLACK
  6
CONTINUOUS
100
AcDbLine
 10
2.3378722047244094
 20
-0.2150070472440945
 30
0
 11
2.3368077952755906
 21
-0.2154479527559055
 31
0
  0
LINE
  5
40D
330
1A
100
AcDbEntity
  8
BLACK
  6
CONTINUOUS
100
AcDbLine
 10
2.3368077952755906
 20
-0.2154479527559055
 30
0
 11
2.3356556692913384
 21
-0.2154479527559055
 31
0
  0
LINE
  5
40E
330
1A
100
AcDbEntity
  8
BLACK
  6
CONTINUOUS
100
AcDbLine
 10
2.3356556692913384
 20
-0.2154479527559055
 30
0
 11
2.3345912598425196
 21
-0.2150070472440945
 31
0
  0
LINE
  5
40F
330
1A
100
AcDbEntity
  8
BLACK
  6
CONTINUOUS
100
AcDbLine
 10
2.3345912598425196
 20
-0.2150070472440945
 30
0
 11
2.3337766141732281
 21
-0.2141924015748032
 31
0
  0
LINE
  5
410
330
1A
100
AcDbEntity
  8
BLACK
  6
CONTINUOUS
100
AcDbLine
 10
2.3337766141732281
 20
-0.2141924015748032
 30
0
 11
2.3333357086614175
 21
-0.2131279921259842
 31
0
  0
LINE
  5
411
330
1A
100
AcDbEntity
  8
BLACK
  6
CONTINUOUS
100
AcDbLine
 10
2.3333357086614175
 20
-0.2131279921259842
 30
0
 11
2.3332789763779527
 21
-0.2125519291338583
 31
0
  0
LINE
  5
412
330
1A
100
AcDbEntity
  8
BLACK
  6
CONTINUOUS
100
AcDbLine
 10
2.3332789763779527
 20
-0.2125519291338583
 30
0
 11
2.3332789763779527
 21
-0.1926265354330709
 31
0
  0
LINE
  5
413
330
1A
100
AcDbEntity
  8
BLACK
  6
CONTINUOUS
100
AcDbLine
 10
2.3332789763779527
 20
-0.1926265354330709
 30
0
 11
2.3321561023622048
 21
-0.1903807874015748
 31
0
  0
LINE
  5
414
330
1A
100
AcDbEntity
  8
BLACK
  6
CONTINUOUS
100
AcDbLine
 10
2.3321561023622048
 20
-0.1903807874015748
 30
0
 11
2.3299103543307087
 21
-0.1892579527559055
 31
0
  0
LINE
  5
415
330
1A
100
AcDbEntity
  8
BLACK
  6
CONTINUOUS
100
AcDbLine
 10
2.3299103543307087
 20
-0.1892579527559055
 30
0
 11
2.3256801574803148
 21
-0.1892579527559055
 31
0
  0
LINE
  5
416
330
1A
100
AcDbEntity
  8
BLACK
  6
CONTINUOUS
100
AcDbLine
 10
2.3256801574803148
 20
-0.1892579527559055
 30
0
 11
2.3234344094488186
 21
-0.1903807874015748
 31
0
  0
LINE
  5
417
330
1A
100
AcDbEntity
  8
BLACK
  6
CONTINUOUS
100
AcDbLine
 10
2.3234344094488186
 20
-0.1903807874015748
 30
0
 11
2.3223115748031495
 21
-0.1926265354330709
 31
0
  0
LINE
  5
418
330
1A
100
AcDbEntity
  8
BLACK
  6
CONTINUOUS
100
AcDbLine
 10
2.3223115748031495
 20
-0.1926265354330709
 30
0
 11
2.3223115748031495
 21
-0.2125519291338583
 31
0
  0
LINE
  5
419
330
1A
100
AcDbEntity
  8
BLACK
  6
CONTINUOUS
100
AcDbLine
 10
2.3223115748031495
 20
-0.2125519291338583
 30
0
 11
2.3222548425196852
 21
-0.2131279921259842
 31
0
  0
LINE
  5
41A
330
1A
100
AcDbEntity
  8
BLACK
  6
CONTINUOUS
100
AcDbLine
 10
2.3222548425196852
 20
-0.2131279921259842
 30
0
 11
2.3218139370078741
 21
-0.2141924015748032
 31
0
  0
LINE
  5
41B
330
1A
100
AcDbEntity
  8
BLACK
  6
CONTINUOUS
100
AcDbLine
 10
2.3218139370078741
 20
-0.2141924015748032
 30
0
 11
2.3209992913385826
 21
-0.2150070472440945
 31
0
  0
LINE
  5
41C
330
1A
100
AcDbEntity
  8
BLACK
  6
CONTINUOUS
100
AcDbLine
 10
2.3209992913385826
 20
-0.2150070472440945
 30
0
 11
2.3199348818897638
 21
-0.2154479527559055
 31
0
  0
LINE
  5
41D
330
1A
100
AcDbEntity
  8
BLACK
  6
CONTINUOUS
100
AcDbLine
 10
2.3199348818897638
 20
-0.2154479527559055
 30
0
 11
2.3187827559055116
 21
-0.2154479527559055
 31
0
  0
LINE
  5
41E
330
1A
100
AcDbEntity
  8
BLACK
  6
CONTINUOUS
100
AcDbLine
 10
2.3187827559055116
 20
-0.2154479527559055
 30
0
 11
2.3177183464566928
 21
-0.2150070472440945
 31
0
  0
LINE
  5
41F
330
1A
100
AcDbEntity
  8
BLACK
  6
CONTINUOUS
100
AcDbLine
 10
2.3177183464566928
 20
-0.2150070472440945
 30
0
 11
2.3169037007874014
 21
-0.2141924015748032
 31
0
  0
LINE
  5
420
330
1A
100
AcDbEntity
  8
BLACK
  6
CONTINUOUS
100
AcDbLine
 10
2.3169037007874014
 20
-0.2141924015748032
 30
0
 11
2.3164627952755903
 21
-0.2131279921259842
 31
0
  0
LINE
  5
421
330
1A
100
AcDbEntity
  8
BLACK
  6
CONTINUOUS
100
AcDbLine
 10
2.3164627952755903
 20
-0.2131279921259842
 30
0
 11
2.3164060629921259
 21
-0.2125519291338583
 31
0
  0
LINE
  5
422
330
1A
100
AcDbEntity
  8
BLACK
  6
CONTINUOUS
100
AcDbLine
 10
2.3164060629921259
 20
-0.2125519291338583
 30
0
 11
2.3164060629921259
 21
-0.1926265354330709
 31
0
  0
LINE
  5
423
330
1A
100
AcDbEntity
  8
BLACK
  6
CONTINUOUS
100
AcDbLine
 10
2.3164060629921259
 20
-0.1926265354330709
 30
0
 11
2.3152831889763781
 21
-0.1903807874015748
 31
0
  0
LINE
  5
424
330
1A
100
AcDbEntity
  8
BLACK
  6
CONTINUOUS
100
AcDbLine
 10
2.3152831889763781
 20
-0.1903807874015748
 30
0
 11
2.3130374803149607
 21
-0.1892579527559055
 31
0
  0
LINE
  5
425
330
1A
100
AcDbEntity
  8
BLACK
  6
CONTINUOUS
100
AcDbLine
 10
2.3130374803149607
 20
-0.1892579527559055
 30
0
 11
2.3088072834645668
 21
-0.1892579527559055
 31
0
  0
LINE
  5
426
330
1A
100
AcDbEntity
  8
BLACK
  6
CONTINUOUS
100
AcDbLine
 10
2.3088072834645668
 20
-0.1892579527559055
 30
0
 11
2.3061098031496061
 21
-0.1906066929133858
 31
0
  0
LINE
  5
427
330
1A
100
AcDbEntity
  8
BLACK
  6
CONTINUOUS
100
AcDbLine
 10
2.3061098031496061
 20
-0.1906066929133858
 30
0
 11
2.3054387007874015
 21
-0.1912777952755906
 31
0
  0
LINE
  5
428
330
1A
100
AcDbEntity
  8
BLACK
  6
CONTINUOUS
100
AcDbLine
 10
2.3054387007874015
 20
-0.1912777952755906
 30
0
 11
2.3054387007874015
 21
-0.2125519291338583
 31
0
  0
LINE
  5
429
330
1A
100
AcDbEntity
  8
BLACK
  6
CONTINUOUS
100
AcDbLine
 10
2.3054387007874015
 20
-0.2125519291338583
 30
0
 11
2.3053819685039372
 21
-0.2131279921259842
 31
0
  0
LINE
  5
42A
330
1A
100
AcDbEntity
  8
BLACK
  6
CONTINUOUS
100
AcDbLine
 10
2.3053819685039372
 20
-0.2131279921259842
 30
0
 11
2.3049410629921261
 21
-0.2141924015748032
 31
0
  0
LINE
  5
42B
330
1A
100
AcDbEntity
  8
BLACK
  6
CONTINUOUS
100
AcDbLine
 10
2.3049410629921261
 20
-0.2141924015748032
 30
0
 11
2.3041264173228346
 21
-0.2150070472440945
 31
0
  0
LINE
  5
42C
330
1A
100
AcDbEntity
  8
BLACK
  6
CONTINUOUS
100
AcDbLine
 10
2.3041264173228346
 20
-0.2150070472440945
 30
0
 11
2.3030620078740158
 21
-0.2154479527559055
 31
0
  0
LINE
  5
42D
330
1A
100
AcDbEntity
  8
BLACK
  6
CONTINUOUS
100
AcDbLine
 10
2.3030620078740158
 20
-0.2154479527559055
 30
0
 11
2.3019098818897636
 21
-0.2154479527559055
 31
0
  0
LINE
  5
42E
330
1A
100
AcDbEntity
  8
BLACK
  6
CONTINUOUS
100
AcDbLine
 10
2.3019098818897636
 20
-0.2154479527559055
 30
0
 11
2.3008454724409448
 21
-0.2150070472440945
 31
0
  0
LINE
  5
42F
330
1A
100
AcDbEntity
  8
BLACK
  6
CONTINUOUS
100
AcDbLine
 10
2.3008454724409448
 20
-0.2150070472440945
 30
0
 11
2.3000308267716534
 21
-0.2141924015748032
 31
0
  0
LINE
  5
430
330
1A
100
AcDbEntity
  8
BLACK
  6
CONTINUOUS
100
AcDbLine
 10
2.3000308267716534
 20
-0.2141924015748032
 30
0
 11
2.2995899212598423
 21
-0.2131279921259842
 31
0
  0
LINE
  5
431
330
1A
100
AcDbEntity
  8
BLACK
  6
CONTINUOUS
100
AcDbLine
 10
2.2995899212598423
 20
-0.2131279921259842
 30
0
 11
2.2995331889763779
 21
-0.2125519291338583
 31
0
  0
LINE
  5
432
330
1A
100
AcDbEntity
  8
BLACK
  6
CONTINUOUS
100
AcDbLine
 10
2.2995331889763779
 20
-0.2125519291338583
 30
0
 11
2.2995331889763779
 21
-0.1863051968503937
 31
0
  0
LINE
  5
433
330
1A
100
AcDbEntity
  8
BLACK
  6
CONTINUOUS
100
AcDbLine
 10
2.2995331889763779
 20
-0.1863051968503937
 30
0
 11
2.2995899212598423
 21
-0.1857291338582677
 31
0
  0
LINE
  5
434
330
1A
100
AcDbEntity
  8
BLACK
  6
CONTINUOUS
100
AcDbLine
 10
2.2995899212598423
 20
-0.1857291338582677
 30
0
 11
2.3000308267716534
 21
-0.1846647244094488
 31
0
  0
LINE
  5
435
330
1A
100
AcDbEntity
  8
BLACK
  6
CONTINUOUS
100
AcDbLine
 10
2.3000308267716534
 20
-0.1846647244094488
 30
0
 11
2.3008454724409448
 21
-0.1838500787401575
 31
0
  0
LINE
  5
436
330
1A
100
AcDbEntity
  8
BLACK
  6
CONTINUOUS
100
AcDbLine
 10
2.3008454724409448
 20
-0.1838500787401575
 30
0
 11
2.3019098818897636
 21
-0.1834091732283465
 31
0
  0
LINE
  5
437
330
1A
100
AcDbEntity
  8
BLACK
  6
CONTINUOUS
100
AcDbLine
 10
2.3019098818897636
 20
-0.1834091732283465
 30
0
 11
2.3030620078740158
 21
-0.1834091732283465
 31
0
  0
LINE
  5
438
330
1A
100
AcDbEntity
  8
BLACK
  6
CONTINUOUS
100
AcDbLine
 10
2.3030620078740158
 20
-0.1834091732283465
 30
0
 11
2.3041264173228346
 21
-0.1838500787401575
 31
0
  0
LINE
  5
439
330
1A
100
AcDbEntity
  8
BLACK
  6
CONTINUOUS
100
AcDbLine
 10
2.3041264173228346
 20
-0.1838500787401575
 30
0
 11
2.3048902362204724
 21
-0.1846138976377953
 31
0
  0
LINE
  5
43A
330
1A
100
AcDbEntity
  8
BLACK
  6
CONTINUOUS
100
AcDbLine
 10
2.3048902362204724
 20
-0.1846138976377953
 30
0
 11
2.3067897244094486
 21
-0.1836641732283464
 31
0
  0
LINE
  5
43B
330
1A
100
AcDbEntity
  8
BLACK
  6
CONTINUOUS
100
AcDbLine
 10
2.3067897244094486
 20
-0.1836641732283464
 30
0
 11
2.3073303149606299
 21
-0.1834572834645669
 31
0
  0
LINE
  5
43C
330
1A
100
AcDbEntity
  8
BLACK
  6
CONTINUOUS
100
AcDbLine
 10
2.3073303149606299
 20
-0.1834572834645669
 30
0
 11
2.307436181102362
 21
-0.1834497244094488
 31
0
  0
LINE
  5
43D
330
1A
100
AcDbEntity
  8
BLACK
  6
CONTINUOUS
100
AcDbLine
 10
2.307436181102362
 20
-0.1834497244094488
 30
0
 11
2.3075341732283463
 21
-0.1834091732283465
 31
0
  0
LINE
  5
43E
330
1A
100
AcDbEntity
  8
BLACK
  6
CONTINUOUS
100
AcDbLine
 10
2.3075341732283463
 20
-0.1834091732283465
 30
0
 11
2.3081102362204722
 21
-0.1833524409448819
 31
0
  0
LINE
  5
43F
330
1A
100
AcDbEntity
  8
BLACK
  6
CONTINUOUS
100
AcDbLine
 10
2.3081102362204722
 20
-0.1833524409448819
 30
0
 11
2.3137345275590553
 21
-0.1833524409448819
 31
0
  0
LINE
  5
440
330
1A
100
AcDbEntity
  8
BLACK
  6
CONTINUOUS
100
AcDbLine
 10
2.3137345275590553
 20
-0.1833524409448819
 30
0
 11
2.3143105905511812
 21
-0.1834091732283465
 31
0
  0
LINE
  5
441
330
1A
100
AcDbEntity
  8
BLACK
  6
CONTINUOUS
100
AcDbLine
 10
2.3668040157480315
 20
-0.1834091732283465
 30
0
 11
2.3669020078740157
 21
-0.1834497637795275
 31
0
  0
LINE
  5
442
330
1A
100
AcDbEntity
  8
BLACK
  6
CONTINUOUS
100
AcDbLine
 10
2.3669020078740157
 20
-0.1834497637795275
 30
0
 11
2.3670078346456691
 21
-0.1834572834645669
 31
0
  0
LINE
  5
443
330
1A
100
AcDbEntity
  8
BLACK
  6
CONTINUOUS
100
AcDbLine
 10
2.3670078346456691
 20
-0.1834572834645669
 30
0
 11
2.3675484645669291
 21
-0.1836641732283464
 31
0
  0
LINE
  5
444
330
1A
100
AcDbEntity
  8
BLACK
  6
CONTINUOUS
100
AcDbLine
 10
2.3675484645669291
 20
-0.1836641732283464
 30
0
 11
2.3712979921259842
 21
-0.185538937007874
 31
0
  0
LINE
  5
445
330
1A
100
AcDbEntity
  8
BLACK
  6
CONTINUOUS
100
AcDbLine
 10
2.3712979921259842
 20
-0.185538937007874
 30
0
 11
2.3713943307086613
 21
-0.1855995669291338
 31
0
  0
LINE
  5
446
330
1A
100
AcDbEntity
  8
BLACK
  6
CONTINUOUS
100
AcDbLine
 10
2.3713943307086613
 20
-0.1855995669291338
 30
0
 11
2.3714397637795277
 21
-0.1856147244094488
 31
0
  0
LINE
  5
447
330
1A
100
AcDbEntity
  8
BLACK
  6
CONTINUOUS
100
AcDbLine
 10
2.3714397637795277
 20
-0.1856147244094488
 30
0
 11
2.3714962992125983
 21
-0.1856637401574803
 31
0
  0
LINE
  5
448
330
1A
100
AcDbEntity
  8
BLACK
  6
CONTINUOUS
100
AcDbLine
 10
2.3714962992125983
 20
-0.1856637401574803
 30
0
 11
2.3717878740157481
 21
-0.1858472834645669
 31
0
  0
LINE
  5
449
330
1A
100
AcDbEntity
  8
BLACK
  6
CONTINUOUS
100
AcDbLine
 10
2.3717878740157481
 20
-0.1858472834645669
 30
0
 11
2.3718522440944882
 21
-0.1859214960629921
 31
0
  0
LINE
  5
44A
330
1A
100
AcDbEntity
  8
BLACK
  6
CONTINUOUS
100
AcDbLine
 10
2.3718522440944882
 20
-0.1859214960629921
 30
0
 11
2.3719166141732284
 21
-0.1858472834645669
 31
0
  0
LINE
  5
44B
330
1A
100
AcDbEntity
  8
BLACK
  6
CONTINUOUS
100
AcDbLine
 10
2.3719166141732284
 20
-0.1858472834645669
 30
0
 11
2.372208149606299
 21
-0.1856637401574803
 31
0
  0
LINE
  5
44C
330
1A
100
AcDbEntity
  8
BLACK
  6
CONTINUOUS
100
AcDbLine
 10
2.372208149606299
 20
-0.1856637401574803
 30
0
 11
2.3722647244094488
 21
-0.1856147244094488
 31
0
  0
LINE
  5
44D
330
1A
100
AcDbEntity
  8
BLACK
  6
CONTINUOUS
100
AcDbLine
 10
2.3722647244094488
 20
-0.1856147244094488
 30
0
 11
2.372310118110236
 21
-0.1855995669291338
 31
0
  0
LINE
  5
44E
330
1A
100
AcDbEntity
  8
BLACK
  6
CONTINUOUS
100
AcDbLine
 10
2.372310118110236
 20
-0.1855995669291338
 30
0
 11
2.3724064960629923
 21
-0.185538937007874
 31
0
  0
LINE
  5
44F
330
1A
100
AcDbEntity
  8
BLACK
  6
CONTINUOUS
100
AcDbLine
 10
2.3724064960629923
 20
-0.185538937007874
 30
0
 11
2.3761560236220474
 21
-0.1836641732283464
 31
0
  0
LINE
  5
450
330
1A
100
AcDbEntity
  8
BLACK
  6
CONTINUOUS
100
AcDbLine
 10
2.3761560236220474
 20
-0.1836641732283464
 30
0
 11
2.3766966141732282
 21
-0.1834572834645669
 31
0
  0
LINE
  5
451
330
1A
100
AcDbEntity
  8
BLACK
  6
CONTINUOUS
100
AcDbLine
 10
2.3766966141732282
 20
-0.1834572834645669
 30
0
 11
2.3768024803149608
 21
-0.1834497244094488
 31
0
  0
LINE
  5
452
330
1A
100
AcDbEntity
  8
BLACK
  6
CONTINUOUS
100
AcDbLine
 10
2.3768024803149608
 20
-0.1834497244094488
 30
0
 11
2.376900472440945
 21
-0.1834091732283465
 31
0
  0
LINE
  5
453
330
1A
100
AcDbEntity
  8
BLACK
  6
CONTINUOUS
100
AcDbLine
 10
2.376900472440945
 20
-0.1834091732283465
 30
0
 11
2.3774765354330709
 21
-0.1833524409448819
 31
0
  0
LINE
  5
454
330
1A
100
AcDbEntity
  8
BLACK
  6
CONTINUOUS
100
AcDbLine
 10
2.3774765354330709
 20
-0.1833524409448819
 30
0
 11
2.3831008267716536
 21
-0.1833524409448819
 31
0
  0
LINE
  5
455
330
1A
100
AcDbEntity
  8
BLACK
  6
CONTINUOUS
100
AcDbLine
 10
2.3831008267716536
 20
-0.1833524409448819
 30
0
 11
2.3836768897637794
 21
-0.1834091732283465
 31
0
  0
LINE
  5
456
330
1A
100
AcDbEntity
  8
BLACK
  6
CONTINUOUS
100
AcDbLine
 10
2.3836768897637794
 20
-0.1834091732283465
 30
0
 11
2.3837748818897637
 21
-0.1834497637795275
 31
0
  0
LINE
  5
457
330
1A
100
AcDbEntity
  8
BLACK
  6
CONTINUOUS
100
AcDbLine
 10
2.3837748818897637
 20
-0.1834497637795275
 30
0
 11
2.3838807086614171
 21
-0.1834572834645669
 31
0
  0
LINE
  5
458
330
1A
100
AcDbEntity
  8
BLACK
  6
CONTINUOUS
100
AcDbLine
 10
2.3838807086614171
 20
-0.1834572834645669
 30
0
 11
2.3844213385826771
 21
-0.1836641732283464
 31
0
  0
LINE
  5
459
330
1A
100
AcDbEntity
  8
BLACK
  6
CONTINUOUS
100
AcDbLine
 10
2.3844213385826771
 20
-0.1836641732283464
 30
0
 11
2.388170905511811
 21
-0.185538937007874
 31
0
  0
LINE
  5
45A
330
1A
100
AcDbEntity
  8
BLACK
  6
CONTINUOUS
100
AcDbLine
 10
2.388170905511811
 20
-0.185538937007874
 30
0
 11
2.3882672047244093
 21
-0.1855995669291338
 31
0
  0
LINE
  5
45B
330
1A
100
AcDbEntity
  8
BLACK
  6
CONTINUOUS
100
AcDbLine
 10
2.3882672047244093
 20
-0.1855995669291338
 30
0
 11
2.3883126771653544
 21
-0.1856147244094488
 31
0
  0
LINE
  5
45C
330
1A
100
AcDbEntity
  8
BLACK
  6
CONTINUOUS
100
AcDbLine
 10
2.3883126771653544
 20
-0.1856147244094488
 30
0
 11
2.3883692519685038
 21
-0.1856637795275591
 31
0
  0
LINE
  5
45D
330
1A
100
AcDbEntity
  8
BLACK
  6
CONTINUOUS
100
AcDbLine
 10
2.3883692519685038
 20
-0.1856637795275591
 30
0
 11
2.3886607480314961
 21
-0.1858472834645669
 31
0
  0
LINE
  5
45E
330
1A
100
AcDbEntity
  8
BLACK
  6
CONTINUOUS
100
AcDbLine
 10
2.3886607480314961
 20
-0.1858472834645669
 30
0
 11
2.3889032283464569
 21
-0.1861268897637795
 31
0
  0
LINE
  5
45F
330
1A
100
AcDbEntity
  8
BLACK
  6
CONTINUOUS
100
AcDbLine
 10
2.3889032283464569
 20
-0.1861268897637795
 30
0
 11
2.3891830708661415
 21
-0.1863695669291339
 31
0
  0
LINE
  5
460
330
1A
100
AcDbEntity
  8
BLACK
  6
CONTINUOUS
100
AcDbLine
 10
2.3891830708661415
 20
-0.1863695669291339
 30
0
 11
2.3893665748031494
 21
-0.1866611023622047
 31
0
  0
LINE
  5
461
330
1A
100
AcDbEntity
  8
BLACK
  6
CONTINUOUS
100
AcDbLine
 10
2.3893665748031494
 20
-0.1866611023622047
 30
0
 11
2.3894156299212597
 21
-0.1867176771653543
 31
0
  0
LINE
  5
462
330
1A
100
AcDbEntity
  8
BLACK
  6
CONTINUOUS
100
AcDbLine
 10
2.3894156299212597
 20
-0.1867176771653543
 30
0
 11
2.3894307480314958
 21
-0.1867630708661417
 31
0
  0
LINE
  5
463
330
1A
100
AcDbEntity
  8
BLACK
  6
CONTINUOUS
100
AcDbLine
 10
2.3894307480314958
 20
-0.1867630708661417
 30
0
 11
2.3894914173228345
 21
-0.1868594488188976
 31
0
  0
LINE
  5
464
330
1A
100
AcDbEntity
  8
BLACK
  6
CONTINUOUS
100
AcDbLine
 10
2.3894914173228345
 20
-0.1868594488188976
 30
0
 11
2.3913661811023621
 21
-0.1906089763779527
 31
0
  0
LINE
  5
465
330
1A
100
AcDbEntity
  8
BLACK
  6
CONTINUOUS
100
AcDbLine
 10
2.3913661811023621
 20
-0.1906089763779527
 30
0
 11
2.3915730708661416
 21
-0.1911495669291338
 31
0
  0
LINE
  5
466
330
1A
100
AcDbEntity
  8
BLACK
  6
CONTINUOUS
100
AcDbLine
 10
2.3915730708661416
 20
-0.1911495669291338
 30
0
 11
2.3915805905511811
 21
-0.1912554330708661
 31
0
  0
LINE
  5
467
330
1A
100
AcDbEntity
  8
BLACK
  6
CONTINUOUS
100
AcDbLine
 10
2.3915805905511811
 20
-0.1912554330708661
 30
0
 11
2.3916211811023622
 21
-0.1913534251968504
 31
0
  0
LINE
  5
468
330
1A
100
AcDbEntity
  8
BLACK
  6
CONTINUOUS
100
AcDbLine
 10
2.3916211811023622
 20
-0.1913534251968504
 30
0
 11
2.3916779133858266
 21
-0.1919294881889764
 31
0
  0
LINE
  5
469
330
1A
100
AcDbEntity
  8
BLACK
  6
CONTINUOUS
100
AcDbLine
 10
2.3916779133858266
 20
-0.1919294881889764
 30
0
 11
2.3916779133858266
 21
-0.2125519291338583
 31
0
  0
LINE
  5
46A
330
1A
100
AcDbEntity
  8
BLACK
  6
CONTINUOUS
100
AcDbLine
 10
2.3916779133858266
 20
-0.2125519291338583
 30
0
 11
2.3916211811023622
 21
-0.2131279921259842
 31
0
  0
LINE
  5
46B
330
1A
100
AcDbEntity
  8
BLACK
  6
CONTINUOUS
100
AcDbLine
 10
2.3916211811023622
 20
-0.2131279921259842
 30
0
 11
2.3911802755905511
 21
-0.2141924015748032
 31
0
  0
LINE
  5
46C
330
1A
100
AcDbEntity
  8
BLACK
  6
CONTINUOUS
100
AcDbLine
 10
2.3911802755905511
 20
-0.2141924015748032
 30
0
 11
2.3903656299212597
 21
-0.2150070472440945
 31
0
  0
LINE
  5
46D
330
1A
100
AcDbEntity
  8
BLACK
  6
CONTINUOUS
100
AcDbLine
 10
2.3903656299212597
 20
-0.2150070472440945
 30
0
 11
2.3893012204724409
 21
-0.2154479527559055
 31
0
  0
LINE
  5
46E
330
1A
100
AcDbEntity
  8
BLACK
  6
CONTINUOUS
100
AcDbLine
 10
2.3893012204724409
 20
-0.2154479527559055
 30
0
 11
2.3881490944881891
 21
-0.2154479527559055
 31
0
  0
LINE
  5
46F
330
1A
100
AcDbEntity
  8
BLACK
  6
CONTINUOUS
100
AcDbLine
 10
2.3881490944881891
 20
-0.2154479527559055
 30
0
 11
2.3870846850393699
 21
-0.2150070472440945
 31
0
  0
LINE
  5
470
330
1A
100
AcDbEntity
  8
BLACK
  6
CONTINUOUS
100
AcDbLine
 10
2.3870846850393699
 20
-0.2150070472440945
 30
0
 11
2.3862700393700789
 21
-0.2141924015748032
 31
0
  0
LINE
  5
471
330
1A
100
AcDbEntity
  8
BLACK
  6
CONTINUOUS
100
AcDbLine
 10
2.3862700393700789
 20
-0.2141924015748032
 30
0
 11
2.3858291338582678
 21
-0.2131279921259842
 31
0
  0
LINE
  5
472
330
1A
100
AcDbEntity
  8
BLACK
  6
CONTINUOUS
100
AcDbLine
 10
2.3858291338582678
 20
-0.2131279921259842
 30
0
 11
2.385772401574803
 21
-0.2125519291338583
 31
0
  0
LINE
  5
473
330
1A
100
AcDbEntity
  8
BLACK
  6
CONTINUOUS
100
AcDbLine
 10
2.385772401574803
 20
-0.2125519291338583
 30
0
 11
2.385772401574803
 21
-0.1926265354330709
 31
0
  0
LINE
  5
474
330
1A
100
AcDbEntity
  8
BLACK
  6
CONTINUOUS
100
AcDbLine
 10
2.385772401574803
 20
-0.1926265354330709
 30
0
 11
2.3846495275590551
 21
-0.1903807874015748
 31
0
  0
LINE
  5
475
330
1A
100
AcDbEntity
  8
BLACK
  6
CONTINUOUS
100
AcDbLine
 10
2.3846495275590551
 20
-0.1903807874015748
 30
0
 11
2.382403779527559
 21
-0.1892579527559055
 31
0
  0
LINE
  5
476
330
1A
100
AcDbEntity
  8
BLACK
  6
CONTINUOUS
100
AcDbLine
 10
2.382403779527559
 20
-0.1892579527559055
 30
0
 11
2.3781735826771655
 21
-0.1892579527559055
 31
0
  0
LINE
  5
477
330
1A
100
AcDbEntity
  8
BLACK
  6
CONTINUOUS
100
AcDbLine
 10
2.3781735826771655
 20
-0.1892579527559055
 30
0
 11
2.3759278346456694
 21
-0.1903807874015748
 31
0
  0
LINE
  5
478
330
1A
100
AcDbEntity
  8
BLACK
  6
CONTINUOUS
100
AcDbLine
 10
2.3759278346456694
 20
-0.1903807874015748
 30
0
 11
2.3748049999999998
 21
-0.1926265354330709
 31
0
  0
LINE
  5
479
330
1A
100
AcDbEntity
  8
BLACK
  6
CONTINUOUS
100
AcDbLine
 10
2.3748049999999998
 20
-0.1926265354330709
 30
0
 11
2.3748049999999998
 21
-0.2125519291338583
 31
0
  0
LINE
  5
47A
330
1A
100
AcDbEntity
  8
BLACK
  6
CONTINUOUS
100
AcDbLine
 10
2.3748049999999998
 20
-0.2125519291338583
 30
0
 11
2.3747482677165355
 21
-0.2131279921259842
 31
0
  0
LINE
  5
47B
330
1A
100
AcDbEntity
  8
BLACK
  6
CONTINUOUS
100
AcDbLine
 10
2.3747482677165355
 20
-0.2131279921259842
 30
0
 11
2.3743073622047244
 21
-0.2141924015748032
 31
0
  0
LINE
  5
47C
330
1A
100
AcDbEntity
  8
BLACK
  6
CONTINUOUS
100
AcDbLine
 10
2.3743073622047244
 20
-0.2141924015748032
 30
0
 11
2.3734927165354329
 21
-0.2150070472440945
 31
0
  0
LINE
  5
47D
330
1A
100
AcDbEntity
  8
BLACK
  6
CONTINUOUS
100
AcDbLine
 10
2.3734927165354329
 20
-0.2150070472440945
 30
0
 11
2.3724283070866141
 21
-0.2154479527559055
 31
0
  0
LINE
  5
47E
330
1A
100
AcDbEntity
  8
BLACK
  6
CONTINUOUS
100
AcDbLine
 10
2.3724283070866141
 20
-0.2154479527559055
 30
0
 11
2.3712761811023619
 21
-0.2154479527559055
 31
0
  0
LINE
  5
47F
330
1A
100
AcDbEntity
  8
BLACK
  6
CONTINUOUS
100
AcDbLine
 10
2.3712761811023619
 20
-0.2154479527559055
 30
0
 11
2.3702117716535431
 21
-0.2150070472440945
 31
0
  0
LINE
  5
480
330
1A
100
AcDbEntity
  8
BLACK
  6
CONTINUOUS
100
AcDbLine
 10
2.3702117716535431
 20
-0.2150070472440945
 30
0
 11
2.3693971259842521
 21
-0.2141924015748032
 31
0
  0
LINE
  5
481
330
1A
100
AcDbEntity
  8
BLACK
  6
CONTINUOUS
100
AcDbLine
 10
2.3693971259842521
 20
-0.2141924015748032
 30
0
 11
2.368956220472441
 21
-0.2131279921259842
 31
0
  0
LINE
  5
482
330
1A
100
AcDbEntity
  8
BLACK
  6
CONTINUOUS
100
AcDbLine
 10
2.368956220472441
 20
-0.2131279921259842
 30
0
 11
2.3688994881889762
 21
-0.2125519291338583
 31
0
  0
LINE
  5
483
330
1A
100
AcDbEntity
  8
BLACK
  6
CONTINUOUS
100
AcDbLine
 10
2.3688994881889762
 20
-0.2125519291338583
 30
0
 11
2.3688994881889762
 21
-0.1926265354330709
 31
0
  0
LINE
  5
484
330
1A
100
AcDbEntity
  8
BLACK
  6
CONTINUOUS
100
AcDbLine
 10
2.3688994881889762
 20
-0.1926265354330709
 30
0
 11
2.3677766141732284
 21
-0.1903807874015748
 31
0
  0
LINE
  5
485
330
1A
100
AcDbEntity
  8
BLACK
  6
CONTINUOUS
100
AcDbLine
 10
2.3677766141732284
 20
-0.1903807874015748
 30
0
 11
2.365530905511811
 21
-0.1892579527559055
 31
0
  0
LINE
  5
486
330
1A
100
AcDbEntity
  8
BLACK
  6
CONTINUOUS
100
AcDbLine
 10
2.365530905511811
 20
-0.1892579527559055
 30
0
 11
2.3613007086614171
 21
-0.1892579527559055
 31
0
  0
LINE
  5
487
330
1A
100
AcDbEntity
  8
BLACK
  6
CONTINUOUS
100
AcDbLine
 10
2.3613007086614171
 20
-0.1892579527559055
 30
0
 11
2.3586032283464569
 21
-0.1906066929133858
 31
0
  0
LINE
  5
488
330
1A
100
AcDbEntity
  8
BLACK
  6
CONTINUOUS
100
AcDbLine
 10
2.3586032283464569
 20
-0.1906066929133858
 30
0
 11
2.3579321259842518
 21
-0.1912777952755906
 31
0
  0
LINE
  5
489
330
1A
100
AcDbEntity
  8
BLACK
  6
CONTINUOUS
100
AcDbLine
 10
2.3579321259842518
 20
-0.1912777952755906
 30
0
 11
2.3579321259842518
 21
-0.2125519291338583
 31
0
  0
LINE
  5
48A
330
1A
100
AcDbEntity
  8
BLACK
  6
CONTINUOUS
100
AcDbLine
 10
2.3579321259842518
 20
-0.2125519291338583
 30
0
 11
2.3578753937007875
 21
-0.2131279921259842
 31
0
  0
LINE
  5
48B
330
1A
100
AcDbEntity
  8
BLACK
  6
CONTINUOUS
100
AcDbLine
 10
2.3578753937007875
 20
-0.2131279921259842
 30
0
 11
2.3574344881889764
 21
-0.2141924015748032
 31
0
  0
LINE
  5
48C
330
1A
100
AcDbEntity
  8
BLACK
  6
CONTINUOUS
100
AcDbLine
 10
2.3574344881889764
 20
-0.2141924015748032
 30
0
 11
2.3566198425196849
 21
-0.2150070472440945
 31
0
  0
LINE
  5
48D
330
1A
100
AcDbEntity
  8
BLACK
  6
CONTINUOUS
100
AcDbLine
 10
2.3566198425196849
 20
-0.2150070472440945
 30
0
 11
2.3555554330708661
 21
-0.2154479527559055
 31
0
  0
LINE
  5
48E
330
1A
100
AcDbEntity
  8
BLACK
  6
CONTINUOUS
100
AcDbLine
 10
2.3555554330708661
 20
-0.2154479527559055
 30
0
 11
2.3544033070866139
 21
-0.2154479527559055
 31
0
  0
LINE
  5
48F
330
1A
100
AcDbEntity
  8
BLACK
  6
CONTINUOUS
100
AcDbLine
 10
2.3544033070866139
 20
-0.2154479527559055
 30
0
 11
2.3533388976377951
 21
-0.2150070472440945
 31
0
  0
LINE
  5
490
330
1A
100
AcDbEntity
  8
BLACK
  6
CONTINUOUS
100
AcDbLine
 10
2.3533388976377951
 20
-0.2150070472440945
 30
0
 11
2.3525242519685037
 21
-0.2141924015748032
 31
0
  0
LINE
  5
491
330
1A
100
AcDbEntity
  8
BLACK
  6
CONTINUOUS
100
AcDbLine
 10
2.3525242519685037
 20
-0.2141924015748032
 30
0
 11
2.352083346456693
 21
-0.2131279921259842
 31
0
  0
LINE
  5
492
330
1A
100
AcDbEntity
  8
BLACK
  6
CONTINUOUS
100
AcDbLine
 10
2.352083346456693
 20
-0.2131279921259842
 30
0
 11
2.3520266141732282
 21
-0.2125519291338583
 31
0
  0
LINE
  5
493
330
1A
100
AcDbEntity
  8
BLACK
  6
CONTINUOUS
100
AcDbLine
 10
2.3520266141732282
 20
-0.2125519291338583
 30
0
 11
2.3520266141732282
 21
-0.1863051968503937
 31
0
  0
LINE
  5
494
330
1A
100
AcDbEntity
  8
BLACK
  6
CONTINUOUS
100
AcDbLine
 10
2.3520266141732282
 20
-0.1863051968503937
 30
0
 11
2.352083346456693
 21
-0.1857291338582677
 31
0
  0
LINE
  5
495
330
1A
100
AcDbEntity
  8
BLACK
  6
CONTINUOUS
100
AcDbLine
 10
2.352083346456693
 20
-0.1857291338582677
 30
0
 11
2.3525242519685037
 21
-0.1846647244094488
 31
0
  0
LINE
  5
496
330
1A
100
AcDbEntity
  8
BLACK
  6
CONTINUOUS
100
AcDbLine
 10
2.3525242519685037
 20
-0.1846647244094488
 30
0
 11
2.3533388976377951
 21
-0.1838500787401575
 31
0
  0
LINE
  5
497
330
1A
100
AcDbEntity
  8
BLACK
  6
CONTINUOUS
100
AcDbLine
 10
2.3533388976377951
 20
-0.1838500787401575
 30
0
 11
2.3544033070866139
 21
-0.1834091732283465
 31
0
  0
LINE
  5
498
330
1A
100
AcDbEntity
  8
BLACK
  6
CONTINUOUS
100
AcDbLine
 10
2.3544033070866139
 20
-0.1834091732283465
 30
0
 11
2.3555554330708661
 21
-0.1834091732283465
 31
0
  0
LINE
  5
499
330
1A
100
AcDbEntity
  8
BLACK
  6
CONTINUOUS
100
AcDbLine
 10
2.3555554330708661
 20
-0.1834091732283465
 30
0
 11
2.3566198425196849
 21
-0.1838500787401575
 31
0
  0
LINE
  5
49A
330
1A
100
AcDbEntity
  8
BLACK
  6
CONTINUOUS
100
AcDbLine
 10
2.3566198425196849
 20
-0.1838500787401575
 30
0
 11
2.3573836614173227
 21
-0.1846138976377953
 31
0
  0
LINE
  5
49B
330
1A
100
AcDbEntity
  8
BLACK
  6
CONTINUOUS
100
AcDbLine
 10
2.3573836614173227
 20
-0.1846138976377953
 30
0
 11
2.3592831496062994
 21
-0.1836641732283464
 31
0
  0
LINE
  5
49C
330
1A
100
AcDbEntity
  8
BLACK
  6
CONTINUOUS
100
AcDbLine
 10
2.3592831496062994
 20
-0.1836641732283464
 30
0
 11
2.3598237401574802
 21
-0.1834572834645669
 31
0
  0
LINE
  5
49D
330
1A
100
AcDbEntity
  8
BLACK
  6
CONTINUOUS
100
AcDbLine
 10
2.3598237401574802
 20
-0.1834572834645669
 30
0
 11
2.3599296062992123
 21
-0.1834497244094488
 31
0
  0
LINE
  5
49E
330
1A
100
AcDbEntity
  8
BLACK
  6
CONTINUOUS
100
AcDbLine
 10
2.3599296062992123
 20
-0.1834497244094488
 30
0
 11
2.3600275984251966
 21
-0.1834091732283465
 31
0
  0
LINE
  5
49F
330
1A
100
AcDbEntity
  8
BLACK
  6
CONTINUOUS
100
AcDbLine
 10
2.3600275984251966
 20
-0.1834091732283465
 30
0
 11
2.3606036614173229
 21
-0.1833524409448819
 31
0
  0
LINE
  5
4A0
330
1A
100
AcDbEntity
  8
BLACK
  6
CONTINUOUS
100
AcDbLine
 10
2.3606036614173229
 20
-0.1833524409448819
 30
0
 11
2.3662279527559056
 21
-0.1833524409448819
 31
0
  0
LINE
  5
4A1
330
1A
100
AcDbEntity
  8
BLACK
  6
CONTINUOUS
100
AcDbLine
 10
2.3662279527559056
 20
-0.1833524409448819
 30
0
 11
2.3668040157480315
 21
-0.1834091732283465
 31
0
  0
LINE
  5
4A2
330
1A
100
AcDbEntity
  8
BLACK
  6
CONTINUOUS
100
AcDbLine
 10
-0.9326070866141732
 20
3.426950433070866
 30
0
 11
-0.9317924409448819
 21
3.4261357874015745
 31
0
  0
LINE
  5
4A3
330
1A
100
AcDbEntity
  8
BLACK
  6
CONTINUOUS
100
AcDbLine
 10
-0.9317924409448819
 20
3.4261357874015745
 30
0
 11
-0.9313515354330708
 21
3.4250713779527557
 31
0
  0
LINE
  5
4A4
330
1A
100
AcDbEntity
  8
BLACK
  6
CONTINUOUS
100
AcDbLine
 10
-0.9313515354330708
 20
3.4250713779527557
 30
0
 11
-0.9312948031496063
 21
3.4244953149606299
 31
0
  0
LINE
  5
4A5
330
1A
100
AcDbEntity
  8
BLACK
  6
CONTINUOUS
100
AcDbLine
 10
-0.9312948031496063
 20
3.4244953149606299
 30
0
 11
-0.9312948031496063
 21
3.3851252362204725
 31
0
  0
LINE
  5
4A6
330
1A
100
AcDbEntity
  8
BLACK
  6
CONTINUOUS
100
AcDbLine
 10
-0.9312948031496063
 20
3.3851252362204725
 30
0
 11
-0.9313515354330708
 21
3.3845491732283466
 31
0
  0
LINE
  5
4A7
330
1A
100
AcDbEntity
  8
BLACK
  6
CONTINUOUS
100
AcDbLine
 10
-0.9313515354330708
 20
3.3845491732283466
 30
0
 11
-0.9317924409448819
 21
3.3834847637795273
 31
0
  0
LINE
  5
4A8
330
1A
100
AcDbEntity
  8
BLACK
  6
CONTINUOUS
100
AcDbLine
 10
-0.9317924409448819
 20
3.3834847637795273
 30
0
 11
-0.9323244488188976
 21
3.3829527559055119
 31
0
  0
LINE
  5
4A9
330
1A
100
AcDbEntity
  8
BLACK
  6
CONTINUOUS
100
AcDbLine
 10
-0.9323244488188976
 20
3.3829527559055119
 30
0
 11
-0.9140079527559055
 21
3.3829527559055119
 31
0
  0
LINE
  5
4AA
330
1A
100
AcDbEntity
  8
BLACK
  6
CONTINUOUS
100
AcDbLine
 10
-0.9140079527559055
 20
3.3829527559055119
 30
0
 11
-0.9168203937007874
 21
3.3843589763779525
 31
0
  0
LINE
  5
4AB
330
1A
100
AcDbEntity
  8
BLACK
  6
CONTINUOUS
100
AcDbLine
 10
-0.9168203937007874
 20
3.3843589763779525
 30
0
 11
-0.9169167716535432
 21
3.3844196456692912
 31
0
  0
LINE
  5
4AC
330
1A
100
AcDbEntity
  8
BLACK
  6
CONTINUOUS
100
AcDbLine
 10
-0.9169167716535432
 20
3.3844196456692912
 30
0
 11
-0.9169621653543307
 21
3.3844347637795273
 31
0
  0
LINE
  5
4AD
330
1A
100
AcDbEntity
  8
BLACK
  6
CONTINUOUS
100
AcDbLine
 10
-0.9169621653543307
 20
3.3844347637795273
 30
0
 11
-0.9170187401574803
 21
3.3844838188976376
 31
0
  0
LINE
  5
4AE
330
1A
100
AcDbEntity
  8
BLACK
  6
CONTINUOUS
100
AcDbLine
 10
-0.9170187401574803
 20
3.3844838188976376
 30
0
 11
-0.9173102755905511
 21
3.3846673228346456
 31
0
  0
LINE
  5
4AF
330
1A
100
AcDbEntity
  8
BLACK
  6
CONTINUOUS
100
AcDbLine
 10
-0.9173102755905511
 20
3.3846673228346456
 30
0
 11
-0.9175529527559055
 21
3.3849471653543306
 31
0
  0
LINE
  5
4B0
330
1A
100
AcDbEntity
  8
BLACK
  6
CONTINUOUS
100
AcDbLine
 10
-0.9175529527559055
 20
3.3849471653543306
 30
0
 11
-0.9178325590551181
 21
3.3851896456692914
 31
0
  0
LINE
  5
4B1
330
1A
100
AcDbEntity
  8
BLACK
  6
CONTINUOUS
100
AcDbLine
 10
-0.9178325590551181
 20
3.3851896456692914
 30
0
 11
-0.918016062992126
 21
3.3854811417322832
 31
0
  0
LINE
  5
4B2
330
1A
100
AcDbEntity
  8
BLACK
  6
CONTINUOUS
100
AcDbLine
 10
-0.918016062992126
 20
3.3854811417322832
 30
0
 11
-0.9180651181102362
 21
3.385537716535433
 31
0
  0
LINE
  5
4B3
330
1A
100
AcDbEntity
  8
BLACK
  6
CONTINUOUS
100
AcDbLine
 10
-0.9180651181102362
 20
3.385537716535433
 30
0
 11
-0.9180802755905512
 21
3.3855831889763777
 31
0
  0
LINE
  5
4B4
330
1A
100
AcDbEntity
  8
BLACK
  6
CONTINUOUS
100
AcDbLine
 10
-0.9180802755905512
 20
3.3855831889763777
 30
0
 11
-0.918140905511811
 21
3.3856794881889765
 31
0
  0
LINE
  5
4B5
330
1A
100
AcDbEntity
  8
BLACK
  6
CONTINUOUS
100
AcDbLine
 10
-0.918140905511811
 20
3.3856794881889765
 30
0
 11
-0.9200156692913386
 21
3.3894290551181103
 31
0
  0
LINE
  5
4B6
330
1A
100
AcDbEntity
  8
BLACK
  6
CONTINUOUS
100
AcDbLine
 10
-0.9200156692913386
 20
3.3894290551181103
 30
0
 11
-0.9202225590551181
 21
3.3899696850393699
 31
0
  0
LINE
  5
4B7
330
1A
100
AcDbEntity
  8
BLACK
  6
CONTINUOUS
100
AcDbLine
 10
-0.9202225590551181
 20
3.3899696850393699
 30
0
 11
-0.9202300787401575
 21
3.3900755118110237
 31
0
  0
LINE
  5
4B8
330
1A
100
AcDbEntity
  8
BLACK
  6
CONTINUOUS
100
AcDbLine
 10
-0.9202300787401575
 20
3.3900755118110237
 30
0
 11
-0.9202706692913386
 21
3.390173503937008
 31
0
  0
LINE
  5
4B9
330
1A
100
AcDbEntity
  8
BLACK
  6
CONTINUOUS
100
AcDbLine
 10
-0.9202706692913386
 20
3.390173503937008
 30
0
 11
-0.9203274015748031
 21
3.3907495669291339
 31
0
  0
LINE
  5
4BA
330
1A
100
AcDbEntity
  8
BLACK
  6
CONTINUOUS
100
AcDbLine
 10
-0.9203274015748031
 20
3.3907495669291339
 30
0
 11
-0.9203274015748031
 21
3.394499094488189
 31
0
  0
LINE
  5
4BB
330
1A
100
AcDbEntity
  8
BLACK
  6
CONTINUOUS
100
AcDbLine
 10
-0.9203274015748031
 20
3.394499094488189
 30
0
 11
-0.9202706692913386
 21
3.3950751574803149
 31
0
  0
LINE
  5
4BC
330
1A
100
AcDbEntity
  8
BLACK
  6
CONTINUOUS
100
AcDbLine
 10
-0.9202706692913386
 20
3.3950751574803149
 30
0
 11
-0.9202300787401575
 21
3.3951731889763779
 31
0
  0
LINE
  5
4BD
330
1A
100
AcDbEntity
  8
BLACK
  6
CONTINUOUS
100
AcDbLine
 10
-0.9202300787401575
 20
3.3951731889763779
 30
0
 11
-0.9202225590551181
 21
3.3952789763779525
 31
0
  0
LINE
  5
4BE
330
1A
100
AcDbEntity
  8
BLACK
  6
CONTINUOUS
100
AcDbLine
 10
-0.9202225590551181
 20
3.3952789763779525
 30
0
 11
-0.9200156692913386
 21
3.3958196062992125
 31
0
  0
LINE
  5
4BF
330
1A
100
AcDbEntity
  8
BLACK
  6
CONTINUOUS
100
AcDbLine
 10
-0.9200156692913386
 20
3.3958196062992125
 30
0
 11
-0.918140905511811
 21
3.3995691338582676
 31
0
  0
LINE
  5
4C0
330
1A
100
AcDbEntity
  8
BLACK
  6
CONTINUOUS
100
AcDbLine
 10
-0.918140905511811
 20
3.3995691338582676
 30
0
 11
-0.9180802755905512
 21
3.3996655118110235
 31
0
  0
LINE
  5
4C1
330
1A
100
AcDbEntity
  8
BLACK
  6
CONTINUOUS
100
AcDbLine
 10
-0.9180802755905512
 20
3.3996655118110235
 30
0
 11
-0.9180651181102362
 21
3.3997109055118111
 31
0
  0
LINE
  5
4C2
330
1A
100
AcDbEntity
  8
BLACK
  6
CONTINUOUS
100
AcDbLine
 10
-0.9180651181102362
 20
3.3997109055118111
 30
0
 11
-0.9180161023622047
 21
3.3997674803149605
 31
0
  0
LINE
  5
4C3
330
1A
100
AcDbEntity
  8
BLACK
  6
CONTINUOUS
100
AcDbLine
 10
-0.9180161023622047
 20
3.3997674803149605
 30
0
 11
-0.9178325590551181
 21
3.4000590157480315
 31
0
  0
LINE
  5
4C4
330
1A
100
AcDbEntity
  8
BLACK
  6
CONTINUOUS
100
AcDbLine
 10
-0.9178325590551181
 20
3.4000590157480315
 30
0
 11
-0.917552874015748
 21
3.4003016141732281
 31
0
  0
LINE
  5
4C5
330
1A
100
AcDbEntity
  8
BLACK
  6
CONTINUOUS
100
AcDbLine
 10
-0.917552874015748
 20
3.4003016141732281
 30
0
 11
-0.9173102755905511
 21
3.4005812992125986
 31
0
  0
LINE
  5
4C6
330
1A
100
AcDbEntity
  8
BLACK
  6
CONTINUOUS
100
AcDbLine
 10
-0.9173102755905511
 20
3.4005812992125986
 30
0
 11
-0.9170187401574803
 21
3.4007648425196848
 31
0
  0
LINE
  5
4C7
330
1A
100
AcDbEntity
  8
BLACK
  6
CONTINUOUS
100
AcDbLine
 10
-0.9170187401574803
 20
3.4007648425196848
 30
0
 11
-0.9169621653543307
 21
3.4008138582677163
 31
0
  0
LINE
  5
4C8
330
1A
100
AcDbEntity
  8
BLACK
  6
CONTINUOUS
100
AcDbLine
 10
-0.9169621653543307
 20
3.4008138582677163
 30
0
 11
-0.9169167716535432
 21
3.4008290157480312
 31
0
  0
LINE
  5
4C9
330
1A
100
AcDbEntity
  8
BLACK
  6
CONTINUOUS
100
AcDbLine
 10
-0.9169167716535432
 20
3.4008290157480312
 30
0
 11
-0.9168203937007874
 21
3.4008896456692912
 31
0
  0
LINE
  5
4CA
330
1A
100
AcDbEntity
  8
BLACK
  6
CONTINUOUS
100
AcDbLine
 10
-0.9168203937007874
 20
3.4008896456692912
 30
0
 11
-0.9130708661417323
 21
3.4027644094488187
 31
0
  0
LINE
  5
4CB
330
1A
100
AcDbEntity
  8
BLACK
  6
CONTINUOUS
100
AcDbLine
 10
-0.9130708661417323
 20
3.4027644094488187
 30
0
 11
-0.9125302755905511
 21
3.4029712992125982
 31
0
  0
LINE
  5
4CC
330
1A
100
AcDbEntity
  8
BLACK
  6
CONTINUOUS
100
AcDbLine
 10
-0.9125302755905511
 20
3.4029712992125982
 30
0
 11
-0.9124244094488189
 21
3.4029788582677165
 31
0
  0
LINE
  5
4CD
330
1A
100
AcDbEntity
  8
BLACK
  6
CONTINUOUS
100
AcDbLine
 10
-0.9124244094488189
 20
3.4029788582677165
 30
0
 11
-0.9123264173228346
 21
3.4030194094488189
 31
0
  0
LINE
  5
4CE
330
1A
100
AcDbEntity
  8
BLACK
  6
CONTINUOUS
100
AcDbLine
 10
-0.9123264173228346
 20
3.4030194094488189
 30
0
 11
-0.9117503543307086
 21
3.4030761417322832
 31
0
  0
LINE
  5
4CF
330
1A
100
AcDbEntity
  8
BLACK
  6
CONTINUOUS
100
AcDbLine
 10
-0.9117503543307086
 20
3.4030761417322832
 30
0
 11
-0.9030735826771653
 21
3.4030761417322832
 31
0
  0
LINE
  5
4D0
330
1A
100
AcDbEntity
  8
BLACK
  6
CONTINUOUS
100
AcDbLine
 10
-0.9030735826771653
 20
3.4030761417322832
 30
0
 11
-0.9015797637795275
 21
3.4038230708661414
 31
0
  0
LINE
  5
4D1
330
1A
100
AcDbEntity
  8
BLACK
  6
CONTINUOUS
100
AcDbLine
 10
-0.9015797637795275
 20
3.4038230708661414
 30
0
 11
-0.9015797637795275
 21
3.4050506299212597
 31
0
  0
LINE
  5
4D2
330
1A
100
AcDbEntity
  8
BLACK
  6
CONTINUOUS
100
AcDbLine
 10
-0.9015797637795275
 20
3.4050506299212597
 30
0
 11
-0.9027026377952756
 21
3.4072963779527559
 31
0
  0
LINE
  5
4D3
330
1A
100
AcDbEntity
  8
BLACK
  6
CONTINUOUS
100
AcDbLine
 10
-0.9027026377952756
 20
3.4072963779527559
 30
0
 11
-0.9049483464566929
 21
3.408419212598425
 31
0
  0
LINE
  5
4D4
330
1A
100
AcDbEntity
  8
BLACK
  6
CONTINUOUS
100
AcDbLine
 10
-0.9049483464566929
 20
3.408419212598425
 30
0
 11
-0.9110533070866141
 21
3.408419212598425
 31
0
  0
LINE
  5
4D5
330
1A
100
AcDbEntity
  8
BLACK
  6
CONTINUOUS
100
AcDbLine
 10
-0.9110533070866141
 20
3.408419212598425
 30
0
 11
-0.9141793700787402
 21
3.4068561811023623
 31
0
  0
LINE
  5
4D6
330
1A
100
AcDbEntity
  8
BLACK
  6
CONTINUOUS
100
AcDbLine
 10
-0.9141793700787402
 20
3.4068561811023623
 30
0
 11
-0.91472
 21
3.4066492913385824
 31
0
  0
LINE
  5
4D7
330
1A
100
AcDbEntity
  8
BLACK
  6
CONTINUOUS
100
AcDbLine
 10
-0.91472
 20
3.4066492913385824
 30
0
 11
-0.9158692125984251
 21
3.4065676377952756
 31
0
  0
LINE
  5
4D8
330
1A
100
AcDbEntity
  8
BLACK
  6
CONTINUOUS
100
AcDbLine
 10
-0.9158692125984251
 20
3.4065676377952756
 30
0
 11
-0.9169621653543307
 21
3.4069319685039368
 31
0
  0
LINE
  5
4D9
330
1A
100
AcDbEntity
  8
BLACK
  6
CONTINUOUS
100
AcDbLine
 10
-0.9169621653543307
 20
3.4069319685039368
 30
0
 11
-0.9178325590551181
 21
3.407686811023622
 31
0
  0
LINE
  5
4DA
330
1A
100
AcDbEntity
  8
BLACK
  6
CONTINUOUS
100
AcDbLine
 10
-0.9178325590551181
 20
3.407686811023622
 30
0
 11
-0.9183477952755905
 21
3.4087173228346455
 31
0
  0
LINE
  5
4DB
330
1A
100
AcDbEntity
  8
BLACK
  6
CONTINUOUS
100
AcDbLine
 10
-0.9183477952755905
 20
3.4087173228346455
 30
0
 11
-0.9184294488188977
 21
3.4098665354330708
 31
0
  0
LINE
  5
4DC
330
1A
100
AcDbEntity
  8
BLACK
  6
CONTINUOUS
100
AcDbLine
 10
-0.9184294488188977
 20
3.4098665354330708
 30
0
 11
-0.9180651181102362
 21
3.4109594881889764
 31
0
  0
LINE
  5
4DD
330
1A
100
AcDbEntity
  8
BLACK
  6
CONTINUOUS
100
AcDbLine
 10
-0.9180651181102362
 20
3.4109594881889764
 30
0
 11
-0.9173102755905511
 21
3.4118298818897639
 31
0
  0
LINE
  5
4DE
330
1A
100
AcDbEntity
  8
BLACK
  6
CONTINUOUS
100
AcDbLine
 10
-0.9173102755905511
 20
3.4118298818897639
 30
0
 11
-0.9168203937007874
 21
3.4121382283464565
 31
0
  0
LINE
  5
4DF
330
1A
100
AcDbEntity
  8
BLACK
  6
CONTINUOUS
100
AcDbLine
 10
-0.9168203937007874
 20
3.4121382283464565
 30
0
 11
-0.9130708661417323
 21
3.4140129921259841
 31
0
  0
LINE
  5
4E0
330
1A
100
AcDbEntity
  8
BLACK
  6
CONTINUOUS
100
AcDbLine
 10
-0.9130708661417323
 20
3.4140129921259841
 30
0
 11
-0.9125302755905511
 21
3.4142198818897636
 31
0
  0
LINE
  5
4E1
330
1A
100
AcDbEntity
  8
BLACK
  6
CONTINUOUS
100
AcDbLine
 10
-0.9125302755905511
 20
3.4142198818897636
 30
0
 11
-0.9124244094488189
 21
3.4142274409448818
 31
0
  0
LINE
  5
4E2
330
1A
100
AcDbEntity
  8
BLACK
  6
CONTINUOUS
100
AcDbLine
 10
-0.9124244094488189
 20
3.4142274409448818
 30
0
 11
-0.9123264173228346
 21
3.4142679921259842
 31
0
  0
LINE
  5
4E3
330
1A
100
AcDbEntity
  8
BLACK
  6
CONTINUOUS
100
AcDbLine
 10
-0.9123264173228346
 20
3.4142679921259842
 30
0
 11
-0.9117503543307086
 21
3.4143247244094486
 31
0
  0
LINE
  5
4E4
330
1A
100
AcDbEntity
  8
BLACK
  6
CONTINUOUS
100
AcDbLine
 10
-0.9117503543307086
 20
3.4143247244094486
 30
0
 11
-0.9042512992125984
 21
3.4143247244094486
 31
0
  0
LINE
  5
4E5
330
1A
100
AcDbEntity
  8
BLACK
  6
CONTINUOUS
100
AcDbLine
 10
-0.9042512992125984
 20
3.4143247244094486
 30
0
 11
-0.9036752362204724
 21
3.4142679921259842
 31
0
  0
LINE
  5
4E6
330
1A
100
AcDbEntity
  8
BLACK
  6
CONTINUOUS
100
AcDbLine
 10
-0.9036752362204724
 20
3.4142679921259842
 30
0
 11
-0.9035772440944881
 21
3.4142274015748031
 31
0
  0
LINE
  5
4E7
330
1A
100
AcDbEntity
  8
BLACK
  6
CONTINUOUS
100
AcDbLine
 10
-0.9035772440944881
 20
3.4142274015748031
 30
0
 11
-0.9034714173228346
 21
3.4142198818897636
 31
0
  0
LINE
  5
4E8
330
1A
100
AcDbEntity
  8
BLACK
  6
CONTINUOUS
100
AcDbLine
 10
-0.9034714173228346
 20
3.4142198818897636
 30
0
 11
-0.9029307874015747
 21
3.4140129921259841
 31
0
  0
LINE
  5
4E9
330
1A
100
AcDbEntity
  8
BLACK
  6
CONTINUOUS
100
AcDbLine
 10
-0.9029307874015747
 20
3.4140129921259841
 30
0
 11
-0.8991812598425196
 21
3.4121382283464565
 31
0
  0
LINE
  5
4EA
330
1A
100
AcDbEntity
  8
BLACK
  6
CONTINUOUS
100
AcDbLine
 10
-0.8991812598425196
 20
3.4121382283464565
 30
0
 11
-0.8990849212598425
 21
3.412077598425197
 31
0
  0
LINE
  5
4EB
330
1A
100
AcDbEntity
  8
BLACK
  6
CONTINUOUS
100
AcDbLine
 10
-0.8990849212598425
 20
3.412077598425197
 30
0
 11
-0.8990394881889764
 21
3.4120624409448816
 31
0
  0
LINE
  5
4EC
330
1A
100
AcDbEntity
  8
BLACK
  6
CONTINUOUS
100
AcDbLine
 10
-0.8990394881889764
 20
3.4120624409448816
 30
0
 11
-0.8989829527559055
 21
3.4120134251968501
 31
0
  0
LINE
  5
4ED
330
1A
100
AcDbEntity
  8
BLACK
  6
CONTINUOUS
100
AcDbLine
 10
-0.8989829527559055
 20
3.4120134251968501
 30
0
 11
-0.8986913779527559
 21
3.4118298818897639
 31
0
  0
LINE
  5
4EE
330
1A
100
AcDbEntity
  8
BLACK
  6
CONTINUOUS
100
AcDbLine
 10
-0.8986913779527559
 20
3.4118298818897639
 30
0
 11
-0.8984488188976377
 21
3.4115501968503934
 31
0
  0
LINE
  5
4EF
330
1A
100
AcDbEntity
  8
BLACK
  6
CONTINUOUS
100
AcDbLine
 10
-0.8984488188976377
 20
3.4115501968503934
 30
0
 11
-0.8981690944881889
 21
3.4113075984251968
 31
0
  0
LINE
  5
4F0
330
1A
100
AcDbEntity
  8
BLACK
  6
CONTINUOUS
100
AcDbLine
 10
-0.8981690944881889
 20
3.4113075984251968
 30
0
 11
-0.8979855905511811
 21
3.4110160629921258
 31
0
  0
LINE
  5
4F1
330
1A
100
AcDbEntity
  8
BLACK
  6
CONTINUOUS
100
AcDbLine
 10
-0.8979855905511811
 20
3.4110160629921258
 30
0
 11
-0.8979365354330708
 21
3.4109594881889764
 31
0
  0
LINE
  5
4F2
330
1A
100
AcDbEntity
  8
BLACK
  6
CONTINUOUS
100
AcDbLine
 10
-0.8979365354330708
 20
3.4109594881889764
 30
0
 11
-0.8979214173228346
 21
3.4109140944881888
 31
0
  0
LINE
  5
4F3
330
1A
100
AcDbEntity
  8
BLACK
  6
CONTINUOUS
100
AcDbLine
 10
-0.8979214173228346
 20
3.4109140944881888
 30
0
 11
-0.8978607480314961
 21
3.410817716535433
 31
0
  0
LINE
  5
4F4
330
1A
100
AcDbEntity
  8
BLACK
  6
CONTINUOUS
100
AcDbLine
 10
-0.8978607480314961
 20
3.410817716535433
 30
0
 11
-0.8959859842519685
 21
3.4070681889763779
 31
0
  0
LINE
  5
4F5
330
1A
100
AcDbEntity
  8
BLACK
  6
CONTINUOUS
100
AcDbLine
 10
-0.8959859842519685
 20
3.4070681889763779
 30
0
 11
-0.8957790944881889
 21
3.4065275984251966
 31
0
  0
LINE
  5
4F6
330
1A
100
AcDbEntity
  8
BLACK
  6
CONTINUOUS
100
AcDbLine
 10
-0.8957790944881889
 20
3.4065275984251966
 30
0
 11
-0.8957715748031496
 21
3.4064217322834645
 31
0
  0
LINE
  5
4F7
330
1A
100
AcDbEntity
  8
BLACK
  6
CONTINUOUS
100
AcDbLine
 10
-0.8957715748031496
 20
3.4064217322834645
 30
0
 11
-0.8957309842519685
 21
3.4063237401574802
 31
0
  0
LINE
  5
4F8
330
1A
100
AcDbEntity
  8
BLACK
  6
CONTINUOUS
100
AcDbLine
 10
-0.8957309842519685
 20
3.4063237401574802
 30
0
 11
-0.8956742519685039
 21
3.4057476771653543
 31
0
  0
LINE
  5
4F9
330
1A
100
AcDbEntity
  8
BLACK
  6
CONTINUOUS
100
AcDbLine
 10
-0.8956742519685039
 20
3.4057476771653543
 30
0
 11
-0.8956742519685039
 21
3.3851252362204725
 31
0
  0
LINE
  5
4FA
330
1A
100
AcDbEntity
  8
BLACK
  6
CONTINUOUS
100
AcDbLine
 10
-0.8956742519685039
 20
3.3851252362204725
 30
0
 11
-0.8957309842519685
 21
3.3845491732283466
 31
0
  0
LINE
  5
4FB
330
1A
100
AcDbEntity
  8
BLACK
  6
CONTINUOUS
100
AcDbLine
 10
-0.8957309842519685
 20
3.3845491732283466
 30
0
 11
-0.8961718897637795
 21
3.3834847637795273
 31
0
  0
LINE
  5
4FC
330
1A
100
AcDbEntity
  8
BLACK
  6
CONTINUOUS
100
AcDbLine
 10
-0.8961718897637795
 20
3.3834847637795273
 30
0
 11
-0.8967038976377952
 21
3.3829527559055119
 31
0
  0
LINE
  5
4FD
330
1A
100
AcDbEntity
  8
BLACK
  6
CONTINUOUS
100
AcDbLine
 10
-0.8967038976377952
 20
3.3829527559055119
 30
0
 11
-0.8828320866141732
 21
3.3829527559055119
 31
0
  0
LINE
  5
4FE
330
1A
100
AcDbEntity
  8
BLACK
  6
CONTINUOUS
100
AcDbLine
 10
-0.8828320866141732
 20
3.3829527559055119
 30
0
 11
-0.8828320866141732
 21
3.411371968503937
 31
0
  0
LINE
  5
4FF
330
1A
100
AcDbEntity
  8
BLACK
  6
CONTINUOUS
100
AcDbLine
 10
-0.8828320866141732
 20
3.411371968503937
 30
0
 11
-0.8827753543307086
 21
3.4119480314960628
 31
0
  0
LINE
  5
500
330
1A
100
AcDbEntity
  8
BLACK
  6
CONTINUOUS
100
AcDbLine
 10
-0.8827753543307086
 20
3.4119480314960628
 30
0
 11
-0.8823344488188977
 21
3.4130124409448817
 31
0
  0
LINE
  5
501
330
1A
100
AcDbEntity
  8
BLACK
  6
CONTINUOUS
100
AcDbLine
 10
-0.8823344488188977
 20
3.4130124409448817
 30
0
 11
-0.8815198031496063
 21
3.4138270866141731
 31
0
  0
LINE
  5
502
330
1A
100
AcDbEntity
  8
BLACK
  6
CONTINUOUS
100
AcDbLine
 10
-0.8815198031496063
 20
3.4138270866141731
 30
0
 11
-0.8804553937007874
 21
3.4142679921259842
 31
0
  0
LINE
  5
503
330
1A
100
AcDbEntity
  8
BLACK
  6
CONTINUOUS
100
AcDbLine
 10
-0.8804553937007874
 20
3.4142679921259842
 30
0
 11
-0.8793032677165354
 21
3.4142679921259842
 31
0
  0
LINE
  5
504
330
1A
100
AcDbEntity
  8
BLACK
  6
CONTINUOUS
100
AcDbLine
 10
-0.8793032677165354
 20
3.4142679921259842
 30
0
 11
-0.8782388582677165
 21
3.4138270866141731
 31
0
  0
LINE
  5
505
330
1A
100
AcDbEntity
  8
BLACK
  6
CONTINUOUS
100
AcDbLine
 10
-0.8782388582677165
 20
3.4138270866141731
 30
0
 11
-0.8780999606299212
 21
3.4136881889763777
 31
0
  0
LINE
  5
506
330
1A
100
AcDbEntity
  8
BLACK
  6
CONTINUOUS
100
AcDbLine
 10
-0.8780999606299212
 20
3.4136881889763777
 30
0
 11
-0.8774503149606299
 21
3.4140129921259841
 31
0
  0
LINE
  5
507
330
1A
100
AcDbEntity
  8
BLACK
  6
CONTINUOUS
100
AcDbLine
 10
-0.8774503149606299
 20
3.4140129921259841
 30
0
 11
-0.8769097244094488
 21
3.4142198818897636
 31
0
  0
LINE
  5
508
330
1A
100
AcDbEntity
  8
BLACK
  6
CONTINUOUS
100
AcDbLine
 10
-0.8769097244094488
 20
3.4142198818897636
 30
0
 11
-0.8768038582677166
 21
3.4142274409448818
 31
0
  0
LINE
  5
509
330
1A
100
AcDbEntity
  8
BLACK
  6
CONTINUOUS
100
AcDbLine
 10
-0.8768038582677166
 20
3.4142274409448818
 30
0
 11
-0.8767058661417323
 21
3.4142679921259842
 31
0
  0
LINE
  5
50A
330
1A
100
AcDbEntity
  8
BLACK
  6
CONTINUOUS
100
AcDbLine
 10
-0.8767058661417323
 20
3.4142679921259842
 30
0
 11
-0.8761298031496063
 21
3.4143247244094486
 31
0
  0
LINE
  5
50B
330
1A
100
AcDbEntity
  8
BLACK
  6
CONTINUOUS
100
AcDbLine
 10
-0.8761298031496063
 20
3.4143247244094486
 30
0
 11
-0.8686307480314961
 21
3.4143247244094486
 31
0
  0
LINE
  5
50C
330
1A
100
AcDbEntity
  8
BLACK
  6
CONTINUOUS
100
AcDbLine
 10
-0.8686307480314961
 20
3.4143247244094486
 30
0
 11
-0.8680546850393701
 21
3.4142679921259842
 31
0
  0
LINE
  5
50D
330
1A
100
AcDbEntity
  8
BLACK
  6
CONTINUOUS
100
AcDbLine
 10
-0.8680546850393701
 20
3.4142679921259842
 30
0
 11
-0.8679566929133858
 21
3.4142274015748031
 31
0
  0
LINE
  5
50E
330
1A
100
AcDbEntity
  8
BLACK
  6
CONTINUOUS
100
AcDbLine
 10
-0.8679566929133858
 20
3.4142274015748031
 30
0
 11
-0.8678508661417322
 21
3.4142198818897636
 31
0
  0
LINE
  5
50F
330
1A
100
AcDbEntity
  8
BLACK
  6
CONTINUOUS
100
AcDbLine
 10
-0.8678508661417322
 20
3.4142198818897636
 30
0
 11
-0.8673102362204724
 21
3.4140129921259841
 31
0
  0
LINE
  5
510
330
1A
100
AcDbEntity
  8
BLACK
  6
CONTINUOUS
100
AcDbLine
 10
-0.8673102362204724
 20
3.4140129921259841
 30
0
 11
-0.8635607086614173
 21
3.4121382283464565
 31
0
  0
LINE
  5
511
330
1A
100
AcDbEntity
  8
BLACK
  6
CONTINUOUS
100
AcDbLine
 10
-0.8635607086614173
 20
3.4121382283464565
 30
0
 11
-0.8633127165354331
 21
3.4119821653543307
 31
0
  0
LINE
  5
512
330
1A
100
AcDbEntity
  8
BLACK
  6
CONTINUOUS
100
AcDbLine
 10
-0.8633127165354331
 20
3.4119821653543307
 30
0
 11
-0.8632407480314961
 21
3.4119523228346456
 31
0
  0
LINE
  5
513
330
1A
100
AcDbEntity
  8
BLACK
  6
CONTINUOUS
100
AcDbLine
 10
-0.8632407480314961
 20
3.4119523228346456
 30
0
 11
-0.8631598031496063
 21
3.4118858661417324
 31
0
  0
LINE
  5
514
330
1A
100
AcDbEntity
  8
BLACK
  6
CONTINUOUS
100
AcDbLine
 10
-0.8631598031496063
 20
3.4118858661417324
 30
0
 11
-0.8630708267716535
 21
3.4118298818897639
 31
0
  0
LINE
  5
515
330
1A
100
AcDbEntity
  8
BLACK
  6
CONTINUOUS
100
AcDbLine
 10
-0.8630708267716535
 20
3.4118298818897639
 30
0
 11
-0.8630196850393701
 21
3.4117709055118111
 31
0
  0
LINE
  5
516
330
1A
100
AcDbEntity
  8
BLACK
  6
CONTINUOUS
100
AcDbLine
 10
-0.8630196850393701
 20
3.4117709055118111
 30
0
 11
-0.8627933070866142
 21
3.4115851181102363
 31
0
  0
LINE
  5
517
330
1A
100
AcDbEntity
  8
BLACK
  6
CONTINUOUS
100
AcDbLine
 10
-0.8627933070866142
 20
3.4115851181102363
 30
0
 11
-0.8609185433070866
 21
3.4097103543307088
 31
0
  0
LINE
  5
518
330
1A
100
AcDbEntity
  8
BLACK
  6
CONTINUOUS
100
AcDbLine
 10
-0.8609185433070866
 20
3.4097103543307088
 30
0
 11
-0.8607327952755905
 21
3.4094840157480313
 31
0
  0
LINE
  5
519
330
1A
100
AcDbEntity
  8
BLACK
  6
CONTINUOUS
100
AcDbLine
 10
-0.8607327952755905
 20
3.4094840157480313
 30
0
 11
-0.8606737795275591
 21
3.4094328346456693
 31
0
  0
LINE
  5
51A
330
1A
100
AcDbEntity
  8
BLACK
  6
CONTINUOUS
100
AcDbLine
 10
-0.8606737795275591
 20
3.4094328346456693
 30
0
 11
-0.8606178346456693
 21
3.409343897637795
 31
0
  0
LINE
  5
51B
330
1A
100
AcDbEntity
  8
BLACK
  6
CONTINUOUS
100
AcDbLine
 10
-0.8606178346456693
 20
3.409343897637795
 30
0
 11
-0.8605513385826772
 21
3.4092629133858265
 31
0
  0
LINE
  5
51C
330
1A
100
AcDbEntity
  8
BLACK
  6
CONTINUOUS
100
AcDbLine
 10
-0.8605513385826772
 20
3.4092629133858265
 30
0
 11
-0.8605215354330709
 21
3.4091909842519685
 31
0
  0
LINE
  5
51D
330
1A
100
AcDbEntity
  8
BLACK
  6
CONTINUOUS
100
AcDbLine
 10
-0.8605215354330709
 20
3.4091909842519685
 30
0
 11
-0.8603654330708661
 21
3.4089429527559054
 31
0
  0
LINE
  5
51E
330
1A
100
AcDbEntity
  8
BLACK
  6
CONTINUOUS
100
AcDbLine
 10
-0.8603654330708661
 20
3.4089429527559054
 30
0
 11
-0.8584906692913385
 21
3.4051934251968503
 31
0
  0
LINE
  5
51F
330
1A
100
AcDbEntity
  8
BLACK
  6
CONTINUOUS
100
AcDbLine
 10
-0.8584906692913385
 20
3.4051934251968503
 30
0
 11
-0.8582837795275591
 21
3.404652834645669
 31
0
  0
LINE
  5
520
330
1A
100
AcDbEntity
  8
BLACK
  6
CONTINUOUS
100
AcDbLine
 10
-0.8582837795275591
 20
3.404652834645669
 30
0
 11
-0.8582762598425197
 21
3.4045469685039369
 31
0
  0
LINE
  5
521
330
1A
100
AcDbEntity
  8
BLACK
  6
CONTINUOUS
100
AcDbLine
 10
-0.8582762598425197
 20
3.4045469685039369
 30
0
 11
-0.8582356692913385
 21
3.4044489763779526
 31
0
  0
LINE
  5
522
330
1A
100
AcDbEntity
  8
BLACK
  6
CONTINUOUS
100
AcDbLine
 10
-0.8582356692913385
 20
3.4044489763779526
 30
0
 11
-0.858178937007874
 21
3.4038729133858268
 31
0
  0
LINE
  5
523
330
1A
100
AcDbEntity
  8
BLACK
  6
CONTINUOUS
100
AcDbLine
 10
-0.858178937007874
 20
3.4038729133858268
 30
0
 11
-0.858178937007874
 21
3.3926243307086614
 31
0
  0
LINE
  5
524
330
1A
100
AcDbEntity
  8
BLACK
  6
CONTINUOUS
100
AcDbLine
 10
-0.858178937007874
 20
3.3926243307086614
 30
0
 11
-0.8582356692913385
 21
3.3920482677165356
 31
0
  0
LINE
  5
525
330
1A
100
AcDbEntity
  8
BLACK
  6
CONTINUOUS
100
AcDbLine
 10
-0.8582356692913385
 20
3.3920482677165356
 30
0
 11
-0.8582762598425197
 21
3.39195031496063
 31
0
  0
LINE
  5
526
330
1A
100
AcDbEntity
  8
BLACK
  6
CONTINUOUS
100
AcDbLine
 10
-0.8582762598425197
 20
3.39195031496063
 30
0
 11
-0.8582837795275591
 21
3.3918444094488187
 31
0
  0
LINE
  5
527
330
1A
100
AcDbEntity
  8
BLACK
  6
CONTINUOUS
100
AcDbLine
 10
-0.8582837795275591
 20
3.3918444094488187
 30
0
 11
-0.8584906692913385
 21
3.3913038188976379
 31
0
  0
LINE
  5
528
330
1A
100
AcDbEntity
  8
BLACK
  6
CONTINUOUS
100
AcDbLine
 10
-0.8584906692913385
 20
3.3913038188976379
 30
0
 11
-0.8603654330708661
 21
3.3875542913385828
 31
0
  0
LINE
  5
529
330
1A
100
AcDbEntity
  8
BLACK
  6
CONTINUOUS
100
AcDbLine
 10
-0.8603654330708661
 20
3.3875542913385828
 30
0
 11
-0.8605214960629921
 21
3.3873064173228347
 31
0
  0
LINE
  5
52A
330
1A
100
AcDbEntity
  8
BLACK
  6
CONTINUOUS
100
AcDbLine
 10
-0.8605214960629921
 20
3.3873064173228347
 30
0
 11
-0.8605512992125984
 21
3.38723437007874
 31
0
  0
LINE
  5
52B
330
1A
100
AcDbEntity
  8
BLACK
  6
CONTINUOUS
100
AcDbLine
 10
-0.8605512992125984
 20
3.38723437007874
 30
0
 11
-0.8606178346456693
 21
3.3871533464566927
 31
0
  0
LINE
  5
52C
330
1A
100
AcDbEntity
  8
BLACK
  6
CONTINUOUS
100
AcDbLine
 10
-0.8606178346456693
 20
3.3871533464566927
 30
0
 11
-0.8606737795275591
 21
3.3870644094488189
 31
0
  0
LINE
  5
52D
330
1A
100
AcDbEntity
  8
BLACK
  6
CONTINUOUS
100
AcDbLine
 10
-0.8606737795275591
 20
3.3870644094488189
 30
0
 11
-0.8607327952755905
 21
3.3870132677165352
 31
0
  0
LINE
  5
52E
330
1A
100
AcDbEntity
  8
BLACK
  6
CONTINUOUS
100
AcDbLine
 10
-0.8607327952755905
 20
3.3870132677165352
 30
0
 11
-0.8609185433070866
 21
3.3867868897637794
 31
0
  0
LINE
  5
52F
330
1A
100
AcDbEntity
  8
BLACK
  6
CONTINUOUS
100
AcDbLine
 10
-0.8609185433070866
 20
3.3867868897637794
 30
0
 11
-0.8627932677165354
 21
3.3849121259842518
 31
0
  0
LINE
  5
530
330
1A
100
AcDbEntity
  8
BLACK
  6
CONTINUOUS
100
AcDbLine
 10
-0.8627932677165354
 20
3.3849121259842518
 30
0
 11
-0.8630196456692913
 21
3.3847263779527559
 31
0
  0
LINE
  5
531
330
1A
100
AcDbEntity
  8
BLACK
  6
CONTINUOUS
100
AcDbLine
 10
-0.8630196456692913
 20
3.3847263779527559
 30
0
 11
-0.8630708267716535
 21
3.3846673228346456
 31
0
  0
LINE
  5
532
330
1A
100
AcDbEntity
  8
BLACK
  6
CONTINUOUS
100
AcDbLine
 10
-0.8630708267716535
 20
3.3846673228346456
 30
0
 11
-0.8631598031496063
 21
3.384611338582677
 31
0
  0
LINE
  5
533
330
1A
100
AcDbEntity
  8
BLACK
  6
CONTINUOUS
100
AcDbLine
 10
-0.8631598031496063
 20
3.384611338582677
 30
0
 11
-0.8632407480314961
 21
3.3845448818897639
 31
0
  0
LINE
  5
534
330
1A
100
AcDbEntity
  8
BLACK
  6
CONTINUOUS
100
AcDbLine
 10
-0.8632407480314961
 20
3.3845448818897639
 30
0
 11
-0.8633127165354331
 21
3.3845150787401574
 31
0
  0
LINE
  5
535
330
1A
100
AcDbEntity
  8
BLACK
  6
CONTINUOUS
100
AcDbLine
 10
-0.8633127165354331
 20
3.3845150787401574
 30
0
 11
-0.8635607086614173
 21
3.3843589763779525
 31
0
  0
LINE
  5
536
330
1A
100
AcDbEntity
  8
BLACK
  6
CONTINUOUS
100
AcDbLine
 10
-0.8635607086614173
 20
3.3843589763779525
 30
0
 11
-0.8663731496062992
 21
3.3829527559055119
 31
0
  0
LINE
  5
537
330
1A
100
AcDbEntity
  8
BLACK
  6
CONTINUOUS
100
AcDbLine
 10
-0.8663731496062992
 20
3.3829527559055119
 30
0
 11
-0.8408920866141733
 21
3.3829527559055119
 31
0
  0
LINE
  5
538
330
1A
100
AcDbEntity
  8
BLACK
  6
CONTINUOUS
100
AcDbLine
 10
-0.8408920866141733
 20
3.3829527559055119
 30
0
 11
-0.8437045275590551
 21
3.3843589763779525
 31
0
  0
LINE
  5
539
330
1A
100
AcDbEntity
  8
BLACK
  6
CONTINUOUS
100
AcDbLine
 10
-0.8437045275590551
 20
3.3843589763779525
 30
0
 11
-0.843800905511811
 21
3.3844196456692912
 31
0
  0
LINE
  5
53A
330
1A
100
AcDbEntity
  8
BLACK
  6
CONTINUOUS
100
AcDbLine
 10
-0.843800905511811
 20
3.3844196456692912
 30
0
 11
-0.8438462992125985
 21
3.3844347637795273
 31
0
  0
LINE
  5
53B
330
1A
100
AcDbEntity
  8
BLACK
  6
CONTINUOUS
100
AcDbLine
 10
-0.8438462992125985
 20
3.3844347637795273
 30
0
 11
-0.843902874015748
 21
3.3844838188976376
 31
0
  0
LINE
  5
53C
330
1A
100
AcDbEntity
  8
BLACK
  6
CONTINUOUS
100
AcDbLine
 10
-0.843902874015748
 20
3.3844838188976376
 30
0
 11
-0.8441944094488188
 21
3.3846673228346456
 31
0
  0
LINE
  5
53D
330
1A
100
AcDbEntity
  8
BLACK
  6
CONTINUOUS
100
AcDbLine
 10
-0.8441944094488188
 20
3.3846673228346456
 30
0
 11
-0.8444370866141732
 21
3.3849471653543306
 31
0
  0
LINE
  5
53E
330
1A
100
AcDbEntity
  8
BLACK
  6
CONTINUOUS
100
AcDbLine
 10
-0.8444370866141732
 20
3.3849471653543306
 30
0
 11
-0.8447166929133858
 21
3.3851896456692914
 31
0
  0
LINE
  5
53F
330
1A
100
AcDbEntity
  8
BLACK
  6
CONTINUOUS
100
AcDbLine
 10
-0.8447166929133858
 20
3.3851896456692914
 30
0
 11
-0.8449001968503936
 21
3.3854811417322832
 31
0
  0
LINE
  5
540
330
1A
100
AcDbEntity
  8
BLACK
  6
CONTINUOUS
100
AcDbLine
 10
-0.8449001968503936
 20
3.3854811417322832
 30
0
 11
-0.8449492519685039
 21
3.385537716535433
 31
0
  0
LINE
  5
541
330
1A
100
AcDbEntity
  8
BLACK
  6
CONTINUOUS
100
AcDbLine
 10
-0.8449492519685039
 20
3.385537716535433
 30
0
 11
-0.8449644094488189
 21
3.3855831889763777
 31
0
  0
LINE
  5
542
330
1A
100
AcDbEntity
  8
BLACK
  6
CONTINUOUS
100
AcDbLine
 10
-0.8449644094488189
 20
3.3855831889763777
 30
0
 11
-0.8450250393700787
 21
3.3856794881889765
 31
0
  0
LINE
  5
543
330
1A
100
AcDbEntity
  8
BLACK
  6
CONTINUOUS
100
AcDbLine
 10
-0.8450250393700787
 20
3.3856794881889765
 30
0
 11
-0.8468998031496063
 21
3.3894290551181103
 31
0
  0
LINE
  5
544
330
1A
100
AcDbEntity
  8
BLACK
  6
CONTINUOUS
100
AcDbLine
 10
-0.8468998031496063
 20
3.3894290551181103
 30
0
 11
-0.8471066929133858
 21
3.3899696850393699
 31
0
  0
LINE
  5
545
330
1A
100
AcDbEntity
  8
BLACK
  6
CONTINUOUS
100
AcDbLine
 10
-0.8471066929133858
 20
3.3899696850393699
 30
0
 11
-0.8471142125984252
 21
3.3900755118110237
 31
0
  0
LINE
  5
546
330
1A
100
AcDbEntity
  8
BLACK
  6
CONTINUOUS
100
AcDbLine
 10
-0.8471142125984252
 20
3.3900755118110237
 30
0
 11
-0.8471548031496062
 21
3.390173503937008
 31
0
  0
LINE
  5
547
330
1A
100
AcDbEntity
  8
BLACK
  6
CONTINUOUS
100
AcDbLine
 10
-0.8471548031496062
 20
3.390173503937008
 30
0
 11
-0.8472115354330708
 21
3.3907495669291339
 31
0
  0
LINE
  5
548
330
1A
100
AcDbEntity
  8
BLACK
  6
CONTINUOUS
100
AcDbLine
 10
-0.8472115354330708
 20
3.3907495669291339
 30
0
 11
-0.8472115354330708
 21
3.408419212598425
 31
0
  0
LINE
  5
549
330
1A
100
AcDbEntity
  8
BLACK
  6
CONTINUOUS
100
AcDbLine
 10
-0.8472115354330708
 20
3.408419212598425
 30
0
 11
-0.8498830708661417
 21
3.408419212598425
 31
0
  0
LINE
  5
54A
330
1A
100
AcDbEntity
  8
BLACK
  6
CONTINUOUS
100
AcDbLine
 10
-0.8498830708661417
 20
3.408419212598425
 30
0
 11
-0.8504591338582677
 21
3.4084759448818898
 31
0
  0
LINE
  5
54B
330
1A
100
AcDbEntity
  8
BLACK
  6
CONTINUOUS
100
AcDbLine
 10
-0.8504591338582677
 20
3.4084759448818898
 30
0
 11
-0.8515235433070866
 21
3.4089168503937008
 31
0
  0
LINE
  5
54C
330
1A
100
AcDbEntity
  8
BLACK
  6
CONTINUOUS
100
AcDbLine
 10
-0.8515235433070866
 20
3.4089168503937008
 30
0
 11
-0.8523381889763779
 21
3.4097314960629919
 31
0
  0
LINE
  5
54D
330
1A
100
AcDbEntity
  8
BLACK
  6
CONTINUOUS
100
AcDbLine
 10
-0.8523381889763779
 20
3.4097314960629919
 30
0
 11
-0.852779094488189
 21
3.4107959055118111
 31
0
  0
LINE
  5
54E
330
1A
100
AcDbEntity
  8
BLACK
  6
CONTINUOUS
100
AcDbLine
 10
-0.852779094488189
 20
3.4107959055118111
 30
0
 11
-0.852779094488189
 21
3.4119480314960628
 31
0
  0
LINE
  5
54F
330
1A
100
AcDbEntity
  8
BLACK
  6
CONTINUOUS
100
AcDbLine
 10
-0.852779094488189
 20
3.4119480314960628
 30
0
 11
-0.8523381889763779
 21
3.4130124409448817
 31
0
  0
LINE
  5
550
330
1A
100
AcDbEntity
  8
BLACK
  6
CONTINUOUS
100
AcDbLine
 10
-0.8523381889763779
 20
3.4130124409448817
 30
0
 11
-0.8515235433070866
 21
3.4138270866141731
 31
0
  0
LINE
  5
551
330
1A
100
AcDbEntity
  8
BLACK
  6
CONTINUOUS
100
AcDbLine
 10
-0.8515235433070866
 20
3.4138270866141731
 30
0
 11
-0.8504591338582677
 21
3.4142679921259842
 31
0
  0
LINE
  5
552
330
1A
100
AcDbEntity
  8
BLACK
  6
CONTINUOUS
100
AcDbLine
 10
-0.8504591338582677
 20
3.4142679921259842
 30
0
 11
-0.8498830708661417
 21
3.4143247244094486
 31
0
  0
LINE
  5
553
330
1A
100
AcDbEntity
  8
BLACK
  6
CONTINUOUS
100
AcDbLine
 10
-0.8498830708661417
 20
3.4143247244094486
 30
0
 11
-0.8472115354330708
 21
3.4143247244094486
 31
0
  0
LINE
  5
554
330
1A
100
AcDbEntity
  8
BLACK
  6
CONTINUOUS
100
AcDbLine
 10
-0.8472115354330708
 20
3.4143247244094486
 30
0
 11
-0.8472115354330708
 21
3.4244953149606299
 31
0
  0
LINE
  5
555
330
1A
100
AcDbEntity
  8
BLACK
  6
CONTINUOUS
100
AcDbLine
 10
-0.8472115354330708
 20
3.4244953149606299
 30
0
 11
-0.8471548031496062
 21
3.4250713779527557
 31
0
  0
LINE
  5
556
330
1A
100
AcDbEntity
  8
BLACK
  6
CONTINUOUS
100
AcDbLine
 10
-0.8471548031496062
 20
3.4250713779527557
 30
0
 11
-0.8467138976377953
 21
3.4261357874015745
 31
0
  0
LINE
  5
557
330
1A
100
AcDbEntity
  8
BLACK
  6
CONTINUOUS
100
AcDbLine
 10
-0.8467138976377953
 20
3.4261357874015745
 30
0
 11
-0.8458992519685039
 21
3.426950433070866
 31
0
  0
LINE
  5
558
330
1A
100
AcDbEntity
  8
BLACK
  6
CONTINUOUS
100
AcDbLine
 10
-0.8458992519685039
 20
3.426950433070866
 30
0
 11
-0.844834842519685
 21
3.4273913385826771
 31
0
  0
LINE
  5
559
330
1A
100
AcDbEntity
  8
BLACK
  6
CONTINUOUS
100
AcDbLine
 10
-0.844834842519685
 20
3.4273913385826771
 30
0
 11
-0.843682716535433
 21
3.4273913385826771
 31
0
  0
LINE
  5
55A
330
1A
100
AcDbEntity
  8
BLACK
  6
CONTINUOUS
100
AcDbLine
 10
-0.843682716535433
 20
3.4273913385826771
 30
0
 11
-0.8426183070866141
 21
3.426950433070866
 31
0
  0
LINE
  5
55B
330
1A
100
AcDbEntity
  8
BLACK
  6
CONTINUOUS
100
AcDbLine
 10
-0.8426183070866141
 20
3.426950433070866
 30
0
 11
-0.8418036614173228
 21
3.4261357874015745
 31
0
  0
LINE
  5
55C
330
1A
100
AcDbEntity
  8
BLACK
  6
CONTINUOUS
100
AcDbLine
 10
-0.8418036614173228
 20
3.4261357874015745
 30
0
 11
-0.8413627559055118
 21
3.4250713779527557
 31
0
  0
LINE
  5
55D
330
1A
100
AcDbEntity
  8
BLACK
  6
CONTINUOUS
100
AcDbLine
 10
-0.8413627559055118
 20
3.4250713779527557
 30
0
 11
-0.8413060236220472
 21
3.4244953149606299
 31
0
  0
LINE
  5
55E
330
1A
100
AcDbEntity
  8
BLACK
  6
CONTINUOUS
100
AcDbLine
 10
-0.8413060236220472
 20
3.4244953149606299
 30
0
 11
-0.8413060236220472
 21
3.4143247244094486
 31
0
  0
LINE
  5
55F
330
1A
100
AcDbEntity
  8
BLACK
  6
CONTINUOUS
100
AcDbLine
 10
-0.8413060236220472
 20
3.4143247244094486
 30
0
 11
-0.8348849606299212
 21
3.4143247244094486
 31
0
  0
LINE
  5
560
330
1A
100
AcDbEntity
  8
BLACK
  6
CONTINUOUS
100
AcDbLine
 10
-0.8348849606299212
 20
3.4143247244094486
 30
0
 11
-0.8343088976377953
 21
3.4142679921259842
 31
0
  0
LINE
  5
561
330
1A
100
AcDbEntity
  8
BLACK
  6
CONTINUOUS
100
AcDbLine
 10
-0.8343088976377953
 20
3.4142679921259842
 30
0
 11
-0.8332444881889763
 21
3.4138270866141731
 31
0
  0
LINE
  5
562
330
1A
100
AcDbEntity
  8
BLACK
  6
CONTINUOUS
100
AcDbLine
 10
-0.8332444881889763
 20
3.4138270866141731
 30
0
 11
-0.832429842519685
 21
3.4130124409448817
 31
0
  0
LINE
  5
563
330
1A
100
AcDbEntity
  8
BLACK
  6
CONTINUOUS
100
AcDbLine
 10
-0.832429842519685
 20
3.4130124409448817
 30
0
 11
-0.831988937007874
 21
3.4119480314960628
 31
0
  0
LINE
  5
564
330
1A
100
AcDbEntity
  8
BLACK
  6
CONTINUOUS
100
AcDbLine
 10
-0.831988937007874
 20
3.4119480314960628
 30
0
 11
-0.831988937007874
 21
3.4107959055118111
 31
0
  0
LINE
  5
565
330
1A
100
AcDbEntity
  8
BLACK
  6
CONTINUOUS
100
AcDbLine
 10
-0.831988937007874
 20
3.4107959055118111
 30
0
 11
-0.832429842519685
 21
3.4097314960629919
 31
0
  0
LINE
  5
566
330
1A
100
AcDbEntity
  8
BLACK
  6
CONTINUOUS
100
AcDbLine
 10
-0.832429842519685
 20
3.4097314960629919
 30
0
 11
-0.8332444881889763
 21
3.4089168503937008
 31
0
  0
LINE
  5
567
330
1A
100
AcDbEntity
  8
BLACK
  6
CONTINUOUS
100
AcDbLine
 10
-0.8332444881889763
 20
3.4089168503937008
 30
0
 11
-0.8343088976377953
 21
3.4084759448818898
 31
0
  0
LINE
  5
568
330
1A
100
AcDbEntity
  8
BLACK
  6
CONTINUOUS
100
AcDbLine
 10
-0.8343088976377953
 20
3.4084759448818898
 30
0
 11
-0.8348849606299212
 21
3.408419212598425
 31
0
  0
LINE
  5
569
330
1A
100
AcDbEntity
  8
BLACK
  6
CONTINUOUS
100
AcDbLine
 10
-0.8348849606299212
 20
3.408419212598425
 30
0
 11
-0.8413060236220472
 21
3.408419212598425
 31
0
  0
LINE
  5
56A
330
1A
100
AcDbEntity
  8
BLACK
  6
CONTINUOUS
100
AcDbLine
 10
-0.8413060236220472
 20
3.408419212598425
 30
0
 11
-0.8413060236220472
 21
3.3914466141732285
 31
0
  0
LINE
  5
56B
330
1A
100
AcDbEntity
  8
BLACK
  6
CONTINUOUS
100
AcDbLine
 10
-0.8413060236220472
 20
3.3914466141732285
 30
0
 11
-0.8401831889763779
 21
3.3892008661417323
 31
0
  0
LINE
  5
56C
330
1A
100
AcDbEntity
  8
BLACK
  6
CONTINUOUS
100
AcDbLine
 10
-0.8401831889763779
 20
3.3892008661417323
 30
0
 11
-0.8379374409448819
 21
3.388077992125984
 31
0
  0
LINE
  5
56D
330
1A
100
AcDbEntity
  8
BLACK
  6
CONTINUOUS
100
AcDbLine
 10
-0.8379374409448819
 20
3.388077992125984
 30
0
 11
-0.8348849606299212
 21
3.388077992125984
 31
0
  0
LINE
  5
56E
330
1A
100
AcDbEntity
  8
BLACK
  6
CONTINUOUS
100
AcDbLine
 10
-0.8348849606299212
 20
3.388077992125984
 30
0
 11
-0.8343088976377953
 21
3.3880212598425197
 31
0
  0
LINE
  5
56F
330
1A
100
AcDbEntity
  8
BLACK
  6
CONTINUOUS
100
AcDbLine
 10
-0.8343088976377953
 20
3.3880212598425197
 30
0
 11
-0.8332444881889763
 21
3.3875803543307086
 31
0
  0
LINE
  5
570
330
1A
100
AcDbEntity
  8
BLACK
  6
CONTINUOUS
100
AcDbLine
 10
-0.8332444881889763
 20
3.3875803543307086
 30
0
 11
-0.832429842519685
 21
3.3867657086614171
 31
0
  0
LINE
  5
571
330
1A
100
AcDbEntity
  8
BLACK
  6
CONTINUOUS
100
AcDbLine
 10
-0.832429842519685
 20
3.3867657086614171
 30
0
 11
-0.831988937007874
 21
3.3857012992125983
 31
0
  0
LINE
  5
572
330
1A
100
AcDbEntity
  8
BLACK
  6
CONTINUOUS
100
AcDbLine
 10
-0.831988937007874
 20
3.3857012992125983
 30
0
 11
-0.831988937007874
 21
3.3845491732283466
 31
0
  0
LINE
  5
573
330
1A
100
AcDbEntity
  8
BLACK
  6
CONTINUOUS
100
AcDbLine
 10
-0.831988937007874
 20
3.3845491732283466
 30
0
 11
-0.832429842519685
 21
3.3834847637795273
 31
0
  0
LINE
  5
574
330
1A
100
AcDbEntity
  8
BLACK
  6
CONTINUOUS
100
AcDbLine
 10
-0.832429842519685
 20
3.3834847637795273
 30
0
 11
-0.8329618503937007
 21
3.3829527559055119
 31
0
  0
LINE
  5
575
330
1A
100
AcDbEntity
  8
BLACK
  6
CONTINUOUS
100
AcDbLine
 10
-0.8329618503937007
 20
3.3829527559055119
 30
0
 11
-0.8202696456692913
 21
3.3829527559055119
 31
0
  0
LINE
  5
576
330
1A
100
AcDbEntity
  8
BLACK
  6
CONTINUOUS
100
AcDbLine
 10
-0.8202696456692913
 20
3.3829527559055119
 30
0
 11
-0.8230820866141733
 21
3.3843589763779525
 31
0
  0
LINE
  5
577
330
1A
100
AcDbEntity
  8
BLACK
  6
CONTINUOUS
100
AcDbLine
 10
-0.8230820866141733
 20
3.3843589763779525
 30
0
 11
-0.8231784645669291
 21
3.3844196456692912
 31
0
  0
LINE
  5
578
330
1A
100
AcDbEntity
  8
BLACK
  6
CONTINUOUS
100
AcDbLine
 10
-0.8231784645669291
 20
3.3844196456692912
 30
0
 11
-0.8232238582677165
 21
3.3844347637795273
 31
0
  0
LINE
  5
579
330
1A
100
AcDbEntity
  8
BLACK
  6
CONTINUOUS
100
AcDbLine
 10
-0.8232238582677165
 20
3.3844347637795273
 30
0
 11
-0.8232804330708661
 21
3.3844838188976376
 31
0
  0
LINE
  5
57A
330
1A
100
AcDbEntity
  8
BLACK
  6
CONTINUOUS
100
AcDbLine
 10
-0.8232804330708661
 20
3.3844838188976376
 30
0
 11
-0.823571968503937
 21
3.3846673228346456
 31
0
  0
LINE
  5
57B
330
1A
100
AcDbEntity
  8
BLACK
  6
CONTINUOUS
100
AcDbLine
 10
-0.823571968503937
 20
3.3846673228346456
 30
0
 11
-0.8238146456692913
 21
3.3849471653543306
 31
0
  0
LINE
  5
57C
330
1A
100
AcDbEntity
  8
BLACK
  6
CONTINUOUS
100
AcDbLine
 10
-0.8238146456692913
 20
3.3849471653543306
 30
0
 11
-0.8240942519685039
 21
3.3851896456692914
 31
0
  0
LINE
  5
57D
330
1A
100
AcDbEntity
  8
BLACK
  6
CONTINUOUS
100
AcDbLine
 10
-0.8240942519685039
 20
3.3851896456692914
 30
0
 11
-0.8242777559055118
 21
3.3854811417322832
 31
0
  0
LINE
  5
57E
330
1A
100
AcDbEntity
  8
BLACK
  6
CONTINUOUS
100
AcDbLine
 10
-0.8242777559055118
 20
3.3854811417322832
 30
0
 11
-0.824326811023622
 21
3.385537716535433
 31
0
  0
LINE
  5
57F
330
1A
100
AcDbEntity
  8
BLACK
  6
CONTINUOUS
100
AcDbLine
 10
-0.824326811023622
 20
3.385537716535433
 30
0
 11
-0.824341968503937
 21
3.3855831889763777
 31
0
  0
LINE
  5
580
330
1A
100
AcDbEntity
  8
BLACK
  6
CONTINUOUS
100
AcDbLine
 10
-0.824341968503937
 20
3.3855831889763777
 30
0
 11
-0.8244025984251968
 21
3.3856794881889765
 31
0
  0
LINE
  5
581
330
1A
100
AcDbEntity
  8
BLACK
  6
CONTINUOUS
100
AcDbLine
 10
-0.8244025984251968
 20
3.3856794881889765
 30
0
 11
-0.8262773622047244
 21
3.3894290551181103
 31
0
  0
LINE
  5
582
330
1A
100
AcDbEntity
  8
BLACK
  6
CONTINUOUS
100
AcDbLine
 10
-0.8262773622047244
 20
3.3894290551181103
 30
0
 11
-0.8264842519685039
 21
3.3899696850393699
 31
0
  0
LINE
  5
583
330
1A
100
AcDbEntity
  8
BLACK
  6
CONTINUOUS
100
AcDbLine
 10
-0.8264842519685039
 20
3.3899696850393699
 30
0
 11
-0.8264917716535433
 21
3.3900755118110237
 31
0
  0
LINE
  5
584
330
1A
100
AcDbEntity
  8
BLACK
  6
CONTINUOUS
100
AcDbLine
 10
-0.8264917716535433
 20
3.3900755118110237
 30
0
 11
-0.8265323622047244
 21
3.390173503937008
 31
0
  0
LINE
  5
585
330
1A
100
AcDbEntity
  8
BLACK
  6
CONTINUOUS
100
AcDbLine
 10
-0.8265323622047244
 20
3.390173503937008
 30
0
 11
-0.826589094488189
 21
3.3907495669291339
 31
0
  0
LINE
  5
586
330
1A
100
AcDbEntity
  8
BLACK
  6
CONTINUOUS
100
AcDbLine
 10
-0.826589094488189
 20
3.3907495669291339
 30
0
 11
-0.826589094488189
 21
3.4057476771653543
 31
0
  0
LINE
  5
587
330
1A
100
AcDbEntity
  8
BLACK
  6
CONTINUOUS
100
AcDbLine
 10
-0.826589094488189
 20
3.4057476771653543
 30
0
 11
-0.8265323622047244
 21
3.4063237401574802
 31
0
  0
LINE
  5
588
330
1A
100
AcDbEntity
  8
BLACK
  6
CONTINUOUS
100
AcDbLine
 10
-0.8265323622047244
 20
3.4063237401574802
 30
0
 11
-0.8264917716535433
 21
3.4064217716535432
 31
0
  0
LINE
  5
589
330
1A
100
AcDbEntity
  8
BLACK
  6
CONTINUOUS
100
AcDbLine
 10
-0.8264917716535433
 20
3.4064217716535432
 30
0
 11
-0.8264842519685039
 21
3.4065275590551178
 31
0
  0
LINE
  5
58A
330
1A
100
AcDbEntity
  8
BLACK
  6
CONTINUOUS
100
AcDbLine
 10
-0.8264842519685039
 20
3.4065275590551178
 30
0
 11
-0.8262773622047244
 21
3.4070681889763779
 31
0
  0
LINE
  5
58B
330
1A
100
AcDbEntity
  8
BLACK
  6
CONTINUOUS
100
AcDbLine
 10
-0.8262773622047244
 20
3.4070681889763779
 30
0
 11
-0.8244025984251968
 21
3.410817716535433
 31
0
  0
LINE
  5
58C
330
1A
100
AcDbEntity
  8
BLACK
  6
CONTINUOUS
100
AcDbLine
 10
-0.8244025984251968
 20
3.410817716535433
 30
0
 11
-0.824341968503937
 21
3.4109140944881888
 31
0
  0
LINE
  5
58D
330
1A
100
AcDbEntity
  8
BLACK
  6
CONTINUOUS
100
AcDbLine
 10
-0.824341968503937
 20
3.4109140944881888
 30
0
 11
-0.824326811023622
 21
3.4109594881889764
 31
0
  0
LINE
  5
58E
330
1A
100
AcDbEntity
  8
BLACK
  6
CONTINUOUS
100
AcDbLine
 10
-0.824326811023622
 20
3.4109594881889764
 30
0
 11
-0.8242777952755905
 21
3.4110160629921258
 31
0
  0
LINE
  5
58F
330
1A
100
AcDbEntity
  8
BLACK
  6
CONTINUOUS
100
AcDbLine
 10
-0.8242777952755905
 20
3.4110160629921258
 30
0
 11
-0.8240942519685039
 21
3.4113075984251968
 31
0
  0
LINE
  5
590
330
1A
100
AcDbEntity
  8
BLACK
  6
CONTINUOUS
100
AcDbLine
 10
-0.8240942519685039
 20
3.4113075984251968
 30
0
 11
-0.8238145669291338
 21
3.4115501968503934
 31
0
  0
LINE
  5
591
330
1A
100
AcDbEntity
  8
BLACK
  6
CONTINUOUS
100
AcDbLine
 10
-0.8238145669291338
 20
3.4115501968503934
 30
0
 11
-0.823571968503937
 21
3.4118298818897639
 31
0
  0
LINE
  5
592
330
1A
100
AcDbEntity
  8
BLACK
  6
CONTINUOUS
100
AcDbLine
 10
-0.823571968503937
 20
3.4118298818897639
 30
0
 11
-0.8232804330708661
 21
3.4120134251968501
 31
0
  0
LINE
  5
593
330
1A
100
AcDbEntity
  8
BLACK
  6
CONTINUOUS
100
AcDbLine
 10
-0.8232804330708661
 20
3.4120134251968501
 30
0
 11
-0.8232238582677165
 21
3.4120624409448816
 31
0
  0
LINE
  5
594
330
1A
100
AcDbEntity
  8
BLACK
  6
CONTINUOUS
100
AcDbLine
 10
-0.8232238582677165
 20
3.4120624409448816
 30
0
 11
-0.8231784645669291
 21
3.412077598425197
 31
0
  0
LINE
  5
595
330
1A
100
AcDbEntity
  8
BLACK
  6
CONTINUOUS
100
AcDbLine
 10
-0.8231784645669291
 20
3.412077598425197
 30
0
 11
-0.8230820866141733
 21
3.4121382283464565
 31
0
  0
LINE
  5
596
330
1A
100
AcDbEntity
  8
BLACK
  6
CONTINUOUS
100
AcDbLine
 10
-0.8230820866141733
 20
3.4121382283464565
 30
0
 11
-0.819332559055118
 21
3.4140129921259841
 31
0
  0
LINE
  5
597
330
1A
100
AcDbEntity
  8
BLACK
  6
CONTINUOUS
100
AcDbLine
 10
-0.819332559055118
 20
3.4140129921259841
 30
0
 11
-0.818791968503937
 21
3.4142198818897636
 31
0
  0
LINE
  5
598
330
1A
100
AcDbEntity
  8
BLACK
  6
CONTINUOUS
100
AcDbLine
 10
-0.818791968503937
 20
3.4142198818897636
 30
0
 11
-0.8186861023622047
 21
3.4142274409448818
 31
0
  0
LINE
  5
599
330
1A
100
AcDbEntity
  8
BLACK
  6
CONTINUOUS
100
AcDbLine
 10
-0.8186861023622047
 20
3.4142274409448818
 30
0
 11
-0.8185881102362205
 21
3.4142679921259842
 31
0
  0
LINE
  5
59A
330
1A
100
AcDbEntity
  8
BLACK
  6
CONTINUOUS
100
AcDbLine
 10
-0.8185881102362205
 20
3.4142679921259842
 30
0
 11
-0.8180120472440945
 21
3.4143247244094486
 31
0
  0
LINE
  5
59B
330
1A
100
AcDbEntity
  8
BLACK
  6
CONTINUOUS
100
AcDbLine
 10
-0.8180120472440945
 20
3.4143247244094486
 30
0
 11
-0.8105129921259843
 21
3.4143247244094486
 31
0
  0
LINE
  5
59C
330
1A
100
AcDbEntity
  8
BLACK
  6
CONTINUOUS
100
AcDbLine
 10
-0.8105129921259843
 20
3.4143247244094486
 30
0
 11
-0.8099369291338583
 21
3.4142679921259842
 31
0
  0
LINE
  5
59D
330
1A
100
AcDbEntity
  8
BLACK
  6
CONTINUOUS
100
AcDbLine
 10
-0.8099369291338583
 20
3.4142679921259842
 30
0
 11
-0.809838937007874
 21
3.4142274015748031
 31
0
  0
LINE
  5
59E
330
1A
100
AcDbEntity
  8
BLACK
  6
CONTINUOUS
100
AcDbLine
 10
-0.809838937007874
 20
3.4142274015748031
 30
0
 11
-0.8097331102362204
 21
3.4142198818897636
 31
0
  0
LINE
  5
59F
330
1A
100
AcDbEntity
  8
BLACK
  6
CONTINUOUS
100
AcDbLine
 10
-0.8097331102362204
 20
3.4142198818897636
 30
0
 11
-0.8091924803149606
 21
3.4140129921259841
 31
0
  0
LINE
  5
5A0
330
1A
100
AcDbEntity
  8
BLACK
  6
CONTINUOUS
100
AcDbLine
 10
-0.8091924803149606
 20
3.4140129921259841
 30
0
 11
-0.8054429527559055
 21
3.4121382283464565
 31
0
  0
LINE
  5
5A1
330
1A
100
AcDbEntity
  8
BLACK
  6
CONTINUOUS
100
AcDbLine
 10
-0.8054429527559055
 20
3.4121382283464565
 30
0
 11
-0.8053466141732283
 21
3.412077598425197
 31
0
  0
LINE
  5
5A2
330
1A
100
AcDbEntity
  8
BLACK
  6
CONTINUOUS
100
AcDbLine
 10
-0.8053466141732283
 20
3.412077598425197
 30
0
 11
-0.8053011811023622
 21
3.4120624409448816
 31
0
  0
LINE
  5
5A3
330
1A
100
AcDbEntity
  8
BLACK
  6
CONTINUOUS
100
AcDbLine
 10
-0.8053011811023622
 20
3.4120624409448816
 30
0
 11
-0.8052446456692913
 21
3.4120134251968501
 31
0
  0
LINE
  5
5A4
330
1A
100
AcDbEntity
  8
BLACK
  6
CONTINUOUS
100
AcDbLine
 10
-0.8052446456692913
 20
3.4120134251968501
 30
0
 11
-0.8049530708661418
 21
3.4118298818897639
 31
0
  0
LINE
  5
5A5
330
1A
100
AcDbEntity
  8
BLACK
  6
CONTINUOUS
100
AcDbLine
 10
-0.8049530708661418
 20
3.4118298818897639
 30
0
 11
-0.8047105118110236
 21
3.4115501968503934
 31
0
  0
LINE
  5
5A6
330
1A
100
AcDbEntity
  8
BLACK
  6
CONTINUOUS
100
AcDbLine
 10
-0.8047105118110236
 20
3.4115501968503934
 30
0
 11
-0.8044307874015748
 21
3.4113075984251968
 31
0
  0
LINE
  5
5A7
330
1A
100
AcDbEntity
  8
BLACK
  6
CONTINUOUS
100
AcDbLine
 10
-0.8044307874015748
 20
3.4113075984251968
 30
0
 11
-0.8042472834645669
 21
3.4110160629921258
 31
0
  0
LINE
  5
5A8
330
1A
100
AcDbEntity
  8
BLACK
  6
CONTINUOUS
100
AcDbLine
 10
-0.8042472834645669
 20
3.4110160629921258
 30
0
 11
-0.8041982283464567
 21
3.4109594881889764
 31
0
  0
LINE
  5
5A9
330
1A
100
AcDbEntity
  8
BLACK
  6
CONTINUOUS
100
AcDbLine
 10
-0.8041982283464567
 20
3.4109594881889764
 30
0
 11
-0.8041831102362205
 21
3.4109140944881888
 31
0
  0
LINE
  5
5AA
330
1A
100
AcDbEntity
  8
BLACK
  6
CONTINUOUS
100
AcDbLine
 10
-0.8041831102362205
 20
3.4109140944881888
 30
0
 11
-0.8041224409448818
 21
3.410817716535433
 31
0
  0
LINE
  5
5AB
330
1A
100
AcDbEntity
  8
BLACK
  6
CONTINUOUS
100
AcDbLine
 10
-0.8041224409448818
 20
3.410817716535433
 30
0
 11
-0.8022476771653543
 21
3.4070681889763779
 31
0
  0
LINE
  5
5AC
330
1A
100
AcDbEntity
  8
BLACK
  6
CONTINUOUS
100
AcDbLine
 10
-0.8022476771653543
 20
3.4070681889763779
 30
0
 11
-0.8020407874015748
 21
3.4065275984251966
 31
0
  0
LINE
  5
5AD
330
1A
100
AcDbEntity
  8
BLACK
  6
CONTINUOUS
100
AcDbLine
 10
-0.8020407874015748
 20
3.4065275984251966
 30
0
 11
-0.8020332677165354
 21
3.4064217322834645
 31
0
  0
LINE
  5
5AE
330
1A
100
AcDbEntity
  8
BLACK
  6
CONTINUOUS
100
AcDbLine
 10
-0.8020332677165354
 20
3.4064217322834645
 30
0
 11
-0.8019926771653543
 21
3.4063237401574802
 31
0
  0
LINE
  5
5AF
330
1A
100
AcDbEntity
  8
BLACK
  6
CONTINUOUS
100
AcDbLine
 10
-0.8019926771653543
 20
3.4063237401574802
 30
0
 11
-0.8019359448818898
 21
3.4057476771653543
 31
0
  0
LINE
  5
5B0
330
1A
100
AcDbEntity
  8
BLACK
  6
CONTINUOUS
100
AcDbLine
 10
-0.8019359448818898
 20
3.4057476771653543
 30
0
 11
-0.8019359448818898
 21
3.4019981496062992
 31
0
  0
LINE
  5
5B1
330
1A
100
AcDbEntity
  8
BLACK
  6
CONTINUOUS
100
AcDbLine
 10
-0.8019359448818898
 20
3.4019981496062992
 30
0
 11
-0.8019926771653543
 21
3.4014220866141733
 31
0
  0
LINE
  5
5B2
330
1A
100
AcDbEntity
  8
BLACK
  6
CONTINUOUS
100
AcDbLine
 10
-0.8019926771653543
 20
3.4014220866141733
 30
0
 11
-0.8021034645669292
 21
3.4011547244094489
 31
0
  0
LINE
  5
5B3
330
1A
100
AcDbEntity
  8
BLACK
  6
CONTINUOUS
100
AcDbLine
 10
-0.8021034645669292
 20
3.4011547244094489
 30
0
 11
-0.8021595669291338
 21
3.400871023622047
 31
0
  0
LINE
  5
5B4
330
1A
100
AcDbEntity
  8
BLACK
  6
CONTINUOUS
100
AcDbLine
 10
-0.8021595669291338
 20
3.400871023622047
 30
0
 11
-0.8023216535433071
 21
3.4006279133858266
 31
0
  0
LINE
  5
5B5
330
1A
100
AcDbEntity
  8
BLACK
  6
CONTINUOUS
100
AcDbLine
 10
-0.8023216535433071
 20
3.4006279133858266
 30
0
 11
-0.8024335826771654
 21
3.4003576771653541
 31
0
  0
LINE
  5
5B6
330
1A
100
AcDbEntity
  8
BLACK
  6
CONTINUOUS
100
AcDbLine
 10
-0.8024335826771654
 20
3.4003576771653541
 30
0
 11
-0.8026382283464567
 21
3.4001530314960631
 31
0
  0
LINE
  5
5B7
330
1A
100
AcDbEntity
  8
BLACK
  6
CONTINUOUS
100
AcDbLine
 10
-0.8026382283464567
 20
3.4001530314960631
 30
0
 11
-0.8027986220472441
 21
3.399912440944882
 31
0
  0
LINE
  5
5B8
330
1A
100
AcDbEntity
  8
BLACK
  6
CONTINUOUS
100
AcDbLine
 10
-0.8027986220472441
 20
3.399912440944882
 30
0
 11
-0.8030414566929134
 21
3.399749842519685
 31
0
  0
LINE
  5
5B9
330
1A
100
AcDbEntity
  8
BLACK
  6
CONTINUOUS
100
AcDbLine
 10
-0.8030414566929134
 20
3.399749842519685
 30
0
 11
-0.8032482283464567
 21
3.3995430314960631
 31
0
  0
LINE
  5
5BA
330
1A
100
AcDbEntity
  8
BLACK
  6
CONTINUOUS
100
AcDbLine
 10
-0.8032482283464567
 20
3.3995430314960631
 30
0
 11
-0.8035155118110237
 21
3.3994323228346457
 31
0
  0
LINE
  5
5BB
330
1A
100
AcDbEntity
  8
BLACK
  6
CONTINUOUS
100
AcDbLine
 10
-0.8035155118110237
 20
3.3994323228346457
 30
0
 11
-0.8037558661417322
 21
3.3992713385826772
 31
0
  0
LINE
  5
5BC
330
1A
100
AcDbEntity
  8
BLACK
  6
CONTINUOUS
100
AcDbLine
 10
-0.8037558661417322
 20
3.3992713385826772
 30
0
 11
-0.8043096456692913
 21
3.3991027165354328
 31
0
  0
LINE
  5
5BD
330
1A
100
AcDbEntity
  8
BLACK
  6
CONTINUOUS
100
AcDbLine
 10
-0.8043096456692913
 20
3.3991027165354328
 30
0
 11
-0.8206835826771653
 21
3.3958279527559054
 31
0
  0
LINE
  5
5BE
330
1A
100
AcDbEntity
  8
BLACK
  6
CONTINUOUS
100
AcDbLine
 10
-0.8206835826771653
 20
3.3958279527559054
 30
0
 11
-0.8206835826771653
 21
3.3914466141732285
 31
0
  0
LINE
  5
5BF
330
1A
100
AcDbEntity
  8
BLACK
  6
CONTINUOUS
100
AcDbLine
 10
-0.8206835826771653
 20
3.3914466141732285
 30
0
 11
-0.819560748031496
 21
3.3892008661417323
 31
0
  0
LINE
  5
5C0
330
1A
100
AcDbEntity
  8
BLACK
  6
CONTINUOUS
100
AcDbLine
 10
-0.819560748031496
 20
3.3892008661417323
 30
0
 11
-0.817315
 21
3.388077992125984
 31
0
  0
LINE
  5
5C1
330
1A
100
AcDbEntity
  8
BLACK
  6
CONTINUOUS
100
AcDbLine
 10
-0.817315
 20
3.388077992125984
 30
0
 11
-0.8112100393700787
 21
3.388077992125984
 31
0
  0
LINE
  5
5C2
330
1A
100
AcDbEntity
  8
BLACK
  6
CONTINUOUS
100
AcDbLine
 10
-0.8112100393700787
 20
3.388077992125984
 30
0
 11
-0.8080839763779527
 21
3.3896410236220471
 31
0
  0
LINE
  5
5C3
330
1A
100
AcDbEntity
  8
BLACK
  6
CONTINUOUS
100
AcDbLine
 10
-0.8080839763779527
 20
3.3896410236220471
 30
0
 11
-0.8075433858267717
 21
3.3898479133858266
 31
0
  0
LINE
  5
5C4
330
1A
100
AcDbEntity
  8
BLACK
  6
CONTINUOUS
100
AcDbLine
 10
-0.8075433858267717
 20
3.3898479133858266
 30
0
 11
-0.8063941732283464
 21
3.3899295669291338
 31
0
  0
LINE
  5
5C5
330
1A
100
AcDbEntity
  8
BLACK
  6
CONTINUOUS
100
AcDbLine
 10
-0.8063941732283464
 20
3.3899295669291338
 30
0
 11
-0.8053011811023622
 21
3.3895652362204722
 31
0
  0
LINE
  5
5C6
330
1A
100
AcDbEntity
  8
BLACK
  6
CONTINUOUS
100
AcDbLine
 10
-0.8053011811023622
 20
3.3895652362204722
 30
0
 11
-0.8044308267716536
 21
3.3888103937007874
 31
0
  0
LINE
  5
5C7
330
1A
100
AcDbEntity
  8
BLACK
  6
CONTINUOUS
100
AcDbLine
 10
-0.8044308267716536
 20
3.3888103937007874
 30
0
 11
-0.8039155511811024
 21
3.3877798818897635
 31
0
  0
LINE
  5
5C8
330
1A
100
AcDbEntity
  8
BLACK
  6
CONTINUOUS
100
AcDbLine
 10
-0.8039155511811024
 20
3.3877798818897635
 30
0
 11
-0.8038338976377952
 21
3.3866306692913386
 31
0
  0
LINE
  5
5C9
330
1A
100
AcDbEntity
  8
BLACK
  6
CONTINUOUS
100
AcDbLine
 10
-0.8038338976377952
 20
3.3866306692913386
 30
0
 11
-0.8041982283464567
 21
3.385537716535433
 31
0
  0
LINE
  5
5CA
330
1A
100
AcDbEntity
  8
BLACK
  6
CONTINUOUS
100
AcDbLine
 10
-0.8041982283464567
 20
3.385537716535433
 30
0
 11
-0.8049530708661418
 21
3.3846673228346456
 31
0
  0
LINE
  5
5CB
330
1A
100
AcDbEntity
  8
BLACK
  6
CONTINUOUS
100
AcDbLine
 10
-0.8049530708661418
 20
3.3846673228346456
 30
0
 11
-0.8054429527559055
 21
3.3843589763779525
 31
0
  0
LINE
  5
5CC
330
1A
100
AcDbEntity
  8
BLACK
  6
CONTINUOUS
100
AcDbLine
 10
-0.8054429527559055
 20
3.3843589763779525
 30
0
 11
-0.8082553937007874
 21
3.3829527559055119
 31
0
  0
LINE
  5
5CD
330
1A
100
AcDbEntity
  8
BLACK
  6
CONTINUOUS
100
AcDbLine
 10
-0.8082553937007874
 20
3.3829527559055119
 30
0
 11
-0.7899388976377952
 21
3.3829527559055119
 31
0
  0
LINE
  5
5CE
330
1A
100
AcDbEntity
  8
BLACK
  6
CONTINUOUS
100
AcDbLine
 10
-0.7899388976377952
 20
3.3829527559055119
 30
0
 11
-0.790470905511811
 21
3.3834847637795273
 31
0
  0
LINE
  5
5CF
330
1A
100
AcDbEntity
  8
BLACK
  6
CONTINUOUS
100
AcDbLine
 10
-0.790470905511811
 20
3.3834847637795273
 30
0
 11
-0.7909118110236221
 21
3.3845491732283466
 31
0
  0
LINE
  5
5D0
330
1A
100
AcDbEntity
  8
BLACK
  6
CONTINUOUS
100
AcDbLine
 10
-0.7909118110236221
 20
3.3845491732283466
 30
0
 11
-0.7909685433070865
 21
3.3851252362204725
 31
0
  0
LINE
  5
5D1
330
1A
100
AcDbEntity
  8
BLACK
  6
CONTINUOUS
100
AcDbLine
 10
-0.7909685433070865
 20
3.3851252362204725
 30
0
 11
-0.7909685433070865
 21
3.411371968503937
 31
0
  0
LINE
  5
5D2
330
1A
100
AcDbEntity
  8
BLACK
  6
CONTINUOUS
100
AcDbLine
 10
-0.7909685433070865
 20
3.411371968503937
 30
0
 11
-0.7909118110236221
 21
3.4119480314960628
 31
0
  0
LINE
  5
5D3
330
1A
100
AcDbEntity
  8
BLACK
  6
CONTINUOUS
100
AcDbLine
 10
-0.7909118110236221
 20
3.4119480314960628
 30
0
 11
-0.790470905511811
 21
3.4130124409448817
 31
0
  0
LINE
  5
5D4
330
1A
100
AcDbEntity
  8
BLACK
  6
CONTINUOUS
100
AcDbLine
 10
-0.790470905511811
 20
3.4130124409448817
 30
0
 11
-0.7896562598425196
 21
3.4138270866141731
 31
0
  0
LINE
  5
5D5
330
1A
100
AcDbEntity
  8
BLACK
  6
CONTINUOUS
100
AcDbLine
 10
-0.7896562598425196
 20
3.4138270866141731
 30
0
 11
-0.7885918503937007
 21
3.4142679921259842
 31
0
  0
LINE
  5
5D6
330
1A
100
AcDbEntity
  8
BLACK
  6
CONTINUOUS
100
AcDbLine
 10
-0.7885918503937007
 20
3.4142679921259842
 30
0
 11
-0.7874397244094488
 21
3.4142679921259842
 31
0
  0
LINE
  5
5D7
330
1A
100
AcDbEntity
  8
BLACK
  6
CONTINUOUS
100
AcDbLine
 10
-0.7874397244094488
 20
3.4142679921259842
 30
0
 11
-0.78637531496063
 21
3.4138270866141731
 31
0
  0
LINE
  5
5D8
330
1A
100
AcDbEntity
  8
BLACK
  6
CONTINUOUS
100
AcDbLine
 10
-0.78637531496063
 20
3.4138270866141731
 30
0
 11
-0.7855606692913386
 21
3.4130124409448817
 31
0
  0
LINE
  5
5D9
330
1A
100
AcDbEntity
  8
BLACK
  6
CONTINUOUS
100
AcDbLine
 10
-0.7855606692913386
 20
3.4130124409448817
 30
0
 11
-0.7852651968503936
 21
3.41229905511811
 31
0
  0
LINE
  5
5DA
330
1A
100
AcDbEntity
  8
BLACK
  6
CONTINUOUS
100
AcDbLine
 10
-0.7852651968503936
 20
3.41229905511811
 30
0
 11
-0.7818372440944882
 21
3.4140129921259841
 31
0
  0
LINE
  5
5DB
330
1A
100
AcDbEntity
  8
BLACK
  6
CONTINUOUS
100
AcDbLine
 10
-0.7818372440944882
 20
3.4140129921259841
 30
0
 11
-0.781296653543307
 21
3.4142198818897636
 31
0
  0
LINE
  5
5DC
330
1A
100
AcDbEntity
  8
BLACK
  6
CONTINUOUS
100
AcDbLine
 10
-0.781296653543307
 20
3.4142198818897636
 30
0
 11
-0.7811907874015748
 21
3.4142274409448818
 31
0
  0
LINE
  5
5DD
330
1A
100
AcDbEntity
  8
BLACK
  6
CONTINUOUS
100
AcDbLine
 10
-0.7811907874015748
 20
3.4142274409448818
 30
0
 11
-0.7810927952755905
 21
3.4142679921259842
 31
0
  0
LINE
  5
5DE
330
1A
100
AcDbEntity
  8
BLACK
  6
CONTINUOUS
100
AcDbLine
 10
-0.7810927952755905
 20
3.4142679921259842
 30
0
 11
-0.7805167322834645
 21
3.4143247244094486
 31
0
  0
LINE
  5
5DF
330
1A
100
AcDbEntity
  8
BLACK
  6
CONTINUOUS
100
AcDbLine
 10
-0.7805167322834645
 20
3.4143247244094486
 30
0
 11
-0.7767672047244094
 21
3.4143247244094486
 31
0
  0
LINE
  5
5E0
330
1A
100
AcDbEntity
  8
BLACK
  6
CONTINUOUS
100
AcDbLine
 10
-0.7767672047244094
 20
3.4143247244094486
 30
0
 11
-0.7761911417322834
 21
3.4142679921259842
 31
0
  0
LINE
  5
5E1
330
1A
100
AcDbEntity
  8
BLACK
  6
CONTINUOUS
100
AcDbLine
 10
-0.7761911417322834
 20
3.4142679921259842
 30
0
 11
-0.7751267322834645
 21
3.4138270866141731
 31
0
  0
LINE
  5
5E2
330
1A
100
AcDbEntity
  8
BLACK
  6
CONTINUOUS
100
AcDbLine
 10
-0.7751267322834645
 20
3.4138270866141731
 30
0
 11
-0.7743120866141732
 21
3.4130124409448817
 31
0
  0
LINE
  5
5E3
330
1A
100
AcDbEntity
  8
BLACK
  6
CONTINUOUS
100
AcDbLine
 10
-0.7743120866141732
 20
3.4130124409448817
 30
0
 11
-0.7738711811023622
 21
3.4119480314960628
 31
0
  0
LINE
  5
5E4
330
1A
100
AcDbEntity
  8
BLACK
  6
CONTINUOUS
100
AcDbLine
 10
-0.7738711811023622
 20
3.4119480314960628
 30
0
 11
-0.7738711811023622
 21
3.4107959055118111
 31
0
  0
LINE
  5
5E5
330
1A
100
AcDbEntity
  8
BLACK
  6
CONTINUOUS
100
AcDbLine
 10
-0.7738711811023622
 20
3.4107959055118111
 30
0
 11
-0.7743120866141732
 21
3.4097314960629919
 31
0
  0
LINE
  5
5E6
330
1A
100
AcDbEntity
  8
BLACK
  6
CONTINUOUS
100
AcDbLine
 10
-0.7743120866141732
 20
3.4097314960629919
 30
0
 11
-0.7751267322834645
 21
3.4089168503937008
 31
0
  0
LINE
  5
5E7
330
1A
100
AcDbEntity
  8
BLACK
  6
CONTINUOUS
100
AcDbLine
 10
-0.7751267322834645
 20
3.4089168503937008
 30
0
 11
-0.7761911417322834
 21
3.4084759448818898
 31
0
  0
LINE
  5
5E8
330
1A
100
AcDbEntity
  8
BLACK
  6
CONTINUOUS
100
AcDbLine
 10
-0.7761911417322834
 20
3.4084759448818898
 30
0
 11
-0.7767672047244094
 21
3.408419212598425
 31
0
  0
LINE
  5
5E9
330
1A
100
AcDbEntity
  8
BLACK
  6
CONTINUOUS
100
AcDbLine
 10
-0.7767672047244094
 20
3.408419212598425
 30
0
 11
-0.77981968503937
 21
3.408419212598425
 31
0
  0
LINE
  5
5EA
330
1A
100
AcDbEntity
  8
BLACK
  6
CONTINUOUS
100
AcDbLine
 10
-0.77981968503937
 20
3.408419212598425
 30
0
 11
-0.7825171653543307
 21
3.4070704724409446
 31
0
  0
LINE
  5
5EB
330
1A
100
AcDbEntity
  8
BLACK
  6
CONTINUOUS
100
AcDbLine
 10
-0.7825171653543307
 20
3.4070704724409446
 30
0
 11
-0.7837142913385826
 21
3.4058733464566928
 31
0
  0
LINE
  5
5EC
330
1A
100
AcDbEntity
  8
BLACK
  6
CONTINUOUS
100
AcDbLine
 10
-0.7837142913385826
 20
3.4058733464566928
 30
0
 11
-0.7850630314960629
 21
3.4031758661417322
 31
0
  0
LINE
  5
5ED
330
1A
100
AcDbEntity
  8
BLACK
  6
CONTINUOUS
100
AcDbLine
 10
-0.7850630314960629
 20
3.4031758661417322
 30
0
 11
-0.7850630314960629
 21
3.3851252362204725
 31
0
  0
LINE
  5
5EE
330
1A
100
AcDbEntity
  8
BLACK
  6
CONTINUOUS
100
AcDbLine
 10
-0.7850630314960629
 20
3.3851252362204725
 30
0
 11
-0.7851197637795275
 21
3.3845491732283466
 31
0
  0
LINE
  5
5EF
330
1A
100
AcDbEntity
  8
BLACK
  6
CONTINUOUS
100
AcDbLine
 10
-0.7851197637795275
 20
3.3845491732283466
 30
0
 11
-0.7855606692913386
 21
3.3834847637795273
 31
0
  0
LINE
  5
5F0
330
1A
100
AcDbEntity
  8
BLACK
  6
CONTINUOUS
100
AcDbLine
 10
-0.7855606692913386
 20
3.3834847637795273
 30
0
 11
-0.7860926771653544
 21
3.3829527559055119
 31
0
  0
LINE
  5
5F1
330
1A
100
AcDbEntity
  8
BLACK
  6
CONTINUOUS
100
AcDbLine
 10
-0.7860926771653544
 20
3.3829527559055119
 30
0
 11
-0.7754990157480315
 21
3.3829527559055119
 31
0
  0
LINE
  5
5F2
330
1A
100
AcDbEntity
  8
BLACK
  6
CONTINUOUS
100
AcDbLine
 10
-0.7754990157480315
 20
3.3829527559055119
 30
0
 11
-0.7754727559055118
 21
3.383016181102362
 31
0
  0
LINE
  5
5F3
330
1A
100
AcDbEntity
  8
BLACK
  6
CONTINUOUS
100
AcDbLine
 10
-0.7754727559055118
 20
3.383016181102362
 30
0
 11
-0.7746581102362204
 21
3.3838308267716535
 31
0
  0
LINE
  5
5F4
330
1A
100
AcDbEntity
  8
BLACK
  6
CONTINUOUS
100
AcDbLine
 10
-0.7746581102362204
 20
3.3838308267716535
 30
0
 11
-0.7735937007874015
 21
3.3842717322834646
 31
0
  0
LINE
  5
5F5
330
1A
100
AcDbEntity
  8
BLACK
  6
CONTINUOUS
100
AcDbLine
 10
-0.7735937007874015
 20
3.3842717322834646
 30
0
 11
-0.7730176377952755
 21
3.3843284645669289
 31
0
  0
LINE
  5
5F6
330
1A
100
AcDbEntity
  8
BLACK
  6
CONTINUOUS
100
AcDbLine
 10
-0.7730176377952755
 20
3.3843284645669289
 30
0
 11
-0.7430214173228347
 21
3.3843284645669289
 31
0
  0
LINE
  5
5F7
330
1A
100
AcDbEntity
  8
BLACK
  6
CONTINUOUS
100
AcDbLine
 10
-0.7430214173228347
 20
3.3843284645669289
 30
0
 11
-0.7424453543307087
 21
3.3842717322834646
 31
0
  0
LINE
  5
5F8
330
1A
100
AcDbEntity
  8
BLACK
  6
CONTINUOUS
100
AcDbLine
 10
-0.7424453543307087
 20
3.3842717322834646
 30
0
 11
-0.7413809448818898
 21
3.3838308267716535
 31
0
  0
LINE
  5
5F9
330
1A
100
AcDbEntity
  8
BLACK
  6
CONTINUOUS
100
AcDbLine
 10
-0.7413809448818898
 20
3.3838308267716535
 30
0
 11
-0.7405662992125984
 21
3.383016181102362
 31
0
  0
LINE
  5
5FA
330
1A
100
AcDbEntity
  8
BLACK
  6
CONTINUOUS
100
AcDbLine
 10
-0.7405662992125984
 20
3.383016181102362
 30
0
 11
-0.7405400393700787
 21
3.3829527559055119
 31
0
  0
LINE
  5
5FB
330
1A
100
AcDbEntity
  8
BLACK
  6
CONTINUOUS
100
AcDbLine
 10
-0.7405400393700787
 20
3.3829527559055119
 30
0
 11
-0.7355706692913385
 21
3.3829527559055119
 31
0
  0
LINE
  5
5FC
330
1A
100
AcDbEntity
  8
BLACK
  6
CONTINUOUS
100
AcDbLine
 10
-0.7355706692913385
 20
3.3829527559055119
 30
0
 11
-0.7361026771653543
 21
3.3834847637795273
 31
0
  0
LINE
  5
5FD
330
1A
100
AcDbEntity
  8
BLACK
  6
CONTINUOUS
100
AcDbLine
 10
-0.7361026771653543
 20
3.3834847637795273
 30
0
 11
-0.7365435826771654
 21
3.3845491732283466
 31
0
  0
LINE
  5
5FE
330
1A
100
AcDbEntity
  8
BLACK
  6
CONTINUOUS
100
AcDbLine
 10
-0.7365435826771654
 20
3.3845491732283466
 30
0
 11
-0.7366003149606299
 21
3.3851252362204725
 31
0
  0
LINE
  5
5FF
330
1A
100
AcDbEntity
  8
BLACK
  6
CONTINUOUS
100
AcDbLine
 10
-0.7366003149606299
 20
3.3851252362204725
 30
0
 11
-0.7366003149606299
 21
3.411371968503937
 31
0
  0
LINE
  5
600
330
1A
100
AcDbEntity
  8
BLACK
  6
CONTINUOUS
100
AcDbLine
 10
-0.7366003149606299
 20
3.411371968503937
 30
0
 11
-0.7365435826771654
 21
3.4119480314960628
 31
0
  0
LINE
  5
601
330
1A
100
AcDbEntity
  8
BLACK
  6
CONTINUOUS
100
AcDbLine
 10
-0.7365435826771654
 20
3.4119480314960628
 30
0
 11
-0.7361026771653543
 21
3.4130124409448817
 31
0
  0
LINE
  5
602
330
1A
100
AcDbEntity
  8
BLACK
  6
CONTINUOUS
100
AcDbLine
 10
-0.7361026771653543
 20
3.4130124409448817
 30
0
 11
-0.7352880314960629
 21
3.4138270866141731
 31
0
  0
LINE
  5
603
330
1A
100
AcDbEntity
  8
BLACK
  6
CONTINUOUS
100
AcDbLine
 10
-0.7352880314960629
 20
3.4138270866141731
 30
0
 11
-0.7342236220472441
 21
3.4142679921259842
 31
0
  0
LINE
  5
604
330
1A
100
AcDbEntity
  8
BLACK
  6
CONTINUOUS
100
AcDbLine
 10
-0.7342236220472441
 20
3.4142679921259842
 30
0
 11
-0.7330714960629922
 21
3.4142679921259842
 31
0
  0
LINE
  5
605
330
1A
100
AcDbEntity
  8
BLACK
  6
CONTINUOUS
100
AcDbLine
 10
-0.7330714960629922
 20
3.4142679921259842
 30
0
 11
-0.7320070866141732
 21
3.4138270866141731
 31
0
  0
LINE
  5
606
330
1A
100
AcDbEntity
  8
BLACK
  6
CONTINUOUS
100
AcDbLine
 10
-0.7320070866141732
 20
3.4138270866141731
 30
0
 11
-0.7312432677165354
 21
3.4130632677165353
 31
0
  0
LINE
  5
607
330
1A
100
AcDbEntity
  8
BLACK
  6
CONTINUOUS
100
AcDbLine
 10
-0.7312432677165354
 20
3.4130632677165353
 30
0
 11
-0.729343779527559
 21
3.4140129921259841
 31
0
  0
LINE
  5
608
330
1A
100
AcDbEntity
  8
BLACK
  6
CONTINUOUS
100
AcDbLine
 10
-0.729343779527559
 20
3.4140129921259841
 30
0
 11
-0.728803188976378
 21
3.4142198818897636
 31
0
  0
LINE
  5
609
330
1A
100
AcDbEntity
  8
BLACK
  6
CONTINUOUS
100
AcDbLine
 10
-0.728803188976378
 20
3.4142198818897636
 30
0
 11
-0.7286973228346456
 21
3.4142274409448818
 31
0
  0
LINE
  5
60A
330
1A
100
AcDbEntity
  8
BLACK
  6
CONTINUOUS
100
AcDbLine
 10
-0.7286973228346456
 20
3.4142274409448818
 30
0
 11
-0.7285993307086615
 21
3.4142679921259842
 31
0
  0
LINE
  5
60B
330
1A
100
AcDbEntity
  8
BLACK
  6
CONTINUOUS
100
AcDbLine
 10
-0.7285993307086615
 20
3.4142679921259842
 30
0
 11
-0.7280232677165355
 21
3.4143247244094486
 31
0
  0
LINE
  5
60C
330
1A
100
AcDbEntity
  8
BLACK
  6
CONTINUOUS
100
AcDbLine
 10
-0.7280232677165355
 20
3.4143247244094486
 30
0
 11
-0.7223989763779527
 21
3.4143247244094486
 31
0
  0
LINE
  5
60D
330
1A
100
AcDbEntity
  8
BLACK
  6
CONTINUOUS
100
AcDbLine
 10
-0.7223989763779527
 20
3.4143247244094486
 30
0
 11
-0.7218229133858267
 21
3.4142679921259842
 31
0
  0
LINE
  5
60E
330
1A
100
AcDbEntity
  8
BLACK
  6
CONTINUOUS
100
AcDbLine
 10
-0.7218229133858267
 20
3.4142679921259842
 30
0
 11
-0.7217249212598426
 21
3.4142274015748031
 31
0
  0
LINE
  5
60F
330
1A
100
AcDbEntity
  8
BLACK
  6
CONTINUOUS
100
AcDbLine
 10
-0.7217249212598426
 20
3.4142274015748031
 30
0
 11
-0.721619094488189
 21
3.4142198818897636
 31
0
  0
LINE
  5
610
330
1A
100
AcDbEntity
  8
BLACK
  6
CONTINUOUS
100
AcDbLine
 10
-0.721619094488189
 20
3.4142198818897636
 30
0
 11
-0.7210784645669291
 21
3.4140129921259841
 31
0
  0
LINE
  5
611
330
1A
100
AcDbEntity
  8
BLACK
  6
CONTINUOUS
100
AcDbLine
 10
-0.7210784645669291
 20
3.4140129921259841
 30
0
 11
-0.717328937007874
 21
3.4121382283464565
 31
0
  0
LINE
  5
612
330
1A
100
AcDbEntity
  8
BLACK
  6
CONTINUOUS
100
AcDbLine
 10
-0.717328937007874
 20
3.4121382283464565
 30
0
 11
-0.7172325984251968
 21
3.412077598425197
 31
0
  0
LINE
  5
613
330
1A
100
AcDbEntity
  8
BLACK
  6
CONTINUOUS
100
AcDbLine
 10
-0.7172325984251968
 20
3.412077598425197
 30
0
 11
-0.7171871653543307
 21
3.4120624409448816
 31
0
  0
LINE
  5
614
330
1A
100
AcDbEntity
  8
BLACK
  6
CONTINUOUS
100
AcDbLine
 10
-0.7171871653543307
 20
3.4120624409448816
 30
0
 11
-0.7171306299212599
 21
3.4120134251968501
 31
0
  0
LINE
  5
615
330
1A
100
AcDbEntity
  8
BLACK
  6
CONTINUOUS
100
AcDbLine
 10
-0.7171306299212599
 20
3.4120134251968501
 30
0
 11
-0.7168390551181102
 21
3.4118298818897639
 31
0
  0
LINE
  5
616
330
1A
100
AcDbEntity
  8
BLACK
  6
CONTINUOUS
100
AcDbLine
 10
-0.7168390551181102
 20
3.4118298818897639
 30
0
 11
-0.71677468503937
 21
3.4117556692913387
 31
0
  0
LINE
  5
617
330
1A
100
AcDbEntity
  8
BLACK
  6
CONTINUOUS
100
AcDbLine
 10
-0.71677468503937
 20
3.4117556692913387
 30
0
 11
-0.7167103149606299
 21
3.4118298818897639
 31
0
  0
LINE
  5
618
330
1A
100
AcDbEntity
  8
BLACK
  6
CONTINUOUS
100
AcDbLine
 10
-0.7167103149606299
 20
3.4118298818897639
 30
0
 11
-0.7164187795275591
 21
3.4120134251968501
 31
0
  0
LINE
  5
619
330
1A
100
AcDbEntity
  8
BLACK
  6
CONTINUOUS
100
AcDbLine
 10
-0.7164187795275591
 20
3.4120134251968501
 30
0
 11
-0.7163622047244095
 21
3.4120624409448816
 31
0
  0
LINE
  5
61A
330
1A
100
AcDbEntity
  8
BLACK
  6
CONTINUOUS
100
AcDbLine
 10
-0.7163622047244095
 20
3.4120624409448816
 30
0
 11
-0.716316811023622
 21
3.412077598425197
 31
0
  0
LINE
  5
61B
330
1A
100
AcDbEntity
  8
BLACK
  6
CONTINUOUS
100
AcDbLine
 10
-0.716316811023622
 20
3.412077598425197
 30
0
 11
-0.7162204330708661
 21
3.4121382283464565
 31
0
  0
LINE
  5
61C
330
1A
100
AcDbEntity
  8
BLACK
  6
CONTINUOUS
100
AcDbLine
 10
-0.7162204330708661
 20
3.4121382283464565
 30
0
 11
-0.712470905511811
 21
3.4140129921259841
 31
0
  0
LINE
  5
61D
330
1A
100
AcDbEntity
  8
BLACK
  6
CONTINUOUS
100
AcDbLine
 10
-0.712470905511811
 20
3.4140129921259841
 30
0
 11
-0.7119303149606299
 21
3.4142198818897636
 31
0
  0
LINE
  5
61E
330
1A
100
AcDbEntity
  8
BLACK
  6
CONTINUOUS
100
AcDbLine
 10
-0.7119303149606299
 20
3.4142198818897636
 30
0
 11
-0.7118244488188976
 21
3.4142274409448818
 31
0
  0
LINE
  5
61F
330
1A
100
AcDbEntity
  8
BLACK
  6
CONTINUOUS
100
AcDbLine
 10
-0.7118244488188976
 20
3.4142274409448818
 30
0
 11
-0.7117264566929133
 21
3.4142679921259842
 31
0
  0
LINE
  5
620
330
1A
100
AcDbEntity
  8
BLACK
  6
CONTINUOUS
100
AcDbLine
 10
-0.7117264566929133
 20
3.4142679921259842
 30
0
 11
-0.7111503937007874
 21
3.4143247244094486
 31
0
  0
LINE
  5
621
330
1A
100
AcDbEntity
  8
BLACK
  6
CONTINUOUS
100
AcDbLine
 10
-0.7111503937007874
 20
3.4143247244094486
 30
0
 11
-0.7055261023622047
 21
3.4143247244094486
 31
0
  0
LINE
  5
622
330
1A
100
AcDbEntity
  8
BLACK
  6
CONTINUOUS
100
AcDbLine
 10
-0.7055261023622047
 20
3.4143247244094486
 30
0
 11
-0.7049500393700787
 21
3.4142679921259842
 31
0
  0
LINE
  5
623
330
1A
100
AcDbEntity
  8
BLACK
  6
CONTINUOUS
100
AcDbLine
 10
-0.7049500393700787
 20
3.4142679921259842
 30
0
 11
-0.7048520472440944
 21
3.4142274015748031
 31
0
  0
LINE
  5
624
330
1A
100
AcDbEntity
  8
BLACK
  6
CONTINUOUS
100
AcDbLine
 10
-0.7048520472440944
 20
3.4142274015748031
 30
0
 11
-0.704746220472441
 21
3.4142198818897636
 31
0
  0
LINE
  5
625
330
1A
100
AcDbEntity
  8
BLACK
  6
CONTINUOUS
100
AcDbLine
 10
-0.704746220472441
 20
3.4142198818897636
 30
0
 11
-0.704205590551181
 21
3.4140129921259841
 31
0
  0
LINE
  5
626
330
1A
100
AcDbEntity
  8
BLACK
  6
CONTINUOUS
100
AcDbLine
 10
-0.704205590551181
 20
3.4140129921259841
 30
0
 11
-0.7004560236220472
 21
3.4121382283464565
 31
0
  0
LINE
  5
627
330
1A
100
AcDbEntity
  8
BLACK
  6
CONTINUOUS
100
AcDbLine
 10
-0.7004560236220472
 20
3.4121382283464565
 30
0
 11
-0.7003597244094488
 21
3.412077598425197
 31
0
  0
LINE
  5
628
330
1A
100
AcDbEntity
  8
BLACK
  6
CONTINUOUS
100
AcDbLine
 10
-0.7003597244094488
 20
3.412077598425197
 30
0
 11
-0.7003142519685039
 21
3.4120624409448816
 31
0
  0
LINE
  5
629
330
1A
100
AcDbEntity
  8
BLACK
  6
CONTINUOUS
100
AcDbLine
 10
-0.7003142519685039
 20
3.4120624409448816
 30
0
 11
-0.7002576771653544
 21
3.4120133858267714
 31
0
  0
LINE
  5
62A
330
1A
100
AcDbEntity
  8
BLACK
  6
CONTINUOUS
100
AcDbLine
 10
-0.7002576771653544
 20
3.4120133858267714
 30
0
 11
-0.6999661811023622
 21
3.4118298818897639
 31
0
  0
LINE
  5
62B
330
1A
100
AcDbEntity
  8
BLACK
  6
CONTINUOUS
100
AcDbLine
 10
-0.6999661811023622
 20
3.4118298818897639
 30
0
 11
-0.6997237007874015
 21
3.4115502755905509
 31
0
  0
LINE
  5
62C
330
1A
100
AcDbEntity
  8
BLACK
  6
CONTINUOUS
100
AcDbLine
 10
-0.6997237007874015
 20
3.4115502755905509
 30
0
 11
-0.6994438582677165
 21
3.4113075984251968
 31
0
  0
LINE
  5
62D
330
1A
100
AcDbEntity
  8
BLACK
  6
CONTINUOUS
100
AcDbLine
 10
-0.6994438582677165
 20
3.4113075984251968
 30
0
 11
-0.6992603543307087
 21
3.4110160629921258
 31
0
  0
LINE
  5
62E
330
1A
100
AcDbEntity
  8
BLACK
  6
CONTINUOUS
100
AcDbLine
 10
-0.6992603543307087
 20
3.4110160629921258
 30
0
 11
-0.6992112992125984
 21
3.4109594881889764
 31
0
  0
LINE
  5
62F
330
1A
100
AcDbEntity
  8
BLACK
  6
CONTINUOUS
100
AcDbLine
 10
-0.6992112992125984
 20
3.4109594881889764
 30
0
 11
-0.6991961811023621
 21
3.4109140944881888
 31
0
  0
LINE
  5
630
330
1A
100
AcDbEntity
  8
BLACK
  6
CONTINUOUS
100
AcDbLine
 10
-0.6991961811023621
 20
3.4109140944881888
 30
0
 11
-0.6991355118110236
 21
3.410817716535433
 31
0
  0
LINE
  5
631
330
1A
100
AcDbEntity
  8
BLACK
  6
CONTINUOUS
100
AcDbLine
 10
-0.6991355118110236
 20
3.410817716535433
 30
0
 11
-0.6972607480314961
 21
3.4070681889763779
 31
0
  0
LINE
  5
632
330
1A
100
AcDbEntity
  8
BLACK
  6
CONTINUOUS
100
AcDbLine
 10
-0.6972607480314961
 20
3.4070681889763779
 30
0
 11
-0.6970538582677165
 21
3.4065275984251966
 31
0
  0
LINE
  5
633
330
1A
100
AcDbEntity
  8
BLACK
  6
CONTINUOUS
100
AcDbLine
 10
-0.6970538582677165
 20
3.4065275984251966
 30
0
 11
-0.6970463385826772
 21
3.4064217322834645
 31
0
  0
LINE
  5
634
330
1A
100
AcDbEntity
  8
BLACK
  6
CONTINUOUS
100
AcDbLine
 10
-0.6970463385826772
 20
3.4064217322834645
 30
0
 11
-0.6970057480314961
 21
3.4063237401574802
 31
0
  0
LINE
  5
635
330
1A
100
AcDbEntity
  8
BLACK
  6
CONTINUOUS
100
AcDbLine
 10
-0.6970057480314961
 20
3.4063237401574802
 30
0
 11
-0.6969490157480315
 21
3.4057476771653543
 31
0
  0
LINE
  5
636
330
1A
100
AcDbEntity
  8
BLACK
  6
CONTINUOUS
100
AcDbLine
 10
-0.6969490157480315
 20
3.4057476771653543
 30
0
 11
-0.6969490157480315
 21
3.3851252362204725
 31
0
  0
LINE
  5
637
330
1A
100
AcDbEntity
  8
BLACK
  6
CONTINUOUS
100
AcDbLine
 10
-0.6969490157480315
 20
3.3851252362204725
 30
0
 11
-0.6970057480314961
 21
3.3845491732283466
 31
0
  0
LINE
  5
638
330
1A
100
AcDbEntity
  8
BLACK
  6
CONTINUOUS
100
AcDbLine
 10
-0.6970057480314961
 20
3.3845491732283466
 30
0
 11
-0.697446653543307
 21
3.3834847637795273
 31
0
  0
LINE
  5
639
330
1A
100
AcDbEntity
  8
BLACK
  6
CONTINUOUS
100
AcDbLine
 10
-0.697446653543307
 20
3.3834847637795273
 30
0
 11
-0.6979786614173228
 21
3.3829527559055119
 31
0
  0
LINE
  5
63A
330
1A
100
AcDbEntity
  8
BLACK
  6
CONTINUOUS
100
AcDbLine
 10
-0.6979786614173228
 20
3.3829527559055119
 30
0
 11
-0.6777874409448819
 21
3.3829527559055119
 31
0
  0
LINE
  5
63B
330
1A
100
AcDbEntity
  8
BLACK
  6
CONTINUOUS
100
AcDbLine
 10
-0.6777874409448819
 20
3.3829527559055119
 30
0
 11
-0.6805998818897637
 21
3.3843589763779525
 31
0
  0
LINE
  5
63C
330
1A
100
AcDbEntity
  8
BLACK
  6
CONTINUOUS
100
AcDbLine
 10
-0.6805998818897637
 20
3.3843589763779525
 30
0
 11
-0.6808479133858267
 21
3.3845150787401574
 31
0
  0
LINE
  5
63D
330
1A
100
AcDbEntity
  8
BLACK
  6
CONTINUOUS
100
AcDbLine
 10
-0.6808479133858267
 20
3.3845150787401574
 30
0
 11
-0.6809198425196851
 21
3.3845448818897639
 31
0
  0
LINE
  5
63E
330
1A
100
AcDbEntity
  8
BLACK
  6
CONTINUOUS
100
AcDbLine
 10
-0.6809198425196851
 20
3.3845448818897639
 30
0
 11
-0.6810008267716535
 21
3.384611338582677
 31
0
  0
LINE
  5
63F
330
1A
100
AcDbEntity
  8
BLACK
  6
CONTINUOUS
100
AcDbLine
 10
-0.6810008267716535
 20
3.384611338582677
 30
0
 11
-0.6810897637795276
 21
3.3846673228346456
 31
0
  0
LINE
  5
640
330
1A
100
AcDbEntity
  8
BLACK
  6
CONTINUOUS
100
AcDbLine
 10
-0.6810897637795276
 20
3.3846673228346456
 30
0
 11
-0.6811409842519685
 21
3.3847263779527559
 31
0
  0
LINE
  5
641
330
1A
100
AcDbEntity
  8
BLACK
  6
CONTINUOUS
100
AcDbLine
 10
-0.6811409842519685
 20
3.3847263779527559
 30
0
 11
-0.6813673228346456
 21
3.3849121259842518
 31
0
  0
LINE
  5
642
330
1A
100
AcDbEntity
  8
BLACK
  6
CONTINUOUS
100
AcDbLine
 10
-0.6813673228346456
 20
3.3849121259842518
 30
0
 11
-0.6832420866141732
 21
3.3867869291338581
 31
0
  0
LINE
  5
643
330
1A
100
AcDbEntity
  8
BLACK
  6
CONTINUOUS
100
AcDbLine
 10
-0.6832420866141732
 20
3.3867869291338581
 30
0
 11
-0.6834278346456693
 21
3.3870132677165352
 31
0
  0
LINE
  5
644
330
1A
100
AcDbEntity
  8
BLACK
  6
CONTINUOUS
100
AcDbLine
 10
-0.6834278346456693
 20
3.3870132677165352
 30
0
 11
-0.6834868110236221
 21
3.3870644094488189
 31
0
  0
LINE
  5
645
330
1A
100
AcDbEntity
  8
BLACK
  6
CONTINUOUS
100
AcDbLine
 10
-0.6834868110236221
 20
3.3870644094488189
 30
0
 11
-0.6835427952755906
 21
3.3871533464566927
 31
0
  0
LINE
  5
646
330
1A
100
AcDbEntity
  8
BLACK
  6
CONTINUOUS
100
AcDbLine
 10
-0.6835427952755906
 20
3.3871533464566927
 30
0
 11
-0.6836092913385826
 21
3.38723437007874
 31
0
  0
LINE
  5
647
330
1A
100
AcDbEntity
  8
BLACK
  6
CONTINUOUS
100
AcDbLine
 10
-0.6836092913385826
 20
3.38723437007874
 30
0
 11
-0.6836391338582677
 21
3.3873064173228347
 31
0
  0
LINE
  5
648
330
1A
100
AcDbEntity
  8
BLACK
  6
CONTINUOUS
100
AcDbLine
 10
-0.6836391338582677
 20
3.3873064173228347
 30
0
 11
-0.6837951574803149
 21
3.3875542913385828
 31
0
  0
LINE
  5
649
330
1A
100
AcDbEntity
  8
BLACK
  6
CONTINUOUS
100
AcDbLine
 10
-0.6837951574803149
 20
3.3875542913385828
 30
0
 11
-0.6856699212598425
 21
3.3913038188976379
 31
0
  0
LINE
  5
64A
330
1A
100
AcDbEntity
  8
BLACK
  6
CONTINUOUS
100
AcDbLine
 10
-0.6856699212598425
 20
3.3913038188976379
 30
0
 11
-0.6858768110236221
 21
3.3918444488188975
 31
0
  0
LINE
  5
64B
330
1A
100
AcDbEntity
  8
BLACK
  6
CONTINUOUS
100
AcDbLine
 10
-0.6858768110236221
 20
3.3918444488188975
 30
0
 11
-0.6858843307086614
 21
3.3919502755905513
 31
0
  0
LINE
  5
64C
330
1A
100
AcDbEntity
  8
BLACK
  6
CONTINUOUS
100
AcDbLine
 10
-0.6858843307086614
 20
3.3919502755905513
 30
0
 11
-0.6859249212598425
 21
3.3920482677165356
 31
0
  0
LINE
  5
64D
330
1A
100
AcDbEntity
  8
BLACK
  6
CONTINUOUS
100
AcDbLine
 10
-0.6859249212598425
 20
3.3920482677165356
 30
0
 11
-0.6859816535433071
 21
3.3926243307086614
 31
0
  0
LINE
  5
64E
330
1A
100
AcDbEntity
  8
BLACK
  6
CONTINUOUS
100
AcDbLine
 10
-0.6859816535433071
 20
3.3926243307086614
 30
0
 11
-0.6859816535433071
 21
3.4038729133858268
 31
0
  0
LINE
  5
64F
330
1A
100
AcDbEntity
  8
BLACK
  6
CONTINUOUS
100
AcDbLine
 10
-0.6859816535433071
 20
3.4038729133858268
 30
0
 11
-0.6859249212598425
 21
3.4044489763779526
 31
0
  0
LINE
  5
650
330
1A
100
AcDbEntity
  8
BLACK
  6
CONTINUOUS
100
AcDbLine
 10
-0.6859249212598425
 20
3.4044489763779526
 30
0
 11
-0.6858843307086614
 21
3.4045470078740157
 31
0
  0
LINE
  5
651
330
1A
100
AcDbEntity
  8
BLACK
  6
CONTINUOUS
100
AcDbLine
 10
-0.6858843307086614
 20
3.4045470078740157
 30
0
 11
-0.6858768110236221
 21
3.4046527952755903
 31
0
  0
LINE
  5
652
330
1A
100
AcDbEntity
  8
BLACK
  6
CONTINUOUS
100
AcDbLine
 10
-0.6858768110236221
 20
3.4046527952755903
 30
0
 11
-0.6856699212598425
 21
3.4051934251968503
 31
0
  0
LINE
  5
653
330
1A
100
AcDbEntity
  8
BLACK
  6
CONTINUOUS
100
AcDbLine
 10
-0.6856699212598425
 20
3.4051934251968503
 30
0
 11
-0.6837951574803149
 21
3.4089429527559054
 31
0
  0
LINE
  5
654
330
1A
100
AcDbEntity
  8
BLACK
  6
CONTINUOUS
100
AcDbLine
 10
-0.6837951574803149
 20
3.4089429527559054
 30
0
 11
-0.6836390944881889
 21
3.4091909842519685
 31
0
  0
LINE
  5
655
330
1A
100
AcDbEntity
  8
BLACK
  6
CONTINUOUS
100
AcDbLine
 10
-0.6836390944881889
 20
3.4091909842519685
 30
0
 11
-0.683609251968504
 21
3.4092629133858265
 31
0
  0
LINE
  5
656
330
1A
100
AcDbEntity
  8
BLACK
  6
CONTINUOUS
100
AcDbLine
 10
-0.683609251968504
 20
3.4092629133858265
 30
0
 11
-0.6835427952755906
 21
3.409343897637795
 31
0
  0
LINE
  5
657
330
1A
100
AcDbEntity
  8
BLACK
  6
CONTINUOUS
100
AcDbLine
 10
-0.6835427952755906
 20
3.409343897637795
 30
0
 11
-0.6834868110236221
 21
3.4094328346456693
 31
0
  0
LINE
  5
658
330
1A
100
AcDbEntity
  8
BLACK
  6
CONTINUOUS
100
AcDbLine
 10
-0.6834868110236221
 20
3.4094328346456693
 30
0
 11
-0.6834278346456693
 21
3.4094840157480313
 31
0
  0
LINE
  5
659
330
1A
100
AcDbEntity
  8
BLACK
  6
CONTINUOUS
100
AcDbLine
 10
-0.6834278346456693
 20
3.4094840157480313
 30
0
 11
-0.6832420472440944
 21
3.4097103543307088
 31
0
  0
LINE
  5
65A
330
1A
100
AcDbEntity
  8
BLACK
  6
CONTINUOUS
100
AcDbLine
 10
-0.6832420472440944
 20
3.4097103543307088
 30
0
 11
-0.6813672834645669
 21
3.4115851181102363
 31
0
  0
LINE
  5
65B
330
1A
100
AcDbEntity
  8
BLACK
  6
CONTINUOUS
100
AcDbLine
 10
-0.6813672834645669
 20
3.4115851181102363
 30
0
 11
-0.6811409448818897
 21
3.4117709055118111
 31
0
  0
LINE
  5
65C
330
1A
100
AcDbEntity
  8
BLACK
  6
CONTINUOUS
100
AcDbLine
 10
-0.6811409448818897
 20
3.4117709055118111
 30
0
 11
-0.6810897637795276
 21
3.4118298818897639
 31
0
  0
LINE
  5
65D
330
1A
100
AcDbEntity
  8
BLACK
  6
CONTINUOUS
100
AcDbLine
 10
-0.6810897637795276
 20
3.4118298818897639
 30
0
 11
-0.6810008267716535
 21
3.4118858661417324
 31
0
  0
LINE
  5
65E
330
1A
100
AcDbEntity
  8
BLACK
  6
CONTINUOUS
100
AcDbLine
 10
-0.6810008267716535
 20
3.4118858661417324
 30
0
 11
-0.6809198425196851
 21
3.4119523228346456
 31
0
  0
LINE
  5
65F
330
1A
100
AcDbEntity
  8
BLACK
  6
CONTINUOUS
100
AcDbLine
 10
-0.6809198425196851
 20
3.4119523228346456
 30
0
 11
-0.6808479133858267
 21
3.4119821653543307
 31
0
  0
LINE
  5
660
330
1A
100
AcDbEntity
  8
BLACK
  6
CONTINUOUS
100
AcDbLine
 10
-0.6808479133858267
 20
3.4119821653543307
 30
0
 11
-0.6805998818897637
 21
3.4121382283464565
 31
0
  0
LINE
  5
661
330
1A
100
AcDbEntity
  8
BLACK
  6
CONTINUOUS
100
AcDbLine
 10
-0.6805998818897637
 20
3.4121382283464565
 30
0
 11
-0.6768503543307086
 21
3.4140129921259841
 31
0
  0
LINE
  5
662
330
1A
100
AcDbEntity
  8
BLACK
  6
CONTINUOUS
100
AcDbLine
 10
-0.6768503543307086
 20
3.4140129921259841
 30
0
 11
-0.6763097637795276
 21
3.4142198818897636
 31
0
  0
LINE
  5
663
330
1A
100
AcDbEntity
  8
BLACK
  6
CONTINUOUS
100
AcDbLine
 10
-0.6763097637795276
 20
3.4142198818897636
 30
0
 11
-0.6762038976377953
 21
3.4142274409448818
 31
0
  0
LINE
  5
664
330
1A
100
AcDbEntity
  8
BLACK
  6
CONTINUOUS
100
AcDbLine
 10
-0.6762038976377953
 20
3.4142274409448818
 30
0
 11
-0.676105905511811
 21
3.4142679921259842
 31
0
  0
LINE
  5
665
330
1A
100
AcDbEntity
  8
BLACK
  6
CONTINUOUS
100
AcDbLine
 10
-0.676105905511811
 20
3.4142679921259842
 30
0
 11
-0.6755298425196851
 21
3.4143247244094486
 31
0
  0
LINE
  5
666
330
1A
100
AcDbEntity
  8
BLACK
  6
CONTINUOUS
100
AcDbLine
 10
-0.6755298425196851
 20
3.4143247244094486
 30
0
 11
-0.6699055511811024
 21
3.4143247244094486
 31
0
  0
LINE
  5
667
330
1A
100
AcDbEntity
  8
BLACK
  6
CONTINUOUS
100
AcDbLine
 10
-0.6699055511811024
 20
3.4143247244094486
 30
0
 11
-0.6693294881889764
 21
3.4142679921259842
 31
0
  0
LINE
  5
668
330
1A
100
AcDbEntity
  8
BLACK
  6
CONTINUOUS
100
AcDbLine
 10
-0.6693294881889764
 20
3.4142679921259842
 30
0
 11
-0.6692314960629921
 21
3.4142274015748031
 31
0
  0
LINE
  5
669
330
1A
100
AcDbEntity
  8
BLACK
  6
CONTINUOUS
100
AcDbLine
 10
-0.6692314960629921
 20
3.4142274015748031
 30
0
 11
-0.6691256692913385
 21
3.4142198818897636
 31
0
  0
LINE
  5
66A
330
1A
100
AcDbEntity
  8
BLACK
  6
CONTINUOUS
100
AcDbLine
 10
-0.6691256692913385
 20
3.4142198818897636
 30
0
 11
-0.6685850393700787
 21
3.4140129921259841
 31
0
  0
LINE
  5
66B
330
1A
100
AcDbEntity
  8
BLACK
  6
CONTINUOUS
100
AcDbLine
 10
-0.6685850393700787
 20
3.4140129921259841
 30
0
 11
-0.6648355118110236
 21
3.4121382283464565
 31
0
  0
LINE
  5
66C
330
1A
100
AcDbEntity
  8
BLACK
  6
CONTINUOUS
100
AcDbLine
 10
-0.6648355118110236
 20
3.4121382283464565
 30
0
 11
-0.6645875196850394
 21
3.4119821653543307
 31
0
  0
LINE
  5
66D
330
1A
100
AcDbEntity
  8
BLACK
  6
CONTINUOUS
100
AcDbLine
 10
-0.6645875196850394
 20
3.4119821653543307
 30
0
 11
-0.6645155511811024
 21
3.4119523228346456
 31
0
  0
LINE
  5
66E
330
1A
100
AcDbEntity
  8
BLACK
  6
CONTINUOUS
100
AcDbLine
 10
-0.6645155511811024
 20
3.4119523228346456
 30
0
 11
-0.6644346062992126
 21
3.4118858661417324
 31
0
  0
LINE
  5
66F
330
1A
100
AcDbEntity
  8
BLACK
  6
CONTINUOUS
100
AcDbLine
 10
-0.6644346062992126
 20
3.4118858661417324
 30
0
 11
-0.6643456299212598
 21
3.4118298818897639
 31
0
  0
LINE
  5
670
330
1A
100
AcDbEntity
  8
BLACK
  6
CONTINUOUS
100
AcDbLine
 10
-0.6643456299212598
 20
3.4118298818897639
 30
0
 11
-0.6642944881889764
 21
3.4117709055118111
 31
0
  0
LINE
  5
671
330
1A
100
AcDbEntity
  8
BLACK
  6
CONTINUOUS
100
AcDbLine
 10
-0.6642944881889764
 20
3.4117709055118111
 30
0
 11
-0.6640681102362205
 21
3.4115851181102363
 31
0
  0
LINE
  5
672
330
1A
100
AcDbEntity
  8
BLACK
  6
CONTINUOUS
100
AcDbLine
 10
-0.6640681102362205
 20
3.4115851181102363
 30
0
 11
-0.6621933464566929
 21
3.4097103543307088
 31
0
  0
LINE
  5
673
330
1A
100
AcDbEntity
  8
BLACK
  6
CONTINUOUS
100
AcDbLine
 10
-0.6621933464566929
 20
3.4097103543307088
 30
0
 11
-0.6620075984251969
 21
3.4094840157480313
 31
0
  0
LINE
  5
674
330
1A
100
AcDbEntity
  8
BLACK
  6
CONTINUOUS
100
AcDbLine
 10
-0.6620075984251969
 20
3.4094840157480313
 30
0
 11
-0.6619485826771654
 21
3.4094328346456693
 31
0
  0
LINE
  5
675
330
1A
100
AcDbEntity
  8
BLACK
  6
CONTINUOUS
100
AcDbLine
 10
-0.6619485826771654
 20
3.4094328346456693
 30
0
 11
-0.6618926377952756
 21
3.409343897637795
 31
0
  0
LINE
  5
676
330
1A
100
AcDbEntity
  8
BLACK
  6
CONTINUOUS
100
AcDbLine
 10
-0.6618926377952756
 20
3.409343897637795
 30
0
 11
-0.6618261417322835
 21
3.4092629133858265
 31
0
  0
LINE
  5
677
330
1A
100
AcDbEntity
  8
BLACK
  6
CONTINUOUS
100
AcDbLine
 10
-0.6618261417322835
 20
3.4092629133858265
 30
0
 11
-0.6617963385826772
 21
3.4091909842519685
 31
0
  0
LINE
  5
678
330
1A
100
AcDbEntity
  8
BLACK
  6
CONTINUOUS
100
AcDbLine
 10
-0.6617963385826772
 20
3.4091909842519685
 30
0
 11
-0.6616402362204724
 21
3.4089429527559054
 31
0
  0
LINE
  5
679
330
1A
100
AcDbEntity
  8
BLACK
  6
CONTINUOUS
100
AcDbLine
 10
-0.6616402362204724
 20
3.4089429527559054
 30
0
 11
-0.6597654724409449
 21
3.4051934251968503
 31
0
  0
LINE
  5
67A
330
1A
100
AcDbEntity
  8
BLACK
  6
CONTINUOUS
100
AcDbLine
 10
-0.6597654724409449
 20
3.4051934251968503
 30
0
 11
-0.6595585826771654
 21
3.404652834645669
 31
0
  0
LINE
  5
67B
330
1A
100
AcDbEntity
  8
BLACK
  6
CONTINUOUS
100
AcDbLine
 10
-0.6595585826771654
 20
3.404652834645669
 30
0
 11
-0.659551062992126
 21
3.4045469685039369
 31
0
  0
LINE
  5
67C
330
1A
100
AcDbEntity
  8
BLACK
  6
CONTINUOUS
100
AcDbLine
 10
-0.659551062992126
 20
3.4045469685039369
 30
0
 11
-0.6595104724409449
 21
3.4044489763779526
 31
0
  0
LINE
  5
67D
330
1A
100
AcDbEntity
  8
BLACK
  6
CONTINUOUS
100
AcDbLine
 10
-0.6595104724409449
 20
3.4044489763779526
 30
0
 11
-0.6594537401574803
 21
3.4038729133858268
 31
0
  0
LINE
  5
67E
330
1A
100
AcDbEntity
  8
BLACK
  6
CONTINUOUS
100
AcDbLine
 10
-0.6594537401574803
 20
3.4038729133858268
 30
0
 11
-0.6594537401574803
 21
3.3926243307086614
 31
0
  0
LINE
  5
67F
330
1A
100
AcDbEntity
  8
BLACK
  6
CONTINUOUS
100
AcDbLine
 10
-0.6594537401574803
 20
3.3926243307086614
 30
0
 11
-0.6595104724409449
 21
3.3920482677165356
 31
0
  0
LINE
  5
680
330
1A
100
AcDbEntity
  8
BLACK
  6
CONTINUOUS
100
AcDbLine
 10
-0.6595104724409449
 20
3.3920482677165356
 30
0
 11
-0.659551062992126
 21
3.39195031496063
 31
0
  0
LINE
  5
681
330
1A
100
AcDbEntity
  8
BLACK
  6
CONTINUOUS
100
AcDbLine
 10
-0.659551062992126
 20
3.39195031496063
 30
0
 11
-0.6595585826771654
 21
3.3918444094488187
 31
0
  0
LINE
  5
682
330
1A
100
AcDbEntity
  8
BLACK
  6
CONTINUOUS
100
AcDbLine
 10
-0.6595585826771654
 20
3.3918444094488187
 30
0
 11
-0.6597654724409449
 21
3.3913038188976379
 31
0
  0
LINE
  5
683
330
1A
100
AcDbEntity
  8
BLACK
  6
CONTINUOUS
100
AcDbLine
 10
-0.6597654724409449
 20
3.3913038188976379
 30
0
 11
-0.6616402362204724
 21
3.3875542913385828
 31
0
  0
LINE
  5
684
330
1A
100
AcDbEntity
  8
BLACK
  6
CONTINUOUS
100
AcDbLine
 10
-0.6616402362204724
 20
3.3875542913385828
 30
0
 11
-0.6617962992125984
 21
3.3873064173228347
 31
0
  0
LINE
  5
685
330
1A
100
AcDbEntity
  8
BLACK
  6
CONTINUOUS
100
AcDbLine
 10
-0.6617962992125984
 20
3.3873064173228347
 30
0
 11
-0.6618261023622047
 21
3.38723437007874
 31
0
  0
LINE
  5
686
330
1A
100
AcDbEntity
  8
BLACK
  6
CONTINUOUS
100
AcDbLine
 10
-0.6618261023622047
 20
3.38723437007874
 30
0
 11
-0.6618926377952756
 21
3.3871533464566927
 31
0
  0
LINE
  5
687
330
1A
100
AcDbEntity
  8
BLACK
  6
CONTINUOUS
100
AcDbLine
 10
-0.6618926377952756
 20
3.3871533464566927
 30
0
 11
-0.6619485826771654
 21
3.3870644094488189
 31
0
  0
LINE
  5
688
330
1A
100
AcDbEntity
  8
BLACK
  6
CONTINUOUS
100
AcDbLine
 10
-0.6619485826771654
 20
3.3870644094488189
 30
0
 11
-0.6620075984251969
 21
3.3870132677165352
 31
0
  0
LINE
  5
689
330
1A
100
AcDbEntity
  8
BLACK
  6
CONTINUOUS
100
AcDbLine
 10
-0.6620075984251969
 20
3.3870132677165352
 30
0
 11
-0.6621933464566929
 21
3.3867868897637794
 31
0
  0
LINE
  5
68A
330
1A
100
AcDbEntity
  8
BLACK
  6
CONTINUOUS
100
AcDbLine
 10
-0.6621933464566929
 20
3.3867868897637794
 30
0
 11
-0.6640680708661417
 21
3.3849121259842518
 31
0
  0
LINE
  5
68B
330
1A
100
AcDbEntity
  8
BLACK
  6
CONTINUOUS
100
AcDbLine
 10
-0.6640680708661417
 20
3.3849121259842518
 30
0
 11
-0.6642944488188977
 21
3.3847263779527559
 31
0
  0
LINE
  5
68C
330
1A
100
AcDbEntity
  8
BLACK
  6
CONTINUOUS
100
AcDbLine
 10
-0.6642944488188977
 20
3.3847263779527559
 30
0
 11
-0.6643456299212598
 21
3.3846673228346456
 31
0
  0
LINE
  5
68D
330
1A
100
AcDbEntity
  8
BLACK
  6
CONTINUOUS
100
AcDbLine
 10
-0.6643456299212598
 20
3.3846673228346456
 30
0
 11
-0.6644346062992126
 21
3.384611338582677
 31
0
  0
LINE
  5
68E
330
1A
100
AcDbEntity
  8
BLACK
  6
CONTINUOUS
100
AcDbLine
 10
-0.6644346062992126
 20
3.384611338582677
 30
0
 11
-0.6645155511811024
 21
3.3845448818897639
 31
0
  0
LINE
  5
68F
330
1A
100
AcDbEntity
  8
BLACK
  6
CONTINUOUS
100
AcDbLine
 10
-0.6645155511811024
 20
3.3845448818897639
 30
0
 11
-0.6645875196850394
 21
3.3845150787401574
 31
0
  0
LINE
  5
690
330
1A
100
AcDbEntity
  8
BLACK
  6
CONTINUOUS
100
AcDbLine
 10
-0.6645875196850394
 20
3.3845150787401574
 30
0
 11
-0.6648355118110236
 21
3.3843589763779525
 31
0
  0
LINE
  5
691
330
1A
100
AcDbEntity
  8
BLACK
  6
CONTINUOUS
100
AcDbLine
 10
-0.6648355118110236
 20
3.3843589763779525
 30
0
 11
-0.6676479527559055
 21
3.3829527559055119
 31
0
  0
LINE
  5
692
330
1A
100
AcDbEntity
  8
BLACK
  6
CONTINUOUS
100
AcDbLine
 10
-0.6676479527559055
 20
3.3829527559055119
 30
0
 11
-0.6421668897637796
 21
3.3829527559055119
 31
0
  0
LINE
  5
693
330
1A
100
AcDbEntity
  8
BLACK
  6
CONTINUOUS
100
AcDbLine
 10
-0.6421668897637796
 20
3.3829527559055119
 30
0
 11
-0.6449793307086614
 21
3.3843589763779525
 31
0
  0
LINE
  5
694
330
1A
100
AcDbEntity
  8
BLACK
  6
CONTINUOUS
100
AcDbLine
 10
-0.6449793307086614
 20
3.3843589763779525
 30
0
 11
-0.6452273622047244
 21
3.3845150787401574
 31
0
  0
LINE
  5
695
330
1A
100
AcDbEntity
  8
BLACK
  6
CONTINUOUS
100
AcDbLine
 10
-0.6452273622047244
 20
3.3845150787401574
 30
0
 11
-0.6452992913385827
 21
3.3845448818897639
 31
0
  0
LINE
  5
696
330
1A
100
AcDbEntity
  8
BLACK
  6
CONTINUOUS
100
AcDbLine
 10
-0.6452992913385827
 20
3.3845448818897639
 30
0
 11
-0.6453802755905511
 21
3.384611338582677
 31
0
  0
LINE
  5
697
330
1A
100
AcDbEntity
  8
BLACK
  6
CONTINUOUS
100
AcDbLine
 10
-0.6453802755905511
 20
3.384611338582677
 30
0
 11
-0.6454692125984252
 21
3.3846673228346456
 31
0
  0
LINE
  5
698
330
1A
100
AcDbEntity
  8
BLACK
  6
CONTINUOUS
100
AcDbLine
 10
-0.6454692125984252
 20
3.3846673228346456
 30
0
 11
-0.6455204330708662
 21
3.3847263779527559
 31
0
  0
LINE
  5
699
330
1A
100
AcDbEntity
  8
BLACK
  6
CONTINUOUS
100
AcDbLine
 10
-0.6455204330708662
 20
3.3847263779527559
 30
0
 11
-0.6457467716535433
 21
3.3849121259842518
 31
0
  0
LINE
  5
69A
330
1A
100
AcDbEntity
  8
BLACK
  6
CONTINUOUS
100
AcDbLine
 10
-0.6457467716535433
 20
3.3849121259842518
 30
0
 11
-0.6476215354330709
 21
3.3867869291338581
 31
0
  0
LINE
  5
69B
330
1A
100
AcDbEntity
  8
BLACK
  6
CONTINUOUS
100
AcDbLine
 10
-0.6476215354330709
 20
3.3867869291338581
 30
0
 11
-0.647807283464567
 21
3.3870132677165352
 31
0
  0
LINE
  5
69C
330
1A
100
AcDbEntity
  8
BLACK
  6
CONTINUOUS
100
AcDbLine
 10
-0.647807283464567
 20
3.3870132677165352
 30
0
 11
-0.6478662598425197
 21
3.3870644094488189
 31
0
  0
LINE
  5
69D
330
1A
100
AcDbEntity
  8
BLACK
  6
CONTINUOUS
100
AcDbLine
 10
-0.6478662598425197
 20
3.3870644094488189
 30
0
 11
-0.6479222440944882
 21
3.3871533464566927
 31
0
  0
LINE
  5
69E
330
1A
100
AcDbEntity
  8
BLACK
  6
CONTINUOUS
100
AcDbLine
 10
-0.6479222440944882
 20
3.3871533464566927
 30
0
 11
-0.6479887401574803
 21
3.38723437007874
 31
0
  0
LINE
  5
69F
330
1A
100
AcDbEntity
  8
BLACK
  6
CONTINUOUS
100
AcDbLine
 10
-0.6479887401574803
 20
3.38723437007874
 30
0
 11
-0.6480185826771654
 21
3.3873064173228347
 31
0
  0
LINE
  5
6A0
330
1A
100
AcDbEntity
  8
BLACK
  6
CONTINUOUS
100
AcDbLine
 10
-0.6480185826771654
 20
3.3873064173228347
 30
0
 11
-0.6481746062992125
 21
3.3875542913385828
 31
0
  0
LINE
  5
6A1
330
1A
100
AcDbEntity
  8
BLACK
  6
CONTINUOUS
100
AcDbLine
 10
-0.6481746062992125
 20
3.3875542913385828
 30
0
 11
-0.6500493700787402
 21
3.3913038188976379
 31
0
  0
LINE
  5
6A2
330
1A
100
AcDbEntity
  8
BLACK
  6
CONTINUOUS
100
AcDbLine
 10
-0.6500493700787402
 20
3.3913038188976379
 30
0
 11
-0.6502562598425197
 21
3.3918444488188975
 31
0
  0
LINE
  5
6A3
330
1A
100
AcDbEntity
  8
BLACK
  6
CONTINUOUS
100
AcDbLine
 10
-0.6502562598425197
 20
3.3918444488188975
 30
0
 11
-0.6502637795275591
 21
3.3919502755905513
 31
0
  0
LINE
  5
6A4
330
1A
100
AcDbEntity
  8
BLACK
  6
CONTINUOUS
100
AcDbLine
 10
-0.6502637795275591
 20
3.3919502755905513
 30
0
 11
-0.6503043700787401
 21
3.3920482677165356
 31
0
  0
LINE
  5
6A5
330
1A
100
AcDbEntity
  8
BLACK
  6
CONTINUOUS
100
AcDbLine
 10
-0.6503043700787401
 20
3.3920482677165356
 30
0
 11
-0.6503611023622047
 21
3.3926243307086614
 31
0
  0
LINE
  5
6A6
330
1A
100
AcDbEntity
  8
BLACK
  6
CONTINUOUS
100
AcDbLine
 10
-0.6503611023622047
 20
3.3926243307086614
 30
0
 11
-0.6503611023622047
 21
3.4038729133858268
 31
0
  0
LINE
  5
6A7
330
1A
100
AcDbEntity
  8
BLACK
  6
CONTINUOUS
100
AcDbLine
 10
-0.6503611023622047
 20
3.4038729133858268
 30
0
 11
-0.6503043700787401
 21
3.4044489763779526
 31
0
  0
LINE
  5
6A8
330
1A
100
AcDbEntity
  8
BLACK
  6
CONTINUOUS
100
AcDbLine
 10
-0.6503043700787401
 20
3.4044489763779526
 30
0
 11
-0.6502637795275591
 21
3.4045470078740157
 31
0
  0
LINE
  5
6A9
330
1A
100
AcDbEntity
  8
BLACK
  6
CONTINUOUS
100
AcDbLine
 10
-0.6502637795275591
 20
3.4045470078740157
 30
0
 11
-0.6502562598425197
 21
3.4046527952755903
 31
0
  0
LINE
  5
6AA
330
1A
100
AcDbEntity
  8
BLACK
  6
CONTINUOUS
100
AcDbLine
 10
-0.6502562598425197
 20
3.4046527952755903
 30
0
 11
-0.6500493700787402
 21
3.4051934251968503
 31
0
  0
LINE
  5
6AB
330
1A
100
AcDbEntity
  8
BLACK
  6
CONTINUOUS
100
AcDbLine
 10
-0.6500493700787402
 20
3.4051934251968503
 30
0
 11
-0.6481746062992125
 21
3.4089429527559054
 31
0
  0
LINE
  5
6AC
330
1A
100
AcDbEntity
  8
BLACK
  6
CONTINUOUS
100
AcDbLine
 10
-0.6481746062992125
 20
3.4089429527559054
 30
0
 11
-0.6480185433070866
 21
3.4091909842519685
 31
0
  0
LINE
  5
6AD
330
1A
100
AcDbEntity
  8
BLACK
  6
CONTINUOUS
100
AcDbLine
 10
-0.6480185433070866
 20
3.4091909842519685
 30
0
 11
-0.6479887007874016
 21
3.4092629133858265
 31
0
  0
LINE
  5
6AE
330
1A
100
AcDbEntity
  8
BLACK
  6
CONTINUOUS
100
AcDbLine
 10
-0.6479887007874016
 20
3.4092629133858265
 30
0
 11
-0.6479222440944882
 21
3.409343897637795
 31
0
  0
LINE
  5
6AF
330
1A
100
AcDbEntity
  8
BLACK
  6
CONTINUOUS
100
AcDbLine
 10
-0.6479222440944882
 20
3.409343897637795
 30
0
 11
-0.6478662598425197
 21
3.4094328346456693
 31
0
  0
LINE
  5
6B0
330
1A
100
AcDbEntity
  8
BLACK
  6
CONTINUOUS
100
AcDbLine
 10
-0.6478662598425197
 20
3.4094328346456693
 30
0
 11
-0.647807283464567
 21
3.4094840157480313
 31
0
  0
LINE
  5
6B1
330
1A
100
AcDbEntity
  8
BLACK
  6
CONTINUOUS
100
AcDbLine
 10
-0.647807283464567
 20
3.4094840157480313
 30
0
 11
-0.6476214960629921
 21
3.4097103543307088
 31
0
  0
LINE
  5
6B2
330
1A
100
AcDbEntity
  8
BLACK
  6
CONTINUOUS
100
AcDbLine
 10
-0.6476214960629921
 20
3.4097103543307088
 30
0
 11
-0.6457467322834646
 21
3.4115851181102363
 31
0
  0
LINE
  5
6B3
330
1A
100
AcDbEntity
  8
BLACK
  6
CONTINUOUS
100
AcDbLine
 10
-0.6457467322834646
 20
3.4115851181102363
 30
0
 11
-0.6455203937007874
 21
3.4117709055118111
 31
0
  0
LINE
  5
6B4
330
1A
100
AcDbEntity
  8
BLACK
  6
CONTINUOUS
100
AcDbLine
 10
-0.6455203937007874
 20
3.4117709055118111
 30
0
 11
-0.6454692125984252
 21
3.4118298818897639
 31
0
  0
LINE
  5
6B5
330
1A
100
AcDbEntity
  8
BLACK
  6
CONTINUOUS
100
AcDbLine
 10
-0.6454692125984252
 20
3.4118298818897639
 30
0
 11
-0.6453802755905511
 21
3.4118858661417324
 31
0
  0
LINE
  5
6B6
330
1A
100
AcDbEntity
  8
BLACK
  6
CONTINUOUS
100
AcDbLine
 10
-0.6453802755905511
 20
3.4118858661417324
 30
0
 11
-0.6452992913385827
 21
3.4119523228346456
 31
0
  0
LINE
  5
6B7
330
1A
100
AcDbEntity
  8
BLACK
  6
CONTINUOUS
100
AcDbLine
 10
-0.6452992913385827
 20
3.4119523228346456
 30
0
 11
-0.6452273622047244
 21
3.4119821653543307
 31
0
  0
LINE
  5
6B8
330
1A
100
AcDbEntity
  8
BLACK
  6
CONTINUOUS
100
AcDbLine
 10
-0.6452273622047244
 20
3.4119821653543307
 30
0
 11
-0.6449793307086614
 21
3.4121382283464565
 31
0
  0
LINE
  5
6B9
330
1A
100
AcDbEntity
  8
BLACK
  6
CONTINUOUS
100
AcDbLine
 10
-0.6449793307086614
 20
3.4121382283464565
 30
0
 11
-0.6412298031496063
 21
3.4140129921259841
 31
0
  0
LINE
  5
6BA
330
1A
100
AcDbEntity
  8
BLACK
  6
CONTINUOUS
100
AcDbLine
 10
-0.6412298031496063
 20
3.4140129921259841
 30
0
 11
-0.6406892125984252
 21
3.4142198818897636
 31
0
  0
LINE
  5
6BB
330
1A
100
AcDbEntity
  8
BLACK
  6
CONTINUOUS
100
AcDbLine
 10
-0.6406892125984252
 20
3.4142198818897636
 30
0
 11
-0.6405833464566929
 21
3.4142274409448818
 31
0
  0
LINE
  5
6BC
330
1A
100
AcDbEntity
  8
BLACK
  6
CONTINUOUS
100
AcDbLine
 10
-0.6405833464566929
 20
3.4142274409448818
 30
0
 11
-0.6404853543307086
 21
3.4142679921259842
 31
0
  0
LINE
  5
6BD
330
1A
100
AcDbEntity
  8
BLACK
  6
CONTINUOUS
100
AcDbLine
 10
-0.6404853543307086
 20
3.4142679921259842
 30
0
 11
-0.6399092913385827
 21
3.4143247244094486
 31
0
  0
LINE
  5
6BE
330
1A
100
AcDbEntity
  8
BLACK
  6
CONTINUOUS
100
AcDbLine
 10
-0.6399092913385827
 20
3.4143247244094486
 30
0
 11
-0.6324102362204724
 21
3.4143247244094486
 31
0
  0
LINE
  5
6BF
330
1A
100
AcDbEntity
  8
BLACK
  6
CONTINUOUS
100
AcDbLine
 10
-0.6324102362204724
 20
3.4143247244094486
 30
0
 11
-0.6318341732283465
 21
3.4142679921259842
 31
0
  0
LINE
  5
6C0
330
1A
100
AcDbEntity
  8
BLACK
  6
CONTINUOUS
100
AcDbLine
 10
-0.6318341732283465
 20
3.4142679921259842
 30
0
 11
-0.6317361811023622
 21
3.4142274015748031
 31
0
  0
LINE
  5
6C1
330
1A
100
AcDbEntity
  8
BLACK
  6
CONTINUOUS
100
AcDbLine
 10
-0.6317361811023622
 20
3.4142274015748031
 30
0
 11
-0.6316303543307087
 21
3.4142198818897636
 31
0
  0
LINE
  5
6C2
330
1A
100
AcDbEntity
  8
BLACK
  6
CONTINUOUS
100
AcDbLine
 10
-0.6316303543307087
 20
3.4142198818897636
 30
0
 11
-0.6316134645669291
 21
3.4142134251968503
 31
0
  0
LINE
  5
6C3
330
1A
100
AcDbEntity
  8
BLACK
  6
CONTINUOUS
100
AcDbLine
 10
-0.6316134645669291
 20
3.4142134251968503
 30
0
 11
-0.6316134645669291
 21
3.4244953149606299
 31
0
  0
LINE
  5
6C4
330
1A
100
AcDbEntity
  8
BLACK
  6
CONTINUOUS
100
AcDbLine
 10
-0.6316134645669291
 20
3.4244953149606299
 30
0
 11
-0.6315567322834645
 21
3.4250713779527557
 31
0
  0
LINE
  5
6C5
330
1A
100
AcDbEntity
  8
BLACK
  6
CONTINUOUS
100
AcDbLine
 10
-0.6315567322834645
 20
3.4250713779527557
 30
0
 11
-0.6311158267716536
 21
3.4261357874015745
 31
0
  0
LINE
  5
6C6
330
1A
100
AcDbEntity
  8
BLACK
  6
CONTINUOUS
100
AcDbLine
 10
-0.6311158267716536
 20
3.4261357874015745
 30
0
 11
-0.6303011811023622
 21
3.426950433070866
 31
0
  0
LINE
  5
6C7
330
1A
100
AcDbEntity
  8
BLACK
  6
CONTINUOUS
100
AcDbLine
 10
-0.6303011811023622
 20
3.426950433070866
 30
0
 11
-0.6292367716535433
 21
3.4273913385826771
 31
0
  0
LINE
  5
6C8
330
1A
100
AcDbEntity
  8
BLACK
  6
CONTINUOUS
100
AcDbLine
 10
-0.6292367716535433
 20
3.4273913385826771
 30
0
 11
-0.6280846456692913
 21
3.4273913385826771
 31
0
  0
LINE
  5
6C9
330
1A
100
AcDbEntity
  8
BLACK
  6
CONTINUOUS
100
AcDbLine
 10
-0.6280846456692913
 20
3.4273913385826771
 30
0
 11
-0.6270202362204724
 21
3.426950433070866
 31
0
  0
LINE
  5
6CA
330
1A
100
AcDbEntity
  8
BLACK
  6
CONTINUOUS
100
AcDbLine
 10
-0.6270202362204724
 20
3.426950433070866
 30
0
 11
-0.6262055905511811
 21
3.4261357874015745
 31
0
  0
LINE
  5
6CB
330
1A
100
AcDbEntity
  8
BLACK
  6
CONTINUOUS
100
AcDbLine
 10
-0.6262055905511811
 20
3.4261357874015745
 30
0
 11
-0.6257646850393701
 21
3.4250713779527557
 31
0
  0
LINE
  5
6CC
330
1A
100
AcDbEntity
  8
BLACK
  6
CONTINUOUS
100
AcDbLine
 10
-0.6257646850393701
 20
3.4250713779527557
 30
0
 11
-0.6257079527559055
 21
3.4244953149606299
 31
0
  0
LINE
  5
6CD
330
1A
100
AcDbEntity
  8
BLACK
  6
CONTINUOUS
100
AcDbLine
 10
-0.6257079527559055
 20
3.4244953149606299
 30
0
 11
-0.6257079527559055
 21
3.3851252362204725
 31
0
  0
LINE
  5
6CE
330
1A
100
AcDbEntity
  8
BLACK
  6
CONTINUOUS
100
AcDbLine
 10
-0.6257079527559055
 20
3.3851252362204725
 30
0
 11
-0.6257646850393701
 21
3.3845491732283466
 31
0
  0
LINE
  5
6CF
330
1A
100
AcDbEntity
  8
BLACK
  6
CONTINUOUS
100
AcDbLine
 10
-0.6257646850393701
 20
3.3845491732283466
 30
0
 11
-0.6262055905511811
 21
3.3834847637795273
 31
0
  0
LINE
  5
6D0
330
1A
100
AcDbEntity
  8
BLACK
  6
CONTINUOUS
100
AcDbLine
 10
-0.6262055905511811
 20
3.3834847637795273
 30
0
 11
-0.6267375984251968
 21
3.3829527559055119
 31
0
  0
LINE
  5
6D1
330
1A
100
AcDbEntity
  8
BLACK
  6
CONTINUOUS
100
AcDbLine
 10
-0.6267375984251968
 20
3.3829527559055119
 30
0
 11
-0.6065463385826771
 21
3.3829527559055119
 31
0
  0
LINE
  5
6D2
330
1A
100
AcDbEntity
  8
BLACK
  6
CONTINUOUS
100
AcDbLine
 10
-0.6065463385826771
 20
3.3829527559055119
 30
0
 11
-0.609358779527559
 21
3.3843589763779525
 31
0
  0
LINE
  5
6D3
330
1A
100
AcDbEntity
  8
BLACK
  6
CONTINUOUS
100
AcDbLine
 10
-0.609358779527559
 20
3.3843589763779525
 30
0
 11
-0.609455157480315
 21
3.3844196456692912
 31
0
  0
LINE
  5
6D4
330
1A
100
AcDbEntity
  8
BLACK
  6
CONTINUOUS
100
AcDbLine
 10
-0.609455157480315
 20
3.3844196456692912
 30
0
 11
-0.6095005511811024
 21
3.3844347637795273
 31
0
  0
LINE
  5
6D5
330
1A
100
AcDbEntity
  8
BLACK
  6
CONTINUOUS
100
AcDbLine
 10
-0.6095005511811024
 20
3.3844347637795273
 30
0
 11
-0.6095571259842519
 21
3.3844838188976376
 31
0
  0
LINE
  5
6D6
330
1A
100
AcDbEntity
  8
BLACK
  6
CONTINUOUS
100
AcDbLine
 10
-0.6095571259842519
 20
3.3844838188976376
 30
0
 11
-0.6098486614173229
 21
3.3846673228346456
 31
0
  0
LINE
  5
6D7
330
1A
100
AcDbEntity
  8
BLACK
  6
CONTINUOUS
100
AcDbLine
 10
-0.6098486614173229
 20
3.3846673228346456
 30
0
 11
-0.6100913385826772
 21
3.3849471653543306
 31
0
  0
LINE
  5
6D8
330
1A
100
AcDbEntity
  8
BLACK
  6
CONTINUOUS
100
AcDbLine
 10
-0.6100913385826772
 20
3.3849471653543306
 30
0
 11
-0.6103709448818897
 21
3.3851896456692914
 31
0
  0
LINE
  5
6D9
330
1A
100
AcDbEntity
  8
BLACK
  6
CONTINUOUS
100
AcDbLine
 10
-0.6103709448818897
 20
3.3851896456692914
 30
0
 11
-0.6105544488188976
 21
3.3854811417322832
 31
0
  0
LINE
  5
6DA
330
1A
100
AcDbEntity
  8
BLACK
  6
CONTINUOUS
100
AcDbLine
 10
-0.6105544488188976
 20
3.3854811417322832
 30
0
 11
-0.6106035039370079
 21
3.385537716535433
 31
0
  0
LINE
  5
6DB
330
1A
100
AcDbEntity
  8
BLACK
  6
CONTINUOUS
100
AcDbLine
 10
-0.6106035039370079
 20
3.385537716535433
 30
0
 11
-0.6106186614173228
 21
3.3855831889763777
 31
0
  0
LINE
  5
6DC
330
1A
100
AcDbEntity
  8
BLACK
  6
CONTINUOUS
100
AcDbLine
 10
-0.6106186614173228
 20
3.3855831889763777
 30
0
 11
-0.6106792913385827
 21
3.3856794881889765
 31
0
  0
LINE
  5
6DD
330
1A
100
AcDbEntity
  8
BLACK
  6
CONTINUOUS
100
AcDbLine
 10
-0.6106792913385827
 20
3.3856794881889765
 30
0
 11
-0.6125540551181102
 21
3.3894290551181103
 31
0
  0
LINE
  5
6DE
330
1A
100
AcDbEntity
  8
BLACK
  6
CONTINUOUS
100
AcDbLine
 10
-0.6125540551181102
 20
3.3894290551181103
 30
0
 11
-0.6127609448818897
 21
3.3899696850393699
 31
0
  0
LINE
  5
6DF
330
1A
100
AcDbEntity
  8
BLACK
  6
CONTINUOUS
100
AcDbLine
 10
-0.6127609448818897
 20
3.3899696850393699
 30
0
 11
-0.6127684645669291
 21
3.3900755118110237
 31
0
  0
LINE
  5
6E0
330
1A
100
AcDbEntity
  8
BLACK
  6
CONTINUOUS
100
AcDbLine
 10
-0.6127684645669291
 20
3.3900755118110237
 30
0
 11
-0.6128090551181102
 21
3.390173503937008
 31
0
  0
LINE
  5
6E1
330
1A
100
AcDbEntity
  8
BLACK
  6
CONTINUOUS
100
AcDbLine
 10
-0.6128090551181102
 20
3.390173503937008
 30
0
 11
-0.6128657874015748
 21
3.3907495669291339
 31
0
  0
LINE
  5
6E2
330
1A
100
AcDbEntity
  8
BLACK
  6
CONTINUOUS
100
AcDbLine
 10
-0.6128657874015748
 20
3.3907495669291339
 30
0
 11
-0.6128657874015748
 21
3.411371968503937
 31
0
  0
LINE
  5
6E3
330
1A
100
AcDbEntity
  8
BLACK
  6
CONTINUOUS
100
AcDbLine
 10
-0.6128657874015748
 20
3.411371968503937
 30
0
 11
-0.6128090551181102
 21
3.4119480314960628
 31
0
  0
LINE
  5
6E4
330
1A
100
AcDbEntity
  8
BLACK
  6
CONTINUOUS
100
AcDbLine
 10
-0.6128090551181102
 20
3.4119480314960628
 30
0
 11
-0.6123681496062992
 21
3.4130124409448817
 31
0
  0
LINE
  5
6E5
330
1A
100
AcDbEntity
  8
BLACK
  6
CONTINUOUS
100
AcDbLine
 10
-0.6123681496062992
 20
3.4130124409448817
 30
0
 11
-0.6115535039370079
 21
3.4138270866141731
 31
0
  0
LINE
  5
6E6
330
1A
100
AcDbEntity
  8
BLACK
  6
CONTINUOUS
100
AcDbLine
 10
-0.6115535039370079
 20
3.4138270866141731
 30
0
 11
-0.610489094488189
 21
3.4142679921259842
 31
0
  0
LINE
  5
6E7
330
1A
100
AcDbEntity
  8
BLACK
  6
CONTINUOUS
100
AcDbLine
 10
-0.610489094488189
 20
3.4142679921259842
 30
0
 11
-0.609336968503937
 21
3.4142679921259842
 31
0
  0
LINE
  5
6E8
330
1A
100
AcDbEntity
  8
BLACK
  6
CONTINUOUS
100
AcDbLine
 10
-0.609336968503937
 20
3.4142679921259842
 30
0
 11
-0.6082725590551181
 21
3.4138270866141731
 31
0
  0
LINE
  5
6E9
330
1A
100
AcDbEntity
  8
BLACK
  6
CONTINUOUS
100
AcDbLine
 10
-0.6082725590551181
 20
3.4138270866141731
 30
0
 11
-0.6074579133858268
 21
3.4130124409448817
 31
0
  0
LINE
  5
6EA
330
1A
100
AcDbEntity
  8
BLACK
  6
CONTINUOUS
100
AcDbLine
 10
-0.6074579133858268
 20
3.4130124409448817
 30
0
 11
-0.6070170078740157
 21
3.4119480314960628
 31
0
  0
LINE
  5
6EB
330
1A
100
AcDbEntity
  8
BLACK
  6
CONTINUOUS
100
AcDbLine
 10
-0.6070170078740157
 20
3.4119480314960628
 30
0
 11
-0.6069602755905512
 21
3.411371968503937
 31
0
  0
LINE
  5
6EC
330
1A
100
AcDbEntity
  8
BLACK
  6
CONTINUOUS
100
AcDbLine
 10
-0.6069602755905512
 20
3.411371968503937
 30
0
 11
-0.6069602755905512
 21
3.3914466141732285
 31
0
  0
LINE
  5
6ED
330
1A
100
AcDbEntity
  8
BLACK
  6
CONTINUOUS
100
AcDbLine
 10
-0.6069602755905512
 20
3.3914466141732285
 30
0
 11
-0.6058374409448819
 21
3.3892008661417323
 31
0
  0
LINE
  5
6EE
330
1A
100
AcDbEntity
  8
BLACK
  6
CONTINUOUS
100
AcDbLine
 10
-0.6058374409448819
 20
3.3892008661417323
 30
0
 11
-0.6035916929133858
 21
3.388077992125984
 31
0
  0
LINE
  5
6EF
330
1A
100
AcDbEntity
  8
BLACK
  6
CONTINUOUS
100
AcDbLine
 10
-0.6035916929133858
 20
3.388077992125984
 30
0
 11
-0.5993614960629922
 21
3.388077992125984
 31
0
  0
LINE
  5
6F0
330
1A
100
AcDbEntity
  8
BLACK
  6
CONTINUOUS
100
AcDbLine
 10
-0.5993614960629922
 20
3.388077992125984
 30
0
 11
-0.5966640551181103
 21
3.3894267322834644
 31
0
  0
LINE
  5
6F1
330
1A
100
AcDbEntity
  8
BLACK
  6
CONTINUOUS
100
AcDbLine
 10
-0.5966640551181103
 20
3.3894267322834644
 30
0
 11
-0.5959929133858267
 21
3.3900978740157481
 31
0
  0
LINE
  5
6F2
330
1A
100
AcDbEntity
  8
BLACK
  6
CONTINUOUS
100
AcDbLine
 10
-0.5959929133858267
 20
3.3900978740157481
 30
0
 11
-0.5959929133858267
 21
3.411371968503937
 31
0
  0
LINE
  5
6F3
330
1A
100
AcDbEntity
  8
BLACK
  6
CONTINUOUS
100
AcDbLine
 10
-0.5959929133858267
 20
3.411371968503937
 30
0
 11
-0.5959361811023622
 21
3.4119480314960628
 31
0
  0
LINE
  5
6F4
330
1A
100
AcDbEntity
  8
BLACK
  6
CONTINUOUS
100
AcDbLine
 10
-0.5959361811023622
 20
3.4119480314960628
 30
0
 11
-0.5954952755905512
 21
3.4130124409448817
 31
0
  0
LINE
  5
6F5
330
1A
100
AcDbEntity
  8
BLACK
  6
CONTINUOUS
100
AcDbLine
 10
-0.5954952755905512
 20
3.4130124409448817
 30
0
 11
-0.5946806299212598
 21
3.4138270866141731
 31
0
  0
LINE
  5
6F6
330
1A
100
AcDbEntity
  8
BLACK
  6
CONTINUOUS
100
AcDbLine
 10
-0.5946806299212598
 20
3.4138270866141731
 30
0
 11
-0.5936162204724409
 21
3.4142679921259842
 31
0
  0
LINE
  5
6F7
330
1A
100
AcDbEntity
  8
BLACK
  6
CONTINUOUS
100
AcDbLine
 10
-0.5936162204724409
 20
3.4142679921259842
 30
0
 11
-0.5924640944881889
 21
3.4142679921259842
 31
0
  0
LINE
  5
6F8
330
1A
100
AcDbEntity
  8
BLACK
  6
CONTINUOUS
100
AcDbLine
 10
-0.5924640944881889
 20
3.4142679921259842
 30
0
 11
-0.59139968503937
 21
3.4138270866141731
 31
0
  0
LINE
  5
6F9
330
1A
100
AcDbEntity
  8
BLACK
  6
CONTINUOUS
100
AcDbLine
 10
-0.59139968503937
 20
3.4138270866141731
 30
0
 11
-0.5905850393700788
 21
3.4130124409448817
 31
0
  0
LINE
  5
6FA
330
1A
100
AcDbEntity
  8
BLACK
  6
CONTINUOUS
100
AcDbLine
 10
-0.5905850393700788
 20
3.4130124409448817
 30
0
 11
-0.5901441338582677
 21
3.4119480314960628
 31
0
  0
LINE
  5
6FB
330
1A
100
AcDbEntity
  8
BLACK
  6
CONTINUOUS
100
AcDbLine
 10
-0.5901441338582677
 20
3.4119480314960628
 30
0
 11
-0.5900874015748031
 21
3.411371968503937
 31
0
  0
LINE
  5
6FC
330
1A
100
AcDbEntity
  8
BLACK
  6
CONTINUOUS
100
AcDbLine
 10
-0.5900874015748031
 20
3.411371968503937
 30
0
 11
-0.5900874015748031
 21
3.3851252362204725
 31
0
  0
LINE
  5
6FD
330
1A
100
AcDbEntity
  8
BLACK
  6
CONTINUOUS
100
AcDbLine
 10
-0.5900874015748031
 20
3.3851252362204725
 30
0
 11
-0.5901441338582677
 21
3.3845491732283466
 31
0
  0
LINE
  5
6FE
330
1A
100
AcDbEntity
  8
BLACK
  6
CONTINUOUS
100
AcDbLine
 10
-0.5901441338582677
 20
3.3845491732283466
 30
0
 11
-0.5905850393700788
 21
3.3834847637795273
 31
0
  0
LINE
  5
6FF
330
1A
100
AcDbEntity
  8
BLACK
  6
CONTINUOUS
100
AcDbLine
 10
-0.5905850393700788
 20
3.3834847637795273
 30
0
 11
-0.5911170472440945
 21
3.3829527559055119
 31
0
  0
LINE
  5
700
330
1A
100
AcDbEntity
  8
BLACK
  6
CONTINUOUS
100
AcDbLine
 10
-0.5911170472440945
 20
3.3829527559055119
 30
0
 11
-0.5709257874015747
 21
3.3829527559055119
 31
0
  0
LINE
  5
701
330
1A
100
AcDbEntity
  8
BLACK
  6
CONTINUOUS
100
AcDbLine
 10
-0.5709257874015747
 20
3.3829527559055119
 30
0
 11
-0.5737382283464567
 21
3.3843589763779525
 31
0
  0
LINE
  5
702
330
1A
100
AcDbEntity
  8
BLACK
  6
CONTINUOUS
100
AcDbLine
 10
-0.5737382283464567
 20
3.3843589763779525
 30
0
 11
-0.5738346062992126
 21
3.3844196456692912
 31
0
  0
LINE
  5
703
330
1A
100
AcDbEntity
  8
BLACK
  6
CONTINUOUS
100
AcDbLine
 10
-0.5738346062992126
 20
3.3844196456692912
 30
0
 11
-0.5738799999999999
 21
3.3844347637795273
 31
0
  0
LINE
  5
704
330
1A
100
AcDbEntity
  8
BLACK
  6
CONTINUOUS
100
AcDbLine
 10
-0.5738799999999999
 20
3.3844347637795273
 30
0
 11
-0.5739365748031496
 21
3.3844838188976376
 31
0
  0
LINE
  5
705
330
1A
100
AcDbEntity
  8
BLACK
  6
CONTINUOUS
100
AcDbLine
 10
-0.5739365748031496
 20
3.3844838188976376
 30
0
 11
-0.5742281102362204
 21
3.3846673228346456
 31
0
  0
LINE
  5
706
330
1A
100
AcDbEntity
  8
BLACK
  6
CONTINUOUS
100
AcDbLine
 10
-0.5742281102362204
 20
3.3846673228346456
 30
0
 11
-0.5744707874015748
 21
3.3849471653543306
 31
0
  0
LINE
  5
707
330
1A
100
AcDbEntity
  8
BLACK
  6
CONTINUOUS
100
AcDbLine
 10
-0.5744707874015748
 20
3.3849471653543306
 30
0
 11
-0.5747503937007874
 21
3.3851896456692914
 31
0
  0
LINE
  5
708
330
1A
100
AcDbEntity
  8
BLACK
  6
CONTINUOUS
100
AcDbLine
 10
-0.5747503937007874
 20
3.3851896456692914
 30
0
 11
-0.5749338976377952
 21
3.3854811417322832
 31
0
  0
LINE
  5
709
330
1A
100
AcDbEntity
  8
BLACK
  6
CONTINUOUS
100
AcDbLine
 10
-0.5749338976377952
 20
3.3854811417322832
 30
0
 11
-0.5749829527559055
 21
3.385537716535433
 31
0
  0
LINE
  5
70A
330
1A
100
AcDbEntity
  8
BLACK
  6
CONTINUOUS
100
AcDbLine
 10
-0.5749829527559055
 20
3.385537716535433
 30
0
 11
-0.5749981102362205
 21
3.3855831889763777
 31
0
  0
LINE
  5
70B
330
1A
100
AcDbEntity
  8
BLACK
  6
CONTINUOUS
100
AcDbLine
 10
-0.5749981102362205
 20
3.3855831889763777
 30
0
 11
-0.5750587401574803
 21
3.3856794881889765
 31
0
  0
LINE
  5
70C
330
1A
100
AcDbEntity
  8
BLACK
  6
CONTINUOUS
100
AcDbLine
 10
-0.5750587401574803
 20
3.3856794881889765
 30
0
 11
-0.5769335039370078
 21
3.3894290551181103
 31
0
  0
LINE
  5
70D
330
1A
100
AcDbEntity
  8
BLACK
  6
CONTINUOUS
100
AcDbLine
 10
-0.5769335039370078
 20
3.3894290551181103
 30
0
 11
-0.5771403937007874
 21
3.3899696850393699
 31
0
  0
LINE
  5
70E
330
1A
100
AcDbEntity
  8
BLACK
  6
CONTINUOUS
100
AcDbLine
 10
-0.5771403937007874
 20
3.3899696850393699
 30
0
 11
-0.5771479133858267
 21
3.3900755118110237
 31
0
  0
LINE
  5
70F
330
1A
100
AcDbEntity
  8
BLACK
  6
CONTINUOUS
100
AcDbLine
 10
-0.5771479133858267
 20
3.3900755118110237
 30
0
 11
-0.5771885039370078
 21
3.390173503937008
 31
0
  0
LINE
  5
710
330
1A
100
AcDbEntity
  8
BLACK
  6
CONTINUOUS
100
AcDbLine
 10
-0.5771885039370078
 20
3.390173503937008
 30
0
 11
-0.5772452362204724
 21
3.3907495669291339
 31
0
  0
LINE
  5
711
330
1A
100
AcDbEntity
  8
BLACK
  6
CONTINUOUS
100
AcDbLine
 10
-0.5772452362204724
 20
3.3907495669291339
 30
0
 11
-0.5772452362204724
 21
3.4244953149606299
 31
0
  0
LINE
  5
712
330
1A
100
AcDbEntity
  8
BLACK
  6
CONTINUOUS
100
AcDbLine
 10
-0.5772452362204724
 20
3.4244953149606299
 30
0
 11
-0.5771885039370078
 21
3.4250713779527557
 31
0
  0
LINE
  5
713
330
1A
100
AcDbEntity
  8
BLACK
  6
CONTINUOUS
100
AcDbLine
 10
-0.5771885039370078
 20
3.4250713779527557
 30
0
 11
-0.5767475984251969
 21
3.4261357874015745
 31
0
  0
LINE
  5
714
330
1A
100
AcDbEntity
  8
BLACK
  6
CONTINUOUS
100
AcDbLine
 10
-0.5767475984251969
 20
3.4261357874015745
 30
0
 11
-0.5759329527559055
 21
3.426950433070866
 31
0
  0
LINE
  5
715
330
1A
100
AcDbEntity
  8
BLACK
  6
CONTINUOUS
100
AcDbLine
 10
-0.5759329527559055
 20
3.426950433070866
 30
0
 11
-0.5748685433070866
 21
3.4273913385826771
 31
0
  0
LINE
  5
716
330
1A
100
AcDbEntity
  8
BLACK
  6
CONTINUOUS
100
AcDbLine
 10
-0.5748685433070866
 20
3.4273913385826771
 30
0
 11
-0.5737164173228346
 21
3.4273913385826771
 31
0
  0
LINE
  5
717
330
1A
100
AcDbEntity
  8
BLACK
  6
CONTINUOUS
100
AcDbLine
 10
-0.5737164173228346
 20
3.4273913385826771
 30
0
 11
-0.5726520078740157
 21
3.426950433070866
 31
0
  0
LINE
  5
718
330
1A
100
AcDbEntity
  8
BLACK
  6
CONTINUOUS
100
AcDbLine
 10
-0.5726520078740157
 20
3.426950433070866
 30
0
 11
-0.5718373622047244
 21
3.4261357874015745
 31
0
  0
LINE
  5
719
330
1A
100
AcDbEntity
  8
BLACK
  6
CONTINUOUS
100
AcDbLine
 10
-0.5718373622047244
 20
3.4261357874015745
 30
0
 11
-0.5713964566929134
 21
3.4250713779527557
 31
0
  0
LINE
  5
71A
330
1A
100
AcDbEntity
  8
BLACK
  6
CONTINUOUS
100
AcDbLine
 10
-0.5713964566929134
 20
3.4250713779527557
 30
0
 11
-0.5713397244094488
 21
3.4244953149606299
 31
0
  0
LINE
  5
71B
330
1A
100
AcDbEntity
  8
BLACK
  6
CONTINUOUS
100
AcDbLine
 10
-0.5713397244094488
 20
3.4244953149606299
 30
0
 11
-0.5713397244094488
 21
3.3914466141732285
 31
0
  0
LINE
  5
71C
330
1A
100
AcDbEntity
  8
BLACK
  6
CONTINUOUS
100
AcDbLine
 10
-0.5713397244094488
 20
3.3914466141732285
 30
0
 11
-0.5702168897637795
 21
3.3892008661417323
 31
0
  0
LINE
  5
71D
330
1A
100
AcDbEntity
  8
BLACK
  6
CONTINUOUS
100
AcDbLine
 10
-0.5702168897637795
 20
3.3892008661417323
 30
0
 11
-0.5673476771653543
 21
3.3877662598425196
 31
0
  0
LINE
  5
71E
330
1A
100
AcDbEntity
  8
BLACK
  6
CONTINUOUS
100
AcDbLine
 10
-0.5673476771653543
 20
3.3877662598425196
 30
0
 11
-0.5668577952755905
 21
3.3874579133858269
 31
0
  0
LINE
  5
71F
330
1A
100
AcDbEntity
  8
BLACK
  6
CONTINUOUS
100
AcDbLine
 10
-0.5668577952755905
 20
3.3874579133858269
 30
0
 11
-0.5661029527559055
 21
3.3865875196850395
 31
0
  0
LINE
  5
720
330
1A
100
AcDbEntity
  8
BLACK
  6
CONTINUOUS
100
AcDbLine
 10
-0.5661029527559055
 20
3.3865875196850395
 30
0
 11
-0.5657386220472441
 21
3.3854945669291339
 31
0
  0
LINE
  5
721
330
1A
100
AcDbEntity
  8
BLACK
  6
CONTINUOUS
100
AcDbLine
 10
-0.5657386220472441
 20
3.3854945669291339
 30
0
 11
-0.5658202755905511
 21
3.3843453543307085
 31
0
  0
LINE
  5
722
330
1A
100
AcDbEntity
  8
BLACK
  6
CONTINUOUS
100
AcDbLine
 10
-0.5658202755905511
 20
3.3843453543307085
 30
0
 11
-0.5663355511811023
 21
3.3833148425196851
 31
0
  0
LINE
  5
723
330
1A
100
AcDbEntity
  8
BLACK
  6
CONTINUOUS
100
AcDbLine
 10
-0.5663355511811023
 20
3.3833148425196851
 30
0
 11
-0.5667530314960629
 21
3.3829527559055119
 31
0
  0
LINE
  5
724
330
1A
100
AcDbEntity
  8
BLACK
  6
CONTINUOUS
100
AcDbLine
 10
-0.5667530314960629
 20
3.3829527559055119
 30
0
 11
-0.5521781102362204
 21
3.3829527559055119
 31
0
  0
LINE
  5
725
330
1A
100
AcDbEntity
  8
BLACK
  6
CONTINUOUS
100
AcDbLine
 10
-0.5521781102362204
 20
3.3829527559055119
 30
0
 11
-0.5549905511811023
 21
3.3843589763779525
 31
0
  0
LINE
  5
726
330
1A
100
AcDbEntity
  8
BLACK
  6
CONTINUOUS
100
AcDbLine
 10
-0.5549905511811023
 20
3.3843589763779525
 30
0
 11
-0.5550869291338583
 21
3.3844196456692912
 31
0
  0
LINE
  5
727
330
1A
100
AcDbEntity
  8
BLACK
  6
CONTINUOUS
100
AcDbLine
 10
-0.5550869291338583
 20
3.3844196456692912
 30
0
 11
-0.5551323228346456
 21
3.3844347637795273
 31
0
  0
LINE
  5
728
330
1A
100
AcDbEntity
  8
BLACK
  6
CONTINUOUS
100
AcDbLine
 10
-0.5551323228346456
 20
3.3844347637795273
 30
0
 11
-0.5551888976377952
 21
3.3844838188976376
 31
0
  0
LINE
  5
729
330
1A
100
AcDbEntity
  8
BLACK
  6
CONTINUOUS
100
AcDbLine
 10
-0.5551888976377952
 20
3.3844838188976376
 30
0
 11
-0.5554804330708661
 21
3.3846673228346456
 31
0
  0
LINE
  5
72A
330
1A
100
AcDbEntity
  8
BLACK
  6
CONTINUOUS
100
AcDbLine
 10
-0.5554804330708661
 20
3.3846673228346456
 30
0
 11
-0.5557231102362205
 21
3.3849471653543306
 31
0
  0
LINE
  5
72B
330
1A
100
AcDbEntity
  8
BLACK
  6
CONTINUOUS
100
AcDbLine
 10
-0.5557231102362205
 20
3.3849471653543306
 30
0
 11
-0.5560027165354331
 21
3.3851896456692914
 31
0
  0
LINE
  5
72C
330
1A
100
AcDbEntity
  8
BLACK
  6
CONTINUOUS
100
AcDbLine
 10
-0.5560027165354331
 20
3.3851896456692914
 30
0
 11
-0.5561862204724409
 21
3.3854811417322832
 31
0
  0
LINE
  5
72D
330
1A
100
AcDbEntity
  8
BLACK
  6
CONTINUOUS
100
AcDbLine
 10
-0.5561862204724409
 20
3.3854811417322832
 30
0
 11
-0.5562352755905512
 21
3.385537716535433
 31
0
  0
LINE
  5
72E
330
1A
100
AcDbEntity
  8
BLACK
  6
CONTINUOUS
100
AcDbLine
 10
-0.5562352755905512
 20
3.385537716535433
 30
0
 11
-0.5562504330708661
 21
3.3855831889763777
 31
0
  0
LINE
  5
72F
330
1A
100
AcDbEntity
  8
BLACK
  6
CONTINUOUS
100
AcDbLine
 10
-0.5562504330708661
 20
3.3855831889763777
 30
0
 11
-0.556311062992126
 21
3.3856794881889765
 31
0
  0
LINE
  5
730
330
1A
100
AcDbEntity
  8
BLACK
  6
CONTINUOUS
100
AcDbLine
 10
-0.556311062992126
 20
3.3856794881889765
 30
0
 11
-0.5581858267716535
 21
3.3894290551181103
 31
0
  0
LINE
  5
731
330
1A
100
AcDbEntity
  8
BLACK
  6
CONTINUOUS
100
AcDbLine
 10
-0.5581858267716535
 20
3.3894290551181103
 30
0
 11
-0.5583927165354331
 21
3.3899696850393699
 31
0
  0
LINE
  5
732
330
1A
100
AcDbEntity
  8
BLACK
  6
CONTINUOUS
100
AcDbLine
 10
-0.5583927165354331
 20
3.3899696850393699
 30
0
 11
-0.5584002362204724
 21
3.3900755118110237
 31
0
  0
LINE
  5
733
330
1A
100
AcDbEntity
  8
BLACK
  6
CONTINUOUS
100
AcDbLine
 10
-0.5584002362204724
 20
3.3900755118110237
 30
0
 11
-0.5584408267716535
 21
3.390173503937008
 31
0
  0
LINE
  5
734
330
1A
100
AcDbEntity
  8
BLACK
  6
CONTINUOUS
100
AcDbLine
 10
-0.5584408267716535
 20
3.390173503937008
 30
0
 11
-0.5584975590551181
 21
3.3907495669291339
 31
0
  0
LINE
  5
735
330
1A
100
AcDbEntity
  8
BLACK
  6
CONTINUOUS
100
AcDbLine
 10
-0.5584975590551181
 20
3.3907495669291339
 30
0
 11
-0.5584975590551181
 21
3.4057476771653543
 31
0
  0
LINE
  5
736
330
1A
100
AcDbEntity
  8
BLACK
  6
CONTINUOUS
100
AcDbLine
 10
-0.5584975590551181
 20
3.4057476771653543
 30
0
 11
-0.5584408267716535
 21
3.4063237401574802
 31
0
  0
LINE
  5
737
330
1A
100
AcDbEntity
  8
BLACK
  6
CONTINUOUS
100
AcDbLine
 10
-0.5584408267716535
 20
3.4063237401574802
 30
0
 11
-0.5584002362204724
 21
3.4064217716535432
 31
0
  0
LINE
  5
738
330
1A
100
AcDbEntity
  8
BLACK
  6
CONTINUOUS
100
AcDbLine
 10
-0.5584002362204724
 20
3.4064217716535432
 30
0
 11
-0.5583927165354331
 21
3.4065275590551178
 31
0
  0
LINE
  5
739
330
1A
100
AcDbEntity
  8
BLACK
  6
CONTINUOUS
100
AcDbLine
 10
-0.5583927165354331
 20
3.4065275590551178
 30
0
 11
-0.5581858267716535
 21
3.4070681889763779
 31
0
  0
LINE
  5
73A
330
1A
100
AcDbEntity
  8
BLACK
  6
CONTINUOUS
100
AcDbLine
 10
-0.5581858267716535
 20
3.4070681889763779
 30
0
 11
-0.556311062992126
 21
3.410817716535433
 31
0
  0
LINE
  5
73B
330
1A
100
AcDbEntity
  8
BLACK
  6
CONTINUOUS
100
AcDbLine
 10
-0.556311062992126
 20
3.410817716535433
 30
0
 11
-0.5562504330708661
 21
3.4109140944881888
 31
0
  0
LINE
  5
73C
330
1A
100
AcDbEntity
  8
BLACK
  6
CONTINUOUS
100
AcDbLine
 10
-0.5562504330708661
 20
3.4109140944881888
 30
0
 11
-0.5562352755905512
 21
3.4109594881889764
 31
0
  0
LINE
  5
73D
330
1A
100
AcDbEntity
  8
BLACK
  6
CONTINUOUS
100
AcDbLine
 10
-0.5562352755905512
 20
3.4109594881889764
 30
0
 11
-0.5561862598425197
 21
3.4110160629921258
 31
0
  0
LINE
  5
73E
330
1A
100
AcDbEntity
  8
BLACK
  6
CONTINUOUS
100
AcDbLine
 10
-0.5561862598425197
 20
3.4110160629921258
 30
0
 11
-0.5560027165354331
 21
3.4113075984251968
 31
0
  0
LINE
  5
73F
330
1A
100
AcDbEntity
  8
BLACK
  6
CONTINUOUS
100
AcDbLine
 10
-0.5560027165354331
 20
3.4113075984251968
 30
0
 11
-0.5557230314960629
 21
3.4115501968503934
 31
0
  0
LINE
  5
740
330
1A
100
AcDbEntity
  8
BLACK
  6
CONTINUOUS
100
AcDbLine
 10
-0.5557230314960629
 20
3.4115501968503934
 30
0
 11
-0.5554804330708661
 21
3.4118298818897639
 31
0
  0
LINE
  5
741
330
1A
100
AcDbEntity
  8
BLACK
  6
CONTINUOUS
100
AcDbLine
 10
-0.5554804330708661
 20
3.4118298818897639
 30
0
 11
-0.5551888976377952
 21
3.4120134251968501
 31
0
  0
LINE
  5
742
330
1A
100
AcDbEntity
  8
BLACK
  6
CONTINUOUS
100
AcDbLine
 10
-0.5551888976377952
 20
3.4120134251968501
 30
0
 11
-0.5551323228346456
 21
3.4120624409448816
 31
0
  0
LINE
  5
743
330
1A
100
AcDbEntity
  8
BLACK
  6
CONTINUOUS
100
AcDbLine
 10
-0.5551323228346456
 20
3.4120624409448816
 30
0
 11
-0.5550869291338583
 21
3.412077598425197
 31
0
  0
LINE
  5
744
330
1A
100
AcDbEntity
  8
BLACK
  6
CONTINUOUS
100
AcDbLine
 10
-0.5550869291338583
 20
3.412077598425197
 30
0
 11
-0.5549905511811023
 21
3.4121382283464565
 31
0
  0
LINE
  5
745
330
1A
100
AcDbEntity
  8
BLACK
  6
CONTINUOUS
100
AcDbLine
 10
-0.5549905511811023
 20
3.4121382283464565
 30
0
 11
-0.5512410236220472
 21
3.4140129921259841
 31
0
  0
LINE
  5
746
330
1A
100
AcDbEntity
  8
BLACK
  6
CONTINUOUS
100
AcDbLine
 10
-0.5512410236220472
 20
3.4140129921259841
 30
0
 11
-0.5507004330708661
 21
3.4142198818897636
 31
0
  0
LINE
  5
747
330
1A
100
AcDbEntity
  8
BLACK
  6
CONTINUOUS
100
AcDbLine
 10
-0.5507004330708661
 20
3.4142198818897636
 30
0
 11
-0.5505945669291339
 21
3.4142274409448818
 31
0
  0
LINE
  5
748
330
1A
100
AcDbEntity
  8
BLACK
  6
CONTINUOUS
100
AcDbLine
 10
-0.5505945669291339
 20
3.4142274409448818
 30
0
 11
-0.5504965748031496
 21
3.4142679921259842
 31
0
  0
LINE
  5
749
330
1A
100
AcDbEntity
  8
BLACK
  6
CONTINUOUS
100
AcDbLine
 10
-0.5504965748031496
 20
3.4142679921259842
 30
0
 11
-0.5499205118110236
 21
3.4143247244094486
 31
0
  0
LINE
  5
74A
330
1A
100
AcDbEntity
  8
BLACK
  6
CONTINUOUS
100
AcDbLine
 10
-0.5499205118110236
 20
3.4143247244094486
 30
0
 11
-0.5424214566929134
 21
3.4143247244094486
 31
0
  0
LINE
  5
74B
330
1A
100
AcDbEntity
  8
BLACK
  6
CONTINUOUS
100
AcDbLine
 10
-0.5424214566929134
 20
3.4143247244094486
 30
0
 11
-0.5418453937007874
 21
3.4142679921259842
 31
0
  0
LINE
  5
74C
330
1A
100
AcDbEntity
  8
BLACK
  6
CONTINUOUS
100
AcDbLine
 10
-0.5418453937007874
 20
3.4142679921259842
 30
0
 11
-0.5417474015748032
 21
3.4142274015748031
 31
0
  0
LINE
  5
74D
330
1A
100
AcDbEntity
  8
BLACK
  6
CONTINUOUS
100
AcDbLine
 10
-0.5417474015748032
 20
3.4142274015748031
 30
0
 11
-0.5416415748031496
 21
3.4142198818897636
 31
0
  0
LINE
  5
74E
330
1A
100
AcDbEntity
  8
BLACK
  6
CONTINUOUS
100
AcDbLine
 10
-0.5416415748031496
 20
3.4142198818897636
 30
0
 11
-0.5411009448818898
 21
3.4140129921259841
 31
0
  0
LINE
  5
74F
330
1A
100
AcDbEntity
  8
BLACK
  6
CONTINUOUS
100
AcDbLine
 10
-0.5411009448818898
 20
3.4140129921259841
 30
0
 11
-0.5373514173228346
 21
3.4121382283464565
 31
0
  0
LINE
  5
750
330
1A
100
AcDbEntity
  8
BLACK
  6
CONTINUOUS
100
AcDbLine
 10
-0.5373514173228346
 20
3.4121382283464565
 30
0
 11
-0.5372550787401574
 21
3.412077598425197
 31
0
  0
LINE
  5
751
330
1A
100
AcDbEntity
  8
BLACK
  6
CONTINUOUS
100
AcDbLine
 10
-0.5372550787401574
 20
3.412077598425197
 30
0
 11
-0.5372096456692913
 21
3.4120624409448816
 31
0
  0
LINE
  5
752
330
1A
100
AcDbEntity
  8
BLACK
  6
CONTINUOUS
100
AcDbLine
 10
-0.5372096456692913
 20
3.4120624409448816
 30
0
 11
-0.5371531102362205
 21
3.4120134251968501
 31
0
  0
LINE
  5
753
330
1A
100
AcDbEntity
  8
BLACK
  6
CONTINUOUS
100
AcDbLine
 10
-0.5371531102362205
 20
3.4120134251968501
 30
0
 11
-0.5368615354330708
 21
3.4118298818897639
 31
0
  0
LINE
  5
754
330
1A
100
AcDbEntity
  8
BLACK
  6
CONTINUOUS
100
AcDbLine
 10
-0.5368615354330708
 20
3.4118298818897639
 30
0
 11
-0.5366189763779527
 21
3.4115501968503934
 31
0
  0
LINE
  5
755
330
1A
100
AcDbEntity
  8
BLACK
  6
CONTINUOUS
100
AcDbLine
 10
-0.5366189763779527
 20
3.4115501968503934
 30
0
 11
-0.536339251968504
 21
3.4113075984251968
 31
0
  0
LINE
  5
756
330
1A
100
AcDbEntity
  8
BLACK
  6
CONTINUOUS
100
AcDbLine
 10
-0.536339251968504
 20
3.4113075984251968
 30
0
 11
-0.536155748031496
 21
3.4110160629921258
 31
0
  0
LINE
  5
757
330
1A
100
AcDbEntity
  8
BLACK
  6
CONTINUOUS
100
AcDbLine
 10
-0.536155748031496
 20
3.4110160629921258
 30
0
 11
-0.5361066929133859
 21
3.4109594881889764
 31
0
  0
LINE
  5
758
330
1A
100
AcDbEntity
  8
BLACK
  6
CONTINUOUS
100
AcDbLine
 10
-0.5361066929133859
 20
3.4109594881889764
 30
0
 11
-0.5360915748031496
 21
3.4109140944881888
 31
0
  0
LINE
  5
759
330
1A
100
AcDbEntity
  8
BLACK
  6
CONTINUOUS
100
AcDbLine
 10
-0.5360915748031496
 20
3.4109140944881888
 30
0
 11
-0.536030905511811
 21
3.410817716535433
 31
0
  0
LINE
  5
75A
330
1A
100
AcDbEntity
  8
BLACK
  6
CONTINUOUS
100
AcDbLine
 10
-0.536030905511811
 20
3.410817716535433
 30
0
 11
-0.5341561417322834
 21
3.4070681889763779
 31
0
  0
LINE
  5
75B
330
1A
100
AcDbEntity
  8
BLACK
  6
CONTINUOUS
100
AcDbLine
 10
-0.5341561417322834
 20
3.4070681889763779
 30
0
 11
-0.533949251968504
 21
3.4065275984251966
 31
0
  0
LINE
  5
75C
330
1A
100
AcDbEntity
  8
BLACK
  6
CONTINUOUS
100
AcDbLine
 10
-0.533949251968504
 20
3.4065275984251966
 30
0
 11
-0.5339417322834645
 21
3.4064217322834645
 31
0
  0
LINE
  5
75D
330
1A
100
AcDbEntity
  8
BLACK
  6
CONTINUOUS
100
AcDbLine
 10
-0.5339417322834645
 20
3.4064217322834645
 30
0
 11
-0.5339011417322834
 21
3.4063237401574802
 31
0
  0
LINE
  5
75E
330
1A
100
AcDbEntity
  8
BLACK
  6
CONTINUOUS
100
AcDbLine
 10
-0.5339011417322834
 20
3.4063237401574802
 30
0
 11
-0.5338444094488188
 21
3.4057476771653543
 31
0
  0
LINE
  5
75F
330
1A
100
AcDbEntity
  8
BLACK
  6
CONTINUOUS
100
AcDbLine
 10
-0.5338444094488188
 20
3.4057476771653543
 30
0
 11
-0.5338444094488188
 21
3.4019981496062992
 31
0
  0
LINE
  5
760
330
1A
100
AcDbEntity
  8
BLACK
  6
CONTINUOUS
100
AcDbLine
 10
-0.5338444094488188
 20
3.4019981496062992
 30
0
 11
-0.5339011417322834
 21
3.4014220866141733
 31
0
  0
LINE
  5
761
330
1A
100
AcDbEntity
  8
BLACK
  6
CONTINUOUS
100
AcDbLine
 10
-0.5339011417322834
 20
3.4014220866141733
 30
0
 11
-0.5340119291338583
 21
3.4011547244094489
 31
0
  0
LINE
  5
762
330
1A
100
AcDbEntity
  8
BLACK
  6
CONTINUOUS
100
AcDbLine
 10
-0.5340119291338583
 20
3.4011547244094489
 30
0
 11
-0.534068031496063
 21
3.400871023622047
 31
0
  0
LINE
  5
763
330
1A
100
AcDbEntity
  8
BLACK
  6
CONTINUOUS
100
AcDbLine
 10
-0.534068031496063
 20
3.400871023622047
 30
0
 11
-0.5342301181102362
 21
3.4006279133858266
 31
0
  0
LINE
  5
764
330
1A
100
AcDbEntity
  8
BLACK
  6
CONTINUOUS
100
AcDbLine
 10
-0.5342301181102362
 20
3.4006279133858266
 30
0
 11
-0.5343420472440945
 21
3.4003576771653541
 31
0
  0
LINE
  5
765
330
1A
100
AcDbEntity
  8
BLACK
  6
CONTINUOUS
100
AcDbLine
 10
-0.5343420472440945
 20
3.4003576771653541
 30
0
 11
-0.5345466929133859
 21
3.4001530314960631
 31
0
  0
LINE
  5
766
330
1A
100
AcDbEntity
  8
BLACK
  6
CONTINUOUS
100
AcDbLine
 10
-0.5345466929133859
 20
3.4001530314960631
 30
0
 11
-0.5347070866141732
 21
3.399912440944882
 31
0
  0
LINE
  5
767
330
1A
100
AcDbEntity
  8
BLACK
  6
CONTINUOUS
100
AcDbLine
 10
-0.5347070866141732
 20
3.399912440944882
 30
0
 11
-0.5349499212598425
 21
3.399749842519685
 31
0
  0
LINE
  5
768
330
1A
100
AcDbEntity
  8
BLACK
  6
CONTINUOUS
100
AcDbLine
 10
-0.5349499212598425
 20
3.399749842519685
 30
0
 11
-0.5351566929133859
 21
3.3995430314960631
 31
0
  0
LINE
  5
769
330
1A
100
AcDbEntity
  8
BLACK
  6
CONTINUOUS
100
AcDbLine
 10
-0.5351566929133859
 20
3.3995430314960631
 30
0
 11
-0.5354239763779527
 21
3.3994323228346457
 31
0
  0
LINE
  5
76A
330
1A
100
AcDbEntity
  8
BLACK
  6
CONTINUOUS
100
AcDbLine
 10
-0.5354239763779527
 20
3.3994323228346457
 30
0
 11
-0.5356643307086614
 21
3.3992713385826772
 31
0
  0
LINE
  5
76B
330
1A
100
AcDbEntity
  8
BLACK
  6
CONTINUOUS
100
AcDbLine
 10
-0.5356643307086614
 20
3.3992713385826772
 30
0
 11
-0.5362181102362205
 21
3.3991027165354328
 31
0
  0
LINE
  5
76C
330
1A
100
AcDbEntity
  8
BLACK
  6
CONTINUOUS
100
AcDbLine
 10
-0.5362181102362205
 20
3.3991027165354328
 30
0
 11
-0.5525920472440945
 21
3.3958279527559054
 31
0
  0
LINE
  5
76D
330
1A
100
AcDbEntity
  8
BLACK
  6
CONTINUOUS
100
AcDbLine
 10
-0.5525920472440945
 20
3.3958279527559054
 30
0
 11
-0.5525920472440945
 21
3.3914466141732285
 31
0
  0
LINE
  5
76E
330
1A
100
AcDbEntity
  8
BLACK
  6
CONTINUOUS
100
AcDbLine
 10
-0.5525920472440945
 20
3.3914466141732285
 30
0
 11
-0.5514692125984252
 21
3.3892008661417323
 31
0
  0
LINE
  5
76F
330
1A
100
AcDbEntity
  8
BLACK
  6
CONTINUOUS
100
AcDbLine
 10
-0.5514692125984252
 20
3.3892008661417323
 30
0
 11
-0.5492234645669292
 21
3.388077992125984
 31
0
  0
LINE
  5
770
330
1A
100
AcDbEntity
  8
BLACK
  6
CONTINUOUS
100
AcDbLine
 10
-0.5492234645669292
 20
3.388077992125984
 30
0
 11
-0.5431185039370079
 21
3.388077992125984
 31
0
  0
LINE
  5
771
330
1A
100
AcDbEntity
  8
BLACK
  6
CONTINUOUS
100
AcDbLine
 10
-0.5431185039370079
 20
3.388077992125984
 30
0
 11
-0.5399924409448819
 21
3.3896410236220471
 31
0
  0
LINE
  5
772
330
1A
100
AcDbEntity
  8
BLACK
  6
CONTINUOUS
100
AcDbLine
 10
-0.5399924409448819
 20
3.3896410236220471
 30
0
 11
-0.5394518503937008
 21
3.3898479133858266
 31
0
  0
LINE
  5
773
330
1A
100
AcDbEntity
  8
BLACK
  6
CONTINUOUS
100
AcDbLine
 10
-0.5394518503937008
 20
3.3898479133858266
 30
0
 11
-0.5383026377952755
 21
3.3899295669291338
 31
0
  0
LINE
  5
774
330
1A
100
AcDbEntity
  8
BLACK
  6
CONTINUOUS
100
AcDbLine
 10
-0.5383026377952755
 20
3.3899295669291338
 30
0
 11
-0.5372096456692913
 21
3.3895652362204722
 31
0
  0
LINE
  5
775
330
1A
100
AcDbEntity
  8
BLACK
  6
CONTINUOUS
100
AcDbLine
 10
-0.5372096456692913
 20
3.3895652362204722
 30
0
 11
-0.5363392913385827
 21
3.3888103937007874
 31
0
  0
LINE
  5
776
330
1A
100
AcDbEntity
  8
BLACK
  6
CONTINUOUS
100
AcDbLine
 10
-0.5363392913385827
 20
3.3888103937007874
 30
0
 11
-0.5358240157480315
 21
3.3877798818897635
 31
0
  0
LINE
  5
777
330
1A
100
AcDbEntity
  8
BLACK
  6
CONTINUOUS
100
AcDbLine
 10
-0.5358240157480315
 20
3.3877798818897635
 30
0
 11
-0.5357423622047244
 21
3.3866306692913386
 31
0
  0
LINE
  5
778
330
1A
100
AcDbEntity
  8
BLACK
  6
CONTINUOUS
100
AcDbLine
 10
-0.5357423622047244
 20
3.3866306692913386
 30
0
 11
-0.5361066929133859
 21
3.385537716535433
 31
0
  0
LINE
  5
779
330
1A
100
AcDbEntity
  8
BLACK
  6
CONTINUOUS
100
AcDbLine
 10
-0.5361066929133859
 20
3.385537716535433
 30
0
 11
-0.5368615354330708
 21
3.3846673228346456
 31
0
  0
LINE
  5
77A
330
1A
100
AcDbEntity
  8
BLACK
  6
CONTINUOUS
100
AcDbLine
 10
-0.5368615354330708
 20
3.3846673228346456
 30
0
 11
-0.5373514173228346
 21
3.3843589763779525
 31
0
  0
LINE
  5
77B
330
1A
100
AcDbEntity
  8
BLACK
  6
CONTINUOUS
100
AcDbLine
 10
-0.5373514173228346
 20
3.3843589763779525
 30
0
 11
-0.5401638582677165
 21
3.3829527559055119
 31
0
  0
LINE
  5
77C
330
1A
100
AcDbEntity
  8
BLACK
  6
CONTINUOUS
100
AcDbLine
 10
-0.5401638582677165
 20
3.3829527559055119
 30
0
 11
0.
 21
3.3829527559055119
 31
0
  0
LINE
  5
77D
330
1A
100
AcDbEntity
  8
BLACK
  6
CONTINUOUS
100
AcDbLine
 10
0.
 20
3.3829527559055119
 30
0
 11
0.000576062992126
 21
3.3828960236220471
 31
0
  0
LINE
  5
77E
330
1A
100
AcDbEntity
  8
BLACK
  6
CONTINUOUS
100
AcDbLine
 10
0.000576062992126
 20
3.3828960236220471
 30
0
 11
0.0016404724409449
 21
3.382455118110236
 31
0
  0
LINE
  5
77F
330
1A
100
AcDbEntity
  8
BLACK
  6
CONTINUOUS
100
AcDbLine
 10
0.0016404724409449
 20
3.382455118110236
 30
0
 11
0.0024551181102362
 21
3.381640472440945
 31
0
  0
LINE
  5
780
330
1A
100
AcDbEntity
  8
BLACK
  6
CONTINUOUS
100
AcDbLine
 10
0.0024551181102362
 20
3.381640472440945
 30
0
 11
0.0028960236220472
 21
3.3805760629921258
 31
0
  0
LINE
  5
781
330
1A
100
AcDbEntity
  8
BLACK
  6
CONTINUOUS
100
AcDbLine
 10
0.0028960236220472
 20
3.3805760629921258
 30
0
 11
0.0029527559055118
 21
3.3799999999999999
 31
0
  0
LINE
  5
782
330
1A
100
AcDbEntity
  8
BLACK
  6
CONTINUOUS
100
AcDbLine
 10
0.0029527559055118
 20
3.3799999999999999
 30
0
 11
0.0029527559055118
 21
0.
 31
0
  0
LINE
  5
783
330
1A
100
AcDbEntity
  8
BLACK
  6
CONTINUOUS
100
AcDbLine
 10
0.0029527559055118
 20
0.
 30
0
 11
0.0028960236220472
 21
-0.000576062992126
 31
0
  0
LINE
  5
784
330
1A
100
AcDbEntity
  8
BLACK
  6
CONTINUOUS
100
AcDbLine
 10
0.0028960236220472
 20
-0.000576062992126
 30
0
 11
0.0024551181102362
 21
-0.0016404724409449
 31
0
  0
LINE
  5
785
330
1A
100
AcDbEntity
  8
BLACK
  6
CONTINUOUS
100
AcDbLine
 10
0.0024551181102362
 20
-0.0016404724409449
 30
0
 11
0.0016404724409449
 21
-0.0024551181102362
 31
0
  0
LINE
  5
786
330
1A
100
AcDbEntity
  8
BLACK
  6
CONTINUOUS
100
AcDbLine
 10
0.0016404724409449
 20
-0.0024551181102362
 30
0
 11
0.000576062992126
 21
-0.0028960236220472
 31
0
  0
LINE
  5
787
330
1A
100
AcDbEntity
  8
BLACK
  6
CONTINUOUS
100
AcDbLine
 10
0.000576062992126
 20
-0.0028960236220472
 30
0
 11
0.
 21
-0.0029527559055118
 31
0
  0
LINE
  5
788
330
1A
100
AcDbEntity
  8
BLACK
  6
CONTINUOUS
100
AcDbLine
 10
0.
 20
-0.0029527559055118
 30
0
 11
-1.
 21
-0.0029527559055118
 31
0
  0
LINE
  5
789
330
1A
100
AcDbEntity
  8
BLACK
  6
CONTINUOUS
100
AcDbLine
 10
-1.
 20
-0.0029527559055118
 30
0
 11
-1.0005760629921259
 21
-0.0028960236220472
 31
0
  0
LINE
  5
78A
330
1A
100
AcDbEntity
  8
BLACK
  6
CONTINUOUS
100
AcDbLine
 10
-1.0005760629921259
 20
-0.0028960236220472
 30
0
 11
-1.0016404724409449
 21
-0.0024551181102362
 31
0
  0
LINE
  5
78B
330
1A
100
AcDbEntity
  8
BLACK
  6
CONTINUOUS
100
AcDbLine
 10
-1.0016404724409449
 20
-0.0024551181102362
 30
0
 11
-1.0024551181102361
 21
-0.0016404724409449
 31
0
  0
LINE
  5
78C
330
1A
100
AcDbEntity
  8
BLACK
  6
CONTINUOUS
100
AcDbLine
 10
-1.0024551181102361
 20
-0.0016404724409449
 30
0
 11
-1.0028960236220472
 21
-0.000576062992126
 31
0
  0
LINE
  5
78D
330
1A
100
AcDbEntity
  8
BLACK
  6
CONTINUOUS
100
AcDbLine
 10
-1.0028960236220472
 20
-0.000576062992126
 30
0
 11
-1.0029527559055118
 21
0.
 31
0
  0
LINE
  5
78E
330
1A
100
AcDbEntity
  8
BLACK
  6
CONTINUOUS
100
AcDbLine
 10
-1.0029527559055118
 20
0.
 30
0
 11
-1.0029527559055118
 21
3.3799999999999999
 31
0
  0
LINE
  5
78F
330
1A
100
AcDbEntity
  8
BLACK
  6
CONTINUOUS
100
AcDbLine
 10
-1.0029527559055118
 20
3.3799999999999999
 30
0
 11
-1.0028960236220472
 21
3.3805760629921258
 31
0
  0
LINE
  5
790
330
1A
100
AcDbEntity
  8
BLACK
  6
CONTINUOUS
100
AcDbLine
 10
-1.0028960236220472
 20
3.3805760629921258
 30
0
 11
-1.0024551181102361
 21
3.381640472440945
 31
0
  0
LINE
  5
791
330
1A
100
AcDbEntity
  8
BLACK
  6
CONTINUOUS
100
AcDbLine
 10
-1.0024551181102361
 20
3.381640472440945
 30
0
 11
-1.0016404724409449
 21
3.382455118110236
 31
0
  0
LINE
  5
792
330
1A
100
AcDbEntity
  8
BLACK
  6
CONTINUOUS
100
AcDbLine
 10
-1.0016404724409449
 20
3.382455118110236
 30
0
 11
-1.0005760629921259
 21
3.3828960236220471
 31
0
  0
LINE
  5
793
330
1A
100
AcDbEntity
  8
BLACK
  6
CONTINUOUS
100
AcDbLine
 10
-1.0005760629921259
 20
3.3828960236220471
 30
0
 11
-1.
 21
3.3829527559055119
 31
0
  0
LINE
  5
794
330
1A
100
AcDbEntity
  8
BLACK
  6
CONTINUOUS
100
AcDbLine
 10
-1.
 20
3.3829527559055119
 30
0
 11
-0.9852490551181102
 21
3.3829527559055119
 31
0
  0
LINE
  5
795
330
1A
100
AcDbEntity
  8
BLACK
  6
CONTINUOUS
100
AcDbLine
 10
-0.9852490551181102
 20
3.3829527559055119
 30
0
 11
-0.9880614960629921
 21
3.3843589763779525
 31
0
  0
LINE
  5
796
330
1A
100
AcDbEntity
  8
BLACK
  6
CONTINUOUS
100
AcDbLine
 10
-0.9880614960629921
 20
3.3843589763779525
 30
0
 11
-0.9881578740157481
 21
3.3844196456692912
 31
0
  0
LINE
  5
797
330
1A
100
AcDbEntity
  8
BLACK
  6
CONTINUOUS
100
AcDbLine
 10
-0.9881578740157481
 20
3.3844196456692912
 30
0
 11
-0.9882032677165354
 21
3.3844347637795273
 31
0
  0
LINE
  5
798
330
1A
100
AcDbEntity
  8
BLACK
  6
CONTINUOUS
100
AcDbLine
 10
-0.9882032677165354
 20
3.3844347637795273
 30
0
 11
-0.988259842519685
 21
3.3844838188976376
 31
0
  0
LINE
  5
799
330
1A
100
AcDbEntity
  8
BLACK
  6
CONTINUOUS
100
AcDbLine
 10
-0.988259842519685
 20
3.3844838188976376
 30
0
 11
-0.9885513779527558
 21
3.3846673228346456
 31
0
  0
LINE
  5
79A
330
1A
100
AcDbEntity
  8
BLACK
  6
CONTINUOUS
100
AcDbLine
 10
-0.9885513779527558
 20
3.3846673228346456
 30
0
 11
-0.9887940551181102
 21
3.3849471653543306
 31
0
  0
LINE
  5
79B
330
1A
100
AcDbEntity
  8
BLACK
  6
CONTINUOUS
100
AcDbLine
 10
-0.9887940551181102
 20
3.3849471653543306
 30
0
 11
-0.9890736614173228
 21
3.3851896456692914
 31
0
  0
LINE
  5
79C
330
1A
100
AcDbEntity
  8
BLACK
  6
CONTINUOUS
100
AcDbLine
 10
-0.9890736614173228
 20
3.3851896456692914
 30
0
 11
-0.9892571653543307
 21
3.3854811417322832
 31
0
  0
LINE
  5
79D
330
1A
100
AcDbEntity
  8
BLACK
  6
CONTINUOUS
100
AcDbLine
 10
-0.9892571653543307
 20
3.3854811417322832
 30
0
 11
-0.9893062204724409
 21
3.385537716535433
 31
0
  0
LINE
  5
79E
330
1A
100
AcDbEntity
  8
BLACK
  6
CONTINUOUS
100
AcDbLine
 10
-0.9893062204724409
 20
3.385537716535433
 30
0
 11
-0.9893213779527559
 21
3.3855831889763777
 31
0
  0
LINE
  5
79F
330
1A
100
AcDbEntity
  8
BLACK
  6
CONTINUOUS
100
AcDbLine
 10
-0.9893213779527559
 20
3.3855831889763777
 30
0
 11
-0.9893820078740158
 21
3.3856794881889765
 31
0
  0
LINE
  5
7A0
330
1A
100
AcDbEntity
  8
BLACK
  6
CONTINUOUS
100
AcDbLine
 10
-0.9893820078740158
 20
3.3856794881889765
 30
0
 11
-0.9912567716535433
 21
3.3894290551181103
 31
0
  0
LINE
  5
7A1
330
1A
100
AcDbEntity
  8
BLACK
  6
CONTINUOUS
100
AcDbLine
 10
-0.9912567716535433
 20
3.3894290551181103
 30
0
 11
-0.9914636614173228
 21
3.3899696850393699
 31
0
  0
LINE
  5
7A2
330
1A
100
AcDbEntity
  8
BLACK
  6
CONTINUOUS
100
AcDbLine
 10
-0.9914636614173228
 20
3.3899696850393699
 30
0
 11
-0.9914711811023622
 21
3.3900755118110237
 31
0
  0
LINE
  5
7A3
330
1A
100
AcDbEntity
  8
BLACK
  6
CONTINUOUS
100
AcDbLine
 10
-0.9914711811023622
 20
3.3900755118110237
 30
0
 11
-0.9915117716535433
 21
3.390173503937008
 31
0
  0
LINE
  5
7A4
330
1A
100
AcDbEntity
  8
BLACK
  6
CONTINUOUS
100
AcDbLine
 10
-0.9915117716535433
 20
3.390173503937008
 30
0
 11
-0.9915685039370079
 21
3.3907495669291339
 31
0
  0
LINE
  5
7A5
330
1A
100
AcDbEntity
  8
BLACK
  6
CONTINUOUS
100
AcDbLine
 10
-0.9915685039370079
 20
3.3907495669291339
 30
0
 11
-0.9915685039370079
 21
3.394499094488189
 31
0
  0
LINE
  5
7A6
330
1A
100
AcDbEntity
  8
BLACK
  6
CONTINUOUS
100
AcDbLine
 10
-0.9915685039370079
 20
3.394499094488189
 30
0
 11
-0.9915117716535433
 21
3.3950751574803149
 31
0
  0
LINE
  5
7A7
330
1A
100
AcDbEntity
  8
BLACK
  6
CONTINUOUS
100
AcDbLine
 10
-0.9915117716535433
 20
3.3950751574803149
 30
0
 11
-0.9914711811023622
 21
3.3951731889763779
 31
0
  0
LINE
  5
7A8
330
1A
100
AcDbEntity
  8
BLACK
  6
CONTINUOUS
100
AcDbLine
 10
-0.9914711811023622
 20
3.3951731889763779
 30
0
 11
-0.9914636614173228
 21
3.3952789763779525
 31
0
  0
LINE
  5
7A9
330
1A
100
AcDbEntity
  8
BLACK
  6
CONTINUOUS
100
AcDbLine
 10
-0.9914636614173228
 20
3.3952789763779525
 30
0
 11
-0.9912567716535433
 21
3.3958196062992125
 31
0
  0
LINE
  5
7AA
330
1A
100
AcDbEntity
  8
BLACK
  6
CONTINUOUS
100
AcDbLine
 10
-0.9912567716535433
 20
3.3958196062992125
 30
0
 11
-0.9893820078740158
 21
3.3995691338582676
 31
0
  0
LINE
  5
7AB
330
1A
100
AcDbEntity
  8
BLACK
  6
CONTINUOUS
100
AcDbLine
 10
-0.9893820078740158
 20
3.3995691338582676
 30
0
 11
-0.9893213779527559
 21
3.3996655118110235
 31
0
  0
LINE
  5
7AC
330
1A
100
AcDbEntity
  8
BLACK
  6
CONTINUOUS
100
AcDbLine
 10
-0.9893213779527559
 20
3.3996655118110235
 30
0
 11
-0.9893062204724409
 21
3.3997109055118111
 31
0
  0
LINE
  5
7AD
330
1A
100
AcDbEntity
  8
BLACK
  6
CONTINUOUS
100
AcDbLine
 10
-0.9893062204724409
 20
3.3997109055118111
 30
0
 11
-0.9892572047244095
 21
3.3997674803149605
 31
0
  0
LINE
  5
7AE
330
1A
100
AcDbEntity
  8
BLACK
  6
CONTINUOUS
100
AcDbLine
 10
-0.9892572047244095
 20
3.3997674803149605
 30
0
 11
-0.9890736614173228
 21
3.4000590157480315
 31
0
  0
LINE
  5
7AF
330
1A
100
AcDbEntity
  8
BLACK
  6
CONTINUOUS
100
AcDbLine
 10
-0.9890736614173228
 20
3.4000590157480315
 30
0
 11
-0.9887939763779527
 21
3.4003016141732281
 31
0
  0
LINE
  5
7B0
330
1A
100
AcDbEntity
  8
BLACK
  6
CONTINUOUS
100
AcDbLine
 10
-0.9887939763779527
 20
3.4003016141732281
 30
0
 11
-0.9885513779527558
 21
3.4005812992125986
 31
0
  0
LINE
  5
7B1
330
1A
100
AcDbEntity
  8
BLACK
  6
CONTINUOUS
100
AcDbLine
 10
-0.9885513779527558
 20
3.4005812992125986
 30
0
 11
-0.988259842519685
 21
3.4007648425196848
 31
0
  0
LINE
  5
7B2
330
1A
100
AcDbEntity
  8
BLACK
  6
CONTINUOUS
100
AcDbLine
 10
-0.988259842519685
 20
3.4007648425196848
 30
0
 11
-0.9882032677165354
 21
3.4008138582677163
 31
0
  0
LINE
  5
7B3
330
1A
100
AcDbEntity
  8
BLACK
  6
CONTINUOUS
100
AcDbLine
 10
-0.9882032677165354
 20
3.4008138582677163
 30
0
 11
-0.9881578740157481
 21
3.4008290157480312
 31
0
  0
LINE
  5
7B4
330
1A
100
AcDbEntity
  8
BLACK
  6
CONTINUOUS
100
AcDbLine
 10
-0.9881578740157481
 20
3.4008290157480312
 30
0
 11
-0.9880614960629921
 21
3.4008896456692912
 31
0
  0
LINE
  5
7B5
330
1A
100
AcDbEntity
  8
BLACK
  6
CONTINUOUS
100
AcDbLine
 10
-0.9880614960629921
 20
3.4008896456692912
 30
0
 11
-0.984311968503937
 21
3.4027644094488187
 31
0
  0
LINE
  5
7B6
330
1A
100
AcDbEntity
  8
BLACK
  6
CONTINUOUS
100
AcDbLine
 10
-0.984311968503937
 20
3.4027644094488187
 30
0
 11
-0.9837713779527559
 21
3.4029712992125982
 31
0
  0
LINE
  5
7B7
330
1A
100
AcDbEntity
  8
BLACK
  6
CONTINUOUS
100
AcDbLine
 10
-0.9837713779527559
 20
3.4029712992125982
 30
0
 11
-0.9836655118110236
 21
3.4029788582677165
 31
0
  0
LINE
  5
7B8
330
1A
100
AcDbEntity
  8
BLACK
  6
CONTINUOUS
100
AcDbLine
 10
-0.9836655118110236
 20
3.4029788582677165
 30
0
 11
-0.9835675196850393
 21
3.4030194094488189
 31
0
  0
LINE
  5
7B9
330
1A
100
AcDbEntity
  8
BLACK
  6
CONTINUOUS
100
AcDbLine
 10
-0.9835675196850393
 20
3.4030194094488189
 30
0
 11
-0.9829914566929133
 21
3.4030761417322832
 31
0
  0
LINE
  5
7BA
330
1A
100
AcDbEntity
  8
BLACK
  6
CONTINUOUS
100
AcDbLine
 10
-0.9829914566929133
 20
3.4030761417322832
 30
0
 11
-0.97431468503937
 21
3.4030761417322832
 31
0
  0
LINE
  5
7BB
330
1A
100
AcDbEntity
  8
BLACK
  6
CONTINUOUS
100
AcDbLine
 10
-0.97431468503937
 20
3.4030761417322832
 30
0
 11
-0.9728208661417322
 21
3.4038230708661414
 31
0
  0
LINE
  5
7BC
330
1A
100
AcDbEntity
  8
BLACK
  6
CONTINUOUS
100
AcDbLine
 10
-0.9728208661417322
 20
3.4038230708661414
 30
0
 11
-0.9728208661417322
 21
3.4050506299212597
 31
0
  0
LINE
  5
7BD
330
1A
100
AcDbEntity
  8
BLACK
  6
CONTINUOUS
100
AcDbLine
 10
-0.9728208661417322
 20
3.4050506299212597
 30
0
 11
-0.9739437401574803
 21
3.4072963779527559
 31
0
  0
LINE
  5
7BE
330
1A
100
AcDbEntity
  8
BLACK
  6
CONTINUOUS
100
AcDbLine
 10
-0.9739437401574803
 20
3.4072963779527559
 30
0
 11
-0.9761894488188976
 21
3.408419212598425
 31
0
  0
LINE
  5
7BF
330
1A
100
AcDbEntity
  8
BLACK
  6
CONTINUOUS
100
AcDbLine
 10
-0.9761894488188976
 20
3.408419212598425
 30
0
 11
-0.9822944094488189
 21
3.408419212598425
 31
0
  0
LINE
  5
7C0
330
1A
100
AcDbEntity
  8
BLACK
  6
CONTINUOUS
100
AcDbLine
 10
-0.9822944094488189
 20
3.408419212598425
 30
0
 11
-0.9854204724409449
 21
3.4068561811023623
 31
0
  0
LINE
  5
7C1
330
1A
100
AcDbEntity
  8
BLACK
  6
CONTINUOUS
100
AcDbLine
 10
-0.9854204724409449
 20
3.4068561811023623
 30
0
 11
-0.9859611023622047
 21
3.4066492913385824
 31
0
  0
LINE
  5
7C2
330
1A
100
AcDbEntity
  8
BLACK
  6
CONTINUOUS
100
AcDbLine
 10
-0.9859611023622047
 20
3.4066492913385824
 30
0
 11
-0.98711031496063
 21
3.4065676377952756
 31
0
  0
LINE
  5
7C3
330
1A
100
AcDbEntity
  8
BLACK
  6
CONTINUOUS
100
AcDbLine
 10
-0.98711031496063
 20
3.4065676377952756
 30
0
 11
-0.9882032677165354
 21
3.4069319685039368
 31
0
  0
LINE
  5
7C4
330
1A
100
AcDbEntity
  8
BLACK
  6
CONTINUOUS
100
AcDbLine
 10
-0.9882032677165354
 20
3.4069319685039368
 30
0
 11
-0.9890736614173228
 21
3.407686811023622
 31
0
  0
LINE
  5
7C5
330
1A
100
AcDbEntity
  8
BLACK
  6
CONTINUOUS
100
AcDbLine
 10
-0.9890736614173228
 20
3.407686811023622
 30
0
 11
-0.9895888976377952
 21
3.4087173228346455
 31
0
  0
LINE
  5
7C6
330
1A
100
AcDbEntity
  8
BLACK
  6
CONTINUOUS
100
AcDbLine
 10
-0.9895888976377952
 20
3.4087173228346455
 30
0
 11
-0.9896705511811024
 21
3.4098665354330708
 31
0
  0
LINE
  5
7C7
330
1A
100
AcDbEntity
  8
BLACK
  6
CONTINUOUS
100
AcDbLine
 10
-0.9896705511811024
 20
3.4098665354330708
 30
0
 11
-0.9893062204724409
 21
3.4109594881889764
 31
0
  0
LINE
  5
7C8
330
1A
100
AcDbEntity
  8
BLACK
  6
CONTINUOUS
100
AcDbLine
 10
-0.9893062204724409
 20
3.4109594881889764
 30
0
 11
-0.9885513779527558
 21
3.4118298818897639
 31
0
  0
LINE
  5
7C9
330
1A
100
AcDbEntity
  8
BLACK
  6
CONTINUOUS
100
AcDbLine
 10
-0.9885513779527558
 20
3.4118298818897639
 30
0
 11
-0.9880614960629921
 21
3.4121382283464565
 31
0
  0
LINE
  5
7CA
330
1A
100
AcDbEntity
  8
BLACK
  6
CONTINUOUS
100
AcDbLine
 10
-0.9880614960629921
 20
3.4121382283464565
 30
0
 11
-0.984311968503937
 21
3.4140129921259841
 31
0
  0
LINE
  5
7CB
330
1A
100
AcDbEntity
  8
BLACK
  6
CONTINUOUS
100
AcDbLine
 10
-0.984311968503937
 20
3.4140129921259841
 30
0
 11
-0.9837713779527559
 21
3.4142198818897636
 31
0
  0
LINE
  5
7CC
330
1A
100
AcDbEntity
  8
BLACK
  6
CONTINUOUS
100
AcDbLine
 10
-0.9837713779527559
 20
3.4142198818897636
 30
0
 11
-0.9836655118110236
 21
3.4142274409448818
 31
0
  0
LINE
  5
7CD
330
1A
100
AcDbEntity
  8
BLACK
  6
CONTINUOUS
100
AcDbLine
 10
-0.9836655118110236
 20
3.4142274409448818
 30
0
 11
-0.9835675196850393
 21
3.4142679921259842
 31
0
  0
LINE
  5
7CE
330
1A
100
AcDbEntity
  8
BLACK
  6
CONTINUOUS
100
AcDbLine
 10
-0.9835675196850393
 20
3.4142679921259842
 30
0
 11
-0.9829914566929133
 21
3.4143247244094486
 31
0
  0
LINE
  5
7CF
330
1A
100
AcDbEntity
  8
BLACK
  6
CONTINUOUS
100
AcDbLine
 10
-0.9829914566929133
 20
3.4143247244094486
 30
0
 11
-0.9754924015748031
 21
3.4143247244094486
 31
0
  0
LINE
  5
7D0
330
1A
100
AcDbEntity
  8
BLACK
  6
CONTINUOUS
100
AcDbLine
 10
-0.9754924015748031
 20
3.4143247244094486
 30
0
 11
-0.9749163385826771
 21
3.4142679921259842
 31
0
  0
LINE
  5
7D1
330
1A
100
AcDbEntity
  8
BLACK
  6
CONTINUOUS
100
AcDbLine
 10
-0.9749163385826771
 20
3.4142679921259842
 30
0
 11
-0.9748183464566929
 21
3.4142274015748031
 31
0
  0
LINE
  5
7D2
330
1A
100
AcDbEntity
  8
BLACK
  6
CONTINUOUS
100
AcDbLine
 10
-0.9748183464566929
 20
3.4142274015748031
 30
0
 11
-0.9747125196850394
 21
3.4142198818897636
 31
0
  0
LINE
  5
7D3
330
1A
100
AcDbEntity
  8
BLACK
  6
CONTINUOUS
100
AcDbLine
 10
-0.9747125196850394
 20
3.4142198818897636
 30
0
 11
-0.9741718897637796
 21
3.4140129921259841
 31
0
  0
LINE
  5
7D4
330
1A
100
AcDbEntity
  8
BLACK
  6
CONTINUOUS
100
AcDbLine
 10
-0.9741718897637796
 20
3.4140129921259841
 30
0
 11
-0.9704223622047244
 21
3.4121382283464565
 31
0
  0
LINE
  5
7D5
330
1A
100
AcDbEntity
  8
BLACK
  6
CONTINUOUS
100
AcDbLine
 10
-0.9704223622047244
 20
3.4121382283464565
 30
0
 11
-0.9703260236220472
 21
3.412077598425197
 31
0
  0
LINE
  5
7D6
330
1A
100
AcDbEntity
  8
BLACK
  6
CONTINUOUS
100
AcDbLine
 10
-0.9703260236220472
 20
3.412077598425197
 30
0
 11
-0.9702805905511811
 21
3.4120624409448816
 31
0
  0
LINE
  5
7D7
330
1A
100
AcDbEntity
  8
BLACK
  6
CONTINUOUS
100
AcDbLine
 10
-0.9702805905511811
 20
3.4120624409448816
 30
0
 11
-0.9702240551181102
 21
3.4120134251968501
 31
0
  0
LINE
  5
7D8
330
1A
100
AcDbEntity
  8
BLACK
  6
CONTINUOUS
100
AcDbLine
 10
-0.9702240551181102
 20
3.4120134251968501
 30
0
 11
-0.9699324803149606
 21
3.4118298818897639
 31
0
  0
LINE
  5
7D9
330
1A
100
AcDbEntity
  8
BLACK
  6
CONTINUOUS
100
AcDbLine
 10
-0.9699324803149606
 20
3.4118298818897639
 30
0
 11
-0.9696899212598425
 21
3.4115501968503934
 31
0
  0
LINE
  5
7DA
330
1A
100
AcDbEntity
  8
BLACK
  6
CONTINUOUS
100
AcDbLine
 10
-0.9696899212598425
 20
3.4115501968503934
 30
0
 11
-0.9694101968503936
 21
3.4113075984251968
 31
0
  0
LINE
  5
7DB
330
1A
100
AcDbEntity
  8
BLACK
  6
CONTINUOUS
100
AcDbLine
 10
-0.9694101968503936
 20
3.4113075984251968
 30
0
 11
-0.9692266929133858
 21
3.4110160629921258
 31
0
  0
LINE
  5
7DC
330
1A
100
AcDbEntity
  8
BLACK
  6
CONTINUOUS
100
AcDbLine
 10
-0.9692266929133858
 20
3.4110160629921258
 30
0
 11
-0.9691776377952755
 21
3.4109594881889764
 31
0
  0
LINE
  5
7DD
330
1A
100
AcDbEntity
  8
BLACK
  6
CONTINUOUS
100
AcDbLine
 10
-0.9691776377952755
 20
3.4109594881889764
 30
0
 11
-0.9691625196850393
 21
3.4109140944881888
 31
0
  0
LINE
  5
7DE
330
1A
100
AcDbEntity
  8
BLACK
  6
CONTINUOUS
100
AcDbLine
 10
-0.9691625196850393
 20
3.4109140944881888
 30
0
 11
-0.9691018503937008
 21
3.410817716535433
 31
0
  0
LINE
  5
7DF
330
1A
100
AcDbEntity
  8
BLACK
  6
CONTINUOUS
100
AcDbLine
 10
-0.9691018503937008
 20
3.410817716535433
 30
0
 11
-0.9672270866141732
 21
3.4070681889763779
 31
0
  0
LINE
  5
7E0
330
1A
100
AcDbEntity
  8
BLACK
  6
CONTINUOUS
100
AcDbLine
 10
-0.9672270866141732
 20
3.4070681889763779
 30
0
 11
-0.9670201968503936
 21
3.4065275984251966
 31
0
  0
LINE
  5
7E1
330
1A
100
AcDbEntity
  8
BLACK
  6
CONTINUOUS
100
AcDbLine
 10
-0.9670201968503936
 20
3.4065275984251966
 30
0
 11
-0.9670126771653543
 21
3.4064217322834645
 31
0
  0
LINE
  5
7E2
330
1A
100
AcDbEntity
  8
BLACK
  6
CONTINUOUS
100
AcDbLine
 10
-0.9670126771653543
 20
3.4064217322834645
 30
0
 11
-0.9669720866141732
 21
3.4063237401574802
 31
0
  0
LINE
  5
7E3
330
1A
100
AcDbEntity
  8
BLACK
  6
CONTINUOUS
100
AcDbLine
 10
-0.9669720866141732
 20
3.4063237401574802
 30
0
 11
-0.9669153543307086
 21
3.4057476771653543
 31
0
  0
LINE
  5
7E4
330
1A
100
AcDbEntity
  8
BLACK
  6
CONTINUOUS
100
AcDbLine
 10
-0.9669153543307086
 20
3.4057476771653543
 30
0
 11
-0.9669153543307086
 21
3.3851252362204725
 31
0
  0
LINE
  5
7E5
330
1A
100
AcDbEntity
  8
BLACK
  6
CONTINUOUS
100
AcDbLine
 10
-0.9669153543307086
 20
3.3851252362204725
 30
0
 11
-0.9669720866141732
 21
3.3845491732283466
 31
0
  0
LINE
  5
7E6
330
1A
100
AcDbEntity
  8
BLACK
  6
CONTINUOUS
100
AcDbLine
 10
-0.9669720866141732
 20
3.3845491732283466
 30
0
 11
-0.9674129921259842
 21
3.3834847637795273
 31
0
  0
LINE
  5
7E7
330
1A
100
AcDbEntity
  8
BLACK
  6
CONTINUOUS
100
AcDbLine
 10
-0.9674129921259842
 20
3.3834847637795273
 30
0
 11
-0.9679449999999999
 21
3.3829527559055119
 31
0
  0
LINE
  5
7E8
330
1A
100
AcDbEntity
  8
BLACK
  6
CONTINUOUS
100
AcDbLine
 10
-0.9679449999999999
 20
3.3829527559055119
 30
0
 11
-0.9477537401574803
 21
3.3829527559055119
 31
0
  0
LINE
  5
7E9
330
1A
100
AcDbEntity
  8
BLACK
  6
CONTINUOUS
100
AcDbLine
 10
-0.9477537401574803
 20
3.3829527559055119
 30
0
 11
-0.9505661811023621
 21
3.3843589763779525
 31
0
  0
LINE
  5
7EA
330
1A
100
AcDbEntity
  8
BLACK
  6
CONTINUOUS
100
AcDbLine
 10
-0.9505661811023621
 20
3.3843589763779525
 30
0
 11
-0.9508142125984251
 21
3.3845150787401574
 31
0
  0
LINE
  5
7EB
330
1A
100
AcDbEntity
  8
BLACK
  6
CONTINUOUS
100
AcDbLine
 10
-0.9508142125984251
 20
3.3845150787401574
 30
0
 11
-0.9508861417322835
 21
3.3845448818897639
 31
0
  0
LINE
  5
7EC
330
1A
100
AcDbEntity
  8
BLACK
  6
CONTINUOUS
100
AcDbLine
 10
-0.9508861417322835
 20
3.3845448818897639
 30
0
 11
-0.9509671259842519
 21
3.384611338582677
 31
0
  0
LINE
  5
7ED
330
1A
100
AcDbEntity
  8
BLACK
  6
CONTINUOUS
100
AcDbLine
 10
-0.9509671259842519
 20
3.384611338582677
 30
0
 11
-0.951056062992126
 21
3.3846673228346456
 31
0
  0
LINE
  5
7EE
330
1A
100
AcDbEntity
  8
BLACK
  6
CONTINUOUS
100
AcDbLine
 10
-0.951056062992126
 20
3.3846673228346456
 30
0
 11
-0.9511072834645669
 21
3.3847263779527559
 31
0
  0
LINE
  5
7EF
330
1A
100
AcDbEntity
  8
BLACK
  6
CONTINUOUS
100
AcDbLine
 10
-0.9511072834645669
 20
3.3847263779527559
 30
0
 11
-0.951333622047244
 21
3.3849121259842518
 31
0
  0
LINE
  5
7F0
330
1A
100
AcDbEntity
  8
BLACK
  6
CONTINUOUS
100
AcDbLine
 10
-0.951333622047244
 20
3.3849121259842518
 30
0
 11
-0.9532083858267716
 21
3.3867869291338581
 31
0
  0
LINE
  5
7F1
330
1A
100
AcDbEntity
  8
BLACK
  6
CONTINUOUS
100
AcDbLine
 10
-0.9532083858267716
 20
3.3867869291338581
 30
0
 11
-0.9533941338582677
 21
3.3870132677165352
 31
0
  0
LINE
  5
7F2
330
1A
100
AcDbEntity
  8
BLACK
  6
CONTINUOUS
100
AcDbLine
 10
-0.9533941338582677
 20
3.3870132677165352
 30
0
 11
-0.9534531102362205
 21
3.3870644094488189
 31
0
  0
LINE
  5
7F3
330
1A
100
AcDbEntity
  8
BLACK
  6
CONTINUOUS
100
AcDbLine
 10
-0.9534531102362205
 20
3.3870644094488189
 30
0
 11
-0.953509094488189
 21
3.3871533464566927
 31
0
  0
LINE
  5
7F4
330
1A
100
AcDbEntity
  8
BLACK
  6
CONTINUOUS
100
AcDbLine
 10
-0.953509094488189
 20
3.3871533464566927
 30
0
 11
-0.9535755905511811
 21
3.38723437007874
 31
0
  0
LINE
  5
7F5
330
1A
100
AcDbEntity
  8
BLACK
  6
CONTINUOUS
100
AcDbLine
 10
-0.9535755905511811
 20
3.38723437007874
 30
0
 11
-0.9536054330708661
 21
3.3873064173228347
 31
0
  0
LINE
  5
7F6
330
1A
100
AcDbEntity
  8
BLACK
  6
CONTINUOUS
100
AcDbLine
 10
-0.9536054330708661
 20
3.3873064173228347
 30
0
 11
-0.9537614566929133
 21
3.3875542913385828
 31
0
  0
LINE
  5
7F7
330
1A
100
AcDbEntity
  8
BLACK
  6
CONTINUOUS
100
AcDbLine
 10
-0.9537614566929133
 20
3.3875542913385828
 30
0
 11
-0.9556362204724409
 21
3.3913038188976379
 31
0
  0
LINE
  5
7F8
330
1A
100
AcDbEntity
  8
BLACK
  6
CONTINUOUS
100
AcDbLine
 10
-0.9556362204724409
 20
3.3913038188976379
 30
0
 11
-0.9558431102362205
 21
3.3918444488188975
 31
0
  0
LINE
  5
7F9
330
1A
100
AcDbEntity
  8
BLACK
  6
CONTINUOUS
100
AcDbLine
 10
-0.9558431102362205
 20
3.3918444488188975
 30
0
 11
-0.9558506299212598
 21
3.3919502755905513
 31
0
  0
LINE
  5
7FA
330
1A
100
AcDbEntity
  8
BLACK
  6
CONTINUOUS
100
AcDbLine
 10
-0.9558506299212598
 20
3.3919502755905513
 30
0
 11
-0.9558912204724409
 21
3.3920482677165356
 31
0
  0
LINE
  5
7FB
330
1A
100
AcDbEntity
  8
BLACK
  6
CONTINUOUS
100
AcDbLine
 10
-0.9558912204724409
 20
3.3920482677165356
 30
0
 11
-0.9559479527559055
 21
3.3926243307086614
 31
0
  0
LINE
  5
7FC
330
1A
100
AcDbEntity
  8
BLACK
  6
CONTINUOUS
100
AcDbLine
 10
-0.9559479527559055
 20
3.3926243307086614
 30
0
 11
-0.9559479527559055
 21
3.4038729133858268
 31
0
  0
LINE
  5
7FD
330
1A
100
AcDbEntity
  8
BLACK
  6
CONTINUOUS
100
AcDbLine
 10
-0.9559479527559055
 20
3.4038729133858268
 30
0
 11
-0.9558912204724409
 21
3.4044489763779526
 31
0
  0
LINE
  5
7FE
330
1A
100
AcDbEntity
  8
BLACK
  6
CONTINUOUS
100
AcDbLine
 10
-0.9558912204724409
 20
3.4044489763779526
 30
0
 11
-0.9558506299212598
 21
3.4045470078740157
 31
0
  0
LINE
  5
7FF
330
1A
100
AcDbEntity
  8
BLACK
  6
CONTINUOUS
100
AcDbLine
 10
-0.9558506299212598
 20
3.4045470078740157
 30
0
 11
-0.9558431102362205
 21
3.4046527952755903
 31
0
  0
LINE
  5
800
330
1A
100
AcDbEntity
  8
BLACK
  6
CONTINUOUS
100
AcDbLine
 10
-0.9558431102362205
 20
3.4046527952755903
 30
0
 11
-0.9556362204724409
 21
3.4051934251968503
 31
0
  0
LINE
  5
801
330
1A
100
AcDbEntity
  8
BLACK
  6
CONTINUOUS
100
AcDbLine
 10
-0.9556362204724409
 20
3.4051934251968503
 30
0
 11
-0.9537614566929133
 21
3.4089429527559054
 31
0
  0
LINE
  5
802
330
1A
100
AcDbEntity
  8
BLACK
  6
CONTINUOUS
100
AcDbLine
 10
-0.9537614566929133
 20
3.4089429527559054
 30
0
 11
-0.9536053937007873
 21
3.4091909842519685
 31
0
  0
LINE
  5
803
330
1A
100
AcDbEntity
  8
BLACK
  6
CONTINUOUS
100
AcDbLine
 10
-0.9536053937007873
 20
3.4091909842519685
 30
0
 11
-0.9535755511811024
 21
3.4092629133858265
 31
0
  0
LINE
  5
804
330
1A
100
AcDbEntity
  8
BLACK
  6
CONTINUOUS
100
AcDbLine
 10
-0.9535755511811024
 20
3.4092629133858265
 30
0
 11
-0.953509094488189
 21
3.409343897637795
 31
0
  0
LINE
  5
805
330
1A
100
AcDbEntity
  8
BLACK
  6
CONTINUOUS
100
AcDbLine
 10
-0.953509094488189
 20
3.409343897637795
 30
0
 11
-0.9534531102362205
 21
3.4094328346456693
 31
0
  0
LINE
  5
806
330
1A
100
AcDbEntity
  8
BLACK
  6
CONTINUOUS
100
AcDbLine
 10
-0.9534531102362205
 20
3.4094328346456693
 30
0
 11
-0.9533941338582677
 21
3.4094840157480313
 31
0
  0
LINE
  5
807
330
1A
100
AcDbEntity
  8
BLACK
  6
CONTINUOUS
100
AcDbLine
 10
-0.9533941338582677
 20
3.4094840157480313
 30
0
 11
-0.9532083464566929
 21
3.4097103543307088
 31
0
  0
LINE
  5
808
330
1A
100
AcDbEntity
  8
BLACK
  6
CONTINUOUS
100
AcDbLine
 10
-0.9532083464566929
 20
3.4097103543307088
 30
0
 11
-0.9513335826771653
 21
3.4115851181102363
 31
0
  0
LINE
  5
809
330
1A
100
AcDbEntity
  8
BLACK
  6
CONTINUOUS
100
AcDbLine
 10
-0.9513335826771653
 20
3.4115851181102363
 30
0
 11
-0.9511072440944882
 21
3.4117709055118111
 31
0
  0
LINE
  5
80A
330
1A
100
AcDbEntity
  8
BLACK
  6
CONTINUOUS
100
AcDbLine
 10
-0.9511072440944882
 20
3.4117709055118111
 30
0
 11
-0.951056062992126
 21
3.4118298818897639
 31
0
  0
LINE
  5
80B
330
1A
100
AcDbEntity
  8
BLACK
  6
CONTINUOUS
100
AcDbLine
 10
-0.951056062992126
 20
3.4118298818897639
 30
0
 11
-0.9509671259842519
 21
3.4118858661417324
 31
0
  0
LINE
  5
80C
330
1A
100
AcDbEntity
  8
BLACK
  6
CONTINUOUS
100
AcDbLine
 10
-0.9509671259842519
 20
3.4118858661417324
 30
0
 11
-0.9508861417322835
 21
3.4119523228346456
 31
0
  0
LINE
  5
80D
330
1A
100
AcDbEntity
  8
BLACK
  6
CONTINUOUS
100
AcDbLine
 10
-0.9508861417322835
 20
3.4119523228346456
 30
0
 11
-0.9508142125984251
 21
3.4119821653543307
 31
0
  0
LINE
  5
80E
330
1A
100
AcDbEntity
  8
BLACK
  6
CONTINUOUS
100
AcDbLine
 10
-0.9508142125984251
 20
3.4119821653543307
 30
0
 11
-0.9505661811023621
 21
3.4121382283464565
 31
0
  0
LINE
  5
80F
330
1A
100
AcDbEntity
  8
BLACK
  6
CONTINUOUS
100
AcDbLine
 10
-0.9505661811023621
 20
3.4121382283464565
 30
0
 11
-0.946816653543307
 21
3.4140129921259841
 31
0
  0
LINE
  5
810
330
1A
100
AcDbEntity
  8
BLACK
  6
CONTINUOUS
100
AcDbLine
 10
-0.946816653543307
 20
3.4140129921259841
 30
0
 11
-0.946276062992126
 21
3.4142198818897636
 31
0
  0
LINE
  5
811
330
1A
100
AcDbEntity
  8
BLACK
  6
CONTINUOUS
100
AcDbLine
 10
-0.946276062992126
 20
3.4142198818897636
 30
0
 11
-0.9461701968503937
 21
3.4142274409448818
 31
0
  0
LINE
  5
812
330
1A
100
AcDbEntity
  8
BLACK
  6
CONTINUOUS
100
AcDbLine
 10
-0.9461701968503937
 20
3.4142274409448818
 30
0
 11
-0.9460722047244094
 21
3.4142679921259842
 31
0
  0
LINE
  5
813
330
1A
100
AcDbEntity
  8
BLACK
  6
CONTINUOUS
100
AcDbLine
 10
-0.9460722047244094
 20
3.4142679921259842
 30
0
 11
-0.9454961417322835
 21
3.4143247244094486
 31
0
  0
LINE
  5
814
330
1A
100
AcDbEntity
  8
BLACK
  6
CONTINUOUS
100
AcDbLine
 10
-0.9454961417322835
 20
3.4143247244094486
 30
0
 11
-0.9379970866141732
 21
3.4143247244094486
 31
0
  0
LINE
  5
815
330
1A
100
AcDbEntity
  8
BLACK
  6
CONTINUOUS
100
AcDbLine
 10
-0.9379970866141732
 20
3.4143247244094486
 30
0
 11
-0.9374210236220473
 21
3.4142679921259842
 31
0
  0
LINE
  5
816
330
1A
100
AcDbEntity
  8
BLACK
  6
CONTINUOUS
100
AcDbLine
 10
-0.9374210236220473
 20
3.4142679921259842
 30
0
 11
-0.937323031496063
 21
3.4142274015748031
 31
0
  0
LINE
  5
817
330
1A
100
AcDbEntity
  8
BLACK
  6
CONTINUOUS
100
AcDbLine
 10
-0.937323031496063
 20
3.4142274015748031
 30
0
 11
-0.9372172047244094
 21
3.4142198818897636
 31
0
  0
LINE
  5
818
330
1A
100
AcDbEntity
  8
BLACK
  6
CONTINUOUS
100
AcDbLine
 10
-0.9372172047244094
 20
3.4142198818897636
 30
0
 11
-0.9372003149606299
 21
3.4142134251968503
 31
0
  0
LINE
  5
819
330
1A
100
AcDbEntity
  8
BLACK
  6
CONTINUOUS
100
AcDbLine
 10
-0.9372003149606299
 20
3.4142134251968503
 30
0
 11
-0.9372003149606299
 21
3.4244953149606299
 31
0
  0
LINE
  5
81A
330
1A
100
AcDbEntity
  8
BLACK
  6
CONTINUOUS
100
AcDbLine
 10
-0.9372003149606299
 20
3.4244953149606299
 30
0
 11
-0.9371435826771654
 21
3.4250713779527557
 31
0
  0
LINE
  5
81B
330
1A
100
AcDbEntity
  8
BLACK
  6
CONTINUOUS
100
AcDbLine
 10
-0.9371435826771654
 20
3.4250713779527557
 30
0
 11
-0.9367026771653543
 21
3.4261357874015745
 31
0
  0
LINE
  5
81C
330
1A
100
AcDbEntity
  8
BLACK
  6
CONTINUOUS
100
AcDbLine
 10
-0.9367026771653543
 20
3.4261357874015745
 30
0
 11
-0.9358880314960629
 21
3.426950433070866
 31
0
  0
LINE
  5
81D
330
1A
100
AcDbEntity
  8
BLACK
  6
CONTINUOUS
100
AcDbLine
 10
-0.9358880314960629
 20
3.426950433070866
 30
0
 11
-0.9348236220472441
 21
3.4273913385826771
 31
0
  0
LINE
  5
81E
330
1A
100
AcDbEntity
  8
BLACK
  6
CONTINUOUS
100
AcDbLine
 10
-0.9348236220472441
 20
3.4273913385826771
 30
0
 11
-0.9336714960629922
 21
3.4273913385826771
 31
0
  0
LINE
  5
81F
330
1A
100
AcDbEntity
  8
BLACK
  6
CONTINUOUS
100
AcDbLine
 10
-0.9336714960629922
 20
3.4273913385826771
 30
0
 11
-0.9326070866141732
 21
3.426950433070866
 31
0
  0
LINE
  5
820
330
1A
100
AcDbEntity
  8
BLACK
  6
CONTINUOUS
100
AcDbLine
 10
-0.8769265748031496
 20
3.3770472440944883
 30
0
 11
-0.8769265748031496
 21
3.3720018897637796
 31
0
  0
LINE
  5
821
330
1A
100
AcDbEntity
  8
BLACK
  6
CONTINUOUS
100
AcDbLine
 10
-0.8769265748031496
 20
3.3720018897637796
 30
0
 11
-0.8769833070866142
 21
3.3714258267716533
 31
0
  0
LINE
  5
822
330
1A
100
AcDbEntity
  8
BLACK
  6
CONTINUOUS
100
AcDbLine
 10
-0.8769833070866142
 20
3.3714258267716533
 30
0
 11
-0.8774242125984252
 21
3.3703614173228345
 31
0
  0
LINE
  5
823
330
1A
100
AcDbEntity
  8
BLACK
  6
CONTINUOUS
100
AcDbLine
 10
-0.8774242125984252
 20
3.3703614173228345
 30
0
 11
-0.8782388582677165
 21
3.3695467716535434
 31
0
  0
LINE
  5
824
330
1A
100
AcDbEntity
  8
BLACK
  6
CONTINUOUS
100
AcDbLine
 10
-0.8782388582677165
 20
3.3695467716535434
 30
0
 11
-0.8793032677165354
 21
3.3691058661417324
 31
0
  0
LINE
  5
825
330
1A
100
AcDbEntity
  8
BLACK
  6
CONTINUOUS
100
AcDbLine
 10
-0.8793032677165354
 20
3.3691058661417324
 30
0
 11
-0.8804553937007874
 21
3.3691058661417324
 31
0
  0
LINE
  5
826
330
1A
100
AcDbEntity
  8
BLACK
  6
CONTINUOUS
100
AcDbLine
 10
-0.8804553937007874
 20
3.3691058661417324
 30
0
 11
-0.8815198031496063
 21
3.3695467716535434
 31
0
  0
LINE
  5
827
330
1A
100
AcDbEntity
  8
BLACK
  6
CONTINUOUS
100
AcDbLine
 10
-0.8815198031496063
 20
3.3695467716535434
 30
0
 11
-0.8823344488188977
 21
3.3703614173228345
 31
0
  0
LINE
  5
828
330
1A
100
AcDbEntity
  8
BLACK
  6
CONTINUOUS
100
AcDbLine
 10
-0.8823344488188977
 20
3.3703614173228345
 30
0
 11
-0.8827753543307086
 21
3.3714258267716533
 31
0
  0
LINE
  5
829
330
1A
100
AcDbEntity
  8
BLACK
  6
CONTINUOUS
100
AcDbLine
 10
-0.8827753543307086
 20
3.3714258267716533
 30
0
 11
-0.8828320866141732
 21
3.3720018897637796
 31
0
  0
LINE
  5
82A
330
1A
100
AcDbEntity
  8
BLACK
  6
CONTINUOUS
100
AcDbLine
 10
-0.8828320866141732
 20
3.3720018897637796
 30
0
 11
-0.8828320866141732
 21
3.3770472440944883
 31
0
  0
LINE
  5
82B
330
1A
100
AcDbEntity
  8
BLACK
  6
CONTINUOUS
100
AcDbLine
 10
-0.8828320866141732
 20
3.3770472440944883
 30
0
 11
-0.9970472440944882
 21
3.3770472440944883
 31
0
  0
LINE
  5
82C
330
1A
100
AcDbEntity
  8
BLACK
  6
CONTINUOUS
100
AcDbLine
 10
-0.9970472440944882
 20
3.3770472440944883
 30
0
 11
-0.9970472440944882
 21
0.0029527559055118
 31
0
  0
LINE
  5
82D
330
1A
100
AcDbEntity
  8
BLACK
  6
CONTINUOUS
100
AcDbLine
 10
-0.9970472440944882
 20
0.0029527559055118
 30
0
 11
-0.0029527559055118
 21
0.0029527559055118
 31
0
  0
LINE
  5
82E
330
1A
100
AcDbEntity
  8
BLACK
  6
CONTINUOUS
100
AcDbLine
 10
-0.0029527559055118
 20
0.0029527559055118
 30
0
 11
-0.0029527559055118
 21
3.3770472440944883
 31
0
  0
LINE
  5
82F
330
1A
100
AcDbEntity
  8
BLACK
  6
CONTINUOUS
100
AcDbLine
 10
-0.0029527559055118
 20
3.3770472440944883
 30
0
 11
-0.8769265748031496
 21
3.3770472440944883
 31
0
  0
LINE
  5
830
330
1A
100
AcDbEntity
  8
BLACK
  6
CONTINUOUS
100
AcDbLine
 10
-0.7300237007874015
 20
3.4070704724409446
 30
0
 11
-0.7306948031496063
 21
3.4063993700787401
 31
0
  0
LINE
  5
831
330
1A
100
AcDbEntity
  8
BLACK
  6
CONTINUOUS
100
AcDbLine
 10
-0.7306948031496063
 20
3.4063993700787401
 30
0
 11
-0.7306948031496063
 21
3.3851252362204725
 31
0
  0
LINE
  5
832
330
1A
100
AcDbEntity
  8
BLACK
  6
CONTINUOUS
100
AcDbLine
 10
-0.7306948031496063
 20
3.3851252362204725
 30
0
 11
-0.7307515354330708
 21
3.3845491732283466
 31
0
  0
LINE
  5
833
330
1A
100
AcDbEntity
  8
BLACK
  6
CONTINUOUS
100
AcDbLine
 10
-0.7307515354330708
 20
3.3845491732283466
 30
0
 11
-0.7311924409448819
 21
3.3834847637795273
 31
0
  0
LINE
  5
834
330
1A
100
AcDbEntity
  8
BLACK
  6
CONTINUOUS
100
AcDbLine
 10
-0.7311924409448819
 20
3.3834847637795273
 30
0
 11
-0.7317244488188976
 21
3.3829527559055119
 31
0
  0
LINE
  5
835
330
1A
100
AcDbEntity
  8
BLACK
  6
CONTINUOUS
100
AcDbLine
 10
-0.7317244488188976
 20
3.3829527559055119
 30
0
 11
-0.7186977952755905
 21
3.3829527559055119
 31
0
  0
LINE
  5
836
330
1A
100
AcDbEntity
  8
BLACK
  6
CONTINUOUS
100
AcDbLine
 10
-0.7186977952755905
 20
3.3829527559055119
 30
0
 11
-0.7192298031496063
 21
3.3834847637795273
 31
0
  0
LINE
  5
837
330
1A
100
AcDbEntity
  8
BLACK
  6
CONTINUOUS
100
AcDbLine
 10
-0.7192298031496063
 20
3.3834847637795273
 30
0
 11
-0.7196707086614174
 21
3.3845491732283466
 31
0
  0
LINE
  5
838
330
1A
100
AcDbEntity
  8
BLACK
  6
CONTINUOUS
100
AcDbLine
 10
-0.7196707086614174
 20
3.3845491732283466
 30
0
 11
-0.7197274409448818
 21
3.3851252362204725
 31
0
  0
LINE
  5
839
330
1A
100
AcDbEntity
  8
BLACK
  6
CONTINUOUS
100
AcDbLine
 10
-0.7197274409448818
 20
3.3851252362204725
 30
0
 11
-0.7197274409448818
 21
3.4050506299212597
 31
0
  0
LINE
  5
83A
330
1A
100
AcDbEntity
  8
BLACK
  6
CONTINUOUS
100
AcDbLine
 10
-0.7197274409448818
 20
3.4050506299212597
 30
0
 11
-0.7208503149606299
 21
3.4072963779527559
 31
0
  0
LINE
  5
83B
330
1A
100
AcDbEntity
  8
BLACK
  6
CONTINUOUS
100
AcDbLine
 10
-0.7208503149606299
 20
3.4072963779527559
 30
0
 11
-0.7230960236220473
 21
3.408419212598425
 31
0
  0
LINE
  5
83C
330
1A
100
AcDbEntity
  8
BLACK
  6
CONTINUOUS
100
AcDbLine
 10
-0.7230960236220473
 20
3.408419212598425
 30
0
 11
-0.7273262204724409
 21
3.408419212598425
 31
0
  0
LINE
  5
83D
330
1A
100
AcDbEntity
  8
BLACK
  6
CONTINUOUS
100
AcDbLine
 10
-0.7273262204724409
 20
3.408419212598425
 30
0
 11
-0.7300237007874015
 21
3.4070704724409446
 31
0
  0
LINE
  5
83E
330
1A
100
AcDbEntity
  8
BLACK
  6
CONTINUOUS
100
AcDbLine
 10
-0.7126990944881889
 20
3.4072963779527559
 30
0
 11
-0.7138219291338582
 21
3.4050506299212597
 31
0
  0
LINE
  5
83F
330
1A
100
AcDbEntity
  8
BLACK
  6
CONTINUOUS
100
AcDbLine
 10
-0.7138219291338582
 20
3.4050506299212597
 30
0
 11
-0.7138219291338582
 21
3.3851252362204725
 31
0
  0
LINE
  5
840
330
1A
100
AcDbEntity
  8
BLACK
  6
CONTINUOUS
100
AcDbLine
 10
-0.7138219291338582
 20
3.3851252362204725
 30
0
 11
-0.7138786614173228
 21
3.3845491732283466
 31
0
  0
LINE
  5
841
330
1A
100
AcDbEntity
  8
BLACK
  6
CONTINUOUS
100
AcDbLine
 10
-0.7138786614173228
 20
3.3845491732283466
 30
0
 11
-0.7143195669291338
 21
3.3834847637795273
 31
0
  0
LINE
  5
842
330
1A
100
AcDbEntity
  8
BLACK
  6
CONTINUOUS
100
AcDbLine
 10
-0.7143195669291338
 20
3.3834847637795273
 30
0
 11
-0.7148515748031495
 21
3.3829527559055119
 31
0
  0
LINE
  5
843
330
1A
100
AcDbEntity
  8
BLACK
  6
CONTINUOUS
100
AcDbLine
 10
-0.7148515748031495
 20
3.3829527559055119
 30
0
 11
-0.7018248818897638
 21
3.3829527559055119
 31
0
  0
LINE
  5
844
330
1A
100
AcDbEntity
  8
BLACK
  6
CONTINUOUS
100
AcDbLine
 10
-0.7018248818897638
 20
3.3829527559055119
 30
0
 11
-0.7023568897637795
 21
3.3834847637795273
 31
0
  0
LINE
  5
845
330
1A
100
AcDbEntity
  8
BLACK
  6
CONTINUOUS
100
AcDbLine
 10
-0.7023568897637795
 20
3.3834847637795273
 30
0
 11
-0.7027977952755905
 21
3.3845491732283466
 31
0
  0
LINE
  5
846
330
1A
100
AcDbEntity
  8
BLACK
  6
CONTINUOUS
100
AcDbLine
 10
-0.7027977952755905
 20
3.3845491732283466
 30
0
 11
-0.7028545275590551
 21
3.3851252362204725
 31
0
  0
LINE
  5
847
330
1A
100
AcDbEntity
  8
BLACK
  6
CONTINUOUS
100
AcDbLine
 10
-0.7028545275590551
 20
3.3851252362204725
 30
0
 11
-0.7028545275590551
 21
3.4050506299212597
 31
0
  0
LINE
  5
848
330
1A
100
AcDbEntity
  8
BLACK
  6
CONTINUOUS
100
AcDbLine
 10
-0.7028545275590551
 20
3.4050506299212597
 30
0
 11
-0.7039774015748032
 21
3.4072963779527559
 31
0
  0
LINE
  5
849
330
1A
100
AcDbEntity
  8
BLACK
  6
CONTINUOUS
100
AcDbLine
 10
-0.7039774015748032
 20
3.4072963779527559
 30
0
 11
-0.7062231496062992
 21
3.408419212598425
 31
0
  0
LINE
  5
84A
330
1A
100
AcDbEntity
  8
BLACK
  6
CONTINUOUS
100
AcDbLine
 10
-0.7062231496062992
 20
3.408419212598425
 30
0
 11
-0.7104533464566929
 21
3.408419212598425
 31
0
  0
LINE
  5
84B
330
1A
100
AcDbEntity
  8
BLACK
  6
CONTINUOUS
100
AcDbLine
 10
-0.7104533464566929
 20
3.408419212598425
 30
0
 11
-0.7126990944881889
 21
3.4072963779527559
 31
0
  0
LINE
  5
84C
330
1A
100
AcDbEntity
  8
BLACK
  6
CONTINUOUS
100
AcDbLine
 10
-0.5964068897637795
 20
3.3829527559055119
 30
0
 11
-0.5949632677165354
 21
3.3829527559055119
 31
0
  0
LINE
  5
84D
330
1A
100
AcDbEntity
  8
BLACK
  6
CONTINUOUS
100
AcDbLine
 10
-0.5949632677165354
 20
3.3829527559055119
 30
0
 11
-0.5954444881889763
 21
3.3834339763779528
 31
0
  0
LINE
  5
84E
330
1A
100
AcDbEntity
  8
BLACK
  6
CONTINUOUS
100
AcDbLine
 10
-0.5954444881889763
 20
3.3834339763779528
 30
0
 11
-0.5964068897637795
 21
3.3829527559055119
 31
0
  0
LINE
  5
84F
330
1A
100
AcDbEntity
  8
BLACK
  6
CONTINUOUS
100
AcDbLine
 10
-0.9728377559055118
 20
3.3972754724409446
 30
0
 11
-0.9729435826771653
 21
3.3972679921259843
 31
0
  0
LINE
  5
850
330
1A
100
AcDbEntity
  8
BLACK
  6
CONTINUOUS
100
AcDbLine
 10
-0.9729435826771653
 20
3.3972679921259843
 30
0
 11
-0.9730415748031496
 21
3.3972273622047244
 31
0
  0
LINE
  5
851
330
1A
100
AcDbEntity
  8
BLACK
  6
CONTINUOUS
100
AcDbLine
 10
-0.9730415748031496
 20
3.3972273622047244
 30
0
 11
-0.9736176377952755
 21
3.3971706299212596
 31
0
  0
LINE
  5
852
330
1A
100
AcDbEntity
  8
BLACK
  6
CONTINUOUS
100
AcDbLine
 10
-0.9736176377952755
 20
3.3971706299212596
 30
0
 11
-0.9822944094488189
 21
3.3971706299212596
 31
0
  0
LINE
  5
853
330
1A
100
AcDbEntity
  8
BLACK
  6
CONTINUOUS
100
AcDbLine
 10
-0.9822944094488189
 20
3.3971706299212596
 30
0
 11
-0.984540157480315
 21
3.3960477952755905
 31
0
  0
LINE
  5
854
330
1A
100
AcDbEntity
  8
BLACK
  6
CONTINUOUS
100
AcDbLine
 10
-0.984540157480315
 20
3.3960477952755905
 30
0
 11
-0.9856629921259842
 21
3.3938020472440944
 31
0
  0
LINE
  5
855
330
1A
100
AcDbEntity
  8
BLACK
  6
CONTINUOUS
100
AcDbLine
 10
-0.9856629921259842
 20
3.3938020472440944
 30
0
 11
-0.9856629921259842
 21
3.3914466141732285
 31
0
  0
LINE
  5
856
330
1A
100
AcDbEntity
  8
BLACK
  6
CONTINUOUS
100
AcDbLine
 10
-0.9856629921259842
 20
3.3914466141732285
 30
0
 11
-0.984540157480315
 21
3.3892008661417323
 31
0
  0
LINE
  5
857
330
1A
100
AcDbEntity
  8
BLACK
  6
CONTINUOUS
100
AcDbLine
 10
-0.984540157480315
 20
3.3892008661417323
 30
0
 11
-0.9822944094488189
 21
3.388077992125984
 31
0
  0
LINE
  5
858
330
1A
100
AcDbEntity
  8
BLACK
  6
CONTINUOUS
100
AcDbLine
 10
-0.9822944094488189
 20
3.388077992125984
 30
0
 11
-0.97431468503937
 21
3.388077992125984
 31
0
  0
LINE
  5
859
330
1A
100
AcDbEntity
  8
BLACK
  6
CONTINUOUS
100
AcDbLine
 10
-0.97431468503937
 20
3.388077992125984
 30
0
 11
-0.9728208661417322
 21
3.3888249212598422
 31
0
  0
LINE
  5
85A
330
1A
100
AcDbEntity
  8
BLACK
  6
CONTINUOUS
100
AcDbLine
 10
-0.9728208661417322
 20
3.3888249212598422
 30
0
 11
-0.9728208661417322
 21
3.397281968503937
 31
0
  0
LINE
  5
85B
330
1A
100
AcDbEntity
  8
BLACK
  6
CONTINUOUS
100
AcDbLine
 10
-0.9728208661417322
 20
3.397281968503937
 30
0
 11
-0.9728377559055118
 21
3.3972754724409446
 31
0
  0
LINE
  5
85C
330
1A
100
AcDbEntity
  8
BLACK
  6
CONTINUOUS
100
AcDbLine
 10
-0.9474965748031496
 20
3.4070704724409446
 30
0
 11
-0.9486937007874016
 21
3.4058733464566928
 31
0
  0
LINE
  5
85D
330
1A
100
AcDbEntity
  8
BLACK
  6
CONTINUOUS
100
AcDbLine
 10
-0.9486937007874016
 20
3.4058733464566928
 30
0
 11
-0.9500424409448819
 21
3.4031758661417322
 31
0
  0
LINE
  5
85E
330
1A
100
AcDbEntity
  8
BLACK
  6
CONTINUOUS
100
AcDbLine
 10
-0.9500424409448819
 20
3.4031758661417322
 30
0
 11
-0.9500424409448819
 21
3.393321377952756
 31
0
  0
LINE
  5
85F
330
1A
100
AcDbEntity
  8
BLACK
  6
CONTINUOUS
100
AcDbLine
 10
-0.9500424409448819
 20
3.393321377952756
 30
0
 11
-0.9486937007874016
 21
3.3906238976377954
 31
0
  0
LINE
  5
860
330
1A
100
AcDbEntity
  8
BLACK
  6
CONTINUOUS
100
AcDbLine
 10
-0.9486937007874016
 20
3.3906238976377954
 30
0
 11
-0.9474965748031496
 21
3.3894267322834644
 31
0
  0
LINE
  5
861
330
1A
100
AcDbEntity
  8
BLACK
  6
CONTINUOUS
100
AcDbLine
 10
-0.9474965748031496
 20
3.3894267322834644
 30
0
 11
-0.944799094488189
 21
3.388077992125984
 31
0
  0
LINE
  5
862
330
1A
100
AcDbEntity
  8
BLACK
  6
CONTINUOUS
100
AcDbLine
 10
-0.944799094488189
 20
3.388077992125984
 30
0
 11
-0.9386941338582677
 21
3.388077992125984
 31
0
  0
LINE
  5
863
330
1A
100
AcDbEntity
  8
BLACK
  6
CONTINUOUS
100
AcDbLine
 10
-0.9386941338582677
 20
3.388077992125984
 30
0
 11
-0.9372003149606299
 21
3.3888249212598422
 31
0
  0
LINE
  5
864
330
1A
100
AcDbEntity
  8
BLACK
  6
CONTINUOUS
100
AcDbLine
 10
-0.9372003149606299
 20
3.3888249212598422
 30
0
 11
-0.9372003149606299
 21
3.4076723228346455
 31
0
  0
LINE
  5
865
330
1A
100
AcDbEntity
  8
BLACK
  6
CONTINUOUS
100
AcDbLine
 10
-0.9372003149606299
 20
3.4076723228346455
 30
0
 11
-0.9386941338582677
 21
3.408419212598425
 31
0
  0
LINE
  5
866
330
1A
100
AcDbEntity
  8
BLACK
  6
CONTINUOUS
100
AcDbLine
 10
-0.9386941338582677
 20
3.408419212598425
 30
0
 11
-0.944799094488189
 21
3.408419212598425
 31
0
  0
LINE
  5
867
330
1A
100
AcDbEntity
  8
BLACK
  6
CONTINUOUS
100
AcDbLine
 10
-0.944799094488189
 20
3.408419212598425
 30
0
 11
-0.9474965748031496
 21
3.4070704724409446
 31
0
  0
LINE
  5
868
330
1A
100
AcDbEntity
  8
BLACK
  6
CONTINUOUS
100
AcDbLine
 10
-0.9015966535433071
 20
3.3972754724409446
 30
0
 11
-0.9017024803149606
 21
3.3972679921259843
 31
0
  0
LINE
  5
869
330
1A
100
AcDbEntity
  8
BLACK
  6
CONTINUOUS
100
AcDbLine
 10
-0.9017024803149606
 20
3.3972679921259843
 30
0
 11
-0.9018004724409449
 21
3.3972273622047244
 31
0
  0
LINE
  5
86A
330
1A
100
AcDbEntity
  8
BLACK
  6
CONTINUOUS
100
AcDbLine
 10
-0.9018004724409449
 20
3.3972273622047244
 30
0
 11
-0.9023765354330708
 21
3.3971706299212596
 31
0
  0
LINE
  5
86B
330
1A
100
AcDbEntity
  8
BLACK
  6
CONTINUOUS
100
AcDbLine
 10
-0.9023765354330708
 20
3.3971706299212596
 30
0
 11
-0.9110533070866141
 21
3.3971706299212596
 31
0
  0
LINE
  5
86C
330
1A
100
AcDbEntity
  8
BLACK
  6
CONTINUOUS
100
AcDbLine
 10
-0.9110533070866141
 20
3.3971706299212596
 30
0
 11
-0.9132990551181103
 21
3.3960477952755905
 31
0
  0
LINE
  5
86D
330
1A
100
AcDbEntity
  8
BLACK
  6
CONTINUOUS
100
AcDbLine
 10
-0.9132990551181103
 20
3.3960477952755905
 30
0
 11
-0.9144218897637795
 21
3.3938020472440944
 31
0
  0
LINE
  5
86E
330
1A
100
AcDbEntity
  8
BLACK
  6
CONTINUOUS
100
AcDbLine
 10
-0.9144218897637795
 20
3.3938020472440944
 30
0
 11
-0.9144218897637795
 21
3.3914466141732285
 31
0
  0
LINE
  5
86F
330
1A
100
AcDbEntity
  8
BLACK
  6
CONTINUOUS
100
AcDbLine
 10
-0.9144218897637795
 20
3.3914466141732285
 30
0
 11
-0.9132990551181103
 21
3.3892008661417323
 31
0
  0
LINE
  5
870
330
1A
100
AcDbEntity
  8
BLACK
  6
CONTINUOUS
100
AcDbLine
 10
-0.9132990551181103
 20
3.3892008661417323
 30
0
 11
-0.9110533070866141
 21
3.388077992125984
 31
0
  0
LINE
  5
871
330
1A
100
AcDbEntity
  8
BLACK
  6
CONTINUOUS
100
AcDbLine
 10
-0.9110533070866141
 20
3.388077992125984
 30
0
 11
-0.9030735826771653
 21
3.388077992125984
 31
0
  0
LINE
  5
872
330
1A
100
AcDbEntity
  8
BLACK
  6
CONTINUOUS
100
AcDbLine
 10
-0.9030735826771653
 20
3.388077992125984
 30
0
 11
-0.9015797637795275
 21
3.3888249212598422
 31
0
  0
LINE
  5
873
330
1A
100
AcDbEntity
  8
BLACK
  6
CONTINUOUS
100
AcDbLine
 10
-0.9015797637795275
 20
3.3888249212598422
 30
0
 11
-0.9015797637795275
 21
3.397281968503937
 31
0
  0
LINE
  5
874
330
1A
100
AcDbEntity
  8
BLACK
  6
CONTINUOUS
100
AcDbLine
 10
-0.9015797637795275
 20
3.397281968503937
 30
0
 11
-0.9015966535433071
 21
3.3972754724409446
 31
0
  0
LINE
  5
875
330
1A
100
AcDbEntity
  8
BLACK
  6
CONTINUOUS
100
AcDbLine
 10
-0.8769265748031496
 20
3.4076723228346455
 30
0
 11
-0.8769265748031496
 21
3.3888249212598422
 31
0
  0
LINE
  5
876
330
1A
100
AcDbEntity
  8
BLACK
  6
CONTINUOUS
100
AcDbLine
 10
-0.8769265748031496
 20
3.3888249212598422
 30
0
 11
-0.8754327559055118
 21
3.388077992125984
 31
0
  0
LINE
  5
877
330
1A
100
AcDbEntity
  8
BLACK
  6
CONTINUOUS
100
AcDbLine
 10
-0.8754327559055118
 20
3.388077992125984
 30
0
 11
-0.8693277952755906
 21
3.388077992125984
 31
0
  0
LINE
  5
878
330
1A
100
AcDbEntity
  8
BLACK
  6
CONTINUOUS
100
AcDbLine
 10
-0.8693277952755906
 20
3.388077992125984
 30
0
 11
-0.8666303543307087
 21
3.3894267322834644
 31
0
  0
LINE
  5
879
330
1A
100
AcDbEntity
  8
BLACK
  6
CONTINUOUS
100
AcDbLine
 10
-0.8666303543307087
 20
3.3894267322834644
 30
0
 11
-0.8654332283464566
 21
3.3906238976377954
 31
0
  0
LINE
  5
87A
330
1A
100
AcDbEntity
  8
BLACK
  6
CONTINUOUS
100
AcDbLine
 10
-0.8654332283464566
 20
3.3906238976377954
 30
0
 11
-0.8640844488188976
 21
3.393321377952756
 31
0
  0
LINE
  5
87B
330
1A
100
AcDbEntity
  8
BLACK
  6
CONTINUOUS
100
AcDbLine
 10
-0.8640844488188976
 20
3.393321377952756
 30
0
 11
-0.8640844488188976
 21
3.4031758661417322
 31
0
  0
LINE
  5
87C
330
1A
100
AcDbEntity
  8
BLACK
  6
CONTINUOUS
100
AcDbLine
 10
-0.8640844488188976
 20
3.4031758661417322
 30
0
 11
-0.8654331889763779
 21
3.4058733464566928
 31
0
  0
LINE
  5
87D
330
1A
100
AcDbEntity
  8
BLACK
  6
CONTINUOUS
100
AcDbLine
 10
-0.8654331889763779
 20
3.4058733464566928
 30
0
 11
-0.8666303149606299
 21
3.4070704724409446
 31
0
  0
LINE
  5
87E
330
1A
100
AcDbEntity
  8
BLACK
  6
CONTINUOUS
100
AcDbLine
 10
-0.8666303149606299
 20
3.4070704724409446
 30
0
 11
-0.8693277952755906
 21
3.408419212598425
 31
0
  0
LINE
  5
87F
330
1A
100
AcDbEntity
  8
BLACK
  6
CONTINUOUS
100
AcDbLine
 10
-0.8693277952755906
 20
3.408419212598425
 30
0
 11
-0.8754327559055118
 21
3.408419212598425
 31
0
  0
LINE
  5
880
330
1A
100
AcDbEntity
  8
BLACK
  6
CONTINUOUS
100
AcDbLine
 10
-0.8754327559055118
 20
3.408419212598425
 30
0
 11
-0.8769265748031496
 21
3.4076723228346455
 31
0
  0
LINE
  5
881
330
1A
100
AcDbEntity
  8
BLACK
  6
CONTINUOUS
100
AcDbLine
 10
-0.6775302755905511
 20
3.4070704724409446
 30
0
 11
-0.6787274015748032
 21
3.4058733464566928
 31
0
  0
LINE
  5
882
330
1A
100
AcDbEntity
  8
BLACK
  6
CONTINUOUS
100
AcDbLine
 10
-0.6787274015748032
 20
3.4058733464566928
 30
0
 11
-0.6800761417322835
 21
3.4031758661417322
 31
0
  0
LINE
  5
883
330
1A
100
AcDbEntity
  8
BLACK
  6
CONTINUOUS
100
AcDbLine
 10
-0.6800761417322835
 20
3.4031758661417322
 30
0
 11
-0.6800761417322835
 21
3.393321377952756
 31
0
  0
LINE
  5
884
330
1A
100
AcDbEntity
  8
BLACK
  6
CONTINUOUS
100
AcDbLine
 10
-0.6800761417322835
 20
3.393321377952756
 30
0
 11
-0.6787274015748032
 21
3.3906238976377954
 31
0
  0
LINE
  5
885
330
1A
100
AcDbEntity
  8
BLACK
  6
CONTINUOUS
100
AcDbLine
 10
-0.6787274015748032
 20
3.3906238976377954
 30
0
 11
-0.6775302755905511
 21
3.3894267322834644
 31
0
  0
LINE
  5
886
330
1A
100
AcDbEntity
  8
BLACK
  6
CONTINUOUS
100
AcDbLine
 10
-0.6775302755905511
 20
3.3894267322834644
 30
0
 11
-0.6748327952755906
 21
3.388077992125984
 31
0
  0
LINE
  5
887
330
1A
100
AcDbEntity
  8
BLACK
  6
CONTINUOUS
100
AcDbLine
 10
-0.6748327952755906
 20
3.388077992125984
 30
0
 11
-0.6706025984251969
 21
3.388077992125984
 31
0
  0
LINE
  5
888
330
1A
100
AcDbEntity
  8
BLACK
  6
CONTINUOUS
100
AcDbLine
 10
-0.6706025984251969
 20
3.388077992125984
 30
0
 11
-0.667905157480315
 21
3.3894267322834644
 31
0
  0
LINE
  5
889
330
1A
100
AcDbEntity
  8
BLACK
  6
CONTINUOUS
100
AcDbLine
 10
-0.667905157480315
 20
3.3894267322834644
 30
0
 11
-0.6667080314960629
 21
3.3906238976377954
 31
0
  0
LINE
  5
88A
330
1A
100
AcDbEntity
  8
BLACK
  6
CONTINUOUS
100
AcDbLine
 10
-0.6667080314960629
 20
3.3906238976377954
 30
0
 11
-0.6653592519685039
 21
3.393321377952756
 31
0
  0
LINE
  5
88B
330
1A
100
AcDbEntity
  8
BLACK
  6
CONTINUOUS
100
AcDbLine
 10
-0.6653592519685039
 20
3.393321377952756
 30
0
 11
-0.6653592519685039
 21
3.4031758661417322
 31
0
  0
LINE
  5
88C
330
1A
100
AcDbEntity
  8
BLACK
  6
CONTINUOUS
100
AcDbLine
 10
-0.6653592519685039
 20
3.4031758661417322
 30
0
 11
-0.6667079921259842
 21
3.4058733464566928
 31
0
  0
LINE
  5
88D
330
1A
100
AcDbEntity
  8
BLACK
  6
CONTINUOUS
100
AcDbLine
 10
-0.6667079921259842
 20
3.4058733464566928
 30
0
 11
-0.6679051181102362
 21
3.4070704724409446
 31
0
  0
LINE
  5
88E
330
1A
100
AcDbEntity
  8
BLACK
  6
CONTINUOUS
100
AcDbLine
 10
-0.6679051181102362
 20
3.4070704724409446
 30
0
 11
-0.6706025984251969
 21
3.408419212598425
 31
0
  0
LINE
  5
88F
330
1A
100
AcDbEntity
  8
BLACK
  6
CONTINUOUS
100
AcDbLine
 10
-0.6706025984251969
 20
3.408419212598425
 30
0
 11
-0.6748327952755906
 21
3.408419212598425
 31
0
  0
LINE
  5
890
330
1A
100
AcDbEntity
  8
BLACK
  6
CONTINUOUS
100
AcDbLine
 10
-0.6748327952755906
 20
3.408419212598425
 30
0
 11
-0.6775302755905511
 21
3.4070704724409446
 31
0
  0
LINE
  5
891
330
1A
100
AcDbEntity
  8
BLACK
  6
CONTINUOUS
100
AcDbLine
 10
-0.6419097244094488
 20
3.4070704724409446
 30
0
 11
-0.6431068503937007
 21
3.4058733464566928
 31
0
  0
LINE
  5
892
330
1A
100
AcDbEntity
  8
BLACK
  6
CONTINUOUS
100
AcDbLine
 10
-0.6431068503937007
 20
3.4058733464566928
 30
0
 11
-0.6444555905511811
 21
3.4031758661417322
 31
0
  0
LINE
  5
893
330
1A
100
AcDbEntity
  8
BLACK
  6
CONTINUOUS
100
AcDbLine
 10
-0.6444555905511811
 20
3.4031758661417322
 30
0
 11
-0.6444555905511811
 21
3.393321377952756
 31
0
  0
LINE
  5
894
330
1A
100
AcDbEntity
  8
BLACK
  6
CONTINUOUS
100
AcDbLine
 10
-0.6444555905511811
 20
3.393321377952756
 30
0
 11
-0.6431068503937007
 21
3.3906238976377954
 31
0
  0
LINE
  5
895
330
1A
100
AcDbEntity
  8
BLACK
  6
CONTINUOUS
100
AcDbLine
 10
-0.6431068503937007
 20
3.3906238976377954
 30
0
 11
-0.6419097244094488
 21
3.3894267322834644
 31
0
  0
LINE
  5
896
330
1A
100
AcDbEntity
  8
BLACK
  6
CONTINUOUS
100
AcDbLine
 10
-0.6419097244094488
 20
3.3894267322834644
 30
0
 11
-0.6392122440944882
 21
3.388077992125984
 31
0
  0
LINE
  5
897
330
1A
100
AcDbEntity
  8
BLACK
  6
CONTINUOUS
100
AcDbLine
 10
-0.6392122440944882
 20
3.388077992125984
 30
0
 11
-0.6331072834645669
 21
3.388077992125984
 31
0
  0
LINE
  5
898
330
1A
100
AcDbEntity
  8
BLACK
  6
CONTINUOUS
100
AcDbLine
 10
-0.6331072834645669
 20
3.388077992125984
 30
0
 11
-0.6316134645669291
 21
3.3888249212598422
 31
0
  0
LINE
  5
899
330
1A
100
AcDbEntity
  8
BLACK
  6
CONTINUOUS
100
AcDbLine
 10
-0.6316134645669291
 20
3.3888249212598422
 30
0
 11
-0.6316134645669291
 21
3.4076723228346455
 31
0
  0
LINE
  5
89A
330
1A
100
AcDbEntity
  8
BLACK
  6
CONTINUOUS
100
AcDbLine
 10
-0.6316134645669291
 20
3.4076723228346455
 30
0
 11
-0.6331072834645669
 21
3.408419212598425
 31
0
  0
LINE
  5
89B
330
1A
100
AcDbEntity
  8
BLACK
  6
CONTINUOUS
100
AcDbLine
 10
-0.6331072834645669
 20
3.408419212598425
 30
0
 11
-0.6392122440944882
 21
3.408419212598425
 31
0
  0
LINE
  5
89C
330
1A
100
AcDbEntity
  8
BLACK
  6
CONTINUOUS
100
AcDbLine
 10
-0.6392122440944882
 20
3.408419212598425
 30
0
 11
-0.6419097244094488
 21
3.4070704724409446
 31
0
  0
LINE
  5
89D
330
1A
100
AcDbEntity
  8
BLACK
  6
CONTINUOUS
100
AcDbLine
 10
-0.819560748031496
 20
3.4072963779527559
 30
0
 11
-0.8206835826771653
 21
3.4050506299212597
 31
0
  0
LINE
  5
89E
330
1A
100
AcDbEntity
  8
BLACK
  6
CONTINUOUS
100
AcDbLine
 10
-0.8206835826771653
 20
3.4050506299212597
 30
0
 11
-0.8206835826771653
 21
3.4018504330708659
 31
0
  0
LINE
  5
89F
330
1A
100
AcDbEntity
  8
BLACK
  6
CONTINUOUS
100
AcDbLine
 10
-0.8206835826771653
 20
3.4018504330708659
 30
0
 11
-0.8078414566929134
 21
3.4044188188976379
 31
0
  0
LINE
  5
8A0
330
1A
100
AcDbEntity
  8
BLACK
  6
CONTINUOUS
100
AcDbLine
 10
-0.8078414566929134
 20
3.4044188188976379
 30
0
 11
-0.8078414566929134
 21
3.4050506299212597
 31
0
  0
LINE
  5
8A1
330
1A
100
AcDbEntity
  8
BLACK
  6
CONTINUOUS
100
AcDbLine
 10
-0.8078414566929134
 20
3.4050506299212597
 30
0
 11
-0.8089643307086614
 21
3.4072963779527559
 31
0
  0
LINE
  5
8A2
330
1A
100
AcDbEntity
  8
BLACK
  6
CONTINUOUS
100
AcDbLine
 10
-0.8089643307086614
 20
3.4072963779527559
 30
0
 11
-0.8112100393700787
 21
3.408419212598425
 31
0
  0
LINE
  5
8A3
330
1A
100
AcDbEntity
  8
BLACK
  6
CONTINUOUS
100
AcDbLine
 10
-0.8112100393700787
 20
3.408419212598425
 30
0
 11
-0.817315
 21
3.408419212598425
 31
0
  0
LINE
  5
8A4
330
1A
100
AcDbEntity
  8
BLACK
  6
CONTINUOUS
100
AcDbLine
 10
-0.817315
 20
3.408419212598425
 30
0
 11
-0.819560748031496
 21
3.4072963779527559
 31
0
  0
LINE
  5
8A5
330
1A
100
AcDbEntity
  8
BLACK
  6
CONTINUOUS
100
AcDbLine
 10
-0.5514692125984252
 20
3.4072963779527559
 30
0
 11
-0.5525920472440945
 21
3.4050506299212597
 31
0
  0
LINE
  5
8A6
330
1A
100
AcDbEntity
  8
BLACK
  6
CONTINUOUS
100
AcDbLine
 10
-0.5525920472440945
 20
3.4050506299212597
 30
0
 11
-0.5525920472440945
 21
3.4018504330708659
 31
0
  0
LINE
  5
8A7
330
1A
100
AcDbEntity
  8
BLACK
  6
CONTINUOUS
100
AcDbLine
 10
-0.5525920472440945
 20
3.4018504330708659
 30
0
 11
-0.5397499212598426
 21
3.4044188188976379
 31
0
  0
LINE
  5
8A8
330
1A
100
AcDbEntity
  8
BLACK
  6
CONTINUOUS
100
AcDbLine
 10
-0.5397499212598426
 20
3.4044188188976379
 30
0
 11
-0.5397499212598426
 21
3.4050506299212597
 31
0
  0
LINE
  5
8A9
330
1A
100
AcDbEntity
  8
BLACK
  6
CONTINUOUS
100
AcDbLine
 10
-0.5397499212598426
 20
3.4050506299212597
 30
0
 11
-0.5408727952755905
 21
3.4072963779527559
 31
0
  0
LINE
  5
8AA
330
1A
100
AcDbEntity
  8
BLACK
  6
CONTINUOUS
100
AcDbLine
 10
-0.5408727952755905
 20
3.4072963779527559
 30
0
 11
-0.5431185039370079
 21
3.408419212598425
 31
0
  0
LINE
  5
8AB
330
1A
100
AcDbEntity
  8
BLACK
  6
CONTINUOUS
100
AcDbLine
 10
-0.5431185039370079
 20
3.408419212598425
 30
0
 11
-0.5492234645669292
 21
3.408419212598425
 31
0
  0
LINE
  5
8AC
330
1A
100
AcDbEntity
  8
BLACK
  6
CONTINUOUS
100
AcDbLine
 10
-0.5492234645669292
 20
3.408419212598425
 30
0
 11
-0.5514692125984252
 21
3.4072963779527559
 31
0
  0
LINE
  5
8AD
330
1A
100
AcDbEntity
  8
BLACK
  6
CONTINUOUS
100
AcDbLine
 10
0.0775770866141732
 20
3.4142679921259842
 30
0
 11
0.0776750787401575
 21
3.4142274015748031
 31
0
  0
LINE
  5
8AE
330
1A
100
AcDbEntity
  8
BLACK
  6
CONTINUOUS
100
AcDbLine
 10
0.0776750787401575
 20
3.4142274015748031
 30
0
 11
0.077780905511811
 21
3.4142198818897636
 31
0
  0
LINE
  5
8AF
330
1A
100
AcDbEntity
  8
BLACK
  6
CONTINUOUS
100
AcDbLine
 10
0.077780905511811
 20
3.4142198818897636
 30
0
 11
0.0783215354330709
 21
3.4140129921259841
 31
0
  0
LINE
  5
8B0
330
1A
100
AcDbEntity
  8
BLACK
  6
CONTINUOUS
100
AcDbLine
 10
0.0783215354330709
 20
3.4140129921259841
 30
0
 11
0.082071062992126
 21
3.4121382283464565
 31
0
  0
LINE
  5
8B1
330
1A
100
AcDbEntity
  8
BLACK
  6
CONTINUOUS
100
AcDbLine
 10
0.082071062992126
 20
3.4121382283464565
 30
0
 11
0.0823190551181102
 21
3.4119821653543307
 31
0
  0
LINE
  5
8B2
330
1A
100
AcDbEntity
  8
BLACK
  6
CONTINUOUS
100
AcDbLine
 10
0.0823190551181102
 20
3.4119821653543307
 30
0
 11
0.0823910236220472
 21
3.4119523228346456
 31
0
  0
LINE
  5
8B3
330
1A
100
AcDbEntity
  8
BLACK
  6
CONTINUOUS
100
AcDbLine
 10
0.0823910236220472
 20
3.4119523228346456
 30
0
 11
0.082471968503937
 21
3.4118858661417324
 31
0
  0
LINE
  5
8B4
330
1A
100
AcDbEntity
  8
BLACK
  6
CONTINUOUS
100
AcDbLine
 10
0.082471968503937
 20
3.4118858661417324
 30
0
 11
0.0825609448818898
 21
3.4118298818897639
 31
0
  0
LINE
  5
8B5
330
1A
100
AcDbEntity
  8
BLACK
  6
CONTINUOUS
100
AcDbLine
 10
0.0825609448818898
 20
3.4118298818897639
 30
0
 11
0.0826120866141732
 21
3.4117709055118111
 31
0
  0
LINE
  5
8B6
330
1A
100
AcDbEntity
  8
BLACK
  6
CONTINUOUS
100
AcDbLine
 10
0.0826120866141732
 20
3.4117709055118111
 30
0
 11
0.0828384645669291
 21
3.4115851181102363
 31
0
  0
LINE
  5
8B7
330
1A
100
AcDbEntity
  8
BLACK
  6
CONTINUOUS
100
AcDbLine
 10
0.0828384645669291
 20
3.4115851181102363
 30
0
 11
0.0847132283464567
 21
3.4097103543307088
 31
0
  0
LINE
  5
8B8
330
1A
100
AcDbEntity
  8
BLACK
  6
CONTINUOUS
100
AcDbLine
 10
0.0847132283464567
 20
3.4097103543307088
 30
0
 11
0.0848989763779528
 21
3.4094840157480313
 31
0
  0
LINE
  5
8B9
330
1A
100
AcDbEntity
  8
BLACK
  6
CONTINUOUS
100
AcDbLine
 10
0.0848989763779528
 20
3.4094840157480313
 30
0
 11
0.0849579921259842
 21
3.4094328346456693
 31
0
  0
LINE
  5
8BA
330
1A
100
AcDbEntity
  8
BLACK
  6
CONTINUOUS
100
AcDbLine
 10
0.0849579921259842
 20
3.4094328346456693
 30
0
 11
0.085013937007874
 21
3.409343897637795
 31
0
  0
LINE
  5
8BB
330
1A
100
AcDbEntity
  8
BLACK
  6
CONTINUOUS
100
AcDbLine
 10
0.085013937007874
 20
3.409343897637795
 30
0
 11
0.0850804330708661
 21
3.4092629133858265
 31
0
  0
LINE
  5
8BC
330
1A
100
AcDbEntity
  8
BLACK
  6
CONTINUOUS
100
AcDbLine
 10
0.0850804330708661
 20
3.4092629133858265
 30
0
 11
0.0851102362204724
 21
3.4091909842519685
 31
0
  0
LINE
  5
8BD
330
1A
100
AcDbEntity
  8
BLACK
  6
CONTINUOUS
100
AcDbLine
 10
0.0851102362204724
 20
3.4091909842519685
 30
0
 11
0.0852663385826772
 21
3.4089429527559054
 31
0
  0
LINE
  5
8BE
330
1A
100
AcDbEntity
  8
BLACK
  6
CONTINUOUS
100
AcDbLine
 10
0.0852663385826772
 20
3.4089429527559054
 30
0
 11
0.0871411023622047
 21
3.4051934251968503
 31
0
  0
LINE
  5
8BF
330
1A
100
AcDbEntity
  8
BLACK
  6
CONTINUOUS
100
AcDbLine
 10
0.0871411023622047
 20
3.4051934251968503
 30
0
 11
0.0873479921259843
 21
3.404652834645669
 31
0
  0
LINE
  5
8C0
330
1A
100
AcDbEntity
  8
BLACK
  6
CONTINUOUS
100
AcDbLine
 10
0.0873479921259843
 20
3.404652834645669
 30
0
 11
0.0873555118110236
 21
3.4045469685039369
 31
0
  0
LINE
  5
8C1
330
1A
100
AcDbEntity
  8
BLACK
  6
CONTINUOUS
100
AcDbLine
 10
0.0873555118110236
 20
3.4045469685039369
 30
0
 11
0.0873961023622047
 21
3.4044489763779526
 31
0
  0
LINE
  5
8C2
330
1A
100
AcDbEntity
  8
BLACK
  6
CONTINUOUS
100
AcDbLine
 10
0.0873961023622047
 20
3.4044489763779526
 30
0
 11
0.0874528346456693
 21
3.4038729133858268
 31
0
  0
LINE
  5
8C3
330
1A
100
AcDbEntity
  8
BLACK
  6
CONTINUOUS
100
AcDbLine
 10
0.0874528346456693
 20
3.4038729133858268
 30
0
 11
0.0874528346456693
 21
3.3926243307086614
 31
0
  0
LINE
  5
8C4
330
1A
100
AcDbEntity
  8
BLACK
  6
CONTINUOUS
100
AcDbLine
 10
0.0874528346456693
 20
3.3926243307086614
 30
0
 11
0.0873961023622047
 21
3.3920482677165356
 31
0
  0
LINE
  5
8C5
330
1A
100
AcDbEntity
  8
BLACK
  6
CONTINUOUS
100
AcDbLine
 10
0.0873961023622047
 20
3.3920482677165356
 30
0
 11
0.0873555118110236
 21
3.39195031496063
 31
0
  0
LINE
  5
8C6
330
1A
100
AcDbEntity
  8
BLACK
  6
CONTINUOUS
100
AcDbLine
 10
0.0873555118110236
 20
3.39195031496063
 30
0
 11
0.0873479921259843
 21
3.3918444094488187
 31
0
  0
LINE
  5
8C7
330
1A
100
AcDbEntity
  8
BLACK
  6
CONTINUOUS
100
AcDbLine
 10
0.0873479921259843
 20
3.3918444094488187
 30
0
 11
0.0871411023622047
 21
3.3913038188976379
 31
0
  0
LINE
  5
8C8
330
1A
100
AcDbEntity
  8
BLACK
  6
CONTINUOUS
100
AcDbLine
 10
0.0871411023622047
 20
3.3913038188976379
 30
0
 11
0.0852663385826772
 21
3.3875542913385828
 31
0
  0
LINE
  5
8C9
330
1A
100
AcDbEntity
  8
BLACK
  6
CONTINUOUS
100
AcDbLine
 10
0.0852663385826772
 20
3.3875542913385828
 30
0
 11
0.0851102755905512
 21
3.3873064173228347
 31
0
  0
LINE
  5
8CA
330
1A
100
AcDbEntity
  8
BLACK
  6
CONTINUOUS
100
AcDbLine
 10
0.0851102755905512
 20
3.3873064173228347
 30
0
 11
0.0850804724409449
 21
3.38723437007874
 31
0
  0
LINE
  5
8CB
330
1A
100
AcDbEntity
  8
BLACK
  6
CONTINUOUS
100
AcDbLine
 10
0.0850804724409449
 20
3.38723437007874
 30
0
 11
0.085013937007874
 21
3.3871533464566927
 31
0
  0
LINE
  5
8CC
330
1A
100
AcDbEntity
  8
BLACK
  6
CONTINUOUS
100
AcDbLine
 10
0.085013937007874
 20
3.3871533464566927
 30
0
 11
0.0849579921259842
 21
3.3870644094488189
 31
0
  0
LINE
  5
8CD
330
1A
100
AcDbEntity
  8
BLACK
  6
CONTINUOUS
100
AcDbLine
 10
0.0849579921259842
 20
3.3870644094488189
 30
0
 11
0.0848989763779528
 21
3.3870132677165352
 31
0
  0
LINE
  5
8CE
330
1A
100
AcDbEntity
  8
BLACK
  6
CONTINUOUS
100
AcDbLine
 10
0.0848989763779528
 20
3.3870132677165352
 30
0
 11
0.0847132283464567
 21
3.3867868897637794
 31
0
  0
LINE
  5
8CF
330
1A
100
AcDbEntity
  8
BLACK
  6
CONTINUOUS
100
AcDbLine
 10
0.0847132283464567
 20
3.3867868897637794
 30
0
 11
0.0828385039370079
 21
3.3849121259842518
 31
0
  0
LINE
  5
8D0
330
1A
100
AcDbEntity
  8
BLACK
  6
CONTINUOUS
100
AcDbLine
 10
0.0828385039370079
 20
3.3849121259842518
 30
0
 11
0.082612125984252
 21
3.3847263779527559
 31
0
  0
LINE
  5
8D1
330
1A
100
AcDbEntity
  8
BLACK
  6
CONTINUOUS
100
AcDbLine
 10
0.082612125984252
 20
3.3847263779527559
 30
0
 11
0.0825609448818898
 21
3.3846673228346456
 31
0
  0
LINE
  5
8D2
330
1A
100
AcDbEntity
  8
BLACK
  6
CONTINUOUS
100
AcDbLine
 10
0.0825609448818898
 20
3.3846673228346456
 30
0
 11
0.082471968503937
 21
3.384611338582677
 31
0
  0
LINE
  5
8D3
330
1A
100
AcDbEntity
  8
BLACK
  6
CONTINUOUS
100
AcDbLine
 10
0.082471968503937
 20
3.384611338582677
 30
0
 11
0.0823910236220472
 21
3.3845448818897639
 31
0
  0
LINE
  5
8D4
330
1A
100
AcDbEntity
  8
BLACK
  6
CONTINUOUS
100
AcDbLine
 10
0.0823910236220472
 20
3.3845448818897639
 30
0
 11
0.0823190551181102
 21
3.3845150787401574
 31
0
  0
LINE
  5
8D5
330
1A
100
AcDbEntity
  8
BLACK
  6
CONTINUOUS
100
AcDbLine
 10
0.0823190551181102
 20
3.3845150787401574
 30
0
 11
0.082071062992126
 21
3.3843589763779525
 31
0
  0
LINE
  5
8D6
330
1A
100
AcDbEntity
  8
BLACK
  6
CONTINUOUS
100
AcDbLine
 10
0.082071062992126
 20
3.3843589763779525
 30
0
 11
0.0783215354330709
 21
3.3824842125984249
 31
0
  0
LINE
  5
8D7
330
1A
100
AcDbEntity
  8
BLACK
  6
CONTINUOUS
100
AcDbLine
 10
0.0783215354330709
 20
3.3824842125984249
 30
0
 11
0.077780905511811
 21
3.3822773228346454
 31
0
  0
LINE
  5
8D8
330
1A
100
AcDbEntity
  8
BLACK
  6
CONTINUOUS
100
AcDbLine
 10
0.077780905511811
 20
3.3822773228346454
 30
0
 11
0.0776750787401575
 21
3.3822698425196851
 31
0
  0
LINE
  5
8D9
330
1A
100
AcDbEntity
  8
BLACK
  6
CONTINUOUS
100
AcDbLine
 10
0.0776750787401575
 20
3.3822698425196851
 30
0
 11
0.0775770866141732
 21
3.3822292125984252
 31
0
  0
LINE
  5
8DA
330
1A
100
AcDbEntity
  8
BLACK
  6
CONTINUOUS
100
AcDbLine
 10
0.0775770866141732
 20
3.3822292125984252
 30
0
 11
0.0770010236220472
 21
3.3821724803149604
 31
0
  0
LINE
  5
8DB
330
1A
100
AcDbEntity
  8
BLACK
  6
CONTINUOUS
100
AcDbLine
 10
0.0770010236220472
 20
3.3821724803149604
 30
0
 11
0.0713767322834646
 21
3.3821724803149604
 31
0
  0
LINE
  5
8DC
330
1A
100
AcDbEntity
  8
BLACK
  6
CONTINUOUS
100
AcDbLine
 10
0.0713767322834646
 20
3.3821724803149604
 30
0
 11
0.0708006692913386
 21
3.3822292125984252
 31
0
  0
LINE
  5
8DD
330
1A
100
AcDbEntity
  8
BLACK
  6
CONTINUOUS
100
AcDbLine
 10
0.0708006692913386
 20
3.3822292125984252
 30
0
 11
0.0707026771653543
 21
3.3822698031496063
 31
0
  0
LINE
  5
8DE
330
1A
100
AcDbEntity
  8
BLACK
  6
CONTINUOUS
100
AcDbLine
 10
0.0707026771653543
 20
3.3822698031496063
 30
0
 11
0.070596811023622
 21
3.3822773228346454
 31
0
  0
LINE
  5
8DF
330
1A
100
AcDbEntity
  8
BLACK
  6
CONTINUOUS
100
AcDbLine
 10
0.070596811023622
 20
3.3822773228346454
 30
0
 11
0.0700562204724409
 21
3.3824842125984249
 31
0
  0
LINE
  5
8E0
330
1A
100
AcDbEntity
  8
BLACK
  6
CONTINUOUS
100
AcDbLine
 10
0.0700562204724409
 20
3.3824842125984249
 30
0
 11
0.0663066929133858
 21
3.3843589763779525
 31
0
  0
LINE
  5
8E1
330
1A
100
AcDbEntity
  8
BLACK
  6
CONTINUOUS
100
AcDbLine
 10
0.0663066929133858
 20
3.3843589763779525
 30
0
 11
0.0660586614173228
 21
3.3845150787401574
 31
0
  0
LINE
  5
8E2
330
1A
100
AcDbEntity
  8
BLACK
  6
CONTINUOUS
100
AcDbLine
 10
0.0660586614173228
 20
3.3845150787401574
 30
0
 11
0.0659867322834646
 21
3.3845448818897639
 31
0
  0
LINE
  5
8E3
330
1A
100
AcDbEntity
  8
BLACK
  6
CONTINUOUS
100
AcDbLine
 10
0.0659867322834646
 20
3.3845448818897639
 30
0
 11
0.0659057480314961
 21
3.384611338582677
 31
0
  0
LINE
  5
8E4
330
1A
100
AcDbEntity
  8
BLACK
  6
CONTINUOUS
100
AcDbLine
 10
0.0659057480314961
 20
3.384611338582677
 30
0
 11
0.0658168110236221
 21
3.3846673228346456
 31
0
  0
LINE
  5
8E5
330
1A
100
AcDbEntity
  8
BLACK
  6
CONTINUOUS
100
AcDbLine
 10
0.0658168110236221
 20
3.3846673228346456
 30
0
 11
0.0657655905511811
 21
3.3847263779527559
 31
0
  0
LINE
  5
8E6
330
1A
100
AcDbEntity
  8
BLACK
  6
CONTINUOUS
100
AcDbLine
 10
0.0657655905511811
 20
3.3847263779527559
 30
0
 11
0.0655392519685039
 21
3.3849121259842518
 31
0
  0
LINE
  5
8E7
330
1A
100
AcDbEntity
  8
BLACK
  6
CONTINUOUS
100
AcDbLine
 10
0.0655392519685039
 20
3.3849121259842518
 30
0
 11
0.0636644881889764
 21
3.3867869291338581
 31
0
  0
LINE
  5
8E8
330
1A
100
AcDbEntity
  8
BLACK
  6
CONTINUOUS
100
AcDbLine
 10
0.0636644881889764
 20
3.3867869291338581
 30
0
 11
0.0634787401574803
 21
3.3870132677165352
 31
0
  0
LINE
  5
8E9
330
1A
100
AcDbEntity
  8
BLACK
  6
CONTINUOUS
100
AcDbLine
 10
0.0634787401574803
 20
3.3870132677165352
 30
0
 11
0.0634197637795276
 21
3.3870644094488189
 31
0
  0
LINE
  5
8EA
330
1A
100
AcDbEntity
  8
BLACK
  6
CONTINUOUS
100
AcDbLine
 10
0.0634197637795276
 20
3.3870644094488189
 30
0
 11
0.063363779527559
 21
3.3871533464566927
 31
0
  0
LINE
  5
8EB
330
1A
100
AcDbEntity
  8
BLACK
  6
CONTINUOUS
100
AcDbLine
 10
0.063363779527559
 20
3.3871533464566927
 30
0
 11
0.0632972834645669
 21
3.38723437007874
 31
0
  0
LINE
  5
8EC
330
1A
100
AcDbEntity
  8
BLACK
  6
CONTINUOUS
100
AcDbLine
 10
0.0632972834645669
 20
3.38723437007874
 30
0
 11
0.0632674409448819
 21
3.3873064173228347
 31
0
  0
LINE
  5
8ED
330
1A
100
AcDbEntity
  8
BLACK
  6
CONTINUOUS
100
AcDbLine
 10
0.0632674409448819
 20
3.3873064173228347
 30
0
 11
0.0631114173228347
 21
3.3875542913385828
 31
0
  0
LINE
  5
8EE
330
1A
100
AcDbEntity
  8
BLACK
  6
CONTINUOUS
100
AcDbLine
 10
0.0631114173228347
 20
3.3875542913385828
 30
0
 11
0.0612366535433071
 21
3.3913038188976379
 31
0
  0
LINE
  5
8EF
330
1A
100
AcDbEntity
  8
BLACK
  6
CONTINUOUS
100
AcDbLine
 10
0.0612366535433071
 20
3.3913038188976379
 30
0
 11
0.0610297637795276
 21
3.3918444488188975
 31
0
  0
LINE
  5
8F0
330
1A
100
AcDbEntity
  8
BLACK
  6
CONTINUOUS
100
AcDbLine
 10
0.0610297637795276
 20
3.3918444488188975
 30
0
 11
0.0610222440944882
 21
3.3919502755905513
 31
0
  0
LINE
  5
8F1
330
1A
100
AcDbEntity
  8
BLACK
  6
CONTINUOUS
100
AcDbLine
 10
0.0610222440944882
 20
3.3919502755905513
 30
0
 11
0.0609816535433071
 21
3.3920482677165356
 31
0
  0
LINE
  5
8F2
330
1A
100
AcDbEntity
  8
BLACK
  6
CONTINUOUS
100
AcDbLine
 10
0.0609816535433071
 20
3.3920482677165356
 30
0
 11
0.0609249212598425
 21
3.3926243307086614
 31
0
  0
LINE
  5
8F3
330
1A
100
AcDbEntity
  8
BLACK
  6
CONTINUOUS
100
AcDbLine
 10
0.0609249212598425
 20
3.3926243307086614
 30
0
 11
0.0609249212598425
 21
3.4038729133858268
 31
0
  0
LINE
  5
8F4
330
1A
100
AcDbEntity
  8
BLACK
  6
CONTINUOUS
100
AcDbLine
 10
0.0609249212598425
 20
3.4038729133858268
 30
0
 11
0.0609816535433071
 21
3.4044489763779526
 31
0
  0
LINE
  5
8F5
330
1A
100
AcDbEntity
  8
BLACK
  6
CONTINUOUS
100
AcDbLine
 10
0.0609816535433071
 20
3.4044489763779526
 30
0
 11
0.0610222440944882
 21
3.4045470078740157
 31
0
  0
LINE
  5
8F6
330
1A
100
AcDbEntity
  8
BLACK
  6
CONTINUOUS
100
AcDbLine
 10
0.0610222440944882
 20
3.4045470078740157
 30
0
 11
0.0610297637795276
 21
3.4046527952755903
 31
0
  0
LINE
  5
8F7
330
1A
100
AcDbEntity
  8
BLACK
  6
CONTINUOUS
100
AcDbLine
 10
0.0610297637795276
 20
3.4046527952755903
 30
0
 11
0.0612366535433071
 21
3.4051934251968503
 31
0
  0
LINE
  5
8F8
330
1A
100
AcDbEntity
  8
BLACK
  6
CONTINUOUS
100
AcDbLine
 10
0.0612366535433071
 20
3.4051934251968503
 30
0
 11
0.0631114173228347
 21
3.4089429527559054
 31
0
  0
LINE
  5
8F9
330
1A
100
AcDbEntity
  8
BLACK
  6
CONTINUOUS
100
AcDbLine
 10
0.0631114173228347
 20
3.4089429527559054
 30
0
 11
0.0632674803149606
 21
3.4091909842519685
 31
0
  0
LINE
  5
8FA
330
1A
100
AcDbEntity
  8
BLACK
  6
CONTINUOUS
100
AcDbLine
 10
0.0632674803149606
 20
3.4091909842519685
 30
0
 11
0.0632973228346457
 21
3.4092629133858265
 31
0
  0
LINE
  5
8FB
330
1A
100
AcDbEntity
  8
BLACK
  6
CONTINUOUS
100
AcDbLine
 10
0.0632973228346457
 20
3.4092629133858265
 30
0
 11
0.063363779527559
 21
3.409343897637795
 31
0
  0
LINE
  5
8FC
330
1A
100
AcDbEntity
  8
BLACK
  6
CONTINUOUS
100
AcDbLine
 10
0.063363779527559
 20
3.409343897637795
 30
0
 11
0.0634197637795276
 21
3.4094328346456693
 31
0
  0
LINE
  5
8FD
330
1A
100
AcDbEntity
  8
BLACK
  6
CONTINUOUS
100
AcDbLine
 10
0.0634197637795276
 20
3.4094328346456693
 30
0
 11
0.0634787401574803
 21
3.4094840157480313
 31
0
  0
LINE
  5
8FE
330
1A
100
AcDbEntity
  8
BLACK
  6
CONTINUOUS
100
AcDbLine
 10
0.0634787401574803
 20
3.4094840157480313
 30
0
 11
0.0636645275590551
 21
3.4097103543307088
 31
0
  0
LINE
  5
8FF
330
1A
100
AcDbEntity
  8
BLACK
  6
CONTINUOUS
100
AcDbLine
 10
0.0636645275590551
 20
3.4097103543307088
 30
0
 11
0.0655392913385827
 21
3.4115851181102363
 31
0
  0
LINE
  5
900
330
1A
100
AcDbEntity
  8
BLACK
  6
CONTINUOUS
100
AcDbLine
 10
0.0655392913385827
 20
3.4115851181102363
 30
0
 11
0.0657656299212598
 21
3.4117709055118111
 31
0
  0
LINE
  5
901
330
1A
100
AcDbEntity
  8
BLACK
  6
CONTINUOUS
100
AcDbLine
 10
0.0657656299212598
 20
3.4117709055118111
 30
0
 11
0.0658168110236221
 21
3.4118298818897639
 31
0
  0
LINE
  5
902
330
1A
100
AcDbEntity
  8
BLACK
  6
CONTINUOUS
100
AcDbLine
 10
0.0658168110236221
 20
3.4118298818897639
 30
0
 11
0.0659057480314961
 21
3.4118858661417324
 31
0
  0
LINE
  5
903
330
1A
100
AcDbEntity
  8
BLACK
  6
CONTINUOUS
100
AcDbLine
 10
0.0659057480314961
 20
3.4118858661417324
 30
0
 11
0.0659867322834646
 21
3.4119523228346456
 31
0
  0
LINE
  5
904
330
1A
100
AcDbEntity
  8
BLACK
  6
CONTINUOUS
100
AcDbLine
 10
0.0659867322834646
 20
3.4119523228346456
 30
0
 11
0.0660586614173228
 21
3.4119821653543307
 31
0
  0
LINE
  5
905
330
1A
100
AcDbEntity
  8
BLACK
  6
CONTINUOUS
100
AcDbLine
 10
0.0660586614173228
 20
3.4119821653543307
 30
0
 11
0.0663066929133858
 21
3.4121382283464565
 31
0
  0
LINE
  5
906
330
1A
100
AcDbEntity
  8
BLACK
  6
CONTINUOUS
100
AcDbLine
 10
0.0663066929133858
 20
3.4121382283464565
 30
0
 11
0.0700562204724409
 21
3.4140129921259841
 31
0
  0
LINE
  5
907
330
1A
100
AcDbEntity
  8
BLACK
  6
CONTINUOUS
100
AcDbLine
 10
0.0700562204724409
 20
3.4140129921259841
 30
0
 11
0.070596811023622
 21
3.4142198818897636
 31
0
  0
LINE
  5
908
330
1A
100
AcDbEntity
  8
BLACK
  6
CONTINUOUS
100
AcDbLine
 10
0.070596811023622
 20
3.4142198818897636
 30
0
 11
0.0707026771653543
 21
3.4142274409448818
 31
0
  0
LINE
  5
909
330
1A
100
AcDbEntity
  8
BLACK
  6
CONTINUOUS
100
AcDbLine
 10
0.0707026771653543
 20
3.4142274409448818
 30
0
 11
0.0708006692913386
 21
3.4142679921259842
 31
0
  0
LINE
  5
90A
330
1A
100
AcDbEntity
  8
BLACK
  6
CONTINUOUS
100
AcDbLine
 10
0.0708006692913386
 20
3.4142679921259842
 30
0
 11
0.0713767322834646
 21
3.4143247244094486
 31
0
  0
LINE
  5
90B
330
1A
100
AcDbEntity
  8
BLACK
  6
CONTINUOUS
100
AcDbLine
 10
0.0713767322834646
 20
3.4143247244094486
 30
0
 11
0.0770010236220472
 21
3.4143247244094486
 31
0
  0
LINE
  5
90C
330
1A
100
AcDbEntity
  8
BLACK
  6
CONTINUOUS
100
AcDbLine
 10
0.0770010236220472
 20
3.4143247244094486
 30
0
 11
0.0775770866141732
 21
3.4142679921259842
 31
0
  0
LINE
  5
90D
330
1A
100
AcDbEntity
  8
BLACK
  6
CONTINUOUS
100
AcDbLine
 10
0.0693762992125984
 20
3.4070704724409446
 30
0
 11
0.0681791732283464
 21
3.4058733464566928
 31
0
  0
LINE
  5
90E
330
1A
100
AcDbEntity
  8
BLACK
  6
CONTINUOUS
100
AcDbLine
 10
0.0681791732283464
 20
3.4058733464566928
 30
0
 11
0.0668304330708661
 21
3.4031758661417322
 31
0
  0
LINE
  5
90F
330
1A
100
AcDbEntity
  8
BLACK
  6
CONTINUOUS
100
AcDbLine
 10
0.0668304330708661
 20
3.4031758661417322
 30
0
 11
0.0668304330708661
 21
3.393321377952756
 31
0
  0
LINE
  5
910
330
1A
100
AcDbEntity
  8
BLACK
  6
CONTINUOUS
100
AcDbLine
 10
0.0668304330708661
 20
3.393321377952756
 30
0
 11
0.0681791732283464
 21
3.3906238976377954
 31
0
  0
LINE
  5
911
330
1A
100
AcDbEntity
  8
BLACK
  6
CONTINUOUS
100
AcDbLine
 10
0.0681791732283464
 20
3.3906238976377954
 30
0
 11
0.0693762992125984
 21
3.3894267322834644
 31
0
  0
LINE
  5
912
330
1A
100
AcDbEntity
  8
BLACK
  6
CONTINUOUS
100
AcDbLine
 10
0.0693762992125984
 20
3.3894267322834644
 30
0
 11
0.0720737795275591
 21
3.388077992125984
 31
0
  0
LINE
  5
913
330
1A
100
AcDbEntity
  8
BLACK
  6
CONTINUOUS
100
AcDbLine
 10
0.0720737795275591
 20
3.388077992125984
 30
0
 11
0.0763039763779527
 21
3.388077992125984
 31
0
  0
LINE
  5
914
330
1A
100
AcDbEntity
  8
BLACK
  6
CONTINUOUS
100
AcDbLine
 10
0.0763039763779527
 20
3.388077992125984
 30
0
 11
0.0790014173228346
 21
3.3894267322834644
 31
0
  0
LINE
  5
915
330
1A
100
AcDbEntity
  8
BLACK
  6
CONTINUOUS
100
AcDbLine
 10
0.0790014173228346
 20
3.3894267322834644
 30
0
 11
0.0801985433070866
 21
3.3906238976377954
 31
0
  0
LINE
  5
916
330
1A
100
AcDbEntity
  8
BLACK
  6
CONTINUOUS
100
AcDbLine
 10
0.0801985433070866
 20
3.3906238976377954
 30
0
 11
0.0815473228346457
 21
3.393321377952756
 31
0
  0
LINE
  5
917
330
1A
100
AcDbEntity
  8
BLACK
  6
CONTINUOUS
100
AcDbLine
 10
0.0815473228346457
 20
3.393321377952756
 30
0
 11
0.0815473228346457
 21
3.4031758661417322
 31
0
  0
LINE
  5
918
330
1A
100
AcDbEntity
  8
BLACK
  6
CONTINUOUS
100
AcDbLine
 10
0.0815473228346457
 20
3.4031758661417322
 30
0
 11
0.0801985826771654
 21
3.4058733464566928
 31
0
  0
LINE
  5
919
330
1A
100
AcDbEntity
  8
BLACK
  6
CONTINUOUS
100
AcDbLine
 10
0.0801985826771654
 20
3.4058733464566928
 30
0
 11
0.0790014566929134
 21
3.4070704724409446
 31
0
  0
LINE
  5
91A
330
1A
100
AcDbEntity
  8
BLACK
  6
CONTINUOUS
100
AcDbLine
 10
0.0790014566929134
 20
3.4070704724409446
 30
0
 11
0.0763039763779527
 21
3.408419212598425
 31
0
  0
LINE
  5
91B
330
1A
100
AcDbEntity
  8
BLACK
  6
CONTINUOUS
100
AcDbLine
 10
0.0763039763779527
 20
3.408419212598425
 30
0
 11
0.0720737795275591
 21
3.408419212598425
 31
0
  0
LINE
  5
91C
330
1A
100
AcDbEntity
  8
BLACK
  6
CONTINUOUS
100
AcDbLine
 10
0.0720737795275591
 20
3.408419212598425
 30
0
 11
0.0693762992125984
 21
3.4070704724409446
 31
0
  0
LINE
  5
91D
330
1A
100
AcDbEntity
  8
BLACK
  6
CONTINUOUS
100
AcDbLine
 10
0.1198863385826772
 20
3.426950433070866
 30
0
 11
0.1207009842519685
 21
3.4261357874015745
 31
0
  0
LINE
  5
91E
330
1A
100
AcDbEntity
  8
BLACK
  6
CONTINUOUS
100
AcDbLine
 10
0.1207009842519685
 20
3.4261357874015745
 30
0
 11
0.1211418897637795
 21
3.4250713779527557
 31
0
  0
LINE
  5
91F
330
1A
100
AcDbEntity
  8
BLACK
  6
CONTINUOUS
100
AcDbLine
 10
0.1211418897637795
 20
3.4250713779527557
 30
0
 11
0.1211986220472441
 21
3.4244953149606299
 31
0
  0
LINE
  5
920
330
1A
100
AcDbEntity
  8
BLACK
  6
CONTINUOUS
100
AcDbLine
 10
0.1211986220472441
 20
3.4244953149606299
 30
0
 11
0.1211986220472441
 21
3.3851252362204725
 31
0
  0
LINE
  5
921
330
1A
100
AcDbEntity
  8
BLACK
  6
CONTINUOUS
100
AcDbLine
 10
0.1211986220472441
 20
3.3851252362204725
 30
0
 11
0.1211418897637795
 21
3.3845491732283466
 31
0
  0
LINE
  5
922
330
1A
100
AcDbEntity
  8
BLACK
  6
CONTINUOUS
100
AcDbLine
 10
0.1211418897637795
 20
3.3845491732283466
 30
0
 11
0.1207009842519685
 21
3.3834847637795273
 31
0
  0
LINE
  5
923
330
1A
100
AcDbEntity
  8
BLACK
  6
CONTINUOUS
100
AcDbLine
 10
0.1207009842519685
 20
3.3834847637795273
 30
0
 11
0.1198863385826772
 21
3.3826701181102363
 31
0
  0
LINE
  5
924
330
1A
100
AcDbEntity
  8
BLACK
  6
CONTINUOUS
100
AcDbLine
 10
0.1198863385826772
 20
3.3826701181102363
 30
0
 11
0.1188219291338583
 21
3.3822292125984252
 31
0
  0
LINE
  5
925
330
1A
100
AcDbEntity
  8
BLACK
  6
CONTINUOUS
100
AcDbLine
 10
0.1188219291338583
 20
3.3822292125984252
 30
0
 11
0.1176698031496063
 21
3.3822292125984252
 31
0
  0
LINE
  5
926
330
1A
100
AcDbEntity
  8
BLACK
  6
CONTINUOUS
100
AcDbLine
 10
0.1176698031496063
 20
3.3822292125984252
 30
0
 11
0.1166053937007874
 21
3.3826701181102363
 31
0
  0
LINE
  5
927
330
1A
100
AcDbEntity
  8
BLACK
  6
CONTINUOUS
100
AcDbLine
 10
0.1166053937007874
 20
3.3826701181102363
 30
0
 11
0.1164664566929134
 21
3.38280905511811
 31
0
  0
LINE
  5
928
330
1A
100
AcDbEntity
  8
BLACK
  6
CONTINUOUS
100
AcDbLine
 10
0.1164664566929134
 20
3.38280905511811
 30
0
 11
0.1158168503937008
 21
3.3824842125984249
 31
0
  0
LINE
  5
929
330
1A
100
AcDbEntity
  8
BLACK
  6
CONTINUOUS
100
AcDbLine
 10
0.1158168503937008
 20
3.3824842125984249
 30
0
 11
0.1152762204724409
 21
3.3822773228346454
 31
0
  0
LINE
  5
92A
330
1A
100
AcDbEntity
  8
BLACK
  6
CONTINUOUS
100
AcDbLine
 10
0.1152762204724409
 20
3.3822773228346454
 30
0
 11
0.1151703937007874
 21
3.3822698425196851
 31
0
  0
LINE
  5
92B
330
1A
100
AcDbEntity
  8
BLACK
  6
CONTINUOUS
100
AcDbLine
 10
0.1151703937007874
 20
3.3822698425196851
 30
0
 11
0.1150724015748031
 21
3.3822292125984252
 31
0
  0
LINE
  5
92C
330
1A
100
AcDbEntity
  8
BLACK
  6
CONTINUOUS
100
AcDbLine
 10
0.1150724015748031
 20
3.3822292125984252
 30
0
 11
0.1144963385826772
 21
3.3821724803149604
 31
0
  0
LINE
  5
92D
330
1A
100
AcDbEntity
  8
BLACK
  6
CONTINUOUS
100
AcDbLine
 10
0.1144963385826772
 20
3.3821724803149604
 30
0
 11
0.1069972834645669
 21
3.3821724803149604
 31
0
  0
LINE
  5
92E
330
1A
100
AcDbEntity
  8
BLACK
  6
CONTINUOUS
100
AcDbLine
 10
0.1069972834645669
 20
3.3821724803149604
 30
0
 11
0.1064212204724409
 21
3.3822292125984252
 31
0
  0
LINE
  5
92F
330
1A
100
AcDbEntity
  8
BLACK
  6
CONTINUOUS
100
AcDbLine
 10
0.1064212204724409
 20
3.3822292125984252
 30
0
 11
0.1063232283464567
 21
3.3822698031496063
 31
0
  0
LINE
  5
930
330
1A
100
AcDbEntity
  8
BLACK
  6
CONTINUOUS
100
AcDbLine
 10
0.1063232283464567
 20
3.3822698031496063
 30
0
 11
0.1062173622047244
 21
3.3822773228346454
 31
0
  0
LINE
  5
931
330
1A
100
AcDbEntity
  8
BLACK
  6
CONTINUOUS
100
AcDbLine
 10
0.1062173622047244
 20
3.3822773228346454
 30
0
 11
0.1056767716535433
 21
3.3824842125984249
 31
0
  0
LINE
  5
932
330
1A
100
AcDbEntity
  8
BLACK
  6
CONTINUOUS
100
AcDbLine
 10
0.1056767716535433
 20
3.3824842125984249
 30
0
 11
0.1019272440944882
 21
3.3843589763779525
 31
0
  0
LINE
  5
933
330
1A
100
AcDbEntity
  8
BLACK
  6
CONTINUOUS
100
AcDbLine
 10
0.1019272440944882
 20
3.3843589763779525
 30
0
 11
0.1016792125984252
 21
3.3845150787401574
 31
0
  0
LINE
  5
934
330
1A
100
AcDbEntity
  8
BLACK
  6
CONTINUOUS
100
AcDbLine
 10
0.1016792125984252
 20
3.3845150787401574
 30
0
 11
0.1016072834645669
 21
3.3845448818897639
 31
0
  0
LINE
  5
935
330
1A
100
AcDbEntity
  8
BLACK
  6
CONTINUOUS
100
AcDbLine
 10
0.1016072834645669
 20
3.3845448818897639
 30
0
 11
0.1015262992125984
 21
3.384611338582677
 31
0
  0
LINE
  5
936
330
1A
100
AcDbEntity
  8
BLACK
  6
CONTINUOUS
100
AcDbLine
 10
0.1015262992125984
 20
3.384611338582677
 30
0
 11
0.1014373622047244
 21
3.3846673228346456
 31
0
  0
LINE
  5
937
330
1A
100
AcDbEntity
  8
BLACK
  6
CONTINUOUS
100
AcDbLine
 10
0.1014373622047244
 20
3.3846673228346456
 30
0
 11
0.1013861417322835
 21
3.3847263779527559
 31
0
  0
LINE
  5
938
330
1A
100
AcDbEntity
  8
BLACK
  6
CONTINUOUS
100
AcDbLine
 10
0.1013861417322835
 20
3.3847263779527559
 30
0
 11
0.1011598031496063
 21
3.3849121259842518
 31
0
  0
LINE
  5
939
330
1A
100
AcDbEntity
  8
BLACK
  6
CONTINUOUS
100
AcDbLine
 10
0.1011598031496063
 20
3.3849121259842518
 30
0
 11
0.0992850393700787
 21
3.3867869291338581
 31
0
  0
LINE
  5
93A
330
1A
100
AcDbEntity
  8
BLACK
  6
CONTINUOUS
100
AcDbLine
 10
0.0992850393700787
 20
3.3867869291338581
 30
0
 11
0.0990992913385827
 21
3.3870132677165352
 31
0
  0
LINE
  5
93B
330
1A
100
AcDbEntity
  8
BLACK
  6
CONTINUOUS
100
AcDbLine
 10
0.0990992913385827
 20
3.3870132677165352
 30
0
 11
0.0990403149606299
 21
3.3870644094488189
 31
0
  0
LINE
  5
93C
330
1A
100
AcDbEntity
  8
BLACK
  6
CONTINUOUS
100
AcDbLine
 10
0.0990403149606299
 20
3.3870644094488189
 30
0
 11
0.0989843307086614
 21
3.3871533464566927
 31
0
  0
LINE
  5
93D
330
1A
100
AcDbEntity
  8
BLACK
  6
CONTINUOUS
100
AcDbLine
 10
0.0989843307086614
 20
3.3871533464566927
 30
0
 11
0.0989178346456693
 21
3.38723437007874
 31
0
  0
LINE
  5
93E
330
1A
100
AcDbEntity
  8
BLACK
  6
CONTINUOUS
100
AcDbLine
 10
0.0989178346456693
 20
3.38723437007874
 30
0
 11
0.0988879921259842
 21
3.3873064173228347
 31
0
  0
LINE
  5
93F
330
1A
100
AcDbEntity
  8
BLACK
  6
CONTINUOUS
100
AcDbLine
 10
0.0988879921259842
 20
3.3873064173228347
 30
0
 11
0.098731968503937
 21
3.3875542913385828
 31
0
  0
LINE
  5
940
330
1A
100
AcDbEntity
  8
BLACK
  6
CONTINUOUS
100
AcDbLine
 10
0.098731968503937
 20
3.3875542913385828
 30
0
 11
0.0968572047244095
 21
3.3913038188976379
 31
0
  0
LINE
  5
941
330
1A
100
AcDbEntity
  8
BLACK
  6
CONTINUOUS
100
AcDbLine
 10
0.0968572047244095
 20
3.3913038188976379
 30
0
 11
0.0966503149606299
 21
3.3918444488188975
 31
0
  0
LINE
  5
942
330
1A
100
AcDbEntity
  8
BLACK
  6
CONTINUOUS
100
AcDbLine
 10
0.0966503149606299
 20
3.3918444488188975
 30
0
 11
0.0966427952755906
 21
3.3919502755905513
 31
0
  0
LINE
  5
943
330
1A
100
AcDbEntity
  8
BLACK
  6
CONTINUOUS
100
AcDbLine
 10
0.0966427952755906
 20
3.3919502755905513
 30
0
 11
0.0966022047244094
 21
3.3920482677165356
 31
0
  0
LINE
  5
944
330
1A
100
AcDbEntity
  8
BLACK
  6
CONTINUOUS
100
AcDbLine
 10
0.0966022047244094
 20
3.3920482677165356
 30
0
 11
0.0965454724409449
 21
3.3926243307086614
 31
0
  0
LINE
  5
945
330
1A
100
AcDbEntity
  8
BLACK
  6
CONTINUOUS
100
AcDbLine
 10
0.0965454724409449
 20
3.3926243307086614
 30
0
 11
0.0965454724409449
 21
3.4038729133858268
 31
0
  0
LINE
  5
946
330
1A
100
AcDbEntity
  8
BLACK
  6
CONTINUOUS
100
AcDbLine
 10
0.0965454724409449
 20
3.4038729133858268
 30
0
 11
0.0966022047244094
 21
3.4044489763779526
 31
0
  0
LINE
  5
947
330
1A
100
AcDbEntity
  8
BLACK
  6
CONTINUOUS
100
AcDbLine
 10
0.0966022047244094
 20
3.4044489763779526
 30
0
 11
0.0966427952755906
 21
3.4045470078740157
 31
0
  0
LINE
  5
948
330
1A
100
AcDbEntity
  8
BLACK
  6
CONTINUOUS
100
AcDbLine
 10
0.0966427952755906
 20
3.4045470078740157
 30
0
 11
0.0966503149606299
 21
3.4046527952755903
 31
0
  0
LINE
  5
949
330
1A
100
AcDbEntity
  8
BLACK
  6
CONTINUOUS
100
AcDbLine
 10
0.0966503149606299
 20
3.4046527952755903
 30
0
 11
0.0968572047244095
 21
3.4051934251968503
 31
0
  0
LINE
  5
94A
330
1A
100
AcDbEntity
  8
BLACK
  6
CONTINUOUS
100
AcDbLine
 10
0.0968572047244095
 20
3.4051934251968503
 30
0
 11
0.098731968503937
 21
3.4089429527559054
 31
0
  0
LINE
  5
94B
330
1A
100
AcDbEntity
  8
BLACK
  6
CONTINUOUS
100
AcDbLine
 10
0.098731968503937
 20
3.4089429527559054
 30
0
 11
0.098888031496063
 21
3.4091909842519685
 31
0
  0
LINE
  5
94C
330
1A
100
AcDbEntity
  8
BLACK
  6
CONTINUOUS
100
AcDbLine
 10
0.098888031496063
 20
3.4091909842519685
 30
0
 11
0.098917874015748
 21
3.4092629133858265
 31
0
  0
LINE
  5
94D
330
1A
100
AcDbEntity
  8
BLACK
  6
CONTINUOUS
100
AcDbLine
 10
0.098917874015748
 20
3.4092629133858265
 30
0
 11
0.0989843307086614
 21
3.409343897637795
 31
0
  0
LINE
  5
94E
330
1A
100
AcDbEntity
  8
BLACK
  6
CONTINUOUS
100
AcDbLine
 10
0.0989843307086614
 20
3.409343897637795
 30
0
 11
0.0990403149606299
 21
3.4094328346456693
 31
0
  0
LINE
  5
94F
330
1A
100
AcDbEntity
  8
BLACK
  6
CONTINUOUS
100
AcDbLine
 10
0.0990403149606299
 20
3.4094328346456693
 30
0
 11
0.0990992913385827
 21
3.4094840157480313
 31
0
  0
LINE
  5
950
330
1A
100
AcDbEntity
  8
BLACK
  6
CONTINUOUS
100
AcDbLine
 10
0.0990992913385827
 20
3.4094840157480313
 30
0
 11
0.0992850787401575
 21
3.4097103543307088
 31
0
  0
LINE
  5
951
330
1A
100
AcDbEntity
  8
BLACK
  6
CONTINUOUS
100
AcDbLine
 10
0.0992850787401575
 20
3.4097103543307088
 30
0
 11
0.101159842519685
 21
3.4115851181102363
 31
0
  0
LINE
  5
952
330
1A
100
AcDbEntity
  8
BLACK
  6
CONTINUOUS
100
AcDbLine
 10
0.101159842519685
 20
3.4115851181102363
 30
0
 11
0.1013861811023622
 21
3.4117709055118111
 31
0
  0
LINE
  5
953
330
1A
100
AcDbEntity
  8
BLACK
  6
CONTINUOUS
100
AcDbLine
 10
0.1013861811023622
 20
3.4117709055118111
 30
0
 11
0.1014373622047244
 21
3.4118298818897639
 31
0
  0
LINE
  5
954
330
1A
100
AcDbEntity
  8
BLACK
  6
CONTINUOUS
100
AcDbLine
 10
0.1014373622047244
 20
3.4118298818897639
 30
0
 11
0.1015262992125984
 21
3.4118858661417324
 31
0
  0
LINE
  5
955
330
1A
100
AcDbEntity
  8
BLACK
  6
CONTINUOUS
100
AcDbLine
 10
0.1015262992125984
 20
3.4118858661417324
 30
0
 11
0.1016072834645669
 21
3.4119523228346456
 31
0
  0
LINE
  5
956
330
1A
100
AcDbEntity
  8
BLACK
  6
CONTINUOUS
100
AcDbLine
 10
0.1016072834645669
 20
3.4119523228346456
 30
0
 11
0.1016792125984252
 21
3.4119821653543307
 31
0
  0
LINE
  5
957
330
1A
100
AcDbEntity
  8
BLACK
  6
CONTINUOUS
100
AcDbLine
 10
0.1016792125984252
 20
3.4119821653543307
 30
0
 11
0.1019272440944882
 21
3.4121382283464565
 31
0
  0
LINE
  5
958
330
1A
100
AcDbEntity
  8
BLACK
  6
CONTINUOUS
100
AcDbLine
 10
0.1019272440944882
 20
3.4121382283464565
 30
0
 11
0.1056767716535433
 21
3.4140129921259841
 31
0
  0
LINE
  5
959
330
1A
100
AcDbEntity
  8
BLACK
  6
CONTINUOUS
100
AcDbLine
 10
0.1056767716535433
 20
3.4140129921259841
 30
0
 11
0.1062173622047244
 21
3.4142198818897636
 31
0
  0
LINE
  5
95A
330
1A
100
AcDbEntity
  8
BLACK
  6
CONTINUOUS
100
AcDbLine
 10
0.1062173622047244
 20
3.4142198818897636
 30
0
 11
0.1063232283464567
 21
3.4142274409448818
 31
0
  0
LINE
  5
95B
330
1A
100
AcDbEntity
  8
BLACK
  6
CONTINUOUS
100
AcDbLine
 10
0.1063232283464567
 20
3.4142274409448818
 30
0
 11
0.1064212204724409
 21
3.4142679921259842
 31
0
  0
LINE
  5
95C
330
1A
100
AcDbEntity
  8
BLACK
  6
CONTINUOUS
100
AcDbLine
 10
0.1064212204724409
 20
3.4142679921259842
 30
0
 11
0.1069972834645669
 21
3.4143247244094486
 31
0
  0
LINE
  5
95D
330
1A
100
AcDbEntity
  8
BLACK
  6
CONTINUOUS
100
AcDbLine
 10
0.1069972834645669
 20
3.4143247244094486
 30
0
 11
0.1144963385826772
 21
3.4143247244094486
 31
0
  0
LINE
  5
95E
330
1A
100
AcDbEntity
  8
BLACK
  6
CONTINUOUS
100
AcDbLine
 10
0.1144963385826772
 20
3.4143247244094486
 30
0
 11
0.1150724015748031
 21
3.4142679921259842
 31
0
  0
LINE
  5
95F
330
1A
100
AcDbEntity
  8
BLACK
  6
CONTINUOUS
100
AcDbLine
 10
0.1150724015748031
 20
3.4142679921259842
 30
0
 11
0.1151703937007874
 21
3.4142274015748031
 31
0
  0
LINE
  5
960
330
1A
100
AcDbEntity
  8
BLACK
  6
CONTINUOUS
100
AcDbLine
 10
0.1151703937007874
 20
3.4142274015748031
 30
0
 11
0.1152762204724409
 21
3.4142198818897636
 31
0
  0
LINE
  5
961
330
1A
100
AcDbEntity
  8
BLACK
  6
CONTINUOUS
100
AcDbLine
 10
0.1152762204724409
 20
3.4142198818897636
 30
0
 11
0.1152931102362205
 21
3.4142134251968503
 31
0
  0
LINE
  5
962
330
1A
100
AcDbEntity
  8
BLACK
  6
CONTINUOUS
100
AcDbLine
 10
0.1152931102362205
 20
3.4142134251968503
 30
0
 11
0.1152931102362205
 21
3.4244953149606299
 31
0
  0
LINE
  5
963
330
1A
100
AcDbEntity
  8
BLACK
  6
CONTINUOUS
100
AcDbLine
 10
0.1152931102362205
 20
3.4244953149606299
 30
0
 11
0.115349842519685
 21
3.4250713779527557
 31
0
  0
LINE
  5
964
330
1A
100
AcDbEntity
  8
BLACK
  6
CONTINUOUS
100
AcDbLine
 10
0.115349842519685
 20
3.4250713779527557
 30
0
 11
0.1157907480314961
 21
3.4261357874015745
 31
0
  0
LINE
  5
965
330
1A
100
AcDbEntity
  8
BLACK
  6
CONTINUOUS
100
AcDbLine
 10
0.1157907480314961
 20
3.4261357874015745
 30
0
 11
0.1166053937007874
 21
3.426950433070866
 31
0
  0
LINE
  5
966
330
1A
100
AcDbEntity
  8
BLACK
  6
CONTINUOUS
100
AcDbLine
 10
0.1166053937007874
 20
3.426950433070866
 30
0
 11
0.1176698031496063
 21
3.4273913385826771
 31
0
  0
LINE
  5
967
330
1A
100
AcDbEntity
  8
BLACK
  6
CONTINUOUS
100
AcDbLine
 10
0.1176698031496063
 20
3.4273913385826771
 30
0
 11
0.1188219291338583
 21
3.4273913385826771
 31
0
  0
LINE
  5
968
330
1A
100
AcDbEntity
  8
BLACK
  6
CONTINUOUS
100
AcDbLine
 10
0.1188219291338583
 20
3.4273913385826771
 30
0
 11
0.1198863385826772
 21
3.426950433070866
 31
0
  0
LINE
  5
969
330
1A
100
AcDbEntity
  8
BLACK
  6
CONTINUOUS
100
AcDbLine
 10
0.1049968503937008
 20
3.4070704724409446
 30
0
 11
0.1037997244094488
 21
3.4058733464566928
 31
0
  0
LINE
  5
96A
330
1A
100
AcDbEntity
  8
BLACK
  6
CONTINUOUS
100
AcDbLine
 10
0.1037997244094488
 20
3.4058733464566928
 30
0
 11
0.1024509842519685
 21
3.4031758661417322
 31
0
  0
LINE
  5
96B
330
1A
100
AcDbEntity
  8
BLACK
  6
CONTINUOUS
100
AcDbLine
 10
0.1024509842519685
 20
3.4031758661417322
 30
0
 11
0.1024509842519685
 21
3.393321377952756
 31
0
  0
LINE
  5
96C
330
1A
100
AcDbEntity
  8
BLACK
  6
CONTINUOUS
100
AcDbLine
 10
0.1024509842519685
 20
3.393321377952756
 30
0
 11
0.1037997244094488
 21
3.3906238976377954
 31
0
  0
LINE
  5
96D
330
1A
100
AcDbEntity
  8
BLACK
  6
CONTINUOUS
100
AcDbLine
 10
0.1037997244094488
 20
3.3906238976377954
 30
0
 11
0.1049968503937008
 21
3.3894267322834644
 31
0
  0
LINE
  5
96E
330
1A
100
AcDbEntity
  8
BLACK
  6
CONTINUOUS
100
AcDbLine
 10
0.1049968503937008
 20
3.3894267322834644
 30
0
 11
0.1076943307086614
 21
3.388077992125984
 31
0
  0
LINE
  5
96F
330
1A
100
AcDbEntity
  8
BLACK
  6
CONTINUOUS
100
AcDbLine
 10
0.1076943307086614
 20
3.388077992125984
 30
0
 11
0.1137992913385827
 21
3.388077992125984
 31
0
  0
LINE
  5
970
330
1A
100
AcDbEntity
  8
BLACK
  6
CONTINUOUS
100
AcDbLine
 10
0.1137992913385827
 20
3.388077992125984
 30
0
 11
0.1152931102362205
 21
3.3888249212598422
 31
0
  0
LINE
  5
971
330
1A
100
AcDbEntity
  8
BLACK
  6
CONTINUOUS
100
AcDbLine
 10
0.1152931102362205
 20
3.3888249212598422
 30
0
 11
0.1152931102362205
 21
3.4076723228346455
 31
0
  0
LINE
  5
972
330
1A
100
AcDbEntity
  8
BLACK
  6
CONTINUOUS
100
AcDbLine
 10
0.1152931102362205
 20
3.4076723228346455
 30
0
 11
0.1137992913385827
 21
3.408419212598425
 31
0
  0
LINE
  5
973
330
1A
100
AcDbEntity
  8
BLACK
  6
CONTINUOUS
100
AcDbLine
 10
0.1137992913385827
 20
3.408419212598425
 30
0
 11
0.1076943307086614
 21
3.408419212598425
 31
0
  0
LINE
  5
974
330
1A
100
AcDbEntity
  8
BLACK
  6
CONTINUOUS
100
AcDbLine
 10
0.1076943307086614
 20
3.408419212598425
 30
0
 11
0.1049968503937008
 21
3.4070704724409446
 31
0
  0
LINE
  5
975
330
1A
100
AcDbEntity
  8
BLACK
  6
CONTINUOUS
100
AcDbLine
 10
0.1386340157480315
 20
3.4138270866141731
 30
0
 11
0.1394486614173228
 21
3.4130124409448817
 31
0
  0
LINE
  5
976
330
1A
100
AcDbEntity
  8
BLACK
  6
CONTINUOUS
100
AcDbLine
 10
0.1394486614173228
 20
3.4130124409448817
 30
0
 11
0.1398895669291338
 21
3.4119480314960628
 31
0
  0
LINE
  5
977
330
1A
100
AcDbEntity
  8
BLACK
  6
CONTINUOUS
100
AcDbLine
 10
0.1398895669291338
 20
3.4119480314960628
 30
0
 11
0.1399462992125984
 21
3.411371968503937
 31
0
  0
LINE
  5
978
330
1A
100
AcDbEntity
  8
BLACK
  6
CONTINUOUS
100
AcDbLine
 10
0.1399462992125984
 20
3.411371968503937
 30
0
 11
0.1399462992125984
 21
3.3914466141732285
 31
0
  0
LINE
  5
979
330
1A
100
AcDbEntity
  8
BLACK
  6
CONTINUOUS
100
AcDbLine
 10
0.1399462992125984
 20
3.3914466141732285
 30
0
 11
0.1410691338582677
 21
3.3892008661417323
 31
0
  0
LINE
  5
97A
330
1A
100
AcDbEntity
  8
BLACK
  6
CONTINUOUS
100
AcDbLine
 10
0.1410691338582677
 20
3.3892008661417323
 30
0
 11
0.1433148818897638
 21
3.388077992125984
 31
0
  0
LINE
  5
97B
330
1A
100
AcDbEntity
  8
BLACK
  6
CONTINUOUS
100
AcDbLine
 10
0.1433148818897638
 20
3.388077992125984
 30
0
 11
0.1475450787401575
 21
3.388077992125984
 31
0
  0
LINE
  5
97C
330
1A
100
AcDbEntity
  8
BLACK
  6
CONTINUOUS
100
AcDbLine
 10
0.1475450787401575
 20
3.388077992125984
 30
0
 11
0.1502425196850394
 21
3.3894267322834644
 31
0
  0
LINE
  5
97D
330
1A
100
AcDbEntity
  8
BLACK
  6
CONTINUOUS
100
AcDbLine
 10
0.1502425196850394
 20
3.3894267322834644
 30
0
 11
0.1509136614173228
 21
3.3900978740157481
 31
0
  0
LINE
  5
97E
330
1A
100
AcDbEntity
  8
BLACK
  6
CONTINUOUS
100
AcDbLine
 10
0.1509136614173228
 20
3.3900978740157481
 30
0
 11
0.1509136614173228
 21
3.411371968503937
 31
0
  0
LINE
  5
97F
330
1A
100
AcDbEntity
  8
BLACK
  6
CONTINUOUS
100
AcDbLine
 10
0.1509136614173228
 20
3.411371968503937
 30
0
 11
0.1509703937007874
 21
3.4119480314960628
 31
0
  0
LINE
  5
980
330
1A
100
AcDbEntity
  8
BLACK
  6
CONTINUOUS
100
AcDbLine
 10
0.1509703937007874
 20
3.4119480314960628
 30
0
 11
0.1514112992125984
 21
3.4130124409448817
 31
0
  0
LINE
  5
981
330
1A
100
AcDbEntity
  8
BLACK
  6
CONTINUOUS
100
AcDbLine
 10
0.1514112992125984
 20
3.4130124409448817
 30
0
 11
0.1522259448818898
 21
3.4138270866141731
 31
0
  0
LINE
  5
982
330
1A
100
AcDbEntity
  8
BLACK
  6
CONTINUOUS
100
AcDbLine
 10
0.1522259448818898
 20
3.4138270866141731
 30
0
 11
0.1532903543307086
 21
3.4142679921259842
 31
0
  0
LINE
  5
983
330
1A
100
AcDbEntity
  8
BLACK
  6
CONTINUOUS
100
AcDbLine
 10
0.1532903543307086
 20
3.4142679921259842
 30
0
 11
0.1544424803149606
 21
3.4142679921259842
 31
0
  0
LINE
  5
984
330
1A
100
AcDbEntity
  8
BLACK
  6
CONTINUOUS
100
AcDbLine
 10
0.1544424803149606
 20
3.4142679921259842
 30
0
 11
0.1555068897637795
 21
3.4138270866141731
 31
0
  0
LINE
  5
985
330
1A
100
AcDbEntity
  8
BLACK
  6
CONTINUOUS
100
AcDbLine
 10
0.1555068897637795
 20
3.4138270866141731
 30
0
 11
0.1563215354330709
 21
3.4130124409448817
 31
0
  0
LINE
  5
986
330
1A
100
AcDbEntity
  8
BLACK
  6
CONTINUOUS
100
AcDbLine
 10
0.1563215354330709
 20
3.4130124409448817
 30
0
 11
0.1567624409448819
 21
3.4119480314960628
 31
0
  0
LINE
  5
987
330
1A
100
AcDbEntity
  8
BLACK
  6
CONTINUOUS
100
AcDbLine
 10
0.1567624409448819
 20
3.4119480314960628
 30
0
 11
0.1568191732283465
 21
3.411371968503937
 31
0
  0
LINE
  5
988
330
1A
100
AcDbEntity
  8
BLACK
  6
CONTINUOUS
100
AcDbLine
 10
0.1568191732283465
 20
3.411371968503937
 30
0
 11
0.1568191732283465
 21
3.3851252362204725
 31
0
  0
LINE
  5
989
330
1A
100
AcDbEntity
  8
BLACK
  6
CONTINUOUS
100
AcDbLine
 10
0.1568191732283465
 20
3.3851252362204725
 30
0
 11
0.1567624409448819
 21
3.3845491732283466
 31
0
  0
LINE
  5
98A
330
1A
100
AcDbEntity
  8
BLACK
  6
CONTINUOUS
100
AcDbLine
 10
0.1567624409448819
 20
3.3845491732283466
 30
0
 11
0.1563215354330709
 21
3.3834847637795273
 31
0
  0
LINE
  5
98B
330
1A
100
AcDbEntity
  8
BLACK
  6
CONTINUOUS
100
AcDbLine
 10
0.1563215354330709
 20
3.3834847637795273
 30
0
 11
0.1555068897637795
 21
3.3826701181102363
 31
0
  0
LINE
  5
98C
330
1A
100
AcDbEntity
  8
BLACK
  6
CONTINUOUS
100
AcDbLine
 10
0.1555068897637795
 20
3.3826701181102363
 30
0
 11
0.1544424803149606
 21
3.3822292125984252
 31
0
  0
LINE
  5
98D
330
1A
100
AcDbEntity
  8
BLACK
  6
CONTINUOUS
100
AcDbLine
 10
0.1544424803149606
 20
3.3822292125984252
 30
0
 11
0.1532903543307086
 21
3.3822292125984252
 31
0
  0
LINE
  5
98E
330
1A
100
AcDbEntity
  8
BLACK
  6
CONTINUOUS
100
AcDbLine
 10
0.1532903543307086
 20
3.3822292125984252
 30
0
 11
0.1522259448818898
 21
3.3826701181102363
 31
0
  0
LINE
  5
98F
330
1A
100
AcDbEntity
  8
BLACK
  6
CONTINUOUS
100
AcDbLine
 10
0.1522259448818898
 20
3.3826701181102363
 30
0
 11
0.1514620866141732
 21
3.3834339763779528
 31
0
  0
LINE
  5
990
330
1A
100
AcDbEntity
  8
BLACK
  6
CONTINUOUS
100
AcDbLine
 10
0.1514620866141732
 20
3.3834339763779528
 30
0
 11
0.1495626377952756
 21
3.3824842125984249
 31
0
  0
LINE
  5
991
330
1A
100
AcDbEntity
  8
BLACK
  6
CONTINUOUS
100
AcDbLine
 10
0.1495626377952756
 20
3.3824842125984249
 30
0
 11
0.1490220078740157
 21
3.3822773228346454
 31
0
  0
LINE
  5
992
330
1A
100
AcDbEntity
  8
BLACK
  6
CONTINUOUS
100
AcDbLine
 10
0.1490220078740157
 20
3.3822773228346454
 30
0
 11
0.1489161811023622
 21
3.3822698425196851
 31
0
  0
LINE
  5
993
330
1A
100
AcDbEntity
  8
BLACK
  6
CONTINUOUS
100
AcDbLine
 10
0.1489161811023622
 20
3.3822698425196851
 30
0
 11
0.1488181889763779
 21
3.3822292125984252
 31
0
  0
LINE
  5
994
330
1A
100
AcDbEntity
  8
BLACK
  6
CONTINUOUS
100
AcDbLine
 10
0.1488181889763779
 20
3.3822292125984252
 30
0
 11
0.148242125984252
 21
3.3821724803149604
 31
0
  0
LINE
  5
995
330
1A
100
AcDbEntity
  8
BLACK
  6
CONTINUOUS
100
AcDbLine
 10
0.148242125984252
 20
3.3821724803149604
 30
0
 11
0.1426178346456693
 21
3.3821724803149604
 31
0
  0
LINE
  5
996
330
1A
100
AcDbEntity
  8
BLACK
  6
CONTINUOUS
100
AcDbLine
 10
0.1426178346456693
 20
3.3821724803149604
 30
0
 11
0.1420417716535433
 21
3.3822292125984252
 31
0
  0
LINE
  5
997
330
1A
100
AcDbEntity
  8
BLACK
  6
CONTINUOUS
100
AcDbLine
 10
0.1420417716535433
 20
3.3822292125984252
 30
0
 11
0.141943779527559
 21
3.3822698031496063
 31
0
  0
LINE
  5
998
330
1A
100
AcDbEntity
  8
BLACK
  6
CONTINUOUS
100
AcDbLine
 10
0.141943779527559
 20
3.3822698031496063
 30
0
 11
0.1418379133858268
 21
3.3822773228346454
 31
0
  0
LINE
  5
999
330
1A
100
AcDbEntity
  8
BLACK
  6
CONTINUOUS
100
AcDbLine
 10
0.1418379133858268
 20
3.3822773228346454
 30
0
 11
0.1412973228346457
 21
3.3824842125984249
 31
0
  0
LINE
  5
99A
330
1A
100
AcDbEntity
  8
BLACK
  6
CONTINUOUS
100
AcDbLine
 10
0.1412973228346457
 20
3.3824842125984249
 30
0
 11
0.1375477952755906
 21
3.3843589763779525
 31
0
  0
LINE
  5
99B
330
1A
100
AcDbEntity
  8
BLACK
  6
CONTINUOUS
100
AcDbLine
 10
0.1375477952755906
 20
3.3843589763779525
 30
0
 11
0.1374514173228346
 21
3.3844196456692912
 31
0
  0
LINE
  5
99C
330
1A
100
AcDbEntity
  8
BLACK
  6
CONTINUOUS
100
AcDbLine
 10
0.1374514173228346
 20
3.3844196456692912
 30
0
 11
0.1374060236220472
 21
3.3844347637795273
 31
0
  0
LINE
  5
99D
330
1A
100
AcDbEntity
  8
BLACK
  6
CONTINUOUS
100
AcDbLine
 10
0.1374060236220472
 20
3.3844347637795273
 30
0
 11
0.1373494488188976
 21
3.3844838188976376
 31
0
  0
LINE
  5
99E
330
1A
100
AcDbEntity
  8
BLACK
  6
CONTINUOUS
100
AcDbLine
 10
0.1373494488188976
 20
3.3844838188976376
 30
0
 11
0.1370579133858268
 21
3.3846673228346456
 31
0
  0
LINE
  5
99F
330
1A
100
AcDbEntity
  8
BLACK
  6
CONTINUOUS
100
AcDbLine
 10
0.1370579133858268
 20
3.3846673228346456
 30
0
 11
0.1368152362204724
 21
3.3849471653543306
 31
0
  0
LINE
  5
9A0
330
1A
100
AcDbEntity
  8
BLACK
  6
CONTINUOUS
100
AcDbLine
 10
0.1368152362204724
 20
3.3849471653543306
 30
0
 11
0.1365356299212598
 21
3.3851896456692914
 31
0
  0
LINE
  5
9A1
330
1A
100
AcDbEntity
  8
BLACK
  6
CONTINUOUS
100
AcDbLine
 10
0.1365356299212598
 20
3.3851896456692914
 30
0
 11
0.136352125984252
 21
3.3854811417322832
 31
0
  0
LINE
  5
9A2
330
1A
100
AcDbEntity
  8
BLACK
  6
CONTINUOUS
100
AcDbLine
 10
0.136352125984252
 20
3.3854811417322832
 30
0
 11
0.1363030708661417
 21
3.385537716535433
 31
0
  0
LINE
  5
9A3
330
1A
100
AcDbEntity
  8
BLACK
  6
CONTINUOUS
100
AcDbLine
 10
0.1363030708661417
 20
3.385537716535433
 30
0
 11
0.1362879133858268
 21
3.3855831889763777
 31
0
  0
LINE
  5
9A4
330
1A
100
AcDbEntity
  8
BLACK
  6
CONTINUOUS
100
AcDbLine
 10
0.1362879133858268
 20
3.3855831889763777
 30
0
 11
0.1362272834645669
 21
3.3856794881889765
 31
0
  0
LINE
  5
9A5
330
1A
100
AcDbEntity
  8
BLACK
  6
CONTINUOUS
100
AcDbLine
 10
0.1362272834645669
 20
3.3856794881889765
 30
0
 11
0.1343525196850394
 21
3.3894290551181103
 31
0
  0
LINE
  5
9A6
330
1A
100
AcDbEntity
  8
BLACK
  6
CONTINUOUS
100
AcDbLine
 10
0.1343525196850394
 20
3.3894290551181103
 30
0
 11
0.1341456299212598
 21
3.3899696850393699
 31
0
  0
LINE
  5
9A7
330
1A
100
AcDbEntity
  8
BLACK
  6
CONTINUOUS
100
AcDbLine
 10
0.1341456299212598
 20
3.3899696850393699
 30
0
 11
0.1341381102362205
 21
3.3900755118110237
 31
0
  0
LINE
  5
9A8
330
1A
100
AcDbEntity
  8
BLACK
  6
CONTINUOUS
100
AcDbLine
 10
0.1341381102362205
 20
3.3900755118110237
 30
0
 11
0.1340975196850394
 21
3.390173503937008
 31
0
  0
LINE
  5
9A9
330
1A
100
AcDbEntity
  8
BLACK
  6
CONTINUOUS
100
AcDbLine
 10
0.1340975196850394
 20
3.390173503937008
 30
0
 11
0.1340407874015748
 21
3.3907495669291339
 31
0
  0
LINE
  5
9AA
330
1A
100
AcDbEntity
  8
BLACK
  6
CONTINUOUS
100
AcDbLine
 10
0.1340407874015748
 20
3.3907495669291339
 30
0
 11
0.1340407874015748
 21
3.411371968503937
 31
0
  0
LINE
  5
9AB
330
1A
100
AcDbEntity
  8
BLACK
  6
CONTINUOUS
100
AcDbLine
 10
0.1340407874015748
 20
3.411371968503937
 30
0
 11
0.1340975196850394
 21
3.4119480314960628
 31
0
  0
LINE
  5
9AC
330
1A
100
AcDbEntity
  8
BLACK
  6
CONTINUOUS
100
AcDbLine
 10
0.1340975196850394
 20
3.4119480314960628
 30
0
 11
0.1345384251968504
 21
3.4130124409448817
 31
0
  0
LINE
  5
9AD
330
1A
100
AcDbEntity
  8
BLACK
  6
CONTINUOUS
100
AcDbLine
 10
0.1345384251968504
 20
3.4130124409448817
 30
0
 11
0.1353530708661417
 21
3.4138270866141731
 31
0
  0
LINE
  5
9AE
330
1A
100
AcDbEntity
  8
BLACK
  6
CONTINUOUS
100
AcDbLine
 10
0.1353530708661417
 20
3.4138270866141731
 30
0
 11
0.1364174803149606
 21
3.4142679921259842
 31
0
  0
LINE
  5
9AF
330
1A
100
AcDbEntity
  8
BLACK
  6
CONTINUOUS
100
AcDbLine
 10
0.1364174803149606
 20
3.4142679921259842
 30
0
 11
0.1375696062992126
 21
3.4142679921259842
 31
0
  0
LINE
  5
9B0
330
1A
100
AcDbEntity
  8
BLACK
  6
CONTINUOUS
100
AcDbLine
 10
0.1375696062992126
 20
3.4142679921259842
 30
0
 11
0.1386340157480315
 21
3.4138270866141731
 31
0
  0
LINE
  5
9B1
330
1A
100
AcDbEntity
  8
BLACK
  6
CONTINUOUS
100
AcDbLine
 10
0.2050611811023622
 20
3.4142679921259842
 30
0
 11
0.2051591732283465
 21
3.4142274015748031
 31
0
  0
LINE
  5
9B2
330
1A
100
AcDbEntity
  8
BLACK
  6
CONTINUOUS
100
AcDbLine
 10
0.2051591732283465
 20
3.4142274015748031
 30
0
 11
0.205265
 21
3.4142198818897636
 31
0
  0
LINE
  5
9B3
330
1A
100
AcDbEntity
  8
BLACK
  6
CONTINUOUS
100
AcDbLine
 10
0.205265
 20
3.4142198818897636
 30
0
 11
0.2058056299212598
 21
3.4140129921259841
 31
0
  0
LINE
  5
9B4
330
1A
100
AcDbEntity
  8
BLACK
  6
CONTINUOUS
100
AcDbLine
 10
0.2058056299212598
 20
3.4140129921259841
 30
0
 11
0.2095551574803149
 21
3.4121382283464565
 31
0
  0
LINE
  5
9B5
330
1A
100
AcDbEntity
  8
BLACK
  6
CONTINUOUS
100
AcDbLine
 10
0.2095551574803149
 20
3.4121382283464565
 30
0
 11
0.2096514960629921
 21
3.412077598425197
 31
0
  0
LINE
  5
9B6
330
1A
100
AcDbEntity
  8
BLACK
  6
CONTINUOUS
100
AcDbLine
 10
0.2096514960629921
 20
3.412077598425197
 30
0
 11
0.2096969291338583
 21
3.4120624409448816
 31
0
  0
LINE
  5
9B7
330
1A
100
AcDbEntity
  8
BLACK
  6
CONTINUOUS
100
AcDbLine
 10
0.2096969291338583
 20
3.4120624409448816
 30
0
 11
0.2097534645669291
 21
3.4120134251968501
 31
0
  0
LINE
  5
9B8
330
1A
100
AcDbEntity
  8
BLACK
  6
CONTINUOUS
100
AcDbLine
 10
0.2097534645669291
 20
3.4120134251968501
 30
0
 11
0.2100450393700787
 21
3.4118298818897639
 31
0
  0
LINE
  5
9B9
330
1A
100
AcDbEntity
  8
BLACK
  6
CONTINUOUS
100
AcDbLine
 10
0.2100450393700787
 20
3.4118298818897639
 30
0
 11
0.2102875984251968
 21
3.4115501968503934
 31
0
  0
LINE
  5
9BA
330
1A
100
AcDbEntity
  8
BLACK
  6
CONTINUOUS
100
AcDbLine
 10
0.2102875984251968
 20
3.4115501968503934
 30
0
 11
0.2105673228346457
 21
3.4113075984251968
 31
0
  0
LINE
  5
9BB
330
1A
100
AcDbEntity
  8
BLACK
  6
CONTINUOUS
100
AcDbLine
 10
0.2105673228346457
 20
3.4113075984251968
 30
0
 11
0.2107508267716535
 21
3.4110160629921258
 31
0
  0
LINE
  5
9BC
330
1A
100
AcDbEntity
  8
BLACK
  6
CONTINUOUS
100
AcDbLine
 10
0.2107508267716535
 20
3.4110160629921258
 30
0
 11
0.2107998818897638
 21
3.4109594881889764
 31
0
  0
LINE
  5
9BD
330
1A
100
AcDbEntity
  8
BLACK
  6
CONTINUOUS
100
AcDbLine
 10
0.2107998818897638
 20
3.4109594881889764
 30
0
 11
0.210815
 21
3.4109140944881888
 31
0
  0
LINE
  5
9BE
330
1A
100
AcDbEntity
  8
BLACK
  6
CONTINUOUS
100
AcDbLine
 10
0.210815
 20
3.4109140944881888
 30
0
 11
0.2108756692913386
 21
3.410817716535433
 31
0
  0
LINE
  5
9BF
330
1A
100
AcDbEntity
  8
BLACK
  6
CONTINUOUS
100
AcDbLine
 10
0.2108756692913386
 20
3.410817716535433
 30
0
 11
0.2127504330708661
 21
3.4070681889763779
 31
0
  0
LINE
  5
9C0
330
1A
100
AcDbEntity
  8
BLACK
  6
CONTINUOUS
100
AcDbLine
 10
0.2127504330708661
 20
3.4070681889763779
 30
0
 11
0.2129573228346457
 21
3.4065275984251966
 31
0
  0
LINE
  5
9C1
330
1A
100
AcDbEntity
  8
BLACK
  6
CONTINUOUS
100
AcDbLine
 10
0.2129573228346457
 20
3.4065275984251966
 30
0
 11
0.212964842519685
 21
3.4064217322834645
 31
0
  0
LINE
  5
9C2
330
1A
100
AcDbEntity
  8
BLACK
  6
CONTINUOUS
100
AcDbLine
 10
0.212964842519685
 20
3.4064217322834645
 30
0
 11
0.2130054330708661
 21
3.4063237401574802
 31
0
  0
LINE
  5
9C3
330
1A
100
AcDbEntity
  8
BLACK
  6
CONTINUOUS
100
AcDbLine
 10
0.2130054330708661
 20
3.4063237401574802
 30
0
 11
0.2130621653543307
 21
3.4057476771653543
 31
0
  0
LINE
  5
9C4
330
1A
100
AcDbEntity
  8
BLACK
  6
CONTINUOUS
100
AcDbLine
 10
0.2130621653543307
 20
3.4057476771653543
 30
0
 11
0.2130621653543307
 21
3.4019981496062992
 31
0
  0
LINE
  5
9C5
330
1A
100
AcDbEntity
  8
BLACK
  6
CONTINUOUS
100
AcDbLine
 10
0.2130621653543307
 20
3.4019981496062992
 30
0
 11
0.2130054330708661
 21
3.4014220866141733
 31
0
  0
LINE
  5
9C6
330
1A
100
AcDbEntity
  8
BLACK
  6
CONTINUOUS
100
AcDbLine
 10
0.2130054330708661
 20
3.4014220866141733
 30
0
 11
0.2128946456692913
 21
3.4011547244094489
 31
0
  0
LINE
  5
9C7
330
1A
100
AcDbEntity
  8
BLACK
  6
CONTINUOUS
100
AcDbLine
 10
0.2128946456692913
 20
3.4011547244094489
 30
0
 11
0.2128385433070866
 21
3.400871023622047
 31
0
  0
LINE
  5
9C8
330
1A
100
AcDbEntity
  8
BLACK
  6
CONTINUOUS
100
AcDbLine
 10
0.2128385433070866
 20
3.400871023622047
 30
0
 11
0.2126764566929134
 21
3.4006279133858266
 31
0
  0
LINE
  5
9C9
330
1A
100
AcDbEntity
  8
BLACK
  6
CONTINUOUS
100
AcDbLine
 10
0.2126764566929134
 20
3.4006279133858266
 30
0
 11
0.2125645275590551
 21
3.4003576771653541
 31
0
  0
LINE
  5
9CA
330
1A
100
AcDbEntity
  8
BLACK
  6
CONTINUOUS
100
AcDbLine
 10
0.2125645275590551
 20
3.4003576771653541
 30
0
 11
0.2123598818897638
 21
3.4001530314960631
 31
0
  0
LINE
  5
9CB
330
1A
100
AcDbEntity
  8
BLACK
  6
CONTINUOUS
100
AcDbLine
 10
0.2123598818897638
 20
3.4001530314960631
 30
0
 11
0.2121994881889764
 21
3.399912440944882
 31
0
  0
LINE
  5
9CC
330
1A
100
AcDbEntity
  8
BLACK
  6
CONTINUOUS
100
AcDbLine
 10
0.2121994881889764
 20
3.399912440944882
 30
0
 11
0.2119566535433071
 21
3.399749842519685
 31
0
  0
LINE
  5
9CD
330
1A
100
AcDbEntity
  8
BLACK
  6
CONTINUOUS
100
AcDbLine
 10
0.2119566535433071
 20
3.399749842519685
 30
0
 11
0.2117498818897638
 21
3.3995430314960631
 31
0
  0
LINE
  5
9CE
330
1A
100
AcDbEntity
  8
BLACK
  6
CONTINUOUS
100
AcDbLine
 10
0.2117498818897638
 20
3.3995430314960631
 30
0
 11
0.2114825984251968
 21
3.3994323228346457
 31
0
  0
LINE
  5
9CF
330
1A
100
AcDbEntity
  8
BLACK
  6
CONTINUOUS
100
AcDbLine
 10
0.2114825984251968
 20
3.3994323228346457
 30
0
 11
0.2112422440944882
 21
3.3992713385826772
 31
0
  0
LINE
  5
9D0
330
1A
100
AcDbEntity
  8
BLACK
  6
CONTINUOUS
100
AcDbLine
 10
0.2112422440944882
 20
3.3992713385826772
 30
0
 11
0.2106884645669291
 21
3.3991027165354328
 31
0
  0
LINE
  5
9D1
330
1A
100
AcDbEntity
  8
BLACK
  6
CONTINUOUS
100
AcDbLine
 10
0.2106884645669291
 20
3.3991027165354328
 30
0
 11
0.1943145275590551
 21
3.3958279527559054
 31
0
  0
LINE
  5
9D2
330
1A
100
AcDbEntity
  8
BLACK
  6
CONTINUOUS
100
AcDbLine
 10
0.1943145275590551
 20
3.3958279527559054
 30
0
 11
0.1943145275590551
 21
3.3914466141732285
 31
0
  0
LINE
  5
9D3
330
1A
100
AcDbEntity
  8
BLACK
  6
CONTINUOUS
100
AcDbLine
 10
0.1943145275590551
 20
3.3914466141732285
 30
0
 11
0.1954373622047244
 21
3.3892008661417323
 31
0
  0
LINE
  5
9D4
330
1A
100
AcDbEntity
  8
BLACK
  6
CONTINUOUS
100
AcDbLine
 10
0.1954373622047244
 20
3.3892008661417323
 30
0
 11
0.1976831102362205
 21
3.388077992125984
 31
0
  0
LINE
  5
9D5
330
1A
100
AcDbEntity
  8
BLACK
  6
CONTINUOUS
100
AcDbLine
 10
0.1976831102362205
 20
3.388077992125984
 30
0
 11
0.2037880708661417
 21
3.388077992125984
 31
0
  0
LINE
  5
9D6
330
1A
100
AcDbEntity
  8
BLACK
  6
CONTINUOUS
100
AcDbLine
 10
0.2037880708661417
 20
3.388077992125984
 30
0
 11
0.2069141338582677
 21
3.3896410236220471
 31
0
  0
LINE
  5
9D7
330
1A
100
AcDbEntity
  8
BLACK
  6
CONTINUOUS
100
AcDbLine
 10
0.2069141338582677
 20
3.3896410236220471
 30
0
 11
0.2074547244094488
 21
3.3898479133858266
 31
0
  0
LINE
  5
9D8
330
1A
100
AcDbEntity
  8
BLACK
  6
CONTINUOUS
100
AcDbLine
 10
0.2074547244094488
 20
3.3898479133858266
 30
0
 11
0.208603937007874
 21
3.3899295669291338
 31
0
  0
LINE
  5
9D9
330
1A
100
AcDbEntity
  8
BLACK
  6
CONTINUOUS
100
AcDbLine
 10
0.208603937007874
 20
3.3899295669291338
 30
0
 11
0.2096969291338583
 21
3.3895652362204722
 31
0
  0
LINE
  5
9DA
330
1A
100
AcDbEntity
  8
BLACK
  6
CONTINUOUS
100
AcDbLine
 10
0.2096969291338583
 20
3.3895652362204722
 30
0
 11
0.2105672834645669
 21
3.3888103937007874
 31
0
  0
LINE
  5
9DB
330
1A
100
AcDbEntity
  8
BLACK
  6
CONTINUOUS
100
AcDbLine
 10
0.2105672834645669
 20
3.3888103937007874
 30
0
 11
0.2110825590551181
 21
3.3877798818897635
 31
0
  0
LINE
  5
9DC
330
1A
100
AcDbEntity
  8
BLACK
  6
CONTINUOUS
100
AcDbLine
 10
0.2110825590551181
 20
3.3877798818897635
 30
0
 11
0.2111642125984252
 21
3.3866306692913386
 31
0
  0
LINE
  5
9DD
330
1A
100
AcDbEntity
  8
BLACK
  6
CONTINUOUS
100
AcDbLine
 10
0.2111642125984252
 20
3.3866306692913386
 30
0
 11
0.2107998818897638
 21
3.385537716535433
 31
0
  0
LINE
  5
9DE
330
1A
100
AcDbEntity
  8
BLACK
  6
CONTINUOUS
100
AcDbLine
 10
0.2107998818897638
 20
3.385537716535433
 30
0
 11
0.2100450393700787
 21
3.3846673228346456
 31
0
  0
LINE
  5
9DF
330
1A
100
AcDbEntity
  8
BLACK
  6
CONTINUOUS
100
AcDbLine
 10
0.2100450393700787
 20
3.3846673228346456
 30
0
 11
0.2095551574803149
 21
3.3843589763779525
 31
0
  0
LINE
  5
9E0
330
1A
100
AcDbEntity
  8
BLACK
  6
CONTINUOUS
100
AcDbLine
 10
0.2095551574803149
 20
3.3843589763779525
 30
0
 11
0.2058056299212598
 21
3.3824842125984249
 31
0
  0
LINE
  5
9E1
330
1A
100
AcDbEntity
  8
BLACK
  6
CONTINUOUS
100
AcDbLine
 10
0.2058056299212598
 20
3.3824842125984249
 30
0
 11
0.205265
 21
3.3822773228346454
 31
0
  0
LINE
  5
9E2
330
1A
100
AcDbEntity
  8
BLACK
  6
CONTINUOUS
100
AcDbLine
 10
0.205265
 20
3.3822773228346454
 30
0
 11
0.2051591732283465
 21
3.3822698425196851
 31
0
  0
LINE
  5
9E3
330
1A
100
AcDbEntity
  8
BLACK
  6
CONTINUOUS
100
AcDbLine
 10
0.2051591732283465
 20
3.3822698425196851
 30
0
 11
0.2050611811023622
 21
3.3822292125984252
 31
0
  0
LINE
  5
9E4
330
1A
100
AcDbEntity
  8
BLACK
  6
CONTINUOUS
100
AcDbLine
 10
0.2050611811023622
 20
3.3822292125984252
 30
0
 11
0.2044851181102362
 21
3.3821724803149604
 31
0
  0
LINE
  5
9E5
330
1A
100
AcDbEntity
  8
BLACK
  6
CONTINUOUS
100
AcDbLine
 10
0.2044851181102362
 20
3.3821724803149604
 30
0
 11
0.196986062992126
 21
3.3821724803149604
 31
0
  0
LINE
  5
9E6
330
1A
100
AcDbEntity
  8
BLACK
  6
CONTINUOUS
100
AcDbLine
 10
0.196986062992126
 20
3.3821724803149604
 30
0
 11
0.19641
 21
3.3822292125984252
 31
0
  0
LINE
  5
9E7
330
1A
100
AcDbEntity
  8
BLACK
  6
CONTINUOUS
100
AcDbLine
 10
0.19641
 20
3.3822292125984252
 30
0
 11
0.1963120078740157
 21
3.3822698031496063
 31
0
  0
LINE
  5
9E8
330
1A
100
AcDbEntity
  8
BLACK
  6
CONTINUOUS
100
AcDbLine
 10
0.1963120078740157
 20
3.3822698031496063
 30
0
 11
0.1962061417322835
 21
3.3822773228346454
 31
0
  0
LINE
  5
9E9
330
1A
100
AcDbEntity
  8
BLACK
  6
CONTINUOUS
100
AcDbLine
 10
0.1962061417322835
 20
3.3822773228346454
 30
0
 11
0.1956655511811023
 21
3.3824842125984249
 31
0
  0
LINE
  5
9EA
330
1A
100
AcDbEntity
  8
BLACK
  6
CONTINUOUS
100
AcDbLine
 10
0.1956655511811023
 20
3.3824842125984249
 30
0
 11
0.1919160236220472
 21
3.3843589763779525
 31
0
  0
LINE
  5
9EB
330
1A
100
AcDbEntity
  8
BLACK
  6
CONTINUOUS
100
AcDbLine
 10
0.1919160236220472
 20
3.3843589763779525
 30
0
 11
0.1918196456692913
 21
3.3844196456692912
 31
0
  0
LINE
  5
9EC
330
1A
100
AcDbEntity
  8
BLACK
  6
CONTINUOUS
100
AcDbLine
 10
0.1918196456692913
 20
3.3844196456692912
 30
0
 11
0.1917742519685039
 21
3.3844347637795273
 31
0
  0
LINE
  5
9ED
330
1A
100
AcDbEntity
  8
BLACK
  6
CONTINUOUS
100
AcDbLine
 10
0.1917742519685039
 20
3.3844347637795273
 30
0
 11
0.1917176771653543
 21
3.3844838188976376
 31
0
  0
LINE
  5
9EE
330
1A
100
AcDbEntity
  8
BLACK
  6
CONTINUOUS
100
AcDbLine
 10
0.1917176771653543
 20
3.3844838188976376
 30
0
 11
0.1914261417322835
 21
3.3846673228346456
 31
0
  0
LINE
  5
9EF
330
1A
100
AcDbEntity
  8
BLACK
  6
CONTINUOUS
100
AcDbLine
 10
0.1914261417322835
 20
3.3846673228346456
 30
0
 11
0.1911834645669291
 21
3.3849471653543306
 31
0
  0
LINE
  5
9F0
330
1A
100
AcDbEntity
  8
BLACK
  6
CONTINUOUS
100
AcDbLine
 10
0.1911834645669291
 20
3.3849471653543306
 30
0
 11
0.1909038582677165
 21
3.3851896456692914
 31
0
  0
LINE
  5
9F1
330
1A
100
AcDbEntity
  8
BLACK
  6
CONTINUOUS
100
AcDbLine
 10
0.1909038582677165
 20
3.3851896456692914
 30
0
 11
0.1907203543307087
 21
3.3854811417322832
 31
0
  0
LINE
  5
9F2
330
1A
100
AcDbEntity
  8
BLACK
  6
CONTINUOUS
100
AcDbLine
 10
0.1907203543307087
 20
3.3854811417322832
 30
0
 11
0.1906712992125984
 21
3.385537716535433
 31
0
  0
LINE
  5
9F3
330
1A
100
AcDbEntity
  8
BLACK
  6
CONTINUOUS
100
AcDbLine
 10
0.1906712992125984
 20
3.385537716535433
 30
0
 11
0.1906561417322835
 21
3.3855831889763777
 31
0
  0
LINE
  5
9F4
330
1A
100
AcDbEntity
  8
BLACK
  6
CONTINUOUS
100
AcDbLine
 10
0.1906561417322835
 20
3.3855831889763777
 30
0
 11
0.1905955118110236
 21
3.3856794881889765
 31
0
  0
LINE
  5
9F5
330
1A
100
AcDbEntity
  8
BLACK
  6
CONTINUOUS
100
AcDbLine
 10
0.1905955118110236
 20
3.3856794881889765
 30
0
 11
0.188720748031496
 21
3.3894290551181103
 31
0
  0
LINE
  5
9F6
330
1A
100
AcDbEntity
  8
BLACK
  6
CONTINUOUS
100
AcDbLine
 10
0.188720748031496
 20
3.3894290551181103
 30
0
 11
0.1885138582677165
 21
3.3899696850393699
 31
0
  0
LINE
  5
9F7
330
1A
100
AcDbEntity
  8
BLACK
  6
CONTINUOUS
100
AcDbLine
 10
0.1885138582677165
 20
3.3899696850393699
 30
0
 11
0.1885063385826772
 21
3.3900755118110237
 31
0
  0
LINE
  5
9F8
330
1A
100
AcDbEntity
  8
BLACK
  6
CONTINUOUS
100
AcDbLine
 10
0.1885063385826772
 20
3.3900755118110237
 30
0
 11
0.1884657480314961
 21
3.390173503937008
 31
0
  0
LINE
  5
9F9
330
1A
100
AcDbEntity
  8
BLACK
  6
CONTINUOUS
100
AcDbLine
 10
0.1884657480314961
 20
3.390173503937008
 30
0
 11
0.1884090157480315
 21
3.3907495669291339
 31
0
  0
LINE
  5
9FA
330
1A
100
AcDbEntity
  8
BLACK
  6
CONTINUOUS
100
AcDbLine
 10
0.1884090157480315
 20
3.3907495669291339
 30
0
 11
0.1884090157480315
 21
3.4057476771653543
 31
0
  0
LINE
  5
9FB
330
1A
100
AcDbEntity
  8
BLACK
  6
CONTINUOUS
100
AcDbLine
 10
0.1884090157480315
 20
3.4057476771653543
 30
0
 11
0.1884657480314961
 21
3.4063237401574802
 31
0
  0
LINE
  5
9FC
330
1A
100
AcDbEntity
  8
BLACK
  6
CONTINUOUS
100
AcDbLine
 10
0.1884657480314961
 20
3.4063237401574802
 30
0
 11
0.1885063385826772
 21
3.4064217716535432
 31
0
  0
LINE
  5
9FD
330
1A
100
AcDbEntity
  8
BLACK
  6
CONTINUOUS
100
AcDbLine
 10
0.1885063385826772
 20
3.4064217716535432
 30
0
 11
0.1885138582677165
 21
3.4065275590551178
 31
0
  0
LINE
  5
9FE
330
1A
100
AcDbEntity
  8
BLACK
  6
CONTINUOUS
100
AcDbLine
 10
0.1885138582677165
 20
3.4065275590551178
 30
0
 11
0.188720748031496
 21
3.4070681889763779
 31
0
  0
LINE
  5
9FF
330
1A
100
AcDbEntity
  8
BLACK
  6
CONTINUOUS
100
AcDbLine
 10
0.188720748031496
 20
3.4070681889763779
 30
0
 11
0.1905955118110236
 21
3.410817716535433
 31
0
  0
LINE
  5
A00
330
1A
100
AcDbEntity
  8
BLACK
  6
CONTINUOUS
100
AcDbLine
 10
0.1905955118110236
 20
3.410817716535433
 30
0
 11
0.1906561417322835
 21
3.4109140944881888
 31
0
  0
LINE
  5
A01
330
1A
100
AcDbEntity
  8
BLACK
  6
CONTINUOUS
100
AcDbLine
 10
0.1906561417322835
 20
3.4109140944881888
 30
0
 11
0.1906712992125984
 21
3.4109594881889764
 31
0
  0
LINE
  5
A02
330
1A
100
AcDbEntity
  8
BLACK
  6
CONTINUOUS
100
AcDbLine
 10
0.1906712992125984
 20
3.4109594881889764
 30
0
 11
0.1907203149606299
 21
3.4110160629921258
 31
0
  0
LINE
  5
A03
330
1A
100
AcDbEntity
  8
BLACK
  6
CONTINUOUS
100
AcDbLine
 10
0.1907203149606299
 20
3.4110160629921258
 30
0
 11
0.1909038582677165
 21
3.4113075984251968
 31
0
  0
LINE
  5
A04
330
1A
100
AcDbEntity
  8
BLACK
  6
CONTINUOUS
100
AcDbLine
 10
0.1909038582677165
 20
3.4113075984251968
 30
0
 11
0.1911835433070866
 21
3.4115501968503934
 31
0
  0
LINE
  5
A05
330
1A
100
AcDbEntity
  8
BLACK
  6
CONTINUOUS
100
AcDbLine
 10
0.1911835433070866
 20
3.4115501968503934
 30
0
 11
0.1914261417322835
 21
3.4118298818897639
 31
0
  0
LINE
  5
A06
330
1A
100
AcDbEntity
  8
BLACK
  6
CONTINUOUS
100
AcDbLine
 10
0.1914261417322835
 20
3.4118298818897639
 30
0
 11
0.1917176771653543
 21
3.4120134251968501
 31
0
  0
LINE
  5
A07
330
1A
100
AcDbEntity
  8
BLACK
  6
CONTINUOUS
100
AcDbLine
 10
0.1917176771653543
 20
3.4120134251968501
 30
0
 11
0.1917742519685039
 21
3.4120624409448816
 31
0
  0
LINE
  5
A08
330
1A
100
AcDbEntity
  8
BLACK
  6
CONTINUOUS
100
AcDbLine
 10
0.1917742519685039
 20
3.4120624409448816
 30
0
 11
0.1918196456692913
 21
3.412077598425197
 31
0
  0
LINE
  5
A09
330
1A
100
AcDbEntity
  8
BLACK
  6
CONTINUOUS
100
AcDbLine
 10
0.1918196456692913
 20
3.412077598425197
 30
0
 11
0.1919160236220472
 21
3.4121382283464565
 31
0
  0
LINE
  5
A0A
330
1A
100
AcDbEntity
  8
BLACK
  6
CONTINUOUS
100
AcDbLine
 10
0.1919160236220472
 20
3.4121382283464565
 30
0
 11
0.1956655511811023
 21
3.4140129921259841
 31
0
  0
LINE
  5
A0B
330
1A
100
AcDbEntity
  8
BLACK
  6
CONTINUOUS
100
AcDbLine
 10
0.1956655511811023
 20
3.4140129921259841
 30
0
 11
0.1962061417322835
 21
3.4142198818897636
 31
0
  0
LINE
  5
A0C
330
1A
100
AcDbEntity
  8
BLACK
  6
CONTINUOUS
100
AcDbLine
 10
0.1962061417322835
 20
3.4142198818897636
 30
0
 11
0.1963120078740157
 21
3.4142274409448818
 31
0
  0
LINE
  5
A0D
330
1A
100
AcDbEntity
  8
BLACK
  6
CONTINUOUS
100
AcDbLine
 10
0.1963120078740157
 20
3.4142274409448818
 30
0
 11
0.19641
 21
3.4142679921259842
 31
0
  0
LINE
  5
A0E
330
1A
100
AcDbEntity
  8
BLACK
  6
CONTINUOUS
100
AcDbLine
 10
0.19641
 20
3.4142679921259842
 30
0
 11
0.196986062992126
 21
3.4143247244094486
 31
0
  0
LINE
  5
A0F
330
1A
100
AcDbEntity
  8
BLACK
  6
CONTINUOUS
100
AcDbLine
 10
0.196986062992126
 20
3.4143247244094486
 30
0
 11
0.2044851181102362
 21
3.4143247244094486
 31
0
  0
LINE
  5
A10
330
1A
100
AcDbEntity
  8
BLACK
  6
CONTINUOUS
100
AcDbLine
 10
0.2044851181102362
 20
3.4143247244094486
 30
0
 11
0.2050611811023622
 21
3.4142679921259842
 31
0
  0
LINE
  5
A11
330
1A
100
AcDbEntity
  8
BLACK
  6
CONTINUOUS
100
AcDbLine
 10
0.1954373622047244
 20
3.4072963779527559
 30
0
 11
0.1943145275590551
 21
3.4050506299212597
 31
0
  0
LINE
  5
A12
330
1A
100
AcDbEntity
  8
BLACK
  6
CONTINUOUS
100
AcDbLine
 10
0.1943145275590551
 20
3.4050506299212597
 30
0
 11
0.1943145275590551
 21
3.4018504330708659
 31
0
  0
LINE
  5
A13
330
1A
100
AcDbEntity
  8
BLACK
  6
CONTINUOUS
100
AcDbLine
 10
0.1943145275590551
 20
3.4018504330708659
 30
0
 11
0.2071566535433071
 21
3.4044188188976379
 31
0
  0
LINE
  5
A14
330
1A
100
AcDbEntity
  8
BLACK
  6
CONTINUOUS
100
AcDbLine
 10
0.2071566535433071
 20
3.4044188188976379
 30
0
 11
0.2071566535433071
 21
3.4050506299212597
 31
0
  0
LINE
  5
A15
330
1A
100
AcDbEntity
  8
BLACK
  6
CONTINUOUS
100
AcDbLine
 10
0.2071566535433071
 20
3.4050506299212597
 30
0
 11
0.2060337795275591
 21
3.4072963779527559
 31
0
  0
LINE
  5
A16
330
1A
100
AcDbEntity
  8
BLACK
  6
CONTINUOUS
100
AcDbLine
 10
0.2060337795275591
 20
3.4072963779527559
 30
0
 11
0.2037880708661417
 21
3.408419212598425
 31
0
  0
LINE
  5
A17
330
1A
100
AcDbEntity
  8
BLACK
  6
CONTINUOUS
100
AcDbLine
 10
0.2037880708661417
 20
3.408419212598425
 30
0
 11
0.1976831102362205
 21
3.408419212598425
 31
0
  0
LINE
  5
A18
330
1A
100
AcDbEntity
  8
BLACK
  6
CONTINUOUS
100
AcDbLine
 10
0.1976831102362205
 20
3.408419212598425
 30
0
 11
0.1954373622047244
 21
3.4072963779527559
 31
0
  0
LINE
  5
A19
330
1A
100
AcDbEntity
  8
BLACK
  6
CONTINUOUS
100
AcDbLine
 10
0.2754919291338583
 20
3.426950433070866
 30
0
 11
0.2763065748031496
 21
3.4261357874015745
 31
0
  0
LINE
  5
A1A
330
1A
100
AcDbEntity
  8
BLACK
  6
CONTINUOUS
100
AcDbLine
 10
0.2763065748031496
 20
3.4261357874015745
 30
0
 11
0.2767474803149606
 21
3.4250713779527557
 31
0
  0
LINE
  5
A1B
330
1A
100
AcDbEntity
  8
BLACK
  6
CONTINUOUS
100
AcDbLine
 10
0.2767474803149606
 20
3.4250713779527557
 30
0
 11
0.2768042125984252
 21
3.4244953149606299
 31
0
  0
LINE
  5
A1C
330
1A
100
AcDbEntity
  8
BLACK
  6
CONTINUOUS
100
AcDbLine
 10
0.2768042125984252
 20
3.4244953149606299
 30
0
 11
0.2768042125984252
 21
3.3851252362204725
 31
0
  0
LINE
  5
A1D
330
1A
100
AcDbEntity
  8
BLACK
  6
CONTINUOUS
100
AcDbLine
 10
0.2768042125984252
 20
3.3851252362204725
 30
0
 11
0.2767474803149606
 21
3.3845491732283466
 31
0
  0
LINE
  5
A1E
330
1A
100
AcDbEntity
  8
BLACK
  6
CONTINUOUS
100
AcDbLine
 10
0.2767474803149606
 20
3.3845491732283466
 30
0
 11
0.2763065748031496
 21
3.3834847637795273
 31
0
  0
LINE
  5
A1F
330
1A
100
AcDbEntity
  8
BLACK
  6
CONTINUOUS
100
AcDbLine
 10
0.2763065748031496
 20
3.3834847637795273
 30
0
 11
0.2754919291338583
 21
3.3826701181102363
 31
0
  0
LINE
  5
A20
330
1A
100
AcDbEntity
  8
BLACK
  6
CONTINUOUS
100
AcDbLine
 10
0.2754919291338583
 20
3.3826701181102363
 30
0
 11
0.2744275196850394
 21
3.3822292125984252
 31
0
  0
LINE
  5
A21
330
1A
100
AcDbEntity
  8
BLACK
  6
CONTINUOUS
100
AcDbLine
 10
0.2744275196850394
 20
3.3822292125984252
 30
0
 11
0.2732753937007874
 21
3.3822292125984252
 31
0
  0
LINE
  5
A22
330
1A
100
AcDbEntity
  8
BLACK
  6
CONTINUOUS
100
AcDbLine
 10
0.2732753937007874
 20
3.3822292125984252
 30
0
 11
0.2722109842519685
 21
3.3826701181102363
 31
0
  0
LINE
  5
A23
330
1A
100
AcDbEntity
  8
BLACK
  6
CONTINUOUS
100
AcDbLine
 10
0.2722109842519685
 20
3.3826701181102363
 30
0
 11
0.2720720472440945
 21
3.38280905511811
 31
0
  0
LINE
  5
A24
330
1A
100
AcDbEntity
  8
BLACK
  6
CONTINUOUS
100
AcDbLine
 10
0.2720720472440945
 20
3.38280905511811
 30
0
 11
0.2714224409448819
 21
3.3824842125984249
 31
0
  0
LINE
  5
A25
330
1A
100
AcDbEntity
  8
BLACK
  6
CONTINUOUS
100
AcDbLine
 10
0.2714224409448819
 20
3.3824842125984249
 30
0
 11
0.270881811023622
 21
3.3822773228346454
 31
0
  0
LINE
  5
A26
330
1A
100
AcDbEntity
  8
BLACK
  6
CONTINUOUS
100
AcDbLine
 10
0.270881811023622
 20
3.3822773228346454
 30
0
 11
0.2707759842519685
 21
3.3822698425196851
 31
0
  0
LINE
  5
A27
330
1A
100
AcDbEntity
  8
BLACK
  6
CONTINUOUS
100
AcDbLine
 10
0.2707759842519685
 20
3.3822698425196851
 30
0
 11
0.2706779921259843
 21
3.3822292125984252
 31
0
  0
LINE
  5
A28
330
1A
100
AcDbEntity
  8
BLACK
  6
CONTINUOUS
100
AcDbLine
 10
0.2706779921259843
 20
3.3822292125984252
 30
0
 11
0.2701019291338583
 21
3.3821724803149604
 31
0
  0
LINE
  5
A29
330
1A
100
AcDbEntity
  8
BLACK
  6
CONTINUOUS
100
AcDbLine
 10
0.2701019291338583
 20
3.3821724803149604
 30
0
 11
0.262602874015748
 21
3.3821724803149604
 31
0
  0
LINE
  5
A2A
330
1A
100
AcDbEntity
  8
BLACK
  6
CONTINUOUS
100
AcDbLine
 10
0.262602874015748
 20
3.3821724803149604
 30
0
 11
0.262026811023622
 21
3.3822292125984252
 31
0
  0
LINE
  5
A2B
330
1A
100
AcDbEntity
  8
BLACK
  6
CONTINUOUS
100
AcDbLine
 10
0.262026811023622
 20
3.3822292125984252
 30
0
 11
0.2619288188976378
 21
3.3822698031496063
 31
0
  0
LINE
  5
A2C
330
1A
100
AcDbEntity
  8
BLACK
  6
CONTINUOUS
100
AcDbLine
 10
0.2619288188976378
 20
3.3822698031496063
 30
0
 11
0.2618229527559055
 21
3.3822773228346454
 31
0
  0
LINE
  5
A2D
330
1A
100
AcDbEntity
  8
BLACK
  6
CONTINUOUS
100
AcDbLine
 10
0.2618229527559055
 20
3.3822773228346454
 30
0
 11
0.2612823622047244
 21
3.3824842125984249
 31
0
  0
LINE
  5
A2E
330
1A
100
AcDbEntity
  8
BLACK
  6
CONTINUOUS
100
AcDbLine
 10
0.2612823622047244
 20
3.3824842125984249
 30
0
 11
0.2575328346456693
 21
3.3843589763779525
 31
0
  0
LINE
  5
A2F
330
1A
100
AcDbEntity
  8
BLACK
  6
CONTINUOUS
100
AcDbLine
 10
0.2575328346456693
 20
3.3843589763779525
 30
0
 11
0.2572848031496063
 21
3.3845150787401574
 31
0
  0
LINE
  5
A30
330
1A
100
AcDbEntity
  8
BLACK
  6
CONTINUOUS
100
AcDbLine
 10
0.2572848031496063
 20
3.3845150787401574
 30
0
 11
0.257212874015748
 21
3.3845448818897639
 31
0
  0
LINE
  5
A31
330
1A
100
AcDbEntity
  8
BLACK
  6
CONTINUOUS
100
AcDbLine
 10
0.257212874015748
 20
3.3845448818897639
 30
0
 11
0.2571318897637795
 21
3.384611338582677
 31
0
  0
LINE
  5
A32
330
1A
100
AcDbEntity
  8
BLACK
  6
CONTINUOUS
100
AcDbLine
 10
0.2571318897637795
 20
3.384611338582677
 30
0
 11
0.2570429527559055
 21
3.3846673228346456
 31
0
  0
LINE
  5
A33
330
1A
100
AcDbEntity
  8
BLACK
  6
CONTINUOUS
100
AcDbLine
 10
0.2570429527559055
 20
3.3846673228346456
 30
0
 11
0.2569917322834646
 21
3.3847263779527559
 31
0
  0
LINE
  5
A34
330
1A
100
AcDbEntity
  8
BLACK
  6
CONTINUOUS
100
AcDbLine
 10
0.2569917322834646
 20
3.3847263779527559
 30
0
 11
0.2567653937007874
 21
3.3849121259842518
 31
0
  0
LINE
  5
A35
330
1A
100
AcDbEntity
  8
BLACK
  6
CONTINUOUS
100
AcDbLine
 10
0.2567653937007874
 20
3.3849121259842518
 30
0
 11
0.2548906299212598
 21
3.3867869291338581
 31
0
  0
LINE
  5
A36
330
1A
100
AcDbEntity
  8
BLACK
  6
CONTINUOUS
100
AcDbLine
 10
0.2548906299212598
 20
3.3867869291338581
 30
0
 11
0.2547048818897638
 21
3.3870132677165352
 31
0
  0
LINE
  5
A37
330
1A
100
AcDbEntity
  8
BLACK
  6
CONTINUOUS
100
AcDbLine
 10
0.2547048818897638
 20
3.3870132677165352
 30
0
 11
0.254645905511811
 21
3.3870644094488189
 31
0
  0
LINE
  5
A38
330
1A
100
AcDbEntity
  8
BLACK
  6
CONTINUOUS
100
AcDbLine
 10
0.254645905511811
 20
3.3870644094488189
 30
0
 11
0.2545899212598425
 21
3.3871533464566927
 31
0
  0
LINE
  5
A39
330
1A
100
AcDbEntity
  8
BLACK
  6
CONTINUOUS
100
AcDbLine
 10
0.2545899212598425
 20
3.3871533464566927
 30
0
 11
0.2545234251968504
 21
3.38723437007874
 31
0
  0
LINE
  5
A3A
330
1A
100
AcDbEntity
  8
BLACK
  6
CONTINUOUS
100
AcDbLine
 10
0.2545234251968504
 20
3.38723437007874
 30
0
 11
0.2544935826771654
 21
3.3873064173228347
 31
0
  0
LINE
  5
A3B
330
1A
100
AcDbEntity
  8
BLACK
  6
CONTINUOUS
100
AcDbLine
 10
0.2544935826771654
 20
3.3873064173228347
 30
0
 11
0.2543375590551181
 21
3.3875542913385828
 31
0
  0
LINE
  5
A3C
330
1A
100
AcDbEntity
  8
BLACK
  6
CONTINUOUS
100
AcDbLine
 10
0.2543375590551181
 20
3.3875542913385828
 30
0
 11
0.2524627952755906
 21
3.3913038188976379
 31
0
  0
LINE
  5
A3D
330
1A
100
AcDbEntity
  8
BLACK
  6
CONTINUOUS
100
AcDbLine
 10
0.2524627952755906
 20
3.3913038188976379
 30
0
 11
0.252255905511811
 21
3.3918444488188975
 31
0
  0
LINE
  5
A3E
330
1A
100
AcDbEntity
  8
BLACK
  6
CONTINUOUS
100
AcDbLine
 10
0.252255905511811
 20
3.3918444488188975
 30
0
 11
0.2522483858267717
 21
3.3919502755905513
 31
0
  0
LINE
  5
A3F
330
1A
100
AcDbEntity
  8
BLACK
  6
CONTINUOUS
100
AcDbLine
 10
0.2522483858267717
 20
3.3919502755905513
 30
0
 11
0.2522077952755906
 21
3.3920482677165356
 31
0
  0
LINE
  5
A40
330
1A
100
AcDbEntity
  8
BLACK
  6
CONTINUOUS
100
AcDbLine
 10
0.2522077952755906
 20
3.3920482677165356
 30
0
 11
0.252151062992126
 21
3.3926243307086614
 31
0
  0
LINE
  5
A41
330
1A
100
AcDbEntity
  8
BLACK
  6
CONTINUOUS
100
AcDbLine
 10
0.252151062992126
 20
3.3926243307086614
 30
0
 11
0.252151062992126
 21
3.4038729133858268
 31
0
  0
LINE
  5
A42
330
1A
100
AcDbEntity
  8
BLACK
  6
CONTINUOUS
100
AcDbLine
 10
0.252151062992126
 20
3.4038729133858268
 30
0
 11
0.2522077952755906
 21
3.4044489763779526
 31
0
  0
LINE
  5
A43
330
1A
100
AcDbEntity
  8
BLACK
  6
CONTINUOUS
100
AcDbLine
 10
0.2522077952755906
 20
3.4044489763779526
 30
0
 11
0.2522483858267717
 21
3.4045470078740157
 31
0
  0
LINE
  5
A44
330
1A
100
AcDbEntity
  8
BLACK
  6
CONTINUOUS
100
AcDbLine
 10
0.2522483858267717
 20
3.4045470078740157
 30
0
 11
0.252255905511811
 21
3.4046527952755903
 31
0
  0
LINE
  5
A45
330
1A
100
AcDbEntity
  8
BLACK
  6
CONTINUOUS
100
AcDbLine
 10
0.252255905511811
 20
3.4046527952755903
 30
0
 11
0.2524627952755906
 21
3.4051934251968503
 31
0
  0
LINE
  5
A46
330
1A
100
AcDbEntity
  8
BLACK
  6
CONTINUOUS
100
AcDbLine
 10
0.2524627952755906
 20
3.4051934251968503
 30
0
 11
0.2543375590551181
 21
3.4089429527559054
 31
0
  0
LINE
  5
A47
330
1A
100
AcDbEntity
  8
BLACK
  6
CONTINUOUS
100
AcDbLine
 10
0.2543375590551181
 20
3.4089429527559054
 30
0
 11
0.2544936220472441
 21
3.4091909842519685
 31
0
  0
LINE
  5
A48
330
1A
100
AcDbEntity
  8
BLACK
  6
CONTINUOUS
100
AcDbLine
 10
0.2544936220472441
 20
3.4091909842519685
 30
0
 11
0.2545234645669291
 21
3.4092629133858265
 31
0
  0
LINE
  5
A49
330
1A
100
AcDbEntity
  8
BLACK
  6
CONTINUOUS
100
AcDbLine
 10
0.2545234645669291
 20
3.4092629133858265
 30
0
 11
0.2545899212598425
 21
3.409343897637795
 31
0
  0
LINE
  5
A4A
330
1A
100
AcDbEntity
  8
BLACK
  6
CONTINUOUS
100
AcDbLine
 10
0.2545899212598425
 20
3.409343897637795
 30
0
 11
0.254645905511811
 21
3.4094328346456693
 31
0
  0
LINE
  5
A4B
330
1A
100
AcDbEntity
  8
BLACK
  6
CONTINUOUS
100
AcDbLine
 10
0.254645905511811
 20
3.4094328346456693
 30
0
 11
0.2547048818897638
 21
3.4094840157480313
 31
0
  0
LINE
  5
A4C
330
1A
100
AcDbEntity
  8
BLACK
  6
CONTINUOUS
100
AcDbLine
 10
0.2547048818897638
 20
3.4094840157480313
 30
0
 11
0.2548906692913386
 21
3.4097103543307088
 31
0
  0
LINE
  5
A4D
330
1A
100
AcDbEntity
  8
BLACK
  6
CONTINUOUS
100
AcDbLine
 10
0.2548906692913386
 20
3.4097103543307088
 30
0
 11
0.2567654330708661
 21
3.4115851181102363
 31
0
  0
LINE
  5
A4E
330
1A
100
AcDbEntity
  8
BLACK
  6
CONTINUOUS
100
AcDbLine
 10
0.2567654330708661
 20
3.4115851181102363
 30
0
 11
0.2569917716535433
 21
3.4117709055118111
 31
0
  0
LINE
  5
A4F
330
1A
100
AcDbEntity
  8
BLACK
  6
CONTINUOUS
100
AcDbLine
 10
0.2569917716535433
 20
3.4117709055118111
 30
0
 11
0.2570429527559055
 21
3.4118298818897639
 31
0
  0
LINE
  5
A50
330
1A
100
AcDbEntity
  8
BLACK
  6
CONTINUOUS
100
AcDbLine
 10
0.2570429527559055
 20
3.4118298818897639
 30
0
 11
0.2571318897637795
 21
3.4118858661417324
 31
0
  0
LINE
  5
A51
330
1A
100
AcDbEntity
  8
BLACK
  6
CONTINUOUS
100
AcDbLine
 10
0.2571318897637795
 20
3.4118858661417324
 30
0
 11
0.257212874015748
 21
3.4119523228346456
 31
0
  0
LINE
  5
A52
330
1A
100
AcDbEntity
  8
BLACK
  6
CONTINUOUS
100
AcDbLine
 10
0.257212874015748
 20
3.4119523228346456
 30
0
 11
0.2572848031496063
 21
3.4119821653543307
 31
0
  0
LINE
  5
A53
330
1A
100
AcDbEntity
  8
BLACK
  6
CONTINUOUS
100
AcDbLine
 10
0.2572848031496063
 20
3.4119821653543307
 30
0
 11
0.2575328346456693
 21
3.4121382283464565
 31
0
  0
LINE
  5
A54
330
1A
100
AcDbEntity
  8
BLACK
  6
CONTINUOUS
100
AcDbLine
 10
0.2575328346456693
 20
3.4121382283464565
 30
0
 11
0.2612823622047244
 21
3.4140129921259841
 31
0
  0
LINE
  5
A55
330
1A
100
AcDbEntity
  8
BLACK
  6
CONTINUOUS
100
AcDbLine
 10
0.2612823622047244
 20
3.4140129921259841
 30
0
 11
0.2618229527559055
 21
3.4142198818897636
 31
0
  0
LINE
  5
A56
330
1A
100
AcDbEntity
  8
BLACK
  6
CONTINUOUS
100
AcDbLine
 10
0.2618229527559055
 20
3.4142198818897636
 30
0
 11
0.2619288188976378
 21
3.4142274409448818
 31
0
  0
LINE
  5
A57
330
1A
100
AcDbEntity
  8
BLACK
  6
CONTINUOUS
100
AcDbLine
 10
0.2619288188976378
 20
3.4142274409448818
 30
0
 11
0.262026811023622
 21
3.4142679921259842
 31
0
  0
LINE
  5
A58
330
1A
100
AcDbEntity
  8
BLACK
  6
CONTINUOUS
100
AcDbLine
 10
0.262026811023622
 20
3.4142679921259842
 30
0
 11
0.262602874015748
 21
3.4143247244094486
 31
0
  0
LINE
  5
A59
330
1A
100
AcDbEntity
  8
BLACK
  6
CONTINUOUS
100
AcDbLine
 10
0.262602874015748
 20
3.4143247244094486
 30
0
 11
0.2701019291338583
 21
3.4143247244094486
 31
0
  0
LINE
  5
A5A
330
1A
100
AcDbEntity
  8
BLACK
  6
CONTINUOUS
100
AcDbLine
 10
0.2701019291338583
 20
3.4143247244094486
 30
0
 11
0.2706779921259843
 21
3.4142679921259842
 31
0
  0
LINE
  5
A5B
330
1A
100
AcDbEntity
  8
BLACK
  6
CONTINUOUS
100
AcDbLine
 10
0.2706779921259843
 20
3.4142679921259842
 30
0
 11
0.2707759842519685
 21
3.4142274015748031
 31
0
  0
LINE
  5
A5C
330
1A
100
AcDbEntity
  8
BLACK
  6
CONTINUOUS
100
AcDbLine
 10
0.2707759842519685
 20
3.4142274015748031
 30
0
 11
0.270881811023622
 21
3.4142198818897636
 31
0
  0
LINE
  5
A5D
330
1A
100
AcDbEntity
  8
BLACK
  6
CONTINUOUS
100
AcDbLine
 10
0.270881811023622
 20
3.4142198818897636
 30
0
 11
0.2708987007874016
 21
3.4142134251968503
 31
0
  0
LINE
  5
A5E
330
1A
100
AcDbEntity
  8
BLACK
  6
CONTINUOUS
100
AcDbLine
 10
0.2708987007874016
 20
3.4142134251968503
 30
0
 11
0.2708987007874016
 21
3.4244953149606299
 31
0
  0
LINE
  5
A5F
330
1A
100
AcDbEntity
  8
BLACK
  6
CONTINUOUS
100
AcDbLine
 10
0.2708987007874016
 20
3.4244953149606299
 30
0
 11
0.2709554330708661
 21
3.4250713779527557
 31
0
  0
LINE
  5
A60
330
1A
100
AcDbEntity
  8
BLACK
  6
CONTINUOUS
100
AcDbLine
 10
0.2709554330708661
 20
3.4250713779527557
 30
0
 11
0.2713963385826771
 21
3.4261357874015745
 31
0
  0
LINE
  5
A61
330
1A
100
AcDbEntity
  8
BLACK
  6
CONTINUOUS
100
AcDbLine
 10
0.2713963385826771
 20
3.4261357874015745
 30
0
 11
0.2722109842519685
 21
3.426950433070866
 31
0
  0
LINE
  5
A62
330
1A
100
AcDbEntity
  8
BLACK
  6
CONTINUOUS
100
AcDbLine
 10
0.2722109842519685
 20
3.426950433070866
 30
0
 11
0.2732753937007874
 21
3.4273913385826771
 31
0
  0
LINE
  5
A63
330
1A
100
AcDbEntity
  8
BLACK
  6
CONTINUOUS
100
AcDbLine
 10
0.2732753937007874
 20
3.4273913385826771
 30
0
 11
0.2744275196850394
 21
3.4273913385826771
 31
0
  0
LINE
  5
A64
330
1A
100
AcDbEntity
  8
BLACK
  6
CONTINUOUS
100
AcDbLine
 10
0.2744275196850394
 20
3.4273913385826771
 30
0
 11
0.2754919291338583
 21
3.426950433070866
 31
0
  0
LINE
  5
A65
330
1A
100
AcDbEntity
  8
BLACK
  6
CONTINUOUS
100
AcDbLine
 10
0.2606024409448819
 20
3.4070704724409446
 30
0
 11
0.2594053149606299
 21
3.4058733464566928
 31
0
  0
LINE
  5
A66
330
1A
100
AcDbEntity
  8
BLACK
  6
CONTINUOUS
100
AcDbLine
 10
0.2594053149606299
 20
3.4058733464566928
 30
0
 11
0.2580565748031496
 21
3.4031758661417322
 31
0
  0
LINE
  5
A67
330
1A
100
AcDbEntity
  8
BLACK
  6
CONTINUOUS
100
AcDbLine
 10
0.2580565748031496
 20
3.4031758661417322
 30
0
 11
0.2580565748031496
 21
3.393321377952756
 31
0
  0
LINE
  5
A68
330
1A
100
AcDbEntity
  8
BLACK
  6
CONTINUOUS
100
AcDbLine
 10
0.2580565748031496
 20
3.393321377952756
 30
0
 11
0.2594053149606299
 21
3.3906238976377954
 31
0
  0
LINE
  5
A69
330
1A
100
AcDbEntity
  8
BLACK
  6
CONTINUOUS
100
AcDbLine
 10
0.2594053149606299
 20
3.3906238976377954
 30
0
 11
0.2606024409448819
 21
3.3894267322834644
 31
0
  0
LINE
  5
A6A
330
1A
100
AcDbEntity
  8
BLACK
  6
CONTINUOUS
100
AcDbLine
 10
0.2606024409448819
 20
3.3894267322834644
 30
0
 11
0.2632999212598425
 21
3.388077992125984
 31
0
  0
LINE
  5
A6B
330
1A
100
AcDbEntity
  8
BLACK
  6
CONTINUOUS
100
AcDbLine
 10
0.2632999212598425
 20
3.388077992125984
 30
0
 11
0.2694048818897637
 21
3.388077992125984
 31
0
  0
LINE
  5
A6C
330
1A
100
AcDbEntity
  8
BLACK
  6
CONTINUOUS
100
AcDbLine
 10
0.2694048818897637
 20
3.388077992125984
 30
0
 11
0.2708987007874016
 21
3.3888249212598422
 31
0
  0
LINE
  5
A6D
330
1A
100
AcDbEntity
  8
BLACK
  6
CONTINUOUS
100
AcDbLine
 10
0.2708987007874016
 20
3.3888249212598422
 30
0
 11
0.2708987007874016
 21
3.4076723228346455
 31
0
  0
LINE
  5
A6E
330
1A
100
AcDbEntity
  8
BLACK
  6
CONTINUOUS
100
AcDbLine
 10
0.2708987007874016
 20
3.4076723228346455
 30
0
 11
0.2694048818897637
 21
3.408419212598425
 31
0
  0
LINE
  5
A6F
330
1A
100
AcDbEntity
  8
BLACK
  6
CONTINUOUS
100
AcDbLine
 10
0.2694048818897637
 20
3.408419212598425
 30
0
 11
0.2632999212598425
 21
3.408419212598425
 31
0
  0
LINE
  5
A70
330
1A
100
AcDbEntity
  8
BLACK
  6
CONTINUOUS
100
AcDbLine
 10
0.2632999212598425
 20
3.408419212598425
 30
0
 11
0.2606024409448819
 21
3.4070704724409446
 31
0
  0
LINE
  5
A71
330
1A
100
AcDbEntity
  8
BLACK
  6
CONTINUOUS
100
AcDbLine
 10
0.375664842519685
 20
3.4142679921259842
 30
0
 11
0.3757628346456693
 21
3.4142274015748031
 31
0
  0
LINE
  5
A72
330
1A
100
AcDbEntity
  8
BLACK
  6
CONTINUOUS
100
AcDbLine
 10
0.3757628346456693
 20
3.4142274015748031
 30
0
 11
0.3758686614173228
 21
3.4142198818897636
 31
0
  0
LINE
  5
A73
330
1A
100
AcDbEntity
  8
BLACK
  6
CONTINUOUS
100
AcDbLine
 10
0.3758686614173228
 20
3.4142198818897636
 30
0
 11
0.3764092913385826
 21
3.4140129921259841
 31
0
  0
LINE
  5
A74
330
1A
100
AcDbEntity
  8
BLACK
  6
CONTINUOUS
100
AcDbLine
 10
0.3764092913385826
 20
3.4140129921259841
 30
0
 11
0.3801588188976378
 21
3.4121382283464565
 31
0
  0
LINE
  5
A75
330
1A
100
AcDbEntity
  8
BLACK
  6
CONTINUOUS
100
AcDbLine
 10
0.3801588188976378
 20
3.4121382283464565
 30
0
 11
0.380255157480315
 21
3.412077598425197
 31
0
  0
LINE
  5
A76
330
1A
100
AcDbEntity
  8
BLACK
  6
CONTINUOUS
100
AcDbLine
 10
0.380255157480315
 20
3.412077598425197
 30
0
 11
0.3803005905511811
 21
3.4120624409448816
 31
0
  0
LINE
  5
A77
330
1A
100
AcDbEntity
  8
BLACK
  6
CONTINUOUS
100
AcDbLine
 10
0.3803005905511811
 20
3.4120624409448816
 30
0
 11
0.380357125984252
 21
3.4120134251968501
 31
0
  0
LINE
  5
A78
330
1A
100
AcDbEntity
  8
BLACK
  6
CONTINUOUS
100
AcDbLine
 10
0.380357125984252
 20
3.4120134251968501
 30
0
 11
0.3806487007874015
 21
3.4118298818897639
 31
0
  0
LINE
  5
A79
330
1A
100
AcDbEntity
  8
BLACK
  6
CONTINUOUS
100
AcDbLine
 10
0.3806487007874015
 20
3.4118298818897639
 30
0
 11
0.3808912598425197
 21
3.4115501968503934
 31
0
  0
LINE
  5
A7A
330
1A
100
AcDbEntity
  8
BLACK
  6
CONTINUOUS
100
AcDbLine
 10
0.3808912598425197
 20
3.4115501968503934
 30
0
 11
0.3811709842519685
 21
3.4113075984251968
 31
0
  0
LINE
  5
A7B
330
1A
100
AcDbEntity
  8
BLACK
  6
CONTINUOUS
100
AcDbLine
 10
0.3811709842519685
 20
3.4113075984251968
 30
0
 11
0.3813544881889764
 21
3.4110160629921258
 31
0
  0
LINE
  5
A7C
330
1A
100
AcDbEntity
  8
BLACK
  6
CONTINUOUS
100
AcDbLine
 10
0.3813544881889764
 20
3.4110160629921258
 30
0
 11
0.3814035433070866
 21
3.4109594881889764
 31
0
  0
LINE
  5
A7D
330
1A
100
AcDbEntity
  8
BLACK
  6
CONTINUOUS
100
AcDbLine
 10
0.3814035433070866
 20
3.4109594881889764
 30
0
 11
0.3814186614173228
 21
3.4109140944881888
 31
0
  0
LINE
  5
A7E
330
1A
100
AcDbEntity
  8
BLACK
  6
CONTINUOUS
100
AcDbLine
 10
0.3814186614173228
 20
3.4109140944881888
 30
0
 11
0.3814793307086614
 21
3.410817716535433
 31
0
  0
LINE
  5
A7F
330
1A
100
AcDbEntity
  8
BLACK
  6
CONTINUOUS
100
AcDbLine
 10
0.3814793307086614
 20
3.410817716535433
 30
0
 11
0.383354094488189
 21
3.4070681889763779
 31
0
  0
LINE
  5
A80
330
1A
100
AcDbEntity
  8
BLACK
  6
CONTINUOUS
100
AcDbLine
 10
0.383354094488189
 20
3.4070681889763779
 30
0
 11
0.3835609842519685
 21
3.4065275984251966
 31
0
  0
LINE
  5
A81
330
1A
100
AcDbEntity
  8
BLACK
  6
CONTINUOUS
100
AcDbLine
 10
0.3835609842519685
 20
3.4065275984251966
 30
0
 11
0.3835685039370079
 21
3.4064217322834645
 31
0
  0
LINE
  5
A82
330
1A
100
AcDbEntity
  8
BLACK
  6
CONTINUOUS
100
AcDbLine
 10
0.3835685039370079
 20
3.4064217322834645
 30
0
 11
0.383609094488189
 21
3.4063237401574802
 31
0
  0
LINE
  5
A83
330
1A
100
AcDbEntity
  8
BLACK
  6
CONTINUOUS
100
AcDbLine
 10
0.383609094488189
 20
3.4063237401574802
 30
0
 11
0.3836658267716536
 21
3.4057476771653543
 31
0
  0
LINE
  5
A84
330
1A
100
AcDbEntity
  8
BLACK
  6
CONTINUOUS
100
AcDbLine
 10
0.3836658267716536
 20
3.4057476771653543
 30
0
 11
0.3836658267716536
 21
3.4019981496062992
 31
0
  0
LINE
  5
A85
330
1A
100
AcDbEntity
  8
BLACK
  6
CONTINUOUS
100
AcDbLine
 10
0.3836658267716536
 20
3.4019981496062992
 30
0
 11
0.383609094488189
 21
3.4014220866141733
 31
0
  0
LINE
  5
A86
330
1A
100
AcDbEntity
  8
BLACK
  6
CONTINUOUS
100
AcDbLine
 10
0.383609094488189
 20
3.4014220866141733
 30
0
 11
0.3834983070866141
 21
3.4011547244094489
 31
0
  0
LINE
  5
A87
330
1A
100
AcDbEntity
  8
BLACK
  6
CONTINUOUS
100
AcDbLine
 10
0.3834983070866141
 20
3.4011547244094489
 30
0
 11
0.3834422047244094
 21
3.400871023622047
 31
0
  0
LINE
  5
A88
330
1A
100
AcDbEntity
  8
BLACK
  6
CONTINUOUS
100
AcDbLine
 10
0.3834422047244094
 20
3.400871023622047
 30
0
 11
0.3832801181102362
 21
3.4006279133858266
 31
0
  0
LINE
  5
A89
330
1A
100
AcDbEntity
  8
BLACK
  6
CONTINUOUS
100
AcDbLine
 10
0.3832801181102362
 20
3.4006279133858266
 30
0
 11
0.3831681889763779
 21
3.4003576771653541
 31
0
  0
LINE
  5
A8A
330
1A
100
AcDbEntity
  8
BLACK
  6
CONTINUOUS
100
AcDbLine
 10
0.3831681889763779
 20
3.4003576771653541
 30
0
 11
0.3829635433070866
 21
3.4001530314960631
 31
0
  0
LINE
  5
A8B
330
1A
100
AcDbEntity
  8
BLACK
  6
CONTINUOUS
100
AcDbLine
 10
0.3829635433070866
 20
3.4001530314960631
 30
0
 11
0.3828031496062992
 21
3.399912440944882
 31
0
  0
LINE
  5
A8C
330
1A
100
AcDbEntity
  8
BLACK
  6
CONTINUOUS
100
AcDbLine
 10
0.3828031496062992
 20
3.399912440944882
 30
0
 11
0.3825603149606299
 21
3.399749842519685
 31
0
  0
LINE
  5
A8D
330
1A
100
AcDbEntity
  8
BLACK
  6
CONTINUOUS
100
AcDbLine
 10
0.3825603149606299
 20
3.399749842519685
 30
0
 11
0.3823535433070866
 21
3.3995430314960631
 31
0
  0
LINE
  5
A8E
330
1A
100
AcDbEntity
  8
BLACK
  6
CONTINUOUS
100
AcDbLine
 10
0.3823535433070866
 20
3.3995430314960631
 30
0
 11
0.3820862598425196
 21
3.3994323228346457
 31
0
  0
LINE
  5
A8F
330
1A
100
AcDbEntity
  8
BLACK
  6
CONTINUOUS
100
AcDbLine
 10
0.3820862598425196
 20
3.3994323228346457
 30
0
 11
0.381845905511811
 21
3.3992713385826772
 31
0
  0
LINE
  5
A90
330
1A
100
AcDbEntity
  8
BLACK
  6
CONTINUOUS
100
AcDbLine
 10
0.381845905511811
 20
3.3992713385826772
 30
0
 11
0.3812921259842519
 21
3.3991027165354328
 31
0
  0
LINE
  5
A91
330
1A
100
AcDbEntity
  8
BLACK
  6
CONTINUOUS
100
AcDbLine
 10
0.3812921259842519
 20
3.3991027165354328
 30
0
 11
0.364918188976378
 21
3.3958279527559054
 31
0
  0
LINE
  5
A92
330
1A
100
AcDbEntity
  8
BLACK
  6
CONTINUOUS
100
AcDbLine
 10
0.364918188976378
 20
3.3958279527559054
 30
0
 11
0.364918188976378
 21
3.3914466141732285
 31
0
  0
LINE
  5
A93
330
1A
100
AcDbEntity
  8
BLACK
  6
CONTINUOUS
100
AcDbLine
 10
0.364918188976378
 20
3.3914466141732285
 30
0
 11
0.3660410236220472
 21
3.3892008661417323
 31
0
  0
LINE
  5
A94
330
1A
100
AcDbEntity
  8
BLACK
  6
CONTINUOUS
100
AcDbLine
 10
0.3660410236220472
 20
3.3892008661417323
 30
0
 11
0.3682867716535433
 21
3.388077992125984
 31
0
  0
LINE
  5
A95
330
1A
100
AcDbEntity
  8
BLACK
  6
CONTINUOUS
100
AcDbLine
 10
0.3682867716535433
 20
3.388077992125984
 30
0
 11
0.3743917322834646
 21
3.388077992125984
 31
0
  0
LINE
  5
A96
330
1A
100
AcDbEntity
  8
BLACK
  6
CONTINUOUS
100
AcDbLine
 10
0.3743917322834646
 20
3.388077992125984
 30
0
 11
0.3775177952755905
 21
3.3896410236220471
 31
0
  0
LINE
  5
A97
330
1A
100
AcDbEntity
  8
BLACK
  6
CONTINUOUS
100
AcDbLine
 10
0.3775177952755905
 20
3.3896410236220471
 30
0
 11
0.3780583858267716
 21
3.3898479133858266
 31
0
  0
LINE
  5
A98
330
1A
100
AcDbEntity
  8
BLACK
  6
CONTINUOUS
100
AcDbLine
 10
0.3780583858267716
 20
3.3898479133858266
 30
0
 11
0.3792075984251969
 21
3.3899295669291338
 31
0
  0
LINE
  5
A99
330
1A
100
AcDbEntity
  8
BLACK
  6
CONTINUOUS
100
AcDbLine
 10
0.3792075984251969
 20
3.3899295669291338
 30
0
 11
0.3803005905511811
 21
3.3895652362204722
 31
0
  0
LINE
  5
A9A
330
1A
100
AcDbEntity
  8
BLACK
  6
CONTINUOUS
100
AcDbLine
 10
0.3803005905511811
 20
3.3895652362204722
 30
0
 11
0.3811709448818897
 21
3.3888103937007874
 31
0
  0
LINE
  5
A9B
330
1A
100
AcDbEntity
  8
BLACK
  6
CONTINUOUS
100
AcDbLine
 10
0.3811709448818897
 20
3.3888103937007874
 30
0
 11
0.3816862204724409
 21
3.3877798818897635
 31
0
  0
LINE
  5
A9C
330
1A
100
AcDbEntity
  8
BLACK
  6
CONTINUOUS
100
AcDbLine
 10
0.3816862204724409
 20
3.3877798818897635
 30
0
 11
0.381767874015748
 21
3.3866306692913386
 31
0
  0
LINE
  5
A9D
330
1A
100
AcDbEntity
  8
BLACK
  6
CONTINUOUS
100
AcDbLine
 10
0.381767874015748
 20
3.3866306692913386
 30
0
 11
0.3814035433070866
 21
3.385537716535433
 31
0
  0
LINE
  5
A9E
330
1A
100
AcDbEntity
  8
BLACK
  6
CONTINUOUS
100
AcDbLine
 10
0.3814035433070866
 20
3.385537716535433
 30
0
 11
0.3806487007874015
 21
3.3846673228346456
 31
0
  0
LINE
  5
A9F
330
1A
100
AcDbEntity
  8
BLACK
  6
CONTINUOUS
100
AcDbLine
 10
0.3806487007874015
 20
3.3846673228346456
 30
0
 11
0.3801588188976378
 21
3.3843589763779525
 31
0
  0
LINE
  5
AA0
330
1A
100
AcDbEntity
  8
BLACK
  6
CONTINUOUS
100
AcDbLine
 10
0.3801588188976378
 20
3.3843589763779525
 30
0
 11
0.3764092913385826
 21
3.3824842125984249
 31
0
  0
LINE
  5
AA1
330
1A
100
AcDbEntity
  8
BLACK
  6
CONTINUOUS
100
AcDbLine
 10
0.3764092913385826
 20
3.3824842125984249
 30
0
 11
0.3758686614173228
 21
3.3822773228346454
 31
0
  0
LINE
  5
AA2
330
1A
100
AcDbEntity
  8
BLACK
  6
CONTINUOUS
100
AcDbLine
 10
0.3758686614173228
 20
3.3822773228346454
 30
0
 11
0.3757628346456693
 21
3.3822698425196851
 31
0
  0
LINE
  5
AA3
330
1A
100
AcDbEntity
  8
BLACK
  6
CONTINUOUS
100
AcDbLine
 10
0.3757628346456693
 20
3.3822698425196851
 30
0
 11
0.375664842519685
 21
3.3822292125984252
 31
0
  0
LINE
  5
AA4
330
1A
100
AcDbEntity
  8
BLACK
  6
CONTINUOUS
100
AcDbLine
 10
0.375664842519685
 20
3.3822292125984252
 30
0
 11
0.375088779527559
 21
3.3821724803149604
 31
0
  0
LINE
  5
AA5
330
1A
100
AcDbEntity
  8
BLACK
  6
CONTINUOUS
100
AcDbLine
 10
0.375088779527559
 20
3.3821724803149604
 30
0
 11
0.3675897244094488
 21
3.3821724803149604
 31
0
  0
LINE
  5
AA6
330
1A
100
AcDbEntity
  8
BLACK
  6
CONTINUOUS
100
AcDbLine
 10
0.3675897244094488
 20
3.3821724803149604
 30
0
 11
0.3670136614173228
 21
3.3822292125984252
 31
0
  0
LINE
  5
AA7
330
1A
100
AcDbEntity
  8
BLACK
  6
CONTINUOUS
100
AcDbLine
 10
0.3670136614173228
 20
3.3822292125984252
 30
0
 11
0.3669156692913386
 21
3.3822698031496063
 31
0
  0
LINE
  5
AA8
330
1A
100
AcDbEntity
  8
BLACK
  6
CONTINUOUS
100
AcDbLine
 10
0.3669156692913386
 20
3.3822698031496063
 30
0
 11
0.3668098031496063
 21
3.3822773228346454
 31
0
  0
LINE
  5
AA9
330
1A
100
AcDbEntity
  8
BLACK
  6
CONTINUOUS
100
AcDbLine
 10
0.3668098031496063
 20
3.3822773228346454
 30
0
 11
0.3662692125984252
 21
3.3824842125984249
 31
0
  0
LINE
  5
AAA
330
1A
100
AcDbEntity
  8
BLACK
  6
CONTINUOUS
100
AcDbLine
 10
0.3662692125984252
 20
3.3824842125984249
 30
0
 11
0.36251968503937
 21
3.3843589763779525
 31
0
  0
LINE
  5
AAB
330
1A
100
AcDbEntity
  8
BLACK
  6
CONTINUOUS
100
AcDbLine
 10
0.36251968503937
 20
3.3843589763779525
 30
0
 11
0.3624233070866142
 21
3.3844196456692912
 31
0
  0
LINE
  5
AAC
330
1A
100
AcDbEntity
  8
BLACK
  6
CONTINUOUS
100
AcDbLine
 10
0.3624233070866142
 20
3.3844196456692912
 30
0
 11
0.3623779133858268
 21
3.3844347637795273
 31
0
  0
LINE
  5
AAD
330
1A
100
AcDbEntity
  8
BLACK
  6
CONTINUOUS
100
AcDbLine
 10
0.3623779133858268
 20
3.3844347637795273
 30
0
 11
0.3623213385826772
 21
3.3844838188976376
 31
0
  0
LINE
  5
AAE
330
1A
100
AcDbEntity
  8
BLACK
  6
CONTINUOUS
100
AcDbLine
 10
0.3623213385826772
 20
3.3844838188976376
 30
0
 11
0.3620298031496063
 21
3.3846673228346456
 31
0
  0
LINE
  5
AAF
330
1A
100
AcDbEntity
  8
BLACK
  6
CONTINUOUS
100
AcDbLine
 10
0.3620298031496063
 20
3.3846673228346456
 30
0
 11
0.3617871259842519
 21
3.3849471653543306
 31
0
  0
LINE
  5
AB0
330
1A
100
AcDbEntity
  8
BLACK
  6
CONTINUOUS
100
AcDbLine
 10
0.3617871259842519
 20
3.3849471653543306
 30
0
 11
0.3615075196850394
 21
3.3851896456692914
 31
0
  0
LINE
  5
AB1
330
1A
100
AcDbEntity
  8
BLACK
  6
CONTINUOUS
100
AcDbLine
 10
0.3615075196850394
 20
3.3851896456692914
 30
0
 11
0.3613240157480315
 21
3.3854811417322832
 31
0
  0
LINE
  5
AB2
330
1A
100
AcDbEntity
  8
BLACK
  6
CONTINUOUS
100
AcDbLine
 10
0.3613240157480315
 20
3.3854811417322832
 30
0
 11
0.3612749606299213
 21
3.385537716535433
 31
0
  0
LINE
  5
AB3
330
1A
100
AcDbEntity
  8
BLACK
  6
CONTINUOUS
100
AcDbLine
 10
0.3612749606299213
 20
3.385537716535433
 30
0
 11
0.3612598031496063
 21
3.3855831889763777
 31
0
  0
LINE
  5
AB4
330
1A
100
AcDbEntity
  8
BLACK
  6
CONTINUOUS
100
AcDbLine
 10
0.3612598031496063
 20
3.3855831889763777
 30
0
 11
0.3611991732283464
 21
3.3856794881889765
 31
0
  0
LINE
  5
AB5
330
1A
100
AcDbEntity
  8
BLACK
  6
CONTINUOUS
100
AcDbLine
 10
0.3611991732283464
 20
3.3856794881889765
 30
0
 11
0.3593244094488189
 21
3.3894290551181103
 31
0
  0
LINE
  5
AB6
330
1A
100
AcDbEntity
  8
BLACK
  6
CONTINUOUS
100
AcDbLine
 10
0.3593244094488189
 20
3.3894290551181103
 30
0
 11
0.3591175196850394
 21
3.3899696850393699
 31
0
  0
LINE
  5
AB7
330
1A
100
AcDbEntity
  8
BLACK
  6
CONTINUOUS
100
AcDbLine
 10
0.3591175196850394
 20
3.3899696850393699
 30
0
 11
0.35911
 21
3.3900755118110237
 31
0
  0
LINE
  5
AB8
330
1A
100
AcDbEntity
  8
BLACK
  6
CONTINUOUS
100
AcDbLine
 10
0.35911
 20
3.3900755118110237
 30
0
 11
0.3590694094488189
 21
3.390173503937008
 31
0
  0
LINE
  5
AB9
330
1A
100
AcDbEntity
  8
BLACK
  6
CONTINUOUS
100
AcDbLine
 10
0.3590694094488189
 20
3.390173503937008
 30
0
 11
0.3590126771653543
 21
3.3907495669291339
 31
0
  0
LINE
  5
ABA
330
1A
100
AcDbEntity
  8
BLACK
  6
CONTINUOUS
100
AcDbLine
 10
0.3590126771653543
 20
3.3907495669291339
 30
0
 11
0.3590126771653543
 21
3.4057476771653543
 31
0
  0
LINE
  5
ABB
330
1A
100
AcDbEntity
  8
BLACK
  6
CONTINUOUS
100
AcDbLine
 10
0.3590126771653543
 20
3.4057476771653543
 30
0
 11
0.3590694094488189
 21
3.4063237401574802
 31
0
  0
LINE
  5
ABC
330
1A
100
AcDbEntity
  8
BLACK
  6
CONTINUOUS
100
AcDbLine
 10
0.3590694094488189
 20
3.4063237401574802
 30
0
 11
0.35911
 21
3.4064217716535432
 31
0
  0
LINE
  5
ABD
330
1A
100
AcDbEntity
  8
BLACK
  6
CONTINUOUS
100
AcDbLine
 10
0.35911
 20
3.4064217716535432
 30
0
 11
0.3591175196850394
 21
3.4065275590551178
 31
0
  0
LINE
  5
ABE
330
1A
100
AcDbEntity
  8
BLACK
  6
CONTINUOUS
100
AcDbLine
 10
0.3591175196850394
 20
3.4065275590551178
 30
0
 11
0.3593244094488189
 21
3.4070681889763779
 31
0
  0
LINE
  5
ABF
330
1A
100
AcDbEntity
  8
BLACK
  6
CONTINUOUS
100
AcDbLine
 10
0.3593244094488189
 20
3.4070681889763779
 30
0
 11
0.3611991732283464
 21
3.410817716535433
 31
0
  0
LINE
  5
AC0
330
1A
100
AcDbEntity
  8
BLACK
  6
CONTINUOUS
100
AcDbLine
 10
0.3611991732283464
 20
3.410817716535433
 30
0
 11
0.3612598031496063
 21
3.4109140944881888
 31
0
  0
LINE
  5
AC1
330
1A
100
AcDbEntity
  8
BLACK
  6
CONTINUOUS
100
AcDbLine
 10
0.3612598031496063
 20
3.4109140944881888
 30
0
 11
0.3612749606299213
 21
3.4109594881889764
 31
0
  0
LINE
  5
AC2
330
1A
100
AcDbEntity
  8
BLACK
  6
CONTINUOUS
100
AcDbLine
 10
0.3612749606299213
 20
3.4109594881889764
 30
0
 11
0.3613239763779528
 21
3.4110160629921258
 31
0
  0
LINE
  5
AC3
330
1A
100
AcDbEntity
  8
BLACK
  6
CONTINUOUS
100
AcDbLine
 10
0.3613239763779528
 20
3.4110160629921258
 30
0
 11
0.3615075196850394
 21
3.4113075984251968
 31
0
  0
LINE
  5
AC4
330
1A
100
AcDbEntity
  8
BLACK
  6
CONTINUOUS
100
AcDbLine
 10
0.3615075196850394
 20
3.4113075984251968
 30
0
 11
0.3617872047244095
 21
3.4115501968503934
 31
0
  0
LINE
  5
AC5
330
1A
100
AcDbEntity
  8
BLACK
  6
CONTINUOUS
100
AcDbLine
 10
0.3617872047244095
 20
3.4115501968503934
 30
0
 11
0.3620298031496063
 21
3.4118298818897639
 31
0
  0
LINE
  5
AC6
330
1A
100
AcDbEntity
  8
BLACK
  6
CONTINUOUS
100
AcDbLine
 10
0.3620298031496063
 20
3.4118298818897639
 30
0
 11
0.3623213385826772
 21
3.4120134251968501
 31
0
  0
LINE
  5
AC7
330
1A
100
AcDbEntity
  8
BLACK
  6
CONTINUOUS
100
AcDbLine
 10
0.3623213385826772
 20
3.4120134251968501
 30
0
 11
0.3623779133858268
 21
3.4120624409448816
 31
0
  0
LINE
  5
AC8
330
1A
100
AcDbEntity
  8
BLACK
  6
CONTINUOUS
100
AcDbLine
 10
0.3623779133858268
 20
3.4120624409448816
 30
0
 11
0.3624233070866142
 21
3.412077598425197
 31
0
  0
LINE
  5
AC9
330
1A
100
AcDbEntity
  8
BLACK
  6
CONTINUOUS
100
AcDbLine
 10
0.3624233070866142
 20
3.412077598425197
 30
0
 11
0.36251968503937
 21
3.4121382283464565
 31
0
  0
LINE
  5
ACA
330
1A
100
AcDbEntity
  8
BLACK
  6
CONTINUOUS
100
AcDbLine
 10
0.36251968503937
 20
3.4121382283464565
 30
0
 11
0.3662692125984252
 21
3.4140129921259841
 31
0
  0
LINE
  5
ACB
330
1A
100
AcDbEntity
  8
BLACK
  6
CONTINUOUS
100
AcDbLine
 10
0.3662692125984252
 20
3.4140129921259841
 30
0
 11
0.3668098031496063
 21
3.4142198818897636
 31
0
  0
LINE
  5
ACC
330
1A
100
AcDbEntity
  8
BLACK
  6
CONTINUOUS
100
AcDbLine
 10
0.3668098031496063
 20
3.4142198818897636
 30
0
 11
0.3669156692913386
 21
3.4142274409448818
 31
0
  0
LINE
  5
ACD
330
1A
100
AcDbEntity
  8
BLACK
  6
CONTINUOUS
100
AcDbLine
 10
0.3669156692913386
 20
3.4142274409448818
 30
0
 11
0.3670136614173228
 21
3.4142679921259842
 31
0
  0
LINE
  5
ACE
330
1A
100
AcDbEntity
  8
BLACK
  6
CONTINUOUS
100
AcDbLine
 10
0.3670136614173228
 20
3.4142679921259842
 30
0
 11
0.3675897244094488
 21
3.4143247244094486
 31
0
  0
LINE
  5
ACF
330
1A
100
AcDbEntity
  8
BLACK
  6
CONTINUOUS
100
AcDbLine
 10
0.3675897244094488
 20
3.4143247244094486
 30
0
 11
0.375088779527559
 21
3.4143247244094486
 31
0
  0
LINE
  5
AD0
330
1A
100
AcDbEntity
  8
BLACK
  6
CONTINUOUS
100
AcDbLine
 10
0.375088779527559
 20
3.4143247244094486
 30
0
 11
0.375664842519685
 21
3.4142679921259842
 31
0
  0
LINE
  5
AD1
330
1A
100
AcDbEntity
  8
BLACK
  6
CONTINUOUS
100
AcDbLine
 10
0.3660410236220472
 20
3.4072963779527559
 30
0
 11
0.364918188976378
 21
3.4050506299212597
 31
0
  0
LINE
  5
AD2
330
1A
100
AcDbEntity
  8
BLACK
  6
CONTINUOUS
100
AcDbLine
 10
0.364918188976378
 20
3.4050506299212597
 30
0
 11
0.364918188976378
 21
3.4018504330708659
 31
0
  0
LINE
  5
AD3
330
1A
100
AcDbEntity
  8
BLACK
  6
CONTINUOUS
100
AcDbLine
 10
0.364918188976378
 20
3.4018504330708659
 30
0
 11
0.3777603149606299
 21
3.4044188188976379
 31
0
  0
LINE
  5
AD4
330
1A
100
AcDbEntity
  8
BLACK
  6
CONTINUOUS
100
AcDbLine
 10
0.3777603149606299
 20
3.4044188188976379
 30
0
 11
0.3777603149606299
 21
3.4050506299212597
 31
0
  0
LINE
  5
AD5
330
1A
100
AcDbEntity
  8
BLACK
  6
CONTINUOUS
100
AcDbLine
 10
0.3777603149606299
 20
3.4050506299212597
 30
0
 11
0.3766374409448819
 21
3.4072963779527559
 31
0
  0
LINE
  5
AD6
330
1A
100
AcDbEntity
  8
BLACK
  6
CONTINUOUS
100
AcDbLine
 10
0.3766374409448819
 20
3.4072963779527559
 30
0
 11
0.3743917322834646
 21
3.408419212598425
 31
0
  0
LINE
  5
AD7
330
1A
100
AcDbEntity
  8
BLACK
  6
CONTINUOUS
100
AcDbLine
 10
0.3743917322834646
 20
3.408419212598425
 30
0
 11
0.3682867716535433
 21
3.408419212598425
 31
0
  0
LINE
  5
AD8
330
1A
100
AcDbEntity
  8
BLACK
  6
CONTINUOUS
100
AcDbLine
 10
0.3682867716535433
 20
3.408419212598425
 30
0
 11
0.3660410236220472
 21
3.4072963779527559
 31
0
  0
LINE
  5
AD9
330
1A
100
AcDbEntity
  8
BLACK
  6
CONTINUOUS
100
AcDbLine
 10
0.4431564173228346
 20
3.4142679921259842
 30
0
 11
0.4432544094488189
 21
3.4142274015748031
 31
0
  0
LINE
  5
ADA
330
1A
100
AcDbEntity
  8
BLACK
  6
CONTINUOUS
100
AcDbLine
 10
0.4432544094488189
 20
3.4142274015748031
 30
0
 11
0.4433602362204724
 21
3.4142198818897636
 31
0
  0
LINE
  5
ADB
330
1A
100
AcDbEntity
  8
BLACK
  6
CONTINUOUS
100
AcDbLine
 10
0.4433602362204724
 20
3.4142198818897636
 30
0
 11
0.4439008661417323
 21
3.4140129921259841
 31
0
  0
LINE
  5
ADC
330
1A
100
AcDbEntity
  8
BLACK
  6
CONTINUOUS
100
AcDbLine
 10
0.4439008661417323
 20
3.4140129921259841
 30
0
 11
0.4476503937007874
 21
3.4121382283464565
 31
0
  0
LINE
  5
ADD
330
1A
100
AcDbEntity
  8
BLACK
  6
CONTINUOUS
100
AcDbLine
 10
0.4476503937007874
 20
3.4121382283464565
 30
0
 11
0.4481402755905512
 21
3.4118298818897639
 31
0
  0
LINE
  5
ADE
330
1A
100
AcDbEntity
  8
BLACK
  6
CONTINUOUS
100
AcDbLine
 10
0.4481402755905512
 20
3.4118298818897639
 30
0
 11
0.4488951181102362
 21
3.4109594881889764
 31
0
  0
LINE
  5
ADF
330
1A
100
AcDbEntity
  8
BLACK
  6
CONTINUOUS
100
AcDbLine
 10
0.4488951181102362
 20
3.4109594881889764
 30
0
 11
0.4492594488188976
 21
3.4098665354330708
 31
0
  0
LINE
  5
AE0
330
1A
100
AcDbEntity
  8
BLACK
  6
CONTINUOUS
100
AcDbLine
 10
0.4492594488188976
 20
3.4098665354330708
 30
0
 11
0.4491777952755905
 21
3.4087173228346455
 31
0
  0
LINE
  5
AE1
330
1A
100
AcDbEntity
  8
BLACK
  6
CONTINUOUS
100
AcDbLine
 10
0.4491777952755905
 20
3.4087173228346455
 30
0
 11
0.4486625196850393
 21
3.407686811023622
 31
0
  0
LINE
  5
AE2
330
1A
100
AcDbEntity
  8
BLACK
  6
CONTINUOUS
100
AcDbLine
 10
0.4486625196850393
 20
3.407686811023622
 30
0
 11
0.4477921653543307
 21
3.4069319685039368
 31
0
  0
LINE
  5
AE3
330
1A
100
AcDbEntity
  8
BLACK
  6
CONTINUOUS
100
AcDbLine
 10
0.4477921653543307
 20
3.4069319685039368
 30
0
 11
0.4466991732283465
 21
3.4065676377952756
 31
0
  0
LINE
  5
AE4
330
1A
100
AcDbEntity
  8
BLACK
  6
CONTINUOUS
100
AcDbLine
 10
0.4466991732283465
 20
3.4065676377952756
 30
0
 11
0.4455499606299212
 21
3.4066492913385824
 31
0
  0
LINE
  5
AE5
330
1A
100
AcDbEntity
  8
BLACK
  6
CONTINUOUS
100
AcDbLine
 10
0.4455499606299212
 20
3.4066492913385824
 30
0
 11
0.4450093700787401
 21
3.4068561811023623
 31
0
  0
LINE
  5
AE6
330
1A
100
AcDbEntity
  8
BLACK
  6
CONTINUOUS
100
AcDbLine
 10
0.4450093700787401
 20
3.4068561811023623
 30
0
 11
0.4418833070866142
 21
3.408419212598425
 31
0
  0
LINE
  5
AE7
330
1A
100
AcDbEntity
  8
BLACK
  6
CONTINUOUS
100
AcDbLine
 10
0.4418833070866142
 20
3.408419212598425
 30
0
 11
0.4376531102362204
 21
3.408419212598425
 31
0
  0
LINE
  5
AE8
330
1A
100
AcDbEntity
  8
BLACK
  6
CONTINUOUS
100
AcDbLine
 10
0.4376531102362204
 20
3.408419212598425
 30
0
 11
0.4354073622047244
 21
3.4072963779527559
 31
0
  0
LINE
  5
AE9
330
1A
100
AcDbEntity
  8
BLACK
  6
CONTINUOUS
100
AcDbLine
 10
0.4354073622047244
 20
3.4072963779527559
 30
0
 11
0.4342845275590551
 21
3.4050506299212597
 31
0
  0
LINE
  5
AEA
330
1A
100
AcDbEntity
  8
BLACK
  6
CONTINUOUS
100
AcDbLine
 10
0.4342845275590551
 20
3.4050506299212597
 30
0
 11
0.4342845275590551
 21
3.4045699606299213
 31
0
  0
LINE
  5
AEB
330
1A
100
AcDbEntity
  8
BLACK
  6
CONTINUOUS
100
AcDbLine
 10
0.4342845275590551
 20
3.4045699606299213
 30
0
 11
0.4354073622047244
 21
3.402324251968504
 31
0
  0
LINE
  5
AEC
330
1A
100
AcDbEntity
  8
BLACK
  6
CONTINUOUS
100
AcDbLine
 10
0.4354073622047244
 20
3.402324251968504
 30
0
 11
0.4376531102362204
 21
3.4012013779527557
 31
0
  0
LINE
  5
AED
330
1A
100
AcDbEntity
  8
BLACK
  6
CONTINUOUS
100
AcDbLine
 10
0.4376531102362204
 20
3.4012013779527557
 30
0
 11
0.4425803543307086
 21
3.4012013779527557
 31
0
  0
LINE
  5
AEE
330
1A
100
AcDbEntity
  8
BLACK
  6
CONTINUOUS
100
AcDbLine
 10
0.4425803543307086
 20
3.4012013779527557
 30
0
 11
0.4431564173228346
 21
3.4011446456692913
 31
0
  0
LINE
  5
AEF
330
1A
100
AcDbEntity
  8
BLACK
  6
CONTINUOUS
100
AcDbLine
 10
0.4431564173228346
 20
3.4011446456692913
 30
0
 11
0.4432544094488189
 21
3.4011040551181102
 31
0
  0
LINE
  5
AF0
330
1A
100
AcDbEntity
  8
BLACK
  6
CONTINUOUS
100
AcDbLine
 10
0.4432544094488189
 20
3.4011040551181102
 30
0
 11
0.4433602362204724
 21
3.4010965354330707
 31
0
  0
LINE
  5
AF1
330
1A
100
AcDbEntity
  8
BLACK
  6
CONTINUOUS
100
AcDbLine
 10
0.4433602362204724
 20
3.4010965354330707
 30
0
 11
0.4439008661417323
 21
3.4008896456692912
 31
0
  0
LINE
  5
AF2
330
1A
100
AcDbEntity
  8
BLACK
  6
CONTINUOUS
100
AcDbLine
 10
0.4439008661417323
 20
3.4008896456692912
 30
0
 11
0.4476503937007874
 21
3.3990148818897636
 31
0
  0
LINE
  5
AF3
330
1A
100
AcDbEntity
  8
BLACK
  6
CONTINUOUS
100
AcDbLine
 10
0.4476503937007874
 20
3.3990148818897636
 30
0
 11
0.4477467322834646
 21
3.3989542519685036
 31
0
  0
LINE
  5
AF4
330
1A
100
AcDbEntity
  8
BLACK
  6
CONTINUOUS
100
AcDbLine
 10
0.4477467322834646
 20
3.3989542519685036
 30
0
 11
0.4477921653543307
 21
3.3989390944881888
 31
0
  0
LINE
  5
AF5
330
1A
100
AcDbEntity
  8
BLACK
  6
CONTINUOUS
100
AcDbLine
 10
0.4477921653543307
 20
3.3989390944881888
 30
0
 11
0.4478487007874016
 21
3.3988900787401573
 31
0
  0
LINE
  5
AF6
330
1A
100
AcDbEntity
  8
BLACK
  6
CONTINUOUS
100
AcDbLine
 10
0.4478487007874016
 20
3.3988900787401573
 30
0
 11
0.4481402755905512
 21
3.398706535433071
 31
0
  0
LINE
  5
AF7
330
1A
100
AcDbEntity
  8
BLACK
  6
CONTINUOUS
100
AcDbLine
 10
0.4481402755905512
 20
3.398706535433071
 30
0
 11
0.4483828346456693
 21
3.3984268503937005
 31
0
  0
LINE
  5
AF8
330
1A
100
AcDbEntity
  8
BLACK
  6
CONTINUOUS
100
AcDbLine
 10
0.4483828346456693
 20
3.3984268503937005
 30
0
 11
0.4486625590551181
 21
3.3981842519685039
 31
0
  0
LINE
  5
AF9
330
1A
100
AcDbEntity
  8
BLACK
  6
CONTINUOUS
100
AcDbLine
 10
0.4486625590551181
 20
3.3981842519685039
 30
0
 11
0.448846062992126
 21
3.3978927165354329
 31
0
  0
LINE
  5
AFA
330
1A
100
AcDbEntity
  8
BLACK
  6
CONTINUOUS
100
AcDbLine
 10
0.448846062992126
 20
3.3978927165354329
 30
0
 11
0.4488951181102362
 21
3.3978361417322835
 31
0
  0
LINE
  5
AFB
330
1A
100
AcDbEntity
  8
BLACK
  6
CONTINUOUS
100
AcDbLine
 10
0.4488951181102362
 20
3.3978361417322835
 30
0
 11
0.4489102362204724
 21
3.3977907480314959
 31
0
  0
LINE
  5
AFC
330
1A
100
AcDbEntity
  8
BLACK
  6
CONTINUOUS
100
AcDbLine
 10
0.4489102362204724
 20
3.3977907480314959
 30
0
 11
0.448970905511811
 21
3.3976943700787401
 31
0
  0
LINE
  5
AFD
330
1A
100
AcDbEntity
  8
BLACK
  6
CONTINUOUS
100
AcDbLine
 10
0.448970905511811
 20
3.3976943700787401
 30
0
 11
0.4508456692913386
 21
3.393944842519685
 31
0
  0
LINE
  5
AFE
330
1A
100
AcDbEntity
  8
BLACK
  6
CONTINUOUS
100
AcDbLine
 10
0.4508456692913386
 20
3.393944842519685
 30
0
 11
0.4510525590551181
 21
3.3934042519685037
 31
0
  0
LINE
  5
AFF
330
1A
100
AcDbEntity
  8
BLACK
  6
CONTINUOUS
100
AcDbLine
 10
0.4510525590551181
 20
3.3934042519685037
 30
0
 11
0.4510600787401575
 21
3.3932983858267716
 31
0
  0
LINE
  5
B00
330
1A
100
AcDbEntity
  8
BLACK
  6
CONTINUOUS
100
AcDbLine
 10
0.4510600787401575
 20
3.3932983858267716
 30
0
 11
0.4511006692913386
 21
3.3932003937007873
 31
0
  0
LINE
  5
B01
330
1A
100
AcDbEntity
  8
BLACK
  6
CONTINUOUS
100
AcDbLine
 10
0.4511006692913386
 20
3.3932003937007873
 30
0
 11
0.4511574015748032
 21
3.3926243307086614
 31
0
  0
LINE
  5
B02
330
1A
100
AcDbEntity
  8
BLACK
  6
CONTINUOUS
100
AcDbLine
 10
0.4511574015748032
 20
3.3926243307086614
 30
0
 11
0.4511574015748032
 21
3.3907495669291339
 31
0
  0
LINE
  5
B03
330
1A
100
AcDbEntity
  8
BLACK
  6
CONTINUOUS
100
AcDbLine
 10
0.4511574015748032
 20
3.3907495669291339
 30
0
 11
0.4511006692913386
 21
3.390173503937008
 31
0
  0
LINE
  5
B04
330
1A
100
AcDbEntity
  8
BLACK
  6
CONTINUOUS
100
AcDbLine
 10
0.4511006692913386
 20
3.390173503937008
 30
0
 11
0.4510600393700787
 21
3.3900755118110237
 31
0
  0
LINE
  5
B05
330
1A
100
AcDbEntity
  8
BLACK
  6
CONTINUOUS
100
AcDbLine
 10
0.4510600393700787
 20
3.3900755118110237
 30
0
 11
0.4510525590551181
 21
3.3899696850393699
 31
0
  0
LINE
  5
B06
330
1A
100
AcDbEntity
  8
BLACK
  6
CONTINUOUS
100
AcDbLine
 10
0.4510525590551181
 20
3.3899696850393699
 30
0
 11
0.4508456692913386
 21
3.3894290551181103
 31
0
  0
LINE
  5
B07
330
1A
100
AcDbEntity
  8
BLACK
  6
CONTINUOUS
100
AcDbLine
 10
0.4508456692913386
 20
3.3894290551181103
 30
0
 11
0.448970905511811
 21
3.3856794881889765
 31
0
  0
LINE
  5
B08
330
1A
100
AcDbEntity
  8
BLACK
  6
CONTINUOUS
100
AcDbLine
 10
0.448970905511811
 20
3.3856794881889765
 30
0
 11
0.4489102362204724
 21
3.3855831496062989
 31
0
  0
LINE
  5
B09
330
1A
100
AcDbEntity
  8
BLACK
  6
CONTINUOUS
100
AcDbLine
 10
0.4489102362204724
 20
3.3855831496062989
 30
0
 11
0.4488951181102362
 21
3.385537716535433
 31
0
  0
LINE
  5
B0A
330
1A
100
AcDbEntity
  8
BLACK
  6
CONTINUOUS
100
AcDbLine
 10
0.4488951181102362
 20
3.385537716535433
 30
0
 11
0.448846062992126
 21
3.385481181102362
 31
0
  0
LINE
  5
B0B
330
1A
100
AcDbEntity
  8
BLACK
  6
CONTINUOUS
100
AcDbLine
 10
0.448846062992126
 20
3.385481181102362
 30
0
 11
0.4486625590551181
 21
3.3851896062992126
 31
0
  0
LINE
  5
B0C
330
1A
100
AcDbEntity
  8
BLACK
  6
CONTINUOUS
100
AcDbLine
 10
0.4486625590551181
 20
3.3851896062992126
 30
0
 11
0.4483828346456693
 21
3.3849470472440943
 31
0
  0
LINE
  5
B0D
330
1A
100
AcDbEntity
  8
BLACK
  6
CONTINUOUS
100
AcDbLine
 10
0.4483828346456693
 20
3.3849470472440943
 30
0
 11
0.4481402755905512
 21
3.3846673228346456
 31
0
  0
LINE
  5
B0E
330
1A
100
AcDbEntity
  8
BLACK
  6
CONTINUOUS
100
AcDbLine
 10
0.4481402755905512
 20
3.3846673228346456
 30
0
 11
0.4478487007874016
 21
3.3844838188976376
 31
0
  0
LINE
  5
B0F
330
1A
100
AcDbEntity
  8
BLACK
  6
CONTINUOUS
100
AcDbLine
 10
0.4478487007874016
 20
3.3844838188976376
 30
0
 11
0.4477921653543307
 21
3.3844347637795273
 31
0
  0
LINE
  5
B10
330
1A
100
AcDbEntity
  8
BLACK
  6
CONTINUOUS
100
AcDbLine
 10
0.4477921653543307
 20
3.3844347637795273
 30
0
 11
0.4477467322834646
 21
3.3844196456692912
 31
0
  0
LINE
  5
B11
330
1A
100
AcDbEntity
  8
BLACK
  6
CONTINUOUS
100
AcDbLine
 10
0.4477467322834646
 20
3.3844196456692912
 30
0
 11
0.4476503937007874
 21
3.3843589763779525
 31
0
  0
LINE
  5
B12
330
1A
100
AcDbEntity
  8
BLACK
  6
CONTINUOUS
100
AcDbLine
 10
0.4476503937007874
 20
3.3843589763779525
 30
0
 11
0.4439008661417323
 21
3.3824842125984249
 31
0
  0
LINE
  5
B13
330
1A
100
AcDbEntity
  8
BLACK
  6
CONTINUOUS
100
AcDbLine
 10
0.4439008661417323
 20
3.3824842125984249
 30
0
 11
0.4433602362204724
 21
3.3822773228346454
 31
0
  0
LINE
  5
B14
330
1A
100
AcDbEntity
  8
BLACK
  6
CONTINUOUS
100
AcDbLine
 10
0.4433602362204724
 20
3.3822773228346454
 30
0
 11
0.4432544094488189
 21
3.3822698425196851
 31
0
  0
LINE
  5
B15
330
1A
100
AcDbEntity
  8
BLACK
  6
CONTINUOUS
100
AcDbLine
 10
0.4432544094488189
 20
3.3822698425196851
 30
0
 11
0.4431564173228346
 21
3.3822292125984252
 31
0
  0
LINE
  5
B16
330
1A
100
AcDbEntity
  8
BLACK
  6
CONTINUOUS
100
AcDbLine
 10
0.4431564173228346
 20
3.3822292125984252
 30
0
 11
0.4425803543307086
 21
3.3821724803149604
 31
0
  0
LINE
  5
B17
330
1A
100
AcDbEntity
  8
BLACK
  6
CONTINUOUS
100
AcDbLine
 10
0.4425803543307086
 20
3.3821724803149604
 30
0
 11
0.4350812992125984
 21
3.3821724803149604
 31
0
  0
LINE
  5
B18
330
1A
100
AcDbEntity
  8
BLACK
  6
CONTINUOUS
100
AcDbLine
 10
0.4350812992125984
 20
3.3821724803149604
 30
0
 11
0.4345052362204724
 21
3.3822292125984252
 31
0
  0
LINE
  5
B19
330
1A
100
AcDbEntity
  8
BLACK
  6
CONTINUOUS
100
AcDbLine
 10
0.4345052362204724
 20
3.3822292125984252
 30
0
 11
0.4344072440944882
 21
3.3822698031496063
 31
0
  0
LINE
  5
B1A
330
1A
100
AcDbEntity
  8
BLACK
  6
CONTINUOUS
100
AcDbLine
 10
0.4344072440944882
 20
3.3822698031496063
 30
0
 11
0.4343013779527559
 21
3.3822773228346454
 31
0
  0
LINE
  5
B1B
330
1A
100
AcDbEntity
  8
BLACK
  6
CONTINUOUS
100
AcDbLine
 10
0.4343013779527559
 20
3.3822773228346454
 30
0
 11
0.4337607874015748
 21
3.3824842125984249
 31
0
  0
LINE
  5
B1C
330
1A
100
AcDbEntity
  8
BLACK
  6
CONTINUOUS
100
AcDbLine
 10
0.4337607874015748
 20
3.3824842125984249
 30
0
 11
0.4300112598425197
 21
3.3843589763779525
 31
0
  0
LINE
  5
B1D
330
1A
100
AcDbEntity
  8
BLACK
  6
CONTINUOUS
100
AcDbLine
 10
0.4300112598425197
 20
3.3843589763779525
 30
0
 11
0.4295213779527559
 21
3.3846673228346456
 31
0
  0
LINE
  5
B1E
330
1A
100
AcDbEntity
  8
BLACK
  6
CONTINUOUS
100
AcDbLine
 10
0.4295213779527559
 20
3.3846673228346456
 30
0
 11
0.4287665354330709
 21
3.385537716535433
 31
0
  0
LINE
  5
B1F
330
1A
100
AcDbEntity
  8
BLACK
  6
CONTINUOUS
100
AcDbLine
 10
0.4287665354330709
 20
3.385537716535433
 30
0
 11
0.4284022047244094
 21
3.3866306692913386
 31
0
  0
LINE
  5
B20
330
1A
100
AcDbEntity
  8
BLACK
  6
CONTINUOUS
100
AcDbLine
 10
0.4284022047244094
 20
3.3866306692913386
 30
0
 11
0.4284838582677165
 21
3.3877798818897635
 31
0
  0
LINE
  5
B21
330
1A
100
AcDbEntity
  8
BLACK
  6
CONTINUOUS
100
AcDbLine
 10
0.4284838582677165
 20
3.3877798818897635
 30
0
 11
0.428999094488189
 21
3.3888103937007874
 31
0
  0
LINE
  5
B22
330
1A
100
AcDbEntity
  8
BLACK
  6
CONTINUOUS
100
AcDbLine
 10
0.428999094488189
 20
3.3888103937007874
 30
0
 11
0.4298694881889764
 21
3.3895652362204722
 31
0
  0
LINE
  5
B23
330
1A
100
AcDbEntity
  8
BLACK
  6
CONTINUOUS
100
AcDbLine
 10
0.4298694881889764
 20
3.3895652362204722
 30
0
 11
0.4309624409448819
 21
3.3899295669291338
 31
0
  0
LINE
  5
B24
330
1A
100
AcDbEntity
  8
BLACK
  6
CONTINUOUS
100
AcDbLine
 10
0.4309624409448819
 20
3.3899295669291338
 30
0
 11
0.4321116535433071
 21
3.3898479133858266
 31
0
  0
LINE
  5
B25
330
1A
100
AcDbEntity
  8
BLACK
  6
CONTINUOUS
100
AcDbLine
 10
0.4321116535433071
 20
3.3898479133858266
 30
0
 11
0.4326522834645669
 21
3.3896410236220471
 31
0
  0
LINE
  5
B26
330
1A
100
AcDbEntity
  8
BLACK
  6
CONTINUOUS
100
AcDbLine
 10
0.4326522834645669
 20
3.3896410236220471
 30
0
 11
0.4357783464566929
 21
3.388077992125984
 31
0
  0
LINE
  5
B27
330
1A
100
AcDbEntity
  8
BLACK
  6
CONTINUOUS
100
AcDbLine
 10
0.4357783464566929
 20
3.388077992125984
 30
0
 11
0.4418833070866142
 21
3.388077992125984
 31
0
  0
LINE
  5
B28
330
1A
100
AcDbEntity
  8
BLACK
  6
CONTINUOUS
100
AcDbLine
 10
0.4418833070866142
 20
3.388077992125984
 30
0
 11
0.4441290157480315
 21
3.3892008661417323
 31
0
  0
LINE
  5
B29
330
1A
100
AcDbEntity
  8
BLACK
  6
CONTINUOUS
100
AcDbLine
 10
0.4441290157480315
 20
3.3892008661417323
 30
0
 11
0.4452518897637795
 21
3.3914466141732285
 31
0
  0
LINE
  5
B2A
330
1A
100
AcDbEntity
  8
BLACK
  6
CONTINUOUS
100
AcDbLine
 10
0.4452518897637795
 20
3.3914466141732285
 30
0
 11
0.4452518897637795
 21
3.3919272834645668
 31
0
  0
LINE
  5
B2B
330
1A
100
AcDbEntity
  8
BLACK
  6
CONTINUOUS
100
AcDbLine
 10
0.4452518897637795
 20
3.3919272834645668
 30
0
 11
0.4441290157480315
 21
3.394173031496063
 31
0
  0
LINE
  5
B2C
330
1A
100
AcDbEntity
  8
BLACK
  6
CONTINUOUS
100
AcDbLine
 10
0.4441290157480315
 20
3.394173031496063
 30
0
 11
0.4418833070866142
 21
3.3952958661417321
 31
0
  0
LINE
  5
B2D
330
1A
100
AcDbEntity
  8
BLACK
  6
CONTINUOUS
100
AcDbLine
 10
0.4418833070866142
 20
3.3952958661417321
 30
0
 11
0.436956062992126
 21
3.3952958661417321
 31
0
  0
LINE
  5
B2E
330
1A
100
AcDbEntity
  8
BLACK
  6
CONTINUOUS
100
AcDbLine
 10
0.436956062992126
 20
3.3952958661417321
 30
0
 11
0.43638
 21
3.3953525984251969
 31
0
  0
LINE
  5
B2F
330
1A
100
AcDbEntity
  8
BLACK
  6
CONTINUOUS
100
AcDbLine
 10
0.43638
 20
3.3953525984251969
 30
0
 11
0.4362820078740157
 21
3.395393188976378
 31
0
  0
LINE
  5
B30
330
1A
100
AcDbEntity
  8
BLACK
  6
CONTINUOUS
100
AcDbLine
 10
0.4362820078740157
 20
3.395393188976378
 30
0
 11
0.4361761417322835
 21
3.3954007086614171
 31
0
  0
LINE
  5
B31
330
1A
100
AcDbEntity
  8
BLACK
  6
CONTINUOUS
100
AcDbLine
 10
0.4361761417322835
 20
3.3954007086614171
 30
0
 11
0.4356355511811024
 21
3.395607598425197
 31
0
  0
LINE
  5
B32
330
1A
100
AcDbEntity
  8
BLACK
  6
CONTINUOUS
100
AcDbLine
 10
0.4356355511811024
 20
3.395607598425197
 30
0
 11
0.4318860236220473
 21
3.3974823622047245
 31
0
  0
LINE
  5
B33
330
1A
100
AcDbEntity
  8
BLACK
  6
CONTINUOUS
100
AcDbLine
 10
0.4318860236220473
 20
3.3974823622047245
 30
0
 11
0.4317896456692913
 21
3.3975430314960628
 31
0
  0
LINE
  5
B34
330
1A
100
AcDbEntity
  8
BLACK
  6
CONTINUOUS
100
AcDbLine
 10
0.4317896456692913
 20
3.3975430314960628
 30
0
 11
0.4317442519685039
 21
3.397558149606299
 31
0
  0
LINE
  5
B35
330
1A
100
AcDbEntity
  8
BLACK
  6
CONTINUOUS
100
AcDbLine
 10
0.4317442519685039
 20
3.397558149606299
 30
0
 11
0.4316876771653543
 21
3.3976072047244092
 31
0
  0
LINE
  5
B36
330
1A
100
AcDbEntity
  8
BLACK
  6
CONTINUOUS
100
AcDbLine
 10
0.4316876771653543
 20
3.3976072047244092
 30
0
 11
0.4313961417322835
 21
3.3977907086614172
 31
0
  0
LINE
  5
B37
330
1A
100
AcDbEntity
  8
BLACK
  6
CONTINUOUS
100
AcDbLine
 10
0.4313961417322835
 20
3.3977907086614172
 30
0
 11
0.4311535433070866
 21
3.398070433070866
 31
0
  0
LINE
  5
B38
330
1A
100
AcDbEntity
  8
BLACK
  6
CONTINUOUS
100
AcDbLine
 10
0.4311535433070866
 20
3.398070433070866
 30
0
 11
0.4308738582677165
 21
3.3983129921259843
 31
0
  0
LINE
  5
B39
330
1A
100
AcDbEntity
  8
BLACK
  6
CONTINUOUS
100
AcDbLine
 10
0.4308738582677165
 20
3.3983129921259843
 30
0
 11
0.4306903149606299
 21
3.3986045669291336
 31
0
  0
LINE
  5
B3A
330
1A
100
AcDbEntity
  8
BLACK
  6
CONTINUOUS
100
AcDbLine
 10
0.4306903149606299
 20
3.3986045669291336
 30
0
 11
0.4306412992125984
 21
3.3986611023622046
 31
0
  0
LINE
  5
B3B
330
1A
100
AcDbEntity
  8
BLACK
  6
CONTINUOUS
100
AcDbLine
 10
0.4306412992125984
 20
3.3986611023622046
 30
0
 11
0.4306261417322835
 21
3.398706535433071
 31
0
  0
LINE
  5
B3C
330
1A
100
AcDbEntity
  8
BLACK
  6
CONTINUOUS
100
AcDbLine
 10
0.4306261417322835
 20
3.398706535433071
 30
0
 11
0.4305655118110236
 21
3.3988028740157481
 31
0
  0
LINE
  5
B3D
330
1A
100
AcDbEntity
  8
BLACK
  6
CONTINUOUS
100
AcDbLine
 10
0.4305655118110236
 20
3.3988028740157481
 30
0
 11
0.428690748031496
 21
3.4025524015748032
 31
0
  0
LINE
  5
B3E
330
1A
100
AcDbEntity
  8
BLACK
  6
CONTINUOUS
100
AcDbLine
 10
0.428690748031496
 20
3.4025524015748032
 30
0
 11
0.4284838582677165
 21
3.4030930314960628
 31
0
  0
LINE
  5
B3F
330
1A
100
AcDbEntity
  8
BLACK
  6
CONTINUOUS
100
AcDbLine
 10
0.4284838582677165
 20
3.4030930314960628
 30
0
 11
0.4284763385826771
 21
3.4031988582677166
 31
0
  0
LINE
  5
B40
330
1A
100
AcDbEntity
  8
BLACK
  6
CONTINUOUS
100
AcDbLine
 10
0.4284763385826771
 20
3.4031988582677166
 30
0
 11
0.428435748031496
 21
3.4032968503937009
 31
0
  0
LINE
  5
B41
330
1A
100
AcDbEntity
  8
BLACK
  6
CONTINUOUS
100
AcDbLine
 10
0.428435748031496
 20
3.4032968503937009
 30
0
 11
0.4283790157480315
 21
3.4038729133858268
 31
0
  0
LINE
  5
B42
330
1A
100
AcDbEntity
  8
BLACK
  6
CONTINUOUS
100
AcDbLine
 10
0.4283790157480315
 20
3.4038729133858268
 30
0
 11
0.4283790157480315
 21
3.4057476771653543
 31
0
  0
LINE
  5
B43
330
1A
100
AcDbEntity
  8
BLACK
  6
CONTINUOUS
100
AcDbLine
 10
0.4283790157480315
 20
3.4057476771653543
 30
0
 11
0.428435748031496
 21
3.4063237401574802
 31
0
  0
LINE
  5
B44
330
1A
100
AcDbEntity
  8
BLACK
  6
CONTINUOUS
100
AcDbLine
 10
0.428435748031496
 20
3.4063237401574802
 30
0
 11
0.4284763385826771
 21
3.4064217716535432
 31
0
  0
LINE
  5
B45
330
1A
100
AcDbEntity
  8
BLACK
  6
CONTINUOUS
100
AcDbLine
 10
0.4284763385826771
 20
3.4064217716535432
 30
0
 11
0.4284838582677165
 21
3.4065275590551178
 31
0
  0
LINE
  5
B46
330
1A
100
AcDbEntity
  8
BLACK
  6
CONTINUOUS
100
AcDbLine
 10
0.4284838582677165
 20
3.4065275590551178
 30
0
 11
0.428690748031496
 21
3.4070681889763779
 31
0
  0
LINE
  5
B47
330
1A
100
AcDbEntity
  8
BLACK
  6
CONTINUOUS
100
AcDbLine
 10
0.428690748031496
 20
3.4070681889763779
 30
0
 11
0.4305655118110236
 21
3.410817716535433
 31
0
  0
LINE
  5
B48
330
1A
100
AcDbEntity
  8
BLACK
  6
CONTINUOUS
100
AcDbLine
 10
0.4305655118110236
 20
3.410817716535433
 30
0
 11
0.4306261417322835
 21
3.4109140944881888
 31
0
  0
LINE
  5
B49
330
1A
100
AcDbEntity
  8
BLACK
  6
CONTINUOUS
100
AcDbLine
 10
0.4306261417322835
 20
3.4109140944881888
 30
0
 11
0.4306412992125984
 21
3.4109594881889764
 31
0
  0
LINE
  5
B4A
330
1A
100
AcDbEntity
  8
BLACK
  6
CONTINUOUS
100
AcDbLine
 10
0.4306412992125984
 20
3.4109594881889764
 30
0
 11
0.4306903149606299
 21
3.4110160629921258
 31
0
  0
LINE
  5
B4B
330
1A
100
AcDbEntity
  8
BLACK
  6
CONTINUOUS
100
AcDbLine
 10
0.4306903149606299
 20
3.4110160629921258
 30
0
 11
0.4308738582677165
 21
3.4113075984251968
 31
0
  0
LINE
  5
B4C
330
1A
100
AcDbEntity
  8
BLACK
  6
CONTINUOUS
100
AcDbLine
 10
0.4308738582677165
 20
3.4113075984251968
 30
0
 11
0.4311535433070866
 21
3.4115501968503934
 31
0
  0
LINE
  5
B4D
330
1A
100
AcDbEntity
  8
BLACK
  6
CONTINUOUS
100
AcDbLine
 10
0.4311535433070866
 20
3.4115501968503934
 30
0
 11
0.4313961417322835
 21
3.4118298818897639
 31
0
  0
LINE
  5
B4E
330
1A
100
AcDbEntity
  8
BLACK
  6
CONTINUOUS
100
AcDbLine
 10
0.4313961417322835
 20
3.4118298818897639
 30
0
 11
0.4316876771653543
 21
3.4120134251968501
 31
0
  0
LINE
  5
B4F
330
1A
100
AcDbEntity
  8
BLACK
  6
CONTINUOUS
100
AcDbLine
 10
0.4316876771653543
 20
3.4120134251968501
 30
0
 11
0.4317442519685039
 21
3.4120624409448816
 31
0
  0
LINE
  5
B50
330
1A
100
AcDbEntity
  8
BLACK
  6
CONTINUOUS
100
AcDbLine
 10
0.4317442519685039
 20
3.4120624409448816
 30
0
 11
0.4317896456692913
 21
3.412077598425197
 31
0
  0
LINE
  5
B51
330
1A
100
AcDbEntity
  8
BLACK
  6
CONTINUOUS
100
AcDbLine
 10
0.4317896456692913
 20
3.412077598425197
 30
0
 11
0.4318860236220473
 21
3.4121382283464565
 31
0
  0
LINE
  5
B52
330
1A
100
AcDbEntity
  8
BLACK
  6
CONTINUOUS
100
AcDbLine
 10
0.4318860236220473
 20
3.4121382283464565
 30
0
 11
0.4356355511811024
 21
3.4140129921259841
 31
0
  0
LINE
  5
B53
330
1A
100
AcDbEntity
  8
BLACK
  6
CONTINUOUS
100
AcDbLine
 10
0.4356355511811024
 20
3.4140129921259841
 30
0
 11
0.4361761417322835
 21
3.4142198818897636
 31
0
  0
LINE
  5
B54
330
1A
100
AcDbEntity
  8
BLACK
  6
CONTINUOUS
100
AcDbLine
 10
0.4361761417322835
 20
3.4142198818897636
 30
0
 11
0.4362820078740157
 21
3.4142274409448818
 31
0
  0
LINE
  5
B55
330
1A
100
AcDbEntity
  8
BLACK
  6
CONTINUOUS
100
AcDbLine
 10
0.4362820078740157
 20
3.4142274409448818
 30
0
 11
0.43638
 21
3.4142679921259842
 31
0
  0
LINE
  5
B56
330
1A
100
AcDbEntity
  8
BLACK
  6
CONTINUOUS
100
AcDbLine
 10
0.43638
 20
3.4142679921259842
 30
0
 11
0.436956062992126
 21
3.4143247244094486
 31
0
  0
LINE
  5
B57
330
1A
100
AcDbEntity
  8
BLACK
  6
CONTINUOUS
100
AcDbLine
 10
0.436956062992126
 20
3.4143247244094486
 30
0
 11
0.4425803543307086
 21
3.4143247244094486
 31
0
  0
LINE
  5
B58
330
1A
100
AcDbEntity
  8
BLACK
  6
CONTINUOUS
100
AcDbLine
 10
0.4425803543307086
 20
3.4143247244094486
 30
0
 11
0.4431564173228346
 21
3.4142679921259842
 31
0
  0
LINE
  5
B59
330
1A
100
AcDbEntity
  8
BLACK
  6
CONTINUOUS
100
AcDbLine
 10
0.495649842519685
 20
3.4142679921259842
 30
0
 11
0.4957478346456693
 21
3.4142274015748031
 31
0
  0
LINE
  5
B5A
330
1A
100
AcDbEntity
  8
BLACK
  6
CONTINUOUS
100
AcDbLine
 10
0.4957478346456693
 20
3.4142274015748031
 30
0
 11
0.4958536614173228
 21
3.4142198818897636
 31
0
  0
LINE
  5
B5B
330
1A
100
AcDbEntity
  8
BLACK
  6
CONTINUOUS
100
AcDbLine
 10
0.4958536614173228
 20
3.4142198818897636
 30
0
 11
0.4963942913385826
 21
3.4140129921259841
 31
0
  0
LINE
  5
B5C
330
1A
100
AcDbEntity
  8
BLACK
  6
CONTINUOUS
100
AcDbLine
 10
0.4963942913385826
 20
3.4140129921259841
 30
0
 11
0.5001438188976378
 21
3.4121382283464565
 31
0
  0
LINE
  5
B5D
330
1A
100
AcDbEntity
  8
BLACK
  6
CONTINUOUS
100
AcDbLine
 10
0.5001438188976378
 20
3.4121382283464565
 30
0
 11
0.5003918110236221
 21
3.4119821653543307
 31
0
  0
LINE
  5
B5E
330
1A
100
AcDbEntity
  8
BLACK
  6
CONTINUOUS
100
AcDbLine
 10
0.5003918110236221
 20
3.4119821653543307
 30
0
 11
0.500463779527559
 21
3.4119523228346456
 31
0
  0
LINE
  5
B5F
330
1A
100
AcDbEntity
  8
BLACK
  6
CONTINUOUS
100
AcDbLine
 10
0.500463779527559
 20
3.4119523228346456
 30
0
 11
0.5005447244094489
 21
3.4118858661417324
 31
0
  0
LINE
  5
B60
330
1A
100
AcDbEntity
  8
BLACK
  6
CONTINUOUS
100
AcDbLine
 10
0.5005447244094489
 20
3.4118858661417324
 30
0
 11
0.5006337007874015
 21
3.4118298818897639
 31
0
  0
LINE
  5
B61
330
1A
100
AcDbEntity
  8
BLACK
  6
CONTINUOUS
100
AcDbLine
 10
0.5006337007874015
 20
3.4118298818897639
 30
0
 11
0.500684842519685
 21
3.4117709055118111
 31
0
  0
LINE
  5
B62
330
1A
100
AcDbEntity
  8
BLACK
  6
CONTINUOUS
100
AcDbLine
 10
0.500684842519685
 20
3.4117709055118111
 30
0
 11
0.500911220472441
 21
3.4115851181102363
 31
0
  0
LINE
  5
B63
330
1A
100
AcDbEntity
  8
BLACK
  6
CONTINUOUS
100
AcDbLine
 10
0.500911220472441
 20
3.4115851181102363
 30
0
 11
0.5027859842519685
 21
3.4097103543307088
 31
0
  0
LINE
  5
B64
330
1A
100
AcDbEntity
  8
BLACK
  6
CONTINUOUS
100
AcDbLine
 10
0.5027859842519685
 20
3.4097103543307088
 30
0
 11
0.5029717322834646
 21
3.4094840157480313
 31
0
  0
LINE
  5
B65
330
1A
100
AcDbEntity
  8
BLACK
  6
CONTINUOUS
100
AcDbLine
 10
0.5029717322834646
 20
3.4094840157480313
 30
0
 11
0.5030307480314961
 21
3.4094328346456693
 31
0
  0
LINE
  5
B66
330
1A
100
AcDbEntity
  8
BLACK
  6
CONTINUOUS
100
AcDbLine
 10
0.5030307480314961
 20
3.4094328346456693
 30
0
 11
0.5030866929133858
 21
3.409343897637795
 31
0
  0
LINE
  5
B67
330
1A
100
AcDbEntity
  8
BLACK
  6
CONTINUOUS
100
AcDbLine
 10
0.5030866929133858
 20
3.409343897637795
 30
0
 11
0.503153188976378
 21
3.4092629133858265
 31
0
  0
LINE
  5
B68
330
1A
100
AcDbEntity
  8
BLACK
  6
CONTINUOUS
100
AcDbLine
 10
0.503153188976378
 20
3.4092629133858265
 30
0
 11
0.5031829921259843
 21
3.4091909842519685
 31
0
  0
LINE
  5
B69
330
1A
100
AcDbEntity
  8
BLACK
  6
CONTINUOUS
100
AcDbLine
 10
0.5031829921259843
 20
3.4091909842519685
 30
0
 11
0.5033390944881889
 21
3.4089429527559054
 31
0
  0
LINE
  5
B6A
330
1A
100
AcDbEntity
  8
BLACK
  6
CONTINUOUS
100
AcDbLine
 10
0.5033390944881889
 20
3.4089429527559054
 30
0
 11
0.5052138582677165
 21
3.4051934251968503
 31
0
  0
LINE
  5
B6B
330
1A
100
AcDbEntity
  8
BLACK
  6
CONTINUOUS
100
AcDbLine
 10
0.5052138582677165
 20
3.4051934251968503
 30
0
 11
0.5054207480314961
 21
3.404652834645669
 31
0
  0
LINE
  5
B6C
330
1A
100
AcDbEntity
  8
BLACK
  6
CONTINUOUS
100
AcDbLine
 10
0.5054207480314961
 20
3.404652834645669
 30
0
 11
0.5054282677165354
 21
3.4045469685039369
 31
0
  0
LINE
  5
B6D
330
1A
100
AcDbEntity
  8
BLACK
  6
CONTINUOUS
100
AcDbLine
 10
0.5054282677165354
 20
3.4045469685039369
 30
0
 11
0.5054688582677165
 21
3.4044489763779526
 31
0
  0
LINE
  5
B6E
330
1A
100
AcDbEntity
  8
BLACK
  6
CONTINUOUS
100
AcDbLine
 10
0.5054688582677165
 20
3.4044489763779526
 30
0
 11
0.5055255905511811
 21
3.4038729133858268
 31
0
  0
LINE
  5
B6F
330
1A
100
AcDbEntity
  8
BLACK
  6
CONTINUOUS
100
AcDbLine
 10
0.5055255905511811
 20
3.4038729133858268
 30
0
 11
0.5055255905511811
 21
3.3926243307086614
 31
0
  0
LINE
  5
B70
330
1A
100
AcDbEntity
  8
BLACK
  6
CONTINUOUS
100
AcDbLine
 10
0.5055255905511811
 20
3.3926243307086614
 30
0
 11
0.5054688582677165
 21
3.3920482677165356
 31
0
  0
LINE
  5
B71
330
1A
100
AcDbEntity
  8
BLACK
  6
CONTINUOUS
100
AcDbLine
 10
0.5054688582677165
 20
3.3920482677165356
 30
0
 11
0.5054282677165354
 21
3.39195031496063
 31
0
  0
LINE
  5
B72
330
1A
100
AcDbEntity
  8
BLACK
  6
CONTINUOUS
100
AcDbLine
 10
0.5054282677165354
 20
3.39195031496063
 30
0
 11
0.5054207480314961
 21
3.3918444094488187
 31
0
  0
LINE
  5
B73
330
1A
100
AcDbEntity
  8
BLACK
  6
CONTINUOUS
100
AcDbLine
 10
0.5054207480314961
 20
3.3918444094488187
 30
0
 11
0.5052138582677165
 21
3.3913038188976379
 31
0
  0
LINE
  5
B74
330
1A
100
AcDbEntity
  8
BLACK
  6
CONTINUOUS
100
AcDbLine
 10
0.5052138582677165
 20
3.3913038188976379
 30
0
 11
0.5033390944881889
 21
3.3875542913385828
 31
0
  0
LINE
  5
B75
330
1A
100
AcDbEntity
  8
BLACK
  6
CONTINUOUS
100
AcDbLine
 10
0.5033390944881889
 20
3.3875542913385828
 30
0
 11
0.503183031496063
 21
3.3873064173228347
 31
0
  0
LINE
  5
B76
330
1A
100
AcDbEntity
  8
BLACK
  6
CONTINUOUS
100
AcDbLine
 10
0.503183031496063
 20
3.3873064173228347
 30
0
 11
0.5031532283464567
 21
3.38723437007874
 31
0
  0
LINE
  5
B77
330
1A
100
AcDbEntity
  8
BLACK
  6
CONTINUOUS
100
AcDbLine
 10
0.5031532283464567
 20
3.38723437007874
 30
0
 11
0.5030866929133858
 21
3.3871533464566927
 31
0
  0
LINE
  5
B78
330
1A
100
AcDbEntity
  8
BLACK
  6
CONTINUOUS
100
AcDbLine
 10
0.5030866929133858
 20
3.3871533464566927
 30
0
 11
0.5030307480314961
 21
3.3870644094488189
 31
0
  0
LINE
  5
B79
330
1A
100
AcDbEntity
  8
BLACK
  6
CONTINUOUS
100
AcDbLine
 10
0.5030307480314961
 20
3.3870644094488189
 30
0
 11
0.5029717322834646
 21
3.3870132677165352
 31
0
  0
LINE
  5
B7A
330
1A
100
AcDbEntity
  8
BLACK
  6
CONTINUOUS
100
AcDbLine
 10
0.5029717322834646
 20
3.3870132677165352
 30
0
 11
0.5027859842519685
 21
3.3867868897637794
 31
0
  0
LINE
  5
B7B
330
1A
100
AcDbEntity
  8
BLACK
  6
CONTINUOUS
100
AcDbLine
 10
0.5027859842519685
 20
3.3867868897637794
 30
0
 11
0.5009112598425197
 21
3.3849121259842518
 31
0
  0
LINE
  5
B7C
330
1A
100
AcDbEntity
  8
BLACK
  6
CONTINUOUS
100
AcDbLine
 10
0.5009112598425197
 20
3.3849121259842518
 30
0
 11
0.5006848818897638
 21
3.3847263779527559
 31
0
  0
LINE
  5
B7D
330
1A
100
AcDbEntity
  8
BLACK
  6
CONTINUOUS
100
AcDbLine
 10
0.5006848818897638
 20
3.3847263779527559
 30
0
 11
0.5006337007874015
 21
3.3846673228346456
 31
0
  0
LINE
  5
B7E
330
1A
100
AcDbEntity
  8
BLACK
  6
CONTINUOUS
100
AcDbLine
 10
0.5006337007874015
 20
3.3846673228346456
 30
0
 11
0.5005447244094489
 21
3.384611338582677
 31
0
  0
LINE
  5
B7F
330
1A
100
AcDbEntity
  8
BLACK
  6
CONTINUOUS
100
AcDbLine
 10
0.5005447244094489
 20
3.384611338582677
 30
0
 11
0.500463779527559
 21
3.3845448818897639
 31
0
  0
LINE
  5
B80
330
1A
100
AcDbEntity
  8
BLACK
  6
CONTINUOUS
100
AcDbLine
 10
0.500463779527559
 20
3.3845448818897639
 30
0
 11
0.5003918110236221
 21
3.3845150787401574
 31
0
  0
LINE
  5
B81
330
1A
100
AcDbEntity
  8
BLACK
  6
CONTINUOUS
100
AcDbLine
 10
0.5003918110236221
 20
3.3845150787401574
 30
0
 11
0.5001438188976378
 21
3.3843589763779525
 31
0
  0
LINE
  5
B82
330
1A
100
AcDbEntity
  8
BLACK
  6
CONTINUOUS
100
AcDbLine
 10
0.5001438188976378
 20
3.3843589763779525
 30
0
 11
0.4963942913385826
 21
3.3824842125984249
 31
0
  0
LINE
  5
B83
330
1A
100
AcDbEntity
  8
BLACK
  6
CONTINUOUS
100
AcDbLine
 10
0.4963942913385826
 20
3.3824842125984249
 30
0
 11
0.4958536614173228
 21
3.3822773228346454
 31
0
  0
LINE
  5
B84
330
1A
100
AcDbEntity
  8
BLACK
  6
CONTINUOUS
100
AcDbLine
 10
0.4958536614173228
 20
3.3822773228346454
 30
0
 11
0.4957478346456693
 21
3.3822698425196851
 31
0
  0
LINE
  5
B85
330
1A
100
AcDbEntity
  8
BLACK
  6
CONTINUOUS
100
AcDbLine
 10
0.4957478346456693
 20
3.3822698425196851
 30
0
 11
0.495649842519685
 21
3.3822292125984252
 31
0
  0
LINE
  5
B86
330
1A
100
AcDbEntity
  8
BLACK
  6
CONTINUOUS
100
AcDbLine
 10
0.495649842519685
 20
3.3822292125984252
 30
0
 11
0.495073779527559
 21
3.3821724803149604
 31
0
  0
LINE
  5
B87
330
1A
100
AcDbEntity
  8
BLACK
  6
CONTINUOUS
100
AcDbLine
 10
0.495073779527559
 20
3.3821724803149604
 30
0
 11
0.4894494881889764
 21
3.3821724803149604
 31
0
  0
LINE
  5
B88
330
1A
100
AcDbEntity
  8
BLACK
  6
CONTINUOUS
100
AcDbLine
 10
0.4894494881889764
 20
3.3821724803149604
 30
0
 11
0.4888734251968504
 21
3.3822292125984252
 31
0
  0
LINE
  5
B89
330
1A
100
AcDbEntity
  8
BLACK
  6
CONTINUOUS
100
AcDbLine
 10
0.4888734251968504
 20
3.3822292125984252
 30
0
 11
0.4887754330708661
 21
3.3822698031496063
 31
0
  0
LINE
  5
B8A
330
1A
100
AcDbEntity
  8
BLACK
  6
CONTINUOUS
100
AcDbLine
 10
0.4887754330708661
 20
3.3822698031496063
 30
0
 11
0.4886695669291338
 21
3.3822773228346454
 31
0
  0
LINE
  5
B8B
330
1A
100
AcDbEntity
  8
BLACK
  6
CONTINUOUS
100
AcDbLine
 10
0.4886695669291338
 20
3.3822773228346454
 30
0
 11
0.4881289763779528
 21
3.3824842125984249
 31
0
  0
LINE
  5
B8C
330
1A
100
AcDbEntity
  8
BLACK
  6
CONTINUOUS
100
AcDbLine
 10
0.4881289763779528
 20
3.3824842125984249
 30
0
 11
0.4843794488188976
 21
3.3843589763779525
 31
0
  0
LINE
  5
B8D
330
1A
100
AcDbEntity
  8
BLACK
  6
CONTINUOUS
100
AcDbLine
 10
0.4843794488188976
 20
3.3843589763779525
 30
0
 11
0.4841314173228347
 21
3.3845150787401574
 31
0
  0
LINE
  5
B8E
330
1A
100
AcDbEntity
  8
BLACK
  6
CONTINUOUS
100
AcDbLine
 10
0.4841314173228347
 20
3.3845150787401574
 30
0
 11
0.4840594881889764
 21
3.3845448818897639
 31
0
  0
LINE
  5
B8F
330
1A
100
AcDbEntity
  8
BLACK
  6
CONTINUOUS
100
AcDbLine
 10
0.4840594881889764
 20
3.3845448818897639
 30
0
 11
0.4839785039370079
 21
3.384611338582677
 31
0
  0
LINE
  5
B90
330
1A
100
AcDbEntity
  8
BLACK
  6
CONTINUOUS
100
AcDbLine
 10
0.4839785039370079
 20
3.384611338582677
 30
0
 11
0.4838895669291339
 21
3.3846673228346456
 31
0
  0
LINE
  5
B91
330
1A
100
AcDbEntity
  8
BLACK
  6
CONTINUOUS
100
AcDbLine
 10
0.4838895669291339
 20
3.3846673228346456
 30
0
 11
0.4838383464566929
 21
3.3847263779527559
 31
0
  0
LINE
  5
B92
330
1A
100
AcDbEntity
  8
BLACK
  6
CONTINUOUS
100
AcDbLine
 10
0.4838383464566929
 20
3.3847263779527559
 30
0
 11
0.4836120078740158
 21
3.3849121259842518
 31
0
  0
LINE
  5
B93
330
1A
100
AcDbEntity
  8
BLACK
  6
CONTINUOUS
100
AcDbLine
 10
0.4836120078740158
 20
3.3849121259842518
 30
0
 11
0.4817372440944882
 21
3.3867869291338581
 31
0
  0
LINE
  5
B94
330
1A
100
AcDbEntity
  8
BLACK
  6
CONTINUOUS
100
AcDbLine
 10
0.4817372440944882
 20
3.3867869291338581
 30
0
 11
0.4815514960629921
 21
3.3870132677165352
 31
0
  0
LINE
  5
B95
330
1A
100
AcDbEntity
  8
BLACK
  6
CONTINUOUS
100
AcDbLine
 10
0.4815514960629921
 20
3.3870132677165352
 30
0
 11
0.4814925196850394
 21
3.3870644094488189
 31
0
  0
LINE
  5
B96
330
1A
100
AcDbEntity
  8
BLACK
  6
CONTINUOUS
100
AcDbLine
 10
0.4814925196850394
 20
3.3870644094488189
 30
0
 11
0.4814365354330709
 21
3.3871533464566927
 31
0
  0
LINE
  5
B97
330
1A
100
AcDbEntity
  8
BLACK
  6
CONTINUOUS
100
AcDbLine
 10
0.4814365354330709
 20
3.3871533464566927
 30
0
 11
0.4813700393700787
 21
3.38723437007874
 31
0
  0
LINE
  5
B98
330
1A
100
AcDbEntity
  8
BLACK
  6
CONTINUOUS
100
AcDbLine
 10
0.4813700393700787
 20
3.38723437007874
 30
0
 11
0.4813401968503937
 21
3.3873064173228347
 31
0
  0
LINE
  5
B99
330
1A
100
AcDbEntity
  8
BLACK
  6
CONTINUOUS
100
AcDbLine
 10
0.4813401968503937
 20
3.3873064173228347
 30
0
 11
0.4811841732283464
 21
3.3875542913385828
 31
0
  0
LINE
  5
B9A
330
1A
100
AcDbEntity
  8
BLACK
  6
CONTINUOUS
100
AcDbLine
 10
0.4811841732283464
 20
3.3875542913385828
 30
0
 11
0.4793094094488189
 21
3.3913038188976379
 31
0
  0
LINE
  5
B9B
330
1A
100
AcDbEntity
  8
BLACK
  6
CONTINUOUS
100
AcDbLine
 10
0.4793094094488189
 20
3.3913038188976379
 30
0
 11
0.4791025196850394
 21
3.3918444488188975
 31
0
  0
LINE
  5
B9C
330
1A
100
AcDbEntity
  8
BLACK
  6
CONTINUOUS
100
AcDbLine
 10
0.4791025196850394
 20
3.3918444488188975
 30
0
 11
0.479095
 21
3.3919502755905513
 31
0
  0
LINE
  5
B9D
330
1A
100
AcDbEntity
  8
BLACK
  6
CONTINUOUS
100
AcDbLine
 10
0.479095
 20
3.3919502755905513
 30
0
 11
0.4790544094488189
 21
3.3920482677165356
 31
0
  0
LINE
  5
B9E
330
1A
100
AcDbEntity
  8
BLACK
  6
CONTINUOUS
100
AcDbLine
 10
0.4790544094488189
 20
3.3920482677165356
 30
0
 11
0.4789976771653543
 21
3.3926243307086614
 31
0
  0
LINE
  5
B9F
330
1A
100
AcDbEntity
  8
BLACK
  6
CONTINUOUS
100
AcDbLine
 10
0.4789976771653543
 20
3.3926243307086614
 30
0
 11
0.4789976771653543
 21
3.4038729133858268
 31
0
  0
LINE
  5
BA0
330
1A
100
AcDbEntity
  8
BLACK
  6
CONTINUOUS
100
AcDbLine
 10
0.4789976771653543
 20
3.4038729133858268
 30
0
 11
0.4790544094488189
 21
3.4044489763779526
 31
0
  0
LINE
  5
BA1
330
1A
100
AcDbEntity
  8
BLACK
  6
CONTINUOUS
100
AcDbLine
 10
0.4790544094488189
 20
3.4044489763779526
 30
0
 11
0.479095
 21
3.4045470078740157
 31
0
  0
LINE
  5
BA2
330
1A
100
AcDbEntity
  8
BLACK
  6
CONTINUOUS
100
AcDbLine
 10
0.479095
 20
3.4045470078740157
 30
0
 11
0.4791025196850394
 21
3.4046527952755903
 31
0
  0
LINE
  5
BA3
330
1A
100
AcDbEntity
  8
BLACK
  6
CONTINUOUS
100
AcDbLine
 10
0.4791025196850394
 20
3.4046527952755903
 30
0
 11
0.4793094094488189
 21
3.4051934251968503
 31
0
  0
LINE
  5
BA4
330
1A
100
AcDbEntity
  8
BLACK
  6
CONTINUOUS
100
AcDbLine
 10
0.4793094094488189
 20
3.4051934251968503
 30
0
 11
0.4811841732283464
 21
3.4089429527559054
 31
0
  0
LINE
  5
BA5
330
1A
100
AcDbEntity
  8
BLACK
  6
CONTINUOUS
100
AcDbLine
 10
0.4811841732283464
 20
3.4089429527559054
 30
0
 11
0.4813402362204725
 21
3.4091909842519685
 31
0
  0
LINE
  5
BA6
330
1A
100
AcDbEntity
  8
BLACK
  6
CONTINUOUS
100
AcDbLine
 10
0.4813402362204725
 20
3.4091909842519685
 30
0
 11
0.4813700787401575
 21
3.4092629133858265
 31
0
  0
LINE
  5
BA7
330
1A
100
AcDbEntity
  8
BLACK
  6
CONTINUOUS
100
AcDbLine
 10
0.4813700787401575
 20
3.4092629133858265
 30
0
 11
0.4814365354330709
 21
3.409343897637795
 31
0
  0
LINE
  5
BA8
330
1A
100
AcDbEntity
  8
BLACK
  6
CONTINUOUS
100
AcDbLine
 10
0.4814365354330709
 20
3.409343897637795
 30
0
 11
0.4814925196850394
 21
3.4094328346456693
 31
0
  0
LINE
  5
BA9
330
1A
100
AcDbEntity
  8
BLACK
  6
CONTINUOUS
100
AcDbLine
 10
0.4814925196850394
 20
3.4094328346456693
 30
0
 11
0.4815514960629921
 21
3.4094840157480313
 31
0
  0
LINE
  5
BAA
330
1A
100
AcDbEntity
  8
BLACK
  6
CONTINUOUS
100
AcDbLine
 10
0.4815514960629921
 20
3.4094840157480313
 30
0
 11
0.4817372834645669
 21
3.4097103543307088
 31
0
  0
LINE
  5
BAB
330
1A
100
AcDbEntity
  8
BLACK
  6
CONTINUOUS
100
AcDbLine
 10
0.4817372834645669
 20
3.4097103543307088
 30
0
 11
0.4836120472440945
 21
3.4115851181102363
 31
0
  0
LINE
  5
BAC
330
1A
100
AcDbEntity
  8
BLACK
  6
CONTINUOUS
100
AcDbLine
 10
0.4836120472440945
 20
3.4115851181102363
 30
0
 11
0.4838383858267716
 21
3.4117709055118111
 31
0
  0
LINE
  5
BAD
330
1A
100
AcDbEntity
  8
BLACK
  6
CONTINUOUS
100
AcDbLine
 10
0.4838383858267716
 20
3.4117709055118111
 30
0
 11
0.4838895669291339
 21
3.4118298818897639
 31
0
  0
LINE
  5
BAE
330
1A
100
AcDbEntity
  8
BLACK
  6
CONTINUOUS
100
AcDbLine
 10
0.4838895669291339
 20
3.4118298818897639
 30
0
 11
0.4839785039370079
 21
3.4118858661417324
 31
0
  0
LINE
  5
BAF
330
1A
100
AcDbEntity
  8
BLACK
  6
CONTINUOUS
100
AcDbLine
 10
0.4839785039370079
 20
3.4118858661417324
 30
0
 11
0.4840594881889764
 21
3.4119523228346456
 31
0
  0
LINE
  5
BB0
330
1A
100
AcDbEntity
  8
BLACK
  6
CONTINUOUS
100
AcDbLine
 10
0.4840594881889764
 20
3.4119523228346456
 30
0
 11
0.4841314173228347
 21
3.4119821653543307
 31
0
  0
LINE
  5
BB1
330
1A
100
AcDbEntity
  8
BLACK
  6
CONTINUOUS
100
AcDbLine
 10
0.4841314173228347
 20
3.4119821653543307
 30
0
 11
0.4843794488188976
 21
3.4121382283464565
 31
0
  0
LINE
  5
BB2
330
1A
100
AcDbEntity
  8
BLACK
  6
CONTINUOUS
100
AcDbLine
 10
0.4843794488188976
 20
3.4121382283464565
 30
0
 11
0.4881289763779528
 21
3.4140129921259841
 31
0
  0
LINE
  5
BB3
330
1A
100
AcDbEntity
  8
BLACK
  6
CONTINUOUS
100
AcDbLine
 10
0.4881289763779528
 20
3.4140129921259841
 30
0
 11
0.4886695669291338
 21
3.4142198818897636
 31
0
  0
LINE
  5
BB4
330
1A
100
AcDbEntity
  8
BLACK
  6
CONTINUOUS
100
AcDbLine
 10
0.4886695669291338
 20
3.4142198818897636
 30
0
 11
0.4887754330708661
 21
3.4142274409448818
 31
0
  0
LINE
  5
BB5
330
1A
100
AcDbEntity
  8
BLACK
  6
CONTINUOUS
100
AcDbLine
 10
0.4887754330708661
 20
3.4142274409448818
 30
0
 11
0.4888734251968504
 21
3.4142679921259842
 31
0
  0
LINE
  5
BB6
330
1A
100
AcDbEntity
  8
BLACK
  6
CONTINUOUS
100
AcDbLine
 10
0.4888734251968504
 20
3.4142679921259842
 30
0
 11
0.4894494881889764
 21
3.4143247244094486
 31
0
  0
LINE
  5
BB7
330
1A
100
AcDbEntity
  8
BLACK
  6
CONTINUOUS
100
AcDbLine
 10
0.4894494881889764
 20
3.4143247244094486
 30
0
 11
0.495073779527559
 21
3.4143247244094486
 31
0
  0
LINE
  5
BB8
330
1A
100
AcDbEntity
  8
BLACK
  6
CONTINUOUS
100
AcDbLine
 10
0.495073779527559
 20
3.4143247244094486
 30
0
 11
0.495649842519685
 21
3.4142679921259842
 31
0
  0
LINE
  5
BB9
330
1A
100
AcDbEntity
  8
BLACK
  6
CONTINUOUS
100
AcDbLine
 10
0.4874490551181102
 20
3.4070704724409446
 30
0
 11
0.4862519291338582
 21
3.4058733464566928
 31
0
  0
LINE
  5
BBA
330
1A
100
AcDbEntity
  8
BLACK
  6
CONTINUOUS
100
AcDbLine
 10
0.4862519291338582
 20
3.4058733464566928
 30
0
 11
0.484903188976378
 21
3.4031758661417322
 31
0
  0
LINE
  5
BBB
330
1A
100
AcDbEntity
  8
BLACK
  6
CONTINUOUS
100
AcDbLine
 10
0.484903188976378
 20
3.4031758661417322
 30
0
 11
0.484903188976378
 21
3.393321377952756
 31
0
  0
LINE
  5
BBC
330
1A
100
AcDbEntity
  8
BLACK
  6
CONTINUOUS
100
AcDbLine
 10
0.484903188976378
 20
3.393321377952756
 30
0
 11
0.4862519291338582
 21
3.3906238976377954
 31
0
  0
LINE
  5
BBD
330
1A
100
AcDbEntity
  8
BLACK
  6
CONTINUOUS
100
AcDbLine
 10
0.4862519291338582
 20
3.3906238976377954
 30
0
 11
0.4874490551181102
 21
3.3894267322834644
 31
0
  0
LINE
  5
BBE
330
1A
100
AcDbEntity
  8
BLACK
  6
CONTINUOUS
100
AcDbLine
 10
0.4874490551181102
 20
3.3894267322834644
 30
0
 11
0.4901465354330709
 21
3.388077992125984
 31
0
  0
LINE
  5
BBF
330
1A
100
AcDbEntity
  8
BLACK
  6
CONTINUOUS
100
AcDbLine
 10
0.4901465354330709
 20
3.388077992125984
 30
0
 11
0.4943767322834646
 21
3.388077992125984
 31
0
  0
LINE
  5
BC0
330
1A
100
AcDbEntity
  8
BLACK
  6
CONTINUOUS
100
AcDbLine
 10
0.4943767322834646
 20
3.388077992125984
 30
0
 11
0.4970741732283465
 21
3.3894267322834644
 31
0
  0
LINE
  5
BC1
330
1A
100
AcDbEntity
  8
BLACK
  6
CONTINUOUS
100
AcDbLine
 10
0.4970741732283465
 20
3.3894267322834644
 30
0
 11
0.4982712992125984
 21
3.3906238976377954
 31
0
  0
LINE
  5
BC2
330
1A
100
AcDbEntity
  8
BLACK
  6
CONTINUOUS
100
AcDbLine
 10
0.4982712992125984
 20
3.3906238976377954
 30
0
 11
0.4996200787401575
 21
3.393321377952756
 31
0
  0
LINE
  5
BC3
330
1A
100
AcDbEntity
  8
BLACK
  6
CONTINUOUS
100
AcDbLine
 10
0.4996200787401575
 20
3.393321377952756
 30
0
 11
0.4996200787401575
 21
3.4031758661417322
 31
0
  0
LINE
  5
BC4
330
1A
100
AcDbEntity
  8
BLACK
  6
CONTINUOUS
100
AcDbLine
 10
0.4996200787401575
 20
3.4031758661417322
 30
0
 11
0.4982713385826771
 21
3.4058733464566928
 31
0
  0
LINE
  5
BC5
330
1A
100
AcDbEntity
  8
BLACK
  6
CONTINUOUS
100
AcDbLine
 10
0.4982713385826771
 20
3.4058733464566928
 30
0
 11
0.4970742125984252
 21
3.4070704724409446
 31
0
  0
LINE
  5
BC6
330
1A
100
AcDbEntity
  8
BLACK
  6
CONTINUOUS
100
AcDbLine
 10
0.4970742125984252
 20
3.4070704724409446
 30
0
 11
0.4943767322834646
 21
3.408419212598425
 31
0
  0
LINE
  5
BC7
330
1A
100
AcDbEntity
  8
BLACK
  6
CONTINUOUS
100
AcDbLine
 10
0.4943767322834646
 20
3.408419212598425
 30
0
 11
0.4901465354330709
 21
3.408419212598425
 31
0
  0
LINE
  5
BC8
330
1A
100
AcDbEntity
  8
BLACK
  6
CONTINUOUS
100
AcDbLine
 10
0.4901465354330709
 20
3.408419212598425
 30
0
 11
0.4874490551181102
 21
3.4070704724409446
 31
0
  0
LINE
  5
BC9
330
1A
100
AcDbEntity
  8
BLACK
  6
CONTINUOUS
100
AcDbLine
 10
0.5650161811023622
 20
3.4142679921259842
 30
0
 11
0.5651141732283465
 21
3.4142274015748031
 31
0
  0
LINE
  5
BCA
330
1A
100
AcDbEntity
  8
BLACK
  6
CONTINUOUS
100
AcDbLine
 10
0.5651141732283465
 20
3.4142274015748031
 30
0
 11
0.5652199999999999
 21
3.4142198818897636
 31
0
  0
LINE
  5
BCB
330
1A
100
AcDbEntity
  8
BLACK
  6
CONTINUOUS
100
AcDbLine
 10
0.5652199999999999
 20
3.4142198818897636
 30
0
 11
0.5657606299212599
 21
3.4140129921259841
 31
0
  0
LINE
  5
BCC
330
1A
100
AcDbEntity
  8
BLACK
  6
CONTINUOUS
100
AcDbLine
 10
0.5657606299212599
 20
3.4140129921259841
 30
0
 11
0.569510157480315
 21
3.4121382283464565
 31
0
  0
LINE
  5
BCD
330
1A
100
AcDbEntity
  8
BLACK
  6
CONTINUOUS
100
AcDbLine
 10
0.569510157480315
 20
3.4121382283464565
 30
0
 11
0.5700000393700787
 21
3.4118298818897639
 31
0
  0
LINE
  5
BCE
330
1A
100
AcDbEntity
  8
BLACK
  6
CONTINUOUS
100
AcDbLine
 10
0.5700000393700787
 20
3.4118298818897639
 30
0
 11
0.5707548818897638
 21
3.4109594881889764
 31
0
  0
LINE
  5
BCF
330
1A
100
AcDbEntity
  8
BLACK
  6
CONTINUOUS
100
AcDbLine
 10
0.5707548818897638
 20
3.4109594881889764
 30
0
 11
0.5711192125984251
 21
3.4098665354330708
 31
0
  0
LINE
  5
BD0
330
1A
100
AcDbEntity
  8
BLACK
  6
CONTINUOUS
100
AcDbLine
 10
0.5711192125984251
 20
3.4098665354330708
 30
0
 11
0.5710375590551181
 21
3.4087173228346455
 31
0
  0
LINE
  5
BD1
330
1A
100
AcDbEntity
  8
BLACK
  6
CONTINUOUS
100
AcDbLine
 10
0.5710375590551181
 20
3.4087173228346455
 30
0
 11
0.5705222834645669
 21
3.407686811023622
 31
0
  0
LINE
  5
BD2
330
1A
100
AcDbEntity
  8
BLACK
  6
CONTINUOUS
100
AcDbLine
 10
0.5705222834645669
 20
3.407686811023622
 30
0
 11
0.5696519291338582
 21
3.4069319685039368
 31
0
  0
LINE
  5
BD3
330
1A
100
AcDbEntity
  8
BLACK
  6
CONTINUOUS
100
AcDbLine
 10
0.5696519291338582
 20
3.4069319685039368
 30
0
 11
0.568558937007874
 21
3.4065676377952756
 31
0
  0
LINE
  5
BD4
330
1A
100
AcDbEntity
  8
BLACK
  6
CONTINUOUS
100
AcDbLine
 10
0.568558937007874
 20
3.4065676377952756
 30
0
 11
0.5674097244094488
 21
3.4066492913385824
 31
0
  0
LINE
  5
BD5
330
1A
100
AcDbEntity
  8
BLACK
  6
CONTINUOUS
100
AcDbLine
 10
0.5674097244094488
 20
3.4066492913385824
 30
0
 11
0.5668691338582676
 21
3.4068561811023623
 31
0
  0
LINE
  5
BD6
330
1A
100
AcDbEntity
  8
BLACK
  6
CONTINUOUS
100
AcDbLine
 10
0.5668691338582676
 20
3.4068561811023623
 30
0
 11
0.5637430708661417
 21
3.408419212598425
 31
0
  0
LINE
  5
BD7
330
1A
100
AcDbEntity
  8
BLACK
  6
CONTINUOUS
100
AcDbLine
 10
0.5637430708661417
 20
3.408419212598425
 30
0
 11
0.559512874015748
 21
3.408419212598425
 31
0
  0
LINE
  5
BD8
330
1A
100
AcDbEntity
  8
BLACK
  6
CONTINUOUS
100
AcDbLine
 10
0.559512874015748
 20
3.408419212598425
 30
0
 11
0.557267125984252
 21
3.4072963779527559
 31
0
  0
LINE
  5
BD9
330
1A
100
AcDbEntity
  8
BLACK
  6
CONTINUOUS
100
AcDbLine
 10
0.557267125984252
 20
3.4072963779527559
 30
0
 11
0.5561442913385827
 21
3.4050506299212597
 31
0
  0
LINE
  5
BDA
330
1A
100
AcDbEntity
  8
BLACK
  6
CONTINUOUS
100
AcDbLine
 10
0.5561442913385827
 20
3.4050506299212597
 30
0
 11
0.5561442913385827
 21
3.4045699606299213
 31
0
  0
LINE
  5
BDB
330
1A
100
AcDbEntity
  8
BLACK
  6
CONTINUOUS
100
AcDbLine
 10
0.5561442913385827
 20
3.4045699606299213
 30
0
 11
0.557267125984252
 21
3.402324251968504
 31
0
  0
LINE
  5
BDC
330
1A
100
AcDbEntity
  8
BLACK
  6
CONTINUOUS
100
AcDbLine
 10
0.557267125984252
 20
3.402324251968504
 30
0
 11
0.559512874015748
 21
3.4012013779527557
 31
0
  0
LINE
  5
BDD
330
1A
100
AcDbEntity
  8
BLACK
  6
CONTINUOUS
100
AcDbLine
 10
0.559512874015748
 20
3.4012013779527557
 30
0
 11
0.5644401181102362
 21
3.4012013779527557
 31
0
  0
LINE
  5
BDE
330
1A
100
AcDbEntity
  8
BLACK
  6
CONTINUOUS
100
AcDbLine
 10
0.5644401181102362
 20
3.4012013779527557
 30
0
 11
0.5650161811023622
 21
3.4011446456692913
 31
0
  0
LINE
  5
BDF
330
1A
100
AcDbEntity
  8
BLACK
  6
CONTINUOUS
100
AcDbLine
 10
0.5650161811023622
 20
3.4011446456692913
 30
0
 11
0.5651141732283465
 21
3.4011040551181102
 31
0
  0
LINE
  5
BE0
330
1A
100
AcDbEntity
  8
BLACK
  6
CONTINUOUS
100
AcDbLine
 10
0.5651141732283465
 20
3.4011040551181102
 30
0
 11
0.5652199999999999
 21
3.4010965354330707
 31
0
  0
LINE
  5
BE1
330
1A
100
AcDbEntity
  8
BLACK
  6
CONTINUOUS
100
AcDbLine
 10
0.5652199999999999
 20
3.4010965354330707
 30
0
 11
0.5657606299212599
 21
3.4008896456692912
 31
0
  0
LINE
  5
BE2
330
1A
100
AcDbEntity
  8
BLACK
  6
CONTINUOUS
100
AcDbLine
 10
0.5657606299212599
 20
3.4008896456692912
 30
0
 11
0.569510157480315
 21
3.3990148818897636
 31
0
  0
LINE
  5
BE3
330
1A
100
AcDbEntity
  8
BLACK
  6
CONTINUOUS
100
AcDbLine
 10
0.569510157480315
 20
3.3990148818897636
 30
0
 11
0.5696064960629921
 21
3.3989542519685036
 31
0
  0
LINE
  5
BE4
330
1A
100
AcDbEntity
  8
BLACK
  6
CONTINUOUS
100
AcDbLine
 10
0.5696064960629921
 20
3.3989542519685036
 30
0
 11
0.5696519291338582
 21
3.3989390944881888
 31
0
  0
LINE
  5
BE5
330
1A
100
AcDbEntity
  8
BLACK
  6
CONTINUOUS
100
AcDbLine
 10
0.5696519291338582
 20
3.3989390944881888
 30
0
 11
0.5697084645669291
 21
3.3988900787401573
 31
0
  0
LINE
  5
BE6
330
1A
100
AcDbEntity
  8
BLACK
  6
CONTINUOUS
100
AcDbLine
 10
0.5697084645669291
 20
3.3988900787401573
 30
0
 11
0.5700000393700787
 21
3.398706535433071
 31
0
  0
LINE
  5
BE7
330
1A
100
AcDbEntity
  8
BLACK
  6
CONTINUOUS
100
AcDbLine
 10
0.5700000393700787
 20
3.398706535433071
 30
0
 11
0.5702425984251969
 21
3.3984268503937005
 31
0
  0
LINE
  5
BE8
330
1A
100
AcDbEntity
  8
BLACK
  6
CONTINUOUS
100
AcDbLine
 10
0.5702425984251969
 20
3.3984268503937005
 30
0
 11
0.5705223228346457
 21
3.3981842519685039
 31
0
  0
LINE
  5
BE9
330
1A
100
AcDbEntity
  8
BLACK
  6
CONTINUOUS
100
AcDbLine
 10
0.5705223228346457
 20
3.3981842519685039
 30
0
 11
0.5707058267716535
 21
3.3978927165354329
 31
0
  0
LINE
  5
BEA
330
1A
100
AcDbEntity
  8
BLACK
  6
CONTINUOUS
100
AcDbLine
 10
0.5707058267716535
 20
3.3978927165354329
 30
0
 11
0.5707548818897638
 21
3.3978361417322835
 31
0
  0
LINE
  5
BEB
330
1A
100
AcDbEntity
  8
BLACK
  6
CONTINUOUS
100
AcDbLine
 10
0.5707548818897638
 20
3.3978361417322835
 30
0
 11
0.57077
 21
3.3977907480314959
 31
0
  0
LINE
  5
BEC
330
1A
100
AcDbEntity
  8
BLACK
  6
CONTINUOUS
100
AcDbLine
 10
0.57077
 20
3.3977907480314959
 30
0
 11
0.5708306692913385
 21
3.3976943700787401
 31
0
  0
LINE
  5
BED
330
1A
100
AcDbEntity
  8
BLACK
  6
CONTINUOUS
100
AcDbLine
 10
0.5708306692913385
 20
3.3976943700787401
 30
0
 11
0.5727054330708661
 21
3.393944842519685
 31
0
  0
LINE
  5
BEE
330
1A
100
AcDbEntity
  8
BLACK
  6
CONTINUOUS
100
AcDbLine
 10
0.5727054330708661
 20
3.393944842519685
 30
0
 11
0.5729123228346457
 21
3.3934042519685037
 31
0
  0
LINE
  5
BEF
330
1A
100
AcDbEntity
  8
BLACK
  6
CONTINUOUS
100
AcDbLine
 10
0.5729123228346457
 20
3.3934042519685037
 30
0
 11
0.572919842519685
 21
3.3932983858267716
 31
0
  0
LINE
  5
BF0
330
1A
100
AcDbEntity
  8
BLACK
  6
CONTINUOUS
100
AcDbLine
 10
0.572919842519685
 20
3.3932983858267716
 30
0
 11
0.5729604330708661
 21
3.3932003937007873
 31
0
  0
LINE
  5
BF1
330
1A
100
AcDbEntity
  8
BLACK
  6
CONTINUOUS
100
AcDbLine
 10
0.5729604330708661
 20
3.3932003937007873
 30
0
 11
0.5730171653543307
 21
3.3926243307086614
 31
0
  0
LINE
  5
BF2
330
1A
100
AcDbEntity
  8
BLACK
  6
CONTINUOUS
100
AcDbLine
 10
0.5730171653543307
 20
3.3926243307086614
 30
0
 11
0.5730171653543307
 21
3.3907495669291339
 31
0
  0
LINE
  5
BF3
330
1A
100
AcDbEntity
  8
BLACK
  6
CONTINUOUS
100
AcDbLine
 10
0.5730171653543307
 20
3.3907495669291339
 30
0
 11
0.5729604330708661
 21
3.390173503937008
 31
0
  0
LINE
  5
BF4
330
1A
100
AcDbEntity
  8
BLACK
  6
CONTINUOUS
100
AcDbLine
 10
0.5729604330708661
 20
3.390173503937008
 30
0
 11
0.5729198031496063
 21
3.3900755118110237
 31
0
  0
LINE
  5
BF5
330
1A
100
AcDbEntity
  8
BLACK
  6
CONTINUOUS
100
AcDbLine
 10
0.5729198031496063
 20
3.3900755118110237
 30
0
 11
0.5729123228346457
 21
3.3899696850393699
 31
0
  0
LINE
  5
BF6
330
1A
100
AcDbEntity
  8
BLACK
  6
CONTINUOUS
100
AcDbLine
 10
0.5729123228346457
 20
3.3899696850393699
 30
0
 11
0.5727054330708661
 21
3.3894290551181103
 31
0
  0
LINE
  5
BF7
330
1A
100
AcDbEntity
  8
BLACK
  6
CONTINUOUS
100
AcDbLine
 10
0.5727054330708661
 20
3.3894290551181103
 30
0
 11
0.5708306692913385
 21
3.3856794881889765
 31
0
  0
LINE
  5
BF8
330
1A
100
AcDbEntity
  8
BLACK
  6
CONTINUOUS
100
AcDbLine
 10
0.5708306692913385
 20
3.3856794881889765
 30
0
 11
0.57077
 21
3.3855831496062989
 31
0
  0
LINE
  5
BF9
330
1A
100
AcDbEntity
  8
BLACK
  6
CONTINUOUS
100
AcDbLine
 10
0.57077
 20
3.3855831496062989
 30
0
 11
0.5707548818897638
 21
3.385537716535433
 31
0
  0
LINE
  5
BFA
330
1A
100
AcDbEntity
  8
BLACK
  6
CONTINUOUS
100
AcDbLine
 10
0.5707548818897638
 20
3.385537716535433
 30
0
 11
0.5707058267716535
 21
3.385481181102362
 31
0
  0
LINE
  5
BFB
330
1A
100
AcDbEntity
  8
BLACK
  6
CONTINUOUS
100
AcDbLine
 10
0.5707058267716535
 20
3.385481181102362
 30
0
 11
0.5705223228346457
 21
3.3851896062992126
 31
0
  0
LINE
  5
BFC
330
1A
100
AcDbEntity
  8
BLACK
  6
CONTINUOUS
100
AcDbLine
 10
0.5705223228346457
 20
3.3851896062992126
 30
0
 11
0.5702425984251969
 21
3.3849470472440943
 31
0
  0
LINE
  5
BFD
330
1A
100
AcDbEntity
  8
BLACK
  6
CONTINUOUS
100
AcDbLine
 10
0.5702425984251969
 20
3.3849470472440943
 30
0
 11
0.5700000393700787
 21
3.3846673228346456
 31
0
  0
LINE
  5
BFE
330
1A
100
AcDbEntity
  8
BLACK
  6
CONTINUOUS
100
AcDbLine
 10
0.5700000393700787
 20
3.3846673228346456
 30
0
 11
0.5697084645669291
 21
3.3844838188976376
 31
0
  0
LINE
  5
BFF
330
1A
100
AcDbEntity
  8
BLACK
  6
CONTINUOUS
100
AcDbLine
 10
0.5697084645669291
 20
3.3844838188976376
 30
0
 11
0.5696519291338582
 21
3.3844347637795273
 31
0
  0
LINE
  5
C00
330
1A
100
AcDbEntity
  8
BLACK
  6
CONTINUOUS
100
AcDbLine
 10
0.5696519291338582
 20
3.3844347637795273
 30
0
 11
0.5696064960629921
 21
3.3844196456692912
 31
0
  0
LINE
  5
C01
330
1A
100
AcDbEntity
  8
BLACK
  6
CONTINUOUS
100
AcDbLine
 10
0.5696064960629921
 20
3.3844196456692912
 30
0
 11
0.569510157480315
 21
3.3843589763779525
 31
0
  0
LINE
  5
C02
330
1A
100
AcDbEntity
  8
BLACK
  6
CONTINUOUS
100
AcDbLine
 10
0.569510157480315
 20
3.3843589763779525
 30
0
 11
0.5657606299212599
 21
3.3824842125984249
 31
0
  0
LINE
  5
C03
330
1A
100
AcDbEntity
  8
BLACK
  6
CONTINUOUS
100
AcDbLine
 10
0.5657606299212599
 20
3.3824842125984249
 30
0
 11
0.5652199999999999
 21
3.3822773228346454
 31
0
  0
LINE
  5
C04
330
1A
100
AcDbEntity
  8
BLACK
  6
CONTINUOUS
100
AcDbLine
 10
0.5652199999999999
 20
3.3822773228346454
 30
0
 11
0.5651141732283465
 21
3.3822698425196851
 31
0
  0
LINE
  5
C05
330
1A
100
AcDbEntity
  8
BLACK
  6
CONTINUOUS
100
AcDbLine
 10
0.5651141732283465
 20
3.3822698425196851
 30
0
 11
0.5650161811023622
 21
3.3822292125984252
 31
0
  0
LINE
  5
C06
330
1A
100
AcDbEntity
  8
BLACK
  6
CONTINUOUS
100
AcDbLine
 10
0.5650161811023622
 20
3.3822292125984252
 30
0
 11
0.5644401181102362
 21
3.3821724803149604
 31
0
  0
LINE
  5
C07
330
1A
100
AcDbEntity
  8
BLACK
  6
CONTINUOUS
100
AcDbLine
 10
0.5644401181102362
 20
3.3821724803149604
 30
0
 11
0.556941062992126
 21
3.3821724803149604
 31
0
  0
LINE
  5
C08
330
1A
100
AcDbEntity
  8
BLACK
  6
CONTINUOUS
100
AcDbLine
 10
0.556941062992126
 20
3.3821724803149604
 30
0
 11
0.556365
 21
3.3822292125984252
 31
0
  0
LINE
  5
C09
330
1A
100
AcDbEntity
  8
BLACK
  6
CONTINUOUS
100
AcDbLine
 10
0.556365
 20
3.3822292125984252
 30
0
 11
0.5562670078740157
 21
3.3822698031496063
 31
0
  0
LINE
  5
C0A
330
1A
100
AcDbEntity
  8
BLACK
  6
CONTINUOUS
100
AcDbLine
 10
0.5562670078740157
 20
3.3822698031496063
 30
0
 11
0.5561611417322835
 21
3.3822773228346454
 31
0
  0
LINE
  5
C0B
330
1A
100
AcDbEntity
  8
BLACK
  6
CONTINUOUS
100
AcDbLine
 10
0.5561611417322835
 20
3.3822773228346454
 30
0
 11
0.5556205511811023
 21
3.3824842125984249
 31
0
  0
LINE
  5
C0C
330
1A
100
AcDbEntity
  8
BLACK
  6
CONTINUOUS
100
AcDbLine
 10
0.5556205511811023
 20
3.3824842125984249
 30
0
 11
0.5518710236220472
 21
3.3843589763779525
 31
0
  0
LINE
  5
C0D
330
1A
100
AcDbEntity
  8
BLACK
  6
CONTINUOUS
100
AcDbLine
 10
0.5518710236220472
 20
3.3843589763779525
 30
0
 11
0.5513811417322835
 21
3.3846673228346456
 31
0
  0
LINE
  5
C0E
330
1A
100
AcDbEntity
  8
BLACK
  6
CONTINUOUS
100
AcDbLine
 10
0.5513811417322835
 20
3.3846673228346456
 30
0
 11
0.5506262992125984
 21
3.385537716535433
 31
0
  0
LINE
  5
C0F
330
1A
100
AcDbEntity
  8
BLACK
  6
CONTINUOUS
100
AcDbLine
 10
0.5506262992125984
 20
3.385537716535433
 30
0
 11
0.550261968503937
 21
3.3866306692913386
 31
0
  0
LINE
  5
C10
330
1A
100
AcDbEntity
  8
BLACK
  6
CONTINUOUS
100
AcDbLine
 10
0.550261968503937
 20
3.3866306692913386
 30
0
 11
0.5503436220472441
 21
3.3877798818897635
 31
0
  0
LINE
  5
C11
330
1A
100
AcDbEntity
  8
BLACK
  6
CONTINUOUS
100
AcDbLine
 10
0.5503436220472441
 20
3.3877798818897635
 30
0
 11
0.5508588582677165
 21
3.3888103937007874
 31
0
  0
LINE
  5
C12
330
1A
100
AcDbEntity
  8
BLACK
  6
CONTINUOUS
100
AcDbLine
 10
0.5508588582677165
 20
3.3888103937007874
 30
0
 11
0.551729251968504
 21
3.3895652362204722
 31
0
  0
LINE
  5
C13
330
1A
100
AcDbEntity
  8
BLACK
  6
CONTINUOUS
100
AcDbLine
 10
0.551729251968504
 20
3.3895652362204722
 30
0
 11
0.5528222047244095
 21
3.3899295669291338
 31
0
  0
LINE
  5
C14
330
1A
100
AcDbEntity
  8
BLACK
  6
CONTINUOUS
100
AcDbLine
 10
0.5528222047244095
 20
3.3899295669291338
 30
0
 11
0.5539714173228346
 21
3.3898479133858266
 31
0
  0
LINE
  5
C15
330
1A
100
AcDbEntity
  8
BLACK
  6
CONTINUOUS
100
AcDbLine
 10
0.5539714173228346
 20
3.3898479133858266
 30
0
 11
0.5545120472440945
 21
3.3896410236220471
 31
0
  0
LINE
  5
C16
330
1A
100
AcDbEntity
  8
BLACK
  6
CONTINUOUS
100
AcDbLine
 10
0.5545120472440945
 20
3.3896410236220471
 30
0
 11
0.5576381102362205
 21
3.388077992125984
 31
0
  0
LINE
  5
C17
330
1A
100
AcDbEntity
  8
BLACK
  6
CONTINUOUS
100
AcDbLine
 10
0.5576381102362205
 20
3.388077992125984
 30
0
 11
0.5637430708661417
 21
3.388077992125984
 31
0
  0
LINE
  5
C18
330
1A
100
AcDbEntity
  8
BLACK
  6
CONTINUOUS
100
AcDbLine
 10
0.5637430708661417
 20
3.388077992125984
 30
0
 11
0.565988779527559
 21
3.3892008661417323
 31
0
  0
LINE
  5
C19
330
1A
100
AcDbEntity
  8
BLACK
  6
CONTINUOUS
100
AcDbLine
 10
0.565988779527559
 20
3.3892008661417323
 30
0
 11
0.5671116535433071
 21
3.3914466141732285
 31
0
  0
LINE
  5
C1A
330
1A
100
AcDbEntity
  8
BLACK
  6
CONTINUOUS
100
AcDbLine
 10
0.5671116535433071
 20
3.3914466141732285
 30
0
 11
0.5671116535433071
 21
3.3919272834645668
 31
0
  0
LINE
  5
C1B
330
1A
100
AcDbEntity
  8
BLACK
  6
CONTINUOUS
100
AcDbLine
 10
0.5671116535433071
 20
3.3919272834645668
 30
0
 11
0.565988779527559
 21
3.394173031496063
 31
0
  0
LINE
  5
C1C
330
1A
100
AcDbEntity
  8
BLACK
  6
CONTINUOUS
100
AcDbLine
 10
0.565988779527559
 20
3.394173031496063
 30
0
 11
0.5637430708661417
 21
3.3952958661417321
 31
0
  0
LINE
  5
C1D
330
1A
100
AcDbEntity
  8
BLACK
  6
CONTINUOUS
100
AcDbLine
 10
0.5637430708661417
 20
3.3952958661417321
 30
0
 11
0.5588158267716535
 21
3.3952958661417321
 31
0
  0
LINE
  5
C1E
330
1A
100
AcDbEntity
  8
BLACK
  6
CONTINUOUS
100
AcDbLine
 10
0.5588158267716535
 20
3.3952958661417321
 30
0
 11
0.5582397637795276
 21
3.3953525984251969
 31
0
  0
LINE
  5
C1F
330
1A
100
AcDbEntity
  8
BLACK
  6
CONTINUOUS
100
AcDbLine
 10
0.5582397637795276
 20
3.3953525984251969
 30
0
 11
0.5581417716535433
 21
3.395393188976378
 31
0
  0
LINE
  5
C20
330
1A
100
AcDbEntity
  8
BLACK
  6
CONTINUOUS
100
AcDbLine
 10
0.5581417716535433
 20
3.395393188976378
 30
0
 11
0.558035905511811
 21
3.3954007086614171
 31
0
  0
LINE
  5
C21
330
1A
100
AcDbEntity
  8
BLACK
  6
CONTINUOUS
100
AcDbLine
 10
0.558035905511811
 20
3.3954007086614171
 30
0
 11
0.5574953149606299
 21
3.395607598425197
 31
0
  0
LINE
  5
C22
330
1A
100
AcDbEntity
  8
BLACK
  6
CONTINUOUS
100
AcDbLine
 10
0.5574953149606299
 20
3.395607598425197
 30
0
 11
0.5537457874015748
 21
3.3974823622047245
 31
0
  0
LINE
  5
C23
330
1A
100
AcDbEntity
  8
BLACK
  6
CONTINUOUS
100
AcDbLine
 10
0.5537457874015748
 20
3.3974823622047245
 30
0
 11
0.5536494094488189
 21
3.3975430314960628
 31
0
  0
LINE
  5
C24
330
1A
100
AcDbEntity
  8
BLACK
  6
CONTINUOUS
100
AcDbLine
 10
0.5536494094488189
 20
3.3975430314960628
 30
0
 11
0.5536040157480315
 21
3.397558149606299
 31
0
  0
LINE
  5
C25
330
1A
100
AcDbEntity
  8
BLACK
  6
CONTINUOUS
100
AcDbLine
 10
0.5536040157480315
 20
3.397558149606299
 30
0
 11
0.5535474409448818
 21
3.3976072047244092
 31
0
  0
LINE
  5
C26
330
1A
100
AcDbEntity
  8
BLACK
  6
CONTINUOUS
100
AcDbLine
 10
0.5535474409448818
 20
3.3976072047244092
 30
0
 11
0.553255905511811
 21
3.3977907086614172
 31
0
  0
LINE
  5
C27
330
1A
100
AcDbEntity
  8
BLACK
  6
CONTINUOUS
100
AcDbLine
 10
0.553255905511811
 20
3.3977907086614172
 30
0
 11
0.5530133070866141
 21
3.398070433070866
 31
0
  0
LINE
  5
C28
330
1A
100
AcDbEntity
  8
BLACK
  6
CONTINUOUS
100
AcDbLine
 10
0.5530133070866141
 20
3.398070433070866
 30
0
 11
0.5527336220472441
 21
3.3983129921259843
 31
0
  0
LINE
  5
C29
330
1A
100
AcDbEntity
  8
BLACK
  6
CONTINUOUS
100
AcDbLine
 10
0.5527336220472441
 20
3.3983129921259843
 30
0
 11
0.5525500787401575
 21
3.3986045669291336
 31
0
  0
LINE
  5
C2A
330
1A
100
AcDbEntity
  8
BLACK
  6
CONTINUOUS
100
AcDbLine
 10
0.5525500787401575
 20
3.3986045669291336
 30
0
 11
0.552501062992126
 21
3.3986611023622046
 31
0
  0
LINE
  5
C2B
330
1A
100
AcDbEntity
  8
BLACK
  6
CONTINUOUS
100
AcDbLine
 10
0.552501062992126
 20
3.3986611023622046
 30
0
 11
0.552485905511811
 21
3.398706535433071
 31
0
  0
LINE
  5
C2C
330
1A
100
AcDbEntity
  8
BLACK
  6
CONTINUOUS
100
AcDbLine
 10
0.552485905511811
 20
3.398706535433071
 30
0
 11
0.5524252755905512
 21
3.3988028740157481
 31
0
  0
LINE
  5
C2D
330
1A
100
AcDbEntity
  8
BLACK
  6
CONTINUOUS
100
AcDbLine
 10
0.5524252755905512
 20
3.3988028740157481
 30
0
 11
0.5505505118110237
 21
3.4025524015748032
 31
0
  0
LINE
  5
C2E
330
1A
100
AcDbEntity
  8
BLACK
  6
CONTINUOUS
100
AcDbLine
 10
0.5505505118110237
 20
3.4025524015748032
 30
0
 11
0.5503436220472441
 21
3.4030930314960628
 31
0
  0
LINE
  5
C2F
330
1A
100
AcDbEntity
  8
BLACK
  6
CONTINUOUS
100
AcDbLine
 10
0.5503436220472441
 20
3.4030930314960628
 30
0
 11
0.5503361023622048
 21
3.4031988582677166
 31
0
  0
LINE
  5
C30
330
1A
100
AcDbEntity
  8
BLACK
  6
CONTINUOUS
100
AcDbLine
 10
0.5503361023622048
 20
3.4031988582677166
 30
0
 11
0.5502955118110237
 21
3.4032968503937009
 31
0
  0
LINE
  5
C31
330
1A
100
AcDbEntity
  8
BLACK
  6
CONTINUOUS
100
AcDbLine
 10
0.5502955118110237
 20
3.4032968503937009
 30
0
 11
0.5502387795275591
 21
3.4038729133858268
 31
0
  0
LINE
  5
C32
330
1A
100
AcDbEntity
  8
BLACK
  6
CONTINUOUS
100
AcDbLine
 10
0.5502387795275591
 20
3.4038729133858268
 30
0
 11
0.5502387795275591
 21
3.4057476771653543
 31
0
  0
LINE
  5
C33
330
1A
100
AcDbEntity
  8
BLACK
  6
CONTINUOUS
100
AcDbLine
 10
0.5502387795275591
 20
3.4057476771653543
 30
0
 11
0.5502955118110237
 21
3.4063237401574802
 31
0
  0
LINE
  5
C34
330
1A
100
AcDbEntity
  8
BLACK
  6
CONTINUOUS
100
AcDbLine
 10
0.5502955118110237
 20
3.4063237401574802
 30
0
 11
0.5503361023622048
 21
3.4064217716535432
 31
0
  0
LINE
  5
C35
330
1A
100
AcDbEntity
  8
BLACK
  6
CONTINUOUS
100
AcDbLine
 10
0.5503361023622048
 20
3.4064217716535432
 30
0
 11
0.5503436220472441
 21
3.4065275590551178
 31
0
  0
LINE
  5
C36
330
1A
100
AcDbEntity
  8
BLACK
  6
CONTINUOUS
100
AcDbLine
 10
0.5503436220472441
 20
3.4065275590551178
 30
0
 11
0.5505505118110237
 21
3.4070681889763779
 31
0
  0
LINE
  5
C37
330
1A
100
AcDbEntity
  8
BLACK
  6
CONTINUOUS
100
AcDbLine
 10
0.5505505118110237
 20
3.4070681889763779
 30
0
 11
0.5524252755905512
 21
3.410817716535433
 31
0
  0
LINE
  5
C38
330
1A
100
AcDbEntity
  8
BLACK
  6
CONTINUOUS
100
AcDbLine
 10
0.5524252755905512
 20
3.410817716535433
 30
0
 11
0.552485905511811
 21
3.4109140944881888
 31
0
  0
LINE
  5
C39
330
1A
100
AcDbEntity
  8
BLACK
  6
CONTINUOUS
100
AcDbLine
 10
0.552485905511811
 20
3.4109140944881888
 30
0
 11
0.552501062992126
 21
3.4109594881889764
 31
0
  0
LINE
  5
C3A
330
1A
100
AcDbEntity
  8
BLACK
  6
CONTINUOUS
100
AcDbLine
 10
0.552501062992126
 20
3.4109594881889764
 30
0
 11
0.5525500787401575
 21
3.4110160629921258
 31
0
  0
LINE
  5
C3B
330
1A
100
AcDbEntity
  8
BLACK
  6
CONTINUOUS
100
AcDbLine
 10
0.5525500787401575
 20
3.4110160629921258
 30
0
 11
0.5527336220472441
 21
3.4113075984251968
 31
0
  0
LINE
  5
C3C
330
1A
100
AcDbEntity
  8
BLACK
  6
CONTINUOUS
100
AcDbLine
 10
0.5527336220472441
 20
3.4113075984251968
 30
0
 11
0.5530133070866141
 21
3.4115501968503934
 31
0
  0
LINE
  5
C3D
330
1A
100
AcDbEntity
  8
BLACK
  6
CONTINUOUS
100
AcDbLine
 10
0.5530133070866141
 20
3.4115501968503934
 30
0
 11
0.553255905511811
 21
3.4118298818897639
 31
0
  0
LINE
  5
C3E
330
1A
100
AcDbEntity
  8
BLACK
  6
CONTINUOUS
100
AcDbLine
 10
0.553255905511811
 20
3.4118298818897639
 30
0
 11
0.5535474409448818
 21
3.4120134251968501
 31
0
  0
LINE
  5
C3F
330
1A
100
AcDbEntity
  8
BLACK
  6
CONTINUOUS
100
AcDbLine
 10
0.5535474409448818
 20
3.4120134251968501
 30
0
 11
0.5536040157480315
 21
3.4120624409448816
 31
0
  0
LINE
  5
C40
330
1A
100
AcDbEntity
  8
BLACK
  6
CONTINUOUS
100
AcDbLine
 10
0.5536040157480315
 20
3.4120624409448816
 30
0
 11
0.5536494094488189
 21
3.412077598425197
 31
0
  0
LINE
  5
C41
330
1A
100
AcDbEntity
  8
BLACK
  6
CONTINUOUS
100
AcDbLine
 10
0.5536494094488189
 20
3.412077598425197
 30
0
 11
0.5537457874015748
 21
3.4121382283464565
 31
0
  0
LINE
  5
C42
330
1A
100
AcDbEntity
  8
BLACK
  6
CONTINUOUS
100
AcDbLine
 10
0.5537457874015748
 20
3.4121382283464565
 30
0
 11
0.5574953149606299
 21
3.4140129921259841
 31
0
  0
LINE
  5
C43
330
1A
100
AcDbEntity
  8
BLACK
  6
CONTINUOUS
100
AcDbLine
 10
0.5574953149606299
 20
3.4140129921259841
 30
0
 11
0.558035905511811
 21
3.4142198818897636
 31
0
  0
LINE
  5
C44
330
1A
100
AcDbEntity
  8
BLACK
  6
CONTINUOUS
100
AcDbLine
 10
0.558035905511811
 20
3.4142198818897636
 30
0
 11
0.5581417716535433
 21
3.4142274409448818
 31
0
  0
LINE
  5
C45
330
1A
100
AcDbEntity
  8
BLACK
  6
CONTINUOUS
100
AcDbLine
 10
0.5581417716535433
 20
3.4142274409448818
 30
0
 11
0.5582397637795276
 21
3.4142679921259842
 31
0
  0
LINE
  5
C46
330
1A
100
AcDbEntity
  8
BLACK
  6
CONTINUOUS
100
AcDbLine
 10
0.5582397637795276
 20
3.4142679921259842
 30
0
 11
0.5588158267716535
 21
3.4143247244094486
 31
0
  0
LINE
  5
C47
330
1A
100
AcDbEntity
  8
BLACK
  6
CONTINUOUS
100
AcDbLine
 10
0.5588158267716535
 20
3.4143247244094486
 30
0
 11
0.5644401181102362
 21
3.4143247244094486
 31
0
  0
LINE
  5
C48
330
1A
100
AcDbEntity
  8
BLACK
  6
CONTINUOUS
100
AcDbLine
 10
0.5644401181102362
 20
3.4143247244094486
 30
0
 11
0.5650161811023622
 21
3.4142679921259842
 31
0
  0
LINE
  5
C49
330
1A
100
AcDbEntity
  8
BLACK
  6
CONTINUOUS
100
AcDbLine
 10
0.1742545669291339
 20
3.426950433070866
 30
0
 11
0.1750692125984252
 21
3.4261357874015745
 31
0
  0
LINE
  5
C4A
330
1A
100
AcDbEntity
  8
BLACK
  6
CONTINUOUS
100
AcDbLine
 10
0.1750692125984252
 20
3.4261357874015745
 30
0
 11
0.1755101181102362
 21
3.4250713779527557
 31
0
  0
LINE
  5
C4B
330
1A
100
AcDbEntity
  8
BLACK
  6
CONTINUOUS
100
AcDbLine
 10
0.1755101181102362
 20
3.4250713779527557
 30
0
 11
0.1755668503937008
 21
3.4244953149606299
 31
0
  0
LINE
  5
C4C
330
1A
100
AcDbEntity
  8
BLACK
  6
CONTINUOUS
100
AcDbLine
 10
0.1755668503937008
 20
3.4244953149606299
 30
0
 11
0.1755668503937008
 21
3.3914466141732285
 31
0
  0
LINE
  5
C4D
330
1A
100
AcDbEntity
  8
BLACK
  6
CONTINUOUS
100
AcDbLine
 10
0.1755668503937008
 20
3.3914466141732285
 30
0
 11
0.1766896850393701
 21
3.3892008661417323
 31
0
  0
LINE
  5
C4E
330
1A
100
AcDbEntity
  8
BLACK
  6
CONTINUOUS
100
AcDbLine
 10
0.1766896850393701
 20
3.3892008661417323
 30
0
 11
0.1795588976377953
 21
3.3877662598425196
 31
0
  0
LINE
  5
C4F
330
1A
100
AcDbEntity
  8
BLACK
  6
CONTINUOUS
100
AcDbLine
 10
0.1795588976377953
 20
3.3877662598425196
 30
0
 11
0.180048779527559
 21
3.3874579133858269
 31
0
  0
LINE
  5
C50
330
1A
100
AcDbEntity
  8
BLACK
  6
CONTINUOUS
100
AcDbLine
 10
0.180048779527559
 20
3.3874579133858269
 30
0
 11
0.1808036220472441
 21
3.3865875196850395
 31
0
  0
LINE
  5
C51
330
1A
100
AcDbEntity
  8
BLACK
  6
CONTINUOUS
100
AcDbLine
 10
0.1808036220472441
 20
3.3865875196850395
 30
0
 11
0.1811679527559055
 21
3.3854945669291339
 31
0
  0
LINE
  5
C52
330
1A
100
AcDbEntity
  8
BLACK
  6
CONTINUOUS
100
AcDbLine
 10
0.1811679527559055
 20
3.3854945669291339
 30
0
 11
0.1810862992125984
 21
3.3843453543307085
 31
0
  0
LINE
  5
C53
330
1A
100
AcDbEntity
  8
BLACK
  6
CONTINUOUS
100
AcDbLine
 10
0.1810862992125984
 20
3.3843453543307085
 30
0
 11
0.1805710236220472
 21
3.3833148425196851
 31
0
  0
LINE
  5
C54
330
1A
100
AcDbEntity
  8
BLACK
  6
CONTINUOUS
100
AcDbLine
 10
0.1805710236220472
 20
3.3833148425196851
 30
0
 11
0.1797006692913386
 21
3.3825599999999998
 31
0
  0
LINE
  5
C55
330
1A
100
AcDbEntity
  8
BLACK
  6
CONTINUOUS
100
AcDbLine
 10
0.1797006692913386
 20
3.3825599999999998
 30
0
 11
0.1786076771653543
 21
3.3821956692913386
 31
0
  0
LINE
  5
C56
330
1A
100
AcDbEntity
  8
BLACK
  6
CONTINUOUS
100
AcDbLine
 10
0.1786076771653543
 20
3.3821956692913386
 30
0
 11
0.1774584645669291
 21
3.3822773228346454
 31
0
  0
LINE
  5
C57
330
1A
100
AcDbEntity
  8
BLACK
  6
CONTINUOUS
100
AcDbLine
 10
0.1774584645669291
 20
3.3822773228346454
 30
0
 11
0.176917874015748
 21
3.3824842125984249
 31
0
  0
LINE
  5
C58
330
1A
100
AcDbEntity
  8
BLACK
  6
CONTINUOUS
100
AcDbLine
 10
0.176917874015748
 20
3.3824842125984249
 30
0
 11
0.1731683464566929
 21
3.3843589763779525
 31
0
  0
LINE
  5
C59
330
1A
100
AcDbEntity
  8
BLACK
  6
CONTINUOUS
100
AcDbLine
 10
0.1731683464566929
 20
3.3843589763779525
 30
0
 11
0.173071968503937
 21
3.3844196456692912
 31
0
  0
LINE
  5
C5A
330
1A
100
AcDbEntity
  8
BLACK
  6
CONTINUOUS
100
AcDbLine
 10
0.173071968503937
 20
3.3844196456692912
 30
0
 11
0.1730265748031496
 21
3.3844347637795273
 31
0
  0
LINE
  5
C5B
330
1A
100
AcDbEntity
  8
BLACK
  6
CONTINUOUS
100
AcDbLine
 10
0.1730265748031496
 20
3.3844347637795273
 30
0
 11
0.17297
 21
3.3844838188976376
 31
0
  0
LINE
  5
C5C
330
1A
100
AcDbEntity
  8
BLACK
  6
CONTINUOUS
100
AcDbLine
 10
0.17297
 20
3.3844838188976376
 30
0
 11
0.1726784645669291
 21
3.3846673228346456
 31
0
  0
LINE
  5
C5D
330
1A
100
AcDbEntity
  8
BLACK
  6
CONTINUOUS
100
AcDbLine
 10
0.1726784645669291
 20
3.3846673228346456
 30
0
 11
0.1724357874015748
 21
3.3849471653543306
 31
0
  0
LINE
  5
C5E
330
1A
100
AcDbEntity
  8
BLACK
  6
CONTINUOUS
100
AcDbLine
 10
0.1724357874015748
 20
3.3849471653543306
 30
0
 11
0.1721561811023622
 21
3.3851896456692914
 31
0
  0
LINE
  5
C5F
330
1A
100
AcDbEntity
  8
BLACK
  6
CONTINUOUS
100
AcDbLine
 10
0.1721561811023622
 20
3.3851896456692914
 30
0
 11
0.1719726771653543
 21
3.3854811417322832
 31
0
  0
LINE
  5
C60
330
1A
100
AcDbEntity
  8
BLACK
  6
CONTINUOUS
100
AcDbLine
 10
0.1719726771653543
 20
3.3854811417322832
 30
0
 11
0.1719236220472441
 21
3.385537716535433
 31
0
  0
LINE
  5
C61
330
1A
100
AcDbEntity
  8
BLACK
  6
CONTINUOUS
100
AcDbLine
 10
0.1719236220472441
 20
3.385537716535433
 30
0
 11
0.1719084645669291
 21
3.3855831889763777
 31
0
  0
LINE
  5
C62
330
1A
100
AcDbEntity
  8
BLACK
  6
CONTINUOUS
100
AcDbLine
 10
0.1719084645669291
 20
3.3855831889763777
 30
0
 11
0.1718478346456693
 21
3.3856794881889765
 31
0
  0
LINE
  5
C63
330
1A
100
AcDbEntity
  8
BLACK
  6
CONTINUOUS
100
AcDbLine
 10
0.1718478346456693
 20
3.3856794881889765
 30
0
 11
0.1699730708661417
 21
3.3894290551181103
 31
0
  0
LINE
  5
C64
330
1A
100
AcDbEntity
  8
BLACK
  6
CONTINUOUS
100
AcDbLine
 10
0.1699730708661417
 20
3.3894290551181103
 30
0
 11
0.1697661811023622
 21
3.3899696850393699
 31
0
  0
LINE
  5
C65
330
1A
100
AcDbEntity
  8
BLACK
  6
CONTINUOUS
100
AcDbLine
 10
0.1697661811023622
 20
3.3899696850393699
 30
0
 11
0.1697586614173228
 21
3.3900755118110237
 31
0
  0
LINE
  5
C66
330
1A
100
AcDbEntity
  8
BLACK
  6
CONTINUOUS
100
AcDbLine
 10
0.1697586614173228
 20
3.3900755118110237
 30
0
 11
0.1697180708661417
 21
3.390173503937008
 31
0
  0
LINE
  5
C67
330
1A
100
AcDbEntity
  8
BLACK
  6
CONTINUOUS
100
AcDbLine
 10
0.1697180708661417
 20
3.390173503937008
 30
0
 11
0.1696613385826772
 21
3.3907495669291339
 31
0
  0
LINE
  5
C68
330
1A
100
AcDbEntity
  8
BLACK
  6
CONTINUOUS
100
AcDbLine
 10
0.1696613385826772
 20
3.3907495669291339
 30
0
 11
0.1696613385826772
 21
3.4244953149606299
 31
0
  0
LINE
  5
C69
330
1A
100
AcDbEntity
  8
BLACK
  6
CONTINUOUS
100
AcDbLine
 10
0.1696613385826772
 20
3.4244953149606299
 30
0
 11
0.1697180708661417
 21
3.4250713779527557
 31
0
  0
LINE
  5
C6A
330
1A
100
AcDbEntity
  8
BLACK
  6
CONTINUOUS
100
AcDbLine
 10
0.1697180708661417
 20
3.4250713779527557
 30
0
 11
0.1701589763779527
 21
3.4261357874015745
 31
0
  0
LINE
  5
C6B
330
1A
100
AcDbEntity
  8
BLACK
  6
CONTINUOUS
100
AcDbLine
 10
0.1701589763779527
 20
3.4261357874015745
 30
0
 11
0.1709736220472441
 21
3.426950433070866
 31
0
  0
LINE
  5
C6C
330
1A
100
AcDbEntity
  8
BLACK
  6
CONTINUOUS
100
AcDbLine
 10
0.1709736220472441
 20
3.426950433070866
 30
0
 11
0.172038031496063
 21
3.4273913385826771
 31
0
  0
LINE
  5
C6D
330
1A
100
AcDbEntity
  8
BLACK
  6
CONTINUOUS
100
AcDbLine
 10
0.172038031496063
 20
3.4273913385826771
 30
0
 11
0.173190157480315
 21
3.4273913385826771
 31
0
  0
LINE
  5
C6E
330
1A
100
AcDbEntity
  8
BLACK
  6
CONTINUOUS
100
AcDbLine
 10
0.173190157480315
 20
3.4273913385826771
 30
0
 11
0.1742545669291339
 21
3.426950433070866
 31
0
  0
LINE
  5
C6F
330
1A
100
AcDbEntity
  8
BLACK
  6
CONTINUOUS
100
AcDbLine
 10
0.0250836614173228
 20
3.4142679921259842
 30
0
 11
0.0251816535433071
 21
3.4142274015748031
 31
0
  0
LINE
  5
C70
330
1A
100
AcDbEntity
  8
BLACK
  6
CONTINUOUS
100
AcDbLine
 10
0.0251816535433071
 20
3.4142274015748031
 30
0
 11
0.0252874803149606
 21
3.4142198818897636
 31
0
  0
LINE
  5
C71
330
1A
100
AcDbEntity
  8
BLACK
  6
CONTINUOUS
100
AcDbLine
 10
0.0252874803149606
 20
3.4142198818897636
 30
0
 11
0.0258281102362205
 21
3.4140129921259841
 31
0
  0
LINE
  5
C72
330
1A
100
AcDbEntity
  8
BLACK
  6
CONTINUOUS
100
AcDbLine
 10
0.0258281102362205
 20
3.4140129921259841
 30
0
 11
0.0295776377952756
 21
3.4121382283464565
 31
0
  0
LINE
  5
C73
330
1A
100
AcDbEntity
  8
BLACK
  6
CONTINUOUS
100
AcDbLine
 10
0.0295776377952756
 20
3.4121382283464565
 30
0
 11
0.0296739763779528
 21
3.412077598425197
 31
0
  0
LINE
  5
C74
330
1A
100
AcDbEntity
  8
BLACK
  6
CONTINUOUS
100
AcDbLine
 10
0.0296739763779528
 20
3.412077598425197
 30
0
 11
0.0297194094488189
 21
3.4120624409448816
 31
0
  0
LINE
  5
C75
330
1A
100
AcDbEntity
  8
BLACK
  6
CONTINUOUS
100
AcDbLine
 10
0.0297194094488189
 20
3.4120624409448816
 30
0
 11
0.0297759448818898
 21
3.4120134251968501
 31
0
  0
LINE
  5
C76
330
1A
100
AcDbEntity
  8
BLACK
  6
CONTINUOUS
100
AcDbLine
 10
0.0297759448818898
 20
3.4120134251968501
 30
0
 11
0.0300675196850394
 21
3.4118298818897639
 31
0
  0
LINE
  5
C77
330
1A
100
AcDbEntity
  8
BLACK
  6
CONTINUOUS
100
AcDbLine
 10
0.0300675196850394
 20
3.4118298818897639
 30
0
 11
0.0301318897637795
 21
3.4117556692913387
 31
0
  0
LINE
  5
C78
330
1A
100
AcDbEntity
  8
BLACK
  6
CONTINUOUS
100
AcDbLine
 10
0.0301318897637795
 20
3.4117556692913387
 30
0
 11
0.0301962598425197
 21
3.4118298818897639
 31
0
  0
LINE
  5
C79
330
1A
100
AcDbEntity
  8
BLACK
  6
CONTINUOUS
100
AcDbLine
 10
0.0301962598425197
 20
3.4118298818897639
 30
0
 11
0.0304877952755906
 21
3.4120134251968501
 31
0
  0
LINE
  5
C7A
330
1A
100
AcDbEntity
  8
BLACK
  6
CONTINUOUS
100
AcDbLine
 10
0.0304877952755906
 20
3.4120134251968501
 30
0
 11
0.0305443700787402
 21
3.4120624409448816
 31
0
  0
LINE
  5
C7B
330
1A
100
AcDbEntity
  8
BLACK
  6
CONTINUOUS
100
AcDbLine
 10
0.0305443700787402
 20
3.4120624409448816
 30
0
 11
0.0305897637795276
 21
3.412077598425197
 31
0
  0
LINE
  5
C7C
330
1A
100
AcDbEntity
  8
BLACK
  6
CONTINUOUS
100
AcDbLine
 10
0.0305897637795276
 20
3.412077598425197
 30
0
 11
0.0306861417322835
 21
3.4121382283464565
 31
0
  0
LINE
  5
C7D
330
1A
100
AcDbEntity
  8
BLACK
  6
CONTINUOUS
100
AcDbLine
 10
0.0306861417322835
 20
3.4121382283464565
 30
0
 11
0.0344356692913386
 21
3.4140129921259841
 31
0
  0
LINE
  5
C7E
330
1A
100
AcDbEntity
  8
BLACK
  6
CONTINUOUS
100
AcDbLine
 10
0.0344356692913386
 20
3.4140129921259841
 30
0
 11
0.0349762598425197
 21
3.4142198818897636
 31
0
  0
LINE
  5
C7F
330
1A
100
AcDbEntity
  8
BLACK
  6
CONTINUOUS
100
AcDbLine
 10
0.0349762598425197
 20
3.4142198818897636
 30
0
 11
0.035082125984252
 21
3.4142274409448818
 31
0
  0
LINE
  5
C80
330
1A
100
AcDbEntity
  8
BLACK
  6
CONTINUOUS
100
AcDbLine
 10
0.035082125984252
 20
3.4142274409448818
 30
0
 11
0.0351801181102362
 21
3.4142679921259842
 31
0
  0
LINE
  5
C81
330
1A
100
AcDbEntity
  8
BLACK
  6
CONTINUOUS
100
AcDbLine
 10
0.0351801181102362
 20
3.4142679921259842
 30
0
 11
0.0357561811023622
 21
3.4143247244094486
 31
0
  0
LINE
  5
C82
330
1A
100
AcDbEntity
  8
BLACK
  6
CONTINUOUS
100
AcDbLine
 10
0.0357561811023622
 20
3.4143247244094486
 30
0
 11
0.0413804724409449
 21
3.4143247244094486
 31
0
  0
LINE
  5
C83
330
1A
100
AcDbEntity
  8
BLACK
  6
CONTINUOUS
100
AcDbLine
 10
0.0413804724409449
 20
3.4143247244094486
 30
0
 11
0.0419565354330709
 21
3.4142679921259842
 31
0
  0
LINE
  5
C84
330
1A
100
AcDbEntity
  8
BLACK
  6
CONTINUOUS
100
AcDbLine
 10
0.0419565354330709
 20
3.4142679921259842
 30
0
 11
0.0420545275590551
 21
3.4142274015748031
 31
0
  0
LINE
  5
C85
330
1A
100
AcDbEntity
  8
BLACK
  6
CONTINUOUS
100
AcDbLine
 10
0.0420545275590551
 20
3.4142274015748031
 30
0
 11
0.0421603543307087
 21
3.4142198818897636
 31
0
  0
LINE
  5
C86
330
1A
100
AcDbEntity
  8
BLACK
  6
CONTINUOUS
100
AcDbLine
 10
0.0421603543307087
 20
3.4142198818897636
 30
0
 11
0.0427009842519685
 21
3.4140129921259841
 31
0
  0
LINE
  5
C87
330
1A
100
AcDbEntity
  8
BLACK
  6
CONTINUOUS
100
AcDbLine
 10
0.0427009842519685
 20
3.4140129921259841
 30
0
 11
0.0464505511811024
 21
3.4121382283464565
 31
0
  0
LINE
  5
C88
330
1A
100
AcDbEntity
  8
BLACK
  6
CONTINUOUS
100
AcDbLine
 10
0.0464505511811024
 20
3.4121382283464565
 30
0
 11
0.0465468503937008
 21
3.412077598425197
 31
0
  0
LINE
  5
C89
330
1A
100
AcDbEntity
  8
BLACK
  6
CONTINUOUS
100
AcDbLine
 10
0.0465468503937008
 20
3.412077598425197
 30
0
 11
0.0465923228346457
 21
3.4120624409448816
 31
0
  0
LINE
  5
C8A
330
1A
100
AcDbEntity
  8
BLACK
  6
CONTINUOUS
100
AcDbLine
 10
0.0465923228346457
 20
3.4120624409448816
 30
0
 11
0.0466488976377953
 21
3.4120133858267714
 31
0
  0
LINE
  5
C8B
330
1A
100
AcDbEntity
  8
BLACK
  6
CONTINUOUS
100
AcDbLine
 10
0.0466488976377953
 20
3.4120133858267714
 30
0
 11
0.0469403937007874
 21
3.4118298818897639
 31
0
  0
LINE
  5
C8C
330
1A
100
AcDbEntity
  8
BLACK
  6
CONTINUOUS
100
AcDbLine
 10
0.0469403937007874
 20
3.4118298818897639
 30
0
 11
0.047182874015748
 21
3.4115502755905509
 31
0
  0
LINE
  5
C8D
330
1A
100
AcDbEntity
  8
BLACK
  6
CONTINUOUS
100
AcDbLine
 10
0.047182874015748
 20
3.4115502755905509
 30
0
 11
0.0474627165354331
 21
3.4113075984251968
 31
0
  0
LINE
  5
C8E
330
1A
100
AcDbEntity
  8
BLACK
  6
CONTINUOUS
100
AcDbLine
 10
0.0474627165354331
 20
3.4113075984251968
 30
0
 11
0.0476462204724409
 21
3.4110160629921258
 31
0
  0
LINE
  5
C8F
330
1A
100
AcDbEntity
  8
BLACK
  6
CONTINUOUS
100
AcDbLine
 10
0.0476462204724409
 20
3.4110160629921258
 30
0
 11
0.0476952755905512
 21
3.4109594881889764
 31
0
  0
LINE
  5
C90
330
1A
100
AcDbEntity
  8
BLACK
  6
CONTINUOUS
100
AcDbLine
 10
0.0476952755905512
 20
3.4109594881889764
 30
0
 11
0.0477103937007874
 21
3.4109140944881888
 31
0
  0
LINE
  5
C91
330
1A
100
AcDbEntity
  8
BLACK
  6
CONTINUOUS
100
AcDbLine
 10
0.0477103937007874
 20
3.4109140944881888
 30
0
 11
0.047771062992126
 21
3.410817716535433
 31
0
  0
LINE
  5
C92
330
1A
100
AcDbEntity
  8
BLACK
  6
CONTINUOUS
100
AcDbLine
 10
0.047771062992126
 20
3.410817716535433
 30
0
 11
0.0496458267716535
 21
3.4070681889763779
 31
0
  0
LINE
  5
C93
330
1A
100
AcDbEntity
  8
BLACK
  6
CONTINUOUS
100
AcDbLine
 10
0.0496458267716535
 20
3.4070681889763779
 30
0
 11
0.0498527165354331
 21
3.4065275984251966
 31
0
  0
LINE
  5
C94
330
1A
100
AcDbEntity
  8
BLACK
  6
CONTINUOUS
100
AcDbLine
 10
0.0498527165354331
 20
3.4065275984251966
 30
0
 11
0.0498602362204724
 21
3.4064217322834645
 31
0
  0
LINE
  5
C95
330
1A
100
AcDbEntity
  8
BLACK
  6
CONTINUOUS
100
AcDbLine
 10
0.0498602362204724
 20
3.4064217322834645
 30
0
 11
0.0499008267716535
 21
3.4063237401574802
 31
0
  0
LINE
  5
C96
330
1A
100
AcDbEntity
  8
BLACK
  6
CONTINUOUS
100
AcDbLine
 10
0.0499008267716535
 20
3.4063237401574802
 30
0
 11
0.0499575590551181
 21
3.4057476771653543
 31
0
  0
LINE
  5
C97
330
1A
100
AcDbEntity
  8
BLACK
  6
CONTINUOUS
100
AcDbLine
 10
0.0499575590551181
 20
3.4057476771653543
 30
0
 11
0.0499575590551181
 21
3.3851252362204725
 31
0
  0
LINE
  5
C98
330
1A
100
AcDbEntity
  8
BLACK
  6
CONTINUOUS
100
AcDbLine
 10
0.0499575590551181
 20
3.3851252362204725
 30
0
 11
0.0499008267716535
 21
3.3845491732283466
 31
0
  0
LINE
  5
C99
330
1A
100
AcDbEntity
  8
BLACK
  6
CONTINUOUS
100
AcDbLine
 10
0.0499008267716535
 20
3.3845491732283466
 30
0
 11
0.0494599212598425
 21
3.3834847637795273
 31
0
  0
LINE
  5
C9A
330
1A
100
AcDbEntity
  8
BLACK
  6
CONTINUOUS
100
AcDbLine
 10
0.0494599212598425
 20
3.3834847637795273
 30
0
 11
0.0486452755905512
 21
3.3826701181102363
 31
0
  0
LINE
  5
C9B
330
1A
100
AcDbEntity
  8
BLACK
  6
CONTINUOUS
100
AcDbLine
 10
0.0486452755905512
 20
3.3826701181102363
 30
0
 11
0.0475808661417323
 21
3.3822292125984252
 31
0
  0
LINE
  5
C9C
330
1A
100
AcDbEntity
  8
BLACK
  6
CONTINUOUS
100
AcDbLine
 10
0.0475808661417323
 20
3.3822292125984252
 30
0
 11
0.0464287401574803
 21
3.3822292125984252
 31
0
  0
LINE
  5
C9D
330
1A
100
AcDbEntity
  8
BLACK
  6
CONTINUOUS
100
AcDbLine
 10
0.0464287401574803
 20
3.3822292125984252
 30
0
 11
0.0453643307086614
 21
3.3826701181102363
 31
0
  0
LINE
  5
C9E
330
1A
100
AcDbEntity
  8
BLACK
  6
CONTINUOUS
100
AcDbLine
 10
0.0453643307086614
 20
3.3826701181102363
 30
0
 11
0.0445496850393701
 21
3.3834847637795273
 31
0
  0
LINE
  5
C9F
330
1A
100
AcDbEntity
  8
BLACK
  6
CONTINUOUS
100
AcDbLine
 10
0.0445496850393701
 20
3.3834847637795273
 30
0
 11
0.0441087795275591
 21
3.3845491732283466
 31
0
  0
LINE
  5
CA0
330
1A
100
AcDbEntity
  8
BLACK
  6
CONTINUOUS
100
AcDbLine
 10
0.0441087795275591
 20
3.3845491732283466
 30
0
 11
0.0440520472440945
 21
3.3851252362204725
 31
0
  0
LINE
  5
CA1
330
1A
100
AcDbEntity
  8
BLACK
  6
CONTINUOUS
100
AcDbLine
 10
0.0440520472440945
 20
3.3851252362204725
 30
0
 11
0.0440520472440945
 21
3.4050506299212597
 31
0
  0
LINE
  5
CA2
330
1A
100
AcDbEntity
  8
BLACK
  6
CONTINUOUS
100
AcDbLine
 10
0.0440520472440945
 20
3.4050506299212597
 30
0
 11
0.0429291732283465
 21
3.4072963779527559
 31
0
  0
LINE
  5
CA3
330
1A
100
AcDbEntity
  8
BLACK
  6
CONTINUOUS
100
AcDbLine
 10
0.0429291732283465
 20
3.4072963779527559
 30
0
 11
0.0406834251968504
 21
3.408419212598425
 31
0
  0
LINE
  5
CA4
330
1A
100
AcDbEntity
  8
BLACK
  6
CONTINUOUS
100
AcDbLine
 10
0.0406834251968504
 20
3.408419212598425
 30
0
 11
0.0364532283464567
 21
3.408419212598425
 31
0
  0
LINE
  5
CA5
330
1A
100
AcDbEntity
  8
BLACK
  6
CONTINUOUS
100
AcDbLine
 10
0.0364532283464567
 20
3.408419212598425
 30
0
 11
0.0342074803149606
 21
3.4072963779527559
 31
0
  0
LINE
  5
CA6
330
1A
100
AcDbEntity
  8
BLACK
  6
CONTINUOUS
100
AcDbLine
 10
0.0342074803149606
 20
3.4072963779527559
 30
0
 11
0.0330846456692913
 21
3.4050506299212597
 31
0
  0
LINE
  5
CA7
330
1A
100
AcDbEntity
  8
BLACK
  6
CONTINUOUS
100
AcDbLine
 10
0.0330846456692913
 20
3.4050506299212597
 30
0
 11
0.0330846456692913
 21
3.3851252362204725
 31
0
  0
LINE
  5
CA8
330
1A
100
AcDbEntity
  8
BLACK
  6
CONTINUOUS
100
AcDbLine
 10
0.0330846456692913
 20
3.3851252362204725
 30
0
 11
0.0330279133858268
 21
3.3845491732283466
 31
0
  0
LINE
  5
CA9
330
1A
100
AcDbEntity
  8
BLACK
  6
CONTINUOUS
100
AcDbLine
 10
0.0330279133858268
 20
3.3845491732283466
 30
0
 11
0.0325870078740157
 21
3.3834847637795273
 31
0
  0
LINE
  5
CAA
330
1A
100
AcDbEntity
  8
BLACK
  6
CONTINUOUS
100
AcDbLine
 10
0.0325870078740157
 20
3.3834847637795273
 30
0
 11
0.0317723622047244
 21
3.3826701181102363
 31
0
  0
LINE
  5
CAB
330
1A
100
AcDbEntity
  8
BLACK
  6
CONTINUOUS
100
AcDbLine
 10
0.0317723622047244
 20
3.3826701181102363
 30
0
 11
0.0307079527559055
 21
3.3822292125984252
 31
0
  0
LINE
  5
CAC
330
1A
100
AcDbEntity
  8
BLACK
  6
CONTINUOUS
100
AcDbLine
 10
0.0307079527559055
 20
3.3822292125984252
 30
0
 11
0.0295558267716535
 21
3.3822292125984252
 31
0
  0
LINE
  5
CAD
330
1A
100
AcDbEntity
  8
BLACK
  6
CONTINUOUS
100
AcDbLine
 10
0.0295558267716535
 20
3.3822292125984252
 30
0
 11
0.0284914173228346
 21
3.3826701181102363
 31
0
  0
LINE
  5
CAE
330
1A
100
AcDbEntity
  8
BLACK
  6
CONTINUOUS
100
AcDbLine
 10
0.0284914173228346
 20
3.3826701181102363
 30
0
 11
0.0276767716535433
 21
3.3834847637795273
 31
0
  0
LINE
  5
CAF
330
1A
100
AcDbEntity
  8
BLACK
  6
CONTINUOUS
100
AcDbLine
 10
0.0276767716535433
 20
3.3834847637795273
 30
0
 11
0.0272358661417323
 21
3.3845491732283466
 31
0
  0
LINE
  5
CB0
330
1A
100
AcDbEntity
  8
BLACK
  6
CONTINUOUS
100
AcDbLine
 10
0.0272358661417323
 20
3.3845491732283466
 30
0
 11
0.0271791338582677
 21
3.3851252362204725
 31
0
  0
LINE
  5
CB1
330
1A
100
AcDbEntity
  8
BLACK
  6
CONTINUOUS
100
AcDbLine
 10
0.0271791338582677
 20
3.3851252362204725
 30
0
 11
0.0271791338582677
 21
3.4050506299212597
 31
0
  0
LINE
  5
CB2
330
1A
100
AcDbEntity
  8
BLACK
  6
CONTINUOUS
100
AcDbLine
 10
0.0271791338582677
 20
3.4050506299212597
 30
0
 11
0.0260562598425197
 21
3.4072963779527559
 31
0
  0
LINE
  5
CB3
330
1A
100
AcDbEntity
  8
BLACK
  6
CONTINUOUS
100
AcDbLine
 10
0.0260562598425197
 20
3.4072963779527559
 30
0
 11
0.0238105511811024
 21
3.408419212598425
 31
0
  0
LINE
  5
CB4
330
1A
100
AcDbEntity
  8
BLACK
  6
CONTINUOUS
100
AcDbLine
 10
0.0238105511811024
 20
3.408419212598425
 30
0
 11
0.0195803543307087
 21
3.408419212598425
 31
0
  0
LINE
  5
CB5
330
1A
100
AcDbEntity
  8
BLACK
  6
CONTINUOUS
100
AcDbLine
 10
0.0195803543307087
 20
3.408419212598425
 30
0
 11
0.016882874015748
 21
3.4070704724409446
 31
0
  0
LINE
  5
CB6
330
1A
100
AcDbEntity
  8
BLACK
  6
CONTINUOUS
100
AcDbLine
 10
0.016882874015748
 20
3.4070704724409446
 30
0
 11
0.0162117716535433
 21
3.4063993700787401
 31
0
  0
LINE
  5
CB7
330
1A
100
AcDbEntity
  8
BLACK
  6
CONTINUOUS
100
AcDbLine
 10
0.0162117716535433
 20
3.4063993700787401
 30
0
 11
0.0162117716535433
 21
3.3851252362204725
 31
0
  0
LINE
  5
CB8
330
1A
100
AcDbEntity
  8
BLACK
  6
CONTINUOUS
100
AcDbLine
 10
0.0162117716535433
 20
3.3851252362204725
 30
0
 11
0.0161550393700787
 21
3.3845491732283466
 31
0
  0
LINE
  5
CB9
330
1A
100
AcDbEntity
  8
BLACK
  6
CONTINUOUS
100
AcDbLine
 10
0.0161550393700787
 20
3.3845491732283466
 30
0
 11
0.0157141338582677
 21
3.3834847637795273
 31
0
  0
LINE
  5
CBA
330
1A
100
AcDbEntity
  8
BLACK
  6
CONTINUOUS
100
AcDbLine
 10
0.0157141338582677
 20
3.3834847637795273
 30
0
 11
0.0148994881889764
 21
3.3826701181102363
 31
0
  0
LINE
  5
CBB
330
1A
100
AcDbEntity
  8
BLACK
  6
CONTINUOUS
100
AcDbLine
 10
0.0148994881889764
 20
3.3826701181102363
 30
0
 11
0.0138350787401575
 21
3.3822292125984252
 31
0
  0
LINE
  5
CBC
330
1A
100
AcDbEntity
  8
BLACK
  6
CONTINUOUS
100
AcDbLine
 10
0.0138350787401575
 20
3.3822292125984252
 30
0
 11
0.0126829527559055
 21
3.3822292125984252
 31
0
  0
LINE
  5
CBD
330
1A
100
AcDbEntity
  8
BLACK
  6
CONTINUOUS
100
AcDbLine
 10
0.0126829527559055
 20
3.3822292125984252
 30
0
 11
0.0116185433070866
 21
3.3826701181102363
 31
0
  0
LINE
  5
CBE
330
1A
100
AcDbEntity
  8
BLACK
  6
CONTINUOUS
100
AcDbLine
 10
0.0116185433070866
 20
3.3826701181102363
 30
0
 11
0.0108038976377953
 21
3.3834847637795273
 31
0
  0
LINE
  5
CBF
330
1A
100
AcDbEntity
  8
BLACK
  6
CONTINUOUS
100
AcDbLine
 10
0.0108038976377953
 20
3.3834847637795273
 30
0
 11
0.0103629921259843
 21
3.3845491732283466
 31
0
  0
LINE
  5
CC0
330
1A
100
AcDbEntity
  8
BLACK
  6
CONTINUOUS
100
AcDbLine
 10
0.0103629921259843
 20
3.3845491732283466
 30
0
 11
0.0103062598425197
 21
3.3851252362204725
 31
0
  0
LINE
  5
CC1
330
1A
100
AcDbEntity
  8
BLACK
  6
CONTINUOUS
100
AcDbLine
 10
0.0103062598425197
 20
3.3851252362204725
 30
0
 11
0.0103062598425197
 21
3.411371968503937
 31
0
  0
LINE
  5
CC2
330
1A
100
AcDbEntity
  8
BLACK
  6
CONTINUOUS
100
AcDbLine
 10
0.0103062598425197
 20
3.411371968503937
 30
0
 11
0.0103629921259843
 21
3.4119480314960628
 31
0
  0
LINE
  5
CC3
330
1A
100
AcDbEntity
  8
BLACK
  6
CONTINUOUS
100
AcDbLine
 10
0.0103629921259843
 20
3.4119480314960628
 30
0
 11
0.0108038976377953
 21
3.4130124409448817
 31
0
  0
LINE
  5
CC4
330
1A
100
AcDbEntity
  8
BLACK
  6
CONTINUOUS
100
AcDbLine
 10
0.0108038976377953
 20
3.4130124409448817
 30
0
 11
0.0116185433070866
 21
3.4138270866141731
 31
0
  0
LINE
  5
CC5
330
1A
100
AcDbEntity
  8
BLACK
  6
CONTINUOUS
100
AcDbLine
 10
0.0116185433070866
 20
3.4138270866141731
 30
0
 11
0.0126829527559055
 21
3.4142679921259842
 31
0
  0
LINE
  5
CC6
330
1A
100
AcDbEntity
  8
BLACK
  6
CONTINUOUS
100
AcDbLine
 10
0.0126829527559055
 20
3.4142679921259842
 30
0
 11
0.0138350787401575
 21
3.4142679921259842
 31
0
  0
LINE
  5
CC7
330
1A
100
AcDbEntity
  8
BLACK
  6
CONTINUOUS
100
AcDbLine
 10
0.0138350787401575
 20
3.4142679921259842
 30
0
 11
0.0148994881889764
 21
3.4138270866141731
 31
0
  0
LINE
  5
CC8
330
1A
100
AcDbEntity
  8
BLACK
  6
CONTINUOUS
100
AcDbLine
 10
0.0148994881889764
 20
3.4138270866141731
 30
0
 11
0.0156633070866142
 21
3.4130632677165353
 31
0
  0
LINE
  5
CC9
330
1A
100
AcDbEntity
  8
BLACK
  6
CONTINUOUS
100
AcDbLine
 10
0.0156633070866142
 20
3.4130632677165353
 30
0
 11
0.0175627952755905
 21
3.4140129921259841
 31
0
  0
LINE
  5
CCA
330
1A
100
AcDbEntity
  8
BLACK
  6
CONTINUOUS
100
AcDbLine
 10
0.0175627952755905
 20
3.4140129921259841
 30
0
 11
0.0181033858267717
 21
3.4142198818897636
 31
0
  0
LINE
  5
CCB
330
1A
100
AcDbEntity
  8
BLACK
  6
CONTINUOUS
100
AcDbLine
 10
0.0181033858267717
 20
3.4142198818897636
 30
0
 11
0.0182092519685039
 21
3.4142274409448818
 31
0
  0
LINE
  5
CCC
330
1A
100
AcDbEntity
  8
BLACK
  6
CONTINUOUS
100
AcDbLine
 10
0.0182092519685039
 20
3.4142274409448818
 30
0
 11
0.0183072440944882
 21
3.4142679921259842
 31
0
  0
LINE
  5
CCD
330
1A
100
AcDbEntity
  8
BLACK
  6
CONTINUOUS
100
AcDbLine
 10
0.0183072440944882
 20
3.4142679921259842
 30
0
 11
0.0188833070866142
 21
3.4143247244094486
 31
0
  0
LINE
  5
CCE
330
1A
100
AcDbEntity
  8
BLACK
  6
CONTINUOUS
100
AcDbLine
 10
0.0188833070866142
 20
3.4143247244094486
 30
0
 11
0.0245075984251968
 21
3.4143247244094486
 31
0
  0
LINE
  5
CCF
330
1A
100
AcDbEntity
  8
BLACK
  6
CONTINUOUS
100
AcDbLine
 10
0.0245075984251968
 20
3.4143247244094486
 30
0
 11
0.0250836614173228
 21
3.4142679921259842
 31
0
  0
LINE
  5
CD0
330
1A
100
AcDbEntity
  8
BLACK
  6
CONTINUOUS
100
AcDbLine
 10
0.2942396062992126
 20
3.4138270866141731
 30
0
 11
0.2950542519685039
 21
3.4130124409448817
 31
0
  0
LINE
  5
CD1
330
1A
100
AcDbEntity
  8
BLACK
  6
CONTINUOUS
100
AcDbLine
 10
0.2950542519685039
 20
3.4130124409448817
 30
0
 11
0.295495157480315
 21
3.4119480314960628
 31
0
  0
LINE
  5
CD2
330
1A
100
AcDbEntity
  8
BLACK
  6
CONTINUOUS
100
AcDbLine
 10
0.295495157480315
 20
3.4119480314960628
 30
0
 11
0.2955518897637795
 21
3.411371968503937
 31
0
  0
LINE
  5
CD3
330
1A
100
AcDbEntity
  8
BLACK
  6
CONTINUOUS
100
AcDbLine
 10
0.2955518897637795
 20
3.411371968503937
 30
0
 11
0.2955518897637795
 21
3.3851252362204725
 31
0
  0
LINE
  5
CD4
330
1A
100
AcDbEntity
  8
BLACK
  6
CONTINUOUS
100
AcDbLine
 10
0.2955518897637795
 20
3.3851252362204725
 30
0
 11
0.295495157480315
 21
3.3845491732283466
 31
0
  0
LINE
  5
CD5
330
1A
100
AcDbEntity
  8
BLACK
  6
CONTINUOUS
100
AcDbLine
 10
0.295495157480315
 20
3.3845491732283466
 30
0
 11
0.2950542519685039
 21
3.3834847637795273
 31
0
  0
LINE
  5
CD6
330
1A
100
AcDbEntity
  8
BLACK
  6
CONTINUOUS
100
AcDbLine
 10
0.2950542519685039
 20
3.3834847637795273
 30
0
 11
0.2942396062992126
 21
3.3826701181102363
 31
0
  0
LINE
  5
CD7
330
1A
100
AcDbEntity
  8
BLACK
  6
CONTINUOUS
100
AcDbLine
 10
0.2942396062992126
 20
3.3826701181102363
 30
0
 11
0.2931751968503937
 21
3.3822292125984252
 31
0
  0
LINE
  5
CD8
330
1A
100
AcDbEntity
  8
BLACK
  6
CONTINUOUS
100
AcDbLine
 10
0.2931751968503937
 20
3.3822292125984252
 30
0
 11
0.2920230708661417
 21
3.3822292125984252
 31
0
  0
LINE
  5
CD9
330
1A
100
AcDbEntity
  8
BLACK
  6
CONTINUOUS
100
AcDbLine
 10
0.2920230708661417
 20
3.3822292125984252
 30
0
 11
0.2909586614173229
 21
3.3826701181102363
 31
0
  0
LINE
  5
CDA
330
1A
100
AcDbEntity
  8
BLACK
  6
CONTINUOUS
100
AcDbLine
 10
0.2909586614173229
 20
3.3826701181102363
 30
0
 11
0.2901440157480315
 21
3.3834847637795273
 31
0
  0
LINE
  5
CDB
330
1A
100
AcDbEntity
  8
BLACK
  6
CONTINUOUS
100
AcDbLine
 10
0.2901440157480315
 20
3.3834847637795273
 30
0
 11
0.2897031102362205
 21
3.3845491732283466
 31
0
  0
LINE
  5
CDC
330
1A
100
AcDbEntity
  8
BLACK
  6
CONTINUOUS
100
AcDbLine
 10
0.2897031102362205
 20
3.3845491732283466
 30
0
 11
0.2896463779527559
 21
3.3851252362204725
 31
0
  0
LINE
  5
CDD
330
1A
100
AcDbEntity
  8
BLACK
  6
CONTINUOUS
100
AcDbLine
 10
0.2896463779527559
 20
3.3851252362204725
 30
0
 11
0.2896463779527559
 21
3.411371968503937
 31
0
  0
LINE
  5
CDE
330
1A
100
AcDbEntity
  8
BLACK
  6
CONTINUOUS
100
AcDbLine
 10
0.2896463779527559
 20
3.411371968503937
 30
0
 11
0.2897031102362205
 21
3.4119480314960628
 31
0
  0
LINE
  5
CDF
330
1A
100
AcDbEntity
  8
BLACK
  6
CONTINUOUS
100
AcDbLine
 10
0.2897031102362205
 20
3.4119480314960628
 30
0
 11
0.2901440157480315
 21
3.4130124409448817
 31
0
  0
LINE
  5
CE0
330
1A
100
AcDbEntity
  8
BLACK
  6
CONTINUOUS
100
AcDbLine
 10
0.2901440157480315
 20
3.4130124409448817
 30
0
 11
0.2909586614173229
 21
3.4138270866141731
 31
0
  0
LINE
  5
CE1
330
1A
100
AcDbEntity
  8
BLACK
  6
CONTINUOUS
100
AcDbLine
 10
0.2909586614173229
 20
3.4138270866141731
 30
0
 11
0.2920230708661417
 21
3.4142679921259842
 31
0
  0
LINE
  5
CE2
330
1A
100
AcDbEntity
  8
BLACK
  6
CONTINUOUS
100
AcDbLine
 10
0.2920230708661417
 20
3.4142679921259842
 30
0
 11
0.2931751968503937
 21
3.4142679921259842
 31
0
  0
LINE
  5
CE3
330
1A
100
AcDbEntity
  8
BLACK
  6
CONTINUOUS
100
AcDbLine
 10
0.2931751968503937
 20
3.4142679921259842
 30
0
 11
0.2942396062992126
 21
3.4138270866141731
 31
0
  0
LINE
  5
CE4
330
1A
100
AcDbEntity
  8
BLACK
  6
CONTINUOUS
100
AcDbLine
 10
0.3231714173228347
 20
3.4142679921259842
 30
0
 11
0.3232694094488189
 21
3.4142274015748031
 31
0
  0
LINE
  5
CE5
330
1A
100
AcDbEntity
  8
BLACK
  6
CONTINUOUS
100
AcDbLine
 10
0.3232694094488189
 20
3.4142274015748031
 30
0
 11
0.3233752362204724
 21
3.4142198818897636
 31
0
  0
LINE
  5
CE6
330
1A
100
AcDbEntity
  8
BLACK
  6
CONTINUOUS
100
AcDbLine
 10
0.3233752362204724
 20
3.4142198818897636
 30
0
 11
0.3239158661417323
 21
3.4140129921259841
 31
0
  0
LINE
  5
CE7
330
1A
100
AcDbEntity
  8
BLACK
  6
CONTINUOUS
100
AcDbLine
 10
0.3239158661417323
 20
3.4140129921259841
 30
0
 11
0.3276653937007874
 21
3.4121382283464565
 31
0
  0
LINE
  5
CE8
330
1A
100
AcDbEntity
  8
BLACK
  6
CONTINUOUS
100
AcDbLine
 10
0.3276653937007874
 20
3.4121382283464565
 30
0
 11
0.3277617322834646
 21
3.412077598425197
 31
0
  0
LINE
  5
CE9
330
1A
100
AcDbEntity
  8
BLACK
  6
CONTINUOUS
100
AcDbLine
 10
0.3277617322834646
 20
3.412077598425197
 30
0
 11
0.3278071653543307
 21
3.4120624409448816
 31
0
  0
LINE
  5
CEA
330
1A
100
AcDbEntity
  8
BLACK
  6
CONTINUOUS
100
AcDbLine
 10
0.3278071653543307
 20
3.4120624409448816
 30
0
 11
0.3278637007874016
 21
3.4120134251968501
 31
0
  0
LINE
  5
CEB
330
1A
100
AcDbEntity
  8
BLACK
  6
CONTINUOUS
100
AcDbLine
 10
0.3278637007874016
 20
3.4120134251968501
 30
0
 11
0.3281552755905512
 21
3.4118298818897639
 31
0
  0
LINE
  5
CEC
330
1A
100
AcDbEntity
  8
BLACK
  6
CONTINUOUS
100
AcDbLine
 10
0.3281552755905512
 20
3.4118298818897639
 30
0
 11
0.3282196456692913
 21
3.4117556692913387
 31
0
  0
LINE
  5
CED
330
1A
100
AcDbEntity
  8
BLACK
  6
CONTINUOUS
100
AcDbLine
 10
0.3282196456692913
 20
3.4117556692913387
 30
0
 11
0.3282840157480315
 21
3.4118298818897639
 31
0
  0
LINE
  5
CEE
330
1A
100
AcDbEntity
  8
BLACK
  6
CONTINUOUS
100
AcDbLine
 10
0.3282840157480315
 20
3.4118298818897639
 30
0
 11
0.3285755511811024
 21
3.4120134251968501
 31
0
  0
LINE
  5
CEF
330
1A
100
AcDbEntity
  8
BLACK
  6
CONTINUOUS
100
AcDbLine
 10
0.3285755511811024
 20
3.4120134251968501
 30
0
 11
0.328632125984252
 21
3.4120624409448816
 31
0
  0
LINE
  5
CF0
330
1A
100
AcDbEntity
  8
BLACK
  6
CONTINUOUS
100
AcDbLine
 10
0.328632125984252
 20
3.4120624409448816
 30
0
 11
0.3286775196850394
 21
3.412077598425197
 31
0
  0
LINE
  5
CF1
330
1A
100
AcDbEntity
  8
BLACK
  6
CONTINUOUS
100
AcDbLine
 10
0.3286775196850394
 20
3.412077598425197
 30
0
 11
0.3287738976377952
 21
3.4121382283464565
 31
0
  0
LINE
  5
CF2
330
1A
100
AcDbEntity
  8
BLACK
  6
CONTINUOUS
100
AcDbLine
 10
0.3287738976377952
 20
3.4121382283464565
 30
0
 11
0.3325234251968504
 21
3.4140129921259841
 31
0
  0
LINE
  5
CF3
330
1A
100
AcDbEntity
  8
BLACK
  6
CONTINUOUS
100
AcDbLine
 10
0.3325234251968504
 20
3.4140129921259841
 30
0
 11
0.3330640157480315
 21
3.4142198818897636
 31
0
  0
LINE
  5
CF4
330
1A
100
AcDbEntity
  8
BLACK
  6
CONTINUOUS
100
AcDbLine
 10
0.3330640157480315
 20
3.4142198818897636
 30
0
 11
0.3331698818897638
 21
3.4142274409448818
 31
0
  0
LINE
  5
CF5
330
1A
100
AcDbEntity
  8
BLACK
  6
CONTINUOUS
100
AcDbLine
 10
0.3331698818897638
 20
3.4142274409448818
 30
0
 11
0.333267874015748
 21
3.4142679921259842
 31
0
  0
LINE
  5
CF6
330
1A
100
AcDbEntity
  8
BLACK
  6
CONTINUOUS
100
AcDbLine
 10
0.333267874015748
 20
3.4142679921259842
 30
0
 11
0.333843937007874
 21
3.4143247244094486
 31
0
  0
LINE
  5
CF7
330
1A
100
AcDbEntity
  8
BLACK
  6
CONTINUOUS
100
AcDbLine
 10
0.333843937007874
 20
3.4143247244094486
 30
0
 11
0.3394682283464567
 21
3.4143247244094486
 31
0
  0
LINE
  5
CF8
330
1A
100
AcDbEntity
  8
BLACK
  6
CONTINUOUS
100
AcDbLine
 10
0.3394682283464567
 20
3.4143247244094486
 30
0
 11
0.3400442913385827
 21
3.4142679921259842
 31
0
  0
LINE
  5
CF9
330
1A
100
AcDbEntity
  8
BLACK
  6
CONTINUOUS
100
AcDbLine
 10
0.3400442913385827
 20
3.4142679921259842
 30
0
 11
0.3401422834645669
 21
3.4142274015748031
 31
0
  0
LINE
  5
CFA
330
1A
100
AcDbEntity
  8
BLACK
  6
CONTINUOUS
100
AcDbLine
 10
0.3401422834645669
 20
3.4142274015748031
 30
0
 11
0.3402481102362205
 21
3.4142198818897636
 31
0
  0
LINE
  5
CFB
330
1A
100
AcDbEntity
  8
BLACK
  6
CONTINUOUS
100
AcDbLine
 10
0.3402481102362205
 20
3.4142198818897636
 30
0
 11
0.3407887401574803
 21
3.4140129921259841
 31
0
  0
LINE
  5
CFC
330
1A
100
AcDbEntity
  8
BLACK
  6
CONTINUOUS
100
AcDbLine
 10
0.3407887401574803
 20
3.4140129921259841
 30
0
 11
0.3445383070866141
 21
3.4121382283464565
 31
0
  0
LINE
  5
CFD
330
1A
100
AcDbEntity
  8
BLACK
  6
CONTINUOUS
100
AcDbLine
 10
0.3445383070866141
 20
3.4121382283464565
 30
0
 11
0.3446346062992126
 21
3.412077598425197
 31
0
  0
LINE
  5
CFE
330
1A
100
AcDbEntity
  8
BLACK
  6
CONTINUOUS
100
AcDbLine
 10
0.3446346062992126
 20
3.412077598425197
 30
0
 11
0.3446800787401575
 21
3.4120624409448816
 31
0
  0
LINE
  5
CFF
330
1A
100
AcDbEntity
  8
BLACK
  6
CONTINUOUS
100
AcDbLine
 10
0.3446800787401575
 20
3.4120624409448816
 30
0
 11
0.3447366535433071
 21
3.4120133858267714
 31
0
  0
LINE
  5
D00
330
1A
100
AcDbEntity
  8
BLACK
  6
CONTINUOUS
100
AcDbLine
 10
0.3447366535433071
 20
3.4120133858267714
 30
0
 11
0.3450281496062992
 21
3.4118298818897639
 31
0
  0
LINE
  5
D01
330
1A
100
AcDbEntity
  8
BLACK
  6
CONTINUOUS
100
AcDbLine
 10
0.3450281496062992
 20
3.4118298818897639
 30
0
 11
0.3452706299212598
 21
3.4115502755905509
 31
0
  0
LINE
  5
D02
330
1A
100
AcDbEntity
  8
BLACK
  6
CONTINUOUS
100
AcDbLine
 10
0.3452706299212598
 20
3.4115502755905509
 30
0
 11
0.3455504724409449
 21
3.4113075984251968
 31
0
  0
LINE
  5
D03
330
1A
100
AcDbEntity
  8
BLACK
  6
CONTINUOUS
100
AcDbLine
 10
0.3455504724409449
 20
3.4113075984251968
 30
0
 11
0.3457339763779527
 21
3.4110160629921258
 31
0
  0
LINE
  5
D04
330
1A
100
AcDbEntity
  8
BLACK
  6
CONTINUOUS
100
AcDbLine
 10
0.3457339763779527
 20
3.4110160629921258
 30
0
 11
0.345783031496063
 21
3.4109594881889764
 31
0
  0
LINE
  5
D05
330
1A
100
AcDbEntity
  8
BLACK
  6
CONTINUOUS
100
AcDbLine
 10
0.345783031496063
 20
3.4109594881889764
 30
0
 11
0.3457981496062992
 21
3.4109140944881888
 31
0
  0
LINE
  5
D06
330
1A
100
AcDbEntity
  8
BLACK
  6
CONTINUOUS
100
AcDbLine
 10
0.3457981496062992
 20
3.4109140944881888
 30
0
 11
0.3458588188976378
 21
3.410817716535433
 31
0
  0
LINE
  5
D07
330
1A
100
AcDbEntity
  8
BLACK
  6
CONTINUOUS
100
AcDbLine
 10
0.3458588188976378
 20
3.410817716535433
 30
0
 11
0.3477335826771654
 21
3.4070681889763779
 31
0
  0
LINE
  5
D08
330
1A
100
AcDbEntity
  8
BLACK
  6
CONTINUOUS
100
AcDbLine
 10
0.3477335826771654
 20
3.4070681889763779
 30
0
 11
0.3479404724409449
 21
3.4065275984251966
 31
0
  0
LINE
  5
D09
330
1A
100
AcDbEntity
  8
BLACK
  6
CONTINUOUS
100
AcDbLine
 10
0.3479404724409449
 20
3.4065275984251966
 30
0
 11
0.3479479921259843
 21
3.4064217322834645
 31
0
  0
LINE
  5
D0A
330
1A
100
AcDbEntity
  8
BLACK
  6
CONTINUOUS
100
AcDbLine
 10
0.3479479921259843
 20
3.4064217322834645
 30
0
 11
0.3479885826771654
 21
3.4063237401574802
 31
0
  0
LINE
  5
D0B
330
1A
100
AcDbEntity
  8
BLACK
  6
CONTINUOUS
100
AcDbLine
 10
0.3479885826771654
 20
3.4063237401574802
 30
0
 11
0.3480453149606299
 21
3.4057476771653543
 31
0
  0
LINE
  5
D0C
330
1A
100
AcDbEntity
  8
BLACK
  6
CONTINUOUS
100
AcDbLine
 10
0.3480453149606299
 20
3.4057476771653543
 30
0
 11
0.3480453149606299
 21
3.3851252362204725
 31
0
  0
LINE
  5
D0D
330
1A
100
AcDbEntity
  8
BLACK
  6
CONTINUOUS
100
AcDbLine
 10
0.3480453149606299
 20
3.3851252362204725
 30
0
 11
0.3479885826771654
 21
3.3845491732283466
 31
0
  0
LINE
  5
D0E
330
1A
100
AcDbEntity
  8
BLACK
  6
CONTINUOUS
100
AcDbLine
 10
0.3479885826771654
 20
3.3845491732283466
 30
0
 11
0.3475476771653543
 21
3.3834847637795273
 31
0
  0
LINE
  5
D0F
330
1A
100
AcDbEntity
  8
BLACK
  6
CONTINUOUS
100
AcDbLine
 10
0.3475476771653543
 20
3.3834847637795273
 30
0
 11
0.346733031496063
 21
3.3826701181102363
 31
0
  0
LINE
  5
D10
330
1A
100
AcDbEntity
  8
BLACK
  6
CONTINUOUS
100
AcDbLine
 10
0.346733031496063
 20
3.3826701181102363
 30
0
 11
0.3456686220472441
 21
3.3822292125984252
 31
0
  0
LINE
  5
D11
330
1A
100
AcDbEntity
  8
BLACK
  6
CONTINUOUS
100
AcDbLine
 10
0.3456686220472441
 20
3.3822292125984252
 30
0
 11
0.3445164960629921
 21
3.3822292125984252
 31
0
  0
LINE
  5
D12
330
1A
100
AcDbEntity
  8
BLACK
  6
CONTINUOUS
100
AcDbLine
 10
0.3445164960629921
 20
3.3822292125984252
 30
0
 11
0.3434520866141732
 21
3.3826701181102363
 31
0
  0
LINE
  5
D13
330
1A
100
AcDbEntity
  8
BLACK
  6
CONTINUOUS
100
AcDbLine
 10
0.3434520866141732
 20
3.3826701181102363
 30
0
 11
0.3426374409448819
 21
3.3834847637795273
 31
0
  0
LINE
  5
D14
330
1A
100
AcDbEntity
  8
BLACK
  6
CONTINUOUS
100
AcDbLine
 10
0.3426374409448819
 20
3.3834847637795273
 30
0
 11
0.3421965354330709
 21
3.3845491732283466
 31
0
  0
LINE
  5
D15
330
1A
100
AcDbEntity
  8
BLACK
  6
CONTINUOUS
100
AcDbLine
 10
0.3421965354330709
 20
3.3845491732283466
 30
0
 11
0.3421398031496063
 21
3.3851252362204725
 31
0
  0
LINE
  5
D16
330
1A
100
AcDbEntity
  8
BLACK
  6
CONTINUOUS
100
AcDbLine
 10
0.3421398031496063
 20
3.3851252362204725
 30
0
 11
0.3421398031496063
 21
3.4050506299212597
 31
0
  0
LINE
  5
D17
330
1A
100
AcDbEntity
  8
BLACK
  6
CONTINUOUS
100
AcDbLine
 10
0.3421398031496063
 20
3.4050506299212597
 30
0
 11
0.3410169291338583
 21
3.4072963779527559
 31
0
  0
LINE
  5
D18
330
1A
100
AcDbEntity
  8
BLACK
  6
CONTINUOUS
100
AcDbLine
 10
0.3410169291338583
 20
3.4072963779527559
 30
0
 11
0.3387711811023622
 21
3.408419212598425
 31
0
  0
LINE
  5
D19
330
1A
100
AcDbEntity
  8
BLACK
  6
CONTINUOUS
100
AcDbLine
 10
0.3387711811023622
 20
3.408419212598425
 30
0
 11
0.3345409842519685
 21
3.408419212598425
 31
0
  0
LINE
  5
D1A
330
1A
100
AcDbEntity
  8
BLACK
  6
CONTINUOUS
100
AcDbLine
 10
0.3345409842519685
 20
3.408419212598425
 30
0
 11
0.3322952362204724
 21
3.4072963779527559
 31
0
  0
LINE
  5
D1B
330
1A
100
AcDbEntity
  8
BLACK
  6
CONTINUOUS
100
AcDbLine
 10
0.3322952362204724
 20
3.4072963779527559
 30
0
 11
0.3311724015748032
 21
3.4050506299212597
 31
0
  0
LINE
  5
D1C
330
1A
100
AcDbEntity
  8
BLACK
  6
CONTINUOUS
100
AcDbLine
 10
0.3311724015748032
 20
3.4050506299212597
 30
0
 11
0.3311724015748032
 21
3.3851252362204725
 31
0
  0
LINE
  5
D1D
330
1A
100
AcDbEntity
  8
BLACK
  6
CONTINUOUS
100
AcDbLine
 10
0.3311724015748032
 20
3.3851252362204725
 30
0
 11
0.3311156692913386
 21
3.3845491732283466
 31
0
  0
LINE
  5
D1E
330
1A
100
AcDbEntity
  8
BLACK
  6
CONTINUOUS
100
AcDbLine
 10
0.3311156692913386
 20
3.3845491732283466
 30
0
 11
0.3306747637795275
 21
3.3834847637795273
 31
0
  0
LINE
  5
D1F
330
1A
100
AcDbEntity
  8
BLACK
  6
CONTINUOUS
100
AcDbLine
 10
0.3306747637795275
 20
3.3834847637795273
 30
0
 11
0.3298601181102362
 21
3.3826701181102363
 31
0
  0
LINE
  5
D20
330
1A
100
AcDbEntity
  8
BLACK
  6
CONTINUOUS
100
AcDbLine
 10
0.3298601181102362
 20
3.3826701181102363
 30
0
 11
0.3287957086614173
 21
3.3822292125984252
 31
0
  0
LINE
  5
D21
330
1A
100
AcDbEntity
  8
BLACK
  6
CONTINUOUS
100
AcDbLine
 10
0.3287957086614173
 20
3.3822292125984252
 30
0
 11
0.3276435826771654
 21
3.3822292125984252
 31
0
  0
LINE
  5
D22
330
1A
100
AcDbEntity
  8
BLACK
  6
CONTINUOUS
100
AcDbLine
 10
0.3276435826771654
 20
3.3822292125984252
 30
0
 11
0.3265791732283465
 21
3.3826701181102363
 31
0
  0
LINE
  5
D23
330
1A
100
AcDbEntity
  8
BLACK
  6
CONTINUOUS
100
AcDbLine
 10
0.3265791732283465
 20
3.3826701181102363
 30
0
 11
0.3257645275590551
 21
3.3834847637795273
 31
0
  0
LINE
  5
D24
330
1A
100
AcDbEntity
  8
BLACK
  6
CONTINUOUS
100
AcDbLine
 10
0.3257645275590551
 20
3.3834847637795273
 30
0
 11
0.3253236220472441
 21
3.3845491732283466
 31
0
  0
LINE
  5
D25
330
1A
100
AcDbEntity
  8
BLACK
  6
CONTINUOUS
100
AcDbLine
 10
0.3253236220472441
 20
3.3845491732283466
 30
0
 11
0.3252668897637795
 21
3.3851252362204725
 31
0
  0
LINE
  5
D26
330
1A
100
AcDbEntity
  8
BLACK
  6
CONTINUOUS
100
AcDbLine
 10
0.3252668897637795
 20
3.3851252362204725
 30
0
 11
0.3252668897637795
 21
3.4050506299212597
 31
0
  0
LINE
  5
D27
330
1A
100
AcDbEntity
  8
BLACK
  6
CONTINUOUS
100
AcDbLine
 10
0.3252668897637795
 20
3.4050506299212597
 30
0
 11
0.3241440157480315
 21
3.4072963779527559
 31
0
  0
LINE
  5
D28
330
1A
100
AcDbEntity
  8
BLACK
  6
CONTINUOUS
100
AcDbLine
 10
0.3241440157480315
 20
3.4072963779527559
 30
0
 11
0.3218983070866142
 21
3.408419212598425
 31
0
  0
LINE
  5
D29
330
1A
100
AcDbEntity
  8
BLACK
  6
CONTINUOUS
100
AcDbLine
 10
0.3218983070866142
 20
3.408419212598425
 30
0
 11
0.3176681102362205
 21
3.408419212598425
 31
0
  0
LINE
  5
D2A
330
1A
100
AcDbEntity
  8
BLACK
  6
CONTINUOUS
100
AcDbLine
 10
0.3176681102362205
 20
3.408419212598425
 30
0
 11
0.3149706299212598
 21
3.4070704724409446
 31
0
  0
LINE
  5
D2B
330
1A
100
AcDbEntity
  8
BLACK
  6
CONTINUOUS
100
AcDbLine
 10
0.3149706299212598
 20
3.4070704724409446
 30
0
 11
0.3142995275590551
 21
3.4063993700787401
 31
0
  0
LINE
  5
D2C
330
1A
100
AcDbEntity
  8
BLACK
  6
CONTINUOUS
100
AcDbLine
 10
0.3142995275590551
 20
3.4063993700787401
 30
0
 11
0.3142995275590551
 21
3.3851252362204725
 31
0
  0
LINE
  5
D2D
330
1A
100
AcDbEntity
  8
BLACK
  6
CONTINUOUS
100
AcDbLine
 10
0.3142995275590551
 20
3.3851252362204725
 30
0
 11
0.3142427952755906
 21
3.3845491732283466
 31
0
  0
LINE
  5
D2E
330
1A
100
AcDbEntity
  8
BLACK
  6
CONTINUOUS
100
AcDbLine
 10
0.3142427952755906
 20
3.3845491732283466
 30
0
 11
0.3138018897637795
 21
3.3834847637795273
 31
0
  0
LINE
  5
D2F
330
1A
100
AcDbEntity
  8
BLACK
  6
CONTINUOUS
100
AcDbLine
 10
0.3138018897637795
 20
3.3834847637795273
 30
0
 11
0.3129872440944882
 21
3.3826701181102363
 31
0
  0
LINE
  5
D30
330
1A
100
AcDbEntity
  8
BLACK
  6
CONTINUOUS
100
AcDbLine
 10
0.3129872440944882
 20
3.3826701181102363
 30
0
 11
0.3119228346456693
 21
3.3822292125984252
 31
0
  0
LINE
  5
D31
330
1A
100
AcDbEntity
  8
BLACK
  6
CONTINUOUS
100
AcDbLine
 10
0.3119228346456693
 20
3.3822292125984252
 30
0
 11
0.3107707086614173
 21
3.3822292125984252
 31
0
  0
LINE
  5
D32
330
1A
100
AcDbEntity
  8
BLACK
  6
CONTINUOUS
100
AcDbLine
 10
0.3107707086614173
 20
3.3822292125984252
 30
0
 11
0.3097062992125984
 21
3.3826701181102363
 31
0
  0
LINE
  5
D33
330
1A
100
AcDbEntity
  8
BLACK
  6
CONTINUOUS
100
AcDbLine
 10
0.3097062992125984
 20
3.3826701181102363
 30
0
 11
0.3088916535433071
 21
3.3834847637795273
 31
0
  0
LINE
  5
D34
330
1A
100
AcDbEntity
  8
BLACK
  6
CONTINUOUS
100
AcDbLine
 10
0.3088916535433071
 20
3.3834847637795273
 30
0
 11
0.3084507480314961
 21
3.3845491732283466
 31
0
  0
LINE
  5
D35
330
1A
100
AcDbEntity
  8
BLACK
  6
CONTINUOUS
100
AcDbLine
 10
0.3084507480314961
 20
3.3845491732283466
 30
0
 11
0.3083940157480315
 21
3.3851252362204725
 31
0
  0
LINE
  5
D36
330
1A
100
AcDbEntity
  8
BLACK
  6
CONTINUOUS
100
AcDbLine
 10
0.3083940157480315
 20
3.3851252362204725
 30
0
 11
0.3083940157480315
 21
3.411371968503937
 31
0
  0
LINE
  5
D37
330
1A
100
AcDbEntity
  8
BLACK
  6
CONTINUOUS
100
AcDbLine
 10
0.3083940157480315
 20
3.411371968503937
 30
0
 11
0.3084507480314961
 21
3.4119480314960628
 31
0
  0
LINE
  5
D38
330
1A
100
AcDbEntity
  8
BLACK
  6
CONTINUOUS
100
AcDbLine
 10
0.3084507480314961
 20
3.4119480314960628
 30
0
 11
0.3088916535433071
 21
3.4130124409448817
 31
0
  0
LINE
  5
D39
330
1A
100
AcDbEntity
  8
BLACK
  6
CONTINUOUS
100
AcDbLine
 10
0.3088916535433071
 20
3.4130124409448817
 30
0
 11
0.3097062992125984
 21
3.4138270866141731
 31
0
  0
LINE
  5
D3A
330
1A
100
AcDbEntity
  8
BLACK
  6
CONTINUOUS
100
AcDbLine
 10
0.3097062992125984
 20
3.4138270866141731
 30
0
 11
0.3107707086614173
 21
3.4142679921259842
 31
0
  0
LINE
  5
D3B
330
1A
100
AcDbEntity
  8
BLACK
  6
CONTINUOUS
100
AcDbLine
 10
0.3107707086614173
 20
3.4142679921259842
 30
0
 11
0.3119228346456693
 21
3.4142679921259842
 31
0
  0
LINE
  5
D3C
330
1A
100
AcDbEntity
  8
BLACK
  6
CONTINUOUS
100
AcDbLine
 10
0.3119228346456693
 20
3.4142679921259842
 30
0
 11
0.3129872440944882
 21
3.4138270866141731
 31
0
  0
LINE
  5
D3D
330
1A
100
AcDbEntity
  8
BLACK
  6
CONTINUOUS
100
AcDbLine
 10
0.3129872440944882
 20
3.4138270866141731
 30
0
 11
0.313751062992126
 21
3.4130632677165353
 31
0
  0
LINE
  5
D3E
330
1A
100
AcDbEntity
  8
BLACK
  6
CONTINUOUS
100
AcDbLine
 10
0.313751062992126
 20
3.4130632677165353
 30
0
 11
0.3156505511811024
 21
3.4140129921259841
 31
0
  0
LINE
  5
D3F
330
1A
100
AcDbEntity
  8
BLACK
  6
CONTINUOUS
100
AcDbLine
 10
0.3156505511811024
 20
3.4140129921259841
 30
0
 11
0.3161911417322835
 21
3.4142198818897636
 31
0
  0
LINE
  5
D40
330
1A
100
AcDbEntity
  8
BLACK
  6
CONTINUOUS
100
AcDbLine
 10
0.3161911417322835
 20
3.4142198818897636
 30
0
 11
0.3162970078740158
 21
3.4142274409448818
 31
0
  0
LINE
  5
D41
330
1A
100
AcDbEntity
  8
BLACK
  6
CONTINUOUS
100
AcDbLine
 10
0.3162970078740158
 20
3.4142274409448818
 30
0
 11
0.316395
 21
3.4142679921259842
 31
0
  0
LINE
  5
D42
330
1A
100
AcDbEntity
  8
BLACK
  6
CONTINUOUS
100
AcDbLine
 10
0.316395
 20
3.4142679921259842
 30
0
 11
0.316971062992126
 21
3.4143247244094486
 31
0
  0
LINE
  5
D43
330
1A
100
AcDbEntity
  8
BLACK
  6
CONTINUOUS
100
AcDbLine
 10
0.316971062992126
 20
3.4143247244094486
 30
0
 11
0.3225953543307086
 21
3.4143247244094486
 31
0
  0
LINE
  5
D44
330
1A
100
AcDbEntity
  8
BLACK
  6
CONTINUOUS
100
AcDbLine
 10
0.3225953543307086
 20
3.4143247244094486
 30
0
 11
0.3231714173228347
 21
3.4142679921259842
 31
0
  0
LINE
  5
D45
330
1A
100
AcDbEntity
  8
BLACK
  6
CONTINUOUS
100
AcDbLine
 10
0.4094106299212598
 20
3.4142679921259842
 30
0
 11
0.4095086220472441
 21
3.4142274015748031
 31
0
  0
LINE
  5
D46
330
1A
100
AcDbEntity
  8
BLACK
  6
CONTINUOUS
100
AcDbLine
 10
0.4095086220472441
 20
3.4142274015748031
 30
0
 11
0.4096144488188976
 21
3.4142198818897636
 31
0
  0
LINE
  5
D47
330
1A
100
AcDbEntity
  8
BLACK
  6
CONTINUOUS
100
AcDbLine
 10
0.4096144488188976
 20
3.4142198818897636
 30
0
 11
0.4101550787401575
 21
3.4140129921259841
 31
0
  0
LINE
  5
D48
330
1A
100
AcDbEntity
  8
BLACK
  6
CONTINUOUS
100
AcDbLine
 10
0.4101550787401575
 20
3.4140129921259841
 30
0
 11
0.4139046062992126
 21
3.4121382283464565
 31
0
  0
LINE
  5
D49
330
1A
100
AcDbEntity
  8
BLACK
  6
CONTINUOUS
100
AcDbLine
 10
0.4139046062992126
 20
3.4121382283464565
 30
0
 11
0.4140009448818898
 21
3.412077598425197
 31
0
  0
LINE
  5
D4A
330
1A
100
AcDbEntity
  8
BLACK
  6
CONTINUOUS
100
AcDbLine
 10
0.4140009448818898
 20
3.412077598425197
 30
0
 11
0.4140463779527559
 21
3.4120624409448816
 31
0
  0
LINE
  5
D4B
330
1A
100
AcDbEntity
  8
BLACK
  6
CONTINUOUS
100
AcDbLine
 10
0.4140463779527559
 20
3.4120624409448816
 30
0
 11
0.4141029133858268
 21
3.4120134251968501
 31
0
  0
LINE
  5
D4C
330
1A
100
AcDbEntity
  8
BLACK
  6
CONTINUOUS
100
AcDbLine
 10
0.4141029133858268
 20
3.4120134251968501
 30
0
 11
0.4143944881889764
 21
3.4118298818897639
 31
0
  0
LINE
  5
D4D
330
1A
100
AcDbEntity
  8
BLACK
  6
CONTINUOUS
100
AcDbLine
 10
0.4143944881889764
 20
3.4118298818897639
 30
0
 11
0.4146370472440945
 21
3.4115501968503934
 31
0
  0
LINE
  5
D4E
330
1A
100
AcDbEntity
  8
BLACK
  6
CONTINUOUS
100
AcDbLine
 10
0.4146370472440945
 20
3.4115501968503934
 30
0
 11
0.4149167716535433
 21
3.4113075984251968
 31
0
  0
LINE
  5
D4F
330
1A
100
AcDbEntity
  8
BLACK
  6
CONTINUOUS
100
AcDbLine
 10
0.4149167716535433
 20
3.4113075984251968
 30
0
 11
0.4151002755905512
 21
3.4110160629921258
 31
0
  0
LINE
  5
D50
330
1A
100
AcDbEntity
  8
BLACK
  6
CONTINUOUS
100
AcDbLine
 10
0.4151002755905512
 20
3.4110160629921258
 30
0
 11
0.4151493307086614
 21
3.4109594881889764
 31
0
  0
LINE
  5
D51
330
1A
100
AcDbEntity
  8
BLACK
  6
CONTINUOUS
100
AcDbLine
 10
0.4151493307086614
 20
3.4109594881889764
 30
0
 11
0.4151644488188976
 21
3.4109140944881888
 31
0
  0
LINE
  5
D52
330
1A
100
AcDbEntity
  8
BLACK
  6
CONTINUOUS
100
AcDbLine
 10
0.4151644488188976
 20
3.4109140944881888
 30
0
 11
0.4152251181102362
 21
3.410817716535433
 31
0
  0
LINE
  5
D53
330
1A
100
AcDbEntity
  8
BLACK
  6
CONTINUOUS
100
AcDbLine
 10
0.4152251181102362
 20
3.410817716535433
 30
0
 11
0.4170998818897638
 21
3.4070681889763779
 31
0
  0
LINE
  5
D54
330
1A
100
AcDbEntity
  8
BLACK
  6
CONTINUOUS
100
AcDbLine
 10
0.4170998818897638
 20
3.4070681889763779
 30
0
 11
0.4173067716535433
 21
3.4065275984251966
 31
0
  0
LINE
  5
D55
330
1A
100
AcDbEntity
  8
BLACK
  6
CONTINUOUS
100
AcDbLine
 10
0.4173067716535433
 20
3.4065275984251966
 30
0
 11
0.4173142913385827
 21
3.4064217322834645
 31
0
  0
LINE
  5
D56
330
1A
100
AcDbEntity
  8
BLACK
  6
CONTINUOUS
100
AcDbLine
 10
0.4173142913385827
 20
3.4064217322834645
 30
0
 11
0.4173548818897638
 21
3.4063237401574802
 31
0
  0
LINE
  5
D57
330
1A
100
AcDbEntity
  8
BLACK
  6
CONTINUOUS
100
AcDbLine
 10
0.4173548818897638
 20
3.4063237401574802
 30
0
 11
0.4174116141732284
 21
3.4057476771653543
 31
0
  0
LINE
  5
D58
330
1A
100
AcDbEntity
  8
BLACK
  6
CONTINUOUS
100
AcDbLine
 10
0.4174116141732284
 20
3.4057476771653543
 30
0
 11
0.4174116141732284
 21
3.3851252362204725
 31
0
  0
LINE
  5
D59
330
1A
100
AcDbEntity
  8
BLACK
  6
CONTINUOUS
100
AcDbLine
 10
0.4174116141732284
 20
3.3851252362204725
 30
0
 11
0.4173548818897638
 21
3.3845491732283466
 31
0
  0
LINE
  5
D5A
330
1A
100
AcDbEntity
  8
BLACK
  6
CONTINUOUS
100
AcDbLine
 10
0.4173548818897638
 20
3.3845491732283466
 30
0
 11
0.4169139763779527
 21
3.3834847637795273
 31
0
  0
LINE
  5
D5B
330
1A
100
AcDbEntity
  8
BLACK
  6
CONTINUOUS
100
AcDbLine
 10
0.4169139763779527
 20
3.3834847637795273
 30
0
 11
0.4160993307086614
 21
3.3826701181102363
 31
0
  0
LINE
  5
D5C
330
1A
100
AcDbEntity
  8
BLACK
  6
CONTINUOUS
100
AcDbLine
 10
0.4160993307086614
 20
3.3826701181102363
 30
0
 11
0.4150349212598425
 21
3.3822292125984252
 31
0
  0
LINE
  5
D5D
330
1A
100
AcDbEntity
  8
BLACK
  6
CONTINUOUS
100
AcDbLine
 10
0.4150349212598425
 20
3.3822292125984252
 30
0
 11
0.4138827952755905
 21
3.3822292125984252
 31
0
  0
LINE
  5
D5E
330
1A
100
AcDbEntity
  8
BLACK
  6
CONTINUOUS
100
AcDbLine
 10
0.4138827952755905
 20
3.3822292125984252
 30
0
 11
0.4128183858267717
 21
3.3826701181102363
 31
0
  0
LINE
  5
D5F
330
1A
100
AcDbEntity
  8
BLACK
  6
CONTINUOUS
100
AcDbLine
 10
0.4128183858267717
 20
3.3826701181102363
 30
0
 11
0.4120037401574803
 21
3.3834847637795273
 31
0
  0
LINE
  5
D60
330
1A
100
AcDbEntity
  8
BLACK
  6
CONTINUOUS
100
AcDbLine
 10
0.4120037401574803
 20
3.3834847637795273
 30
0
 11
0.4115628346456693
 21
3.3845491732283466
 31
0
  0
LINE
  5
D61
330
1A
100
AcDbEntity
  8
BLACK
  6
CONTINUOUS
100
AcDbLine
 10
0.4115628346456693
 20
3.3845491732283466
 30
0
 11
0.4115061023622047
 21
3.3851252362204725
 31
0
  0
LINE
  5
D62
330
1A
100
AcDbEntity
  8
BLACK
  6
CONTINUOUS
100
AcDbLine
 10
0.4115061023622047
 20
3.3851252362204725
 30
0
 11
0.4115061023622047
 21
3.4050506299212597
 31
0
  0
LINE
  5
D63
330
1A
100
AcDbEntity
  8
BLACK
  6
CONTINUOUS
100
AcDbLine
 10
0.4115061023622047
 20
3.4050506299212597
 30
0
 11
0.4103832283464567
 21
3.4072963779527559
 31
0
  0
LINE
  5
D64
330
1A
100
AcDbEntity
  8
BLACK
  6
CONTINUOUS
100
AcDbLine
 10
0.4103832283464567
 20
3.4072963779527559
 30
0
 11
0.4081375196850394
 21
3.408419212598425
 31
0
  0
LINE
  5
D65
330
1A
100
AcDbEntity
  8
BLACK
  6
CONTINUOUS
100
AcDbLine
 10
0.4081375196850394
 20
3.408419212598425
 30
0
 11
0.4039073228346456
 21
3.408419212598425
 31
0
  0
LINE
  5
D66
330
1A
100
AcDbEntity
  8
BLACK
  6
CONTINUOUS
100
AcDbLine
 10
0.4039073228346456
 20
3.408419212598425
 30
0
 11
0.4012098425196851
 21
3.4070704724409446
 31
0
  0
LINE
  5
D67
330
1A
100
AcDbEntity
  8
BLACK
  6
CONTINUOUS
100
AcDbLine
 10
0.4012098425196851
 20
3.4070704724409446
 30
0
 11
0.4005387401574803
 21
3.4063993700787401
 31
0
  0
LINE
  5
D68
330
1A
100
AcDbEntity
  8
BLACK
  6
CONTINUOUS
100
AcDbLine
 10
0.4005387401574803
 20
3.4063993700787401
 30
0
 11
0.4005387401574803
 21
3.3851252362204725
 31
0
  0
LINE
  5
D69
330
1A
100
AcDbEntity
  8
BLACK
  6
CONTINUOUS
100
AcDbLine
 10
0.4005387401574803
 20
3.3851252362204725
 30
0
 11
0.4004820078740157
 21
3.3845491732283466
 31
0
  0
LINE
  5
D6A
330
1A
100
AcDbEntity
  8
BLACK
  6
CONTINUOUS
100
AcDbLine
 10
0.4004820078740157
 20
3.3845491732283466
 30
0
 11
0.4000411023622047
 21
3.3834847637795273
 31
0
  0
LINE
  5
D6B
330
1A
100
AcDbEntity
  8
BLACK
  6
CONTINUOUS
100
AcDbLine
 10
0.4000411023622047
 20
3.3834847637795273
 30
0
 11
0.3992264566929134
 21
3.3826701181102363
 31
0
  0
LINE
  5
D6C
330
1A
100
AcDbEntity
  8
BLACK
  6
CONTINUOUS
100
AcDbLine
 10
0.3992264566929134
 20
3.3826701181102363
 30
0
 11
0.3981620472440945
 21
3.3822292125984252
 31
0
  0
LINE
  5
D6D
330
1A
100
AcDbEntity
  8
BLACK
  6
CONTINUOUS
100
AcDbLine
 10
0.3981620472440945
 20
3.3822292125984252
 30
0
 11
0.3970099212598425
 21
3.3822292125984252
 31
0
  0
LINE
  5
D6E
330
1A
100
AcDbEntity
  8
BLACK
  6
CONTINUOUS
100
AcDbLine
 10
0.3970099212598425
 20
3.3822292125984252
 30
0
 11
0.3959455118110236
 21
3.3826701181102363
 31
0
  0
LINE
  5
D6F
330
1A
100
AcDbEntity
  8
BLACK
  6
CONTINUOUS
100
AcDbLine
 10
0.3959455118110236
 20
3.3826701181102363
 30
0
 11
0.3951308661417323
 21
3.3834847637795273
 31
0
  0
LINE
  5
D70
330
1A
100
AcDbEntity
  8
BLACK
  6
CONTINUOUS
100
AcDbLine
 10
0.3951308661417323
 20
3.3834847637795273
 30
0
 11
0.3946899606299212
 21
3.3845491732283466
 31
0
  0
LINE
  5
D71
330
1A
100
AcDbEntity
  8
BLACK
  6
CONTINUOUS
100
AcDbLine
 10
0.3946899606299212
 20
3.3845491732283466
 30
0
 11
0.3946332283464567
 21
3.3851252362204725
 31
0
  0
LINE
  5
D72
330
1A
100
AcDbEntity
  8
BLACK
  6
CONTINUOUS
100
AcDbLine
 10
0.3946332283464567
 20
3.3851252362204725
 30
0
 11
0.3946332283464567
 21
3.411371968503937
 31
0
  0
LINE
  5
D73
330
1A
100
AcDbEntity
  8
BLACK
  6
CONTINUOUS
100
AcDbLine
 10
0.3946332283464567
 20
3.411371968503937
 30
0
 11
0.3946899606299212
 21
3.4119480314960628
 31
0
  0
LINE
  5
D74
330
1A
100
AcDbEntity
  8
BLACK
  6
CONTINUOUS
100
AcDbLine
 10
0.3946899606299212
 20
3.4119480314960628
 30
0
 11
0.3951308661417323
 21
3.4130124409448817
 31
0
  0
LINE
  5
D75
330
1A
100
AcDbEntity
  8
BLACK
  6
CONTINUOUS
100
AcDbLine
 10
0.3951308661417323
 20
3.4130124409448817
 30
0
 11
0.3959455118110236
 21
3.4138270866141731
 31
0
  0
LINE
  5
D76
330
1A
100
AcDbEntity
  8
BLACK
  6
CONTINUOUS
100
AcDbLine
 10
0.3959455118110236
 20
3.4138270866141731
 30
0
 11
0.3970099212598425
 21
3.4142679921259842
 31
0
  0
LINE
  5
D77
330
1A
100
AcDbEntity
  8
BLACK
  6
CONTINUOUS
100
AcDbLine
 10
0.3970099212598425
 20
3.4142679921259842
 30
0
 11
0.3981620472440945
 21
3.4142679921259842
 31
0
  0
LINE
  5
D78
330
1A
100
AcDbEntity
  8
BLACK
  6
CONTINUOUS
100
AcDbLine
 10
0.3981620472440945
 20
3.4142679921259842
 30
0
 11
0.3992264566929134
 21
3.4138270866141731
 31
0
  0
LINE
  5
D79
330
1A
100
AcDbEntity
  8
BLACK
  6
CONTINUOUS
100
AcDbLine
 10
0.3992264566929134
 20
3.4138270866141731
 30
0
 11
0.3999902755905512
 21
3.4130632677165353
 31
0
  0
LINE
  5
D7A
330
1A
100
AcDbEntity
  8
BLACK
  6
CONTINUOUS
100
AcDbLine
 10
0.3999902755905512
 20
3.4130632677165353
 30
0
 11
0.4018897637795276
 21
3.4140129921259841
 31
0
  0
LINE
  5
D7B
330
1A
100
AcDbEntity
  8
BLACK
  6
CONTINUOUS
100
AcDbLine
 10
0.4018897637795276
 20
3.4140129921259841
 30
0
 11
0.4024303543307087
 21
3.4142198818897636
 31
0
  0
LINE
  5
D7C
330
1A
100
AcDbEntity
  8
BLACK
  6
CONTINUOUS
100
AcDbLine
 10
0.4024303543307087
 20
3.4142198818897636
 30
0
 11
0.4025362204724409
 21
3.4142274409448818
 31
0
  0
LINE
  5
D7D
330
1A
100
AcDbEntity
  8
BLACK
  6
CONTINUOUS
100
AcDbLine
 10
0.4025362204724409
 20
3.4142274409448818
 30
0
 11
0.4026342125984252
 21
3.4142679921259842
 31
0
  0
LINE
  5
D7E
330
1A
100
AcDbEntity
  8
BLACK
  6
CONTINUOUS
100
AcDbLine
 10
0.4026342125984252
 20
3.4142679921259842
 30
0
 11
0.4032102755905512
 21
3.4143247244094486
 31
0
  0
LINE
  5
D7F
330
1A
100
AcDbEntity
  8
BLACK
  6
CONTINUOUS
100
AcDbLine
 10
0.4032102755905512
 20
3.4143247244094486
 30
0
 11
0.4088345669291338
 21
3.4143247244094486
 31
0
  0
LINE
  5
D80
330
1A
100
AcDbEntity
  8
BLACK
  6
CONTINUOUS
100
AcDbLine
 10
0.4088345669291338
 20
3.4143247244094486
 30
0
 11
0.4094106299212598
 21
3.4142679921259842
 31
0
  0
LINE
  5
D81
330
1A
100
AcDbEntity
  8
BLACK
  6
CONTINUOUS
100
AcDbLine
 10
0.466718031496063
 20
3.4138270866141731
 30
0
 11
0.4675326771653543
 21
3.4130124409448817
 31
0
  0
LINE
  5
D82
330
1A
100
AcDbEntity
  8
BLACK
  6
CONTINUOUS
100
AcDbLine
 10
0.4675326771653543
 20
3.4130124409448817
 30
0
 11
0.4679735826771653
 21
3.4119480314960628
 31
0
  0
LINE
  5
D83
330
1A
100
AcDbEntity
  8
BLACK
  6
CONTINUOUS
100
AcDbLine
 10
0.4679735826771653
 20
3.4119480314960628
 30
0
 11
0.4680303149606299
 21
3.411371968503937
 31
0
  0
LINE
  5
D84
330
1A
100
AcDbEntity
  8
BLACK
  6
CONTINUOUS
100
AcDbLine
 10
0.4680303149606299
 20
3.411371968503937
 30
0
 11
0.4680303149606299
 21
3.3851252362204725
 31
0
  0
LINE
  5
D85
330
1A
100
AcDbEntity
  8
BLACK
  6
CONTINUOUS
100
AcDbLine
 10
0.4680303149606299
 20
3.3851252362204725
 30
0
 11
0.4679735826771653
 21
3.3845491732283466
 31
0
  0
LINE
  5
D86
330
1A
100
AcDbEntity
  8
BLACK
  6
CONTINUOUS
100
AcDbLine
 10
0.4679735826771653
 20
3.3845491732283466
 30
0
 11
0.4675326771653543
 21
3.3834847637795273
 31
0
  0
LINE
  5
D87
330
1A
100
AcDbEntity
  8
BLACK
  6
CONTINUOUS
100
AcDbLine
 10
0.4675326771653543
 20
3.3834847637795273
 30
0
 11
0.466718031496063
 21
3.3826701181102363
 31
0
  0
LINE
  5
D88
330
1A
100
AcDbEntity
  8
BLACK
  6
CONTINUOUS
100
AcDbLine
 10
0.466718031496063
 20
3.3826701181102363
 30
0
 11
0.4656536220472441
 21
3.3822292125984252
 31
0
  0
LINE
  5
D89
330
1A
100
AcDbEntity
  8
BLACK
  6
CONTINUOUS
100
AcDbLine
 10
0.4656536220472441
 20
3.3822292125984252
 30
0
 11
0.4645014960629921
 21
3.3822292125984252
 31
0
  0
LINE
  5
D8A
330
1A
100
AcDbEntity
  8
BLACK
  6
CONTINUOUS
100
AcDbLine
 10
0.4645014960629921
 20
3.3822292125984252
 30
0
 11
0.4634370866141732
 21
3.3826701181102363
 31
0
  0
LINE
  5
D8B
330
1A
100
AcDbEntity
  8
BLACK
  6
CONTINUOUS
100
AcDbLine
 10
0.4634370866141732
 20
3.3826701181102363
 30
0
 11
0.4626224409448819
 21
3.3834847637795273
 31
0
  0
LINE
  5
D8C
330
1A
100
AcDbEntity
  8
BLACK
  6
CONTINUOUS
100
AcDbLine
 10
0.4626224409448819
 20
3.3834847637795273
 30
0
 11
0.4621815354330708
 21
3.3845491732283466
 31
0
  0
LINE
  5
D8D
330
1A
100
AcDbEntity
  8
BLACK
  6
CONTINUOUS
100
AcDbLine
 10
0.4621815354330708
 20
3.3845491732283466
 30
0
 11
0.4621248031496063
 21
3.3851252362204725
 31
0
  0
LINE
  5
D8E
330
1A
100
AcDbEntity
  8
BLACK
  6
CONTINUOUS
100
AcDbLine
 10
0.4621248031496063
 20
3.3851252362204725
 30
0
 11
0.4621248031496063
 21
3.411371968503937
 31
0
  0
LINE
  5
D8F
330
1A
100
AcDbEntity
  8
BLACK
  6
CONTINUOUS
100
AcDbLine
 10
0.4621248031496063
 20
3.411371968503937
 30
0
 11
0.4621815354330708
 21
3.4119480314960628
 31
0
  0
LINE
  5
D90
330
1A
100
AcDbEntity
  8
BLACK
  6
CONTINUOUS
100
AcDbLine
 10
0.4621815354330708
 20
3.4119480314960628
 30
0
 11
0.4626224409448819
 21
3.4130124409448817
 31
0
  0
LINE
  5
D91
330
1A
100
AcDbEntity
  8
BLACK
  6
CONTINUOUS
100
AcDbLine
 10
0.4626224409448819
 20
3.4130124409448817
 30
0
 11
0.4634370866141732
 21
3.4138270866141731
 31
0
  0
LINE
  5
D92
330
1A
100
AcDbEntity
  8
BLACK
  6
CONTINUOUS
100
AcDbLine
 10
0.4634370866141732
 20
3.4138270866141731
 30
0
 11
0.4645014960629921
 21
3.4142679921259842
 31
0
  0
LINE
  5
D93
330
1A
100
AcDbEntity
  8
BLACK
  6
CONTINUOUS
100
AcDbLine
 10
0.4645014960629921
 20
3.4142679921259842
 30
0
 11
0.4656536220472441
 21
3.4142679921259842
 31
0
  0
LINE
  5
D94
330
1A
100
AcDbEntity
  8
BLACK
  6
CONTINUOUS
100
AcDbLine
 10
0.4656536220472441
 20
3.4142679921259842
 30
0
 11
0.466718031496063
 21
3.4138270866141731
 31
0
  0
LINE
  5
D95
330
1A
100
AcDbEntity
  8
BLACK
  6
CONTINUOUS
100
AcDbLine
 10
0.5312703937007874
 20
3.4142679921259842
 30
0
 11
0.5313683858267716
 21
3.4142274015748031
 31
0
  0
LINE
  5
D96
330
1A
100
AcDbEntity
  8
BLACK
  6
CONTINUOUS
100
AcDbLine
 10
0.5313683858267716
 20
3.4142274015748031
 30
0
 11
0.5314742125984252
 21
3.4142198818897636
 31
0
  0
LINE
  5
D97
330
1A
100
AcDbEntity
  8
BLACK
  6
CONTINUOUS
100
AcDbLine
 10
0.5314742125984252
 20
3.4142198818897636
 30
0
 11
0.532014842519685
 21
3.4140129921259841
 31
0
  0
LINE
  5
D98
330
1A
100
AcDbEntity
  8
BLACK
  6
CONTINUOUS
100
AcDbLine
 10
0.532014842519685
 20
3.4140129921259841
 30
0
 11
0.5357643700787401
 21
3.4121382283464565
 31
0
  0
LINE
  5
D99
330
1A
100
AcDbEntity
  8
BLACK
  6
CONTINUOUS
100
AcDbLine
 10
0.5357643700787401
 20
3.4121382283464565
 30
0
 11
0.5358607086614173
 21
3.412077598425197
 31
0
  0
LINE
  5
D9A
330
1A
100
AcDbEntity
  8
BLACK
  6
CONTINUOUS
100
AcDbLine
 10
0.5358607086614173
 20
3.412077598425197
 30
0
 11
0.5359061417322835
 21
3.4120624409448816
 31
0
  0
LINE
  5
D9B
330
1A
100
AcDbEntity
  8
BLACK
  6
CONTINUOUS
100
AcDbLine
 10
0.5359061417322835
 20
3.4120624409448816
 30
0
 11
0.5359626771653543
 21
3.4120134251968501
 31
0
  0
LINE
  5
D9C
330
1A
100
AcDbEntity
  8
BLACK
  6
CONTINUOUS
100
AcDbLine
 10
0.5359626771653543
 20
3.4120134251968501
 30
0
 11
0.536254251968504
 21
3.4118298818897639
 31
0
  0
LINE
  5
D9D
330
1A
100
AcDbEntity
  8
BLACK
  6
CONTINUOUS
100
AcDbLine
 10
0.536254251968504
 20
3.4118298818897639
 30
0
 11
0.536496811023622
 21
3.4115501968503934
 31
0
  0
LINE
  5
D9E
330
1A
100
AcDbEntity
  8
BLACK
  6
CONTINUOUS
100
AcDbLine
 10
0.536496811023622
 20
3.4115501968503934
 30
0
 11
0.5367765354330708
 21
3.4113075984251968
 31
0
  0
LINE
  5
D9F
330
1A
100
AcDbEntity
  8
BLACK
  6
CONTINUOUS
100
AcDbLine
 10
0.5367765354330708
 20
3.4113075984251968
 30
0
 11
0.5369600393700787
 21
3.4110160629921258
 31
0
  0
LINE
  5
DA0
330
1A
100
AcDbEntity
  8
BLACK
  6
CONTINUOUS
100
AcDbLine
 10
0.5369600393700787
 20
3.4110160629921258
 30
0
 11
0.537009094488189
 21
3.4109594881889764
 31
0
  0
LINE
  5
DA1
330
1A
100
AcDbEntity
  8
BLACK
  6
CONTINUOUS
100
AcDbLine
 10
0.537009094488189
 20
3.4109594881889764
 30
0
 11
0.5370242125984251
 21
3.4109140944881888
 31
0
  0
LINE
  5
DA2
330
1A
100
AcDbEntity
  8
BLACK
  6
CONTINUOUS
100
AcDbLine
 10
0.5370242125984251
 20
3.4109140944881888
 30
0
 11
0.5370848818897638
 21
3.410817716535433
 31
0
  0
LINE
  5
DA3
330
1A
100
AcDbEntity
  8
BLACK
  6
CONTINUOUS
100
AcDbLine
 10
0.5370848818897638
 20
3.410817716535433
 30
0
 11
0.5389596456692913
 21
3.4070681889763779
 31
0
  0
LINE
  5
DA4
330
1A
100
AcDbEntity
  8
BLACK
  6
CONTINUOUS
100
AcDbLine
 10
0.5389596456692913
 20
3.4070681889763779
 30
0
 11
0.5391665354330708
 21
3.4065275984251966
 31
0
  0
LINE
  5
DA5
330
1A
100
AcDbEntity
  8
BLACK
  6
CONTINUOUS
100
AcDbLine
 10
0.5391665354330708
 20
3.4065275984251966
 30
0
 11
0.5391740551181102
 21
3.4064217322834645
 31
0
  0
LINE
  5
DA6
330
1A
100
AcDbEntity
  8
BLACK
  6
CONTINUOUS
100
AcDbLine
 10
0.5391740551181102
 20
3.4064217322834645
 30
0
 11
0.5392146456692913
 21
3.4063237401574802
 31
0
  0
LINE
  5
DA7
330
1A
100
AcDbEntity
  8
BLACK
  6
CONTINUOUS
100
AcDbLine
 10
0.5392146456692913
 20
3.4063237401574802
 30
0
 11
0.5392713779527559
 21
3.4057476771653543
 31
0
  0
LINE
  5
DA8
330
1A
100
AcDbEntity
  8
BLACK
  6
CONTINUOUS
100
AcDbLine
 10
0.5392713779527559
 20
3.4057476771653543
 30
0
 11
0.5392713779527559
 21
3.3851252362204725
 31
0
  0
LINE
  5
DA9
330
1A
100
AcDbEntity
  8
BLACK
  6
CONTINUOUS
100
AcDbLine
 10
0.5392713779527559
 20
3.3851252362204725
 30
0
 11
0.5392146456692913
 21
3.3845491732283466
 31
0
  0
LINE
  5
DAA
330
1A
100
AcDbEntity
  8
BLACK
  6
CONTINUOUS
100
AcDbLine
 10
0.5392146456692913
 20
3.3845491732283466
 30
0
 11
0.5387737401574803
 21
3.3834847637795273
 31
0
  0
LINE
  5
DAB
330
1A
100
AcDbEntity
  8
BLACK
  6
CONTINUOUS
100
AcDbLine
 10
0.5387737401574803
 20
3.3834847637795273
 30
0
 11
0.537959094488189
 21
3.3826701181102363
 31
0
  0
LINE
  5
DAC
330
1A
100
AcDbEntity
  8
BLACK
  6
CONTINUOUS
100
AcDbLine
 10
0.537959094488189
 20
3.3826701181102363
 30
0
 11
0.5368946850393701
 21
3.3822292125984252
 31
0
  0
LINE
  5
DAD
330
1A
100
AcDbEntity
  8
BLACK
  6
CONTINUOUS
100
AcDbLine
 10
0.5368946850393701
 20
3.3822292125984252
 30
0
 11
0.5357425590551181
 21
3.3822292125984252
 31
0
  0
LINE
  5
DAE
330
1A
100
AcDbEntity
  8
BLACK
  6
CONTINUOUS
100
AcDbLine
 10
0.5357425590551181
 20
3.3822292125984252
 30
0
 11
0.5346781496062992
 21
3.3826701181102363
 31
0
  0
LINE
  5
DAF
330
1A
100
AcDbEntity
  8
BLACK
  6
CONTINUOUS
100
AcDbLine
 10
0.5346781496062992
 20
3.3826701181102363
 30
0
 11
0.5338635039370079
 21
3.3834847637795273
 31
0
  0
LINE
  5
DB0
330
1A
100
AcDbEntity
  8
BLACK
  6
CONTINUOUS
100
AcDbLine
 10
0.5338635039370079
 20
3.3834847637795273
 30
0
 11
0.5334225984251968
 21
3.3845491732283466
 31
0
  0
LINE
  5
DB1
330
1A
100
AcDbEntity
  8
BLACK
  6
CONTINUOUS
100
AcDbLine
 10
0.5334225984251968
 20
3.3845491732283466
 30
0
 11
0.5333658661417323
 21
3.3851252362204725
 31
0
  0
LINE
  5
DB2
330
1A
100
AcDbEntity
  8
BLACK
  6
CONTINUOUS
100
AcDbLine
 10
0.5333658661417323
 20
3.3851252362204725
 30
0
 11
0.5333658661417323
 21
3.4050506299212597
 31
0
  0
LINE
  5
DB3
330
1A
100
AcDbEntity
  8
BLACK
  6
CONTINUOUS
100
AcDbLine
 10
0.5333658661417323
 20
3.4050506299212597
 30
0
 11
0.5322429921259842
 21
3.4072963779527559
 31
0
  0
LINE
  5
DB4
330
1A
100
AcDbEntity
  8
BLACK
  6
CONTINUOUS
100
AcDbLine
 10
0.5322429921259842
 20
3.4072963779527559
 30
0
 11
0.5299972834645669
 21
3.408419212598425
 31
0
  0
LINE
  5
DB5
330
1A
100
AcDbEntity
  8
BLACK
  6
CONTINUOUS
100
AcDbLine
 10
0.5299972834645669
 20
3.408419212598425
 30
0
 11
0.5257670866141733
 21
3.408419212598425
 31
0
  0
LINE
  5
DB6
330
1A
100
AcDbEntity
  8
BLACK
  6
CONTINUOUS
100
AcDbLine
 10
0.5257670866141733
 20
3.408419212598425
 30
0
 11
0.5230696062992126
 21
3.4070704724409446
 31
0
  0
LINE
  5
DB7
330
1A
100
AcDbEntity
  8
BLACK
  6
CONTINUOUS
100
AcDbLine
 10
0.5230696062992126
 20
3.4070704724409446
 30
0
 11
0.5223985039370078
 21
3.4063993700787401
 31
0
  0
LINE
  5
DB8
330
1A
100
AcDbEntity
  8
BLACK
  6
CONTINUOUS
100
AcDbLine
 10
0.5223985039370078
 20
3.4063993700787401
 30
0
 11
0.5223985039370078
 21
3.3851252362204725
 31
0
  0
LINE
  5
DB9
330
1A
100
AcDbEntity
  8
BLACK
  6
CONTINUOUS
100
AcDbLine
 10
0.5223985039370078
 20
3.3851252362204725
 30
0
 11
0.5223417716535433
 21
3.3845491732283466
 31
0
  0
LINE
  5
DBA
330
1A
100
AcDbEntity
  8
BLACK
  6
CONTINUOUS
100
AcDbLine
 10
0.5223417716535433
 20
3.3845491732283466
 30
0
 11
0.5219008661417323
 21
3.3834847637795273
 31
0
  0
LINE
  5
DBB
330
1A
100
AcDbEntity
  8
BLACK
  6
CONTINUOUS
100
AcDbLine
 10
0.5219008661417323
 20
3.3834847637795273
 30
0
 11
0.5210862204724409
 21
3.3826701181102363
 31
0
  0
LINE
  5
DBC
330
1A
100
AcDbEntity
  8
BLACK
  6
CONTINUOUS
100
AcDbLine
 10
0.5210862204724409
 20
3.3826701181102363
 30
0
 11
0.520021811023622
 21
3.3822292125984252
 31
0
  0
LINE
  5
DBD
330
1A
100
AcDbEntity
  8
BLACK
  6
CONTINUOUS
100
AcDbLine
 10
0.520021811023622
 20
3.3822292125984252
 30
0
 11
0.51886968503937
 21
3.3822292125984252
 31
0
  0
LINE
  5
DBE
330
1A
100
AcDbEntity
  8
BLACK
  6
CONTINUOUS
100
AcDbLine
 10
0.51886968503937
 20
3.3822292125984252
 30
0
 11
0.5178052755905511
 21
3.3826701181102363
 31
0
  0
LINE
  5
DBF
330
1A
100
AcDbEntity
  8
BLACK
  6
CONTINUOUS
100
AcDbLine
 10
0.5178052755905511
 20
3.3826701181102363
 30
0
 11
0.5169906299212599
 21
3.3834847637795273
 31
0
  0
LINE
  5
DC0
330
1A
100
AcDbEntity
  8
BLACK
  6
CONTINUOUS
100
AcDbLine
 10
0.5169906299212599
 20
3.3834847637795273
 30
0
 11
0.5165497244094488
 21
3.3845491732283466
 31
0
  0
LINE
  5
DC1
330
1A
100
AcDbEntity
  8
BLACK
  6
CONTINUOUS
100
AcDbLine
 10
0.5165497244094488
 20
3.3845491732283466
 30
0
 11
0.5164929921259842
 21
3.3851252362204725
 31
0
  0
LINE
  5
DC2
330
1A
100
AcDbEntity
  8
BLACK
  6
CONTINUOUS
100
AcDbLine
 10
0.5164929921259842
 20
3.3851252362204725
 30
0
 11
0.5164929921259842
 21
3.411371968503937
 31
0
  0
LINE
  5
DC3
330
1A
100
AcDbEntity
  8
BLACK
  6
CONTINUOUS
100
AcDbLine
 10
0.5164929921259842
 20
3.411371968503937
 30
0
 11
0.5165497244094488
 21
3.4119480314960628
 31
0
  0
LINE
  5
DC4
330
1A
100
AcDbEntity
  8
BLACK
  6
CONTINUOUS
100
AcDbLine
 10
0.5165497244094488
 20
3.4119480314960628
 30
0
 11
0.5169906299212599
 21
3.4130124409448817
 31
0
  0
LINE
  5
DC5
330
1A
100
AcDbEntity
  8
BLACK
  6
CONTINUOUS
100
AcDbLine
 10
0.5169906299212599
 20
3.4130124409448817
 30
0
 11
0.5178052755905511
 21
3.4138270866141731
 31
0
  0
LINE
  5
DC6
330
1A
100
AcDbEntity
  8
BLACK
  6
CONTINUOUS
100
AcDbLine
 10
0.5178052755905511
 20
3.4138270866141731
 30
0
 11
0.51886968503937
 21
3.4142679921259842
 31
0
  0
LINE
  5
DC7
330
1A
100
AcDbEntity
  8
BLACK
  6
CONTINUOUS
100
AcDbLine
 10
0.51886968503937
 20
3.4142679921259842
 30
0
 11
0.520021811023622
 21
3.4142679921259842
 31
0
  0
LINE
  5
DC8
330
1A
100
AcDbEntity
  8
BLACK
  6
CONTINUOUS
100
AcDbLine
 10
0.520021811023622
 20
3.4142679921259842
 30
0
 11
0.5210862204724409
 21
3.4138270866141731
 31
0
  0
LINE
  5
DC9
330
1A
100
AcDbEntity
  8
BLACK
  6
CONTINUOUS
100
AcDbLine
 10
0.5210862204724409
 20
3.4138270866141731
 30
0
 11
0.5218500393700787
 21
3.4130632677165353
 31
0
  0
LINE
  5
DCA
330
1A
100
AcDbEntity
  8
BLACK
  6
CONTINUOUS
100
AcDbLine
 10
0.5218500393700787
 20
3.4130632677165353
 30
0
 11
0.5237495275590551
 21
3.4140129921259841
 31
0
  0
LINE
  5
DCB
330
1A
100
AcDbEntity
  8
BLACK
  6
CONTINUOUS
100
AcDbLine
 10
0.5237495275590551
 20
3.4140129921259841
 30
0
 11
0.5242901181102362
 21
3.4142198818897636
 31
0
  0
LINE
  5
DCC
330
1A
100
AcDbEntity
  8
BLACK
  6
CONTINUOUS
100
AcDbLine
 10
0.5242901181102362
 20
3.4142198818897636
 30
0
 11
0.5243959842519685
 21
3.4142274409448818
 31
0
  0
LINE
  5
DCD
330
1A
100
AcDbEntity
  8
BLACK
  6
CONTINUOUS
100
AcDbLine
 10
0.5243959842519685
 20
3.4142274409448818
 30
0
 11
0.5244939763779527
 21
3.4142679921259842
 31
0
  0
LINE
  5
DCE
330
1A
100
AcDbEntity
  8
BLACK
  6
CONTINUOUS
100
AcDbLine
 10
0.5244939763779527
 20
3.4142679921259842
 30
0
 11
0.5250700393700787
 21
3.4143247244094486
 31
0
  0
LINE
  5
DCF
330
1A
100
AcDbEntity
  8
BLACK
  6
CONTINUOUS
100
AcDbLine
 10
0.5250700393700787
 20
3.4143247244094486
 30
0
 11
0.5306943307086615
 21
3.4143247244094486
 31
0
  0
LINE
  5
DD0
330
1A
100
AcDbEntity
  8
BLACK
  6
CONTINUOUS
100
AcDbLine
 10
0.5306943307086615
 20
3.4143247244094486
 30
0
 11
0.5312703937007874
 21
3.4142679921259842
 31
0
  0
LINE
  5
DD1
330
1A
100
AcDbEntity
  8
BLACK
  6
CONTINUOUS
100
AcDbLine
 10
0.2942396062992126
 20
3.426950433070866
 30
0
 11
0.2946870472440945
 21
3.4265832283464568
 31
0
  0
LINE
  5
DD2
330
1A
100
AcDbEntity
  8
BLACK
  6
CONTINUOUS
100
AcDbLine
 10
0.2946870472440945
 20
3.4265832283464568
 30
0
 11
0.2965618110236221
 21
3.4247084645669292
 31
0
  0
LINE
  5
DD3
330
1A
100
AcDbEntity
  8
BLACK
  6
CONTINUOUS
100
AcDbLine
 10
0.2965618110236221
 20
3.4247084645669292
 30
0
 11
0.2969290157480315
 21
3.424261023622047
 31
0
  0
LINE
  5
DD4
330
1A
100
AcDbEntity
  8
BLACK
  6
CONTINUOUS
100
AcDbLine
 10
0.2969290157480315
 20
3.424261023622047
 30
0
 11
0.2970705905511811
 21
3.423919251968504
 31
0
  0
LINE
  5
DD5
330
1A
100
AcDbEntity
  8
BLACK
  6
CONTINUOUS
100
AcDbLine
 10
0.2970705905511811
 20
3.423919251968504
 30
0
 11
0.2973699212598425
 21
3.4231965748031494
 31
0
  0
LINE
  5
DD6
330
1A
100
AcDbEntity
  8
BLACK
  6
CONTINUOUS
100
AcDbLine
 10
0.2973699212598425
 20
3.4231965748031494
 30
0
 11
0.2973699212598425
 21
3.4220444881889764
 31
0
  0
LINE
  5
DD7
330
1A
100
AcDbEntity
  8
BLACK
  6
CONTINUOUS
100
AcDbLine
 10
0.2973699212598425
 20
3.4220444881889764
 30
0
 11
0.2969290157480315
 21
3.4209800787401572
 31
0
  0
LINE
  5
DD8
330
1A
100
AcDbEntity
  8
BLACK
  6
CONTINUOUS
100
AcDbLine
 10
0.2969290157480315
 20
3.4209800787401572
 30
0
 11
0.2965618110236221
 21
3.4205326377952754
 31
0
  0
LINE
  5
DD9
330
1A
100
AcDbEntity
  8
BLACK
  6
CONTINUOUS
100
AcDbLine
 10
0.2965618110236221
 20
3.4205326377952754
 30
0
 11
0.2946870472440945
 21
3.4186578740157478
 31
0
  0
LINE
  5
DDA
330
1A
100
AcDbEntity
  8
BLACK
  6
CONTINUOUS
100
AcDbLine
 10
0.2946870472440945
 20
3.4186578740157478
 30
0
 11
0.2942396062992126
 21
3.4182906692913386
 31
0
  0
LINE
  5
DDB
330
1A
100
AcDbEntity
  8
BLACK
  6
CONTINUOUS
100
AcDbLine
 10
0.2942396062992126
 20
3.4182906692913386
 30
0
 11
0.2931751968503937
 21
3.4178497637795275
 31
0
  0
LINE
  5
DDC
330
1A
100
AcDbEntity
  8
BLACK
  6
CONTINUOUS
100
AcDbLine
 10
0.2931751968503937
 20
3.4178497637795275
 30
0
 11
0.293175157480315
 21
3.4178497637795275
 31
0
  0
LINE
  5
DDD
330
1A
100
AcDbEntity
  8
BLACK
  6
CONTINUOUS
100
AcDbLine
 10
0.293175157480315
 20
3.4178497637795275
 30
0
 11
0.2920231102362205
 21
3.4178497637795275
 31
0
  0
LINE
  5
DDE
330
1A
100
AcDbEntity
  8
BLACK
  6
CONTINUOUS
100
AcDbLine
 10
0.2920231102362205
 20
3.4178497637795275
 30
0
 11
0.2920230708661417
 21
3.4178497637795275
 31
0
  0
LINE
  5
DDF
330
1A
100
AcDbEntity
  8
BLACK
  6
CONTINUOUS
100
AcDbLine
 10
0.2920230708661417
 20
3.4178497637795275
 30
0
 11
0.2909586614173229
 21
3.4182906692913386
 31
0
  0
LINE
  5
DE0
330
1A
100
AcDbEntity
  8
BLACK
  6
CONTINUOUS
100
AcDbLine
 10
0.2909586614173229
 20
3.4182906692913386
 30
0
 11
0.2905112204724409
 21
3.4186578740157478
 31
0
  0
LINE
  5
DE1
330
1A
100
AcDbEntity
  8
BLACK
  6
CONTINUOUS
100
AcDbLine
 10
0.2905112204724409
 20
3.4186578740157478
 30
0
 11
0.2886364566929134
 21
3.4205326377952754
 31
0
  0
LINE
  5
DE2
330
1A
100
AcDbEntity
  8
BLACK
  6
CONTINUOUS
100
AcDbLine
 10
0.2886364566929134
 20
3.4205326377952754
 30
0
 11
0.2882692519685039
 21
3.4209800787401572
 31
0
  0
LINE
  5
DE3
330
1A
100
AcDbEntity
  8
BLACK
  6
CONTINUOUS
100
AcDbLine
 10
0.2882692519685039
 20
3.4209800787401572
 30
0
 11
0.2878283464566929
 21
3.4220445275590552
 31
0
  0
LINE
  5
DE4
330
1A
100
AcDbEntity
  8
BLACK
  6
CONTINUOUS
100
AcDbLine
 10
0.2878283464566929
 20
3.4220445275590552
 30
0
 11
0.2878283464566929
 21
3.4231965748031494
 31
0
  0
LINE
  5
DE5
330
1A
100
AcDbEntity
  8
BLACK
  6
CONTINUOUS
100
AcDbLine
 10
0.2878283464566929
 20
3.4231965748031494
 30
0
 11
0.2882692519685039
 21
3.424261023622047
 31
0
  0
LINE
  5
DE6
330
1A
100
AcDbEntity
  8
BLACK
  6
CONTINUOUS
100
AcDbLine
 10
0.2882692519685039
 20
3.424261023622047
 30
0
 11
0.2886364566929134
 21
3.4247084645669292
 31
0
  0
LINE
  5
DE7
330
1A
100
AcDbEntity
  8
BLACK
  6
CONTINUOUS
100
AcDbLine
 10
0.2886364566929134
 20
3.4247084645669292
 30
0
 11
0.2905112204724409
 21
3.4265832283464568
 31
0
  0
LINE
  5
DE8
330
1A
100
AcDbEntity
  8
BLACK
  6
CONTINUOUS
100
AcDbLine
 10
0.2905112204724409
 20
3.4265832283464568
 30
0
 11
0.2909586614173229
 21
3.426950433070866
 31
0
  0
LINE
  5
DE9
330
1A
100
AcDbEntity
  8
BLACK
  6
CONTINUOUS
100
AcDbLine
 10
0.2909586614173229
 20
3.426950433070866
 30
0
 11
0.2920230708661417
 21
3.4273913385826771
 31
0
  0
LINE
  5
DEA
330
1A
100
AcDbEntity
  8
BLACK
  6
CONTINUOUS
100
AcDbLine
 10
0.2920230708661417
 20
3.4273913385826771
 30
0
 11
0.293175157480315
 21
3.4273913385826771
 31
0
  0
LINE
  5
DEB
330
1A
100
AcDbEntity
  8
BLACK
  6
CONTINUOUS
100
AcDbLine
 10
0.293175157480315
 20
3.4273913385826771
 30
0
 11
0.2931751968503937
 21
3.4273913385826771
 31
0
  0
LINE
  5
DEC
330
1A
100
AcDbEntity
  8
BLACK
  6
CONTINUOUS
100
AcDbLine
 10
0.2931751968503937
 20
3.4273913385826771
 30
0
 11
0.2942396062992126
 21
3.426950433070866
 31
0
  0
LINE
  5
DED
330
1A
100
AcDbEntity
  8
BLACK
  6
CONTINUOUS
100
AcDbLine
 10
0.466718031496063
 20
3.426950433070866
 30
0
 11
0.4671654724409449
 21
3.4265832283464568
 31
0
  0
LINE
  5
DEE
330
1A
100
AcDbEntity
  8
BLACK
  6
CONTINUOUS
100
AcDbLine
 10
0.4671654724409449
 20
3.4265832283464568
 30
0
 11
0.4690402362204724
 21
3.4247084645669292
 31
0
  0
LINE
  5
DEF
330
1A
100
AcDbEntity
  8
BLACK
  6
CONTINUOUS
100
AcDbLine
 10
0.4690402362204724
 20
3.4247084645669292
 30
0
 11
0.4694074409448819
 21
3.424261023622047
 31
0
  0
LINE
  5
DF0
330
1A
100
AcDbEntity
  8
BLACK
  6
CONTINUOUS
100
AcDbLine
 10
0.4694074409448819
 20
3.424261023622047
 30
0
 11
0.4695490157480315
 21
3.423919251968504
 31
0
  0
LINE
  5
DF1
330
1A
100
AcDbEntity
  8
BLACK
  6
CONTINUOUS
100
AcDbLine
 10
0.4695490157480315
 20
3.423919251968504
 30
0
 11
0.4698483464566929
 21
3.4231965748031494
 31
0
  0
LINE
  5
DF2
330
1A
100
AcDbEntity
  8
BLACK
  6
CONTINUOUS
100
AcDbLine
 10
0.4698483464566929
 20
3.4231965748031494
 30
0
 11
0.4698483464566929
 21
3.4220444881889764
 31
0
  0
LINE
  5
DF3
330
1A
100
AcDbEntity
  8
BLACK
  6
CONTINUOUS
100
AcDbLine
 10
0.4698483464566929
 20
3.4220444881889764
 30
0
 11
0.4694074409448819
 21
3.4209800787401572
 31
0
  0
LINE
  5
DF4
330
1A
100
AcDbEntity
  8
BLACK
  6
CONTINUOUS
100
AcDbLine
 10
0.4694074409448819
 20
3.4209800787401572
 30
0
 11
0.4690402362204724
 21
3.4205326377952754
 31
0
  0
LINE
  5
DF5
330
1A
100
AcDbEntity
  8
BLACK
  6
CONTINUOUS
100
AcDbLine
 10
0.4690402362204724
 20
3.4205326377952754
 30
0
 11
0.4671654724409449
 21
3.4186578740157478
 31
0
  0
LINE
  5
DF6
330
1A
100
AcDbEntity
  8
BLACK
  6
CONTINUOUS
100
AcDbLine
 10
0.4671654724409449
 20
3.4186578740157478
 30
0
 11
0.466718031496063
 21
3.4182906692913386
 31
0
  0
LINE
  5
DF7
330
1A
100
AcDbEntity
  8
BLACK
  6
CONTINUOUS
100
AcDbLine
 10
0.466718031496063
 20
3.4182906692913386
 30
0
 11
0.4656536220472441
 21
3.4178497637795275
 31
0
  0
LINE
  5
DF8
330
1A
100
AcDbEntity
  8
BLACK
  6
CONTINUOUS
100
AcDbLine
 10
0.4656536220472441
 20
3.4178497637795275
 30
0
 11
0.4656535826771653
 21
3.4178497637795275
 31
0
  0
LINE
  5
DF9
330
1A
100
AcDbEntity
  8
BLACK
  6
CONTINUOUS
100
AcDbLine
 10
0.4656535826771653
 20
3.4178497637795275
 30
0
 11
0.4645015354330709
 21
3.4178497637795275
 31
0
  0
LINE
  5
DFA
330
1A
100
AcDbEntity
  8
BLACK
  6
CONTINUOUS
100
AcDbLine
 10
0.4645015354330709
 20
3.4178497637795275
 30
0
 11
0.4645014960629921
 21
3.4178497637795275
 31
0
  0
LINE
  5
DFB
330
1A
100
AcDbEntity
  8
BLACK
  6
CONTINUOUS
100
AcDbLine
 10
0.4645014960629921
 20
3.4178497637795275
 30
0
 11
0.4634370866141732
 21
3.4182906692913386
 31
0
  0
LINE
  5
DFC
330
1A
100
AcDbEntity
  8
BLACK
  6
CONTINUOUS
100
AcDbLine
 10
0.4634370866141732
 20
3.4182906692913386
 30
0
 11
0.4629896456692913
 21
3.4186578740157478
 31
0
  0
LINE
  5
DFD
330
1A
100
AcDbEntity
  8
BLACK
  6
CONTINUOUS
100
AcDbLine
 10
0.4629896456692913
 20
3.4186578740157478
 30
0
 11
0.4611148818897638
 21
3.4205326377952754
 31
0
  0
LINE
  5
DFE
330
1A
100
AcDbEntity
  8
BLACK
  6
CONTINUOUS
100
AcDbLine
 10
0.4611148818897638
 20
3.4205326377952754
 30
0
 11
0.4607476771653543
 21
3.4209800787401572
 31
0
  0
LINE
  5
DFF
330
1A
100
AcDbEntity
  8
BLACK
  6
CONTINUOUS
100
AcDbLine
 10
0.4607476771653543
 20
3.4209800787401572
 30
0
 11
0.4603067716535433
 21
3.4220445275590552
 31
0
  0
LINE
  5
E00
330
1A
100
AcDbEntity
  8
BLACK
  6
CONTINUOUS
100
AcDbLine
 10
0.4603067716535433
 20
3.4220445275590552
 30
0
 11
0.4603067716535433
 21
3.4231965748031494
 31
0
  0
LINE
  5
E01
330
1A
100
AcDbEntity
  8
BLACK
  6
CONTINUOUS
100
AcDbLine
 10
0.4603067716535433
 20
3.4231965748031494
 30
0
 11
0.4607476771653543
 21
3.424261023622047
 31
0
  0
LINE
  5
E02
330
1A
100
AcDbEntity
  8
BLACK
  6
CONTINUOUS
100
AcDbLine
 10
0.4607476771653543
 20
3.424261023622047
 30
0
 11
0.4611148818897638
 21
3.4247084645669292
 31
0
  0
LINE
  5
E03
330
1A
100
AcDbEntity
  8
BLACK
  6
CONTINUOUS
100
AcDbLine
 10
0.4611148818897638
 20
3.4247084645669292
 30
0
 11
0.4629896456692913
 21
3.4265832283464568
 31
0
  0
LINE
  5
E04
330
1A
100
AcDbEntity
  8
BLACK
  6
CONTINUOUS
100
AcDbLine
 10
0.4629896456692913
 20
3.4265832283464568
 30
0
 11
0.4634370866141732
 21
3.426950433070866
 31
0
  0
LINE
  5
E05
330
1A
100
AcDbEntity
  8
BLACK
  6
CONTINUOUS
100
AcDbLine
 10
0.4634370866141732
 20
3.426950433070866
 30
0
 11
0.4645014960629921
 21
3.4273913385826771
 31
0
  0
LINE
  5
E06
330
1A
100
AcDbEntity
  8
BLACK
  6
CONTINUOUS
100
AcDbLine
 10
0.4645014960629921
 20
3.4273913385826771
 30
0
 11
0.4656535826771653
 21
3.4273913385826771
 31
0
  0
LINE
  5
E07
330
1A
100
AcDbEntity
  8
BLACK
  6
CONTINUOUS
100
AcDbLine
 10
0.4656535826771653
 20
3.4273913385826771
 30
0
 11
0.4656536220472441
 21
3.4273913385826771
 31
0
  0
LINE
  5
E08
330
1A
100
AcDbEntity
  8
BLACK
  6
CONTINUOUS
100
AcDbLine
 10
0.4656536220472441
 20
3.4273913385826771
 30
0
 11
0.466718031496063
 21
3.426950433070866
 31
0
  0
CIRCLE
  5
E09
330
1A
100
AcDbEntity
  8
BLACK
100
AcDbCircle
 10
1.4364566929133857
 20
0.5951181102362204
 30
0
 40
0.0068897637795276
  0
CIRCLE
  5
E0A
330
1A
100
AcDbEntity
  8
BLACK
100
AcDbCircle
 10
2.1962992125984253
 20
0.5951181102362204
 30
0
 40
0.0068897637795276
  0
CIRCLE
  5
E0B
330
1A
100
AcDbEntity
  8
BLACK
100
AcDbCircle
 10
1.4364566929133857
 20
2.7848818897637795
 30
0
 40
0.0068897637795276
  0
CIRCLE
  5
E0C
330
1A
100
AcDbEntity
  8
BLACK
100
AcDbCircle
 10
2.1962992125984253
 20
2.7848818897637795
 30
0
 40
0.0068897637795276
  0
CIRCLE
  5
E0D
330
1A
100
AcDbEntity
  8
BLACK
100
AcDbCircle
 10
1.4364566929133857
 20
0.2608661417322835
 30
0
 40
0.0068897637795276
  0
CIRCLE
  5
E0E
330
1A
100
AcDbEntity
  8
BLACK
100
AcDbCircle
 10
1.4364566929133857
 20
3.1191338582677166
 30
0
 40
0.0068897637795276
  0
CIRCLE
  5
E0F
330
1A
100
AcDbEntity
  8
BLACK
100
AcDbCircle
 10
2.1962992125984253
 20
0.2608661417322835
 30
0
 40
0.0068897637795276
  0
CIRCLE
  5
E10
330
1A
100
AcDbEntity
  8
BLACK
100
AcDbCircle
 10
2.1962992125984253
 20
3.1191338582677166
 30
0
 40
0.0068897637795276
  0
CIRCLE
  5
E11
330
1A
100
AcDbEntity
  8
BLACK
100
AcDbCircle
 10
5.1899999999999995
 20
3.0899999999999999
 30
0
 40
0.0068897637795276
  0
LINE
  5
E12
330
1A
100
AcDbEntity
  8
BLACK
  6
CONTINUOUS
100
AcDbLine
 10
5.0998425196850397
 20
1.2972834645669291
 30
0
 11
5.1155905511811026
 21
1.2972834645669291
 31
0
  0
ARC
  5
E13
330
1A
100
AcDbEntity
  8
BLACK
100
AcDbCircle
 10
5.1155905511811026
 20
1.3149999999999999
 30
0
 40
0.0177165354330709
100
AcDbArc
 50
-90.00000000
 51
90.00000000
  0
LINE
  5
E14
330
1A
100
AcDbEntity
  8
BLACK
  6
CONTINUOUS
100
AcDbLine
 10
5.1155905511811026
 20
1.3327165354330708
 30
0
 11
5.0998425196850397
 21
1.3327165354330708
 31
0
  0
ARC
  5
E15
330
1A
100
AcDbEntity
  8
BLACK
100
AcDbCircle
 10
5.0998425196850397
 20
1.3149999999999999
 30
0
 40
0.0177165354330709
100
AcDbArc
 50
90.00000000
 51
270.00000000
  0
LINE
  5
E16
330
1A
100
AcDbEntity
  8
BLACK
  6
CONTINUOUS
100
AcDbLine
 10
5.0998425196850397
 20
1.4646062992125983
 30
0
 11
5.1155905511811026
 21
1.4646062992125983
 31
0
  0
ARC
  5
E17
330
1A
100
AcDbEntity
  8
BLACK
100
AcDbCircle
 10
5.1155905511811026
 20
1.4823228346456692
 30
0
 40
0.0177165354330709
100
AcDbArc
 50
-90.00000000
 51
90.00000000
  0
LINE
  5
E18
330
1A
100
AcDbEntity
  8
BLACK
  6
CONTINUOUS
100
AcDbLine
 10
5.1155905511811026
 20
1.5000393700787402
 30
0
 11
5.0998425196850397
 21
1.5000393700787402
 31
0
  0
ARC
  5
E19
330
1A
100
AcDbEntity
  8
BLACK
100
AcDbCircle
 10
5.0998425196850397
 20
1.4823228346456692
 30
0
 40
0.0177165354330709
100
AcDbArc
 50
90.00000000
 51
270.00000000
  0
CIRCLE
  5
E1A
330
1A
100
AcDbEntity
  8
BLACK
100
AcDbCircle
 10
0.39
 20
3.0899999999999999
 30
0
 40
0.0068897637795276
  0
CIRCLE
  5
E1B
330
1A
100
AcDbEntity
  8
BLACK
100
AcDbCircle
 10
3.0506299212598424
 20
0.5953149606299213
 30
0
 40
0.0068897637795276
  0
CIRCLE
  5
E1C
330
1A
100
AcDbEntity
  8
BLACK
100
AcDbCircle
 10
3.8104724409448818
 20
0.5953149606299213
 30
0
 40
0.0068897637795276
  0
CIRCLE
  5
E1D
330
1A
100
AcDbEntity
  8
BLACK
100
AcDbCircle
 10
4.5703149606299212
 20
0.5953149606299213
 30
0
 40
0.0068897637795276
  0
CIRCLE
  5
E1E
330
1A
100
AcDbEntity
  8
BLACK
100
AcDbCircle
 10
3.0506299212598424
 20
2.7846850393700788
 30
0
 40
0.0068897637795276
  0
CIRCLE
  5
E1F
330
1A
100
AcDbEntity
  8
BLACK
100
AcDbCircle
 10
3.8104724409448818
 20
2.7846850393700788
 30
0
 40
0.0068897637795276
  0
CIRCLE
  5
E20
330
1A
100
AcDbEntity
  8
BLACK
100
AcDbCircle
 10
4.5703149606299212
 20
2.7846850393700788
 30
0
 40
0.0068897637795276
  0
CIRCLE
  5
E21
330
1A
100
AcDbEntity
  8
BLACK
100
AcDbCircle
 10
3.0506299212598424
 20
0.2628346456692913
 30
0
 40
0.0068897637795276
  0
CIRCLE
  5
E22
330
1A
100
AcDbEntity
  8
BLACK
100
AcDbCircle
 10
3.0506299212598424
 20
3.1171653543307087
 30
0
 40
0.0068897637795276
  0
CIRCLE
  5
E23
330
1A
100
AcDbEntity
  8
BLACK
100
AcDbCircle
 10
3.8104724409448818
 20
0.2628346456692913
 30
0
 40
0.0068897637795276
  0
CIRCLE
  5
E24
330
1A
100
AcDbEntity
  8
BLACK
100
AcDbCircle
 10
3.8104724409448818
 20
3.1171653543307087
 30
0
 40
0.0068897637795276
  0
CIRCLE
  5
E25
330
1A
100
AcDbEntity
  8
BLACK
100
AcDbCircle
 10
4.5703149606299212
 20
0.2628346456692913
 30
0
 40
0.0068897637795276
  0
CIRCLE
  5
E26
330
1A
100
AcDbEntity
  8
BLACK
100
AcDbCircle
 10
4.5703149606299212
 20
3.1171653543307087
 30
0
 40
0.0068897637795276
  0
CIRCLE
  5
E27
330
1A
100
AcDbEntity
  8
BLACK
100
AcDbCircle
 10
5.1899999999999995
 20
0.29
 30
0
 40
0.0068897637795276
  0
CIRCLE
  5
E28
330
1A
100
AcDbEntity
  8
BLACK
100
AcDbCircle
 10
0.39
 20
0.29
 30
0
 40
0.0068897637795276
  0
CIRCLE
  5
E29
330
1A
100
AcDbEntity
  8
BLACK
100
AcDbCircle
 10
0.7494488188976378
 20
2.6321259842519686
 30
0
 40
0.0068897637795276
  0
CIRCLE
  5
E2A
330
1A
100
AcDbEntity
  8
BLACK
100
AcDbCircle
 10
0.7494488188976378
 20
0.7340944881889764
 30
0
 40
0.0068897637795276
  0
CIRCLE
  5
E2B
330
1A
100
AcDbEntity
  8
BLACK
100
AcDbCircle
 10
0.5289763779527559
 20
1.4931496062992127
 30
0
 40
0.0068897637795276
  0
CIRCLE
  5
E2C
330
1A
100
AcDbEntity
  8
BLACK
100
AcDbCircle
 10
0.5289763779527559
 20
1.5718897637795275
 30
0
 40
0.0068897637795276
  0
CIRCLE
  5
E2D
330
1A
100
AcDbEntity
  8
BLACK
100
AcDbCircle
 10
0.5289763779527559
 20
1.6506299212598425
 30
0
 40
0.0068897637795276
  0
CIRCLE
  5
E2E
330
1A
100
AcDbEntity
  8
BLACK
100
AcDbCircle
 10
0.5289763779527559
 20
1.7293700787401574
 30
0
 40
0.0068897637795276
  0
CIRCLE
  5
E2F
330
1A
100
AcDbEntity
  8
BLACK
100
AcDbCircle
 10
0.5289763779527559
 20
1.8081102362204724
 30
0
 40
0.0068897637795276
  0
CIRCLE
  5
E30
330
1A
100
AcDbEntity
  8
BLACK
100
AcDbCircle
 10
0.5289763779527559
 20
1.8868503937007874
 30
0
 40
0.0068897637795276
  0
CIRCLE
  5
E31
330
1A
100
AcDbEntity
  8
BLACK
100
AcDbCircle
 10
0.6077165354330708
 20
1.4931496062992127
 30
0
 40
0.0068897637795276
  0
CIRCLE
  5
E32
330
1A
100
AcDbEntity
  8
BLACK
100
AcDbCircle
 10
0.6077165354330708
 20
1.5718897637795275
 30
0
 40
0.0068897637795276
  0
CIRCLE
  5
E33
330
1A
100
AcDbEntity
  8
BLACK
100
AcDbCircle
 10
0.6077165354330708
 20
1.6506299212598425
 30
0
 40
0.0068897637795276
  0
CIRCLE
  5
E34
330
1A
100
AcDbEntity
  8
BLACK
100
AcDbCircle
 10
0.6077165354330708
 20
1.7293700787401574
 30
0
 40
0.0068897637795276
  0
CIRCLE
  5
E35
330
1A
100
AcDbEntity
  8
BLACK
100
AcDbCircle
 10
0.6077165354330708
 20
1.8081102362204724
 30
0
 40
0.0068897637795276
  0
CIRCLE
  5
E36
330
1A
100
AcDbEntity
  8
BLACK
100
AcDbCircle
 10
0.6077165354330708
 20
1.8868503937007874
 30
0
 40
0.0068897637795276
  0
CIRCLE
  5
E37
330
1A
100
AcDbEntity
  8
BLACK
100
AcDbCircle
 10
0.6864566929133858
 20
1.4931496062992127
 30
0
 40
0.0068897637795276
  0
CIRCLE
  5
E38
330
1A
100
AcDbEntity
  8
BLACK
100
AcDbCircle
 10
0.6864566929133858
 20
1.5718897637795275
 30
0
 40
0.0068897637795276
  0
CIRCLE
  5
E39
330
1A
100
AcDbEntity
  8
BLACK
100
AcDbCircle
 10
0.6864566929133858
 20
1.6506299212598425
 30
0
 40
0.0068897637795276
  0
CIRCLE
  5
E3A
330
1A
100
AcDbEntity
  8
BLACK
100
AcDbCircle
 10
0.6864566929133858
 20
1.7293700787401574
 30
0
 40
0.0068897637795276
  0
CIRCLE
  5
E3B
330
1A
100
AcDbEntity
  8
BLACK
100
AcDbCircle
 10
0.6864566929133858
 20
1.8081102362204724
 30
0
 40
0.0068897637795276
  0
CIRCLE
  5
E3C
330
1A
100
AcDbEntity
  8
BLACK
100
AcDbCircle
 10
0.6864566929133858
 20
1.8868503937007874
 30
0
 40
0.0068897637795276
  0
CIRCLE
  5
E3D
330
1A
100
AcDbEntity
  8
BLACK
100
AcDbCircle
 10
0.7651968503937008
 20
1.4931496062992127
 30
0
 40
0.0068897637795276
  0
CIRCLE
  5
E3E
330
1A
100
AcDbEntity
  8
BLACK
100
AcDbCircle
 10
0.7651968503937008
 20
1.5718897637795275
 30
0
 40
0.0068897637795276
  0
CIRCLE
  5
E3F
330
1A
100
AcDbEntity
  8
BLACK
100
AcDbCircle
 10
0.7651968503937008
 20
1.6506299212598425
 30
0
 40
0.0068897637795276
  0
CIRCLE
  5
E40
330
1A
100
AcDbEntity
  8
BLACK
100
AcDbCircle
 10
0.7651968503937008
 20
1.7293700787401574
 30
0
 40
0.0068897637795276
  0
CIRCLE
  5
E41
330
1A
100
AcDbEntity
  8
BLACK
100
AcDbCircle
 10
0.7651968503937008
 20
1.8081102362204724
 30
0
 40
0.0068897637795276
  0
CIRCLE
  5
E42
330
1A
100
AcDbEntity
  8
BLACK
100
AcDbCircle
 10
0.7651968503937008
 20
1.8868503937007874
 30
0
 40
0.0068897637795276
  0
CIRCLE
  5
E43
330
1A
100
AcDbEntity
  8
BLACK
100
AcDbCircle
 10
0.8439370078740157
 20
1.4931496062992127
 30
0
 40
0.0068897637795276
  0
CIRCLE
  5
E44
330
1A
100
AcDbEntity
  8
BLACK
100
AcDbCircle
 10
0.8439370078740157
 20
1.5718897637795275
 30
0
 40
0.0068897637795276
  0
CIRCLE
  5
E45
330
1A
100
AcDbEntity
  8
BLACK
100
AcDbCircle
 10
0.8439370078740157
 20
1.6506299212598425
 30
0
 40
0.0068897637795276
  0
CIRCLE
  5
E46
330
1A
100
AcDbEntity
  8
BLACK
100
AcDbCircle
 10
0.8439370078740157
 20
1.7293700787401574
 30
0
 40
0.0068897637795276
  0
CIRCLE
  5
E47
330
1A
100
AcDbEntity
  8
BLACK
100
AcDbCircle
 10
0.8439370078740157
 20
1.8081102362204724
 30
0
 40
0.0068897637795276
  0
CIRCLE
  5
E48
330
1A
100
AcDbEntity
  8
BLACK
100
AcDbCircle
 10
0.8439370078740157
 20
1.8868503937007874
 30
0
 40
0.0068897637795276
  0
CIRCLE
  5
E49
330
1A
100
AcDbEntity
  8
BLACK
100
AcDbCircle
 10
0.9462992125984252
 20
1.068740157480315
 30
0
 40
0.0068897637795276
  0
CIRCLE
  5
E4A
330
1A
100
AcDbEntity
  8
BLACK
100
AcDbCircle
 10
0.8478740157480315
 20
1.068740157480315
 30
0
 40
0.0068897637795276
  0
CIRCLE
  5
E4B
330
1A
100
AcDbEntity
  8
BLACK
100
AcDbCircle
 10
0.7494488188976378
 20
1.068740157480315
 30
0
 40
0.0068897637795276
  0
CIRCLE
  5
E4C
330
1A
100
AcDbEntity
  8
BLACK
100
AcDbCircle
 10
0.6510236220472441
 20
1.068740157480315
 30
0
 40
0.0068897637795276
  0
CIRCLE
  5
E4D
330
1A
100
AcDbEntity
  8
BLACK
100
AcDbCircle
 10
0.5525984251968504
 20
1.068740157480315
 30
0
 40
0.0068897637795276
  0
CIRCLE
  5
E4E
330
1A
100
AcDbEntity
  8
BLACK
100
AcDbCircle
 10
0.9462992125984252
 20
0.9506299212598425
 30
0
 40
0.0068897637795276
  0
CIRCLE
  5
E4F
330
1A
100
AcDbEntity
  8
BLACK
100
AcDbCircle
 10
0.8478740157480315
 20
0.9506299212598425
 30
0
 40
0.0068897637795276
  0
CIRCLE
  5
E50
330
1A
100
AcDbEntity
  8
BLACK
100
AcDbCircle
 10
0.7494488188976378
 20
0.9506299212598425
 30
0
 40
0.0068897637795276
  0
CIRCLE
  5
E51
330
1A
100
AcDbEntity
  8
BLACK
100
AcDbCircle
 10
0.6510236220472441
 20
0.9506299212598425
 30
0
 40
0.0068897637795276
  0
CIRCLE
  5
E52
330
1A
100
AcDbEntity
  8
BLACK
100
AcDbCircle
 10
0.5525984251968504
 20
0.9506299212598425
 30
0
 40
0.0068897637795276
  0
CIRCLE
  5
E53
330
1A
100
AcDbEntity
  8
BLACK
100
AcDbCircle
 10
0.9462992125984252
 20
1.285275590551181
 30
0
 40
0.0068897637795276
  0
CIRCLE
  5
E54
330
1A
100
AcDbEntity
  8
BLACK
100
AcDbCircle
 10
0.8478740157480315
 20
1.285275590551181
 30
0
 40
0.0068897637795276
  0
CIRCLE
  5
E55
330
1A
100
AcDbEntity
  8
BLACK
100
AcDbCircle
 10
0.7494488188976378
 20
1.285275590551181
 30
0
 40
0.0068897637795276
  0
CIRCLE
  5
E56
330
1A
100
AcDbEntity
  8
BLACK
100
AcDbCircle
 10
0.6510236220472441
 20
1.285275590551181
 30
0
 40
0.0068897637795276
  0
CIRCLE
  5
E57
330
1A
100
AcDbEntity
  8
BLACK
100
AcDbCircle
 10
0.5525984251968504
 20
1.285275590551181
 30
0
 40
0.0068897637795276
  0
CIRCLE
  5
E58
330
1A
100
AcDbEntity
  8
BLACK
100
AcDbCircle
 10
0.9462992125984252
 20
1.1671653543307086
 30
0
 40
0.0068897637795276
  0
CIRCLE
  5
E59
330
1A
100
AcDbEntity
  8
BLACK
100
AcDbCircle
 10
0.8478740157480315
 20
1.1671653543307086
 30
0
 40
0.0068897637795276
  0
CIRCLE
  5
E5A
330
1A
100
AcDbEntity
  8
BLACK
100
AcDbCircle
 10
0.7494488188976378
 20
1.1671653543307086
 30
0
 40
0.0068897637795276
  0
CIRCLE
  5
E5B
330
1A
100
AcDbEntity
  8
BLACK
100
AcDbCircle
 10
0.6510236220472441
 20
1.1671653543307086
 30
0
 40
0.0068897637795276
  0
CIRCLE
  5
E5C
330
1A
100
AcDbEntity
  8
BLACK
100
AcDbCircle
 10
0.5525984251968504
 20
1.1671653543307086
 30
0
 40
0.0068897637795276
  0
CIRCLE
  5
E5D
330
1A
100
AcDbEntity
  8
BLACK
100
AcDbCircle
 10
0.9462992125984252
 20
2.1990551181102362
 30
0
 40
0.0068897637795276
  0
CIRCLE
  5
E5E
330
1A
100
AcDbEntity
  8
BLACK
100
AcDbCircle
 10
0.8478740157480315
 20
2.1990551181102362
 30
0
 40
0.0068897637795276
  0
CIRCLE
  5
E5F
330
1A
100
AcDbEntity
  8
BLACK
100
AcDbCircle
 10
0.7494488188976378
 20
2.1990551181102362
 30
0
 40
0.0068897637795276
  0
CIRCLE
  5
E60
330
1A
100
AcDbEntity
  8
BLACK
100
AcDbCircle
 10
0.6510236220472441
 20
2.1990551181102362
 30
0
 40
0.0068897637795276
  0
CIRCLE
  5
E61
330
1A
100
AcDbEntity
  8
BLACK
100
AcDbCircle
 10
0.5525984251968504
 20
2.1990551181102362
 30
0
 40
0.0068897637795276
  0
CIRCLE
  5
E62
330
1A
100
AcDbEntity
  8
BLACK
100
AcDbCircle
 10
0.9462992125984252
 20
2.0809448818897636
 30
0
 40
0.0068897637795276
  0
CIRCLE
  5
E63
330
1A
100
AcDbEntity
  8
BLACK
100
AcDbCircle
 10
0.8478740157480315
 20
2.0809448818897636
 30
0
 40
0.0068897637795276
  0
CIRCLE
  5
E64
330
1A
100
AcDbEntity
  8
BLACK
100
AcDbCircle
 10
0.7494488188976378
 20
2.0809448818897636
 30
0
 40
0.0068897637795276
  0
CIRCLE
  5
E65
330
1A
100
AcDbEntity
  8
BLACK
100
AcDbCircle
 10
0.6510236220472441
 20
2.0809448818897636
 30
0
 40
0.0068897637795276
  0
CIRCLE
  5
E66
330
1A
100
AcDbEntity
  8
BLACK
100
AcDbCircle
 10
0.5525984251968504
 20
2.0809448818897636
 30
0
 40
0.0068897637795276
  0
CIRCLE
  5
E67
330
1A
100
AcDbEntity
  8
BLACK
100
AcDbCircle
 10
0.9462992125984252
 20
2.4155905511811024
 30
0
 40
0.0068897637795276
  0
CIRCLE
  5
E68
330
1A
100
AcDbEntity
  8
BLACK
100
AcDbCircle
 10
0.8478740157480315
 20
2.4155905511811024
 30
0
 40
0.0068897637795276
  0
CIRCLE
  5
E69
330
1A
100
AcDbEntity
  8
BLACK
100
AcDbCircle
 10
0.7494488188976378
 20
2.4155905511811024
 30
0
 40
0.0068897637795276
  0
CIRCLE
  5
E6A
330
1A
100
AcDbEntity
  8
BLACK
100
AcDbCircle
 10
0.6510236220472441
 20
2.4155905511811024
 30
0
 40
0.0068897637795276
  0
CIRCLE
  5
E6B
330
1A
100
AcDbEntity
  8
BLACK
100
AcDbCircle
 10
0.5525984251968504
 20
2.4155905511811024
 30
0
 40
0.0068897637795276
  0
CIRCLE
  5
E6C
330
1A
100
AcDbEntity
  8
BLACK
100
AcDbCircle
 10
0.9462992125984252
 20
2.2974803149606298
 30
0
 40
0.0068897637795276
  0
CIRCLE
  5
E6D
330
1A
100
AcDbEntity
  8
BLACK
100
AcDbCircle
 10
0.8478740157480315
 20
2.2974803149606298
 30
0
 40
0.0068897637795276
  0
CIRCLE
  5
E6E
330
1A
100
AcDbEntity
  8
BLACK
100
AcDbCircle
 10
0.7494488188976378
 20
2.2974803149606298
 30
0
 40
0.0068897637795276
  0
CIRCLE
  5
E6F
330
1A
100
AcDbEntity
  8
BLACK
100
AcDbCircle
 10
0.6510236220472441
 20
2.2974803149606298
 30
0
 40
0.0068897637795276
  0
CIRCLE
  5
E70
330
1A
100
AcDbEntity
  8
BLACK
100
AcDbCircle
 10
0.5525984251968504
 20
2.2974803149606298
 30
0
 40
0.0068897637795276
  0
LINE
  5
E71
330
1A
100
AcDbEntity
  8
BLACK
  6
CONTINUOUS
100
AcDbLine
 10
5.1037795275590554
 20
1.0079133858267717
 30
0
 11
5.1195275590551184
 21
1.0079133858267717
 31
0
  0
ARC
  5
E72
330
1A
100
AcDbEntity
  8
BLACK
100
AcDbCircle
 10
5.1195275590551184
 20
1.0256299212598425
 30
0
 40
0.0177165354330709
100
AcDbArc
 50
-90.00000000
 51
90.00000000
  0
LINE
  5
E73
330
1A
100
AcDbEntity
  8
BLACK
  6
CONTINUOUS
100
AcDbLine
 10
5.1195275590551184
 20
1.0433464566929134
 30
0
 11
5.1037795275590554
 21
1.0433464566929134
 31
0
  0
ARC
  5
E74
330
1A
100
AcDbEntity
  8
BLACK
100
AcDbCircle
 10
5.1037795275590554
 20
1.0256299212598425
 30
0
 40
0.0177165354330709
100
AcDbArc
 50
90.00000000
 51
270.00000000
  0
LINE
  5
E75
330
1A
100
AcDbEntity
  8
BLACK
  6
CONTINUOUS
100
AcDbLine
 10
5.1037795275590554
 20
1.1752362204724409
 30
0
 11
5.1195275590551184
 21
1.1752362204724409
 31
0
  0
ARC
  5
E76
330
1A
100
AcDbEntity
  8
BLACK
100
AcDbCircle
 10
5.1195275590551184
 20
1.1929527559055118
 30
0
 40
0.0177165354330709
100
AcDbArc
 50
-90.00000000
 51
90.00000000
  0
LINE
  5
E77
330
1A
100
AcDbEntity
  8
BLACK
  6
CONTINUOUS
100
AcDbLine
 10
5.1195275590551184
 20
1.2106692913385826
 30
0
 11
5.1037795275590554
 21
1.2106692913385826
 31
0
  0
ARC
  5
E78
330
1A
100
AcDbEntity
  8
BLACK
100
AcDbCircle
 10
5.1037795275590554
 20
1.1929527559055118
 30
0
 40
0.0177165354330709
100
AcDbArc
 50
90.00000000
 51
270.00000000
  0
CIRCLE
  5
E79
330
1A
100
AcDbEntity
  8
BLACK
100
AcDbCircle
 10
5.1360629921259839
 20
2.8010236220472442
 30
0
 40
0.0068897637795276
  0
CIRCLE
  5
E7A
330
1A
100
AcDbEntity
  8
BLACK
100
AcDbCircle
 10
5.1360629921259839
 20
2.5734645669291338
 30
0
 40
0.0068897637795276
  0
LINE
  5
E7B
330
1A
100
AcDbEntity
  8
BLACK
  6
CONTINUOUS
100
AcDbLine
 10
5.3006299212598424
 20
2.8770078740157481
 30
0
 11
5.261259842519685
 21
2.8770078740157481
 31
0
  0
ARC
  5
E7C
330
1A
100
AcDbEntity
  8
BLACK
100
AcDbCircle
 10
5.261259842519685
 20
2.8573228346456694
 30
0
 40
0.0196850393700787
100
AcDbArc
 50
90.00000000
 51
270.00000000
  0
LINE
  5
E7D
330
1A
100
AcDbEntity
  8
BLACK
  6
CONTINUOUS
100
AcDbLine
 10
5.261259842519685
 20
2.8376377952755907
 30
0
 11
5.3006299212598424
 21
2.8376377952755907
 31
0
  0
ARC
  5
E7E
330
1A
100
AcDbEntity
  8
BLACK
100
AcDbCircle
 10
5.3006299212598424
 20
2.8573228346456694
 30
0
 40
0.0196850393700787
100
AcDbArc
 50
270.00000000
 51
450.00000000
  0
LINE
  5
E7F
330
1A
100
AcDbEntity
  8
BLACK
  6
CONTINUOUS
100
AcDbLine
 10
5.3006299212598424
 20
2.5368503937007874
 30
0
 11
5.261259842519685
 21
2.5368503937007874
 31
0
  0
ARC
  5
E80
330
1A
100
AcDbEntity
  8
BLACK
100
AcDbCircle
 10
5.261259842519685
 20
2.5171653543307086
 30
0
 40
0.0196850393700787
100
AcDbArc
 50
90.00000000
 51
270.00000000
  0
LINE
  5
E81
330
1A
100
AcDbEntity
  8
BLACK
  6
CONTINUOUS
100
AcDbLine
 10
5.261259842519685
 20
2.4974803149606299
 30
0
 11
5.3006299212598424
 21
2.4974803149606299
 31
0
  0
ARC
  5
E82
330
1A
100
AcDbEntity
  8
BLACK
100
AcDbCircle
 10
5.3006299212598424
 20
2.5171653543307086
 30
0
 40
0.0196850393700787
100
AcDbArc
 50
270.00000000
 51
450.00000000
  0
LINE
  5
E83
330
1A
100
AcDbEntity
  8
BLACK
  6
CONTINUOUS
100
AcDbLine
 10
5.1370472440944877
 20
2.8779921259842518
 30
0
 11
5.0957086614173228
 21
2.8779921259842518
 31
0
  0
ARC
  5
E84
330
1A
100
AcDbEntity
  8
BLACK
100
AcDbCircle
 10
5.0957086614173228
 20
2.8573228346456694
 30
0
 40
0.0206692913385827
100
AcDbArc
 50
90.00000000
 51
270.00000000
  0
LINE
  5
E85
330
1A
100
AcDbEntity
  8
BLACK
  6
CONTINUOUS
100
AcDbLine
 10
5.0957086614173228
 20
2.8366535433070865
 30
0
 11
5.1370472440944877
 21
2.8366535433070865
 31
0
  0
ARC
  5
E86
330
1A
100
AcDbEntity
  8
BLACK
100
AcDbCircle
 10
5.1370472440944877
 20
2.8573228346456694
 30
0
 40
0.0206692913385827
100
AcDbArc
 50
270.00000000
 51
450.00000000
  0
LINE
  5
E87
330
1A
100
AcDbEntity
  8
BLACK
  6
CONTINUOUS
100
AcDbLine
 10
5.1370472440944877
 20
2.5378346456692911
 30
0
 11
5.0957086614173228
 21
2.5378346456692911
 31
0
  0
ARC
  5
E88
330
1A
100
AcDbEntity
  8
BLACK
100
AcDbCircle
 10
5.0957086614173228
 20
2.5171653543307086
 30
0
 40
0.0206692913385827
100
AcDbArc
 50
90.00000000
 51
270.00000000
  0
LINE
  5
E89
330
1A
100
AcDbEntity
  8
BLACK
  6
CONTINUOUS
100
AcDbLine
 10
5.0957086614173228
 20
2.4964960629921258
 30
0
 11
5.1370472440944877
 21
2.4964960629921258
 31
0
  0
ARC
  5
E8A
330
1A
100
AcDbEntity
  8
BLACK
100
AcDbCircle
 10
5.1370472440944877
 20
2.5171653543307086
 30
0
 40
0.0206692913385827
100
AcDbArc
 50
270.00000000
 51
450.00000000
  0
CIRCLE
  5
E8B
330
1A
100
AcDbEntity
  8
BLACK
100
AcDbCircle
 10
1.4364566929133857
 20
0.5951181102362204
 30
0
 40
0.0068897637795276
  0
CIRCLE
  5
E8C
330
1A
100
AcDbEntity
  8
BLACK
100
AcDbCircle
 10
2.1962992125984253
 20
0.5951181102362204
 30
0
 40
0.0068897637795276
  0
CIRCLE
  5
E8D
330
1A
100
AcDbEntity
  8
BLACK
100
AcDbCircle
 10
1.4364566929133857
 20
2.7848818897637795
 30
0
 40
0.0068897637795276
  0
CIRCLE
  5
E8E
330
1A
100
AcDbEntity
  8
BLACK
100
AcDbCircle
 10
2.1962992125984253
 20
2.7848818897637795
 30
0
 40
0.0068897637795276
  0
CIRCLE
  5
E8F
330
1A
100
AcDbEntity
  8
BLACK
100
AcDbCircle
 10
1.4364566929133857
 20
0.2608661417322835
 30
0
 40
0.0068897637795276
  0
CIRCLE
  5
E90
330
1A
100
AcDbEntity
  8
BLACK
100
AcDbCircle
 10
1.4364566929133857
 20
3.1191338582677166
 30
0
 40
0.0068897637795276
  0
CIRCLE
  5
E91
330
1A
100
AcDbEntity
  8
BLACK
100
AcDbCircle
 10
2.1962992125984253
 20
0.2608661417322835
 30
0
 40
0.0068897637795276
  0
CIRCLE
  5
E92
330
1A
100
AcDbEntity
  8
BLACK
100
AcDbCircle
 10
2.1962992125984253
 20
3.1191338582677166
 30
0
 40
0.0068897637795276
  0
CIRCLE
  5
E93
330
1A
100
AcDbEntity
  8
BLACK
100
AcDbCircle
 10
5.1899999999999995
 20
3.0899999999999999
 30
0
 40
0.0068897637795276
  0
LINE
  5
E94
330
1A
100
AcDbEntity
  8
BLACK
  6
CONTINUOUS
100
AcDbLine
 10
5.0998425196850397
 20
1.3051574803149606
 30
0
 11
5.1155905511811026
 21
1.3051574803149606
 31
0
  0
ARC
  5
E95
330
1A
100
AcDbEntity
  8
BLACK
100
AcDbCircle
 10
5.1155905511811026
 20
1.3149999999999999
 30
0
 40
0.0098425196850394
100
AcDbArc
 50
-90.00000000
 51
90.00000000
  0
LINE
  5
E96
330
1A
100
AcDbEntity
  8
BLACK
  6
CONTINUOUS
100
AcDbLine
 10
5.1155905511811026
 20
1.3248425196850393
 30
0
 11
5.0998425196850397
 21
1.3248425196850393
 31
0
  0
ARC
  5
E97
330
1A
100
AcDbEntity
  8
BLACK
100
AcDbCircle
 10
5.0998425196850397
 20
1.3149999999999999
 30
0
 40
0.0098425196850394
100
AcDbArc
 50
90.00000000
 51
270.00000000
  0
LINE
  5
E98
330
1A
100
AcDbEntity
  8
BLACK
  6
CONTINUOUS
100
AcDbLine
 10
5.0998425196850397
 20
1.4724803149606298
 30
0
 11
5.1155905511811026
 21
1.4724803149606298
 31
0
  0
ARC
  5
E99
330
1A
100
AcDbEntity
  8
BLACK
100
AcDbCircle
 10
5.1155905511811026
 20
1.4823228346456692
 30
0
 40
0.0098425196850394
100
AcDbArc
 50
-90.00000000
 51
90.00000000
  0
LINE
  5
E9A
330
1A
100
AcDbEntity
  8
BLACK
  6
CONTINUOUS
100
AcDbLine
 10
5.1155905511811026
 20
1.4921653543307087
 30
0
 11
5.0998425196850397
 21
1.4921653543307087
 31
0
  0
ARC
  5
E9B
330
1A
100
AcDbEntity
  8
BLACK
100
AcDbCircle
 10
5.0998425196850397
 20
1.4823228346456692
 30
0
 40
0.0098425196850394
100
AcDbArc
 50
90.00000000
 51
270.00000000
  0
CIRCLE
  5
E9C
330
1A
100
AcDbEntity
  8
BLACK
100
AcDbCircle
 10
0.39
 20
3.0899999999999999
 30
0
 40
0.0068897637795276
  0
CIRCLE
  5
E9D
330
1A
100
AcDbEntity
  8
BLACK
100
AcDbCircle
 10
3.0506299212598424
 20
0.5953149606299213
 30
0
 40
0.0068897637795276
  0
CIRCLE
  5
E9E
330
1A
100
AcDbEntity
  8
BLACK
100
AcDbCircle
 10
3.8104724409448818
 20
0.5953149606299213
 30
0
 40
0.0068897637795276
  0
CIRCLE
  5
E9F
330
1A
100
AcDbEntity
  8
BLACK
100
AcDbCircle
 10
4.5703149606299212
 20
0.5953149606299213
 30
0
 40
0.0068897637795276
  0
CIRCLE
  5
EA0
330
1A
100
AcDbEntity
  8
BLACK
100
AcDbCircle
 10
3.0506299212598424
 20
2.7846850393700788
 30
0
 40
0.0068897637795276
  0
CIRCLE
  5
EA1
330
1A
100
AcDbEntity
  8
BLACK
100
AcDbCircle
 10
3.8104724409448818
 20
2.7846850393700788
 30
0
 40
0.0068897637795276
  0
CIRCLE
  5
EA2
330
1A
100
AcDbEntity
  8
BLACK
100
AcDbCircle
 10
4.5703149606299212
 20
2.7846850393700788
 30
0
 40
0.0068897637795276
  0
CIRCLE
  5
EA3
330
1A
100
AcDbEntity
  8
BLACK
100
AcDbCircle
 10
3.0506299212598424
 20
0.2628346456692913
 30
0
 40
0.0068897637795276
  0
CIRCLE
  5
EA4
330
1A
100
AcDbEntity
  8
BLACK
100
AcDbCircle
 10
3.0506299212598424
 20
3.1171653543307087
 30
0
 40
0.0068897637795276
  0
CIRCLE
  5
EA5
330
1A
100
AcDbEntity
  8
BLACK
100
AcDbCircle
 10
3.8104724409448818
 20
0.2628346456692913
 30
0
 40
0.0068897637795276
  0
CIRCLE
  5
EA6
330
1A
100
AcDbEntity
  8
BLACK
100
AcDbCircle
 10
3.8104724409448818
 20
3.1171653543307087
 30
0
 40
0.0068897637795276
  0
CIRCLE
  5
EA7
330
1A
100
AcDbEntity
  8
BLACK
100
AcDbCircle
 10
4.5703149606299212
 20
0.2628346456692913
 30
0
 40
0.0068897637795276
  0
CIRCLE
  5
EA8
330
1A
100
AcDbEntity
  8
BLACK
100
AcDbCircle
 10
4.5703149606299212
 20
3.1171653543307087
 30
0
 40
0.0068897637795276
  0
CIRCLE
  5
EA9
330
1A
100
AcDbEntity
  8
BLACK
100
AcDbCircle
 10
5.1899999999999995
 20
0.29
 30
0
 40
0.0068897637795276
  0
CIRCLE
  5
EAA
330
1A
100
AcDbEntity
  8
BLACK
100
AcDbCircle
 10
0.39
 20
0.29
 30
0
 40
0.0068897637795276
  0
CIRCLE
  5
EAB
330
1A
100
AcDbEntity
  8
BLACK
100
AcDbCircle
 10
0.7494488188976378
 20
2.6321259842519686
 30
0
 40
0.0068897637795276
  0
CIRCLE
  5
EAC
330
1A
100
AcDbEntity
  8
BLACK
100
AcDbCircle
 10
0.7494488188976378
 20
0.7340944881889764
 30
0
 40
0.0068897637795276
  0
CIRCLE
  5
EAD
330
1A
100
AcDbEntity
  8
BLACK
100
AcDbCircle
 10
0.5289763779527559
 20
1.4931496062992127
 30
0
 40
0.0068897637795276
  0
CIRCLE
  5
EAE
330
1A
100
AcDbEntity
  8
BLACK
100
AcDbCircle
 10
0.5289763779527559
 20
1.5718897637795275
 30
0
 40
0.0068897637795276
  0
CIRCLE
  5
EAF
330
1A
100
AcDbEntity
  8
BLACK
100
AcDbCircle
 10
0.5289763779527559
 20
1.6506299212598425
 30
0
 40
0.0068897637795276
  0
CIRCLE
  5
EB0
330
1A
100
AcDbEntity
  8
BLACK
100
AcDbCircle
 10
0.5289763779527559
 20
1.7293700787401574
 30
0
 40
0.0068897637795276
  0
CIRCLE
  5
EB1
330
1A
100
AcDbEntity
  8
BLACK
100
AcDbCircle
 10
0.5289763779527559
 20
1.8081102362204724
 30
0
 40
0.0068897637795276
  0
CIRCLE
  5
EB2
330
1A
100
AcDbEntity
  8
BLACK
100
AcDbCircle
 10
0.5289763779527559
 20
1.8868503937007874
 30
0
 40
0.0068897637795276
  0
CIRCLE
  5
EB3
330
1A
100
AcDbEntity
  8
BLACK
100
AcDbCircle
 10
0.6077165354330708
 20
1.4931496062992127
 30
0
 40
0.0068897637795276
  0
CIRCLE
  5
EB4
330
1A
100
AcDbEntity
  8
BLACK
100
AcDbCircle
 10
0.6077165354330708
 20
1.5718897637795275
 30
0
 40
0.0068897637795276
  0
CIRCLE
  5
EB5
330
1A
100
AcDbEntity
  8
BLACK
100
AcDbCircle
 10
0.6077165354330708
 20
1.6506299212598425
 30
0
 40
0.0068897637795276
  0
CIRCLE
  5
EB6
330
1A
100
AcDbEntity
  8
BLACK
100
AcDbCircle
 10
0.6077165354330708
 20
1.7293700787401574
 30
0
 40
0.0068897637795276
  0
CIRCLE
  5
EB7
330
1A
100
AcDbEntity
  8
BLACK
100
AcDbCircle
 10
0.6077165354330708
 20
1.8081102362204724
 30
0
 40
0.0068897637795276
  0
CIRCLE
  5
EB8
330
1A
100
AcDbEntity
  8
BLACK
100
AcDbCircle
 10
0.6077165354330708
 20
1.8868503937007874
 30
0
 40
0.0068897637795276
  0
CIRCLE
  5
EB9
330
1A
100
AcDbEntity
  8
BLACK
100
AcDbCircle
 10
0.6864566929133858
 20
1.4931496062992127
 30
0
 40
0.0068897637795276
  0
CIRCLE
  5
EBA
330
1A
100
AcDbEntity
  8
BLACK
100
AcDbCircle
 10
0.6864566929133858
 20
1.5718897637795275
 30
0
 40
0.0068897637795276
  0
CIRCLE
  5
EBB
330
1A
100
AcDbEntity
  8
BLACK
100
AcDbCircle
 10
0.6864566929133858
 20
1.6506299212598425
 30
0
 40
0.0068897637795276
  0
CIRCLE
  5
EBC
330
1A
100
AcDbEntity
  8
BLACK
100
AcDbCircle
 10
0.6864566929133858
 20
1.7293700787401574
 30
0
 40
0.0068897637795276
  0
CIRCLE
  5
EBD
330
1A
100
AcDbEntity
  8
BLACK
100
AcDbCircle
 10
0.6864566929133858
 20
1.8081102362204724
 30
0
 40
0.0068897637795276
  0
CIRCLE
  5
EBE
330
1A
100
AcDbEntity
  8
BLACK
100
AcDbCircle
 10
0.6864566929133858
 20
1.8868503937007874
 30
0
 40
0.0068897637795276
  0
CIRCLE
  5
EBF
330
1A
100
AcDbEntity
  8
BLACK
100
AcDbCircle
 10
0.7651968503937008
 20
1.4931496062992127
 30
0
 40
0.0068897637795276
  0
CIRCLE
  5
EC0
330
1A
100
AcDbEntity
  8
BLACK
100
AcDbCircle
 10
0.7651968503937008
 20
1.5718897637795275
 30
0
 40
0.0068897637795276
  0
CIRCLE
  5
EC1
330
1A
100
AcDbEntity
  8
BLACK
100
AcDbCircle
 10
0.7651968503937008
 20
1.6506299212598425
 30
0
 40
0.0068897637795276
  0
CIRCLE
  5
EC2
330
1A
100
AcDbEntity
  8
BLACK
100
AcDbCircle
 10
0.7651968503937008
 20
1.7293700787401574
 30
0
 40
0.0068897637795276
  0
CIRCLE
  5
EC3
330
1A
100
AcDbEntity
  8
BLACK
100
AcDbCircle
 10
0.7651968503937008
 20
1.8081102362204724
 30
0
 40
0.0068897637795276
  0
CIRCLE
  5
EC4
330
1A
100
AcDbEntity
  8
BLACK
100
AcDbCircle
 10
0.7651968503937008
 20
1.8868503937007874
 30
0
 40
0.0068897637795276
  0
CIRCLE
  5
EC5
330
1A
100
AcDbEntity
  8
BLACK
100
AcDbCircle
 10
0.8439370078740157
 20
1.4931496062992127
 30
0
 40
0.0068897637795276
  0
CIRCLE
  5
EC6
330
1A
100
AcDbEntity
  8
BLACK
100
AcDbCircle
 10
0.8439370078740157
 20
1.5718897637795275
 30
0
 40
0.0068897637795276
  0
CIRCLE
  5
EC7
330
1A
100
AcDbEntity
  8
BLACK
100
AcDbCircle
 10
0.8439370078740157
 20
1.6506299212598425
 30
0
 40
0.0068897637795276
  0
CIRCLE
  5
EC8
330
1A
100
AcDbEntity
  8
BLACK
100
AcDbCircle
 10
0.8439370078740157
 20
1.7293700787401574
 30
0
 40
0.0068897637795276
  0
CIRCLE
  5
EC9
330
1A
100
AcDbEntity
  8
BLACK
100
AcDbCircle
 10
0.8439370078740157
 20
1.8081102362204724
 30
0
 40
0.0068897637795276
  0
CIRCLE
  5
ECA
330
1A
100
AcDbEntity
  8
BLACK
100
AcDbCircle
 10
0.8439370078740157
 20
1.8868503937007874
 30
0
 40
0.0068897637795276
  0
CIRCLE
  5
ECB
330
1A
100
AcDbEntity
  8
BLACK
100
AcDbCircle
 10
0.9462992125984252
 20
1.068740157480315
 30
0
 40
0.0068897637795276
  0
CIRCLE
  5
ECC
330
1A
100
AcDbEntity
  8
BLACK
100
AcDbCircle
 10
0.8478740157480315
 20
1.068740157480315
 30
0
 40
0.0068897637795276
  0
CIRCLE
  5
ECD
330
1A
100
AcDbEntity
  8
BLACK
100
AcDbCircle
 10
0.7494488188976378
 20
1.068740157480315
 30
0
 40
0.0068897637795276
  0
CIRCLE
  5
ECE
330
1A
100
AcDbEntity
  8
BLACK
100
AcDbCircle
 10
0.6510236220472441
 20
1.068740157480315
 30
0
 40
0.0068897637795276
  0
CIRCLE
  5
ECF
330
1A
100
AcDbEntity
  8
BLACK
100
AcDbCircle
 10
0.5525984251968504
 20
1.068740157480315
 30
0
 40
0.0068897637795276
  0
CIRCLE
  5
ED0
330
1A
100
AcDbEntity
  8
BLACK
100
AcDbCircle
 10
0.9462992125984252
 20
0.9506299212598425
 30
0
 40
0.0068897637795276
  0
CIRCLE
  5
ED1
330
1A
100
AcDbEntity
  8
BLACK
100
AcDbCircle
 10
0.8478740157480315
 20
0.9506299212598425
 30
0
 40
0.0068897637795276
  0
CIRCLE
  5
ED2
330
1A
100
AcDbEntity
  8
BLACK
100
AcDbCircle
 10
0.7494488188976378
 20
0.9506299212598425
 30
0
 40
0.0068897637795276
  0
CIRCLE
  5
ED3
330
1A
100
AcDbEntity
  8
BLACK
100
AcDbCircle
 10
0.6510236220472441
 20
0.9506299212598425
 30
0
 40
0.0068897637795276
  0
CIRCLE
  5
ED4
330
1A
100
AcDbEntity
  8
BLACK
100
AcDbCircle
 10
0.5525984251968504
 20
0.9506299212598425
 30
0
 40
0.0068897637795276
  0
CIRCLE
  5
ED5
330
1A
100
AcDbEntity
  8
BLACK
100
AcDbCircle
 10
0.9462992125984252
 20
1.285275590551181
 30
0
 40
0.0068897637795276
  0
CIRCLE
  5
ED6
330
1A
100
AcDbEntity
  8
BLACK
100
AcDbCircle
 10
0.8478740157480315
 20
1.285275590551181
 30
0
 40
0.0068897637795276
  0
CIRCLE
  5
ED7
330
1A
100
AcDbEntity
  8
BLACK
100
AcDbCircle
 10
0.7494488188976378
 20
1.285275590551181
 30
0
 40
0.0068897637795276
  0
CIRCLE
  5
ED8
330
1A
100
AcDbEntity
  8
BLACK
100
AcDbCircle
 10
0.6510236220472441
 20
1.285275590551181
 30
0
 40
0.0068897637795276
  0
CIRCLE
  5
ED9
330
1A
100
AcDbEntity
  8
BLACK
100
AcDbCircle
 10
0.5525984251968504
 20
1.285275590551181
 30
0
 40
0.0068897637795276
  0
CIRCLE
  5
EDA
330
1A
100
AcDbEntity
  8
BLACK
100
AcDbCircle
 10
0.9462992125984252
 20
1.1671653543307086
 30
0
 40
0.0068897637795276
  0
CIRCLE
  5
EDB
330
1A
100
AcDbEntity
  8
BLACK
100
AcDbCircle
 10
0.8478740157480315
 20
1.1671653543307086
 30
0
 40
0.0068897637795276
  0
CIRCLE
  5
EDC
330
1A
100
AcDbEntity
  8
BLACK
100
AcDbCircle
 10
0.7494488188976378
 20
1.1671653543307086
 30
0
 40
0.0068897637795276
  0
CIRCLE
  5
EDD
330
1A
100
AcDbEntity
  8
BLACK
100
AcDbCircle
 10
0.6510236220472441
 20
1.1671653543307086
 30
0
 40
0.0068897637795276
  0
CIRCLE
  5
EDE
330
1A
100
AcDbEntity
  8
BLACK
100
AcDbCircle
 10
0.5525984251968504
 20
1.1671653543307086
 30
0
 40
0.0068897637795276
  0
CIRCLE
  5
EDF
330
1A
100
AcDbEntity
  8
BLACK
100
AcDbCircle
 10
0.9462992125984252
 20
2.1990551181102362
 30
0
 40
0.0068897637795276
  0
CIRCLE
  5
EE0
330
1A
100
AcDbEntity
  8
BLACK
100
AcDbCircle
 10
0.8478740157480315
 20
2.1990551181102362
 30
0
 40
0.0068897637795276
  0
CIRCLE
  5
EE1
330
1A
100
AcDbEntity
  8
BLACK
100
AcDbCircle
 10
0.7494488188976378
 20
2.1990551181102362
 30
0
 40
0.0068897637795276
  0
CIRCLE
  5
EE2
330
1A
100
AcDbEntity
  8
BLACK
100
AcDbCircle
 10
0.6510236220472441
 20
2.1990551181102362
 30
0
 40
0.0068897637795276
  0
CIRCLE
  5
EE3
330
1A
100
AcDbEntity
  8
BLACK
100
AcDbCircle
 10
0.5525984251968504
 20
2.1990551181102362
 30
0
 40
0.0068897637795276
  0
CIRCLE
  5
EE4
330
1A
100
AcDbEntity
  8
BLACK
100
AcDbCircle
 10
0.9462992125984252
 20
2.0809448818897636
 30
0
 40
0.0068897637795276
  0
CIRCLE
  5
EE5
330
1A
100
AcDbEntity
  8
BLACK
100
AcDbCircle
 10
0.8478740157480315
 20
2.0809448818897636
 30
0
 40
0.0068897637795276
  0
CIRCLE
  5
EE6
330
1A
100
AcDbEntity
  8
BLACK
100
AcDbCircle
 10
0.7494488188976378
 20
2.0809448818897636
 30
0
 40
0.0068897637795276
  0
CIRCLE
  5
EE7
330
1A
100
AcDbEntity
  8
BLACK
100
AcDbCircle
 10
0.6510236220472441
 20
2.0809448818897636
 30
0
 40
0.0068897637795276
  0
CIRCLE
  5
EE8
330
1A
100
AcDbEntity
  8
BLACK
100
AcDbCircle
 10
0.5525984251968504
 20
2.0809448818897636
 30
0
 40
0.0068897637795276
  0
CIRCLE
  5
EE9
330
1A
100
AcDbEntity
  8
BLACK
100
AcDbCircle
 10
0.9462992125984252
 20
2.4155905511811024
 30
0
 40
0.0068897637795276
  0
CIRCLE
  5
EEA
330
1A
100
AcDbEntity
  8
BLACK
100
AcDbCircle
 10
0.8478740157480315
 20
2.4155905511811024
 30
0
 40
0.0068897637795276
  0
CIRCLE
  5
EEB
330
1A
100
AcDbEntity
  8
BLACK
100
AcDbCircle
 10
0.7494488188976378
 20
2.4155905511811024
 30
0
 40
0.0068897637795276
  0
CIRCLE
  5
EEC
330
1A
100
AcDbEntity
  8
BLACK
100
AcDbCircle
 10
0.6510236220472441
 20
2.4155905511811024
 30
0
 40
0.0068897637795276
  0
CIRCLE
  5
EED
330
1A
100
AcDbEntity
  8
BLACK
100
AcDbCircle
 10
0.5525984251968504
 20
2.4155905511811024
 30
0
 40
0.0068897637795276
  0
CIRCLE
  5
EEE
330
1A
100
AcDbEntity
  8
BLACK
100
AcDbCircle
 10
0.9462992125984252
 20
2.2974803149606298
 30
0
 40
0.0068897637795276
  0
CIRCLE
  5
EEF
330
1A
100
AcDbEntity
  8
BLACK
100
AcDbCircle
 10
0.8478740157480315
 20
2.2974803149606298
 30
0
 40
0.0068897637795276
  0
CIRCLE
  5
EF0
330
1A
100
AcDbEntity
  8
BLACK
100
AcDbCircle
 10
0.7494488188976378
 20
2.2974803149606298
 30
0
 40
0.0068897637795276
  0
CIRCLE
  5
EF1
330
1A
100
AcDbEntity
  8
BLACK
100
AcDbCircle
 10
0.6510236220472441
 20
2.2974803149606298
 30
0
 40
0.0068897637795276
  0
CIRCLE
  5
EF2
330
1A
100
AcDbEntity
  8
BLACK
100
AcDbCircle
 10
0.5525984251968504
 20
2.2974803149606298
 30
0
 40
0.0068897637795276
  0
LINE
  5
EF3
330
1A
100
AcDbEntity
  8
BLACK
  6
CONTINUOUS
100
AcDbLine
 10
5.1037795275590554
 20
1.0157874015748032
 30
0
 11
5.1195275590551184
 21
1.0157874015748032
 31
0
  0
ARC
  5
EF4
330
1A
100
AcDbEntity
  8
BLACK
100
AcDbCircle
 10
5.1195275590551184
 20
1.0256299212598425
 30
0
 40
0.0098425196850394
100
AcDbArc
 50
-90.00000000
 51
90.00000000
  0
LINE
  5
EF5
330
1A
100
AcDbEntity
  8
BLACK
  6
CONTINUOUS
100
AcDbLine
 10
5.1195275590551184
 20
1.0354724409448819
 30
0
 11
5.1037795275590554
 21
1.0354724409448819
 31
0
  0
ARC
  5
EF6
330
1A
100
AcDbEntity
  8
BLACK
100
AcDbCircle
 10
5.1037795275590554
 20
1.0256299212598425
 30
0
 40
0.0098425196850394
100
AcDbArc
 50
90.00000000
 51
270.00000000
  0
LINE
  5
EF7
330
1A
100
AcDbEntity
  8
BLACK
  6
CONTINUOUS
100
AcDbLine
 10
5.1037795275590554
 20
1.1831102362204724
 30
0
 11
5.1195275590551184
 21
1.1831102362204724
 31
0
  0
ARC
  5
EF8
330
1A
100
AcDbEntity
  8
BLACK
100
AcDbCircle
 10
5.1195275590551184
 20
1.1929527559055118
 30
0
 40
0.0098425196850394
100
AcDbArc
 50
-90.00000000
 51
90.00000000
  0
LINE
  5
EF9
330
1A
100
AcDbEntity
  8
BLACK
  6
CONTINUOUS
100
AcDbLine
 10
5.1195275590551184
 20
1.2027952755905511
 30
0
 11
5.1037795275590554
 21
1.2027952755905511
 31
0
  0
ARC
  5
EFA
330
1A
100
AcDbEntity
  8
BLACK
100
AcDbCircle
 10
5.1037795275590554
 20
1.1929527559055118
 30
0
 40
0.0098425196850394
100
AcDbArc
 50
90.00000000
 51
270.00000000
  0
CIRCLE
  5
EFB
330
1A
100
AcDbEntity
  8
BLACK
100
AcDbCircle
 10
5.1360629921259839
 20
2.8010236220472442
 30
0
 40
0.0068897637795276
  0
CIRCLE
  5
EFC
330
1A
100
AcDbEntity
  8
BLACK
100
AcDbCircle
 10
5.1360629921259839
 20
2.5734645669291338
 30
0
 40
0.0068897637795276
  0
LINE
  5
EFD
330
1A
100
AcDbEntity
  8
BLACK
  6
CONTINUOUS
100
AcDbLine
 10
5.2966929133858267
 20
2.8691338582677166
 30
0
 11
5.2651968503937008
 21
2.8691338582677166
 31
0
  0
ARC
  5
EFE
330
1A
100
AcDbEntity
  8
BLACK
100
AcDbCircle
 10
5.2651968503937008
 20
2.8573228346456694
 30
0
 40
0.0118110236220472
100
AcDbArc
 50
90.00000000
 51
270.00000000
  0
LINE
  5
EFF
330
1A
100
AcDbEntity
  8
BLACK
  6
CONTINUOUS
100
AcDbLine
 10
5.2651968503937008
 20
2.8455118110236222
 30
0
 11
5.2966929133858267
 21
2.8455118110236222
 31
0
  0
ARC
  5
F00
330
1A
100
AcDbEntity
  8
BLACK
100
AcDbCircle
 10
5.2966929133858267
 20
2.8573228346456694
 30
0
 40
0.0118110236220472
100
AcDbArc
 50
270.00000000
 51
450.00000000
  0
LINE
  5
F01
330
1A
100
AcDbEntity
  8
BLACK
  6
CONTINUOUS
100
AcDbLine
 10
5.2966929133858267
 20
2.5289763779527559
 30
0
 11
5.2651968503937008
 21
2.5289763779527559
 31
0
  0
ARC
  5
F02
330
1A
100
AcDbEntity
  8
BLACK
100
AcDbCircle
 10
5.2651968503937008
 20
2.5171653543307086
 30
0
 40
0.0118110236220472
100
AcDbArc
 50
90.00000000
 51
270.00000000
  0
LINE
  5
F03
330
1A
100
AcDbEntity
  8
BLACK
  6
CONTINUOUS
100
AcDbLine
 10
5.2651968503937008
 20
2.5053543307086614
 30
0
 11
5.2966929133858267
 21
2.5053543307086614
 31
0
  0
ARC
  5
F04
330
1A
100
AcDbEntity
  8
BLACK
100
AcDbCircle
 10
5.2966929133858267
 20
2.5171653543307086
 30
0
 40
0.0118110236220472
100
AcDbArc
 50
270.00000000
 51
450.00000000
  0
LINE
  5
F05
330
1A
100
AcDbEntity
  8
BLACK
  6
CONTINUOUS
100
AcDbLine
 10
5.1380314960629923
 20
2.8691338582677166
 30
0
 11
5.0947244094488191
 21
2.8691338582677166
 31
0
  0
ARC
  5
F06
330
1A
100
AcDbEntity
  8
BLACK
100
AcDbCircle
 10
5.0947244094488191
 20
2.8573228346456694
 30
0
 40
0.0118110236220472
100
AcDbArc
 50
90.00000000
 51
270.00000000
  0
LINE
  5
F07
330
1A
100
AcDbEntity
  8
BLACK
  6
CONTINUOUS
100
AcDbLine
 10
5.0947244094488191
 20
2.8455118110236222
 30
0
 11
5.1380314960629923
 21
2.8455118110236222
 31
0
  0
ARC
  5
F08
330
1A
100
AcDbEntity
  8
BLACK
100
AcDbCircle
 10
5.1380314960629923
 20
2.8573228346456694
 30
0
 40
0.0118110236220472
100
AcDbArc
 50
270.00000000
 51
450.00000000
  0
LINE
  5
F09
330
1A
100
AcDbEntity
  8
BLACK
  6
CONTINUOUS
100
AcDbLine
 10
5.1380314960629923
 20
2.5289763779527559
 30
0
 11
5.0947244094488191
 21
2.5289763779527559
 31
0
  0
ARC
  5
F0A
330
1A
100
AcDbEntity
  8
BLACK
100
AcDbCircle
 10
5.0947244094488191
 20
2.5171653543307086
 30
0
 40
0.0118110236220472
100
AcDbArc
 50
90.00000000
 51
270.00000000
  0
LINE
  5
F0B
330
1A
100
AcDbEntity
  8
BLACK
  6
CONTINUOUS
100
AcDbLine
 10
5.0947244094488191
 20
2.5053543307086614
 30
0
 11
5.1380314960629923
 21
2.5053543307086614
 31
0
  0
ARC
  5
F0C
330
1A
100
AcDbEntity
  8
BLACK
100
AcDbCircle
 10
5.1380314960629923
 20
2.5171653543307086
 30
0
 40
0.0118110236220472
100
AcDbArc
 50
270.00000000
 51
450.00000000
  0
ENDSEC
  0
SECTION
  2
OBJECTS
  0
DICTIONARY
  5
20
330
0
100
AcDbDictionary
281
1
  3
ACAD_GROUP
350
F0D
  3
ACAD_LAYOUT
350
21
  3
ACAD_PLOTSTYLENAME
350
11
  0
DICTIONARY
  5
F0D
330
20
100
AcDbDictionary
281
1
  0
ACDBDICTIONARYWDFLT
  5
11
330
20
100
AcDbDictionary
281
1
  3
Normal
350
10
100
AcDbDictionaryWithDefault
340
10
  0
ACDBPLACEHOLDER
  5
10
330
11
  0
DICTIONARY
  5
21
330
20
100
AcDbDictionary
281
1
  3
Model
350
1D
  3
Layout1
350
1E
  3
Layout2
350
1F
  0
LAYOUT
  5
1D
330
21
100
AcDbPlotSettings
  1

  2
none_device
  4
A3
  6

 40
0.0
 41
0.0
 42
0.0
 43
0.0
 44
420.0
 45
297.0
 46
0.0
 47
0.0
 48
0.0
 49
0.0
140
0.0
141
0.0
142
1.0
143
1.0
 70
1024
 72
1
 73
0
 74
5
  7

 75
16
 76
0
 77
2
 78
300
147
1.0
148
0.0
149
0.0
100
AcDbLayout
  1
Model
 70
1
 71
0
 10
0.0
 20
0.0
 11
420.0
 21
297.0
 12
0.0
 22
0.0
 32
0.0
 14
1e+20
 24
1e+20
 34
1e+20
 15
-1e+20
 25
-1e+20
 35
-1e+20
146
0.0
 13
0.0
 23
0.0
 33
0.0
 16
1.0
 26
0.0
 36
0.0
 17
0.0
 27
1.0
 37
0.0
 76
0
330
1A
  0
LAYOUT
  5
1E
330
21
100
AcDbPlotSettings
  1

  2
none_device
  4
A3
  6

 40
0.0
 41
0.0
 42
0.0
 43
0.0
 44
420.0
 45
297.0
 46
0.0
 47
0.0
 48
0.0
 49
0.0
140
0.0
141
0.0
142
1.0
143
1.0
 70
0
 72
1
 73
0
 74
5
  7

 75
16
 76
0
 77
2
 78
300
147
1.0
148
0.0
149
0.0
100
AcDbLayout
  1
Layout1
 70
1
 71
1
 10
0.0
 20
0.0
 11
420.0
 21
297.0
 12
0.0
 22
0.0
 32
0.0
 14
1e+20
 24
1e+20
 34
1e+20
 15
-1e+20
 25
-1e+20
 35
-1e+20
146
0.0
 13
0.0
 23
0.0
 33
0.0
 16
1.0
 26
0.0
 36
0.0
 17
0.0
 27
1.0
 37
0.0
 76
0
330
1B
  0
LAYOUT
  5
1F
330
21
100
AcDbPlotSettings
  1

  2
none_device
  4
A3
  6

 40
0.0
 41
0.0
 42
0.0
 43
0.0
 44
420.0
 45
297.0
 46
0.0
 47
0.0
 48
0.0
 49
0.0
140
0.0
141
0.0
142
1.0
143
1.0
 70
0
 72
1
 73
0
 74
5
  7

 75
16
 76
0
 77
2
 78
300
147
1.0
148
0.0
149
0.0
100
AcDbLayout
  1
Layout2
 70
1
 71
2
 10
0.0
 20
0.0
 11
420.0
 21
297.0
 12
0.0
 22
0.0
 32
0.0
 14
1e+20
 24
1e+20
 34
1e+20
 15
-1e+20
 25
-1e+20
 35
-1e+20
146
0.0
 13
0.0
 23
0.0
 33
0.0
 16
1.0
 26
0.0
 36
0.0
 17
0.0
 27
1.0
 37
0.0
 76
0
330
1C
  0
ENDSEC
  0
EOF
