  0
SECTION
  2
HEADER
  9
$ANGBASE
  50
0.0
  9
$ANGDIR
  70
1
  9
$MEASUREMENT
  70
0
  0
ENDSEC
  0
SECTION
  2
TABLES
  0
TABLE
  2
LTYPE
  70
4
  0
LTYPE
  5
40F
  2
CONTINUOUS
  70
0
  3
Solid line
  72
65
  73
0
  40
0.0
  0
LTYPE
  5
410
  2
DASHDOT
 70
0
  3
Dash Dot ____ _ ____ _
 72
65
 73
4
 40
2.0
 49
1.25
 49
-0.25
 49
0.25
 49
-0.25
  0
LTYPE
  5
411
  2
DASHED
 70
0
  3
Dashed __ __ __ __ __
 72
65
 73
2
 40
0.75
 49
0.5
 49
-0.25
  0
LTYPE
  5
43B
  2
DOTTED
 70
0
  3
Dotted .  .  .  .
 72
65
 73
2
 40
0.2
 49
0.0
 49
-0.2
  0
ENDTAB
  0
TABLE
  2
STYLE
  70
4
  0
STYLE
  2
KICAD
  70
0
  40
0
  41
1
  42
1
  50
0
  71
0
  3
isocp.shx
  0
STYLE
  2
KICADB
  70
0
  40
0
  41
1
  42
1
  50
0
  71
0
  3
isocp.shx
  0
STYLE
  2
KICADI
  70
0
  40
0
  41
1
  42
1
  50
15
  71
0
  3
isocp.shx
  0
STYLE
  2
KICADBI
  70
0
  40
0
  41
1
  42
1
  50
15
  71
0
  3
isocp.shx
  0
ENDTAB
  0
TABLE
  2
LAYER
  70
1
  0
LAYER
  2
BLACK
  70
0
  62
7
  6
CONTINUOUS
  0
ENDTAB
  0
ENDSEC
  0
SECTION
  2
ENTITIES
0
LINE
8
BLACK
6
CONTINUOUS
10
0.410113937007874
20
0.4083821653543307
11
0.4232420472440945
21
0.4053857480314961
0
LINE
8
BLACK
6
CONTINUOUS
10
0.4232420472440945
20
0.4053857480314961
11
0.435952125984252
21
0.4009383070866142
0
LINE
8
BLACK
6
CONTINUOUS
10
0.435952125984252
20
0.4009383070866142
11
0.4480843700787401
21
0.3950957086614173
0
LINE
8
BLACK
6
CONTINUOUS
10
0.4480843700787401
20
0.3950957086614173
11
0.4594861023622047
21
0.3879315354330709
0
LINE
8
BLACK
6
CONTINUOUS
10
0.4594861023622047
20
0.3879315354330709
11
0.4700140551181102
21
0.3795357874015748
0
LINE
8
BLACK
6
CONTINUOUS
10
0.4700140551181102
20
0.3795357874015748
11
0.4795357874015748
21
0.3700140551181103
0
LINE
8
BLACK
6
CONTINUOUS
10
0.4795357874015748
20
0.3700140551181103
11
0.4879315354330708
21
0.3594861023622047
0
LINE
8
BLACK
6
CONTINUOUS
10
0.4879315354330708
20
0.3594861023622047
11
0.4950957086614173
21
0.3480843700787402
0
LINE
8
BLACK
6
CONTINUOUS
10
0.4950957086614173
20
0.3480843700787402
11
0.5009383070866141
21
0.3359521259842519
0
LINE
8
BLACK
6
CONTINUOUS
10
0.5009383070866141
20
0.3359521259842519
11
0.5053857480314961
21
0.3232420472440945
0
LINE
8
BLACK
6
CONTINUOUS
10
0.5053857480314961
20
0.3232420472440945
11
0.5083821653543307
21
0.310113937007874
0
LINE
8
BLACK
6
CONTINUOUS
10
0.5083821653543307
20
0.310113937007874
11
0.5098898425196851
21
0.296732874015748
0
LINE
8
BLACK
6
CONTINUOUS
10
0.5098898425196851
20
0.296732874015748
11
0.5098898425196851
21
0.283267125984252
0
LINE
8
BLACK
6
CONTINUOUS
10
0.5098898425196851
20
0.283267125984252
11
0.5083821653543307
21
0.269886062992126
0
LINE
8
BLACK
6
CONTINUOUS
10
0.5083821653543307
20
0.269886062992126
11
0.5053857480314961
21
0.2567579527559055
0
LINE
8
BLACK
6
CONTINUOUS
10
0.5053857480314961
20
0.2567579527559055
11
0.5009383070866141
21
0.244047874015748
0
LINE
8
BLACK
6
CONTINUOUS
10
0.5009383070866141
20
0.244047874015748
11
0.4950957086614173
21
0.2319156299212598
0
LINE
8
BLACK
6
CONTINUOUS
10
0.4950957086614173
20
0.2319156299212598
11
0.4879315354330708
21
0.2205138976377953
0
LINE
8
BLACK
6
CONTINUOUS
10
0.4879315354330708
20
0.2205138976377953
11
0.4795357874015748
21
0.2099859448818898
0
LINE
8
BLACK
6
CONTINUOUS
10
0.4795357874015748
20
0.2099859448818898
11
0.4700140551181102
21
0.2004642125984252
0
LINE
8
BLACK
6
CONTINUOUS
10
0.4700140551181102
20
0.2004642125984252
11
0.4594861023622047
21
0.1920684645669291
0
LINE
8
BLACK
6
CONTINUOUS
10
0.4594861023622047
20
0.1920684645669291
11
0.4480843700787401
21
0.1849042913385827
0
LINE
8
BLACK
6
CONTINUOUS
10
0.4480843700787401
20
0.1849042913385827
11
0.435952125984252
21
0.1790616929133858
0
LINE
8
BLACK
6
CONTINUOUS
10
0.435952125984252
20
0.1790616929133858
11
0.4232420472440945
21
0.1746142519685039
0
LINE
8
BLACK
6
CONTINUOUS
10
0.4232420472440945
20
0.1746142519685039
11
0.410113937007874
21
0.1716178346456693
0
LINE
8
BLACK
6
CONTINUOUS
10
0.410113937007874
20
0.1716178346456693
11
0.396732874015748
21
0.170110157480315
0
LINE
8
BLACK
6
CONTINUOUS
10
0.396732874015748
20
0.170110157480315
11
0.3832671259842519
21
0.170110157480315
0
LINE
8
BLACK
6
CONTINUOUS
10
0.3832671259842519
20
0.170110157480315
11
0.369886062992126
21
0.1716178346456693
0
LINE
8
BLACK
6
CONTINUOUS
10
0.369886062992126
20
0.1716178346456693
11
0.3567579527559055
21
0.1746142519685039
0
LINE
8
BLACK
6
CONTINUOUS
10
0.3567579527559055
20
0.1746142519685039
11
0.344047874015748
21
0.1790616929133858
0
LINE
8
BLACK
6
CONTINUOUS
10
0.344047874015748
20
0.1790616929133858
11
0.3319156299212598
21
0.1849042913385827
0
LINE
8
BLACK
6
CONTINUOUS
10
0.3319156299212598
20
0.1849042913385827
11
0.3205138976377953
21
0.1920684645669291
0
LINE
8
BLACK
6
CONTINUOUS
10
0.3205138976377953
20
0.1920684645669291
11
0.3099859448818897
21
0.2004642125984252
0
LINE
8
BLACK
6
CONTINUOUS
10
0.3099859448818897
20
0.2004642125984252
11
0.3004642125984252
21
0.2099859448818898
0
LINE
8
BLACK
6
CONTINUOUS
10
0.3004642125984252
20
0.2099859448818898
11
0.2920684645669291
21
0.2205138976377953
0
LINE
8
BLACK
6
CONTINUOUS
10
0.2920684645669291
20
0.2205138976377953
11
0.2849042913385827
21
0.2319156299212598
0
LINE
8
BLACK
6
CONTINUOUS
10
0.2849042913385827
20
0.2319156299212598
11
0.2790616929133858
21
0.244047874015748
0
LINE
8
BLACK
6
CONTINUOUS
10
0.2790616929133858
20
0.244047874015748
11
0.2746142519685039
21
0.2567579527559055
0
LINE
8
BLACK
6
CONTINUOUS
10
0.2746142519685039
20
0.2567579527559055
11
0.2716178346456693
21
0.269886062992126
0
LINE
8
BLACK
6
CONTINUOUS
10
0.2716178346456693
20
0.269886062992126
11
0.270110157480315
21
0.283267125984252
0
LINE
8
BLACK
6
CONTINUOUS
10
0.270110157480315
20
0.283267125984252
11
0.270110157480315
21
0.296732874015748
0
LINE
8
BLACK
6
CONTINUOUS
10
0.270110157480315
20
0.296732874015748
11
0.2716178346456693
21
0.310113937007874
0
LINE
8
BLACK
6
CONTINUOUS
10
0.2716178346456693
20
0.310113937007874
11
0.2746142519685039
21
0.3232420472440945
0
LINE
8
BLACK
6
CONTINUOUS
10
0.2746142519685039
20
0.3232420472440945
11
0.2790616929133858
21
0.3359521259842519
0
LINE
8
BLACK
6
CONTINUOUS
10
0.2790616929133858
20
0.3359521259842519
11
0.2849042913385827
21
0.3480843700787402
0
LINE
8
BLACK
6
CONTINUOUS
10
0.2849042913385827
20
0.3480843700787402
11
0.2920684645669291
21
0.3594861023622047
0
LINE
8
BLACK
6
CONTINUOUS
10
0.2920684645669291
20
0.3594861023622047
11
0.3004642125984252
21
0.3700140551181103
0
LINE
8
BLACK
6
CONTINUOUS
10
0.3004642125984252
20
0.3700140551181103
11
0.3099859448818897
21
0.3795357874015748
0
LINE
8
BLACK
6
CONTINUOUS
10
0.3099859448818897
20
0.3795357874015748
11
0.3205138976377953
21
0.3879315354330709
0
LINE
8
BLACK
6
CONTINUOUS
10
0.3205138976377953
20
0.3879315354330709
11
0.3319156299212598
21
0.3950957086614173
0
LINE
8
BLACK
6
CONTINUOUS
10
0.3319156299212598
20
0.3950957086614173
11
0.344047874015748
21
0.4009383070866142
0
LINE
8
BLACK
6
CONTINUOUS
10
0.344047874015748
20
0.4009383070866142
11
0.3567579527559055
21
0.4053857480314961
0
LINE
8
BLACK
6
CONTINUOUS
10
0.3567579527559055
20
0.4053857480314961
11
0.369886062992126
21
0.4083821653543307
0
LINE
8
BLACK
6
CONTINUOUS
10
0.369886062992126
20
0.4083821653543307
11
0.3832671259842519
21
0.409889842519685
0
LINE
8
BLACK
6
CONTINUOUS
10
0.3832671259842519
20
0.409889842519685
11
0.396732874015748
21
0.409889842519685
0
LINE
8
BLACK
6
CONTINUOUS
10
0.396732874015748
20
0.409889842519685
11
0.410113937007874
21
0.4083821653543307
0
LINE
8
BLACK
6
CONTINUOUS
10
5.2101139370078737
20
0.4083821653543307
11
5.2232420472440948
21
0.4053857480314961
0
LINE
8
BLACK
6
CONTINUOUS
10
5.2232420472440948
20
0.4053857480314961
11
5.2359521259842516
21
0.4009383070866142
0
LINE
8
BLACK
6
CONTINUOUS
10
5.2359521259842516
20
0.4009383070866142
11
5.2480843700787396
21
0.3950957086614173
0
LINE
8
BLACK
6
CONTINUOUS
10
5.2480843700787396
20
0.3950957086614173
11
5.2594861023622048
21
0.3879315354330709
0
LINE
8
BLACK
6
CONTINUOUS
10
5.2594861023622048
20
0.3879315354330709
11
5.2700140551181098
21
0.3795357874015748
0
LINE
8
BLACK
6
CONTINUOUS
10
5.2700140551181098
20
0.3795357874015748
11
5.2795357874015743
21
0.3700140551181103
0
LINE
8
BLACK
6
CONTINUOUS
10
5.2795357874015743
20
0.3700140551181103
11
5.2879315354330707
21
0.3594861023622047
0
LINE
8
BLACK
6
CONTINUOUS
10
5.2879315354330707
20
0.3594861023622047
11
5.2950957086614174
21
0.3480843700787402
0
LINE
8
BLACK
6
CONTINUOUS
10
5.2950957086614174
20
0.3480843700787402
11
5.3009383070866143
21
0.3359521259842519
0
LINE
8
BLACK
6
CONTINUOUS
10
5.3009383070866143
20
0.3359521259842519
11
5.3053857480314957
21
0.3232420472440945
0
LINE
8
BLACK
6
CONTINUOUS
10
5.3053857480314957
20
0.3232420472440945
11
5.3083821653543302
21
0.310113937007874
0
LINE
8
BLACK
6
CONTINUOUS
10
5.3083821653543302
20
0.310113937007874
11
5.3098898425196852
21
0.296732874015748
0
LINE
8
BLACK
6
CONTINUOUS
10
5.3098898425196852
20
0.296732874015748
11
5.3098898425196852
21
0.283267125984252
0
LINE
8
BLACK
6
CONTINUOUS
10
5.3098898425196852
20
0.283267125984252
11
5.3083821653543302
21
0.269886062992126
0
LINE
8
BLACK
6
CONTINUOUS
10
5.3083821653543302
20
0.269886062992126
11
5.3053857480314957
21
0.2567579527559055
0
LINE
8
BLACK
6
CONTINUOUS
10
5.3053857480314957
20
0.2567579527559055
11
5.3009383070866143
21
0.244047874015748
0
LINE
8
BLACK
6
CONTINUOUS
10
5.3009383070866143
20
0.244047874015748
11
5.2950957086614174
21
0.2319156299212598
0
LINE
8
BLACK
6
CONTINUOUS
10
5.2950957086614174
20
0.2319156299212598
11
5.2879315354330707
21
0.2205138976377953
0
LINE
8
BLACK
6
CONTINUOUS
10
5.2879315354330707
20
0.2205138976377953
11
5.2795357874015743
21
0.2099859448818898
0
LINE
8
BLACK
6
CONTINUOUS
10
5.2795357874015743
20
0.2099859448818898
11
5.2700140551181098
21
0.2004642125984252
0
LINE
8
BLACK
6
CONTINUOUS
10
5.2700140551181098
20
0.2004642125984252
11
5.2594861023622048
21
0.1920684645669291
0
LINE
8
BLACK
6
CONTINUOUS
10
5.2594861023622048
20
0.1920684645669291
11
5.2480843700787396
21
0.1849042913385827
0
LINE
8
BLACK
6
CONTINUOUS
10
5.2480843700787396
20
0.1849042913385827
11
5.2359521259842516
21
0.1790616929133858
0
LINE
8
BLACK
6
CONTINUOUS
10
5.2359521259842516
20
0.1790616929133858
11
5.2232420472440948
21
0.1746142519685039
0
LINE
8
BLACK
6
CONTINUOUS
10
5.2232420472440948
20
0.1746142519685039
11
5.2101139370078737
21
0.1716178346456693
0
LINE
8
BLACK
6
CONTINUOUS
10
5.2101139370078737
20
0.1716178346456693
11
5.1967328740157477
21
0.170110157480315
0
LINE
8
BLACK
6
CONTINUOUS
10
5.1967328740157477
20
0.170110157480315
11
5.1832671259842522
21
0.170110157480315
0
LINE
8
BLACK
6
CONTINUOUS
10
5.1832671259842522
20
0.170110157480315
11
5.1698860629921262
21
0.1716178346456693
0
LINE
8
BLACK
6
CONTINUOUS
10
5.1698860629921262
20
0.1716178346456693
11
5.1567579527559051
21
0.1746142519685039
0
LINE
8
BLACK
6
CONTINUOUS
10
5.1567579527559051
20
0.1746142519685039
11
5.1440478740157483
21
0.1790616929133858
0
LINE
8
BLACK
6
CONTINUOUS
10
5.1440478740157483
20
0.1790616929133858
11
5.1319156299212594
21
0.1849042913385827
0
LINE
8
BLACK
6
CONTINUOUS
10
5.1319156299212594
20
0.1849042913385827
11
5.1205138976377951
21
0.1920684645669291
0
LINE
8
BLACK
6
CONTINUOUS
10
5.1205138976377951
20
0.1920684645669291
11
5.1099859448818901
21
0.2004642125984252
0
LINE
8
BLACK
6
CONTINUOUS
10
5.1099859448818901
20
0.2004642125984252
11
5.1004642125984248
21
0.2099859448818898
0
LINE
8
BLACK
6
CONTINUOUS
10
5.1004642125984248
20
0.2099859448818898
11
5.0920684645669292
21
0.2205138976377953
0
LINE
8
BLACK
6
CONTINUOUS
10
5.0920684645669292
20
0.2205138976377953
11
5.0849042913385825
21
0.2319156299212598
0
LINE
8
BLACK
6
CONTINUOUS
10
5.0849042913385825
20
0.2319156299212598
11
5.0790616929133856
21
0.244047874015748
0
LINE
8
BLACK
6
CONTINUOUS
10
5.0790616929133856
20
0.244047874015748
11
5.0746142519685042
21
0.2567579527559055
0
LINE
8
BLACK
6
CONTINUOUS
10
5.0746142519685042
20
0.2567579527559055
11
5.0716178346456688
21
0.269886062992126
0
LINE
8
BLACK
6
CONTINUOUS
10
5.0716178346456688
20
0.269886062992126
11
5.0701101574803147
21
0.283267125984252
0
LINE
8
BLACK
6
CONTINUOUS
10
5.0701101574803147
20
0.283267125984252
11
5.0701101574803147
21
0.296732874015748
0
LINE
8
BLACK
6
CONTINUOUS
10
5.0701101574803147
20
0.296732874015748
11
5.0716178346456688
21
0.310113937007874
0
LINE
8
BLACK
6
CONTINUOUS
10
5.0716178346456688
20
0.310113937007874
11
5.0746142519685042
21
0.3232420472440945
0
LINE
8
BLACK
6
CONTINUOUS
10
5.0746142519685042
20
0.3232420472440945
11
5.0790616929133856
21
0.3359521259842519
0
LINE
8
BLACK
6
CONTINUOUS
10
5.0790616929133856
20
0.3359521259842519
11
5.0849042913385825
21
0.3480843700787402
0
LINE
8
BLACK
6
CONTINUOUS
10
5.0849042913385825
20
0.3480843700787402
11
5.0920684645669292
21
0.3594861023622047
0
LINE
8
BLACK
6
CONTINUOUS
10
5.0920684645669292
20
0.3594861023622047
11
5.1004642125984248
21
0.3700140551181103
0
LINE
8
BLACK
6
CONTINUOUS
10
5.1004642125984248
20
0.3700140551181103
11
5.1099859448818901
21
0.3795357874015748
0
LINE
8
BLACK
6
CONTINUOUS
10
5.1099859448818901
20
0.3795357874015748
11
5.1205138976377951
21
0.3879315354330709
0
LINE
8
BLACK
6
CONTINUOUS
10
5.1205138976377951
20
0.3879315354330709
11
5.1319156299212594
21
0.3950957086614173
0
LINE
8
BLACK
6
CONTINUOUS
10
5.1319156299212594
20
0.3950957086614173
11
5.1440478740157483
21
0.4009383070866142
0
LINE
8
BLACK
6
CONTINUOUS
10
5.1440478740157483
20
0.4009383070866142
11
5.1567579527559051
21
0.4053857480314961
0
LINE
8
BLACK
6
CONTINUOUS
10
5.1567579527559051
20
0.4053857480314961
11
5.1698860629921262
21
0.4083821653543307
0
LINE
8
BLACK
6
CONTINUOUS
10
5.1698860629921262
20
0.4083821653543307
11
5.1832671259842522
21
0.409889842519685
0
LINE
8
BLACK
6
CONTINUOUS
10
5.1832671259842522
20
0.409889842519685
11
5.1967328740157477
21
0.409889842519685
0
LINE
8
BLACK
6
CONTINUOUS
10
5.1967328740157477
20
0.409889842519685
11
5.2101139370078737
21
0.4083821653543307
0
LINE
8
BLACK
6
CONTINUOUS
10
1.5159501574803149
20
0.3414249606299212
11
1.516588779527559
21
0.3409982283464567
0
LINE
8
BLACK
6
CONTINUOUS
10
1.516588779527559
20
0.3409982283464567
11
1.5170155118110236
21
0.3403596062992126
0
LINE
8
BLACK
6
CONTINUOUS
10
1.5170155118110236
20
0.3403596062992126
11
1.5171653543307086
21
0.3396062992125984
0
LINE
8
BLACK
6
CONTINUOUS
10
1.5171653543307086
20
0.3396062992125984
11
1.5171653543307086
21
0.1821259842519685
0
LINE
8
BLACK
6
CONTINUOUS
10
1.5171653543307086
20
0.1821259842519685
11
1.5170155118110236
21
0.1813726771653543
0
LINE
8
BLACK
6
CONTINUOUS
10
1.5170155118110236
20
0.1813726771653543
11
1.516588779527559
21
0.1807340551181102
0
LINE
8
BLACK
6
CONTINUOUS
10
1.516588779527559
20
0.1807340551181102
11
1.5159501574803149
21
0.1803073228346457
0
LINE
8
BLACK
6
CONTINUOUS
10
1.5159501574803149
20
0.1803073228346457
11
1.5151968503937008
21
0.1801574803149606
0
LINE
8
BLACK
6
CONTINUOUS
10
1.5151968503937008
20
0.1801574803149606
11
1.3577165354330709
21
0.1801574803149606
0
LINE
8
BLACK
6
CONTINUOUS
10
1.3577165354330709
20
0.1801574803149606
11
1.3569632283464566
21
0.1803073228346457
0
LINE
8
BLACK
6
CONTINUOUS
10
1.3569632283464566
20
0.1803073228346457
11
1.3563246062992125
21
0.1807340551181102
0
LINE
8
BLACK
6
CONTINUOUS
10
1.3563246062992125
20
0.1807340551181102
11
1.3558978740157479
21
0.1813726771653543
0
LINE
8
BLACK
6
CONTINUOUS
10
1.3558978740157479
20
0.1813726771653543
11
1.355748031496063
21
0.1821259842519685
0
LINE
8
BLACK
6
CONTINUOUS
10
1.355748031496063
20
0.1821259842519685
11
1.355748031496063
21
0.3396062992125984
0
LINE
8
BLACK
6
CONTINUOUS
10
1.355748031496063
20
0.3396062992125984
11
1.3558978740157479
21
0.3403596062992126
0
LINE
8
BLACK
6
CONTINUOUS
10
1.3558978740157479
20
0.3403596062992126
11
1.3563246062992125
21
0.3409982283464567
0
LINE
8
BLACK
6
CONTINUOUS
10
1.3563246062992125
20
0.3409982283464567
11
1.3569632283464566
21
0.3414249606299212
0
LINE
8
BLACK
6
CONTINUOUS
10
1.3569632283464566
20
0.3414249606299212
11
1.3577165354330709
21
0.3415748031496063
0
LINE
8
BLACK
6
CONTINUOUS
10
1.3577165354330709
20
0.3415748031496063
11
1.5151968503937008
21
0.3415748031496063
0
LINE
8
BLACK
6
CONTINUOUS
10
1.5151968503937008
20
0.3415748031496063
11
1.5159501574803149
21
0.3414249606299212
0
LINE
8
BLACK
6
CONTINUOUS
10
2.2757926771653545
20
0.3414249606299212
11
2.2764312992125983
21
0.3409982283464567
0
LINE
8
BLACK
6
CONTINUOUS
10
2.2764312992125983
20
0.3409982283464567
11
2.2768580314960629
21
0.3403596062992126
0
LINE
8
BLACK
6
CONTINUOUS
10
2.2768580314960629
20
0.3403596062992126
11
2.277007874015748
21
0.3396062992125984
0
LINE
8
BLACK
6
CONTINUOUS
10
2.277007874015748
20
0.3396062992125984
11
2.277007874015748
21
0.1821259842519685
0
LINE
8
BLACK
6
CONTINUOUS
10
2.277007874015748
20
0.1821259842519685
11
2.2768580314960629
21
0.1813726771653543
0
LINE
8
BLACK
6
CONTINUOUS
10
2.2768580314960629
20
0.1813726771653543
11
2.2764312992125983
21
0.1807340551181102
0
LINE
8
BLACK
6
CONTINUOUS
10
2.2764312992125983
20
0.1807340551181102
11
2.2757926771653545
21
0.1803073228346457
0
LINE
8
BLACK
6
CONTINUOUS
10
2.2757926771653545
20
0.1803073228346457
11
2.2750393700787401
21
0.1801574803149606
0
LINE
8
BLACK
6
CONTINUOUS
10
2.2750393700787401
20
0.1801574803149606
11
2.11755905511811
21
0.1801574803149606
0
LINE
8
BLACK
6
CONTINUOUS
10
2.11755905511811
20
0.1801574803149606
11
2.1168057480314961
21
0.1803073228346457
0
LINE
8
BLACK
6
CONTINUOUS
10
2.1168057480314961
20
0.1803073228346457
11
2.1161671259842518
21
0.1807340551181102
0
LINE
8
BLACK
6
CONTINUOUS
10
2.1161671259842518
20
0.1807340551181102
11
2.1157403937007873
21
0.1813726771653543
0
LINE
8
BLACK
6
CONTINUOUS
10
2.1157403937007873
20
0.1813726771653543
11
2.1155905511811022
21
0.1821259842519685
0
LINE
8
BLACK
6
CONTINUOUS
10
2.1155905511811022
20
0.1821259842519685
11
2.1155905511811022
21
0.3396062992125984
0
LINE
8
BLACK
6
CONTINUOUS
10
2.1155905511811022
20
0.3396062992125984
11
2.1157403937007873
21
0.3403596062992126
0
LINE
8
BLACK
6
CONTINUOUS
10
2.1157403937007873
20
0.3403596062992126
11
2.1161671259842518
21
0.3409982283464567
0
LINE
8
BLACK
6
CONTINUOUS
10
2.1161671259842518
20
0.3409982283464567
11
2.1168057480314961
21
0.3414249606299212
0
LINE
8
BLACK
6
CONTINUOUS
10
2.1168057480314961
20
0.3414249606299212
11
2.11755905511811
21
0.3415748031496063
0
LINE
8
BLACK
6
CONTINUOUS
10
2.11755905511811
20
0.3415748031496063
11
2.2750393700787401
21
0.3415748031496063
0
LINE
8
BLACK
6
CONTINUOUS
10
2.2750393700787401
20
0.3415748031496063
11
2.2757926771653545
21
0.3414249606299212
0
LINE
8
BLACK
6
CONTINUOUS
10
3.1301233858267716
20
0.3433934645669292
11
3.1307620078740155
21
0.3429667322834646
0
LINE
8
BLACK
6
CONTINUOUS
10
3.1307620078740155
20
0.3429667322834646
11
3.1311887401574801
21
0.3423281102362205
0
LINE
8
BLACK
6
CONTINUOUS
10
3.1311887401574801
20
0.3423281102362205
11
3.1313385826771651
21
0.3415748031496063
0
LINE
8
BLACK
6
CONTINUOUS
10
3.1313385826771651
20
0.3415748031496063
11
3.1313385826771651
21
0.1840944881889764
0
LINE
8
BLACK
6
CONTINUOUS
10
3.1313385826771651
20
0.1840944881889764
11
3.1311887401574801
21
0.1833411811023622
0
LINE
8
BLACK
6
CONTINUOUS
10
3.1311887401574801
20
0.1833411811023622
11
3.1307620078740155
21
0.1827025590551181
0
LINE
8
BLACK
6
CONTINUOUS
10
3.1307620078740155
20
0.1827025590551181
11
3.1301233858267716
21
0.1822758267716535
0
LINE
8
BLACK
6
CONTINUOUS
10
3.1301233858267716
20
0.1822758267716535
11
3.1293700787401573
21
0.1821259842519685
0
LINE
8
BLACK
6
CONTINUOUS
10
3.1293700787401573
20
0.1821259842519685
11
2.9718897637795276
21
0.1821259842519685
0
LINE
8
BLACK
6
CONTINUOUS
10
2.9718897637795276
20
0.1821259842519685
11
2.9711364566929133
21
0.1822758267716535
0
LINE
8
BLACK
6
CONTINUOUS
10
2.9711364566929133
20
0.1822758267716535
11
2.9704978346456694
21
0.1827025590551181
0
LINE
8
BLACK
6
CONTINUOUS
10
2.9704978346456694
20
0.1827025590551181
11
2.9700711023622048
21
0.1833411811023622
0
LINE
8
BLACK
6
CONTINUOUS
10
2.9700711023622048
20
0.1833411811023622
11
2.9699212598425198
21
0.1840944881889764
0
LINE
8
BLACK
6
CONTINUOUS
10
2.9699212598425198
20
0.1840944881889764
11
2.9699212598425198
21
0.3415748031496063
0
LINE
8
BLACK
6
CONTINUOUS
10
2.9699212598425198
20
0.3415748031496063
11
2.9700711023622048
21
0.3423281102362205
0
LINE
8
BLACK
6
CONTINUOUS
10
2.9700711023622048
20
0.3423281102362205
11
2.9704978346456694
21
0.3429667322834646
0
LINE
8
BLACK
6
CONTINUOUS
10
2.9704978346456694
20
0.3429667322834646
11
2.9711364566929133
21
0.3433934645669292
0
LINE
8
BLACK
6
CONTINUOUS
10
2.9711364566929133
20
0.3433934645669292
11
2.9718897637795276
21
0.3435433070866142
0
LINE
8
BLACK
6
CONTINUOUS
10
2.9718897637795276
20
0.3435433070866142
11
3.1293700787401573
21
0.3435433070866142
0
LINE
8
BLACK
6
CONTINUOUS
10
3.1293700787401573
20
0.3435433070866142
11
3.1301233858267716
21
0.3433934645669292
0
LINE
8
BLACK
6
CONTINUOUS
10
3.889965905511811
20
0.3433934645669292
11
3.8906045275590548
21
0.3429667322834646
0
LINE
8
BLACK
6
CONTINUOUS
10
3.8906045275590548
20
0.3429667322834646
11
3.8910312598425194
21
0.3423281102362205
0
LINE
8
BLACK
6
CONTINUOUS
10
3.8910312598425194
20
0.3423281102362205
11
3.8911811023622045
21
0.3415748031496063
0
LINE
8
BLACK
6
CONTINUOUS
10
3.8911811023622045
20
0.3415748031496063
11
3.8911811023622045
21
0.1840944881889764
0
LINE
8
BLACK
6
CONTINUOUS
10
3.8911811023622045
20
0.1840944881889764
11
3.8910312598425194
21
0.1833411811023622
0
LINE
8
BLACK
6
CONTINUOUS
10
3.8910312598425194
20
0.1833411811023622
11
3.8906045275590548
21
0.1827025590551181
0
LINE
8
BLACK
6
CONTINUOUS
10
3.8906045275590548
20
0.1827025590551181
11
3.889965905511811
21
0.1822758267716535
0
LINE
8
BLACK
6
CONTINUOUS
10
3.889965905511811
20
0.1822758267716535
11
3.8892125984251966
21
0.1821259842519685
0
LINE
8
BLACK
6
CONTINUOUS
10
3.8892125984251966
20
0.1821259842519685
11
3.731732283464567
21
0.1821259842519685
0
LINE
8
BLACK
6
CONTINUOUS
10
3.731732283464567
20
0.1821259842519685
11
3.7309789763779526
21
0.1822758267716535
0
LINE
8
BLACK
6
CONTINUOUS
10
3.7309789763779526
20
0.1822758267716535
11
3.7303403543307088
21
0.1827025590551181
0
LINE
8
BLACK
6
CONTINUOUS
10
3.7303403543307088
20
0.1827025590551181
11
3.7299136220472442
21
0.1833411811023622
0
LINE
8
BLACK
6
CONTINUOUS
10
3.7299136220472442
20
0.1833411811023622
11
3.7297637795275591
21
0.1840944881889764
0
LINE
8
BLACK
6
CONTINUOUS
10
3.7297637795275591
20
0.1840944881889764
11
3.7297637795275591
21
0.3415748031496063
0
LINE
8
BLACK
6
CONTINUOUS
10
3.7297637795275591
20
0.3415748031496063
11
3.7299136220472442
21
0.3423281102362205
0
LINE
8
BLACK
6
CONTINUOUS
10
3.7299136220472442
20
0.3423281102362205
11
3.7303403543307088
21
0.3429667322834646
0
LINE
8
BLACK
6
CONTINUOUS
10
3.7303403543307088
20
0.3429667322834646
11
3.7309789763779526
21
0.3433934645669292
0
LINE
8
BLACK
6
CONTINUOUS
10
3.7309789763779526
20
0.3433934645669292
11
3.731732283464567
21
0.3435433070866142
0
LINE
8
BLACK
6
CONTINUOUS
10
3.731732283464567
20
0.3435433070866142
11
3.8892125984251966
21
0.3435433070866142
0
LINE
8
BLACK
6
CONTINUOUS
10
3.8892125984251966
20
0.3435433070866142
11
3.889965905511811
21
0.3433934645669292
0
LINE
8
BLACK
6
CONTINUOUS
10
4.6498084251968503
20
0.3433934645669292
11
4.6504470472440946
21
0.3429667322834646
0
LINE
8
BLACK
6
CONTINUOUS
10
4.6504470472440946
20
0.3429667322834646
11
4.6508737795275588
21
0.3423281102362205
0
LINE
8
BLACK
6
CONTINUOUS
10
4.6508737795275588
20
0.3423281102362205
11
4.6510236220472443
21
0.3415748031496063
0
LINE
8
BLACK
6
CONTINUOUS
10
4.6510236220472443
20
0.3415748031496063
11
4.6510236220472443
21
0.1840944881889764
0
LINE
8
BLACK
6
CONTINUOUS
10
4.6510236220472443
20
0.1840944881889764
11
4.6508737795275588
21
0.1833411811023622
0
LINE
8
BLACK
6
CONTINUOUS
10
4.6508737795275588
20
0.1833411811023622
11
4.6504470472440946
21
0.1827025590551181
0
LINE
8
BLACK
6
CONTINUOUS
10
4.6504470472440946
20
0.1827025590551181
11
4.6498084251968503
21
0.1822758267716535
0
LINE
8
BLACK
6
CONTINUOUS
10
4.6498084251968503
20
0.1822758267716535
11
4.649055118110236
21
0.1821259842519685
0
LINE
8
BLACK
6
CONTINUOUS
10
4.649055118110236
20
0.1821259842519685
11
4.4915748031496063
21
0.1821259842519685
0
LINE
8
BLACK
6
CONTINUOUS
10
4.4915748031496063
20
0.1821259842519685
11
4.490821496062992
21
0.1822758267716535
0
LINE
8
BLACK
6
CONTINUOUS
10
4.490821496062992
20
0.1822758267716535
11
4.4901828740157477
21
0.1827025590551181
0
LINE
8
BLACK
6
CONTINUOUS
10
4.4901828740157477
20
0.1827025590551181
11
4.4897561417322835
21
0.1833411811023622
0
LINE
8
BLACK
6
CONTINUOUS
10
4.4897561417322835
20
0.1833411811023622
11
4.489606299212598
21
0.1840944881889764
0
LINE
8
BLACK
6
CONTINUOUS
10
4.489606299212598
20
0.1840944881889764
11
4.489606299212598
21
0.3415748031496063
0
LINE
8
BLACK
6
CONTINUOUS
10
4.489606299212598
20
0.3415748031496063
11
4.4897561417322835
21
0.3423281102362205
0
LINE
8
BLACK
6
CONTINUOUS
10
4.4897561417322835
20
0.3423281102362205
11
4.4901828740157477
21
0.3429667322834646
0
LINE
8
BLACK
6
CONTINUOUS
10
4.4901828740157477
20
0.3429667322834646
11
4.490821496062992
21
0.3433934645669292
0
LINE
8
BLACK
6
CONTINUOUS
10
4.490821496062992
20
0.3433934645669292
11
4.4915748031496063
21
0.3435433070866142
0
LINE
8
BLACK
6
CONTINUOUS
10
4.4915748031496063
20
0.3435433070866142
11
4.649055118110236
21
0.3435433070866142
0
LINE
8
BLACK
6
CONTINUOUS
10
4.649055118110236
20
0.3435433070866142
11
4.6498084251968503
21
0.3433934645669292
0
LINE
8
BLACK
6
CONTINUOUS
10
1.4516214566929133
20
0.6582838582677165
11
1.461316062992126
21
0.6551338976377953
0
LINE
8
BLACK
6
CONTINUOUS
10
1.461316062992126
20
0.6551338976377953
11
1.4703985433070865
21
0.6505061417322835
0
LINE
8
BLACK
6
CONTINUOUS
10
1.4703985433070865
20
0.6505061417322835
11
1.4786452362204725
21
0.6445145669291339
0
LINE
8
BLACK
6
CONTINUOUS
10
1.4786452362204725
20
0.6445145669291339
11
1.4858531496062992
21
0.6373066535433071
0
LINE
8
BLACK
6
CONTINUOUS
10
1.4858531496062992
20
0.6373066535433071
11
1.4918447244094488
21
0.6290599606299212
0
LINE
8
BLACK
6
CONTINUOUS
10
1.4918447244094488
20
0.6290599606299212
11
1.4964724803149605
21
0.6199774803149606
0
LINE
8
BLACK
6
CONTINUOUS
10
1.4964724803149605
20
0.6199774803149606
11
1.499622440944882
21
0.610282874015748
0
LINE
8
BLACK
6
CONTINUOUS
10
1.499622440944882
20
0.610282874015748
11
1.5012170866141732
21
0.6002148818897638
0
LINE
8
BLACK
6
CONTINUOUS
10
1.5012170866141732
20
0.6002148818897638
11
1.5012170866141732
21
0.5900213385826771
0
LINE
8
BLACK
6
CONTINUOUS
10
1.5012170866141732
20
0.5900213385826771
11
1.499622440944882
21
0.5799533464566929
0
LINE
8
BLACK
6
CONTINUOUS
10
1.499622440944882
20
0.5799533464566929
11
1.4964724803149605
21
0.5702587401574803
0
LINE
8
BLACK
6
CONTINUOUS
10
1.4964724803149605
20
0.5702587401574803
11
1.4918447244094488
21
0.5611762598425196
0
LINE
8
BLACK
6
CONTINUOUS
10
1.4918447244094488
20
0.5611762598425196
11
1.4858531496062992
21
0.5529295669291339
0
LINE
8
BLACK
6
CONTINUOUS
10
1.4858531496062992
20
0.5529295669291339
11
1.4786452362204725
21
0.545721653543307
0
LINE
8
BLACK
6
CONTINUOUS
10
1.4786452362204725
20
0.545721653543307
11
1.4703985433070865
21
0.5397300787401574
0
LINE
8
BLACK
6
CONTINUOUS
10
1.4703985433070865
20
0.5397300787401574
11
1.461316062992126
21
0.5351023228346456
0
LINE
8
BLACK
6
CONTINUOUS
10
1.461316062992126
20
0.5351023228346456
11
1.4516214566929133
21
0.5319523622047244
0
LINE
8
BLACK
6
CONTINUOUS
10
1.4516214566929133
20
0.5319523622047244
11
1.441553464566929
21
0.5303577165354331
0
LINE
8
BLACK
6
CONTINUOUS
10
1.441553464566929
20
0.5303577165354331
11
1.4313599212598425
21
0.5303577165354331
0
LINE
8
BLACK
6
CONTINUOUS
10
1.4313599212598425
20
0.5303577165354331
11
1.4212919291338582
21
0.5319523622047244
0
LINE
8
BLACK
6
CONTINUOUS
10
1.4212919291338582
20
0.5319523622047244
11
1.4115973228346457
21
0.5351023228346456
0
LINE
8
BLACK
6
CONTINUOUS
10
1.4115973228346457
20
0.5351023228346456
11
1.4025148425196849
21
0.5397300787401574
0
LINE
8
BLACK
6
CONTINUOUS
10
1.4025148425196849
20
0.5397300787401574
11
1.3942681496062992
21
0.545721653543307
0
LINE
8
BLACK
6
CONTINUOUS
10
1.3942681496062992
20
0.545721653543307
11
1.3870602362204725
21
0.5529295669291339
0
LINE
8
BLACK
6
CONTINUOUS
10
1.3870602362204725
20
0.5529295669291339
11
1.3810686614173229
21
0.5611762598425196
0
LINE
8
BLACK
6
CONTINUOUS
10
1.3810686614173229
20
0.5611762598425196
11
1.376440905511811
21
0.5702587401574803
0
LINE
8
BLACK
6
CONTINUOUS
10
1.376440905511811
20
0.5702587401574803
11
1.3732909448818897
21
0.5799533464566929
0
LINE
8
BLACK
6
CONTINUOUS
10
1.3732909448818897
20
0.5799533464566929
11
1.3716962992125985
21
0.5900213385826771
0
LINE
8
BLACK
6
CONTINUOUS
10
1.3716962992125985
20
0.5900213385826771
11
1.3716962992125985
21
0.6002148818897638
0
LINE
8
BLACK
6
CONTINUOUS
10
1.3716962992125985
20
0.6002148818897638
11
1.3732909448818897
21
0.610282874015748
0
LINE
8
BLACK
6
CONTINUOUS
10
1.3732909448818897
20
0.610282874015748
11
1.376440905511811
21
0.6199774803149606
0
LINE
8
BLACK
6
CONTINUOUS
10
1.376440905511811
20
0.6199774803149606
11
1.3810686614173229
21
0.6290599606299212
0
LINE
8
BLACK
6
CONTINUOUS
10
1.3810686614173229
20
0.6290599606299212
11
1.3870602362204725
21
0.6373066535433071
0
LINE
8
BLACK
6
CONTINUOUS
10
1.3870602362204725
20
0.6373066535433071
11
1.3942681496062992
21
0.6445145669291339
0
LINE
8
BLACK
6
CONTINUOUS
10
1.3942681496062992
20
0.6445145669291339
11
1.4025148425196849
21
0.6505061417322835
0
LINE
8
BLACK
6
CONTINUOUS
10
1.4025148425196849
20
0.6505061417322835
11
1.4115973228346457
21
0.6551338976377953
0
LINE
8
BLACK
6
CONTINUOUS
10
1.4115973228346457
20
0.6551338976377953
11
1.4212919291338582
21
0.6582838582677165
0
LINE
8
BLACK
6
CONTINUOUS
10
1.4212919291338582
20
0.6582838582677165
11
1.4313599212598425
21
0.6598785039370079
0
LINE
8
BLACK
6
CONTINUOUS
10
1.4313599212598425
20
0.6598785039370079
11
1.441553464566929
21
0.6598785039370079
0
LINE
8
BLACK
6
CONTINUOUS
10
1.441553464566929
20
0.6598785039370079
11
1.4516214566929133
21
0.6582838582677165
0
LINE
8
BLACK
6
CONTINUOUS
10
2.2114639763779529
20
0.6582838582677165
11
2.2211585826771651
21
0.6551338976377953
0
LINE
8
BLACK
6
CONTINUOUS
10
2.2211585826771651
20
0.6551338976377953
11
2.2302410629921261
21
0.6505061417322835
0
LINE
8
BLACK
6
CONTINUOUS
10
2.2302410629921261
20
0.6505061417322835
11
2.2384877559055116
21
0.6445145669291339
0
LINE
8
BLACK
6
CONTINUOUS
10
2.2384877559055116
20
0.6445145669291339
11
2.2456956692913383
21
0.6373066535433071
0
LINE
8
BLACK
6
CONTINUOUS
10
2.2456956692913383
20
0.6373066535433071
11
2.2516872440944882
21
0.6290599606299212
0
LINE
8
BLACK
6
CONTINUOUS
10
2.2516872440944882
20
0.6290599606299212
11
2.2563149999999998
21
0.6199774803149606
0
LINE
8
BLACK
6
CONTINUOUS
10
2.2563149999999998
20
0.6199774803149606
11
2.2594649606299213
21
0.610282874015748
0
LINE
8
BLACK
6
CONTINUOUS
10
2.2594649606299213
20
0.610282874015748
11
2.2610596062992125
21
0.6002148818897638
0
LINE
8
BLACK
6
CONTINUOUS
10
2.2610596062992125
20
0.6002148818897638
11
2.2610596062992125
21
0.5900213385826771
0
LINE
8
BLACK
6
CONTINUOUS
10
2.2610596062992125
20
0.5900213385826771
11
2.2594649606299213
21
0.5799533464566929
0
LINE
8
BLACK
6
CONTINUOUS
10
2.2594649606299213
20
0.5799533464566929
11
2.2563149999999998
21
0.5702587401574803
0
LINE
8
BLACK
6
CONTINUOUS
10
2.2563149999999998
20
0.5702587401574803
11
2.2516872440944882
21
0.5611762598425196
0
LINE
8
BLACK
6
CONTINUOUS
10
2.2516872440944882
20
0.5611762598425196
11
2.2456956692913383
21
0.5529295669291339
0
LINE
8
BLACK
6
CONTINUOUS
10
2.2456956692913383
20
0.5529295669291339
11
2.2384877559055116
21
0.545721653543307
0
LINE
8
BLACK
6
CONTINUOUS
10
2.2384877559055116
20
0.545721653543307
11
2.2302410629921261
21
0.5397300787401574
0
LINE
8
BLACK
6
CONTINUOUS
10
2.2302410629921261
20
0.5397300787401574
11
2.2211585826771651
21
0.5351023228346456
0
LINE
8
BLACK
6
CONTINUOUS
10
2.2211585826771651
20
0.5351023228346456
11
2.2114639763779529
21
0.5319523622047244
0
LINE
8
BLACK
6
CONTINUOUS
10
2.2114639763779529
20
0.5319523622047244
11
2.2013959842519686
21
0.5303577165354331
0
LINE
8
BLACK
6
CONTINUOUS
10
2.2013959842519686
20
0.5303577165354331
11
2.191202440944882
21
0.5303577165354331
0
LINE
8
BLACK
6
CONTINUOUS
10
2.191202440944882
20
0.5303577165354331
11
2.1811344488188977
21
0.5319523622047244
0
LINE
8
BLACK
6
CONTINUOUS
10
2.1811344488188977
20
0.5319523622047244
11
2.171439842519685
21
0.5351023228346456
0
LINE
8
BLACK
6
CONTINUOUS
10
2.171439842519685
20
0.5351023228346456
11
2.1623573622047245
21
0.5397300787401574
0
LINE
8
BLACK
6
CONTINUOUS
10
2.1623573622047245
20
0.5397300787401574
11
2.1541106692913385
21
0.545721653543307
0
LINE
8
BLACK
6
CONTINUOUS
10
2.1541106692913385
20
0.545721653543307
11
2.1469027559055118
21
0.5529295669291339
0
LINE
8
BLACK
6
CONTINUOUS
10
2.1469027559055118
20
0.5529295669291339
11
2.140911181102362
21
0.5611762598425196
0
LINE
8
BLACK
6
CONTINUOUS
10
2.140911181102362
20
0.5611762598425196
11
2.1362834251968503
21
0.5702587401574803
0
LINE
8
BLACK
6
CONTINUOUS
10
2.1362834251968503
20
0.5702587401574803
11
2.1331334645669289
21
0.5799533464566929
0
LINE
8
BLACK
6
CONTINUOUS
10
2.1331334645669289
20
0.5799533464566929
11
2.1315388188976376
21
0.5900213385826771
0
LINE
8
BLACK
6
CONTINUOUS
10
2.1315388188976376
20
0.5900213385826771
11
2.1315388188976376
21
0.6002148818897638
0
LINE
8
BLACK
6
CONTINUOUS
10
2.1315388188976376
20
0.6002148818897638
11
2.1331334645669289
21
0.610282874015748
0
LINE
8
BLACK
6
CONTINUOUS
10
2.1331334645669289
20
0.610282874015748
11
2.1362834251968503
21
0.6199774803149606
0
LINE
8
BLACK
6
CONTINUOUS
10
2.1362834251968503
20
0.6199774803149606
11
2.140911181102362
21
0.6290599606299212
0
LINE
8
BLACK
6
CONTINUOUS
10
2.140911181102362
20
0.6290599606299212
11
2.1469027559055118
21
0.6373066535433071
0
LINE
8
BLACK
6
CONTINUOUS
10
2.1469027559055118
20
0.6373066535433071
11
2.1541106692913385
21
0.6445145669291339
0
LINE
8
BLACK
6
CONTINUOUS
10
2.1541106692913385
20
0.6445145669291339
11
2.1623573622047245
21
0.6505061417322835
0
LINE
8
BLACK
6
CONTINUOUS
10
2.1623573622047245
20
0.6505061417322835
11
2.171439842519685
21
0.6551338976377953
0
LINE
8
BLACK
6
CONTINUOUS
10
2.171439842519685
20
0.6551338976377953
11
2.1811344488188977
21
0.6582838582677165
0
LINE
8
BLACK
6
CONTINUOUS
10
2.1811344488188977
20
0.6582838582677165
11
2.191202440944882
21
0.6598785039370079
0
LINE
8
BLACK
6
CONTINUOUS
10
2.191202440944882
20
0.6598785039370079
11
2.2013959842519686
21
0.6598785039370079
0
LINE
8
BLACK
6
CONTINUOUS
10
2.2013959842519686
20
0.6598785039370079
11
2.2114639763779529
21
0.6582838582677165
0
LINE
8
BLACK
6
CONTINUOUS
10
3.06579468503937
20
0.6584807086614173
11
3.0754892913385827
21
0.655330748031496
0
LINE
8
BLACK
6
CONTINUOUS
10
3.0754892913385827
20
0.655330748031496
11
3.0845717716535432
21
0.6507029921259843
0
LINE
8
BLACK
6
CONTINUOUS
10
3.0845717716535432
20
0.6507029921259843
11
3.0928184645669292
21
0.6447114173228347
0
LINE
8
BLACK
6
CONTINUOUS
10
3.0928184645669292
20
0.6447114173228347
11
3.1000263779527559
21
0.6375035039370078
0
LINE
8
BLACK
6
CONTINUOUS
10
3.1000263779527559
20
0.6375035039370078
11
3.1060179527559053
21
0.6292568110236221
0
LINE
8
BLACK
6
CONTINUOUS
10
3.1060179527559053
20
0.6292568110236221
11
3.1106457086614174
21
0.6201743307086615
0
LINE
8
BLACK
6
CONTINUOUS
10
3.1106457086614174
20
0.6201743307086615
11
3.1137956692913384
21
0.6104797244094488
0
LINE
8
BLACK
6
CONTINUOUS
10
3.1137956692913384
20
0.6104797244094488
11
3.1153903149606297
21
0.6004117322834646
0
LINE
8
BLACK
6
CONTINUOUS
10
3.1153903149606297
20
0.6004117322834646
11
3.1153903149606297
21
0.5902181889763779
0
LINE
8
BLACK
6
CONTINUOUS
10
3.1153903149606297
20
0.5902181889763779
11
3.1137956692913384
21
0.5801501968503937
0
LINE
8
BLACK
6
CONTINUOUS
10
3.1137956692913384
20
0.5801501968503937
11
3.1106457086614174
21
0.5704555905511811
0
LINE
8
BLACK
6
CONTINUOUS
10
3.1106457086614174
20
0.5704555905511811
11
3.1060179527559053
21
0.5613731102362205
0
LINE
8
BLACK
6
CONTINUOUS
10
3.1060179527559053
20
0.5613731102362205
11
3.1000263779527559
21
0.5531264173228346
0
LINE
8
BLACK
6
CONTINUOUS
10
3.1000263779527559
20
0.5531264173228346
11
3.0928184645669292
21
0.5459185039370079
0
LINE
8
BLACK
6
CONTINUOUS
10
3.0928184645669292
20
0.5459185039370079
11
3.0845717716535432
21
0.5399269291338582
0
LINE
8
BLACK
6
CONTINUOUS
10
3.0845717716535432
20
0.5399269291338582
11
3.0754892913385827
21
0.5352991732283464
0
LINE
8
BLACK
6
CONTINUOUS
10
3.0754892913385827
20
0.5352991732283464
11
3.06579468503937
21
0.5321492125984252
0
LINE
8
BLACK
6
CONTINUOUS
10
3.06579468503937
20
0.5321492125984252
11
3.0557266929133857
21
0.5305545669291338
0
LINE
8
BLACK
6
CONTINUOUS
10
3.0557266929133857
20
0.5305545669291338
11
3.0455331496062992
21
0.5305545669291338
0
LINE
8
BLACK
6
CONTINUOUS
10
3.0455331496062992
20
0.5305545669291338
11
3.0354651574803149
21
0.5321492125984252
0
LINE
8
BLACK
6
CONTINUOUS
10
3.0354651574803149
20
0.5321492125984252
11
3.0257705511811022
21
0.5352991732283464
0
LINE
8
BLACK
6
CONTINUOUS
10
3.0257705511811022
20
0.5352991732283464
11
3.0166880708661417
21
0.5399269291338582
0
LINE
8
BLACK
6
CONTINUOUS
10
3.0166880708661417
20
0.5399269291338582
11
3.0084413779527557
21
0.5459185039370079
0
LINE
8
BLACK
6
CONTINUOUS
10
3.0084413779527557
20
0.5459185039370079
11
3.001233464566929
21
0.5531264173228346
0
LINE
8
BLACK
6
CONTINUOUS
10
3.001233464566929
20
0.5531264173228346
11
2.9952418897637796
21
0.5613731102362205
0
LINE
8
BLACK
6
CONTINUOUS
10
2.9952418897637796
20
0.5613731102362205
11
2.9906141338582675
21
0.5704555905511811
0
LINE
8
BLACK
6
CONTINUOUS
10
2.9906141338582675
20
0.5704555905511811
11
2.9874641732283465
21
0.5801501968503937
0
LINE
8
BLACK
6
CONTINUOUS
10
2.9874641732283465
20
0.5801501968503937
11
2.9858695275590552
21
0.5902181889763779
0
LINE
8
BLACK
6
CONTINUOUS
10
2.9858695275590552
20
0.5902181889763779
11
2.9858695275590552
21
0.6004117322834646
0
LINE
8
BLACK
6
CONTINUOUS
10
2.9858695275590552
20
0.6004117322834646
11
2.9874641732283465
21
0.6104797244094488
0
LINE
8
BLACK
6
CONTINUOUS
10
2.9874641732283465
20
0.6104797244094488
11
2.9906141338582675
21
0.6201743307086615
0
LINE
8
BLACK
6
CONTINUOUS
10
2.9906141338582675
20
0.6201743307086615
11
2.9952418897637796
21
0.6292568110236221
0
LINE
8
BLACK
6
CONTINUOUS
10
2.9952418897637796
20
0.6292568110236221
11
3.001233464566929
21
0.6375035039370078
0
LINE
8
BLACK
6
CONTINUOUS
10
3.001233464566929
20
0.6375035039370078
11
3.0084413779527557
21
0.6447114173228347
0
LINE
8
BLACK
6
CONTINUOUS
10
3.0084413779527557
20
0.6447114173228347
11
3.0166880708661417
21
0.6507029921259843
0
LINE
8
BLACK
6
CONTINUOUS
10
3.0166880708661417
20
0.6507029921259843
11
3.0257705511811022
21
0.655330748031496
0
LINE
8
BLACK
6
CONTINUOUS
10
3.0257705511811022
20
0.655330748031496
11
3.0354651574803149
21
0.6584807086614173
0
LINE
8
BLACK
6
CONTINUOUS
10
3.0354651574803149
20
0.6584807086614173
11
3.0455331496062992
21
0.6600753543307086
0
LINE
8
BLACK
6
CONTINUOUS
10
3.0455331496062992
20
0.6600753543307086
11
3.0557266929133857
21
0.6600753543307086
0
LINE
8
BLACK
6
CONTINUOUS
10
3.0557266929133857
20
0.6600753543307086
11
3.06579468503937
21
0.6584807086614173
0
LINE
8
BLACK
6
CONTINUOUS
10
3.8256372047244094
20
0.6584807086614173
11
3.8353318110236221
21
0.655330748031496
0
LINE
8
BLACK
6
CONTINUOUS
10
3.8353318110236221
20
0.655330748031496
11
3.8444142913385826
21
0.6507029921259843
0
LINE
8
BLACK
6
CONTINUOUS
10
3.8444142913385826
20
0.6507029921259843
11
3.8526609842519686
21
0.6447114173228347
0
LINE
8
BLACK
6
CONTINUOUS
10
3.8526609842519686
20
0.6447114173228347
11
3.8598688976377953
21
0.6375035039370078
0
LINE
8
BLACK
6
CONTINUOUS
10
3.8598688976377953
20
0.6375035039370078
11
3.8658604724409447
21
0.6292568110236221
0
LINE
8
BLACK
6
CONTINUOUS
10
3.8658604724409447
20
0.6292568110236221
11
3.8704882283464568
21
0.6201743307086615
0
LINE
8
BLACK
6
CONTINUOUS
10
3.8704882283464568
20
0.6201743307086615
11
3.8736381889763778
21
0.6104797244094488
0
LINE
8
BLACK
6
CONTINUOUS
10
3.8736381889763778
20
0.6104797244094488
11
3.875232834645669
21
0.6004117322834646
0
LINE
8
BLACK
6
CONTINUOUS
10
3.875232834645669
20
0.6004117322834646
11
3.875232834645669
21
0.5902181889763779
0
LINE
8
BLACK
6
CONTINUOUS
10
3.875232834645669
20
0.5902181889763779
11
3.8736381889763778
21
0.5801501968503937
0
LINE
8
BLACK
6
CONTINUOUS
10
3.8736381889763778
20
0.5801501968503937
11
3.8704882283464568
21
0.5704555905511811
0
LINE
8
BLACK
6
CONTINUOUS
10
3.8704882283464568
20
0.5704555905511811
11
3.8658604724409447
21
0.5613731102362205
0
LINE
8
BLACK
6
CONTINUOUS
10
3.8658604724409447
20
0.5613731102362205
11
3.8598688976377953
21
0.5531264173228346
0
LINE
8
BLACK
6
CONTINUOUS
10
3.8598688976377953
20
0.5531264173228346
11
3.8526609842519686
21
0.5459185039370079
0
LINE
8
BLACK
6
CONTINUOUS
10
3.8526609842519686
20
0.5459185039370079
11
3.8444142913385826
21
0.5399269291338582
0
LINE
8
BLACK
6
CONTINUOUS
10
3.8444142913385826
20
0.5399269291338582
11
3.8353318110236221
21
0.5352991732283464
0
LINE
8
BLACK
6
CONTINUOUS
10
3.8353318110236221
20
0.5352991732283464
11
3.8256372047244094
21
0.5321492125984252
0
LINE
8
BLACK
6
CONTINUOUS
10
3.8256372047244094
20
0.5321492125984252
11
3.8155692125984251
21
0.5305545669291338
0
LINE
8
BLACK
6
CONTINUOUS
10
3.8155692125984251
20
0.5305545669291338
11
3.8053756692913385
21
0.5305545669291338
0
LINE
8
BLACK
6
CONTINUOUS
10
3.8053756692913385
20
0.5305545669291338
11
3.7953076771653542
21
0.5321492125984252
0
LINE
8
BLACK
6
CONTINUOUS
10
3.7953076771653542
20
0.5321492125984252
11
3.7856130708661415
21
0.5352991732283464
0
LINE
8
BLACK
6
CONTINUOUS
10
3.7856130708661415
20
0.5352991732283464
11
3.776530590551181
21
0.5399269291338582
0
LINE
8
BLACK
6
CONTINUOUS
10
3.776530590551181
20
0.5399269291338582
11
3.768283897637795
21
0.5459185039370079
0
LINE
8
BLACK
6
CONTINUOUS
10
3.768283897637795
20
0.5459185039370079
11
3.7610759842519683
21
0.5531264173228346
0
LINE
8
BLACK
6
CONTINUOUS
10
3.7610759842519683
20
0.5531264173228346
11
3.7550844094488189
21
0.5613731102362205
0
LINE
8
BLACK
6
CONTINUOUS
10
3.7550844094488189
20
0.5613731102362205
11
3.7504566535433068
21
0.5704555905511811
0
LINE
8
BLACK
6
CONTINUOUS
10
3.7504566535433068
20
0.5704555905511811
11
3.7473066929133858
21
0.5801501968503937
0
LINE
8
BLACK
6
CONTINUOUS
10
3.7473066929133858
20
0.5801501968503937
11
3.7457120472440946
21
0.5902181889763779
0
LINE
8
BLACK
6
CONTINUOUS
10
3.7457120472440946
20
0.5902181889763779
11
3.7457120472440946
21
0.6004117322834646
0
LINE
8
BLACK
6
CONTINUOUS
10
3.7457120472440946
20
0.6004117322834646
11
3.7473066929133858
21
0.6104797244094488
0
LINE
8
BLACK
6
CONTINUOUS
10
3.7473066929133858
20
0.6104797244094488
11
3.7504566535433068
21
0.6201743307086615
0
LINE
8
BLACK
6
CONTINUOUS
10
3.7504566535433068
20
0.6201743307086615
11
3.7550844094488189
21
0.6292568110236221
0
LINE
8
BLACK
6
CONTINUOUS
10
3.7550844094488189
20
0.6292568110236221
11
3.7610759842519683
21
0.6375035039370078
0
LINE
8
BLACK
6
CONTINUOUS
10
3.7610759842519683
20
0.6375035039370078
11
3.768283897637795
21
0.6447114173228347
0
LINE
8
BLACK
6
CONTINUOUS
10
3.768283897637795
20
0.6447114173228347
11
3.776530590551181
21
0.6507029921259843
0
LINE
8
BLACK
6
CONTINUOUS
10
3.776530590551181
20
0.6507029921259843
11
3.7856130708661415
21
0.655330748031496
0
LINE
8
BLACK
6
CONTINUOUS
10
3.7856130708661415
20
0.655330748031496
11
3.7953076771653542
21
0.6584807086614173
0
LINE
8
BLACK
6
CONTINUOUS
10
3.7953076771653542
20
0.6584807086614173
11
3.8053756692913385
21
0.6600753543307086
0
LINE
8
BLACK
6
CONTINUOUS
10
3.8053756692913385
20
0.6600753543307086
11
3.8155692125984251
21
0.6600753543307086
0
LINE
8
BLACK
6
CONTINUOUS
10
3.8155692125984251
20
0.6600753543307086
11
3.8256372047244094
21
0.6584807086614173
0
LINE
8
BLACK
6
CONTINUOUS
10
4.5854797244094483
20
0.6584807086614173
11
4.5951743307086614
21
0.655330748031496
0
LINE
8
BLACK
6
CONTINUOUS
10
4.5951743307086614
20
0.655330748031496
11
4.6042568110236219
21
0.6507029921259843
0
LINE
8
BLACK
6
CONTINUOUS
10
4.6042568110236219
20
0.6507029921259843
11
4.6125035039370079
21
0.6447114173228347
0
LINE
8
BLACK
6
CONTINUOUS
10
4.6125035039370079
20
0.6447114173228347
11
4.6197114173228346
21
0.6375035039370078
0
LINE
8
BLACK
6
CONTINUOUS
10
4.6197114173228346
20
0.6375035039370078
11
4.6257029921259845
21
0.6292568110236221
0
LINE
8
BLACK
6
CONTINUOUS
10
4.6257029921259845
20
0.6292568110236221
11
4.6303307480314961
21
0.6201743307086615
0
LINE
8
BLACK
6
CONTINUOUS
10
4.6303307480314961
20
0.6201743307086615
11
4.6334807086614171
21
0.6104797244094488
0
LINE
8
BLACK
6
CONTINUOUS
10
4.6334807086614171
20
0.6104797244094488
11
4.6350753543307084
21
0.6004117322834646
0
LINE
8
BLACK
6
CONTINUOUS
10
4.6350753543307084
20
0.6004117322834646
11
4.6350753543307084
21
0.5902181889763779
0
LINE
8
BLACK
6
CONTINUOUS
10
4.6350753543307084
20
0.5902181889763779
11
4.6334807086614171
21
0.5801501968503937
0
LINE
8
BLACK
6
CONTINUOUS
10
4.6334807086614171
20
0.5801501968503937
11
4.6303307480314961
21
0.5704555905511811
0
LINE
8
BLACK
6
CONTINUOUS
10
4.6303307480314961
20
0.5704555905511811
11
4.6257029921259845
21
0.5613731102362205
0
LINE
8
BLACK
6
CONTINUOUS
10
4.6257029921259845
20
0.5613731102362205
11
4.6197114173228346
21
0.5531264173228346
0
LINE
8
BLACK
6
CONTINUOUS
10
4.6197114173228346
20
0.5531264173228346
11
4.6125035039370079
21
0.5459185039370079
0
LINE
8
BLACK
6
CONTINUOUS
10
4.6125035039370079
20
0.5459185039370079
11
4.6042568110236219
21
0.5399269291338582
0
LINE
8
BLACK
6
CONTINUOUS
10
4.6042568110236219
20
0.5399269291338582
11
4.5951743307086614
21
0.5352991732283464
0
LINE
8
BLACK
6
CONTINUOUS
10
4.5951743307086614
20
0.5352991732283464
11
4.5854797244094483
21
0.5321492125984252
0
LINE
8
BLACK
6
CONTINUOUS
10
4.5854797244094483
20
0.5321492125984252
11
4.5754117322834649
21
0.5305545669291338
0
LINE
8
BLACK
6
CONTINUOUS
10
4.5754117322834649
20
0.5305545669291338
11
4.5652181889763774
21
0.5305545669291338
0
LINE
8
BLACK
6
CONTINUOUS
10
4.5652181889763774
20
0.5305545669291338
11
4.555150196850394
21
0.5321492125984252
0
LINE
8
BLACK
6
CONTINUOUS
10
4.555150196850394
20
0.5321492125984252
11
4.5454555905511809
21
0.5352991732283464
0
LINE
8
BLACK
6
CONTINUOUS
10
4.5454555905511809
20
0.5352991732283464
11
4.5363731102362204
21
0.5399269291338582
0
LINE
8
BLACK
6
CONTINUOUS
10
4.5363731102362204
20
0.5399269291338582
11
4.5281264173228344
21
0.5459185039370079
0
LINE
8
BLACK
6
CONTINUOUS
10
4.5281264173228344
20
0.5459185039370079
11
4.5209185039370077
21
0.5531264173228346
0
LINE
8
BLACK
6
CONTINUOUS
10
4.5209185039370077
20
0.5531264173228346
11
4.5149269291338578
21
0.5613731102362205
0
LINE
8
BLACK
6
CONTINUOUS
10
4.5149269291338578
20
0.5613731102362205
11
4.5102991732283462
21
0.5704555905511811
0
LINE
8
BLACK
6
CONTINUOUS
10
4.5102991732283462
20
0.5704555905511811
11
4.5071492125984252
21
0.5801501968503937
0
LINE
8
BLACK
6
CONTINUOUS
10
4.5071492125984252
20
0.5801501968503937
11
4.5055545669291339
21
0.5902181889763779
0
LINE
8
BLACK
6
CONTINUOUS
10
4.5055545669291339
20
0.5902181889763779
11
4.5055545669291339
21
0.6004117322834646
0
LINE
8
BLACK
6
CONTINUOUS
10
4.5055545669291339
20
0.6004117322834646
11
4.5071492125984252
21
0.6104797244094488
0
LINE
8
BLACK
6
CONTINUOUS
10
4.5071492125984252
20
0.6104797244094488
11
4.5102991732283462
21
0.6201743307086615
0
LINE
8
BLACK
6
CONTINUOUS
10
4.5102991732283462
20
0.6201743307086615
11
4.5149269291338578
21
0.6292568110236221
0
LINE
8
BLACK
6
CONTINUOUS
10
4.5149269291338578
20
0.6292568110236221
11
4.5209185039370077
21
0.6375035039370078
0
LINE
8
BLACK
6
CONTINUOUS
10
4.5209185039370077
20
0.6375035039370078
11
4.5281264173228344
21
0.6447114173228347
0
LINE
8
BLACK
6
CONTINUOUS
10
4.5281264173228344
20
0.6447114173228347
11
4.5363731102362204
21
0.6507029921259843
0
LINE
8
BLACK
6
CONTINUOUS
10
4.5363731102362204
20
0.6507029921259843
11
4.5454555905511809
21
0.655330748031496
0
LINE
8
BLACK
6
CONTINUOUS
10
4.5454555905511809
20
0.655330748031496
11
4.555150196850394
21
0.6584807086614173
0
LINE
8
BLACK
6
CONTINUOUS
10
4.555150196850394
20
0.6584807086614173
11
4.5652181889763774
21
0.6600753543307086
0
LINE
8
BLACK
6
CONTINUOUS
10
4.5652181889763774
20
0.6600753543307086
11
4.5754117322834649
21
0.6600753543307086
0
LINE
8
BLACK
6
CONTINUOUS
10
4.5754117322834649
20
0.6600753543307086
11
4.5854797244094483
21
0.6584807086614173
0
LINE
8
BLACK
6
CONTINUOUS
10
5.3161293307086614
20
0.6906705118110236
11
5.3201000393700788
21
0.6889172834645669
0
LINE
8
BLACK
6
CONTINUOUS
10
5.3201000393700788
20
0.6889172834645669
11
5.3231692519685039
21
0.6858480708661417
0
LINE
8
BLACK
6
CONTINUOUS
10
5.3231692519685039
20
0.6858480708661417
11
5.3249224803149602
21
0.6818773622047244
0
LINE
8
BLACK
6
CONTINUOUS
10
5.3249224803149602
20
0.6818773622047244
11
5.3252362204724406
21
0.6791732283464567
0
LINE
8
BLACK
6
CONTINUOUS
10
5.3252362204724406
20
0.6791732283464567
11
5.3252362204724406
21
0.6634251968503937
0
LINE
8
BLACK
6
CONTINUOUS
10
5.3252362204724406
20
0.6634251968503937
11
5.3249224803149602
21
0.660721062992126
0
LINE
8
BLACK
6
CONTINUOUS
10
5.3249224803149602
20
0.660721062992126
11
5.3231692519685039
21
0.6567503543307086
0
LINE
8
BLACK
6
CONTINUOUS
10
5.3231692519685039
20
0.6567503543307086
11
5.3201000393700788
21
0.6536811417322834
0
LINE
8
BLACK
6
CONTINUOUS
10
5.3201000393700788
20
0.6536811417322834
11
5.3161293307086614
21
0.6519279133858268
0
LINE
8
BLACK
6
CONTINUOUS
10
5.3161293307086614
20
0.6519279133858268
11
5.3134251968503934
21
0.6516141732283465
0
LINE
8
BLACK
6
CONTINUOUS
10
5.3134251968503934
20
0.6516141732283465
11
5.2937401574803147
21
0.6516141732283465
0
LINE
8
BLACK
6
CONTINUOUS
10
5.2937401574803147
20
0.6516141732283465
11
5.2910360236220475
21
0.6519279133858268
0
LINE
8
BLACK
6
CONTINUOUS
10
5.2910360236220475
20
0.6519279133858268
11
5.2870653149606301
21
0.6536811417322834
0
LINE
8
BLACK
6
CONTINUOUS
10
5.2870653149606301
20
0.6536811417322834
11
5.2839961023622042
21
0.6567503543307086
0
LINE
8
BLACK
6
CONTINUOUS
10
5.2839961023622042
20
0.6567503543307086
11
5.2822428740157479
21
0.660721062992126
0
LINE
8
BLACK
6
CONTINUOUS
10
5.2822428740157479
20
0.660721062992126
11
5.2819291338582675
21
0.6634251968503937
0
LINE
8
BLACK
6
CONTINUOUS
10
5.2819291338582675
20
0.6634251968503937
11
5.2819291338582675
21
0.6791732283464567
0
LINE
8
BLACK
6
CONTINUOUS
10
5.2819291338582675
20
0.6791732283464567
11
5.2822428740157479
21
0.6818773622047244
0
LINE
8
BLACK
6
CONTINUOUS
10
5.2822428740157479
20
0.6818773622047244
11
5.2839961023622042
21
0.6858480708661417
0
LINE
8
BLACK
6
CONTINUOUS
10
5.2839961023622042
20
0.6858480708661417
11
5.2870653149606301
21
0.6889172834645669
0
LINE
8
BLACK
6
CONTINUOUS
10
5.2870653149606301
20
0.6889172834645669
11
5.2910360236220475
21
0.6906705118110236
0
LINE
8
BLACK
6
CONTINUOUS
10
5.2910360236220475
20
0.6906705118110236
11
5.2937401574803147
21
0.6909842519685039
0
LINE
8
BLACK
6
CONTINUOUS
10
5.2937401574803147
20
0.6909842519685039
11
5.3134251968503934
21
0.6909842519685039
0
LINE
8
BLACK
6
CONTINUOUS
10
5.3134251968503934
20
0.6909842519685039
11
5.3161293307086614
21
0.6906705118110236
0
LINE
8
BLACK
6
CONTINUOUS
10
0.7646135826771653
20
0.7972602362204724
11
0.774308188976378
21
0.7941102755905511
0
LINE
8
BLACK
6
CONTINUOUS
10
0.774308188976378
20
0.7941102755905511
11
0.7833906692913386
21
0.7894825196850394
0
LINE
8
BLACK
6
CONTINUOUS
10
0.7833906692913386
20
0.7894825196850394
11
0.7916373622047244
21
0.7834909448818898
0
LINE
8
BLACK
6
CONTINUOUS
10
0.7916373622047244
20
0.7834909448818898
11
0.7988452755905512
21
0.7762830314960629
0
LINE
8
BLACK
6
CONTINUOUS
10
0.7988452755905512
20
0.7762830314960629
11
0.8048368503937008
21
0.7680363385826772
0
LINE
8
BLACK
6
CONTINUOUS
10
0.8048368503937008
20
0.7680363385826772
11
0.8094646062992126
21
0.7589538582677166
0
LINE
8
BLACK
6
CONTINUOUS
10
0.8094646062992126
20
0.7589538582677166
11
0.8126145669291338
21
0.749259251968504
0
LINE
8
BLACK
6
CONTINUOUS
10
0.8126145669291338
20
0.749259251968504
11
0.8142092125984252
21
0.7391912598425197
0
LINE
8
BLACK
6
CONTINUOUS
10
0.8142092125984252
20
0.7391912598425197
11
0.8142092125984252
21
0.7289977165354331
0
LINE
8
BLACK
6
CONTINUOUS
10
0.8142092125984252
20
0.7289977165354331
11
0.8126145669291338
21
0.7189297244094488
0
LINE
8
BLACK
6
CONTINUOUS
10
0.8126145669291338
20
0.7189297244094488
11
0.8094646062992126
21
0.7092351181102362
0
LINE
8
BLACK
6
CONTINUOUS
10
0.8094646062992126
20
0.7092351181102362
11
0.8048368503937008
21
0.7001526377952756
0
LINE
8
BLACK
6
CONTINUOUS
10
0.8048368503937008
20
0.7001526377952756
11
0.7988452755905512
21
0.6919059448818897
0
LINE
8
BLACK
6
CONTINUOUS
10
0.7988452755905512
20
0.6919059448818897
11
0.7916373622047244
21
0.684698031496063
0
LINE
8
BLACK
6
CONTINUOUS
10
0.7916373622047244
20
0.684698031496063
11
0.7833906692913386
21
0.6787064566929134
0
LINE
8
BLACK
6
CONTINUOUS
10
0.7833906692913386
20
0.6787064566929134
11
0.774308188976378
21
0.6740787007874015
0
LINE
8
BLACK
6
CONTINUOUS
10
0.774308188976378
20
0.6740787007874015
11
0.7646135826771653
21
0.6709287401574803
0
LINE
8
BLACK
6
CONTINUOUS
10
0.7646135826771653
20
0.6709287401574803
11
0.7545455905511811
21
0.6693340944881889
0
LINE
8
BLACK
6
CONTINUOUS
10
0.7545455905511811
20
0.6693340944881889
11
0.7443520472440944
21
0.6693340944881889
0
LINE
8
BLACK
6
CONTINUOUS
10
0.7443520472440944
20
0.6693340944881889
11
0.7342840551181102
21
0.6709287401574803
0
LINE
8
BLACK
6
CONTINUOUS
10
0.7342840551181102
20
0.6709287401574803
11
0.7245894488188976
21
0.6740787007874015
0
LINE
8
BLACK
6
CONTINUOUS
10
0.7245894488188976
20
0.6740787007874015
11
0.715506968503937
21
0.6787064566929134
0
LINE
8
BLACK
6
CONTINUOUS
10
0.715506968503937
20
0.6787064566929134
11
0.7072602755905512
21
0.684698031496063
0
LINE
8
BLACK
6
CONTINUOUS
10
0.7072602755905512
20
0.684698031496063
11
0.7000523622047244
21
0.6919059448818897
0
LINE
8
BLACK
6
CONTINUOUS
10
0.7000523622047244
20
0.6919059448818897
11
0.6940607874015748
21
0.7001526377952756
0
LINE
8
BLACK
6
CONTINUOUS
10
0.6940607874015748
20
0.7001526377952756
11
0.6894330314960629
21
0.7092351181102362
0
LINE
8
BLACK
6
CONTINUOUS
10
0.6894330314960629
20
0.7092351181102362
11
0.6862830708661417
21
0.7189297244094488
0
LINE
8
BLACK
6
CONTINUOUS
10
0.6862830708661417
20
0.7189297244094488
11
0.6846884251968504
21
0.7289977165354331
0
LINE
8
BLACK
6
CONTINUOUS
10
0.6846884251968504
20
0.7289977165354331
11
0.6846884251968504
21
0.7391912598425197
0
LINE
8
BLACK
6
CONTINUOUS
10
0.6846884251968504
20
0.7391912598425197
11
0.6862830708661417
21
0.749259251968504
0
LINE
8
BLACK
6
CONTINUOUS
10
0.6862830708661417
20
0.749259251968504
11
0.6894330314960629
21
0.7589538582677166
0
LINE
8
BLACK
6
CONTINUOUS
10
0.6894330314960629
20
0.7589538582677166
11
0.6940607874015748
21
0.7680363385826772
0
LINE
8
BLACK
6
CONTINUOUS
10
0.6940607874015748
20
0.7680363385826772
11
0.7000523622047244
21
0.7762830314960629
0
LINE
8
BLACK
6
CONTINUOUS
10
0.7000523622047244
20
0.7762830314960629
11
0.7072602755905512
21
0.7834909448818898
0
LINE
8
BLACK
6
CONTINUOUS
10
0.7072602755905512
20
0.7834909448818898
11
0.715506968503937
21
0.7894825196850394
0
LINE
8
BLACK
6
CONTINUOUS
10
0.715506968503937
20
0.7894825196850394
11
0.7245894488188976
21
0.7941102755905511
0
LINE
8
BLACK
6
CONTINUOUS
10
0.7245894488188976
20
0.7941102755905511
11
0.7342840551181102
21
0.7972602362204724
0
LINE
8
BLACK
6
CONTINUOUS
10
0.7342840551181102
20
0.7972602362204724
11
0.7443520472440944
21
0.7988548818897637
0
LINE
8
BLACK
6
CONTINUOUS
10
0.7443520472440944
20
0.7988548818897637
11
0.7545455905511811
21
0.7988548818897637
0
LINE
8
BLACK
6
CONTINUOUS
10
0.7545455905511811
20
0.7988548818897637
11
0.7646135826771653
21
0.7972602362204724
0
LINE
8
BLACK
6
CONTINUOUS
10
5.3161293307086614
20
0.7536626377952755
11
5.3201000393700788
21
0.7519094094488189
0
LINE
8
BLACK
6
CONTINUOUS
10
5.3201000393700788
20
0.7519094094488189
11
5.3231692519685039
21
0.7488401968503937
0
LINE
8
BLACK
6
CONTINUOUS
10
5.3231692519685039
20
0.7488401968503937
11
5.3249224803149602
21
0.7448694881889764
0
LINE
8
BLACK
6
CONTINUOUS
10
5.3249224803149602
20
0.7448694881889764
11
5.3252362204724406
21
0.7421653543307086
0
LINE
8
BLACK
6
CONTINUOUS
10
5.3252362204724406
20
0.7421653543307086
11
5.3252362204724406
21
0.7264173228346457
0
LINE
8
BLACK
6
CONTINUOUS
10
5.3252362204724406
20
0.7264173228346457
11
5.3249224803149602
21
0.7237131889763779
0
LINE
8
BLACK
6
CONTINUOUS
10
5.3249224803149602
20
0.7237131889763779
11
5.3231692519685039
21
0.7197424803149606
0
LINE
8
BLACK
6
CONTINUOUS
10
5.3231692519685039
20
0.7197424803149606
11
5.3201000393700788
21
0.7166732677165354
0
LINE
8
BLACK
6
CONTINUOUS
10
5.3201000393700788
20
0.7166732677165354
11
5.3161293307086614
21
0.7149200393700788
0
LINE
8
BLACK
6
CONTINUOUS
10
5.3161293307086614
20
0.7149200393700788
11
5.3134251968503934
21
0.7146062992125984
0
LINE
8
BLACK
6
CONTINUOUS
10
5.3134251968503934
20
0.7146062992125984
11
5.2937401574803147
21
0.7146062992125984
0
LINE
8
BLACK
6
CONTINUOUS
10
5.2937401574803147
20
0.7146062992125984
11
5.2910360236220475
21
0.7149200393700788
0
LINE
8
BLACK
6
CONTINUOUS
10
5.2910360236220475
20
0.7149200393700788
11
5.2870653149606301
21
0.7166732677165354
0
LINE
8
BLACK
6
CONTINUOUS
10
5.2870653149606301
20
0.7166732677165354
11
5.2839961023622042
21
0.7197424803149606
0
LINE
8
BLACK
6
CONTINUOUS
10
5.2839961023622042
20
0.7197424803149606
11
5.2822428740157479
21
0.7237131889763779
0
LINE
8
BLACK
6
CONTINUOUS
10
5.2822428740157479
20
0.7237131889763779
11
5.2819291338582675
21
0.7264173228346457
0
LINE
8
BLACK
6
CONTINUOUS
10
5.2819291338582675
20
0.7264173228346457
11
5.2819291338582675
21
0.7421653543307086
0
LINE
8
BLACK
6
CONTINUOUS
10
5.2819291338582675
20
0.7421653543307086
11
5.2822428740157479
21
0.7448694881889764
0
LINE
8
BLACK
6
CONTINUOUS
10
5.2822428740157479
20
0.7448694881889764
11
5.2839961023622042
21
0.7488401968503937
0
LINE
8
BLACK
6
CONTINUOUS
10
5.2839961023622042
20
0.7488401968503937
11
5.2870653149606301
21
0.7519094094488189
0
LINE
8
BLACK
6
CONTINUOUS
10
5.2870653149606301
20
0.7519094094488189
11
5.2910360236220475
21
0.7536626377952755
0
LINE
8
BLACK
6
CONTINUOUS
10
5.2910360236220475
20
0.7536626377952755
11
5.2937401574803147
21
0.7539763779527558
0
LINE
8
BLACK
6
CONTINUOUS
10
5.2937401574803147
20
0.7539763779527558
11
5.3134251968503934
21
0.7539763779527558
0
LINE
8
BLACK
6
CONTINUOUS
10
5.3134251968503934
20
0.7539763779527558
11
5.3161293307086614
21
0.7536626377952755
0
LINE
8
BLACK
6
CONTINUOUS
10
5.3161293307086614
20
0.7999224803149606
11
5.3201000393700788
21
0.798169251968504
0
LINE
8
BLACK
6
CONTINUOUS
10
5.3201000393700788
20
0.798169251968504
11
5.3231692519685039
21
0.7951000393700787
0
LINE
8
BLACK
6
CONTINUOUS
10
5.3231692519685039
20
0.7951000393700787
11
5.3249224803149602
21
0.7911293307086614
0
LINE
8
BLACK
6
CONTINUOUS
10
5.3249224803149602
20
0.7911293307086614
11
5.3252362204724406
21
0.7884251968503937
0
LINE
8
BLACK
6
CONTINUOUS
10
5.3252362204724406
20
0.7884251968503937
11
5.3252362204724406
21
0.7726771653543307
0
LINE
8
BLACK
6
CONTINUOUS
10
5.3252362204724406
20
0.7726771653543307
11
5.3249224803149602
21
0.769973031496063
0
LINE
8
BLACK
6
CONTINUOUS
10
5.3249224803149602
20
0.769973031496063
11
5.3231692519685039
21
0.7660023228346456
0
LINE
8
BLACK
6
CONTINUOUS
10
5.3231692519685039
20
0.7660023228346456
11
5.3201000393700788
21
0.7629331102362205
0
LINE
8
BLACK
6
CONTINUOUS
10
5.3201000393700788
20
0.7629331102362205
11
5.3161293307086614
21
0.7611798818897637
0
LINE
8
BLACK
6
CONTINUOUS
10
5.3161293307086614
20
0.7611798818897637
11
5.3134251968503934
21
0.7608661417322834
0
LINE
8
BLACK
6
CONTINUOUS
10
5.3134251968503934
20
0.7608661417322834
11
5.2937401574803147
21
0.7608661417322834
0
LINE
8
BLACK
6
CONTINUOUS
10
5.2937401574803147
20
0.7608661417322834
11
5.2910360236220475
21
0.7611798818897637
0
LINE
8
BLACK
6
CONTINUOUS
10
5.2910360236220475
20
0.7611798818897637
11
5.2870653149606301
21
0.7629331102362205
0
LINE
8
BLACK
6
CONTINUOUS
10
5.2870653149606301
20
0.7629331102362205
11
5.2839961023622042
21
0.7660023228346456
0
LINE
8
BLACK
6
CONTINUOUS
10
5.2839961023622042
20
0.7660023228346456
11
5.2822428740157479
21
0.769973031496063
0
LINE
8
BLACK
6
CONTINUOUS
10
5.2822428740157479
20
0.769973031496063
11
5.2819291338582675
21
0.7726771653543307
0
LINE
8
BLACK
6
CONTINUOUS
10
5.2819291338582675
20
0.7726771653543307
11
5.2819291338582675
21
0.7884251968503937
0
LINE
8
BLACK
6
CONTINUOUS
10
5.2819291338582675
20
0.7884251968503937
11
5.2822428740157479
21
0.7911293307086614
0
LINE
8
BLACK
6
CONTINUOUS
10
5.2822428740157479
20
0.7911293307086614
11
5.2839961023622042
21
0.7951000393700787
0
LINE
8
BLACK
6
CONTINUOUS
10
5.2839961023622042
20
0.7951000393700787
11
5.2870653149606301
21
0.798169251968504
0
LINE
8
BLACK
6
CONTINUOUS
10
5.2870653149606301
20
0.798169251968504
11
5.2910360236220475
21
0.7999224803149606
0
LINE
8
BLACK
6
CONTINUOUS
10
5.2910360236220475
20
0.7999224803149606
11
5.2937401574803147
21
0.8002362204724409
0
LINE
8
BLACK
6
CONTINUOUS
10
5.2937401574803147
20
0.8002362204724409
11
5.3134251968503934
21
0.8002362204724409
0
LINE
8
BLACK
6
CONTINUOUS
10
5.3134251968503934
20
0.8002362204724409
11
5.3161293307086614
21
0.7999224803149606
0
LINE
8
BLACK
6
CONTINUOUS
10
5.3161293307086614
20
0.8629146062992126
11
5.3201000393700788
21
0.8611613779527559
0
LINE
8
BLACK
6
CONTINUOUS
10
5.3201000393700788
20
0.8611613779527559
11
5.3231692519685039
21
0.8580921653543306
0
LINE
8
BLACK
6
CONTINUOUS
10
5.3231692519685039
20
0.8580921653543306
11
5.3249224803149602
21
0.8541214566929134
0
LINE
8
BLACK
6
CONTINUOUS
10
5.3249224803149602
20
0.8541214566929134
11
5.3252362204724406
21
0.8514173228346457
0
LINE
8
BLACK
6
CONTINUOUS
10
5.3252362204724406
20
0.8514173228346457
11
5.3252362204724406
21
0.8356692913385827
0
LINE
8
BLACK
6
CONTINUOUS
10
5.3252362204724406
20
0.8356692913385827
11
5.3249224803149602
21
0.832965157480315
0
LINE
8
BLACK
6
CONTINUOUS
10
5.3249224803149602
20
0.832965157480315
11
5.3231692519685039
21
0.8289944488188976
0
LINE
8
BLACK
6
CONTINUOUS
10
5.3231692519685039
20
0.8289944488188976
11
5.3201000393700788
21
0.8259252362204724
0
LINE
8
BLACK
6
CONTINUOUS
10
5.3201000393700788
20
0.8259252362204724
11
5.3161293307086614
21
0.8241720078740157
0
LINE
8
BLACK
6
CONTINUOUS
10
5.3161293307086614
20
0.8241720078740157
11
5.3134251968503934
21
0.8238582677165354
0
LINE
8
BLACK
6
CONTINUOUS
10
5.3134251968503934
20
0.8238582677165354
11
5.2937401574803147
21
0.8238582677165354
0
LINE
8
BLACK
6
CONTINUOUS
10
5.2937401574803147
20
0.8238582677165354
11
5.2910360236220475
21
0.8241720078740157
0
LINE
8
BLACK
6
CONTINUOUS
10
5.2910360236220475
20
0.8241720078740157
11
5.2870653149606301
21
0.8259252362204724
0
LINE
8
BLACK
6
CONTINUOUS
10
5.2870653149606301
20
0.8259252362204724
11
5.2839961023622042
21
0.8289944488188976
0
LINE
8
BLACK
6
CONTINUOUS
10
5.2839961023622042
20
0.8289944488188976
11
5.2822428740157479
21
0.832965157480315
0
LINE
8
BLACK
6
CONTINUOUS
10
5.2822428740157479
20
0.832965157480315
11
5.2819291338582675
21
0.8356692913385827
0
LINE
8
BLACK
6
CONTINUOUS
10
5.2819291338582675
20
0.8356692913385827
11
5.2819291338582675
21
0.8514173228346457
0
LINE
8
BLACK
6
CONTINUOUS
10
5.2819291338582675
20
0.8514173228346457
11
5.2822428740157479
21
0.8541214566929134
0
LINE
8
BLACK
6
CONTINUOUS
10
5.2822428740157479
20
0.8541214566929134
11
5.2839961023622042
21
0.8580921653543306
0
LINE
8
BLACK
6
CONTINUOUS
10
5.2839961023622042
20
0.8580921653543306
11
5.2870653149606301
21
0.8611613779527559
0
LINE
8
BLACK
6
CONTINUOUS
10
5.2870653149606301
20
0.8611613779527559
11
5.2910360236220475
21
0.8629146062992126
0
LINE
8
BLACK
6
CONTINUOUS
10
5.2910360236220475
20
0.8629146062992126
11
5.2937401574803147
21
0.8632283464566929
0
LINE
8
BLACK
6
CONTINUOUS
10
5.2937401574803147
20
0.8632283464566929
11
5.3134251968503934
21
0.8632283464566929
0
LINE
8
BLACK
6
CONTINUOUS
10
5.3134251968503934
20
0.8632283464566929
11
5.3161293307086614
21
0.8629146062992126
0
LINE
8
BLACK
6
CONTINUOUS
10
5.3161293307086614
20
0.9091744488188976
11
5.3201000393700788
21
0.9074212204724409
0
LINE
8
BLACK
6
CONTINUOUS
10
5.3201000393700788
20
0.9074212204724409
11
5.3231692519685039
21
0.9043520078740157
0
LINE
8
BLACK
6
CONTINUOUS
10
5.3231692519685039
20
0.9043520078740157
11
5.3249224803149602
21
0.9003812992125984
0
LINE
8
BLACK
6
CONTINUOUS
10
5.3249224803149602
20
0.9003812992125984
11
5.3252362204724406
21
0.8976771653543307
0
LINE
8
BLACK
6
CONTINUOUS
10
5.3252362204724406
20
0.8976771653543307
11
5.3252362204724406
21
0.8819291338582677
0
LINE
8
BLACK
6
CONTINUOUS
10
5.3252362204724406
20
0.8819291338582677
11
5.3249224803149602
21
0.879225
0
LINE
8
BLACK
6
CONTINUOUS
10
5.3249224803149602
20
0.879225
11
5.3231692519685039
21
0.8752542913385827
0
LINE
8
BLACK
6
CONTINUOUS
10
5.3231692519685039
20
0.8752542913385827
11
5.3201000393700788
21
0.8721850787401575
0
LINE
8
BLACK
6
CONTINUOUS
10
5.3201000393700788
20
0.8721850787401575
11
5.3161293307086614
21
0.8704318503937007
0
LINE
8
BLACK
6
CONTINUOUS
10
5.3161293307086614
20
0.8704318503937007
11
5.3134251968503934
21
0.8701181102362204
0
LINE
8
BLACK
6
CONTINUOUS
10
5.3134251968503934
20
0.8701181102362204
11
5.2937401574803147
21
0.8701181102362204
0
LINE
8
BLACK
6
CONTINUOUS
10
5.2937401574803147
20
0.8701181102362204
11
5.2910360236220475
21
0.8704318503937007
0
LINE
8
BLACK
6
CONTINUOUS
10
5.2910360236220475
20
0.8704318503937007
11
5.2870653149606301
21
0.8721850787401575
0
LINE
8
BLACK
6
CONTINUOUS
10
5.2870653149606301
20
0.8721850787401575
11
5.2839961023622042
21
0.8752542913385827
0
LINE
8
BLACK
6
CONTINUOUS
10
5.2839961023622042
20
0.8752542913385827
11
5.2822428740157479
21
0.879225
0
LINE
8
BLACK
6
CONTINUOUS
10
5.2822428740157479
20
0.879225
11
5.2819291338582675
21
0.8819291338582677
0
LINE
8
BLACK
6
CONTINUOUS
10
5.2819291338582675
20
0.8819291338582677
11
5.2819291338582675
21
0.8976771653543307
0
LINE
8
BLACK
6
CONTINUOUS
10
5.2819291338582675
20
0.8976771653543307
11
5.2822428740157479
21
0.9003812992125984
0
LINE
8
BLACK
6
CONTINUOUS
10
5.2822428740157479
20
0.9003812992125984
11
5.2839961023622042
21
0.9043520078740157
0
LINE
8
BLACK
6
CONTINUOUS
10
5.2839961023622042
20
0.9043520078740157
11
5.2870653149606301
21
0.9074212204724409
0
LINE
8
BLACK
6
CONTINUOUS
10
5.2870653149606301
20
0.9074212204724409
11
5.2910360236220475
21
0.9091744488188976
0
LINE
8
BLACK
6
CONTINUOUS
10
5.2910360236220475
20
0.9091744488188976
11
5.2937401574803147
21
0.909488188976378
0
LINE
8
BLACK
6
CONTINUOUS
10
5.2937401574803147
20
0.909488188976378
11
5.3134251968503934
21
0.909488188976378
0
LINE
8
BLACK
6
CONTINUOUS
10
5.3134251968503934
20
0.909488188976378
11
5.3161293307086614
21
0.9091744488188976
0
LINE
8
BLACK
6
CONTINUOUS
10
0.562426968503937
20
0.9830302755905511
11
0.568559094488189
21
0.9804902362204724
0
LINE
8
BLACK
6
CONTINUOUS
10
0.568559094488189
20
0.9804902362204724
11
0.5740778740157481
21
0.976802716535433
0
LINE
8
BLACK
6
CONTINUOUS
10
0.5740778740157481
20
0.976802716535433
11
0.5787712204724409
21
0.9721093700787401
0
LINE
8
BLACK
6
CONTINUOUS
10
0.5787712204724409
20
0.9721093700787401
11
0.5824587401574803
21
0.9665905905511811
0
LINE
8
BLACK
6
CONTINUOUS
10
0.5824587401574803
20
0.9665905905511811
11
0.5849987795275591
21
0.9604584645669291
0
LINE
8
BLACK
6
CONTINUOUS
10
0.5849987795275591
20
0.9604584645669291
11
0.5862936614173229
21
0.9539486220472441
0
LINE
8
BLACK
6
CONTINUOUS
10
0.5862936614173229
20
0.9539486220472441
11
0.5862936614173229
21
0.9473112204724409
0
LINE
8
BLACK
6
CONTINUOUS
10
0.5862936614173229
20
0.9473112204724409
11
0.5849987795275591
21
0.9408013779527559
0
LINE
8
BLACK
6
CONTINUOUS
10
0.5849987795275591
20
0.9408013779527559
11
0.5824587401574803
21
0.9346692519685039
0
LINE
8
BLACK
6
CONTINUOUS
10
0.5824587401574803
20
0.9346692519685039
11
0.5787712204724409
21
0.9291504724409448
0
LINE
8
BLACK
6
CONTINUOUS
10
0.5787712204724409
20
0.9291504724409448
11
0.5740778740157481
21
0.9244571259842519
0
LINE
8
BLACK
6
CONTINUOUS
10
0.5740778740157481
20
0.9244571259842519
11
0.568559094488189
21
0.9207696062992126
0
LINE
8
BLACK
6
CONTINUOUS
10
0.568559094488189
20
0.9207696062992126
11
0.562426968503937
21
0.9182295669291338
0
LINE
8
BLACK
6
CONTINUOUS
10
0.562426968503937
20
0.9182295669291338
11
0.5559171259842519
21
0.91693468503937
0
LINE
8
BLACK
6
CONTINUOUS
10
0.5559171259842519
20
0.91693468503937
11
0.5492797244094488
21
0.91693468503937
0
LINE
8
BLACK
6
CONTINUOUS
10
0.5492797244094488
20
0.91693468503937
11
0.5427698818897637
21
0.9182295669291338
0
LINE
8
BLACK
6
CONTINUOUS
10
0.5427698818897637
20
0.9182295669291338
11
0.5366377559055118
21
0.9207696062992126
0
LINE
8
BLACK
6
CONTINUOUS
10
0.5366377559055118
20
0.9207696062992126
11
0.5311189763779527
21
0.9244571259842519
0
LINE
8
BLACK
6
CONTINUOUS
10
0.5311189763779527
20
0.9244571259842519
11
0.5264256299212599
21
0.9291504724409448
0
LINE
8
BLACK
6
CONTINUOUS
10
0.5264256299212599
20
0.9291504724409448
11
0.5227381102362204
21
0.9346692519685039
0
LINE
8
BLACK
6
CONTINUOUS
10
0.5227381102362204
20
0.9346692519685039
11
0.5201980708661417
21
0.9408013779527559
0
LINE
8
BLACK
6
CONTINUOUS
10
0.5201980708661417
20
0.9408013779527559
11
0.518903188976378
21
0.9473112204724409
0
LINE
8
BLACK
6
CONTINUOUS
10
0.518903188976378
20
0.9473112204724409
11
0.518903188976378
21
0.9539486220472441
0
LINE
8
BLACK
6
CONTINUOUS
10
0.518903188976378
20
0.9539486220472441
11
0.5201980708661417
21
0.9604584645669291
0
LINE
8
BLACK
6
CONTINUOUS
10
0.5201980708661417
20
0.9604584645669291
11
0.5227381102362204
21
0.9665905905511811
0
LINE
8
BLACK
6
CONTINUOUS
10
0.5227381102362204
20
0.9665905905511811
11
0.5264256299212599
21
0.9721093700787401
0
LINE
8
BLACK
6
CONTINUOUS
10
0.5264256299212599
20
0.9721093700787401
11
0.5311189763779527
21
0.976802716535433
0
LINE
8
BLACK
6
CONTINUOUS
10
0.5311189763779527
20
0.976802716535433
11
0.5366377559055118
21
0.9804902362204724
0
LINE
8
BLACK
6
CONTINUOUS
10
0.5366377559055118
20
0.9804902362204724
11
0.5427698818897637
21
0.9830302755905511
0
LINE
8
BLACK
6
CONTINUOUS
10
0.5427698818897637
20
0.9830302755905511
11
0.5492797244094488
21
0.9843251574803149
0
LINE
8
BLACK
6
CONTINUOUS
10
0.5492797244094488
20
0.9843251574803149
11
0.5559171259842519
21
0.9843251574803149
0
LINE
8
BLACK
6
CONTINUOUS
10
0.5559171259842519
20
0.9843251574803149
11
0.562426968503937
21
0.9830302755905511
0
LINE
8
BLACK
6
CONTINUOUS
10
0.6608521653543307
20
0.9830302755905511
11
0.6669842913385826
21
0.9804902362204724
0
LINE
8
BLACK
6
CONTINUOUS
10
0.6669842913385826
20
0.9804902362204724
11
0.6725030708661417
21
0.976802716535433
0
LINE
8
BLACK
6
CONTINUOUS
10
0.6725030708661417
20
0.976802716535433
11
0.6771964173228346
21
0.9721093700787401
0
LINE
8
BLACK
6
CONTINUOUS
10
0.6771964173228346
20
0.9721093700787401
11
0.680883937007874
21
0.9665905905511811
0
LINE
8
BLACK
6
CONTINUOUS
10
0.680883937007874
20
0.9665905905511811
11
0.6834239763779527
21
0.9604584645669291
0
LINE
8
BLACK
6
CONTINUOUS
10
0.6834239763779527
20
0.9604584645669291
11
0.6847188582677165
21
0.9539486220472441
0
LINE
8
BLACK
6
CONTINUOUS
10
0.6847188582677165
20
0.9539486220472441
11
0.6847188582677165
21
0.9473112204724409
0
LINE
8
BLACK
6
CONTINUOUS
10
0.6847188582677165
20
0.9473112204724409
11
0.6834239763779527
21
0.9408013779527559
0
LINE
8
BLACK
6
CONTINUOUS
10
0.6834239763779527
20
0.9408013779527559
11
0.680883937007874
21
0.9346692519685039
0
LINE
8
BLACK
6
CONTINUOUS
10
0.680883937007874
20
0.9346692519685039
11
0.6771964173228346
21
0.9291504724409448
0
LINE
8
BLACK
6
CONTINUOUS
10
0.6771964173228346
20
0.9291504724409448
11
0.6725030708661417
21
0.9244571259842519
0
LINE
8
BLACK
6
CONTINUOUS
10
0.6725030708661417
20
0.9244571259842519
11
0.6669842913385826
21
0.9207696062992126
0
LINE
8
BLACK
6
CONTINUOUS
10
0.6669842913385826
20
0.9207696062992126
11
0.6608521653543307
21
0.9182295669291338
0
LINE
8
BLACK
6
CONTINUOUS
10
0.6608521653543307
20
0.9182295669291338
11
0.6543423228346457
21
0.91693468503937
0
LINE
8
BLACK
6
CONTINUOUS
10
0.6543423228346457
20
0.91693468503937
11
0.6477049212598425
21
0.91693468503937
0
LINE
8
BLACK
6
CONTINUOUS
10
0.6477049212598425
20
0.91693468503937
11
0.6411950787401575
21
0.9182295669291338
0
LINE
8
BLACK
6
CONTINUOUS
10
0.6411950787401575
20
0.9182295669291338
11
0.6350629527559055
21
0.9207696062992126
0
LINE
8
BLACK
6
CONTINUOUS
10
0.6350629527559055
20
0.9207696062992126
11
0.6295441732283464
21
0.9244571259842519
0
LINE
8
BLACK
6
CONTINUOUS
10
0.6295441732283464
20
0.9244571259842519
11
0.6248508267716535
21
0.9291504724409448
0
LINE
8
BLACK
6
CONTINUOUS
10
0.6248508267716535
20
0.9291504724409448
11
0.6211633070866142
21
0.9346692519685039
0
LINE
8
BLACK
6
CONTINUOUS
10
0.6211633070866142
20
0.9346692519685039
11
0.6186232677165354
21
0.9408013779527559
0
LINE
8
BLACK
6
CONTINUOUS
10
0.6186232677165354
20
0.9408013779527559
11
0.6173283858267716
21
0.9473112204724409
0
LINE
8
BLACK
6
CONTINUOUS
10
0.6173283858267716
20
0.9473112204724409
11
0.6173283858267716
21
0.9539486220472441
0
LINE
8
BLACK
6
CONTINUOUS
10
0.6173283858267716
20
0.9539486220472441
11
0.6186232677165354
21
0.9604584645669291
0
LINE
8
BLACK
6
CONTINUOUS
10
0.6186232677165354
20
0.9604584645669291
11
0.6211633070866142
21
0.9665905905511811
0
LINE
8
BLACK
6
CONTINUOUS
10
0.6211633070866142
20
0.9665905905511811
11
0.6248508267716535
21
0.9721093700787401
0
LINE
8
BLACK
6
CONTINUOUS
10
0.6248508267716535
20
0.9721093700787401
11
0.6295441732283464
21
0.976802716535433
0
LINE
8
BLACK
6
CONTINUOUS
10
0.6295441732283464
20
0.976802716535433
11
0.6350629527559055
21
0.9804902362204724
0
LINE
8
BLACK
6
CONTINUOUS
10
0.6350629527559055
20
0.9804902362204724
11
0.6411950787401575
21
0.9830302755905511
0
LINE
8
BLACK
6
CONTINUOUS
10
0.6411950787401575
20
0.9830302755905511
11
0.6477049212598425
21
0.9843251574803149
0
LINE
8
BLACK
6
CONTINUOUS
10
0.6477049212598425
20
0.9843251574803149
11
0.6543423228346457
21
0.9843251574803149
0
LINE
8
BLACK
6
CONTINUOUS
10
0.6543423228346457
20
0.9843251574803149
11
0.6608521653543307
21
0.9830302755905511
0
LINE
8
BLACK
6
CONTINUOUS
10
0.7592773622047244
20
0.9830302755905511
11
0.7654094881889764
21
0.9804902362204724
0
LINE
8
BLACK
6
CONTINUOUS
10
0.7654094881889764
20
0.9804902362204724
11
0.7709282677165354
21
0.976802716535433
0
LINE
8
BLACK
6
CONTINUOUS
10
0.7709282677165354
20
0.976802716535433
11
0.7756216141732283
21
0.9721093700787401
0
LINE
8
BLACK
6
CONTINUOUS
10
0.7756216141732283
20
0.9721093700787401
11
0.7793091338582677
21
0.9665905905511811
0
LINE
8
BLACK
6
CONTINUOUS
10
0.7793091338582677
20
0.9665905905511811
11
0.7818491732283465
21
0.9604584645669291
0
LINE
8
BLACK
6
CONTINUOUS
10
0.7818491732283465
20
0.9604584645669291
11
0.7831440551181102
21
0.9539486220472441
0
LINE
8
BLACK
6
CONTINUOUS
10
0.7831440551181102
20
0.9539486220472441
11
0.7831440551181102
21
0.9473112204724409
0
LINE
8
BLACK
6
CONTINUOUS
10
0.7831440551181102
20
0.9473112204724409
11
0.7818491732283465
21
0.9408013779527559
0
LINE
8
BLACK
6
CONTINUOUS
10
0.7818491732283465
20
0.9408013779527559
11
0.7793091338582677
21
0.9346692519685039
0
LINE
8
BLACK
6
CONTINUOUS
10
0.7793091338582677
20
0.9346692519685039
11
0.7756216141732283
21
0.9291504724409448
0
LINE
8
BLACK
6
CONTINUOUS
10
0.7756216141732283
20
0.9291504724409448
11
0.7709282677165354
21
0.9244571259842519
0
LINE
8
BLACK
6
CONTINUOUS
10
0.7709282677165354
20
0.9244571259842519
11
0.7654094881889764
21
0.9207696062992126
0
LINE
8
BLACK
6
CONTINUOUS
10
0.7654094881889764
20
0.9207696062992126
11
0.7592773622047244
21
0.9182295669291338
0
LINE
8
BLACK
6
CONTINUOUS
10
0.7592773622047244
20
0.9182295669291338
11
0.7527675196850393
21
0.91693468503937
0
LINE
8
BLACK
6
CONTINUOUS
10
0.7527675196850393
20
0.91693468503937
11
0.7461301181102362
21
0.91693468503937
0
LINE
8
BLACK
6
CONTINUOUS
10
0.7461301181102362
20
0.91693468503937
11
0.7396202755905512
21
0.9182295669291338
0
LINE
8
BLACK
6
CONTINUOUS
10
0.7396202755905512
20
0.9182295669291338
11
0.7334881496062992
21
0.9207696062992126
0
LINE
8
BLACK
6
CONTINUOUS
10
0.7334881496062992
20
0.9207696062992126
11
0.7279693700787402
21
0.9244571259842519
0
LINE
8
BLACK
6
CONTINUOUS
10
0.7279693700787402
20
0.9244571259842519
11
0.7232760236220472
21
0.9291504724409448
0
LINE
8
BLACK
6
CONTINUOUS
10
0.7232760236220472
20
0.9291504724409448
11
0.7195885039370079
21
0.9346692519685039
0
LINE
8
BLACK
6
CONTINUOUS
10
0.7195885039370079
20
0.9346692519685039
11
0.7170484645669292
21
0.9408013779527559
0
LINE
8
BLACK
6
CONTINUOUS
10
0.7170484645669292
20
0.9408013779527559
11
0.7157535826771654
21
0.9473112204724409
0
LINE
8
BLACK
6
CONTINUOUS
10
0.7157535826771654
20
0.9473112204724409
11
0.7157535826771654
21
0.9539486220472441
0
LINE
8
BLACK
6
CONTINUOUS
10
0.7157535826771654
20
0.9539486220472441
11
0.7170484645669292
21
0.9604584645669291
0
LINE
8
BLACK
6
CONTINUOUS
10
0.7170484645669292
20
0.9604584645669291
11
0.7195885039370079
21
0.9665905905511811
0
LINE
8
BLACK
6
CONTINUOUS
10
0.7195885039370079
20
0.9665905905511811
11
0.7232760236220472
21
0.9721093700787401
0
LINE
8
BLACK
6
CONTINUOUS
10
0.7232760236220472
20
0.9721093700787401
11
0.7279693700787402
21
0.976802716535433
0
LINE
8
BLACK
6
CONTINUOUS
10
0.7279693700787402
20
0.976802716535433
11
0.7334881496062992
21
0.9804902362204724
0
LINE
8
BLACK
6
CONTINUOUS
10
0.7334881496062992
20
0.9804902362204724
11
0.7396202755905512
21
0.9830302755905511
0
LINE
8
BLACK
6
CONTINUOUS
10
0.7396202755905512
20
0.9830302755905511
11
0.7461301181102362
21
0.9843251574803149
0
LINE
8
BLACK
6
CONTINUOUS
10
0.7461301181102362
20
0.9843251574803149
11
0.7527675196850393
21
0.9843251574803149
0
LINE
8
BLACK
6
CONTINUOUS
10
0.7527675196850393
20
0.9843251574803149
11
0.7592773622047244
21
0.9830302755905511
0
LINE
8
BLACK
6
CONTINUOUS
10
0.8577025590551181
20
0.9830302755905511
11
0.8638346850393701
21
0.9804902362204724
0
LINE
8
BLACK
6
CONTINUOUS
10
0.8638346850393701
20
0.9804902362204724
11
0.8693534645669291
21
0.976802716535433
0
LINE
8
BLACK
6
CONTINUOUS
10
0.8693534645669291
20
0.976802716535433
11
0.874046811023622
21
0.9721093700787401
0
LINE
8
BLACK
6
CONTINUOUS
10
0.874046811023622
20
0.9721093700787401
11
0.8777343307086614
21
0.9665905905511811
0
LINE
8
BLACK
6
CONTINUOUS
10
0.8777343307086614
20
0.9665905905511811
11
0.8802743700787401
21
0.9604584645669291
0
LINE
8
BLACK
6
CONTINUOUS
10
0.8802743700787401
20
0.9604584645669291
11
0.8815692519685039
21
0.9539486220472441
0
LINE
8
BLACK
6
CONTINUOUS
10
0.8815692519685039
20
0.9539486220472441
11
0.8815692519685039
21
0.9473112204724409
0
LINE
8
BLACK
6
CONTINUOUS
10
0.8815692519685039
20
0.9473112204724409
11
0.8802743700787401
21
0.9408013779527559
0
LINE
8
BLACK
6
CONTINUOUS
10
0.8802743700787401
20
0.9408013779527559
11
0.8777343307086614
21
0.9346692519685039
0
LINE
8
BLACK
6
CONTINUOUS
10
0.8777343307086614
20
0.9346692519685039
11
0.874046811023622
21
0.9291504724409448
0
LINE
8
BLACK
6
CONTINUOUS
10
0.874046811023622
20
0.9291504724409448
11
0.8693534645669291
21
0.9244571259842519
0
LINE
8
BLACK
6
CONTINUOUS
10
0.8693534645669291
20
0.9244571259842519
11
0.8638346850393701
21
0.9207696062992126
0
LINE
8
BLACK
6
CONTINUOUS
10
0.8638346850393701
20
0.9207696062992126
11
0.8577025590551181
21
0.9182295669291338
0
LINE
8
BLACK
6
CONTINUOUS
10
0.8577025590551181
20
0.9182295669291338
11
0.851192716535433
21
0.91693468503937
0
LINE
8
BLACK
6
CONTINUOUS
10
0.851192716535433
20
0.91693468503937
11
0.8445553149606299
21
0.91693468503937
0
LINE
8
BLACK
6
CONTINUOUS
10
0.8445553149606299
20
0.91693468503937
11
0.8380454724409448
21
0.9182295669291338
0
LINE
8
BLACK
6
CONTINUOUS
10
0.8380454724409448
20
0.9182295669291338
11
0.8319133464566929
21
0.9207696062992126
0
LINE
8
BLACK
6
CONTINUOUS
10
0.8319133464566929
20
0.9207696062992126
11
0.8263945669291338
21
0.9244571259842519
0
LINE
8
BLACK
6
CONTINUOUS
10
0.8263945669291338
20
0.9244571259842519
11
0.8217012204724409
21
0.9291504724409448
0
LINE
8
BLACK
6
CONTINUOUS
10
0.8217012204724409
20
0.9291504724409448
11
0.8180137007874015
21
0.9346692519685039
0
LINE
8
BLACK
6
CONTINUOUS
10
0.8180137007874015
20
0.9346692519685039
11
0.8154736614173228
21
0.9408013779527559
0
LINE
8
BLACK
6
CONTINUOUS
10
0.8154736614173228
20
0.9408013779527559
11
0.814178779527559
21
0.9473112204724409
0
LINE
8
BLACK
6
CONTINUOUS
10
0.814178779527559
20
0.9473112204724409
11
0.814178779527559
21
0.9539486220472441
0
LINE
8
BLACK
6
CONTINUOUS
10
0.814178779527559
20
0.9539486220472441
11
0.8154736614173228
21
0.9604584645669291
0
LINE
8
BLACK
6
CONTINUOUS
10
0.8154736614173228
20
0.9604584645669291
11
0.8180137007874015
21
0.9665905905511811
0
LINE
8
BLACK
6
CONTINUOUS
10
0.8180137007874015
20
0.9665905905511811
11
0.8217012204724409
21
0.9721093700787401
0
LINE
8
BLACK
6
CONTINUOUS
10
0.8217012204724409
20
0.9721093700787401
11
0.8263945669291338
21
0.976802716535433
0
LINE
8
BLACK
6
CONTINUOUS
10
0.8263945669291338
20
0.976802716535433
11
0.8319133464566929
21
0.9804902362204724
0
LINE
8
BLACK
6
CONTINUOUS
10
0.8319133464566929
20
0.9804902362204724
11
0.8380454724409448
21
0.9830302755905511
0
LINE
8
BLACK
6
CONTINUOUS
10
0.8380454724409448
20
0.9830302755905511
11
0.8445553149606299
21
0.9843251574803149
0
LINE
8
BLACK
6
CONTINUOUS
10
0.8445553149606299
20
0.9843251574803149
11
0.851192716535433
21
0.9843251574803149
0
LINE
8
BLACK
6
CONTINUOUS
10
0.851192716535433
20
0.9843251574803149
11
0.8577025590551181
21
0.9830302755905511
0
LINE
8
BLACK
6
CONTINUOUS
10
0.9561277559055118
20
0.9830302755905511
11
0.9622598818897637
21
0.9804902362204724
0
LINE
8
BLACK
6
CONTINUOUS
10
0.9622598818897637
20
0.9804902362204724
11
0.9677786614173228
21
0.976802716535433
0
LINE
8
BLACK
6
CONTINUOUS
10
0.9677786614173228
20
0.976802716535433
11
0.9724720078740158
21
0.9721093700787401
0
LINE
8
BLACK
6
CONTINUOUS
10
0.9724720078740158
20
0.9721093700787401
11
0.9761595275590551
21
0.9665905905511811
0
LINE
8
BLACK
6
CONTINUOUS
10
0.9761595275590551
20
0.9665905905511811
11
0.9786995669291338
21
0.9604584645669291
0
LINE
8
BLACK
6
CONTINUOUS
10
0.9786995669291338
20
0.9604584645669291
11
0.9799944488188976
21
0.9539486220472441
0
LINE
8
BLACK
6
CONTINUOUS
10
0.9799944488188976
20
0.9539486220472441
11
0.9799944488188976
21
0.9473112204724409
0
LINE
8
BLACK
6
CONTINUOUS
10
0.9799944488188976
20
0.9473112204724409
11
0.9786995669291338
21
0.9408013779527559
0
LINE
8
BLACK
6
CONTINUOUS
10
0.9786995669291338
20
0.9408013779527559
11
0.9761595275590551
21
0.9346692519685039
0
LINE
8
BLACK
6
CONTINUOUS
10
0.9761595275590551
20
0.9346692519685039
11
0.9724720078740158
21
0.9291504724409448
0
LINE
8
BLACK
6
CONTINUOUS
10
0.9724720078740158
20
0.9291504724409448
11
0.9677786614173228
21
0.9244571259842519
0
LINE
8
BLACK
6
CONTINUOUS
10
0.9677786614173228
20
0.9244571259842519
11
0.9622598818897637
21
0.9207696062992126
0
LINE
8
BLACK
6
CONTINUOUS
10
0.9622598818897637
20
0.9207696062992126
11
0.9561277559055118
21
0.9182295669291338
0
LINE
8
BLACK
6
CONTINUOUS
10
0.9561277559055118
20
0.9182295669291338
11
0.9496179133858268
21
0.91693468503937
0
LINE
8
BLACK
6
CONTINUOUS
10
0.9496179133858268
20
0.91693468503937
11
0.9429805118110236
21
0.91693468503937
0
LINE
8
BLACK
6
CONTINUOUS
10
0.9429805118110236
20
0.91693468503937
11
0.9364706692913386
21
0.9182295669291338
0
LINE
8
BLACK
6
CONTINUOUS
10
0.9364706692913386
20
0.9182295669291338
11
0.9303385433070865
21
0.9207696062992126
0
LINE
8
BLACK
6
CONTINUOUS
10
0.9303385433070865
20
0.9207696062992126
11
0.9248197637795276
21
0.9244571259842519
0
LINE
8
BLACK
6
CONTINUOUS
10
0.9248197637795276
20
0.9244571259842519
11
0.9201264173228346
21
0.9291504724409448
0
LINE
8
BLACK
6
CONTINUOUS
10
0.9201264173228346
20
0.9291504724409448
11
0.9164388976377953
21
0.9346692519685039
0
LINE
8
BLACK
6
CONTINUOUS
10
0.9164388976377953
20
0.9346692519685039
11
0.9138988582677166
21
0.9408013779527559
0
LINE
8
BLACK
6
CONTINUOUS
10
0.9138988582677166
20
0.9408013779527559
11
0.9126039763779528
21
0.9473112204724409
0
LINE
8
BLACK
6
CONTINUOUS
10
0.9126039763779528
20
0.9473112204724409
11
0.9126039763779528
21
0.9539486220472441
0
LINE
8
BLACK
6
CONTINUOUS
10
0.9126039763779528
20
0.9539486220472441
11
0.9138988582677166
21
0.9604584645669291
0
LINE
8
BLACK
6
CONTINUOUS
10
0.9138988582677166
20
0.9604584645669291
11
0.9164388976377953
21
0.9665905905511811
0
LINE
8
BLACK
6
CONTINUOUS
10
0.9164388976377953
20
0.9665905905511811
11
0.9201264173228346
21
0.9721093700787401
0
LINE
8
BLACK
6
CONTINUOUS
10
0.9201264173228346
20
0.9721093700787401
11
0.9248197637795276
21
0.976802716535433
0
LINE
8
BLACK
6
CONTINUOUS
10
0.9248197637795276
20
0.976802716535433
11
0.9303385433070865
21
0.9804902362204724
0
LINE
8
BLACK
6
CONTINUOUS
10
0.9303385433070865
20
0.9804902362204724
11
0.9364706692913386
21
0.9830302755905511
0
LINE
8
BLACK
6
CONTINUOUS
10
0.9364706692913386
20
0.9830302755905511
11
0.9429805118110236
21
0.9843251574803149
0
LINE
8
BLACK
6
CONTINUOUS
10
0.9429805118110236
20
0.9843251574803149
11
0.9496179133858268
21
0.9843251574803149
0
LINE
8
BLACK
6
CONTINUOUS
10
0.9496179133858268
20
0.9843251574803149
11
0.9561277559055118
21
0.9830302755905511
0
LINE
8
BLACK
6
CONTINUOUS
10
5.3161293307086614
20
0.9721665748031496
11
5.3201000393700788
21
0.9704133464566929
0
LINE
8
BLACK
6
CONTINUOUS
10
5.3201000393700788
20
0.9704133464566929
11
5.3231692519685039
21
0.9673441338582677
0
LINE
8
BLACK
6
CONTINUOUS
10
5.3231692519685039
20
0.9673441338582677
11
5.3249224803149602
21
0.9633734251968503
0
LINE
8
BLACK
6
CONTINUOUS
10
5.3249224803149602
20
0.9633734251968503
11
5.3252362204724406
21
0.9606692913385827
0
LINE
8
BLACK
6
CONTINUOUS
10
5.3252362204724406
20
0.9606692913385827
11
5.3252362204724406
21
0.9449212598425196
0
LINE
8
BLACK
6
CONTINUOUS
10
5.3252362204724406
20
0.9449212598425196
11
5.3249224803149602
21
0.942217125984252
0
LINE
8
BLACK
6
CONTINUOUS
10
5.3249224803149602
20
0.942217125984252
11
5.3231692519685039
21
0.9382464173228346
0
LINE
8
BLACK
6
CONTINUOUS
10
5.3231692519685039
20
0.9382464173228346
11
5.3201000393700788
21
0.9351772047244095
0
LINE
8
BLACK
6
CONTINUOUS
10
5.3201000393700788
20
0.9351772047244095
11
5.3161293307086614
21
0.9334239763779527
0
LINE
8
BLACK
6
CONTINUOUS
10
5.3161293307086614
20
0.9334239763779527
11
5.3134251968503934
21
0.9331102362204724
0
LINE
8
BLACK
6
CONTINUOUS
10
5.3134251968503934
20
0.9331102362204724
11
5.2937401574803147
21
0.9331102362204724
0
LINE
8
BLACK
6
CONTINUOUS
10
5.2937401574803147
20
0.9331102362204724
11
5.2910360236220475
21
0.9334239763779527
0
LINE
8
BLACK
6
CONTINUOUS
10
5.2910360236220475
20
0.9334239763779527
11
5.2870653149606301
21
0.9351772047244095
0
LINE
8
BLACK
6
CONTINUOUS
10
5.2870653149606301
20
0.9351772047244095
11
5.2839961023622042
21
0.9382464173228346
0
LINE
8
BLACK
6
CONTINUOUS
10
5.2839961023622042
20
0.9382464173228346
11
5.2822428740157479
21
0.942217125984252
0
LINE
8
BLACK
6
CONTINUOUS
10
5.2822428740157479
20
0.942217125984252
11
5.2819291338582675
21
0.9449212598425196
0
LINE
8
BLACK
6
CONTINUOUS
10
5.2819291338582675
20
0.9449212598425196
11
5.2819291338582675
21
0.9606692913385827
0
LINE
8
BLACK
6
CONTINUOUS
10
5.2819291338582675
20
0.9606692913385827
11
5.2822428740157479
21
0.9633734251968503
0
LINE
8
BLACK
6
CONTINUOUS
10
5.2822428740157479
20
0.9633734251968503
11
5.2839961023622042
21
0.9673441338582677
0
LINE
8
BLACK
6
CONTINUOUS
10
5.2839961023622042
20
0.9673441338582677
11
5.2870653149606301
21
0.9704133464566929
0
LINE
8
BLACK
6
CONTINUOUS
10
5.2870653149606301
20
0.9704133464566929
11
5.2910360236220475
21
0.9721665748031496
0
LINE
8
BLACK
6
CONTINUOUS
10
5.2910360236220475
20
0.9721665748031496
11
5.2937401574803147
21
0.9724803149606299
0
LINE
8
BLACK
6
CONTINUOUS
10
5.2937401574803147
20
0.9724803149606299
11
5.3134251968503934
21
0.9724803149606299
0
LINE
8
BLACK
6
CONTINUOUS
10
5.3134251968503934
20
0.9724803149606299
11
5.3161293307086614
21
0.9721665748031496
0
LINE
8
BLACK
6
CONTINUOUS
10
5.1078498818897637
20
1.0770835039370079
11
5.1108833858267717
21
1.0750566141732283
0
LINE
8
BLACK
6
CONTINUOUS
10
5.1108833858267717
20
1.0750566141732283
11
5.1129102755905507
21
1.0720231102362205
0
LINE
8
BLACK
6
CONTINUOUS
10
5.1129102755905507
20
1.0720231102362205
11
5.1136220472440943
21
1.0684448818897638
0
LINE
8
BLACK
6
CONTINUOUS
10
5.1136220472440943
20
1.0684448818897638
11
5.1136220472440943
21
1.0536811023622048
0
LINE
8
BLACK
6
CONTINUOUS
10
5.1136220472440943
20
1.0536811023622048
11
5.1129102755905507
21
1.0501028740157481
0
LINE
8
BLACK
6
CONTINUOUS
10
5.1129102755905507
20
1.0501028740157481
11
5.1108833858267717
21
1.0470693700787401
0
LINE
8
BLACK
6
CONTINUOUS
10
5.1108833858267717
20
1.0470693700787401
11
5.1082576771653541
21
1.0453149606299212
0
LINE
8
BLACK
6
CONTINUOUS
10
5.1082576771653541
20
1.0453149606299212
11
5.1195275590551184
21
1.0453149606299212
0
LINE
8
BLACK
6
CONTINUOUS
10
5.1195275590551184
20
1.0453149606299212
11
5.1220969685039366
21
1.0451465354330709
0
LINE
8
BLACK
6
CONTINUOUS
10
5.1220969685039366
20
1.0451465354330709
11
5.1270607086614168
21
1.0438165354330708
0
LINE
8
BLACK
6
CONTINUOUS
10
5.1270607086614168
20
1.0438165354330708
11
5.1315110629921259
21
1.041247125984252
0
LINE
8
BLACK
6
CONTINUOUS
10
5.1315110629921259
20
1.041247125984252
11
5.133307086614173
21
1.0394511023622046
0
LINE
8
BLACK
6
CONTINUOUS
10
5.133307086614173
20
1.0394511023622046
11
5.133307086614173
21
1.0531889763779527
0
LINE
8
BLACK
6
CONTINUOUS
10
5.133307086614173
20
1.0531889763779527
11
5.1341312204724412
21
1.0573322047244094
0
LINE
8
BLACK
6
CONTINUOUS
10
5.1341312204724412
20
1.0573322047244094
11
5.136478188976378
21
1.0608446456692913
0
LINE
8
BLACK
6
CONTINUOUS
10
5.136478188976378
20
1.0608446456692913
11
5.1399906299212601
21
1.0631916141732283
0
LINE
8
BLACK
6
CONTINUOUS
10
5.1399906299212601
20
1.0631916141732283
11
5.1441338582677165
21
1.064015748031496
0
LINE
8
BLACK
6
CONTINUOUS
10
5.1441338582677165
20
1.064015748031496
11
5.1618503937007869
21
1.064015748031496
0
LINE
8
BLACK
6
CONTINUOUS
10
5.1618503937007869
20
1.064015748031496
11
5.1659936220472442
21
1.0631916141732283
0
LINE
8
BLACK
6
CONTINUOUS
10
5.1659936220472442
20
1.0631916141732283
11
5.1695060629921255
21
1.0608446456692913
0
LINE
8
BLACK
6
CONTINUOUS
10
5.1695060629921255
20
1.0608446456692913
11
5.1718530314960631
21
1.0573322047244094
0
LINE
8
BLACK
6
CONTINUOUS
10
5.1718530314960631
20
1.0573322047244094
11
5.1726771653543304
21
1.0531889763779527
0
LINE
8
BLACK
6
CONTINUOUS
10
5.1726771653543304
20
1.0531889763779527
11
5.1726771653543304
21
1.0197244094488189
0
LINE
8
BLACK
6
CONTINUOUS
10
5.1726771653543304
20
1.0197244094488189
11
5.1718530314960631
21
1.0155811811023623
0
LINE
8
BLACK
6
CONTINUOUS
10
5.1718530314960631
20
1.0155811811023623
11
5.1695060629921255
21
1.0120687401574804
0
LINE
8
BLACK
6
CONTINUOUS
10
5.1695060629921255
20
1.0120687401574804
11
5.1659936220472442
21
1.0097217716535434
0
LINE
8
BLACK
6
CONTINUOUS
10
5.1659936220472442
20
1.0097217716535434
11
5.1618503937007869
21
1.0088976377952756
0
LINE
8
BLACK
6
CONTINUOUS
10
5.1618503937007869
20
1.0088976377952756
11
5.1441338582677165
21
1.0088976377952756
0
LINE
8
BLACK
6
CONTINUOUS
10
5.1441338582677165
20
1.0088976377952756
11
5.1399906299212601
21
1.0097217716535434
0
LINE
8
BLACK
6
CONTINUOUS
10
5.1399906299212601
20
1.0097217716535434
11
5.136478188976378
21
1.0120687401574804
0
LINE
8
BLACK
6
CONTINUOUS
10
5.136478188976378
20
1.0120687401574804
11
5.1352741732283462
21
1.0138706299212599
0
LINE
8
BLACK
6
CONTINUOUS
10
5.1352741732283462
20
1.0138706299212599
11
5.1351447637795271
21
1.0136464173228346
0
LINE
8
BLACK
6
CONTINUOUS
10
5.1351447637795271
20
1.0136464173228346
11
5.1315110629921259
21
1.0100127165354331
0
LINE
8
BLACK
6
CONTINUOUS
10
5.1315110629921259
20
1.0100127165354331
11
5.1270607086614168
21
1.0074433070866142
0
LINE
8
BLACK
6
CONTINUOUS
10
5.1270607086614168
20
1.0074433070866142
11
5.1220969685039366
21
1.0061133070866142
0
LINE
8
BLACK
6
CONTINUOUS
10
5.1220969685039366
20
1.0061133070866142
11
5.1195275590551184
21
1.0059448818897638
0
LINE
8
BLACK
6
CONTINUOUS
10
5.1195275590551184
20
1.0059448818897638
11
5.1037795275590554
21
1.0059448818897638
0
LINE
8
BLACK
6
CONTINUOUS
10
5.1037795275590554
20
1.0059448818897638
11
5.1012101181102363
21
1.0061133070866142
0
LINE
8
BLACK
6
CONTINUOUS
10
5.1012101181102363
20
1.0061133070866142
11
5.096246377952756
21
1.0074433070866142
0
LINE
8
BLACK
6
CONTINUOUS
10
5.096246377952756
20
1.0074433070866142
11
5.091796023622047
21
1.0100127165354331
0
LINE
8
BLACK
6
CONTINUOUS
10
5.091796023622047
20
1.0100127165354331
11
5.0881623228346458
21
1.0136464173228346
0
LINE
8
BLACK
6
CONTINUOUS
10
5.0881623228346458
20
1.0136464173228346
11
5.0855929133858266
21
1.0180967716535432
0
LINE
8
BLACK
6
CONTINUOUS
10
5.0855929133858266
20
1.0180967716535432
11
5.0842629133858264
21
1.0230605118110236
0
LINE
8
BLACK
6
CONTINUOUS
10
5.0842629133858264
20
1.0230605118110236
11
5.0842629133858264
21
1.0281993307086614
0
LINE
8
BLACK
6
CONTINUOUS
10
5.0842629133858264
20
1.0281993307086614
11
5.0855929133858266
21
1.0331630708661417
0
LINE
8
BLACK
6
CONTINUOUS
10
5.0855929133858266
20
1.0331630708661417
11
5.0881623228346458
21
1.0376134251968503
0
LINE
8
BLACK
6
CONTINUOUS
10
5.0881623228346458
20
1.0376134251968503
11
5.091796023622047
21
1.041247125984252
0
LINE
8
BLACK
6
CONTINUOUS
10
5.091796023622047
20
1.041247125984252
11
5.096246377952756
21
1.0438165354330708
0
LINE
8
BLACK
6
CONTINUOUS
10
5.096246377952756
20
1.0438165354330708
11
5.0981653543307086
21
1.0443307086614173
0
LINE
8
BLACK
6
CONTINUOUS
10
5.0981653543307086
20
1.0443307086614173
11
5.0481692913385823
21
1.0443307086614173
0
LINE
8
BLACK
6
CONTINUOUS
10
5.0481692913385823
20
1.0443307086614173
11
5.0445910629921258
21
1.0450424803149605
0
LINE
8
BLACK
6
CONTINUOUS
10
5.0445910629921258
20
1.0450424803149605
11
5.0415575590551178
21
1.0470693700787401
0
LINE
8
BLACK
6
CONTINUOUS
10
5.0415575590551178
20
1.0470693700787401
11
5.0395306692913389
21
1.0501028740157481
0
LINE
8
BLACK
6
CONTINUOUS
10
5.0395306692913389
20
1.0501028740157481
11
5.0388188976377952
21
1.0536811023622048
0
LINE
8
BLACK
6
CONTINUOUS
10
5.0388188976377952
20
1.0536811023622048
11
5.0388188976377952
21
1.0684448818897638
0
LINE
8
BLACK
6
CONTINUOUS
10
5.0388188976377952
20
1.0684448818897638
11
5.0395306692913389
21
1.0720231102362205
0
LINE
8
BLACK
6
CONTINUOUS
10
5.0395306692913389
20
1.0720231102362205
11
5.0415575590551178
21
1.0750566141732283
0
LINE
8
BLACK
6
CONTINUOUS
10
5.0415575590551178
20
1.0750566141732283
11
5.0445910629921258
21
1.0770835039370079
0
LINE
8
BLACK
6
CONTINUOUS
10
5.0445910629921258
20
1.0770835039370079
11
5.0481692913385823
21
1.0777952755905511
0
LINE
8
BLACK
6
CONTINUOUS
10
5.0481692913385823
20
1.0777952755905511
11
5.1042716535433073
21
1.0777952755905511
0
LINE
8
BLACK
6
CONTINUOUS
10
5.1042716535433073
20
1.0777952755905511
11
5.1078498818897637
21
1.0770835039370079
0
LINE
8
BLACK
6
CONTINUOUS
10
0.562426968503937
20
1.1011405118110236
11
0.568559094488189
21
1.0986004724409448
0
LINE
8
BLACK
6
CONTINUOUS
10
0.568559094488189
20
1.0986004724409448
11
0.5740778740157481
21
1.0949129527559054
0
LINE
8
BLACK
6
CONTINUOUS
10
0.5740778740157481
20
1.0949129527559054
11
0.5787712204724409
21
1.0902196062992127
0
LINE
8
BLACK
6
CONTINUOUS
10
0.5787712204724409
20
1.0902196062992127
11
0.5824587401574803
21
1.0847008267716536
0
LINE
8
BLACK
6
CONTINUOUS
10
0.5824587401574803
20
1.0847008267716536
11
0.5849987795275591
21
1.0785687007874016
0
LINE
8
BLACK
6
CONTINUOUS
10
0.5849987795275591
20
1.0785687007874016
11
0.5862936614173229
21
1.0720588582677164
0
LINE
8
BLACK
6
CONTINUOUS
10
0.5862936614173229
20
1.0720588582677164
11
0.5862936614173229
21
1.0654214566929134
0
LINE
8
BLACK
6
CONTINUOUS
10
0.5862936614173229
20
1.0654214566929134
11
0.5849987795275591
21
1.0589116141732284
0
LINE
8
BLACK
6
CONTINUOUS
10
0.5849987795275591
20
1.0589116141732284
11
0.5824587401574803
21
1.0527794881889763
0
LINE
8
BLACK
6
CONTINUOUS
10
0.5824587401574803
20
1.0527794881889763
11
0.5787712204724409
21
1.0472607086614174
0
LINE
8
BLACK
6
CONTINUOUS
10
0.5787712204724409
20
1.0472607086614174
11
0.5740778740157481
21
1.0425673622047245
0
LINE
8
BLACK
6
CONTINUOUS
10
0.5740778740157481
20
1.0425673622047245
11
0.568559094488189
21
1.038879842519685
0
LINE
8
BLACK
6
CONTINUOUS
10
0.568559094488189
20
1.038879842519685
11
0.562426968503937
21
1.0363398031496063
0
LINE
8
BLACK
6
CONTINUOUS
10
0.562426968503937
20
1.0363398031496063
11
0.5559171259842519
21
1.0350449212598425
0
LINE
8
BLACK
6
CONTINUOUS
10
0.5559171259842519
20
1.0350449212598425
11
0.5492797244094488
21
1.0350449212598425
0
LINE
8
BLACK
6
CONTINUOUS
10
0.5492797244094488
20
1.0350449212598425
11
0.5427698818897637
21
1.0363398031496063
0
LINE
8
BLACK
6
CONTINUOUS
10
0.5427698818897637
20
1.0363398031496063
11
0.5366377559055118
21
1.038879842519685
0
LINE
8
BLACK
6
CONTINUOUS
10
0.5366377559055118
20
1.038879842519685
11
0.5311189763779527
21
1.0425673622047245
0
LINE
8
BLACK
6
CONTINUOUS
10
0.5311189763779527
20
1.0425673622047245
11
0.5264256299212599
21
1.0472607086614174
0
LINE
8
BLACK
6
CONTINUOUS
10
0.5264256299212599
20
1.0472607086614174
11
0.5227381102362204
21
1.0527794881889763
0
LINE
8
BLACK
6
CONTINUOUS
10
0.5227381102362204
20
1.0527794881889763
11
0.5201980708661417
21
1.0589116141732284
0
LINE
8
BLACK
6
CONTINUOUS
10
0.5201980708661417
20
1.0589116141732284
11
0.518903188976378
21
1.0654214566929134
0
LINE
8
BLACK
6
CONTINUOUS
10
0.518903188976378
20
1.0654214566929134
11
0.518903188976378
21
1.0720588582677164
0
LINE
8
BLACK
6
CONTINUOUS
10
0.518903188976378
20
1.0720588582677164
11
0.5201980708661417
21
1.0785687007874016
0
LINE
8
BLACK
6
CONTINUOUS
10
0.5201980708661417
20
1.0785687007874016
11
0.5227381102362204
21
1.0847008267716536
0
LINE
8
BLACK
6
CONTINUOUS
10
0.5227381102362204
20
1.0847008267716536
11
0.5264256299212599
21
1.0902196062992127
0
LINE
8
BLACK
6
CONTINUOUS
10
0.5264256299212599
20
1.0902196062992127
11
0.5311189763779527
21
1.0949129527559054
0
LINE
8
BLACK
6
CONTINUOUS
10
0.5311189763779527
20
1.0949129527559054
11
0.5366377559055118
21
1.0986004724409448
0
LINE
8
BLACK
6
CONTINUOUS
10
0.5366377559055118
20
1.0986004724409448
11
0.5427698818897637
21
1.1011405118110236
0
LINE
8
BLACK
6
CONTINUOUS
10
0.5427698818897637
20
1.1011405118110236
11
0.5492797244094488
21
1.1024353937007874
0
LINE
8
BLACK
6
CONTINUOUS
10
0.5492797244094488
20
1.1024353937007874
11
0.5559171259842519
21
1.1024353937007874
0
LINE
8
BLACK
6
CONTINUOUS
10
0.5559171259842519
20
1.1024353937007874
11
0.562426968503937
21
1.1011405118110236
0
LINE
8
BLACK
6
CONTINUOUS
10
0.6608521653543307
20
1.1011405118110236
11
0.6669842913385826
21
1.0986004724409448
0
LINE
8
BLACK
6
CONTINUOUS
10
0.6669842913385826
20
1.0986004724409448
11
0.6725030708661417
21
1.0949129527559054
0
LINE
8
BLACK
6
CONTINUOUS
10
0.6725030708661417
20
1.0949129527559054
11
0.6771964173228346
21
1.0902196062992127
0
LINE
8
BLACK
6
CONTINUOUS
10
0.6771964173228346
20
1.0902196062992127
11
0.680883937007874
21
1.0847008267716536
0
LINE
8
BLACK
6
CONTINUOUS
10
0.680883937007874
20
1.0847008267716536
11
0.6834239763779527
21
1.0785687007874016
0
LINE
8
BLACK
6
CONTINUOUS
10
0.6834239763779527
20
1.0785687007874016
11
0.6847188582677165
21
1.0720588582677164
0
LINE
8
BLACK
6
CONTINUOUS
10
0.6847188582677165
20
1.0720588582677164
11
0.6847188582677165
21
1.0654214566929134
0
LINE
8
BLACK
6
CONTINUOUS
10
0.6847188582677165
20
1.0654214566929134
11
0.6834239763779527
21
1.0589116141732284
0
LINE
8
BLACK
6
CONTINUOUS
10
0.6834239763779527
20
1.0589116141732284
11
0.680883937007874
21
1.0527794881889763
0
LINE
8
BLACK
6
CONTINUOUS
10
0.680883937007874
20
1.0527794881889763
11
0.6771964173228346
21
1.0472607086614174
0
LINE
8
BLACK
6
CONTINUOUS
10
0.6771964173228346
20
1.0472607086614174
11
0.6725030708661417
21
1.0425673622047245
0
LINE
8
BLACK
6
CONTINUOUS
10
0.6725030708661417
20
1.0425673622047245
11
0.6669842913385826
21
1.038879842519685
0
LINE
8
BLACK
6
CONTINUOUS
10
0.6669842913385826
20
1.038879842519685
11
0.6608521653543307
21
1.0363398031496063
0
LINE
8
BLACK
6
CONTINUOUS
10
0.6608521653543307
20
1.0363398031496063
11
0.6543423228346457
21
1.0350449212598425
0
LINE
8
BLACK
6
CONTINUOUS
10
0.6543423228346457
20
1.0350449212598425
11
0.6477049212598425
21
1.0350449212598425
0
LINE
8
BLACK
6
CONTINUOUS
10
0.6477049212598425
20
1.0350449212598425
11
0.6411950787401575
21
1.0363398031496063
0
LINE
8
BLACK
6
CONTINUOUS
10
0.6411950787401575
20
1.0363398031496063
11
0.6350629527559055
21
1.038879842519685
0
LINE
8
BLACK
6
CONTINUOUS
10
0.6350629527559055
20
1.038879842519685
11
0.6295441732283464
21
1.0425673622047245
0
LINE
8
BLACK
6
CONTINUOUS
10
0.6295441732283464
20
1.0425673622047245
11
0.6248508267716535
21
1.0472607086614174
0
LINE
8
BLACK
6
CONTINUOUS
10
0.6248508267716535
20
1.0472607086614174
11
0.6211633070866142
21
1.0527794881889763
0
LINE
8
BLACK
6
CONTINUOUS
10
0.6211633070866142
20
1.0527794881889763
11
0.6186232677165354
21
1.0589116141732284
0
LINE
8
BLACK
6
CONTINUOUS
10
0.6186232677165354
20
1.0589116141732284
11
0.6173283858267716
21
1.0654214566929134
0
LINE
8
BLACK
6
CONTINUOUS
10
0.6173283858267716
20
1.0654214566929134
11
0.6173283858267716
21
1.0720588582677164
0
LINE
8
BLACK
6
CONTINUOUS
10
0.6173283858267716
20
1.0720588582677164
11
0.6186232677165354
21
1.0785687007874016
0
LINE
8
BLACK
6
CONTINUOUS
10
0.6186232677165354
20
1.0785687007874016
11
0.6211633070866142
21
1.0847008267716536
0
LINE
8
BLACK
6
CONTINUOUS
10
0.6211633070866142
20
1.0847008267716536
11
0.6248508267716535
21
1.0902196062992127
0
LINE
8
BLACK
6
CONTINUOUS
10
0.6248508267716535
20
1.0902196062992127
11
0.6295441732283464
21
1.0949129527559054
0
LINE
8
BLACK
6
CONTINUOUS
10
0.6295441732283464
20
1.0949129527559054
11
0.6350629527559055
21
1.0986004724409448
0
LINE
8
BLACK
6
CONTINUOUS
10
0.6350629527559055
20
1.0986004724409448
11
0.6411950787401575
21
1.1011405118110236
0
LINE
8
BLACK
6
CONTINUOUS
10
0.6411950787401575
20
1.1011405118110236
11
0.6477049212598425
21
1.1024353937007874
0
LINE
8
BLACK
6
CONTINUOUS
10
0.6477049212598425
20
1.1024353937007874
11
0.6543423228346457
21
1.1024353937007874
0
LINE
8
BLACK
6
CONTINUOUS
10
0.6543423228346457
20
1.1024353937007874
11
0.6608521653543307
21
1.1011405118110236
0
LINE
8
BLACK
6
CONTINUOUS
10
0.7592773622047244
20
1.1011405118110236
11
0.7654094881889764
21
1.0986004724409448
0
LINE
8
BLACK
6
CONTINUOUS
10
0.7654094881889764
20
1.0986004724409448
11
0.7709282677165354
21
1.0949129527559054
0
LINE
8
BLACK
6
CONTINUOUS
10
0.7709282677165354
20
1.0949129527559054
11
0.7756216141732283
21
1.0902196062992127
0
LINE
8
BLACK
6
CONTINUOUS
10
0.7756216141732283
20
1.0902196062992127
11
0.7793091338582677
21
1.0847008267716536
0
LINE
8
BLACK
6
CONTINUOUS
10
0.7793091338582677
20
1.0847008267716536
11
0.7818491732283465
21
1.0785687007874016
0
LINE
8
BLACK
6
CONTINUOUS
10
0.7818491732283465
20
1.0785687007874016
11
0.7831440551181102
21
1.0720588582677164
0
LINE
8
BLACK
6
CONTINUOUS
10
0.7831440551181102
20
1.0720588582677164
11
0.7831440551181102
21
1.0654214566929134
0
LINE
8
BLACK
6
CONTINUOUS
10
0.7831440551181102
20
1.0654214566929134
11
0.7818491732283465
21
1.0589116141732284
0
LINE
8
BLACK
6
CONTINUOUS
10
0.7818491732283465
20
1.0589116141732284
11
0.7793091338582677
21
1.0527794881889763
0
LINE
8
BLACK
6
CONTINUOUS
10
0.7793091338582677
20
1.0527794881889763
11
0.7756216141732283
21
1.0472607086614174
0
LINE
8
BLACK
6
CONTINUOUS
10
0.7756216141732283
20
1.0472607086614174
11
0.7709282677165354
21
1.0425673622047245
0
LINE
8
BLACK
6
CONTINUOUS
10
0.7709282677165354
20
1.0425673622047245
11
0.7654094881889764
21
1.038879842519685
0
LINE
8
BLACK
6
CONTINUOUS
10
0.7654094881889764
20
1.038879842519685
11
0.7592773622047244
21
1.0363398031496063
0
LINE
8
BLACK
6
CONTINUOUS
10
0.7592773622047244
20
1.0363398031496063
11
0.7527675196850393
21
1.0350449212598425
0
LINE
8
BLACK
6
CONTINUOUS
10
0.7527675196850393
20
1.0350449212598425
11
0.7461301181102362
21
1.0350449212598425
0
LINE
8
BLACK
6
CONTINUOUS
10
0.7461301181102362
20
1.0350449212598425
11
0.7396202755905512
21
1.0363398031496063
0
LINE
8
BLACK
6
CONTINUOUS
10
0.7396202755905512
20
1.0363398031496063
11
0.7334881496062992
21
1.038879842519685
0
LINE
8
BLACK
6
CONTINUOUS
10
0.7334881496062992
20
1.038879842519685
11
0.7279693700787402
21
1.0425673622047245
0
LINE
8
BLACK
6
CONTINUOUS
10
0.7279693700787402
20
1.0425673622047245
11
0.7232760236220472
21
1.0472607086614174
0
LINE
8
BLACK
6
CONTINUOUS
10
0.7232760236220472
20
1.0472607086614174
11
0.7195885039370079
21
1.0527794881889763
0
LINE
8
BLACK
6
CONTINUOUS
10
0.7195885039370079
20
1.0527794881889763
11
0.7170484645669292
21
1.0589116141732284
0
LINE
8
BLACK
6
CONTINUOUS
10
0.7170484645669292
20
1.0589116141732284
11
0.7157535826771654
21
1.0654214566929134
0
LINE
8
BLACK
6
CONTINUOUS
10
0.7157535826771654
20
1.0654214566929134
11
0.7157535826771654
21
1.0720588582677164
0
LINE
8
BLACK
6
CONTINUOUS
10
0.7157535826771654
20
1.0720588582677164
11
0.7170484645669292
21
1.0785687007874016
0
LINE
8
BLACK
6
CONTINUOUS
10
0.7170484645669292
20
1.0785687007874016
11
0.7195885039370079
21
1.0847008267716536
0
LINE
8
BLACK
6
CONTINUOUS
10
0.7195885039370079
20
1.0847008267716536
11
0.7232760236220472
21
1.0902196062992127
0
LINE
8
BLACK
6
CONTINUOUS
10
0.7232760236220472
20
1.0902196062992127
11
0.7279693700787402
21
1.0949129527559054
0
LINE
8
BLACK
6
CONTINUOUS
10
0.7279693700787402
20
1.0949129527559054
11
0.7334881496062992
21
1.0986004724409448
0
LINE
8
BLACK
6
CONTINUOUS
10
0.7334881496062992
20
1.0986004724409448
11
0.7396202755905512
21
1.1011405118110236
0
LINE
8
BLACK
6
CONTINUOUS
10
0.7396202755905512
20
1.1011405118110236
11
0.7461301181102362
21
1.1024353937007874
0
LINE
8
BLACK
6
CONTINUOUS
10
0.7461301181102362
20
1.1024353937007874
11
0.7527675196850393
21
1.1024353937007874
0
LINE
8
BLACK
6
CONTINUOUS
10
0.7527675196850393
20
1.1024353937007874
11
0.7592773622047244
21
1.1011405118110236
0
LINE
8
BLACK
6
CONTINUOUS
10
0.8577025590551181
20
1.1011405118110236
11
0.8638346850393701
21
1.0986004724409448
0
LINE
8
BLACK
6
CONTINUOUS
10
0.8638346850393701
20
1.0986004724409448
11
0.8693534645669291
21
1.0949129527559054
0
LINE
8
BLACK
6
CONTINUOUS
10
0.8693534645669291
20
1.0949129527559054
11
0.874046811023622
21
1.0902196062992127
0
LINE
8
BLACK
6
CONTINUOUS
10
0.874046811023622
20
1.0902196062992127
11
0.8777343307086614
21
1.0847008267716536
0
LINE
8
BLACK
6
CONTINUOUS
10
0.8777343307086614
20
1.0847008267716536
11
0.8802743700787401
21
1.0785687007874016
0
LINE
8
BLACK
6
CONTINUOUS
10
0.8802743700787401
20
1.0785687007874016
11
0.8815692519685039
21
1.0720588582677164
0
LINE
8
BLACK
6
CONTINUOUS
10
0.8815692519685039
20
1.0720588582677164
11
0.8815692519685039
21
1.0654214566929134
0
LINE
8
BLACK
6
CONTINUOUS
10
0.8815692519685039
20
1.0654214566929134
11
0.8802743700787401
21
1.0589116141732284
0
LINE
8
BLACK
6
CONTINUOUS
10
0.8802743700787401
20
1.0589116141732284
11
0.8777343307086614
21
1.0527794881889763
0
LINE
8
BLACK
6
CONTINUOUS
10
0.8777343307086614
20
1.0527794881889763
11
0.874046811023622
21
1.0472607086614174
0
LINE
8
BLACK
6
CONTINUOUS
10
0.874046811023622
20
1.0472607086614174
11
0.8693534645669291
21
1.0425673622047245
0
LINE
8
BLACK
6
CONTINUOUS
10
0.8693534645669291
20
1.0425673622047245
11
0.8638346850393701
21
1.038879842519685
0
LINE
8
BLACK
6
CONTINUOUS
10
0.8638346850393701
20
1.038879842519685
11
0.8577025590551181
21
1.0363398031496063
0
LINE
8
BLACK
6
CONTINUOUS
10
0.8577025590551181
20
1.0363398031496063
11
0.851192716535433
21
1.0350449212598425
0
LINE
8
BLACK
6
CONTINUOUS
10
0.851192716535433
20
1.0350449212598425
11
0.8445553149606299
21
1.0350449212598425
0
LINE
8
BLACK
6
CONTINUOUS
10
0.8445553149606299
20
1.0350449212598425
11
0.8380454724409448
21
1.0363398031496063
0
LINE
8
BLACK
6
CONTINUOUS
10
0.8380454724409448
20
1.0363398031496063
11
0.8319133464566929
21
1.038879842519685
0
LINE
8
BLACK
6
CONTINUOUS
10
0.8319133464566929
20
1.038879842519685
11
0.8263945669291338
21
1.0425673622047245
0
LINE
8
BLACK
6
CONTINUOUS
10
0.8263945669291338
20
1.0425673622047245
11
0.8217012204724409
21
1.0472607086614174
0
LINE
8
BLACK
6
CONTINUOUS
10
0.8217012204724409
20
1.0472607086614174
11
0.8180137007874015
21
1.0527794881889763
0
LINE
8
BLACK
6
CONTINUOUS
10
0.8180137007874015
20
1.0527794881889763
11
0.8154736614173228
21
1.0589116141732284
0
LINE
8
BLACK
6
CONTINUOUS
10
0.8154736614173228
20
1.0589116141732284
11
0.814178779527559
21
1.0654214566929134
0
LINE
8
BLACK
6
CONTINUOUS
10
0.814178779527559
20
1.0654214566929134
11
0.814178779527559
21
1.0720588582677164
0
LINE
8
BLACK
6
CONTINUOUS
10
0.814178779527559
20
1.0720588582677164
11
0.8154736614173228
21
1.0785687007874016
0
LINE
8
BLACK
6
CONTINUOUS
10
0.8154736614173228
20
1.0785687007874016
11
0.8180137007874015
21
1.0847008267716536
0
LINE
8
BLACK
6
CONTINUOUS
10
0.8180137007874015
20
1.0847008267716536
11
0.8217012204724409
21
1.0902196062992127
0
LINE
8
BLACK
6
CONTINUOUS
10
0.8217012204724409
20
1.0902196062992127
11
0.8263945669291338
21
1.0949129527559054
0
LINE
8
BLACK
6
CONTINUOUS
10
0.8263945669291338
20
1.0949129527559054
11
0.8319133464566929
21
1.0986004724409448
0
LINE
8
BLACK
6
CONTINUOUS
10
0.8319133464566929
20
1.0986004724409448
11
0.8380454724409448
21
1.1011405118110236
0
LINE
8
BLACK
6
CONTINUOUS
10
0.8380454724409448
20
1.1011405118110236
11
0.8445553149606299
21
1.1024353937007874
0
LINE
8
BLACK
6
CONTINUOUS
10
0.8445553149606299
20
1.1024353937007874
11
0.851192716535433
21
1.1024353937007874
0
LINE
8
BLACK
6
CONTINUOUS
10
0.851192716535433
20
1.1024353937007874
11
0.8577025590551181
21
1.1011405118110236
0
LINE
8
BLACK
6
CONTINUOUS
10
0.9561277559055118
20
1.1011405118110236
11
0.9622598818897637
21
1.0986004724409448
0
LINE
8
BLACK
6
CONTINUOUS
10
0.9622598818897637
20
1.0986004724409448
11
0.9677786614173228
21
1.0949129527559054
0
LINE
8
BLACK
6
CONTINUOUS
10
0.9677786614173228
20
1.0949129527559054
11
0.9724720078740158
21
1.0902196062992127
0
LINE
8
BLACK
6
CONTINUOUS
10
0.9724720078740158
20
1.0902196062992127
11
0.9761595275590551
21
1.0847008267716536
0
LINE
8
BLACK
6
CONTINUOUS
10
0.9761595275590551
20
1.0847008267716536
11
0.9786995669291338
21
1.0785687007874016
0
LINE
8
BLACK
6
CONTINUOUS
10
0.9786995669291338
20
1.0785687007874016
11
0.9799944488188976
21
1.0720588582677164
0
LINE
8
BLACK
6
CONTINUOUS
10
0.9799944488188976
20
1.0720588582677164
11
0.9799944488188976
21
1.0654214566929134
0
LINE
8
BLACK
6
CONTINUOUS
10
0.9799944488188976
20
1.0654214566929134
11
0.9786995669291338
21
1.0589116141732284
0
LINE
8
BLACK
6
CONTINUOUS
10
0.9786995669291338
20
1.0589116141732284
11
0.9761595275590551
21
1.0527794881889763
0
LINE
8
BLACK
6
CONTINUOUS
10
0.9761595275590551
20
1.0527794881889763
11
0.9724720078740158
21
1.0472607086614174
0
LINE
8
BLACK
6
CONTINUOUS
10
0.9724720078740158
20
1.0472607086614174
11
0.9677786614173228
21
1.0425673622047245
0
LINE
8
BLACK
6
CONTINUOUS
10
0.9677786614173228
20
1.0425673622047245
11
0.9622598818897637
21
1.038879842519685
0
LINE
8
BLACK
6
CONTINUOUS
10
0.9622598818897637
20
1.038879842519685
11
0.9561277559055118
21
1.0363398031496063
0
LINE
8
BLACK
6
CONTINUOUS
10
0.9561277559055118
20
1.0363398031496063
11
0.9496179133858268
21
1.0350449212598425
0
LINE
8
BLACK
6
CONTINUOUS
10
0.9496179133858268
20
1.0350449212598425
11
0.9429805118110236
21
1.0350449212598425
0
LINE
8
BLACK
6
CONTINUOUS
10
0.9429805118110236
20
1.0350449212598425
11
0.9364706692913386
21
1.0363398031496063
0
LINE
8
BLACK
6
CONTINUOUS
10
0.9364706692913386
20
1.0363398031496063
11
0.9303385433070865
21
1.038879842519685
0
LINE
8
BLACK
6
CONTINUOUS
10
0.9303385433070865
20
1.038879842519685
11
0.9248197637795276
21
1.0425673622047245
0
LINE
8
BLACK
6
CONTINUOUS
10
0.9248197637795276
20
1.0425673622047245
11
0.9201264173228346
21
1.0472607086614174
0
LINE
8
BLACK
6
CONTINUOUS
10
0.9201264173228346
20
1.0472607086614174
11
0.9164388976377953
21
1.0527794881889763
0
LINE
8
BLACK
6
CONTINUOUS
10
0.9164388976377953
20
1.0527794881889763
11
0.9138988582677166
21
1.0589116141732284
0
LINE
8
BLACK
6
CONTINUOUS
10
0.9138988582677166
20
1.0589116141732284
11
0.9126039763779528
21
1.0654214566929134
0
LINE
8
BLACK
6
CONTINUOUS
10
0.9126039763779528
20
1.0654214566929134
11
0.9126039763779528
21
1.0720588582677164
0
LINE
8
BLACK
6
CONTINUOUS
10
0.9126039763779528
20
1.0720588582677164
11
0.9138988582677166
21
1.0785687007874016
0
LINE
8
BLACK
6
CONTINUOUS
10
0.9138988582677166
20
1.0785687007874016
11
0.9164388976377953
21
1.0847008267716536
0
LINE
8
BLACK
6
CONTINUOUS
10
0.9164388976377953
20
1.0847008267716536
11
0.9201264173228346
21
1.0902196062992127
0
LINE
8
BLACK
6
CONTINUOUS
10
0.9201264173228346
20
1.0902196062992127
11
0.9248197637795276
21
1.0949129527559054
0
LINE
8
BLACK
6
CONTINUOUS
10
0.9248197637795276
20
1.0949129527559054
11
0.9303385433070865
21
1.0986004724409448
0
LINE
8
BLACK
6
CONTINUOUS
10
0.9303385433070865
20
1.0986004724409448
11
0.9364706692913386
21
1.1011405118110236
0
LINE
8
BLACK
6
CONTINUOUS
10
0.9364706692913386
20
1.1011405118110236
11
0.9429805118110236
21
1.1024353937007874
0
LINE
8
BLACK
6
CONTINUOUS
10
0.9429805118110236
20
1.1024353937007874
11
0.9496179133858268
21
1.1024353937007874
0
LINE
8
BLACK
6
CONTINUOUS
10
0.9496179133858268
20
1.1024353937007874
11
0.9561277559055118
21
1.1011405118110236
0
LINE
8
BLACK
6
CONTINUOUS
10
5.1087612992125981
20
1.122471496062992
11
5.1113157874015744
21
1.1207646062992125
0
LINE
8
BLACK
6
CONTINUOUS
10
5.1113157874015744
20
1.1207646062992125
11
5.113022677165354
21
1.1182101181102362
0
LINE
8
BLACK
6
CONTINUOUS
10
5.113022677165354
20
1.1182101181102362
11
5.1136220472440943
21
1.1151968503937009
0
LINE
8
BLACK
6
CONTINUOUS
10
5.1136220472440943
20
1.1151968503937009
11
5.1136220472440943
21
1.1033858267716534
0
LINE
8
BLACK
6
CONTINUOUS
10
5.1136220472440943
20
1.1033858267716534
11
5.113022677165354
21
1.1003725590551181
0
LINE
8
BLACK
6
CONTINUOUS
10
5.113022677165354
20
1.1003725590551181
11
5.1113157874015744
21
1.0978180708661418
0
LINE
8
BLACK
6
CONTINUOUS
10
5.1113157874015744
20
1.0978180708661418
11
5.1087612992125981
21
1.0961111811023623
0
LINE
8
BLACK
6
CONTINUOUS
10
5.1087612992125981
20
1.0961111811023623
11
5.1057480314960628
21
1.0955118110236219
0
LINE
8
BLACK
6
CONTINUOUS
10
5.1057480314960628
20
1.0955118110236219
11
5.0466929133858267
21
1.0955118110236219
0
LINE
8
BLACK
6
CONTINUOUS
10
5.0466929133858267
20
1.0955118110236219
11
5.0436796456692914
21
1.0961111811023623
0
LINE
8
BLACK
6
CONTINUOUS
10
5.0436796456692914
20
1.0961111811023623
11
5.0411251574803151
21
1.0978180708661418
0
LINE
8
BLACK
6
CONTINUOUS
10
5.0411251574803151
20
1.0978180708661418
11
5.0394182677165356
21
1.1003725590551181
0
LINE
8
BLACK
6
CONTINUOUS
10
5.0394182677165356
20
1.1003725590551181
11
5.0388188976377952
21
1.1033858267716534
0
LINE
8
BLACK
6
CONTINUOUS
10
5.0388188976377952
20
1.1033858267716534
11
5.0388188976377952
21
1.1151968503937009
0
LINE
8
BLACK
6
CONTINUOUS
10
5.0388188976377952
20
1.1151968503937009
11
5.0394182677165356
21
1.1182101181102362
0
LINE
8
BLACK
6
CONTINUOUS
10
5.0394182677165356
20
1.1182101181102362
11
5.0411251574803151
21
1.1207646062992125
0
LINE
8
BLACK
6
CONTINUOUS
10
5.0411251574803151
20
1.1207646062992125
11
5.0436796456692914
21
1.122471496062992
0
LINE
8
BLACK
6
CONTINUOUS
10
5.0436796456692914
20
1.122471496062992
11
5.0466929133858267
21
1.1230708661417323
0
LINE
8
BLACK
6
CONTINUOUS
10
5.0466929133858267
20
1.1230708661417323
11
5.1057480314960628
21
1.1230708661417323
0
LINE
8
BLACK
6
CONTINUOUS
10
5.1057480314960628
20
1.1230708661417323
11
5.1087612992125981
21
1.122471496062992
0
LINE
8
BLACK
6
CONTINUOUS
10
0.562426968503937
20
1.1995657086614173
11
0.568559094488189
21
1.1970256692913386
0
LINE
8
BLACK
6
CONTINUOUS
10
0.568559094488189
20
1.1970256692913386
11
0.5740778740157481
21
1.1933381496062991
0
LINE
8
BLACK
6
CONTINUOUS
10
0.5740778740157481
20
1.1933381496062991
11
0.5787712204724409
21
1.1886448031496062
0
LINE
8
BLACK
6
CONTINUOUS
10
0.5787712204724409
20
1.1886448031496062
11
0.5824587401574803
21
1.1831260236220471
0
LINE
8
BLACK
6
CONTINUOUS
10
0.5824587401574803
20
1.1831260236220471
11
0.5849987795275591
21
1.1769938976377952
0
LINE
8
BLACK
6
CONTINUOUS
10
0.5849987795275591
20
1.1769938976377952
11
0.5862936614173229
21
1.1704840551181102
0
LINE
8
BLACK
6
CONTINUOUS
10
0.5862936614173229
20
1.1704840551181102
11
0.5862936614173229
21
1.163846653543307
0
LINE
8
BLACK
6
CONTINUOUS
10
0.5862936614173229
20
1.163846653543307
11
0.5849987795275591
21
1.157336811023622
0
LINE
8
BLACK
6
CONTINUOUS
10
0.5849987795275591
20
1.157336811023622
11
0.5824587401574803
21
1.15120468503937
0
LINE
8
BLACK
6
CONTINUOUS
10
0.5824587401574803
20
1.15120468503937
11
0.5787712204724409
21
1.1456859055118109
0
LINE
8
BLACK
6
CONTINUOUS
10
0.5787712204724409
20
1.1456859055118109
11
0.5740778740157481
21
1.140992559055118
0
LINE
8
BLACK
6
CONTINUOUS
10
0.5740778740157481
20
1.140992559055118
11
0.568559094488189
21
1.1373050393700788
0
LINE
8
BLACK
6
CONTINUOUS
10
0.568559094488189
20
1.1373050393700788
11
0.562426968503937
21
1.134765
0
LINE
8
BLACK
6
CONTINUOUS
10
0.562426968503937
20
1.134765
11
0.5559171259842519
21
1.1334701181102362
0
LINE
8
BLACK
6
CONTINUOUS
10
0.5559171259842519
20
1.1334701181102362
11
0.5492797244094488
21
1.1334701181102362
0
LINE
8
BLACK
6
CONTINUOUS
10
0.5492797244094488
20
1.1334701181102362
11
0.5427698818897637
21
1.134765
0
LINE
8
BLACK
6
CONTINUOUS
10
0.5427698818897637
20
1.134765
11
0.5366377559055118
21
1.1373050393700788
0
LINE
8
BLACK
6
CONTINUOUS
10
0.5366377559055118
20
1.1373050393700788
11
0.5311189763779527
21
1.140992559055118
0
LINE
8
BLACK
6
CONTINUOUS
10
0.5311189763779527
20
1.140992559055118
11
0.5264256299212599
21
1.1456859055118109
0
LINE
8
BLACK
6
CONTINUOUS
10
0.5264256299212599
20
1.1456859055118109
11
0.5227381102362204
21
1.15120468503937
0
LINE
8
BLACK
6
CONTINUOUS
10
0.5227381102362204
20
1.15120468503937
11
0.5201980708661417
21
1.157336811023622
0
LINE
8
BLACK
6
CONTINUOUS
10
0.5201980708661417
20
1.157336811023622
11
0.518903188976378
21
1.163846653543307
0
LINE
8
BLACK
6
CONTINUOUS
10
0.518903188976378
20
1.163846653543307
11
0.518903188976378
21
1.1704840551181102
0
LINE
8
BLACK
6
CONTINUOUS
10
0.518903188976378
20
1.1704840551181102
11
0.5201980708661417
21
1.1769938976377952
0
LINE
8
BLACK
6
CONTINUOUS
10
0.5201980708661417
20
1.1769938976377952
11
0.5227381102362204
21
1.1831260236220471
0
LINE
8
BLACK
6
CONTINUOUS
10
0.5227381102362204
20
1.1831260236220471
11
0.5264256299212599
21
1.1886448031496062
0
LINE
8
BLACK
6
CONTINUOUS
10
0.5264256299212599
20
1.1886448031496062
11
0.5311189763779527
21
1.1933381496062991
0
LINE
8
BLACK
6
CONTINUOUS
10
0.5311189763779527
20
1.1933381496062991
11
0.5366377559055118
21
1.1970256692913386
0
LINE
8
BLACK
6
CONTINUOUS
10
0.5366377559055118
20
1.1970256692913386
11
0.5427698818897637
21
1.1995657086614173
0
LINE
8
BLACK
6
CONTINUOUS
10
0.5427698818897637
20
1.1995657086614173
11
0.5492797244094488
21
1.2008605905511811
0
LINE
8
BLACK
6
CONTINUOUS
10
0.5492797244094488
20
1.2008605905511811
11
0.5559171259842519
21
1.2008605905511811
0
LINE
8
BLACK
6
CONTINUOUS
10
0.5559171259842519
20
1.2008605905511811
11
0.562426968503937
21
1.1995657086614173
0
LINE
8
BLACK
6
CONTINUOUS
10
0.6608521653543307
20
1.1995657086614173
11
0.6669842913385826
21
1.1970256692913386
0
LINE
8
BLACK
6
CONTINUOUS
10
0.6669842913385826
20
1.1970256692913386
11
0.6725030708661417
21
1.1933381496062991
0
LINE
8
BLACK
6
CONTINUOUS
10
0.6725030708661417
20
1.1933381496062991
11
0.6771964173228346
21
1.1886448031496062
0
LINE
8
BLACK
6
CONTINUOUS
10
0.6771964173228346
20
1.1886448031496062
11
0.680883937007874
21
1.1831260236220471
0
LINE
8
BLACK
6
CONTINUOUS
10
0.680883937007874
20
1.1831260236220471
11
0.6834239763779527
21
1.1769938976377952
0
LINE
8
BLACK
6
CONTINUOUS
10
0.6834239763779527
20
1.1769938976377952
11
0.6847188582677165
21
1.1704840551181102
0
LINE
8
BLACK
6
CONTINUOUS
10
0.6847188582677165
20
1.1704840551181102
11
0.6847188582677165
21
1.163846653543307
0
LINE
8
BLACK
6
CONTINUOUS
10
0.6847188582677165
20
1.163846653543307
11
0.6834239763779527
21
1.157336811023622
0
LINE
8
BLACK
6
CONTINUOUS
10
0.6834239763779527
20
1.157336811023622
11
0.680883937007874
21
1.15120468503937
0
LINE
8
BLACK
6
CONTINUOUS
10
0.680883937007874
20
1.15120468503937
11
0.6771964173228346
21
1.1456859055118109
0
LINE
8
BLACK
6
CONTINUOUS
10
0.6771964173228346
20
1.1456859055118109
11
0.6725030708661417
21
1.140992559055118
0
LINE
8
BLACK
6
CONTINUOUS
10
0.6725030708661417
20
1.140992559055118
11
0.6669842913385826
21
1.1373050393700788
0
LINE
8
BLACK
6
CONTINUOUS
10
0.6669842913385826
20
1.1373050393700788
11
0.6608521653543307
21
1.134765
0
LINE
8
BLACK
6
CONTINUOUS
10
0.6608521653543307
20
1.134765
11
0.6543423228346457
21
1.1334701181102362
0
LINE
8
BLACK
6
CONTINUOUS
10
0.6543423228346457
20
1.1334701181102362
11
0.6477049212598425
21
1.1334701181102362
0
LINE
8
BLACK
6
CONTINUOUS
10
0.6477049212598425
20
1.1334701181102362
11
0.6411950787401575
21
1.134765
0
LINE
8
BLACK
6
CONTINUOUS
10
0.6411950787401575
20
1.134765
11
0.6350629527559055
21
1.1373050393700788
0
LINE
8
BLACK
6
CONTINUOUS
10
0.6350629527559055
20
1.1373050393700788
11
0.6295441732283464
21
1.140992559055118
0
LINE
8
BLACK
6
CONTINUOUS
10
0.6295441732283464
20
1.140992559055118
11
0.6248508267716535
21
1.1456859055118109
0
LINE
8
BLACK
6
CONTINUOUS
10
0.6248508267716535
20
1.1456859055118109
11
0.6211633070866142
21
1.15120468503937
0
LINE
8
BLACK
6
CONTINUOUS
10
0.6211633070866142
20
1.15120468503937
11
0.6186232677165354
21
1.157336811023622
0
LINE
8
BLACK
6
CONTINUOUS
10
0.6186232677165354
20
1.157336811023622
11
0.6173283858267716
21
1.163846653543307
0
LINE
8
BLACK
6
CONTINUOUS
10
0.6173283858267716
20
1.163846653543307
11
0.6173283858267716
21
1.1704840551181102
0
LINE
8
BLACK
6
CONTINUOUS
10
0.6173283858267716
20
1.1704840551181102
11
0.6186232677165354
21
1.1769938976377952
0
LINE
8
BLACK
6
CONTINUOUS
10
0.6186232677165354
20
1.1769938976377952
11
0.6211633070866142
21
1.1831260236220471
0
LINE
8
BLACK
6
CONTINUOUS
10
0.6211633070866142
20
1.1831260236220471
11
0.6248508267716535
21
1.1886448031496062
0
LINE
8
BLACK
6
CONTINUOUS
10
0.6248508267716535
20
1.1886448031496062
11
0.6295441732283464
21
1.1933381496062991
0
LINE
8
BLACK
6
CONTINUOUS
10
0.6295441732283464
20
1.1933381496062991
11
0.6350629527559055
21
1.1970256692913386
0
LINE
8
BLACK
6
CONTINUOUS
10
0.6350629527559055
20
1.1970256692913386
11
0.6411950787401575
21
1.1995657086614173
0
LINE
8
BLACK
6
CONTINUOUS
10
0.6411950787401575
20
1.1995657086614173
11
0.6477049212598425
21
1.2008605905511811
0
LINE
8
BLACK
6
CONTINUOUS
10
0.6477049212598425
20
1.2008605905511811
11
0.6543423228346457
21
1.2008605905511811
0
LINE
8
BLACK
6
CONTINUOUS
10
0.6543423228346457
20
1.2008605905511811
11
0.6608521653543307
21
1.1995657086614173
0
LINE
8
BLACK
6
CONTINUOUS
10
0.7592773622047244
20
1.1995657086614173
11
0.7654094881889764
21
1.1970256692913386
0
LINE
8
BLACK
6
CONTINUOUS
10
0.7654094881889764
20
1.1970256692913386
11
0.7709282677165354
21
1.1933381496062991
0
LINE
8
BLACK
6
CONTINUOUS
10
0.7709282677165354
20
1.1933381496062991
11
0.7756216141732283
21
1.1886448031496062
0
LINE
8
BLACK
6
CONTINUOUS
10
0.7756216141732283
20
1.1886448031496062
11
0.7793091338582677
21
1.1831260236220471
0
LINE
8
BLACK
6
CONTINUOUS
10
0.7793091338582677
20
1.1831260236220471
11
0.7818491732283465
21
1.1769938976377952
0
LINE
8
BLACK
6
CONTINUOUS
10
0.7818491732283465
20
1.1769938976377952
11
0.7831440551181102
21
1.1704840551181102
0
LINE
8
BLACK
6
CONTINUOUS
10
0.7831440551181102
20
1.1704840551181102
11
0.7831440551181102
21
1.163846653543307
0
LINE
8
BLACK
6
CONTINUOUS
10
0.7831440551181102
20
1.163846653543307
11
0.7818491732283465
21
1.157336811023622
0
LINE
8
BLACK
6
CONTINUOUS
10
0.7818491732283465
20
1.157336811023622
11
0.7793091338582677
21
1.15120468503937
0
LINE
8
BLACK
6
CONTINUOUS
10
0.7793091338582677
20
1.15120468503937
11
0.7756216141732283
21
1.1456859055118109
0
LINE
8
BLACK
6
CONTINUOUS
10
0.7756216141732283
20
1.1456859055118109
11
0.7709282677165354
21
1.140992559055118
0
LINE
8
BLACK
6
CONTINUOUS
10
0.7709282677165354
20
1.140992559055118
11
0.7654094881889764
21
1.1373050393700788
0
LINE
8
BLACK
6
CONTINUOUS
10
0.7654094881889764
20
1.1373050393700788
11
0.7592773622047244
21
1.134765
0
LINE
8
BLACK
6
CONTINUOUS
10
0.7592773622047244
20
1.134765
11
0.7527675196850393
21
1.1334701181102362
0
LINE
8
BLACK
6
CONTINUOUS
10
0.7527675196850393
20
1.1334701181102362
11
0.7461301181102362
21
1.1334701181102362
0
LINE
8
BLACK
6
CONTINUOUS
10
0.7461301181102362
20
1.1334701181102362
11
0.7396202755905512
21
1.134765
0
LINE
8
BLACK
6
CONTINUOUS
10
0.7396202755905512
20
1.134765
11
0.7334881496062992
21
1.1373050393700788
0
LINE
8
BLACK
6
CONTINUOUS
10
0.7334881496062992
20
1.1373050393700788
11
0.7279693700787402
21
1.140992559055118
0
LINE
8
BLACK
6
CONTINUOUS
10
0.7279693700787402
20
1.140992559055118
11
0.7232760236220472
21
1.1456859055118109
0
LINE
8
BLACK
6
CONTINUOUS
10
0.7232760236220472
20
1.1456859055118109
11
0.7195885039370079
21
1.15120468503937
0
LINE
8
BLACK
6
CONTINUOUS
10
0.7195885039370079
20
1.15120468503937
11
0.7170484645669292
21
1.157336811023622
0
LINE
8
BLACK
6
CONTINUOUS
10
0.7170484645669292
20
1.157336811023622
11
0.7157535826771654
21
1.163846653543307
0
LINE
8
BLACK
6
CONTINUOUS
10
0.7157535826771654
20
1.163846653543307
11
0.7157535826771654
21
1.1704840551181102
0
LINE
8
BLACK
6
CONTINUOUS
10
0.7157535826771654
20
1.1704840551181102
11
0.7170484645669292
21
1.1769938976377952
0
LINE
8
BLACK
6
CONTINUOUS
10
0.7170484645669292
20
1.1769938976377952
11
0.7195885039370079
21
1.1831260236220471
0
LINE
8
BLACK
6
CONTINUOUS
10
0.7195885039370079
20
1.1831260236220471
11
0.7232760236220472
21
1.1886448031496062
0
LINE
8
BLACK
6
CONTINUOUS
10
0.7232760236220472
20
1.1886448031496062
11
0.7279693700787402
21
1.1933381496062991
0
LINE
8
BLACK
6
CONTINUOUS
10
0.7279693700787402
20
1.1933381496062991
11
0.7334881496062992
21
1.1970256692913386
0
LINE
8
BLACK
6
CONTINUOUS
10
0.7334881496062992
20
1.1970256692913386
11
0.7396202755905512
21
1.1995657086614173
0
LINE
8
BLACK
6
CONTINUOUS
10
0.7396202755905512
20
1.1995657086614173
11
0.7461301181102362
21
1.2008605905511811
0
LINE
8
BLACK
6
CONTINUOUS
10
0.7461301181102362
20
1.2008605905511811
11
0.7527675196850393
21
1.2008605905511811
0
LINE
8
BLACK
6
CONTINUOUS
10
0.7527675196850393
20
1.2008605905511811
11
0.7592773622047244
21
1.1995657086614173
0
LINE
8
BLACK
6
CONTINUOUS
10
0.8577025590551181
20
1.1995657086614173
11
0.8638346850393701
21
1.1970256692913386
0
LINE
8
BLACK
6
CONTINUOUS
10
0.8638346850393701
20
1.1970256692913386
11
0.8693534645669291
21
1.1933381496062991
0
LINE
8
BLACK
6
CONTINUOUS
10
0.8693534645669291
20
1.1933381496062991
11
0.874046811023622
21
1.1886448031496062
0
LINE
8
BLACK
6
CONTINUOUS
10
0.874046811023622
20
1.1886448031496062
11
0.8777343307086614
21
1.1831260236220471
0
LINE
8
BLACK
6
CONTINUOUS
10
0.8777343307086614
20
1.1831260236220471
11
0.8802743700787401
21
1.1769938976377952
0
LINE
8
BLACK
6
CONTINUOUS
10
0.8802743700787401
20
1.1769938976377952
11
0.8815692519685039
21
1.1704840551181102
0
LINE
8
BLACK
6
CONTINUOUS
10
0.8815692519685039
20
1.1704840551181102
11
0.8815692519685039
21
1.163846653543307
0
LINE
8
BLACK
6
CONTINUOUS
10
0.8815692519685039
20
1.163846653543307
11
0.8802743700787401
21
1.157336811023622
0
LINE
8
BLACK
6
CONTINUOUS
10
0.8802743700787401
20
1.157336811023622
11
0.8777343307086614
21
1.15120468503937
0
LINE
8
BLACK
6
CONTINUOUS
10
0.8777343307086614
20
1.15120468503937
11
0.874046811023622
21
1.1456859055118109
0
LINE
8
BLACK
6
CONTINUOUS
10
0.874046811023622
20
1.1456859055118109
11
0.8693534645669291
21
1.140992559055118
0
LINE
8
BLACK
6
CONTINUOUS
10
0.8693534645669291
20
1.140992559055118
11
0.8638346850393701
21
1.1373050393700788
0
LINE
8
BLACK
6
CONTINUOUS
10
0.8638346850393701
20
1.1373050393700788
11
0.8577025590551181
21
1.134765
0
LINE
8
BLACK
6
CONTINUOUS
10
0.8577025590551181
20
1.134765
11
0.851192716535433
21
1.1334701181102362
0
LINE
8
BLACK
6
CONTINUOUS
10
0.851192716535433
20
1.1334701181102362
11
0.8445553149606299
21
1.1334701181102362
0
LINE
8
BLACK
6
CONTINUOUS
10
0.8445553149606299
20
1.1334701181102362
11
0.8380454724409448
21
1.134765
0
LINE
8
BLACK
6
CONTINUOUS
10
0.8380454724409448
20
1.134765
11
0.8319133464566929
21
1.1373050393700788
0
LINE
8
BLACK
6
CONTINUOUS
10
0.8319133464566929
20
1.1373050393700788
11
0.8263945669291338
21
1.140992559055118
0
LINE
8
BLACK
6
CONTINUOUS
10
0.8263945669291338
20
1.140992559055118
11
0.8217012204724409
21
1.1456859055118109
0
LINE
8
BLACK
6
CONTINUOUS
10
0.8217012204724409
20
1.1456859055118109
11
0.8180137007874015
21
1.15120468503937
0
LINE
8
BLACK
6
CONTINUOUS
10
0.8180137007874015
20
1.15120468503937
11
0.8154736614173228
21
1.157336811023622
0
LINE
8
BLACK
6
CONTINUOUS
10
0.8154736614173228
20
1.157336811023622
11
0.814178779527559
21
1.163846653543307
0
LINE
8
BLACK
6
CONTINUOUS
10
0.814178779527559
20
1.163846653543307
11
0.814178779527559
21
1.1704840551181102
0
LINE
8
BLACK
6
CONTINUOUS
10
0.814178779527559
20
1.1704840551181102
11
0.8154736614173228
21
1.1769938976377952
0
LINE
8
BLACK
6
CONTINUOUS
10
0.8154736614173228
20
1.1769938976377952
11
0.8180137007874015
21
1.1831260236220471
0
LINE
8
BLACK
6
CONTINUOUS
10
0.8180137007874015
20
1.1831260236220471
11
0.8217012204724409
21
1.1886448031496062
0
LINE
8
BLACK
6
CONTINUOUS
10
0.8217012204724409
20
1.1886448031496062
11
0.8263945669291338
21
1.1933381496062991
0
LINE
8
BLACK
6
CONTINUOUS
10
0.8263945669291338
20
1.1933381496062991
11
0.8319133464566929
21
1.1970256692913386
0
LINE
8
BLACK
6
CONTINUOUS
10
0.8319133464566929
20
1.1970256692913386
11
0.8380454724409448
21
1.1995657086614173
0
LINE
8
BLACK
6
CONTINUOUS
10
0.8380454724409448
20
1.1995657086614173
11
0.8445553149606299
21
1.2008605905511811
0
LINE
8
BLACK
6
CONTINUOUS
10
0.8445553149606299
20
1.2008605905511811
11
0.851192716535433
21
1.2008605905511811
0
LINE
8
BLACK
6
CONTINUOUS
10
0.851192716535433
20
1.2008605905511811
11
0.8577025590551181
21
1.1995657086614173
0
LINE
8
BLACK
6
CONTINUOUS
10
0.9561277559055118
20
1.1995657086614173
11
0.9622598818897637
21
1.1970256692913386
0
LINE
8
BLACK
6
CONTINUOUS
10
0.9622598818897637
20
1.1970256692913386
11
0.9677786614173228
21
1.1933381496062991
0
LINE
8
BLACK
6
CONTINUOUS
10
0.9677786614173228
20
1.1933381496062991
11
0.9724720078740158
21
1.1886448031496062
0
LINE
8
BLACK
6
CONTINUOUS
10
0.9724720078740158
20
1.1886448031496062
11
0.9761595275590551
21
1.1831260236220471
0
LINE
8
BLACK
6
CONTINUOUS
10
0.9761595275590551
20
1.1831260236220471
11
0.9786995669291338
21
1.1769938976377952
0
LINE
8
BLACK
6
CONTINUOUS
10
0.9786995669291338
20
1.1769938976377952
11
0.9799944488188976
21
1.1704840551181102
0
LINE
8
BLACK
6
CONTINUOUS
10
0.9799944488188976
20
1.1704840551181102
11
0.9799944488188976
21
1.163846653543307
0
LINE
8
BLACK
6
CONTINUOUS
10
0.9799944488188976
20
1.163846653543307
11
0.9786995669291338
21
1.157336811023622
0
LINE
8
BLACK
6
CONTINUOUS
10
0.9786995669291338
20
1.157336811023622
11
0.9761595275590551
21
1.15120468503937
0
LINE
8
BLACK
6
CONTINUOUS
10
0.9761595275590551
20
1.15120468503937
11
0.9724720078740158
21
1.1456859055118109
0
LINE
8
BLACK
6
CONTINUOUS
10
0.9724720078740158
20
1.1456859055118109
11
0.9677786614173228
21
1.140992559055118
0
LINE
8
BLACK
6
CONTINUOUS
10
0.9677786614173228
20
1.140992559055118
11
0.9622598818897637
21
1.1373050393700788
0
LINE
8
BLACK
6
CONTINUOUS
10
0.9622598818897637
20
1.1373050393700788
11
0.9561277559055118
21
1.134765
0
LINE
8
BLACK
6
CONTINUOUS
10
0.9561277559055118
20
1.134765
11
0.9496179133858268
21
1.1334701181102362
0
LINE
8
BLACK
6
CONTINUOUS
10
0.9496179133858268
20
1.1334701181102362
11
0.9429805118110236
21
1.1334701181102362
0
LINE
8
BLACK
6
CONTINUOUS
10
0.9429805118110236
20
1.1334701181102362
11
0.9364706692913386
21
1.134765
0
LINE
8
BLACK
6
CONTINUOUS
10
0.9364706692913386
20
1.134765
11
0.9303385433070865
21
1.1373050393700788
0
LINE
8
BLACK
6
CONTINUOUS
10
0.9303385433070865
20
1.1373050393700788
11
0.9248197637795276
21
1.140992559055118
0
LINE
8
BLACK
6
CONTINUOUS
10
0.9248197637795276
20
1.140992559055118
11
0.9201264173228346
21
1.1456859055118109
0
LINE
8
BLACK
6
CONTINUOUS
10
0.9201264173228346
20
1.1456859055118109
11
0.9164388976377953
21
1.15120468503937
0
LINE
8
BLACK
6
CONTINUOUS
10
0.9164388976377953
20
1.15120468503937
11
0.9138988582677166
21
1.157336811023622
0
LINE
8
BLACK
6
CONTINUOUS
10
0.9138988582677166
20
1.157336811023622
11
0.9126039763779528
21
1.163846653543307
0
LINE
8
BLACK
6
CONTINUOUS
10
0.9126039763779528
20
1.163846653543307
11
0.9126039763779528
21
1.1704840551181102
0
LINE
8
BLACK
6
CONTINUOUS
10
0.9126039763779528
20
1.1704840551181102
11
0.9138988582677166
21
1.1769938976377952
0
LINE
8
BLACK
6
CONTINUOUS
10
0.9138988582677166
20
1.1769938976377952
11
0.9164388976377953
21
1.1831260236220471
0
LINE
8
BLACK
6
CONTINUOUS
10
0.9164388976377953
20
1.1831260236220471
11
0.9201264173228346
21
1.1886448031496062
0
LINE
8
BLACK
6
CONTINUOUS
10
0.9201264173228346
20
1.1886448031496062
11
0.9248197637795276
21
1.1933381496062991
0
LINE
8
BLACK
6
CONTINUOUS
10
0.9248197637795276
20
1.1933381496062991
11
0.9303385433070865
21
1.1970256692913386
0
LINE
8
BLACK
6
CONTINUOUS
10
0.9303385433070865
20
1.1970256692913386
11
0.9364706692913386
21
1.1995657086614173
0
LINE
8
BLACK
6
CONTINUOUS
10
0.9364706692913386
20
1.1995657086614173
11
0.9429805118110236
21
1.2008605905511811
0
LINE
8
BLACK
6
CONTINUOUS
10
0.9429805118110236
20
1.2008605905511811
11
0.9496179133858268
21
1.2008605905511811
0
LINE
8
BLACK
6
CONTINUOUS
10
0.9496179133858268
20
1.2008605905511811
11
0.9561277559055118
21
1.1995657086614173
0
LINE
8
BLACK
6
CONTINUOUS
10
5.1220969685039366
20
1.2124693700787401
11
5.1270607086614168
21
1.2111393700787401
0
LINE
8
BLACK
6
CONTINUOUS
10
5.1270607086614168
20
1.2111393700787401
11
5.1315110629921259
21
1.2085699606299212
0
LINE
8
BLACK
6
CONTINUOUS
10
5.1315110629921259
20
1.2085699606299212
11
5.1351447637795271
21
1.2049362598425197
0
LINE
8
BLACK
6
CONTINUOUS
10
5.1351447637795271
20
1.2049362598425197
11
5.1352741732283462
21
1.2047120866141732
0
LINE
8
BLACK
6
CONTINUOUS
10
5.1352741732283462
20
1.2047120866141732
11
5.136478188976378
21
1.2065139370078739
0
LINE
8
BLACK
6
CONTINUOUS
10
5.136478188976378
20
1.2065139370078739
11
5.1399906299212601
21
1.2088609055118109
0
LINE
8
BLACK
6
CONTINUOUS
10
5.1399906299212601
20
1.2088609055118109
11
5.1441338582677165
21
1.2096850393700787
0
LINE
8
BLACK
6
CONTINUOUS
10
5.1441338582677165
20
1.2096850393700787
11
5.1618503937007869
21
1.2096850393700787
0
LINE
8
BLACK
6
CONTINUOUS
10
5.1618503937007869
20
1.2096850393700787
11
5.1659936220472442
21
1.2088609055118109
0
LINE
8
BLACK
6
CONTINUOUS
10
5.1659936220472442
20
1.2088609055118109
11
5.1695060629921255
21
1.2065139370078739
0
LINE
8
BLACK
6
CONTINUOUS
10
5.1695060629921255
20
1.2065139370078739
11
5.1718530314960631
21
1.203001496062992
0
LINE
8
BLACK
6
CONTINUOUS
10
5.1718530314960631
20
1.203001496062992
11
5.1726771653543304
21
1.1988582677165354
0
LINE
8
BLACK
6
CONTINUOUS
10
5.1726771653543304
20
1.1988582677165354
11
5.1726771653543304
21
1.1653937007874016
0
LINE
8
BLACK
6
CONTINUOUS
10
5.1726771653543304
20
1.1653937007874016
11
5.1718530314960631
21
1.1612504724409449
0
LINE
8
BLACK
6
CONTINUOUS
10
5.1718530314960631
20
1.1612504724409449
11
5.1695060629921255
21
1.157738031496063
0
LINE
8
BLACK
6
CONTINUOUS
10
5.1695060629921255
20
1.157738031496063
11
5.1659936220472442
21
1.155391062992126
0
LINE
8
BLACK
6
CONTINUOUS
10
5.1659936220472442
20
1.155391062992126
11
5.1618503937007869
21
1.1545669291338583
0
LINE
8
BLACK
6
CONTINUOUS
10
5.1618503937007869
20
1.1545669291338583
11
5.1441338582677165
21
1.1545669291338583
0
LINE
8
BLACK
6
CONTINUOUS
10
5.1441338582677165
20
1.1545669291338583
11
5.1399906299212601
21
1.155391062992126
0
LINE
8
BLACK
6
CONTINUOUS
10
5.1399906299212601
20
1.155391062992126
11
5.136478188976378
21
1.157738031496063
0
LINE
8
BLACK
6
CONTINUOUS
10
5.136478188976378
20
1.157738031496063
11
5.1341312204724412
21
1.1612504724409449
0
LINE
8
BLACK
6
CONTINUOUS
10
5.1341312204724412
20
1.1612504724409449
11
5.133307086614173
21
1.1653937007874016
0
LINE
8
BLACK
6
CONTINUOUS
10
5.133307086614173
20
1.1653937007874016
11
5.133307086614173
21
1.1791315748031497
0
LINE
8
BLACK
6
CONTINUOUS
10
5.133307086614173
20
1.1791315748031497
11
5.1315110629921259
21
1.1773355511811023
0
LINE
8
BLACK
6
CONTINUOUS
10
5.1315110629921259
20
1.1773355511811023
11
5.1270607086614168
21
1.1747661417322834
0
LINE
8
BLACK
6
CONTINUOUS
10
5.1270607086614168
20
1.1747661417322834
11
5.1220969685039366
21
1.1734361417322834
0
LINE
8
BLACK
6
CONTINUOUS
10
5.1220969685039366
20
1.1734361417322834
11
5.1195275590551184
21
1.173267716535433
0
LINE
8
BLACK
6
CONTINUOUS
10
5.1195275590551184
20
1.173267716535433
11
5.1082576771653541
21
1.173267716535433
0
LINE
8
BLACK
6
CONTINUOUS
10
5.1082576771653541
20
1.173267716535433
11
5.1108833858267717
21
1.1715133070866142
0
LINE
8
BLACK
6
CONTINUOUS
10
5.1108833858267717
20
1.1715133070866142
11
5.1129102755905507
21
1.1684798031496062
0
LINE
8
BLACK
6
CONTINUOUS
10
5.1129102755905507
20
1.1684798031496062
11
5.1136220472440943
21
1.1649015748031495
0
LINE
8
BLACK
6
CONTINUOUS
10
5.1136220472440943
20
1.1649015748031495
11
5.1136220472440943
21
1.1501377952755905
0
LINE
8
BLACK
6
CONTINUOUS
10
5.1136220472440943
20
1.1501377952755905
11
5.1129102755905507
21
1.1465595669291337
0
LINE
8
BLACK
6
CONTINUOUS
10
5.1129102755905507
20
1.1465595669291337
11
5.1108833858267717
21
1.143526062992126
0
LINE
8
BLACK
6
CONTINUOUS
10
5.1108833858267717
20
1.143526062992126
11
5.1078498818897637
21
1.1414991732283464
0
LINE
8
BLACK
6
CONTINUOUS
10
5.1078498818897637
20
1.1414991732283464
11
5.1042716535433073
21
1.1407874015748032
0
LINE
8
BLACK
6
CONTINUOUS
10
5.1042716535433073
20
1.1407874015748032
11
5.0481692913385823
21
1.1407874015748032
0
LINE
8
BLACK
6
CONTINUOUS
10
5.0481692913385823
20
1.1407874015748032
11
5.0445910629921258
21
1.1414991732283464
0
LINE
8
BLACK
6
CONTINUOUS
10
5.0445910629921258
20
1.1414991732283464
11
5.0415575590551178
21
1.143526062992126
0
LINE
8
BLACK
6
CONTINUOUS
10
5.0415575590551178
20
1.143526062992126
11
5.0395306692913389
21
1.1465595669291337
0
LINE
8
BLACK
6
CONTINUOUS
10
5.0395306692913389
20
1.1465595669291337
11
5.0388188976377952
21
1.1501377952755905
0
LINE
8
BLACK
6
CONTINUOUS
10
5.0388188976377952
20
1.1501377952755905
11
5.0388188976377952
21
1.1649015748031495
0
LINE
8
BLACK
6
CONTINUOUS
10
5.0388188976377952
20
1.1649015748031495
11
5.0395306692913389
21
1.1684798031496062
0
LINE
8
BLACK
6
CONTINUOUS
10
5.0395306692913389
20
1.1684798031496062
11
5.0415575590551178
21
1.1715133070866142
0
LINE
8
BLACK
6
CONTINUOUS
10
5.0415575590551178
20
1.1715133070866142
11
5.0445910629921258
21
1.1735401968503936
0
LINE
8
BLACK
6
CONTINUOUS
10
5.0445910629921258
20
1.1735401968503936
11
5.0481692913385823
21
1.174251968503937
0
LINE
8
BLACK
6
CONTINUOUS
10
5.0481692913385823
20
1.174251968503937
11
5.0981653543307086
21
1.174251968503937
0
LINE
8
BLACK
6
CONTINUOUS
10
5.0981653543307086
20
1.174251968503937
11
5.096246377952756
21
1.1747661417322834
0
LINE
8
BLACK
6
CONTINUOUS
10
5.096246377952756
20
1.1747661417322834
11
5.091796023622047
21
1.1773355511811023
0
LINE
8
BLACK
6
CONTINUOUS
10
5.091796023622047
20
1.1773355511811023
11
5.0881623228346458
21
1.180969251968504
0
LINE
8
BLACK
6
CONTINUOUS
10
5.0881623228346458
20
1.180969251968504
11
5.0855929133858266
21
1.1854196062992126
0
LINE
8
BLACK
6
CONTINUOUS
10
5.0855929133858266
20
1.1854196062992126
11
5.0842629133858264
21
1.1903833464566929
0
LINE
8
BLACK
6
CONTINUOUS
10
5.0842629133858264
20
1.1903833464566929
11
5.0842629133858264
21
1.1955221653543306
0
LINE
8
BLACK
6
CONTINUOUS
10
5.0842629133858264
20
1.1955221653543306
11
5.0855929133858266
21
1.2004859055118109
0
LINE
8
BLACK
6
CONTINUOUS
10
5.0855929133858266
20
1.2004859055118109
11
5.0881623228346458
21
1.2049362598425197
0
LINE
8
BLACK
6
CONTINUOUS
10
5.0881623228346458
20
1.2049362598425197
11
5.091796023622047
21
1.2085699606299212
0
LINE
8
BLACK
6
CONTINUOUS
10
5.091796023622047
20
1.2085699606299212
11
5.096246377952756
21
1.2111393700787401
0
LINE
8
BLACK
6
CONTINUOUS
10
5.096246377952756
20
1.2111393700787401
11
5.1012101181102363
21
1.2124693700787401
0
LINE
8
BLACK
6
CONTINUOUS
10
5.1012101181102363
20
1.2124693700787401
11
5.1037795275590554
21
1.2126377952755905
0
LINE
8
BLACK
6
CONTINUOUS
10
5.1037795275590554
20
1.2126377952755905
11
5.1195275590551184
21
1.2126377952755905
0
LINE
8
BLACK
6
CONTINUOUS
10
5.1195275590551184
20
1.2126377952755905
11
5.1220969685039366
21
1.2124693700787401
0
LINE
8
BLACK
6
CONTINUOUS
10
0.562426968503937
20
1.3176759448818898
11
0.568559094488189
21
1.315135905511811
0
LINE
8
BLACK
6
CONTINUOUS
10
0.568559094488189
20
1.315135905511811
11
0.5740778740157481
21
1.3114483858267716
0
LINE
8
BLACK
6
CONTINUOUS
10
0.5740778740157481
20
1.3114483858267716
11
0.5787712204724409
21
1.3067550393700786
0
LINE
8
BLACK
6
CONTINUOUS
10
0.5787712204724409
20
1.3067550393700786
11
0.5824587401574803
21
1.3012362598425196
0
LINE
8
BLACK
6
CONTINUOUS
10
0.5824587401574803
20
1.3012362598425196
11
0.5849987795275591
21
1.2951041338582676
0
LINE
8
BLACK
6
CONTINUOUS
10
0.5849987795275591
20
1.2951041338582676
11
0.5862936614173229
21
1.2885942913385826
0
LINE
8
BLACK
6
CONTINUOUS
10
0.5862936614173229
20
1.2885942913385826
11
0.5862936614173229
21
1.2819568897637794
0
LINE
8
BLACK
6
CONTINUOUS
10
0.5862936614173229
20
1.2819568897637794
11
0.5849987795275591
21
1.2754470472440944
0
LINE
8
BLACK
6
CONTINUOUS
10
0.5849987795275591
20
1.2754470472440944
11
0.5824587401574803
21
1.2693149212598425
0
LINE
8
BLACK
6
CONTINUOUS
10
0.5824587401574803
20
1.2693149212598425
11
0.5787712204724409
21
1.2637961417322834
0
LINE
8
BLACK
6
CONTINUOUS
10
0.5787712204724409
20
1.2637961417322834
11
0.5740778740157481
21
1.2591027952755904
0
LINE
8
BLACK
6
CONTINUOUS
10
0.5740778740157481
20
1.2591027952755904
11
0.568559094488189
21
1.2554152755905512
0
LINE
8
BLACK
6
CONTINUOUS
10
0.568559094488189
20
1.2554152755905512
11
0.562426968503937
21
1.2528752362204725
0
LINE
8
BLACK
6
CONTINUOUS
10
0.562426968503937
20
1.2528752362204725
11
0.5559171259842519
21
1.2515803543307087
0
LINE
8
BLACK
6
CONTINUOUS
10
0.5559171259842519
20
1.2515803543307087
11
0.5492797244094488
21
1.2515803543307087
0
LINE
8
BLACK
6
CONTINUOUS
10
0.5492797244094488
20
1.2515803543307087
11
0.5427698818897637
21
1.2528752362204725
0
LINE
8
BLACK
6
CONTINUOUS
10
0.5427698818897637
20
1.2528752362204725
11
0.5366377559055118
21
1.2554152755905512
0
LINE
8
BLACK
6
CONTINUOUS
10
0.5366377559055118
20
1.2554152755905512
11
0.5311189763779527
21
1.2591027952755904
0
LINE
8
BLACK
6
CONTINUOUS
10
0.5311189763779527
20
1.2591027952755904
11
0.5264256299212599
21
1.2637961417322834
0
LINE
8
BLACK
6
CONTINUOUS
10
0.5264256299212599
20
1.2637961417322834
11
0.5227381102362204
21
1.2693149212598425
0
LINE
8
BLACK
6
CONTINUOUS
10
0.5227381102362204
20
1.2693149212598425
11
0.5201980708661417
21
1.2754470472440944
0
LINE
8
BLACK
6
CONTINUOUS
10
0.5201980708661417
20
1.2754470472440944
11
0.518903188976378
21
1.2819568897637794
0
LINE
8
BLACK
6
CONTINUOUS
10
0.518903188976378
20
1.2819568897637794
11
0.518903188976378
21
1.2885942913385826
0
LINE
8
BLACK
6
CONTINUOUS
10
0.518903188976378
20
1.2885942913385826
11
0.5201980708661417
21
1.2951041338582676
0
LINE
8
BLACK
6
CONTINUOUS
10
0.5201980708661417
20
1.2951041338582676
11
0.5227381102362204
21
1.3012362598425196
0
LINE
8
BLACK
6
CONTINUOUS
10
0.5227381102362204
20
1.3012362598425196
11
0.5264256299212599
21
1.3067550393700786
0
LINE
8
BLACK
6
CONTINUOUS
10
0.5264256299212599
20
1.3067550393700786
11
0.5311189763779527
21
1.3114483858267716
0
LINE
8
BLACK
6
CONTINUOUS
10
0.5311189763779527
20
1.3114483858267716
11
0.5366377559055118
21
1.315135905511811
0
LINE
8
BLACK
6
CONTINUOUS
10
0.5366377559055118
20
1.315135905511811
11
0.5427698818897637
21
1.3176759448818898
0
LINE
8
BLACK
6
CONTINUOUS
10
0.5427698818897637
20
1.3176759448818898
11
0.5492797244094488
21
1.3189708267716536
0
LINE
8
BLACK
6
CONTINUOUS
10
0.5492797244094488
20
1.3189708267716536
11
0.5559171259842519
21
1.3189708267716536
0
LINE
8
BLACK
6
CONTINUOUS
10
0.5559171259842519
20
1.3189708267716536
11
0.562426968503937
21
1.3176759448818898
0
LINE
8
BLACK
6
CONTINUOUS
10
0.6608521653543307
20
1.3176759448818898
11
0.6669842913385826
21
1.315135905511811
0
LINE
8
BLACK
6
CONTINUOUS
10
0.6669842913385826
20
1.315135905511811
11
0.6725030708661417
21
1.3114483858267716
0
LINE
8
BLACK
6
CONTINUOUS
10
0.6725030708661417
20
1.3114483858267716
11
0.6771964173228346
21
1.3067550393700786
0
LINE
8
BLACK
6
CONTINUOUS
10
0.6771964173228346
20
1.3067550393700786
11
0.680883937007874
21
1.3012362598425196
0
LINE
8
BLACK
6
CONTINUOUS
10
0.680883937007874
20
1.3012362598425196
11
0.6834239763779527
21
1.2951041338582676
0
LINE
8
BLACK
6
CONTINUOUS
10
0.6834239763779527
20
1.2951041338582676
11
0.6847188582677165
21
1.2885942913385826
0
LINE
8
BLACK
6
CONTINUOUS
10
0.6847188582677165
20
1.2885942913385826
11
0.6847188582677165
21
1.2819568897637794
0
LINE
8
BLACK
6
CONTINUOUS
10
0.6847188582677165
20
1.2819568897637794
11
0.6834239763779527
21
1.2754470472440944
0
LINE
8
BLACK
6
CONTINUOUS
10
0.6834239763779527
20
1.2754470472440944
11
0.680883937007874
21
1.2693149212598425
0
LINE
8
BLACK
6
CONTINUOUS
10
0.680883937007874
20
1.2693149212598425
11
0.6771964173228346
21
1.2637961417322834
0
LINE
8
BLACK
6
CONTINUOUS
10
0.6771964173228346
20
1.2637961417322834
11
0.6725030708661417
21
1.2591027952755904
0
LINE
8
BLACK
6
CONTINUOUS
10
0.6725030708661417
20
1.2591027952755904
11
0.6669842913385826
21
1.2554152755905512
0
LINE
8
BLACK
6
CONTINUOUS
10
0.6669842913385826
20
1.2554152755905512
11
0.6608521653543307
21
1.2528752362204725
0
LINE
8
BLACK
6
CONTINUOUS
10
0.6608521653543307
20
1.2528752362204725
11
0.6543423228346457
21
1.2515803543307087
0
LINE
8
BLACK
6
CONTINUOUS
10
0.6543423228346457
20
1.2515803543307087
11
0.6477049212598425
21
1.2515803543307087
0
LINE
8
BLACK
6
CONTINUOUS
10
0.6477049212598425
20
1.2515803543307087
11
0.6411950787401575
21
1.2528752362204725
0
LINE
8
BLACK
6
CONTINUOUS
10
0.6411950787401575
20
1.2528752362204725
11
0.6350629527559055
21
1.2554152755905512
0
LINE
8
BLACK
6
CONTINUOUS
10
0.6350629527559055
20
1.2554152755905512
11
0.6295441732283464
21
1.2591027952755904
0
LINE
8
BLACK
6
CONTINUOUS
10
0.6295441732283464
20
1.2591027952755904
11
0.6248508267716535
21
1.2637961417322834
0
LINE
8
BLACK
6
CONTINUOUS
10
0.6248508267716535
20
1.2637961417322834
11
0.6211633070866142
21
1.2693149212598425
0
LINE
8
BLACK
6
CONTINUOUS
10
0.6211633070866142
20
1.2693149212598425
11
0.6186232677165354
21
1.2754470472440944
0
LINE
8
BLACK
6
CONTINUOUS
10
0.6186232677165354
20
1.2754470472440944
11
0.6173283858267716
21
1.2819568897637794
0
LINE
8
BLACK
6
CONTINUOUS
10
0.6173283858267716
20
1.2819568897637794
11
0.6173283858267716
21
1.2885942913385826
0
LINE
8
BLACK
6
CONTINUOUS
10
0.6173283858267716
20
1.2885942913385826
11
0.6186232677165354
21
1.2951041338582676
0
LINE
8
BLACK
6
CONTINUOUS
10
0.6186232677165354
20
1.2951041338582676
11
0.6211633070866142
21
1.3012362598425196
0
LINE
8
BLACK
6
CONTINUOUS
10
0.6211633070866142
20
1.3012362598425196
11
0.6248508267716535
21
1.3067550393700786
0
LINE
8
BLACK
6
CONTINUOUS
10
0.6248508267716535
20
1.3067550393700786
11
0.6295441732283464
21
1.3114483858267716
0
LINE
8
BLACK
6
CONTINUOUS
10
0.6295441732283464
20
1.3114483858267716
11
0.6350629527559055
21
1.315135905511811
0
LINE
8
BLACK
6
CONTINUOUS
10
0.6350629527559055
20
1.315135905511811
11
0.6411950787401575
21
1.3176759448818898
0
LINE
8
BLACK
6
CONTINUOUS
10
0.6411950787401575
20
1.3176759448818898
11
0.6477049212598425
21
1.3189708267716536
0
LINE
8
BLACK
6
CONTINUOUS
10
0.6477049212598425
20
1.3189708267716536
11
0.6543423228346457
21
1.3189708267716536
0
LINE
8
BLACK
6
CONTINUOUS
10
0.6543423228346457
20
1.3189708267716536
11
0.6608521653543307
21
1.3176759448818898
0
LINE
8
BLACK
6
CONTINUOUS
10
0.7592773622047244
20
1.3176759448818898
11
0.7654094881889764
21
1.315135905511811
0
LINE
8
BLACK
6
CONTINUOUS
10
0.7654094881889764
20
1.315135905511811
11
0.7709282677165354
21
1.3114483858267716
0
LINE
8
BLACK
6
CONTINUOUS
10
0.7709282677165354
20
1.3114483858267716
11
0.7756216141732283
21
1.3067550393700786
0
LINE
8
BLACK
6
CONTINUOUS
10
0.7756216141732283
20
1.3067550393700786
11
0.7793091338582677
21
1.3012362598425196
0
LINE
8
BLACK
6
CONTINUOUS
10
0.7793091338582677
20
1.3012362598425196
11
0.7818491732283465
21
1.2951041338582676
0
LINE
8
BLACK
6
CONTINUOUS
10
0.7818491732283465
20
1.2951041338582676
11
0.7831440551181102
21
1.2885942913385826
0
LINE
8
BLACK
6
CONTINUOUS
10
0.7831440551181102
20
1.2885942913385826
11
0.7831440551181102
21
1.2819568897637794
0
LINE
8
BLACK
6
CONTINUOUS
10
0.7831440551181102
20
1.2819568897637794
11
0.7818491732283465
21
1.2754470472440944
0
LINE
8
BLACK
6
CONTINUOUS
10
0.7818491732283465
20
1.2754470472440944
11
0.7793091338582677
21
1.2693149212598425
0
LINE
8
BLACK
6
CONTINUOUS
10
0.7793091338582677
20
1.2693149212598425
11
0.7756216141732283
21
1.2637961417322834
0
LINE
8
BLACK
6
CONTINUOUS
10
0.7756216141732283
20
1.2637961417322834
11
0.7709282677165354
21
1.2591027952755904
0
LINE
8
BLACK
6
CONTINUOUS
10
0.7709282677165354
20
1.2591027952755904
11
0.7654094881889764
21
1.2554152755905512
0
LINE
8
BLACK
6
CONTINUOUS
10
0.7654094881889764
20
1.2554152755905512
11
0.7592773622047244
21
1.2528752362204725
0
LINE
8
BLACK
6
CONTINUOUS
10
0.7592773622047244
20
1.2528752362204725
11
0.7527675196850393
21
1.2515803543307087
0
LINE
8
BLACK
6
CONTINUOUS
10
0.7527675196850393
20
1.2515803543307087
11
0.7461301181102362
21
1.2515803543307087
0
LINE
8
BLACK
6
CONTINUOUS
10
0.7461301181102362
20
1.2515803543307087
11
0.7396202755905512
21
1.2528752362204725
0
LINE
8
BLACK
6
CONTINUOUS
10
0.7396202755905512
20
1.2528752362204725
11
0.7334881496062992
21
1.2554152755905512
0
LINE
8
BLACK
6
CONTINUOUS
10
0.7334881496062992
20
1.2554152755905512
11
0.7279693700787402
21
1.2591027952755904
0
LINE
8
BLACK
6
CONTINUOUS
10
0.7279693700787402
20
1.2591027952755904
11
0.7232760236220472
21
1.2637961417322834
0
LINE
8
BLACK
6
CONTINUOUS
10
0.7232760236220472
20
1.2637961417322834
11
0.7195885039370079
21
1.2693149212598425
0
LINE
8
BLACK
6
CONTINUOUS
10
0.7195885039370079
20
1.2693149212598425
11
0.7170484645669292
21
1.2754470472440944
0
LINE
8
BLACK
6
CONTINUOUS
10
0.7170484645669292
20
1.2754470472440944
11
0.7157535826771654
21
1.2819568897637794
0
LINE
8
BLACK
6
CONTINUOUS
10
0.7157535826771654
20
1.2819568897637794
11
0.7157535826771654
21
1.2885942913385826
0
LINE
8
BLACK
6
CONTINUOUS
10
0.7157535826771654
20
1.2885942913385826
11
0.7170484645669292
21
1.2951041338582676
0
LINE
8
BLACK
6
CONTINUOUS
10
0.7170484645669292
20
1.2951041338582676
11
0.7195885039370079
21
1.3012362598425196
0
LINE
8
BLACK
6
CONTINUOUS
10
0.7195885039370079
20
1.3012362598425196
11
0.7232760236220472
21
1.3067550393700786
0
LINE
8
BLACK
6
CONTINUOUS
10
0.7232760236220472
20
1.3067550393700786
11
0.7279693700787402
21
1.3114483858267716
0
LINE
8
BLACK
6
CONTINUOUS
10
0.7279693700787402
20
1.3114483858267716
11
0.7334881496062992
21
1.315135905511811
0
LINE
8
BLACK
6
CONTINUOUS
10
0.7334881496062992
20
1.315135905511811
11
0.7396202755905512
21
1.3176759448818898
0
LINE
8
BLACK
6
CONTINUOUS
10
0.7396202755905512
20
1.3176759448818898
11
0.7461301181102362
21
1.3189708267716536
0
LINE
8
BLACK
6
CONTINUOUS
10
0.7461301181102362
20
1.3189708267716536
11
0.7527675196850393
21
1.3189708267716536
0
LINE
8
BLACK
6
CONTINUOUS
10
0.7527675196850393
20
1.3189708267716536
11
0.7592773622047244
21
1.3176759448818898
0
LINE
8
BLACK
6
CONTINUOUS
10
0.8577025590551181
20
1.3176759448818898
11
0.8638346850393701
21
1.315135905511811
0
LINE
8
BLACK
6
CONTINUOUS
10
0.8638346850393701
20
1.315135905511811
11
0.8693534645669291
21
1.3114483858267716
0
LINE
8
BLACK
6
CONTINUOUS
10
0.8693534645669291
20
1.3114483858267716
11
0.874046811023622
21
1.3067550393700786
0
LINE
8
BLACK
6
CONTINUOUS
10
0.874046811023622
20
1.3067550393700786
11
0.8777343307086614
21
1.3012362598425196
0
LINE
8
BLACK
6
CONTINUOUS
10
0.8777343307086614
20
1.3012362598425196
11
0.8802743700787401
21
1.2951041338582676
0
LINE
8
BLACK
6
CONTINUOUS
10
0.8802743700787401
20
1.2951041338582676
11
0.8815692519685039
21
1.2885942913385826
0
LINE
8
BLACK
6
CONTINUOUS
10
0.8815692519685039
20
1.2885942913385826
11
0.8815692519685039
21
1.2819568897637794
0
LINE
8
BLACK
6
CONTINUOUS
10
0.8815692519685039
20
1.2819568897637794
11
0.8802743700787401
21
1.2754470472440944
0
LINE
8
BLACK
6
CONTINUOUS
10
0.8802743700787401
20
1.2754470472440944
11
0.8777343307086614
21
1.2693149212598425
0
LINE
8
BLACK
6
CONTINUOUS
10
0.8777343307086614
20
1.2693149212598425
11
0.874046811023622
21
1.2637961417322834
0
LINE
8
BLACK
6
CONTINUOUS
10
0.874046811023622
20
1.2637961417322834
11
0.8693534645669291
21
1.2591027952755904
0
LINE
8
BLACK
6
CONTINUOUS
10
0.8693534645669291
20
1.2591027952755904
11
0.8638346850393701
21
1.2554152755905512
0
LINE
8
BLACK
6
CONTINUOUS
10
0.8638346850393701
20
1.2554152755905512
11
0.8577025590551181
21
1.2528752362204725
0
LINE
8
BLACK
6
CONTINUOUS
10
0.8577025590551181
20
1.2528752362204725
11
0.851192716535433
21
1.2515803543307087
0
LINE
8
BLACK
6
CONTINUOUS
10
0.851192716535433
20
1.2515803543307087
11
0.8445553149606299
21
1.2515803543307087
0
LINE
8
BLACK
6
CONTINUOUS
10
0.8445553149606299
20
1.2515803543307087
11
0.8380454724409448
21
1.2528752362204725
0
LINE
8
BLACK
6
CONTINUOUS
10
0.8380454724409448
20
1.2528752362204725
11
0.8319133464566929
21
1.2554152755905512
0
LINE
8
BLACK
6
CONTINUOUS
10
0.8319133464566929
20
1.2554152755905512
11
0.8263945669291338
21
1.2591027952755904
0
LINE
8
BLACK
6
CONTINUOUS
10
0.8263945669291338
20
1.2591027952755904
11
0.8217012204724409
21
1.2637961417322834
0
LINE
8
BLACK
6
CONTINUOUS
10
0.8217012204724409
20
1.2637961417322834
11
0.8180137007874015
21
1.2693149212598425
0
LINE
8
BLACK
6
CONTINUOUS
10
0.8180137007874015
20
1.2693149212598425
11
0.8154736614173228
21
1.2754470472440944
0
LINE
8
BLACK
6
CONTINUOUS
10
0.8154736614173228
20
1.2754470472440944
11
0.814178779527559
21
1.2819568897637794
0
LINE
8
BLACK
6
CONTINUOUS
10
0.814178779527559
20
1.2819568897637794
11
0.814178779527559
21
1.2885942913385826
0
LINE
8
BLACK
6
CONTINUOUS
10
0.814178779527559
20
1.2885942913385826
11
0.8154736614173228
21
1.2951041338582676
0
LINE
8
BLACK
6
CONTINUOUS
10
0.8154736614173228
20
1.2951041338582676
11
0.8180137007874015
21
1.3012362598425196
0
LINE
8
BLACK
6
CONTINUOUS
10
0.8180137007874015
20
1.3012362598425196
11
0.8217012204724409
21
1.3067550393700786
0
LINE
8
BLACK
6
CONTINUOUS
10
0.8217012204724409
20
1.3067550393700786
11
0.8263945669291338
21
1.3114483858267716
0
LINE
8
BLACK
6
CONTINUOUS
10
0.8263945669291338
20
1.3114483858267716
11
0.8319133464566929
21
1.315135905511811
0
LINE
8
BLACK
6
CONTINUOUS
10
0.8319133464566929
20
1.315135905511811
11
0.8380454724409448
21
1.3176759448818898
0
LINE
8
BLACK
6
CONTINUOUS
10
0.8380454724409448
20
1.3176759448818898
11
0.8445553149606299
21
1.3189708267716536
0
LINE
8
BLACK
6
CONTINUOUS
10
0.8445553149606299
20
1.3189708267716536
11
0.851192716535433
21
1.3189708267716536
0
LINE
8
BLACK
6
CONTINUOUS
10
0.851192716535433
20
1.3189708267716536
11
0.8577025590551181
21
1.3176759448818898
0
LINE
8
BLACK
6
CONTINUOUS
10
0.9561277559055118
20
1.3176759448818898
11
0.9622598818897637
21
1.315135905511811
0
LINE
8
BLACK
6
CONTINUOUS
10
0.9622598818897637
20
1.315135905511811
11
0.9677786614173228
21
1.3114483858267716
0
LINE
8
BLACK
6
CONTINUOUS
10
0.9677786614173228
20
1.3114483858267716
11
0.9724720078740158
21
1.3067550393700786
0
LINE
8
BLACK
6
CONTINUOUS
10
0.9724720078740158
20
1.3067550393700786
11
0.9761595275590551
21
1.3012362598425196
0
LINE
8
BLACK
6
CONTINUOUS
10
0.9761595275590551
20
1.3012362598425196
11
0.9786995669291338
21
1.2951041338582676
0
LINE
8
BLACK
6
CONTINUOUS
10
0.9786995669291338
20
1.2951041338582676
11
0.9799944488188976
21
1.2885942913385826
0
LINE
8
BLACK
6
CONTINUOUS
10
0.9799944488188976
20
1.2885942913385826
11
0.9799944488188976
21
1.2819568897637794
0
LINE
8
BLACK
6
CONTINUOUS
10
0.9799944488188976
20
1.2819568897637794
11
0.9786995669291338
21
1.2754470472440944
0
LINE
8
BLACK
6
CONTINUOUS
10
0.9786995669291338
20
1.2754470472440944
11
0.9761595275590551
21
1.2693149212598425
0
LINE
8
BLACK
6
CONTINUOUS
10
0.9761595275590551
20
1.2693149212598425
11
0.9724720078740158
21
1.2637961417322834
0
LINE
8
BLACK
6
CONTINUOUS
10
0.9724720078740158
20
1.2637961417322834
11
0.9677786614173228
21
1.2591027952755904
0
LINE
8
BLACK
6
CONTINUOUS
10
0.9677786614173228
20
1.2591027952755904
11
0.9622598818897637
21
1.2554152755905512
0
LINE
8
BLACK
6
CONTINUOUS
10
0.9622598818897637
20
1.2554152755905512
11
0.9561277559055118
21
1.2528752362204725
0
LINE
8
BLACK
6
CONTINUOUS
10
0.9561277559055118
20
1.2528752362204725
11
0.9496179133858268
21
1.2515803543307087
0
LINE
8
BLACK
6
CONTINUOUS
10
0.9496179133858268
20
1.2515803543307087
11
0.9429805118110236
21
1.2515803543307087
0
LINE
8
BLACK
6
CONTINUOUS
10
0.9429805118110236
20
1.2515803543307087
11
0.9364706692913386
21
1.2528752362204725
0
LINE
8
BLACK
6
CONTINUOUS
10
0.9364706692913386
20
1.2528752362204725
11
0.9303385433070865
21
1.2554152755905512
0
LINE
8
BLACK
6
CONTINUOUS
10
0.9303385433070865
20
1.2554152755905512
11
0.9248197637795276
21
1.2591027952755904
0
LINE
8
BLACK
6
CONTINUOUS
10
0.9248197637795276
20
1.2591027952755904
11
0.9201264173228346
21
1.2637961417322834
0
LINE
8
BLACK
6
CONTINUOUS
10
0.9201264173228346
20
1.2637961417322834
11
0.9164388976377953
21
1.2693149212598425
0
LINE
8
BLACK
6
CONTINUOUS
10
0.9164388976377953
20
1.2693149212598425
11
0.9138988582677166
21
1.2754470472440944
0
LINE
8
BLACK
6
CONTINUOUS
10
0.9138988582677166
20
1.2754470472440944
11
0.9126039763779528
21
1.2819568897637794
0
LINE
8
BLACK
6
CONTINUOUS
10
0.9126039763779528
20
1.2819568897637794
11
0.9126039763779528
21
1.2885942913385826
0
LINE
8
BLACK
6
CONTINUOUS
10
0.9126039763779528
20
1.2885942913385826
11
0.9138988582677166
21
1.2951041338582676
0
LINE
8
BLACK
6
CONTINUOUS
10
0.9138988582677166
20
1.2951041338582676
11
0.9164388976377953
21
1.3012362598425196
0
LINE
8
BLACK
6
CONTINUOUS
10
0.9164388976377953
20
1.3012362598425196
11
0.9201264173228346
21
1.3067550393700786
0
LINE
8
BLACK
6
CONTINUOUS
10
0.9201264173228346
20
1.3067550393700786
11
0.9248197637795276
21
1.3114483858267716
0
LINE
8
BLACK
6
CONTINUOUS
10
0.9248197637795276
20
1.3114483858267716
11
0.9303385433070865
21
1.315135905511811
0
LINE
8
BLACK
6
CONTINUOUS
10
0.9303385433070865
20
1.315135905511811
11
0.9364706692913386
21
1.3176759448818898
0
LINE
8
BLACK
6
CONTINUOUS
10
0.9364706692913386
20
1.3176759448818898
11
0.9429805118110236
21
1.3189708267716536
0
LINE
8
BLACK
6
CONTINUOUS
10
0.9429805118110236
20
1.3189708267716536
11
0.9496179133858268
21
1.3189708267716536
0
LINE
8
BLACK
6
CONTINUOUS
10
0.9496179133858268
20
1.3189708267716536
11
0.9561277559055118
21
1.3176759448818898
0
LINE
8
BLACK
6
CONTINUOUS
10
5.103912874015748
20
1.3664535826771653
11
5.106946377952756
21
1.3644266929133857
0
LINE
8
BLACK
6
CONTINUOUS
10
5.106946377952756
20
1.3644266929133857
11
5.1089732677165349
21
1.361393188976378
0
LINE
8
BLACK
6
CONTINUOUS
10
5.1089732677165349
20
1.361393188976378
11
5.1096850393700786
21
1.3578149606299212
0
LINE
8
BLACK
6
CONTINUOUS
10
5.1096850393700786
20
1.3578149606299212
11
5.1096850393700786
21
1.3430511811023622
0
LINE
8
BLACK
6
CONTINUOUS
10
5.1096850393700786
20
1.3430511811023622
11
5.1089732677165349
21
1.3394729527559055
0
LINE
8
BLACK
6
CONTINUOUS
10
5.1089732677165349
20
1.3394729527559055
11
5.106946377952756
21
1.3364394488188975
0
LINE
8
BLACK
6
CONTINUOUS
10
5.106946377952756
20
1.3364394488188975
11
5.1043206692913383
21
1.3346850393700787
0
LINE
8
BLACK
6
CONTINUOUS
10
5.1043206692913383
20
1.3346850393700787
11
5.1155905511811026
21
1.3346850393700787
0
LINE
8
BLACK
6
CONTINUOUS
10
5.1155905511811026
20
1.3346850393700787
11
5.1181599606299208
21
1.3345166141732283
0
LINE
8
BLACK
6
CONTINUOUS
10
5.1181599606299208
20
1.3345166141732283
11
5.1231237007874011
21
1.3331866141732283
0
LINE
8
BLACK
6
CONTINUOUS
10
5.1231237007874011
20
1.3331866141732283
11
5.1275740551181102
21
1.3306172047244094
0
LINE
8
BLACK
6
CONTINUOUS
10
5.1275740551181102
20
1.3306172047244094
11
5.1293700787401573
21
1.3288211811023622
0
LINE
8
BLACK
6
CONTINUOUS
10
5.1293700787401573
20
1.3288211811023622
11
5.1293700787401573
21
1.3425590551181101
0
LINE
8
BLACK
6
CONTINUOUS
10
5.1293700787401573
20
1.3425590551181101
11
5.1301942125984255
21
1.346702283464567
0
LINE
8
BLACK
6
CONTINUOUS
10
5.1301942125984255
20
1.346702283464567
11
5.1325411811023622
21
1.3502147244094489
0
LINE
8
BLACK
6
CONTINUOUS
10
5.1325411811023622
20
1.3502147244094489
11
5.1360536220472444
21
1.3525616929133859
0
LINE
8
BLACK
6
CONTINUOUS
10
5.1360536220472444
20
1.3525616929133859
11
5.1401968503937008
21
1.3533858267716534
0
LINE
8
BLACK
6
CONTINUOUS
10
5.1401968503937008
20
1.3533858267716534
11
5.1579133858267712
21
1.3533858267716534
0
LINE
8
BLACK
6
CONTINUOUS
10
5.1579133858267712
20
1.3533858267716534
11
5.1620566141732285
21
1.3525616929133859
0
LINE
8
BLACK
6
CONTINUOUS
10
5.1620566141732285
20
1.3525616929133859
11
5.1655690551181097
21
1.3502147244094489
0
LINE
8
BLACK
6
CONTINUOUS
10
5.1655690551181097
20
1.3502147244094489
11
5.1679160236220474
21
1.346702283464567
0
LINE
8
BLACK
6
CONTINUOUS
10
5.1679160236220474
20
1.346702283464567
11
5.1687401574803147
21
1.3425590551181101
0
LINE
8
BLACK
6
CONTINUOUS
10
5.1687401574803147
20
1.3425590551181101
11
5.1687401574803147
21
1.3090944881889763
0
LINE
8
BLACK
6
CONTINUOUS
10
5.1687401574803147
20
1.3090944881889763
11
5.1679160236220474
21
1.3049512598425197
0
LINE
8
BLACK
6
CONTINUOUS
10
5.1679160236220474
20
1.3049512598425197
11
5.1655690551181097
21
1.3014388188976378
0
LINE
8
BLACK
6
CONTINUOUS
10
5.1655690551181097
20
1.3014388188976378
11
5.1620566141732285
21
1.2990918503937008
0
LINE
8
BLACK
6
CONTINUOUS
10
5.1620566141732285
20
1.2990918503937008
11
5.1579133858267712
21
1.298267716535433
0
LINE
8
BLACK
6
CONTINUOUS
10
5.1579133858267712
20
1.298267716535433
11
5.1401968503937008
21
1.298267716535433
0
LINE
8
BLACK
6
CONTINUOUS
10
5.1401968503937008
20
1.298267716535433
11
5.1360536220472444
21
1.2990918503937008
0
LINE
8
BLACK
6
CONTINUOUS
10
5.1360536220472444
20
1.2990918503937008
11
5.1325411811023622
21
1.3014388188976378
0
LINE
8
BLACK
6
CONTINUOUS
10
5.1325411811023622
20
1.3014388188976378
11
5.1313371653543305
21
1.3032407086614173
0
LINE
8
BLACK
6
CONTINUOUS
10
5.1313371653543305
20
1.3032407086614173
11
5.1312077559055114
21
1.3030164960629922
0
LINE
8
BLACK
6
CONTINUOUS
10
5.1312077559055114
20
1.3030164960629922
11
5.1275740551181102
21
1.2993827952755905
0
LINE
8
BLACK
6
CONTINUOUS
10
5.1275740551181102
20
1.2993827952755905
11
5.1231237007874011
21
1.2968133858267716
0
LINE
8
BLACK
6
CONTINUOUS
10
5.1231237007874011
20
1.2968133858267716
11
5.1181599606299208
21
1.2954833858267716
0
LINE
8
BLACK
6
CONTINUOUS
10
5.1181599606299208
20
1.2954833858267716
11
5.1155905511811026
21
1.2953149606299212
0
LINE
8
BLACK
6
CONTINUOUS
10
5.1155905511811026
20
1.2953149606299212
11
5.0998425196850397
21
1.2953149606299212
0
LINE
8
BLACK
6
CONTINUOUS
10
5.0998425196850397
20
1.2953149606299212
11
5.0972731102362205
21
1.2954833858267716
0
LINE
8
BLACK
6
CONTINUOUS
10
5.0972731102362205
20
1.2954833858267716
11
5.0923093700787403
21
1.2968133858267716
0
LINE
8
BLACK
6
CONTINUOUS
10
5.0923093700787403
20
1.2968133858267716
11
5.0878590157480312
21
1.2993827952755905
0
LINE
8
BLACK
6
CONTINUOUS
10
5.0878590157480312
20
1.2993827952755905
11
5.08422531496063
21
1.3030164960629922
0
LINE
8
BLACK
6
CONTINUOUS
10
5.08422531496063
20
1.3030164960629922
11
5.0816559055118109
21
1.3074668503937008
0
LINE
8
BLACK
6
CONTINUOUS
10
5.0816559055118109
20
1.3074668503937008
11
5.0803259055118106
21
1.3124305905511811
0
LINE
8
BLACK
6
CONTINUOUS
10
5.0803259055118106
20
1.3124305905511811
11
5.0803259055118106
21
1.3175694094488188
0
LINE
8
BLACK
6
CONTINUOUS
10
5.0803259055118106
20
1.3175694094488188
11
5.0816559055118109
21
1.3225331496062991
0
LINE
8
BLACK
6
CONTINUOUS
10
5.0816559055118109
20
1.3225331496062991
11
5.08422531496063
21
1.3269835039370079
0
LINE
8
BLACK
6
CONTINUOUS
10
5.08422531496063
20
1.3269835039370079
11
5.0878590157480312
21
1.3306172047244094
0
LINE
8
BLACK
6
CONTINUOUS
10
5.0878590157480312
20
1.3306172047244094
11
5.0923093700787403
21
1.3331866141732283
0
LINE
8
BLACK
6
CONTINUOUS
10
5.0923093700787403
20
1.3331866141732283
11
5.0942283464566929
21
1.3337007874015747
0
LINE
8
BLACK
6
CONTINUOUS
10
5.0942283464566929
20
1.3337007874015747
11
5.0442322834645665
21
1.3337007874015747
0
LINE
8
BLACK
6
CONTINUOUS
10
5.0442322834645665
20
1.3337007874015747
11
5.04065405511811
21
1.3344125590551181
0
LINE
8
BLACK
6
CONTINUOUS
10
5.04065405511811
20
1.3344125590551181
11
5.0376205511811021
21
1.3364394488188975
0
LINE
8
BLACK
6
CONTINUOUS
10
5.0376205511811021
20
1.3364394488188975
11
5.0355936614173231
21
1.3394729527559055
0
LINE
8
BLACK
6
CONTINUOUS
10
5.0355936614173231
20
1.3394729527559055
11
5.0348818897637795
21
1.3430511811023622
0
LINE
8
BLACK
6
CONTINUOUS
10
5.0348818897637795
20
1.3430511811023622
11
5.0348818897637795
21
1.3578149606299212
0
LINE
8
BLACK
6
CONTINUOUS
10
5.0348818897637795
20
1.3578149606299212
11
5.0355936614173231
21
1.361393188976378
0
LINE
8
BLACK
6
CONTINUOUS
10
5.0355936614173231
20
1.361393188976378
11
5.0376205511811021
21
1.3644266929133857
0
LINE
8
BLACK
6
CONTINUOUS
10
5.0376205511811021
20
1.3644266929133857
11
5.04065405511811
21
1.3664535826771653
0
LINE
8
BLACK
6
CONTINUOUS
10
5.04065405511811
20
1.3664535826771653
11
5.0442322834645665
21
1.3671653543307087
0
LINE
8
BLACK
6
CONTINUOUS
10
5.0442322834645665
20
1.3671653543307087
11
5.1003346456692915
21
1.3671653543307087
0
LINE
8
BLACK
6
CONTINUOUS
10
5.1003346456692915
20
1.3671653543307087
11
5.103912874015748
21
1.3664535826771653
0
LINE
8
BLACK
6
CONTINUOUS
10
5.1048242913385824
20
1.4118415748031496
11
5.1073787795275587
21
1.4101346850393701
0
LINE
8
BLACK
6
CONTINUOUS
10
5.1073787795275587
20
1.4101346850393701
11
5.1090856692913382
21
1.4075801968503936
0
LINE
8
BLACK
6
CONTINUOUS
10
5.1090856692913382
20
1.4075801968503936
11
5.1096850393700786
21
1.4045669291338583
0
LINE
8
BLACK
6
CONTINUOUS
10
5.1096850393700786
20
1.4045669291338583
11
5.1096850393700786
21
1.3927559055118111
0
LINE
8
BLACK
6
CONTINUOUS
10
5.1096850393700786
20
1.3927559055118111
11
5.1090856692913382
21
1.3897426377952755
0
LINE
8
BLACK
6
CONTINUOUS
10
5.1090856692913382
20
1.3897426377952755
11
5.1073787795275587
21
1.3871881496062992
0
LINE
8
BLACK
6
CONTINUOUS
10
5.1073787795275587
20
1.3871881496062992
11
5.1048242913385824
21
1.3854812598425197
0
LINE
8
BLACK
6
CONTINUOUS
10
5.1048242913385824
20
1.3854812598425197
11
5.1018110236220471
21
1.3848818897637796
0
LINE
8
BLACK
6
CONTINUOUS
10
5.1018110236220471
20
1.3848818897637796
11
5.042755905511811
21
1.3848818897637796
0
LINE
8
BLACK
6
CONTINUOUS
10
5.042755905511811
20
1.3848818897637796
11
5.0397426377952756
21
1.3854812598425197
0
LINE
8
BLACK
6
CONTINUOUS
10
5.0397426377952756
20
1.3854812598425197
11
5.0371881496062993
21
1.3871881496062992
0
LINE
8
BLACK
6
CONTINUOUS
10
5.0371881496062993
20
1.3871881496062992
11
5.0354812598425198
21
1.3897426377952755
0
LINE
8
BLACK
6
CONTINUOUS
10
5.0354812598425198
20
1.3897426377952755
11
5.0348818897637795
21
1.3927559055118111
0
LINE
8
BLACK
6
CONTINUOUS
10
5.0348818897637795
20
1.3927559055118111
11
5.0348818897637795
21
1.4045669291338583
0
LINE
8
BLACK
6
CONTINUOUS
10
5.0348818897637795
20
1.4045669291338583
11
5.0354812598425198
21
1.4075801968503936
0
LINE
8
BLACK
6
CONTINUOUS
10
5.0354812598425198
20
1.4075801968503936
11
5.0371881496062993
21
1.4101346850393701
0
LINE
8
BLACK
6
CONTINUOUS
10
5.0371881496062993
20
1.4101346850393701
11
5.0397426377952756
21
1.4118415748031496
0
LINE
8
BLACK
6
CONTINUOUS
10
5.0397426377952756
20
1.4118415748031496
11
5.042755905511811
21
1.4124409448818898
0
LINE
8
BLACK
6
CONTINUOUS
10
5.042755905511811
20
1.4124409448818898
11
5.1018110236220471
21
1.4124409448818898
0
LINE
8
BLACK
6
CONTINUOUS
10
5.1018110236220471
20
1.4124409448818898
11
5.1048242913385824
21
1.4118415748031496
0
LINE
8
BLACK
6
CONTINUOUS
10
5.1181599606299208
20
1.5018394488188975
11
5.1231237007874011
21
1.5005094488188977
0
LINE
8
BLACK
6
CONTINUOUS
10
5.1231237007874011
20
1.5005094488188977
11
5.1275740551181102
21
1.4979400393700788
0
LINE
8
BLACK
6
CONTINUOUS
10
5.1275740551181102
20
1.4979400393700788
11
5.1312077559055114
21
1.4943063385826771
0
LINE
8
BLACK
6
CONTINUOUS
10
5.1312077559055114
20
1.4943063385826771
11
5.1313371653543305
21
1.4940821653543306
0
LINE
8
BLACK
6
CONTINUOUS
10
5.1313371653543305
20
1.4940821653543306
11
5.1325411811023622
21
1.4958840157480315
0
LINE
8
BLACK
6
CONTINUOUS
10
5.1325411811023622
20
1.4958840157480315
11
5.1360536220472444
21
1.4982309842519685
0
LINE
8
BLACK
6
CONTINUOUS
10
5.1360536220472444
20
1.4982309842519685
11
5.1401968503937008
21
1.4990551181102363
0
LINE
8
BLACK
6
CONTINUOUS
10
5.1401968503937008
20
1.4990551181102363
11
5.1579133858267712
21
1.4990551181102363
0
LINE
8
BLACK
6
CONTINUOUS
10
5.1579133858267712
20
1.4990551181102363
11
5.1620566141732285
21
1.4982309842519685
0
LINE
8
BLACK
6
CONTINUOUS
10
5.1620566141732285
20
1.4982309842519685
11
5.1655690551181097
21
1.4958840157480315
0
LINE
8
BLACK
6
CONTINUOUS
10
5.1655690551181097
20
1.4958840157480315
11
5.1679160236220474
21
1.4923715748031496
0
LINE
8
BLACK
6
CONTINUOUS
10
5.1679160236220474
20
1.4923715748031496
11
5.1687401574803147
21
1.4882283464566928
0
LINE
8
BLACK
6
CONTINUOUS
10
5.1687401574803147
20
1.4882283464566928
11
5.1687401574803147
21
1.454763779527559
0
LINE
8
BLACK
6
CONTINUOUS
10
5.1687401574803147
20
1.454763779527559
11
5.1679160236220474
21
1.4506205511811023
0
LINE
8
BLACK
6
CONTINUOUS
10
5.1679160236220474
20
1.4506205511811023
11
5.1655690551181097
21
1.4471081102362204
0
LINE
8
BLACK
6
CONTINUOUS
10
5.1655690551181097
20
1.4471081102362204
11
5.1620566141732285
21
1.4447611417322834
0
LINE
8
BLACK
6
CONTINUOUS
10
5.1620566141732285
20
1.4447611417322834
11
5.1579133858267712
21
1.4439370078740157
0
LINE
8
BLACK
6
CONTINUOUS
10
5.1579133858267712
20
1.4439370078740157
11
5.1401968503937008
21
1.4439370078740157
0
LINE
8
BLACK
6
CONTINUOUS
10
5.1401968503937008
20
1.4439370078740157
11
5.1360536220472444
21
1.4447611417322834
0
LINE
8
BLACK
6
CONTINUOUS
10
5.1360536220472444
20
1.4447611417322834
11
5.1325411811023622
21
1.4471081102362204
0
LINE
8
BLACK
6
CONTINUOUS
10
5.1325411811023622
20
1.4471081102362204
11
5.1301942125984255
21
1.4506205511811023
0
LINE
8
BLACK
6
CONTINUOUS
10
5.1301942125984255
20
1.4506205511811023
11
5.1293700787401573
21
1.454763779527559
0
LINE
8
BLACK
6
CONTINUOUS
10
5.1293700787401573
20
1.454763779527559
11
5.1293700787401573
21
1.4685016535433071
0
LINE
8
BLACK
6
CONTINUOUS
10
5.1293700787401573
20
1.4685016535433071
11
5.1275740551181102
21
1.4667056299212597
0
LINE
8
BLACK
6
CONTINUOUS
10
5.1275740551181102
20
1.4667056299212597
11
5.1231237007874011
21
1.4641362204724409
0
LINE
8
BLACK
6
CONTINUOUS
10
5.1231237007874011
20
1.4641362204724409
11
5.1181599606299208
21
1.462806220472441
0
LINE
8
BLACK
6
CONTINUOUS
10
5.1181599606299208
20
1.462806220472441
11
5.1155905511811026
21
1.4626377952755905
0
LINE
8
BLACK
6
CONTINUOUS
10
5.1155905511811026
20
1.4626377952755905
11
5.1043206692913383
21
1.4626377952755905
0
LINE
8
BLACK
6
CONTINUOUS
10
5.1043206692913383
20
1.4626377952755905
11
5.106946377952756
21
1.4608833858267716
0
LINE
8
BLACK
6
CONTINUOUS
10
5.106946377952756
20
1.4608833858267716
11
5.1089732677165349
21
1.4578498818897638
0
LINE
8
BLACK
6
CONTINUOUS
10
5.1089732677165349
20
1.4578498818897638
11
5.1096850393700786
21
1.4542716535433071
0
LINE
8
BLACK
6
CONTINUOUS
10
5.1096850393700786
20
1.4542716535433071
11
5.1096850393700786
21
1.4395078740157481
0
LINE
8
BLACK
6
CONTINUOUS
10
5.1096850393700786
20
1.4395078740157481
11
5.1089732677165349
21
1.4359296456692914
0
LINE
8
BLACK
6
CONTINUOUS
10
5.1089732677165349
20
1.4359296456692914
11
5.106946377952756
21
1.4328961417322834
0
LINE
8
BLACK
6
CONTINUOUS
10
5.106946377952756
20
1.4328961417322834
11
5.103912874015748
21
1.430869251968504
0
LINE
8
BLACK
6
CONTINUOUS
10
5.103912874015748
20
1.430869251968504
11
5.1003346456692915
21
1.4301574803149606
0
LINE
8
BLACK
6
CONTINUOUS
10
5.1003346456692915
20
1.4301574803149606
11
5.0442322834645665
21
1.4301574803149606
0
LINE
8
BLACK
6
CONTINUOUS
10
5.0442322834645665
20
1.4301574803149606
11
5.04065405511811
21
1.430869251968504
0
LINE
8
BLACK
6
CONTINUOUS
10
5.04065405511811
20
1.430869251968504
11
5.0376205511811021
21
1.4328961417322834
0
LINE
8
BLACK
6
CONTINUOUS
10
5.0376205511811021
20
1.4328961417322834
11
5.0355936614173231
21
1.4359296456692914
0
LINE
8
BLACK
6
CONTINUOUS
10
5.0355936614173231
20
1.4359296456692914
11
5.0348818897637795
21
1.4395078740157481
0
LINE
8
BLACK
6
CONTINUOUS
10
5.0348818897637795
20
1.4395078740157481
11
5.0348818897637795
21
1.4542716535433071
0
LINE
8
BLACK
6
CONTINUOUS
10
5.0348818897637795
20
1.4542716535433071
11
5.0355936614173231
21
1.4578498818897638
0
LINE
8
BLACK
6
CONTINUOUS
10
5.0355936614173231
20
1.4578498818897638
11
5.0376205511811021
21
1.4608833858267716
0
LINE
8
BLACK
6
CONTINUOUS
10
5.0376205511811021
20
1.4608833858267716
11
5.04065405511811
21
1.4629102755905512
0
LINE
8
BLACK
6
CONTINUOUS
10
5.04065405511811
20
1.4629102755905512
11
5.0442322834645665
21
1.4636220472440944
0
LINE
8
BLACK
6
CONTINUOUS
10
5.0442322834645665
20
1.4636220472440944
11
5.0942283464566929
21
1.4636220472440944
0
LINE
8
BLACK
6
CONTINUOUS
10
5.0942283464566929
20
1.4636220472440944
11
5.0923093700787403
21
1.4641362204724409
0
LINE
8
BLACK
6
CONTINUOUS
10
5.0923093700787403
20
1.4641362204724409
11
5.0878590157480312
21
1.4667056299212597
0
LINE
8
BLACK
6
CONTINUOUS
10
5.0878590157480312
20
1.4667056299212597
11
5.08422531496063
21
1.4703393307086614
0
LINE
8
BLACK
6
CONTINUOUS
10
5.08422531496063
20
1.4703393307086614
11
5.0816559055118109
21
1.47478968503937
0
LINE
8
BLACK
6
CONTINUOUS
10
5.0816559055118109
20
1.47478968503937
11
5.0803259055118106
21
1.4797534251968503
0
LINE
8
BLACK
6
CONTINUOUS
10
5.0803259055118106
20
1.4797534251968503
11
5.0803259055118106
21
1.4848922440944881
0
LINE
8
BLACK
6
CONTINUOUS
10
5.0803259055118106
20
1.4848922440944881
11
5.0816559055118109
21
1.4898559842519685
0
LINE
8
BLACK
6
CONTINUOUS
10
5.0816559055118109
20
1.4898559842519685
11
5.08422531496063
21
1.4943063385826771
0
LINE
8
BLACK
6
CONTINUOUS
10
5.08422531496063
20
1.4943063385826771
11
5.0878590157480312
21
1.4979400393700788
0
LINE
8
BLACK
6
CONTINUOUS
10
5.0878590157480312
20
1.4979400393700788
11
5.0923093700787403
21
1.5005094488188977
0
LINE
8
BLACK
6
CONTINUOUS
10
5.0923093700787403
20
1.5005094488188977
11
5.0972731102362205
21
1.5018394488188975
0
LINE
8
BLACK
6
CONTINUOUS
10
5.0972731102362205
20
1.5018394488188975
11
5.0998425196850397
21
1.5020078740157481
0
LINE
8
BLACK
6
CONTINUOUS
10
5.0998425196850397
20
1.5020078740157481
11
5.1155905511811026
21
1.5020078740157481
0
LINE
8
BLACK
6
CONTINUOUS
10
5.1155905511811026
20
1.5020078740157481
11
5.1181599606299208
21
1.5018394488188975
0
LINE
8
BLACK
6
CONTINUOUS
10
0.5369763385826771
20
1.5195219685039369
11
0.5419676377952756
21
1.5174545275590552
0
LINE
8
BLACK
6
CONTINUOUS
10
0.5419676377952756
20
1.5174545275590552
11
0.5464596456692913
21
1.5144530314960629
0
LINE
8
BLACK
6
CONTINUOUS
10
0.5464596456692913
20
1.5144530314960629
11
0.5502798031496063
21
1.510632874015748
0
LINE
8
BLACK
6
CONTINUOUS
10
0.5502798031496063
20
1.510632874015748
11
0.5532812992125984
21
1.5061408661417321
0
LINE
8
BLACK
6
CONTINUOUS
10
0.5532812992125984
20
1.5061408661417321
11
0.5553487401574803
21
1.5011495669291339
0
LINE
8
BLACK
6
CONTINUOUS
10
0.5553487401574803
20
1.5011495669291339
11
0.5564027165354331
21
1.4958508661417322
0
LINE
8
BLACK
6
CONTINUOUS
10
0.5564027165354331
20
1.4958508661417322
11
0.5564027165354331
21
1.4904483464566929
0
LINE
8
BLACK
6
CONTINUOUS
10
0.5564027165354331
20
1.4904483464566929
11
0.5553487401574803
21
1.4851496456692912
0
LINE
8
BLACK
6
CONTINUOUS
10
0.5553487401574803
20
1.4851496456692912
11
0.5532812992125984
21
1.480158346456693
0
LINE
8
BLACK
6
CONTINUOUS
10
0.5532812992125984
20
1.480158346456693
11
0.5502798031496063
21
1.4756663385826772
0
LINE
8
BLACK
6
CONTINUOUS
10
0.5502798031496063
20
1.4756663385826772
11
0.5464596456692913
21
1.4718461811023622
0
LINE
8
BLACK
6
CONTINUOUS
10
0.5464596456692913
20
1.4718461811023622
11
0.5419676377952756
21
1.4688446850393699
0
LINE
8
BLACK
6
CONTINUOUS
10
0.5419676377952756
20
1.4688446850393699
11
0.5369763385826771
21
1.4667772440944882
0
LINE
8
BLACK
6
CONTINUOUS
10
0.5369763385826771
20
1.4667772440944882
11
0.5316776377952755
21
1.4657232677165355
0
LINE
8
BLACK
6
CONTINUOUS
10
0.5316776377952755
20
1.4657232677165355
11
0.5262751181102362
21
1.4657232677165355
0
LINE
8
BLACK
6
CONTINUOUS
10
0.5262751181102362
20
1.4657232677165355
11
0.5209764173228346
21
1.4667772440944882
0
LINE
8
BLACK
6
CONTINUOUS
10
0.5209764173228346
20
1.4667772440944882
11
0.5159851181102362
21
1.4688446850393699
0
LINE
8
BLACK
6
CONTINUOUS
10
0.5159851181102362
20
1.4688446850393699
11
0.5114931102362205
21
1.4718461811023622
0
LINE
8
BLACK
6
CONTINUOUS
10
0.5114931102362205
20
1.4718461811023622
11
0.5076729527559055
21
1.4756663385826772
0
LINE
8
BLACK
6
CONTINUOUS
10
0.5076729527559055
20
1.4756663385826772
11
0.5046714566929134
21
1.480158346456693
0
LINE
8
BLACK
6
CONTINUOUS
10
0.5046714566929134
20
1.480158346456693
11
0.5026040157480315
21
1.4851496456692912
0
LINE
8
BLACK
6
CONTINUOUS
10
0.5026040157480315
20
1.4851496456692912
11
0.5015500393700787
21
1.4904483464566929
0
LINE
8
BLACK
6
CONTINUOUS
10
0.5015500393700787
20
1.4904483464566929
11
0.5015500393700787
21
1.4958508661417322
0
LINE
8
BLACK
6
CONTINUOUS
10
0.5015500393700787
20
1.4958508661417322
11
0.5026040157480315
21
1.5011495669291339
0
LINE
8
BLACK
6
CONTINUOUS
10
0.5026040157480315
20
1.5011495669291339
11
0.5046714566929134
21
1.5061408661417321
0
LINE
8
BLACK
6
CONTINUOUS
10
0.5046714566929134
20
1.5061408661417321
11
0.5076729527559055
21
1.510632874015748
0
LINE
8
BLACK
6
CONTINUOUS
10
0.5076729527559055
20
1.510632874015748
11
0.5114931102362205
21
1.5144530314960629
0
LINE
8
BLACK
6
CONTINUOUS
10
0.5114931102362205
20
1.5144530314960629
11
0.5159851181102362
21
1.5174545275590552
0
LINE
8
BLACK
6
CONTINUOUS
10
0.5159851181102362
20
1.5174545275590552
11
0.5209764173228346
21
1.5195219685039369
0
LINE
8
BLACK
6
CONTINUOUS
10
0.5209764173228346
20
1.5195219685039369
11
0.5262751181102362
21
1.5205759448818896
0
LINE
8
BLACK
6
CONTINUOUS
10
0.5262751181102362
20
1.5205759448818896
11
0.5316776377952755
21
1.5205759448818896
0
LINE
8
BLACK
6
CONTINUOUS
10
0.5316776377952755
20
1.5205759448818896
11
0.5369763385826771
21
1.5195219685039369
0
LINE
8
BLACK
6
CONTINUOUS
10
0.6157164960629921
20
1.5195219685039369
11
0.6207077952755905
21
1.5174545275590552
0
LINE
8
BLACK
6
CONTINUOUS
10
0.6207077952755905
20
1.5174545275590552
11
0.6251998031496063
21
1.5144530314960629
0
LINE
8
BLACK
6
CONTINUOUS
10
0.6251998031496063
20
1.5144530314960629
11
0.6290199606299213
21
1.510632874015748
0
LINE
8
BLACK
6
CONTINUOUS
10
0.6290199606299213
20
1.510632874015748
11
0.6320214566929133
21
1.5061408661417321
0
LINE
8
BLACK
6
CONTINUOUS
10
0.6320214566929133
20
1.5061408661417321
11
0.6340888976377953
21
1.5011495669291339
0
LINE
8
BLACK
6
CONTINUOUS
10
0.6340888976377953
20
1.5011495669291339
11
0.635142874015748
21
1.4958508661417322
0
LINE
8
BLACK
6
CONTINUOUS
10
0.635142874015748
20
1.4958508661417322
11
0.635142874015748
21
1.4904483464566929
0
LINE
8
BLACK
6
CONTINUOUS
10
0.635142874015748
20
1.4904483464566929
11
0.6340888976377953
21
1.4851496456692912
0
LINE
8
BLACK
6
CONTINUOUS
10
0.6340888976377953
20
1.4851496456692912
11
0.6320214566929133
21
1.480158346456693
0
LINE
8
BLACK
6
CONTINUOUS
10
0.6320214566929133
20
1.480158346456693
11
0.6290199606299213
21
1.4756663385826772
0
LINE
8
BLACK
6
CONTINUOUS
10
0.6290199606299213
20
1.4756663385826772
11
0.6251998031496063
21
1.4718461811023622
0
LINE
8
BLACK
6
CONTINUOUS
10
0.6251998031496063
20
1.4718461811023622
11
0.6207077952755905
21
1.4688446850393699
0
LINE
8
BLACK
6
CONTINUOUS
10
0.6207077952755905
20
1.4688446850393699
11
0.6157164960629921
21
1.4667772440944882
0
LINE
8
BLACK
6
CONTINUOUS
10
0.6157164960629921
20
1.4667772440944882
11
0.6104177952755906
21
1.4657232677165355
0
LINE
8
BLACK
6
CONTINUOUS
10
0.6104177952755906
20
1.4657232677165355
11
0.6050152755905511
21
1.4657232677165355
0
LINE
8
BLACK
6
CONTINUOUS
10
0.6050152755905511
20
1.4657232677165355
11
0.5997165748031495
21
1.4667772440944882
0
LINE
8
BLACK
6
CONTINUOUS
10
0.5997165748031495
20
1.4667772440944882
11
0.5947252755905512
21
1.4688446850393699
0
LINE
8
BLACK
6
CONTINUOUS
10
0.5947252755905512
20
1.4688446850393699
11
0.5902332677165354
21
1.4718461811023622
0
LINE
8
BLACK
6
CONTINUOUS
10
0.5902332677165354
20
1.4718461811023622
11
0.5864131102362204
21
1.4756663385826772
0
LINE
8
BLACK
6
CONTINUOUS
10
0.5864131102362204
20
1.4756663385826772
11
0.5834116141732283
21
1.480158346456693
0
LINE
8
BLACK
6
CONTINUOUS
10
0.5834116141732283
20
1.480158346456693
11
0.5813441732283464
21
1.4851496456692912
0
LINE
8
BLACK
6
CONTINUOUS
10
0.5813441732283464
20
1.4851496456692912
11
0.5802901968503937
21
1.4904483464566929
0
LINE
8
BLACK
6
CONTINUOUS
10
0.5802901968503937
20
1.4904483464566929
11
0.5802901968503937
21
1.4958508661417322
0
LINE
8
BLACK
6
CONTINUOUS
10
0.5802901968503937
20
1.4958508661417322
11
0.5813441732283464
21
1.5011495669291339
0
LINE
8
BLACK
6
CONTINUOUS
10
0.5813441732283464
20
1.5011495669291339
11
0.5834116141732283
21
1.5061408661417321
0
LINE
8
BLACK
6
CONTINUOUS
10
0.5834116141732283
20
1.5061408661417321
11
0.5864131102362204
21
1.510632874015748
0
LINE
8
BLACK
6
CONTINUOUS
10
0.5864131102362204
20
1.510632874015748
11
0.5902332677165354
21
1.5144530314960629
0
LINE
8
BLACK
6
CONTINUOUS
10
0.5902332677165354
20
1.5144530314960629
11
0.5947252755905512
21
1.5174545275590552
0
LINE
8
BLACK
6
CONTINUOUS
10
0.5947252755905512
20
1.5174545275590552
11
0.5997165748031495
21
1.5195219685039369
0
LINE
8
BLACK
6
CONTINUOUS
10
0.5997165748031495
20
1.5195219685039369
11
0.6050152755905511
21
1.5205759448818896
0
LINE
8
BLACK
6
CONTINUOUS
10
0.6050152755905511
20
1.5205759448818896
11
0.6104177952755906
21
1.5205759448818896
0
LINE
8
BLACK
6
CONTINUOUS
10
0.6104177952755906
20
1.5205759448818896
11
0.6157164960629921
21
1.5195219685039369
0
LINE
8
BLACK
6
CONTINUOUS
10
0.6944566535433071
20
1.5195219685039369
11
0.6994479527559055
21
1.5174545275590552
0
LINE
8
BLACK
6
CONTINUOUS
10
0.6994479527559055
20
1.5174545275590552
11
0.7039399606299213
21
1.5144530314960629
0
LINE
8
BLACK
6
CONTINUOUS
10
0.7039399606299213
20
1.5144530314960629
11
0.7077601181102362
21
1.510632874015748
0
LINE
8
BLACK
6
CONTINUOUS
10
0.7077601181102362
20
1.510632874015748
11
0.7107616141732284
21
1.5061408661417321
0
LINE
8
BLACK
6
CONTINUOUS
10
0.7107616141732284
20
1.5061408661417321
11
0.7128290551181102
21
1.5011495669291339
0
LINE
8
BLACK
6
CONTINUOUS
10
0.7128290551181102
20
1.5011495669291339
11
0.713883031496063
21
1.4958508661417322
0
LINE
8
BLACK
6
CONTINUOUS
10
0.713883031496063
20
1.4958508661417322
11
0.713883031496063
21
1.4904483464566929
0
LINE
8
BLACK
6
CONTINUOUS
10
0.713883031496063
20
1.4904483464566929
11
0.7128290551181102
21
1.4851496456692912
0
LINE
8
BLACK
6
CONTINUOUS
10
0.7128290551181102
20
1.4851496456692912
11
0.7107616141732284
21
1.480158346456693
0
LINE
8
BLACK
6
CONTINUOUS
10
0.7107616141732284
20
1.480158346456693
11
0.7077601181102362
21
1.4756663385826772
0
LINE
8
BLACK
6
CONTINUOUS
10
0.7077601181102362
20
1.4756663385826772
11
0.7039399606299213
21
1.4718461811023622
0
LINE
8
BLACK
6
CONTINUOUS
10
0.7039399606299213
20
1.4718461811023622
11
0.6994479527559055
21
1.4688446850393699
0
LINE
8
BLACK
6
CONTINUOUS
10
0.6994479527559055
20
1.4688446850393699
11
0.6944566535433071
21
1.4667772440944882
0
LINE
8
BLACK
6
CONTINUOUS
10
0.6944566535433071
20
1.4667772440944882
11
0.6891579527559055
21
1.4657232677165355
0
LINE
8
BLACK
6
CONTINUOUS
10
0.6891579527559055
20
1.4657232677165355
11
0.6837554330708662
21
1.4657232677165355
0
LINE
8
BLACK
6
CONTINUOUS
10
0.6837554330708662
20
1.4657232677165355
11
0.6784567322834646
21
1.4667772440944882
0
LINE
8
BLACK
6
CONTINUOUS
10
0.6784567322834646
20
1.4667772440944882
11
0.6734654330708661
21
1.4688446850393699
0
LINE
8
BLACK
6
CONTINUOUS
10
0.6734654330708661
20
1.4688446850393699
11
0.6689734251968503
21
1.4718461811023622
0
LINE
8
BLACK
6
CONTINUOUS
10
0.6689734251968503
20
1.4718461811023622
11
0.6651532677165354
21
1.4756663385826772
0
LINE
8
BLACK
6
CONTINUOUS
10
0.6651532677165354
20
1.4756663385826772
11
0.6621517716535433
21
1.480158346456693
0
LINE
8
BLACK
6
CONTINUOUS
10
0.6621517716535433
20
1.480158346456693
11
0.6600843307086613
21
1.4851496456692912
0
LINE
8
BLACK
6
CONTINUOUS
10
0.6600843307086613
20
1.4851496456692912
11
0.6590303543307087
21
1.4904483464566929
0
LINE
8
BLACK
6
CONTINUOUS
10
0.6590303543307087
20
1.4904483464566929
11
0.6590303543307087
21
1.4958508661417322
0
LINE
8
BLACK
6
CONTINUOUS
10
0.6590303543307087
20
1.4958508661417322
11
0.6600843307086613
21
1.5011495669291339
0
LINE
8
BLACK
6
CONTINUOUS
10
0.6600843307086613
20
1.5011495669291339
11
0.6621517716535433
21
1.5061408661417321
0
LINE
8
BLACK
6
CONTINUOUS
10
0.6621517716535433
20
1.5061408661417321
11
0.6651532677165354
21
1.510632874015748
0
LINE
8
BLACK
6
CONTINUOUS
10
0.6651532677165354
20
1.510632874015748
11
0.6689734251968503
21
1.5144530314960629
0
LINE
8
BLACK
6
CONTINUOUS
10
0.6689734251968503
20
1.5144530314960629
11
0.6734654330708661
21
1.5174545275590552
0
LINE
8
BLACK
6
CONTINUOUS
10
0.6734654330708661
20
1.5174545275590552
11
0.6784567322834646
21
1.5195219685039369
0
LINE
8
BLACK
6
CONTINUOUS
10
0.6784567322834646
20
1.5195219685039369
11
0.6837554330708662
21
1.5205759448818896
0
LINE
8
BLACK
6
CONTINUOUS
10
0.6837554330708662
20
1.5205759448818896
11
0.6891579527559055
21
1.5205759448818896
0
LINE
8
BLACK
6
CONTINUOUS
10
0.6891579527559055
20
1.5205759448818896
11
0.6944566535433071
21
1.5195219685039369
0
LINE
8
BLACK
6
CONTINUOUS
10
0.773196811023622
20
1.5195219685039369
11
0.7781881102362205
21
1.5174545275590552
0
LINE
8
BLACK
6
CONTINUOUS
10
0.7781881102362205
20
1.5174545275590552
11
0.7826801181102362
21
1.5144530314960629
0
LINE
8
BLACK
6
CONTINUOUS
10
0.7826801181102362
20
1.5144530314960629
11
0.7865002755905511
21
1.510632874015748
0
LINE
8
BLACK
6
CONTINUOUS
10
0.7865002755905511
20
1.510632874015748
11
0.7895017716535433
21
1.5061408661417321
0
LINE
8
BLACK
6
CONTINUOUS
10
0.7895017716535433
20
1.5061408661417321
11
0.7915692125984252
21
1.5011495669291339
0
LINE
8
BLACK
6
CONTINUOUS
10
0.7915692125984252
20
1.5011495669291339
11
0.792623188976378
21
1.4958508661417322
0
LINE
8
BLACK
6
CONTINUOUS
10
0.792623188976378
20
1.4958508661417322
11
0.792623188976378
21
1.4904483464566929
0
LINE
8
BLACK
6
CONTINUOUS
10
0.792623188976378
20
1.4904483464566929
11
0.7915692125984252
21
1.4851496456692912
0
LINE
8
BLACK
6
CONTINUOUS
10
0.7915692125984252
20
1.4851496456692912
11
0.7895017716535433
21
1.480158346456693
0
LINE
8
BLACK
6
CONTINUOUS
10
0.7895017716535433
20
1.480158346456693
11
0.7865002755905511
21
1.4756663385826772
0
LINE
8
BLACK
6
CONTINUOUS
10
0.7865002755905511
20
1.4756663385826772
11
0.7826801181102362
21
1.4718461811023622
0
LINE
8
BLACK
6
CONTINUOUS
10
0.7826801181102362
20
1.4718461811023622
11
0.7781881102362205
21
1.4688446850393699
0
LINE
8
BLACK
6
CONTINUOUS
10
0.7781881102362205
20
1.4688446850393699
11
0.773196811023622
21
1.4667772440944882
0
LINE
8
BLACK
6
CONTINUOUS
10
0.773196811023622
20
1.4667772440944882
11
0.7678981102362205
21
1.4657232677165355
0
LINE
8
BLACK
6
CONTINUOUS
10
0.7678981102362205
20
1.4657232677165355
11
0.7624955905511811
21
1.4657232677165355
0
LINE
8
BLACK
6
CONTINUOUS
10
0.7624955905511811
20
1.4657232677165355
11
0.7571968897637795
21
1.4667772440944882
0
LINE
8
BLACK
6
CONTINUOUS
10
0.7571968897637795
20
1.4667772440944882
11
0.7522055905511811
21
1.4688446850393699
0
LINE
8
BLACK
6
CONTINUOUS
10
0.7522055905511811
20
1.4688446850393699
11
0.7477135826771654
21
1.4718461811023622
0
LINE
8
BLACK
6
CONTINUOUS
10
0.7477135826771654
20
1.4718461811023622
11
0.7438934251968504
21
1.4756663385826772
0
LINE
8
BLACK
6
CONTINUOUS
10
0.7438934251968504
20
1.4756663385826772
11
0.7408919291338583
21
1.480158346456693
0
LINE
8
BLACK
6
CONTINUOUS
10
0.7408919291338583
20
1.480158346456693
11
0.7388244881889764
21
1.4851496456692912
0
LINE
8
BLACK
6
CONTINUOUS
10
0.7388244881889764
20
1.4851496456692912
11
0.7377705118110236
21
1.4904483464566929
0
LINE
8
BLACK
6
CONTINUOUS
10
0.7377705118110236
20
1.4904483464566929
11
0.7377705118110236
21
1.4958508661417322
0
LINE
8
BLACK
6
CONTINUOUS
10
0.7377705118110236
20
1.4958508661417322
11
0.7388244881889764
21
1.5011495669291339
0
LINE
8
BLACK
6
CONTINUOUS
10
0.7388244881889764
20
1.5011495669291339
11
0.7408919291338583
21
1.5061408661417321
0
LINE
8
BLACK
6
CONTINUOUS
10
0.7408919291338583
20
1.5061408661417321
11
0.7438934251968504
21
1.510632874015748
0
LINE
8
BLACK
6
CONTINUOUS
10
0.7438934251968504
20
1.510632874015748
11
0.7477135826771654
21
1.5144530314960629
0
LINE
8
BLACK
6
CONTINUOUS
10
0.7477135826771654
20
1.5144530314960629
11
0.7522055905511811
21
1.5174545275590552
0
LINE
8
BLACK
6
CONTINUOUS
10
0.7522055905511811
20
1.5174545275590552
11
0.7571968897637795
21
1.5195219685039369
0
LINE
8
BLACK
6
CONTINUOUS
10
0.7571968897637795
20
1.5195219685039369
11
0.7624955905511811
21
1.5205759448818896
0
LINE
8
BLACK
6
CONTINUOUS
10
0.7624955905511811
20
1.5205759448818896
11
0.7678981102362205
21
1.5205759448818896
0
LINE
8
BLACK
6
CONTINUOUS
10
0.7678981102362205
20
1.5205759448818896
11
0.773196811023622
21
1.5195219685039369
0
LINE
8
BLACK
6
CONTINUOUS
10
0.851936968503937
20
1.5195219685039369
11
0.8569282677165354
21
1.5174545275590552
0
LINE
8
BLACK
6
CONTINUOUS
10
0.8569282677165354
20
1.5174545275590552
11
0.8614202755905511
21
1.5144530314960629
0
LINE
8
BLACK
6
CONTINUOUS
10
0.8614202755905511
20
1.5144530314960629
11
0.8652404330708662
21
1.510632874015748
0
LINE
8
BLACK
6
CONTINUOUS
10
0.8652404330708662
20
1.510632874015748
11
0.8682419291338582
21
1.5061408661417321
0
LINE
8
BLACK
6
CONTINUOUS
10
0.8682419291338582
20
1.5061408661417321
11
0.8703093700787401
21
1.5011495669291339
0
LINE
8
BLACK
6
CONTINUOUS
10
0.8703093700787401
20
1.5011495669291339
11
0.8713633464566929
21
1.4958508661417322
0
LINE
8
BLACK
6
CONTINUOUS
10
0.8713633464566929
20
1.4958508661417322
11
0.8713633464566929
21
1.4904483464566929
0
LINE
8
BLACK
6
CONTINUOUS
10
0.8713633464566929
20
1.4904483464566929
11
0.8703093700787401
21
1.4851496456692912
0
LINE
8
BLACK
6
CONTINUOUS
10
0.8703093700787401
20
1.4851496456692912
11
0.8682419291338582
21
1.480158346456693
0
LINE
8
BLACK
6
CONTINUOUS
10
0.8682419291338582
20
1.480158346456693
11
0.8652404330708662
21
1.4756663385826772
0
LINE
8
BLACK
6
CONTINUOUS
10
0.8652404330708662
20
1.4756663385826772
11
0.8614202755905511
21
1.4718461811023622
0
LINE
8
BLACK
6
CONTINUOUS
10
0.8614202755905511
20
1.4718461811023622
11
0.8569282677165354
21
1.4688446850393699
0
LINE
8
BLACK
6
CONTINUOUS
10
0.8569282677165354
20
1.4688446850393699
11
0.851936968503937
21
1.4667772440944882
0
LINE
8
BLACK
6
CONTINUOUS
10
0.851936968503937
20
1.4667772440944882
11
0.8466382677165354
21
1.4657232677165355
0
LINE
8
BLACK
6
CONTINUOUS
10
0.8466382677165354
20
1.4657232677165355
11
0.841235748031496
21
1.4657232677165355
0
LINE
8
BLACK
6
CONTINUOUS
10
0.841235748031496
20
1.4657232677165355
11
0.8359370472440945
21
1.4667772440944882
0
LINE
8
BLACK
6
CONTINUOUS
10
0.8359370472440945
20
1.4667772440944882
11
0.830945748031496
21
1.4688446850393699
0
LINE
8
BLACK
6
CONTINUOUS
10
0.830945748031496
20
1.4688446850393699
11
0.8264537401574803
21
1.4718461811023622
0
LINE
8
BLACK
6
CONTINUOUS
10
0.8264537401574803
20
1.4718461811023622
11
0.8226335826771654
21
1.4756663385826772
0
LINE
8
BLACK
6
CONTINUOUS
10
0.8226335826771654
20
1.4756663385826772
11
0.8196320866141732
21
1.480158346456693
0
LINE
8
BLACK
6
CONTINUOUS
10
0.8196320866141732
20
1.480158346456693
11
0.8175646456692913
21
1.4851496456692912
0
LINE
8
BLACK
6
CONTINUOUS
10
0.8175646456692913
20
1.4851496456692912
11
0.8165106692913385
21
1.4904483464566929
0
LINE
8
BLACK
6
CONTINUOUS
10
0.8165106692913385
20
1.4904483464566929
11
0.8165106692913385
21
1.4958508661417322
0
LINE
8
BLACK
6
CONTINUOUS
10
0.8165106692913385
20
1.4958508661417322
11
0.8175646456692913
21
1.5011495669291339
0
LINE
8
BLACK
6
CONTINUOUS
10
0.8175646456692913
20
1.5011495669291339
11
0.8196320866141732
21
1.5061408661417321
0
LINE
8
BLACK
6
CONTINUOUS
10
0.8196320866141732
20
1.5061408661417321
11
0.8226335826771654
21
1.510632874015748
0
LINE
8
BLACK
6
CONTINUOUS
10
0.8226335826771654
20
1.510632874015748
11
0.8264537401574803
21
1.5144530314960629
0
LINE
8
BLACK
6
CONTINUOUS
10
0.8264537401574803
20
1.5144530314960629
11
0.830945748031496
21
1.5174545275590552
0
LINE
8
BLACK
6
CONTINUOUS
10
0.830945748031496
20
1.5174545275590552
11
0.8359370472440945
21
1.5195219685039369
0
LINE
8
BLACK
6
CONTINUOUS
10
0.8359370472440945
20
1.5195219685039369
11
0.841235748031496
21
1.5205759448818896
0
LINE
8
BLACK
6
CONTINUOUS
10
0.841235748031496
20
1.5205759448818896
11
0.8466382677165354
21
1.5205759448818896
0
LINE
8
BLACK
6
CONTINUOUS
10
0.8466382677165354
20
1.5205759448818896
11
0.851936968503937
21
1.5195219685039369
0
LINE
8
BLACK
6
CONTINUOUS
10
0.5369763385826771
20
1.598262125984252
11
0.5419676377952756
21
1.59619468503937
0
LINE
8
BLACK
6
CONTINUOUS
10
0.5419676377952756
20
1.59619468503937
11
0.5464596456692913
21
1.593193188976378
0
LINE
8
BLACK
6
CONTINUOUS
10
0.5464596456692913
20
1.593193188976378
11
0.5502798031496063
21
1.589373031496063
0
LINE
8
BLACK
6
CONTINUOUS
10
0.5502798031496063
20
1.589373031496063
11
0.5532812992125984
21
1.5848810236220472
0
LINE
8
BLACK
6
CONTINUOUS
10
0.5532812992125984
20
1.5848810236220472
11
0.5553487401574803
21
1.5798897244094487
0
LINE
8
BLACK
6
CONTINUOUS
10
0.5553487401574803
20
1.5798897244094487
11
0.5564027165354331
21
1.5745910236220473
0
LINE
8
BLACK
6
CONTINUOUS
10
0.5564027165354331
20
1.5745910236220473
11
0.5564027165354331
21
1.5691885039370079
0
LINE
8
BLACK
6
CONTINUOUS
10
0.5564027165354331
20
1.5691885039370079
11
0.5553487401574803
21
1.5638898031496062
0
LINE
8
BLACK
6
CONTINUOUS
10
0.5553487401574803
20
1.5638898031496062
11
0.5532812992125984
21
1.5588985039370078
0
LINE
8
BLACK
6
CONTINUOUS
10
0.5532812992125984
20
1.5588985039370078
11
0.5502798031496063
21
1.5544064960629922
0
LINE
8
BLACK
6
CONTINUOUS
10
0.5502798031496063
20
1.5544064960629922
11
0.5464596456692913
21
1.550586338582677
0
LINE
8
BLACK
6
CONTINUOUS
10
0.5464596456692913
20
1.550586338582677
11
0.5419676377952756
21
1.547584842519685
0
LINE
8
BLACK
6
CONTINUOUS
10
0.5419676377952756
20
1.547584842519685
11
0.5369763385826771
21
1.5455174015748032
0
LINE
8
BLACK
6
CONTINUOUS
10
0.5369763385826771
20
1.5455174015748032
11
0.5316776377952755
21
1.5444634251968503
0
LINE
8
BLACK
6
CONTINUOUS
10
0.5316776377952755
20
1.5444634251968503
11
0.5262751181102362
21
1.5444634251968503
0
LINE
8
BLACK
6
CONTINUOUS
10
0.5262751181102362
20
1.5444634251968503
11
0.5209764173228346
21
1.5455174015748032
0
LINE
8
BLACK
6
CONTINUOUS
10
0.5209764173228346
20
1.5455174015748032
11
0.5159851181102362
21
1.547584842519685
0
LINE
8
BLACK
6
CONTINUOUS
10
0.5159851181102362
20
1.547584842519685
11
0.5114931102362205
21
1.550586338582677
0
LINE
8
BLACK
6
CONTINUOUS
10
0.5114931102362205
20
1.550586338582677
11
0.5076729527559055
21
1.5544064960629922
0
LINE
8
BLACK
6
CONTINUOUS
10
0.5076729527559055
20
1.5544064960629922
11
0.5046714566929134
21
1.5588985039370078
0
LINE
8
BLACK
6
CONTINUOUS
10
0.5046714566929134
20
1.5588985039370078
11
0.5026040157480315
21
1.5638898031496062
0
LINE
8
BLACK
6
CONTINUOUS
10
0.5026040157480315
20
1.5638898031496062
11
0.5015500393700787
21
1.5691885039370079
0
LINE
8
BLACK
6
CONTINUOUS
10
0.5015500393700787
20
1.5691885039370079
11
0.5015500393700787
21
1.5745910236220473
0
LINE
8
BLACK
6
CONTINUOUS
10
0.5015500393700787
20
1.5745910236220473
11
0.5026040157480315
21
1.5798897244094487
0
LINE
8
BLACK
6
CONTINUOUS
10
0.5026040157480315
20
1.5798897244094487
11
0.5046714566929134
21
1.5848810236220472
0
LINE
8
BLACK
6
CONTINUOUS
10
0.5046714566929134
20
1.5848810236220472
11
0.5076729527559055
21
1.589373031496063
0
LINE
8
BLACK
6
CONTINUOUS
10
0.5076729527559055
20
1.589373031496063
11
0.5114931102362205
21
1.593193188976378
0
LINE
8
BLACK
6
CONTINUOUS
10
0.5114931102362205
20
1.593193188976378
11
0.5159851181102362
21
1.59619468503937
0
LINE
8
BLACK
6
CONTINUOUS
10
0.5159851181102362
20
1.59619468503937
11
0.5209764173228346
21
1.598262125984252
0
LINE
8
BLACK
6
CONTINUOUS
10
0.5209764173228346
20
1.598262125984252
11
0.5262751181102362
21
1.5993161023622047
0
LINE
8
BLACK
6
CONTINUOUS
10
0.5262751181102362
20
1.5993161023622047
11
0.5316776377952755
21
1.5993161023622047
0
LINE
8
BLACK
6
CONTINUOUS
10
0.5316776377952755
20
1.5993161023622047
11
0.5369763385826771
21
1.598262125984252
0
LINE
8
BLACK
6
CONTINUOUS
10
0.6157164960629921
20
1.598262125984252
11
0.6207077952755905
21
1.59619468503937
0
LINE
8
BLACK
6
CONTINUOUS
10
0.6207077952755905
20
1.59619468503937
11
0.6251998031496063
21
1.593193188976378
0
LINE
8
BLACK
6
CONTINUOUS
10
0.6251998031496063
20
1.593193188976378
11
0.6290199606299213
21
1.589373031496063
0
LINE
8
BLACK
6
CONTINUOUS
10
0.6290199606299213
20
1.589373031496063
11
0.6320214566929133
21
1.5848810236220472
0
LINE
8
BLACK
6
CONTINUOUS
10
0.6320214566929133
20
1.5848810236220472
11
0.6340888976377953
21
1.5798897244094487
0
LINE
8
BLACK
6
CONTINUOUS
10
0.6340888976377953
20
1.5798897244094487
11
0.635142874015748
21
1.5745910236220473
0
LINE
8
BLACK
6
CONTINUOUS
10
0.635142874015748
20
1.5745910236220473
11
0.635142874015748
21
1.5691885039370079
0
LINE
8
BLACK
6
CONTINUOUS
10
0.635142874015748
20
1.5691885039370079
11
0.6340888976377953
21
1.5638898031496062
0
LINE
8
BLACK
6
CONTINUOUS
10
0.6340888976377953
20
1.5638898031496062
11
0.6320214566929133
21
1.5588985039370078
0
LINE
8
BLACK
6
CONTINUOUS
10
0.6320214566929133
20
1.5588985039370078
11
0.6290199606299213
21
1.5544064960629922
0
LINE
8
BLACK
6
CONTINUOUS
10
0.6290199606299213
20
1.5544064960629922
11
0.6251998031496063
21
1.550586338582677
0
LINE
8
BLACK
6
CONTINUOUS
10
0.6251998031496063
20
1.550586338582677
11
0.6207077952755905
21
1.547584842519685
0
LINE
8
BLACK
6
CONTINUOUS
10
0.6207077952755905
20
1.547584842519685
11
0.6157164960629921
21
1.5455174015748032
0
LINE
8
BLACK
6
CONTINUOUS
10
0.6157164960629921
20
1.5455174015748032
11
0.6104177952755906
21
1.5444634251968503
0
LINE
8
BLACK
6
CONTINUOUS
10
0.6104177952755906
20
1.5444634251968503
11
0.6050152755905511
21
1.5444634251968503
0
LINE
8
BLACK
6
CONTINUOUS
10
0.6050152755905511
20
1.5444634251968503
11
0.5997165748031495
21
1.5455174015748032
0
LINE
8
BLACK
6
CONTINUOUS
10
0.5997165748031495
20
1.5455174015748032
11
0.5947252755905512
21
1.547584842519685
0
LINE
8
BLACK
6
CONTINUOUS
10
0.5947252755905512
20
1.547584842519685
11
0.5902332677165354
21
1.550586338582677
0
LINE
8
BLACK
6
CONTINUOUS
10
0.5902332677165354
20
1.550586338582677
11
0.5864131102362204
21
1.5544064960629922
0
LINE
8
BLACK
6
CONTINUOUS
10
0.5864131102362204
20
1.5544064960629922
11
0.5834116141732283
21
1.5588985039370078
0
LINE
8
BLACK
6
CONTINUOUS
10
0.5834116141732283
20
1.5588985039370078
11
0.5813441732283464
21
1.5638898031496062
0
LINE
8
BLACK
6
CONTINUOUS
10
0.5813441732283464
20
1.5638898031496062
11
0.5802901968503937
21
1.5691885039370079
0
LINE
8
BLACK
6
CONTINUOUS
10
0.5802901968503937
20
1.5691885039370079
11
0.5802901968503937
21
1.5745910236220473
0
LINE
8
BLACK
6
CONTINUOUS
10
0.5802901968503937
20
1.5745910236220473
11
0.5813441732283464
21
1.5798897244094487
0
LINE
8
BLACK
6
CONTINUOUS
10
0.5813441732283464
20
1.5798897244094487
11
0.5834116141732283
21
1.5848810236220472
0
LINE
8
BLACK
6
CONTINUOUS
10
0.5834116141732283
20
1.5848810236220472
11
0.5864131102362204
21
1.589373031496063
0
LINE
8
BLACK
6
CONTINUOUS
10
0.5864131102362204
20
1.589373031496063
11
0.5902332677165354
21
1.593193188976378
0
LINE
8
BLACK
6
CONTINUOUS
10
0.5902332677165354
20
1.593193188976378
11
0.5947252755905512
21
1.59619468503937
0
LINE
8
BLACK
6
CONTINUOUS
10
0.5947252755905512
20
1.59619468503937
11
0.5997165748031495
21
1.598262125984252
0
LINE
8
BLACK
6
CONTINUOUS
10
0.5997165748031495
20
1.598262125984252
11
0.6050152755905511
21
1.5993161023622047
0
LINE
8
BLACK
6
CONTINUOUS
10
0.6050152755905511
20
1.5993161023622047
11
0.6104177952755906
21
1.5993161023622047
0
LINE
8
BLACK
6
CONTINUOUS
10
0.6104177952755906
20
1.5993161023622047
11
0.6157164960629921
21
1.598262125984252
0
LINE
8
BLACK
6
CONTINUOUS
10
0.6944566535433071
20
1.598262125984252
11
0.6994479527559055
21
1.59619468503937
0
LINE
8
BLACK
6
CONTINUOUS
10
0.6994479527559055
20
1.59619468503937
11
0.7039399606299213
21
1.593193188976378
0
LINE
8
BLACK
6
CONTINUOUS
10
0.7039399606299213
20
1.593193188976378
11
0.7077601181102362
21
1.589373031496063
0
LINE
8
BLACK
6
CONTINUOUS
10
0.7077601181102362
20
1.589373031496063
11
0.7107616141732284
21
1.5848810236220472
0
LINE
8
BLACK
6
CONTINUOUS
10
0.7107616141732284
20
1.5848810236220472
11
0.7128290551181102
21
1.5798897244094487
0
LINE
8
BLACK
6
CONTINUOUS
10
0.7128290551181102
20
1.5798897244094487
11
0.713883031496063
21
1.5745910236220473
0
LINE
8
BLACK
6
CONTINUOUS
10
0.713883031496063
20
1.5745910236220473
11
0.713883031496063
21
1.5691885039370079
0
LINE
8
BLACK
6
CONTINUOUS
10
0.713883031496063
20
1.5691885039370079
11
0.7128290551181102
21
1.5638898031496062
0
LINE
8
BLACK
6
CONTINUOUS
10
0.7128290551181102
20
1.5638898031496062
11
0.7107616141732284
21
1.5588985039370078
0
LINE
8
BLACK
6
CONTINUOUS
10
0.7107616141732284
20
1.5588985039370078
11
0.7077601181102362
21
1.5544064960629922
0
LINE
8
BLACK
6
CONTINUOUS
10
0.7077601181102362
20
1.5544064960629922
11
0.7039399606299213
21
1.550586338582677
0
LINE
8
BLACK
6
CONTINUOUS
10
0.7039399606299213
20
1.550586338582677
11
0.6994479527559055
21
1.547584842519685
0
LINE
8
BLACK
6
CONTINUOUS
10
0.6994479527559055
20
1.547584842519685
11
0.6944566535433071
21
1.5455174015748032
0
LINE
8
BLACK
6
CONTINUOUS
10
0.6944566535433071
20
1.5455174015748032
11
0.6891579527559055
21
1.5444634251968503
0
LINE
8
BLACK
6
CONTINUOUS
10
0.6891579527559055
20
1.5444634251968503
11
0.6837554330708662
21
1.5444634251968503
0
LINE
8
BLACK
6
CONTINUOUS
10
0.6837554330708662
20
1.5444634251968503
11
0.6784567322834646
21
1.5455174015748032
0
LINE
8
BLACK
6
CONTINUOUS
10
0.6784567322834646
20
1.5455174015748032
11
0.6734654330708661
21
1.547584842519685
0
LINE
8
BLACK
6
CONTINUOUS
10
0.6734654330708661
20
1.547584842519685
11
0.6689734251968503
21
1.550586338582677
0
LINE
8
BLACK
6
CONTINUOUS
10
0.6689734251968503
20
1.550586338582677
11
0.6651532677165354
21
1.5544064960629922
0
LINE
8
BLACK
6
CONTINUOUS
10
0.6651532677165354
20
1.5544064960629922
11
0.6621517716535433
21
1.5588985039370078
0
LINE
8
BLACK
6
CONTINUOUS
10
0.6621517716535433
20
1.5588985039370078
11
0.6600843307086613
21
1.5638898031496062
0
LINE
8
BLACK
6
CONTINUOUS
10
0.6600843307086613
20
1.5638898031496062
11
0.6590303543307087
21
1.5691885039370079
0
LINE
8
BLACK
6
CONTINUOUS
10
0.6590303543307087
20
1.5691885039370079
11
0.6590303543307087
21
1.5745910236220473
0
LINE
8
BLACK
6
CONTINUOUS
10
0.6590303543307087
20
1.5745910236220473
11
0.6600843307086613
21
1.5798897244094487
0
LINE
8
BLACK
6
CONTINUOUS
10
0.6600843307086613
20
1.5798897244094487
11
0.6621517716535433
21
1.5848810236220472
0
LINE
8
BLACK
6
CONTINUOUS
10
0.6621517716535433
20
1.5848810236220472
11
0.6651532677165354
21
1.589373031496063
0
LINE
8
BLACK
6
CONTINUOUS
10
0.6651532677165354
20
1.589373031496063
11
0.6689734251968503
21
1.593193188976378
0
LINE
8
BLACK
6
CONTINUOUS
10
0.6689734251968503
20
1.593193188976378
11
0.6734654330708661
21
1.59619468503937
0
LINE
8
BLACK
6
CONTINUOUS
10
0.6734654330708661
20
1.59619468503937
11
0.6784567322834646
21
1.598262125984252
0
LINE
8
BLACK
6
CONTINUOUS
10
0.6784567322834646
20
1.598262125984252
11
0.6837554330708662
21
1.5993161023622047
0
LINE
8
BLACK
6
CONTINUOUS
10
0.6837554330708662
20
1.5993161023622047
11
0.6891579527559055
21
1.5993161023622047
0
LINE
8
BLACK
6
CONTINUOUS
10
0.6891579527559055
20
1.5993161023622047
11
0.6944566535433071
21
1.598262125984252
0
LINE
8
BLACK
6
CONTINUOUS
10
0.773196811023622
20
1.598262125984252
11
0.7781881102362205
21
1.59619468503937
0
LINE
8
BLACK
6
CONTINUOUS
10
0.7781881102362205
20
1.59619468503937
11
0.7826801181102362
21
1.593193188976378
0
LINE
8
BLACK
6
CONTINUOUS
10
0.7826801181102362
20
1.593193188976378
11
0.7865002755905511
21
1.589373031496063
0
LINE
8
BLACK
6
CONTINUOUS
10
0.7865002755905511
20
1.589373031496063
11
0.7895017716535433
21
1.5848810236220472
0
LINE
8
BLACK
6
CONTINUOUS
10
0.7895017716535433
20
1.5848810236220472
11
0.7915692125984252
21
1.5798897244094487
0
LINE
8
BLACK
6
CONTINUOUS
10
0.7915692125984252
20
1.5798897244094487
11
0.792623188976378
21
1.5745910236220473
0
LINE
8
BLACK
6
CONTINUOUS
10
0.792623188976378
20
1.5745910236220473
11
0.792623188976378
21
1.5691885039370079
0
LINE
8
BLACK
6
CONTINUOUS
10
0.792623188976378
20
1.5691885039370079
11
0.7915692125984252
21
1.5638898031496062
0
LINE
8
BLACK
6
CONTINUOUS
10
0.7915692125984252
20
1.5638898031496062
11
0.7895017716535433
21
1.5588985039370078
0
LINE
8
BLACK
6
CONTINUOUS
10
0.7895017716535433
20
1.5588985039370078
11
0.7865002755905511
21
1.5544064960629922
0
LINE
8
BLACK
6
CONTINUOUS
10
0.7865002755905511
20
1.5544064960629922
11
0.7826801181102362
21
1.550586338582677
0
LINE
8
BLACK
6
CONTINUOUS
10
0.7826801181102362
20
1.550586338582677
11
0.7781881102362205
21
1.547584842519685
0
LINE
8
BLACK
6
CONTINUOUS
10
0.7781881102362205
20
1.547584842519685
11
0.773196811023622
21
1.5455174015748032
0
LINE
8
BLACK
6
CONTINUOUS
10
0.773196811023622
20
1.5455174015748032
11
0.7678981102362205
21
1.5444634251968503
0
LINE
8
BLACK
6
CONTINUOUS
10
0.7678981102362205
20
1.5444634251968503
11
0.7624955905511811
21
1.5444634251968503
0
LINE
8
BLACK
6
CONTINUOUS
10
0.7624955905511811
20
1.5444634251968503
11
0.7571968897637795
21
1.5455174015748032
0
LINE
8
BLACK
6
CONTINUOUS
10
0.7571968897637795
20
1.5455174015748032
11
0.7522055905511811
21
1.547584842519685
0
LINE
8
BLACK
6
CONTINUOUS
10
0.7522055905511811
20
1.547584842519685
11
0.7477135826771654
21
1.550586338582677
0
LINE
8
BLACK
6
CONTINUOUS
10
0.7477135826771654
20
1.550586338582677
11
0.7438934251968504
21
1.5544064960629922
0
LINE
8
BLACK
6
CONTINUOUS
10
0.7438934251968504
20
1.5544064960629922
11
0.7408919291338583
21
1.5588985039370078
0
LINE
8
BLACK
6
CONTINUOUS
10
0.7408919291338583
20
1.5588985039370078
11
0.7388244881889764
21
1.5638898031496062
0
LINE
8
BLACK
6
CONTINUOUS
10
0.7388244881889764
20
1.5638898031496062
11
0.7377705118110236
21
1.5691885039370079
0
LINE
8
BLACK
6
CONTINUOUS
10
0.7377705118110236
20
1.5691885039370079
11
0.7377705118110236
21
1.5745910236220473
0
LINE
8
BLACK
6
CONTINUOUS
10
0.7377705118110236
20
1.5745910236220473
11
0.7388244881889764
21
1.5798897244094487
0
LINE
8
BLACK
6
CONTINUOUS
10
0.7388244881889764
20
1.5798897244094487
11
0.7408919291338583
21
1.5848810236220472
0
LINE
8
BLACK
6
CONTINUOUS
10
0.7408919291338583
20
1.5848810236220472
11
0.7438934251968504
21
1.589373031496063
0
LINE
8
BLACK
6
CONTINUOUS
10
0.7438934251968504
20
1.589373031496063
11
0.7477135826771654
21
1.593193188976378
0
LINE
8
BLACK
6
CONTINUOUS
10
0.7477135826771654
20
1.593193188976378
11
0.7522055905511811
21
1.59619468503937
0
LINE
8
BLACK
6
CONTINUOUS
10
0.7522055905511811
20
1.59619468503937
11
0.7571968897637795
21
1.598262125984252
0
LINE
8
BLACK
6
CONTINUOUS
10
0.7571968897637795
20
1.598262125984252
11
0.7624955905511811
21
1.5993161023622047
0
LINE
8
BLACK
6
CONTINUOUS
10
0.7624955905511811
20
1.5993161023622047
11
0.7678981102362205
21
1.5993161023622047
0
LINE
8
BLACK
6
CONTINUOUS
10
0.7678981102362205
20
1.5993161023622047
11
0.773196811023622
21
1.598262125984252
0
LINE
8
BLACK
6
CONTINUOUS
10
0.851936968503937
20
1.598262125984252
11
0.8569282677165354
21
1.59619468503937
0
LINE
8
BLACK
6
CONTINUOUS
10
0.8569282677165354
20
1.59619468503937
11
0.8614202755905511
21
1.593193188976378
0
LINE
8
BLACK
6
CONTINUOUS
10
0.8614202755905511
20
1.593193188976378
11
0.8652404330708662
21
1.589373031496063
0
LINE
8
BLACK
6
CONTINUOUS
10
0.8652404330708662
20
1.589373031496063
11
0.8682419291338582
21
1.5848810236220472
0
LINE
8
BLACK
6
CONTINUOUS
10
0.8682419291338582
20
1.5848810236220472
11
0.8703093700787401
21
1.5798897244094487
0
LINE
8
BLACK
6
CONTINUOUS
10
0.8703093700787401
20
1.5798897244094487
11
0.8713633464566929
21
1.5745910236220473
0
LINE
8
BLACK
6
CONTINUOUS
10
0.8713633464566929
20
1.5745910236220473
11
0.8713633464566929
21
1.5691885039370079
0
LINE
8
BLACK
6
CONTINUOUS
10
0.8713633464566929
20
1.5691885039370079
11
0.8703093700787401
21
1.5638898031496062
0
LINE
8
BLACK
6
CONTINUOUS
10
0.8703093700787401
20
1.5638898031496062
11
0.8682419291338582
21
1.5588985039370078
0
LINE
8
BLACK
6
CONTINUOUS
10
0.8682419291338582
20
1.5588985039370078
11
0.8652404330708662
21
1.5544064960629922
0
LINE
8
BLACK
6
CONTINUOUS
10
0.8652404330708662
20
1.5544064960629922
11
0.8614202755905511
21
1.550586338582677
0
LINE
8
BLACK
6
CONTINUOUS
10
0.8614202755905511
20
1.550586338582677
11
0.8569282677165354
21
1.547584842519685
0
LINE
8
BLACK
6
CONTINUOUS
10
0.8569282677165354
20
1.547584842519685
11
0.851936968503937
21
1.5455174015748032
0
LINE
8
BLACK
6
CONTINUOUS
10
0.851936968503937
20
1.5455174015748032
11
0.8466382677165354
21
1.5444634251968503
0
LINE
8
BLACK
6
CONTINUOUS
10
0.8466382677165354
20
1.5444634251968503
11
0.841235748031496
21
1.5444634251968503
0
LINE
8
BLACK
6
CONTINUOUS
10
0.841235748031496
20
1.5444634251968503
11
0.8359370472440945
21
1.5455174015748032
0
LINE
8
BLACK
6
CONTINUOUS
10
0.8359370472440945
20
1.5455174015748032
11
0.830945748031496
21
1.547584842519685
0
LINE
8
BLACK
6
CONTINUOUS
10
0.830945748031496
20
1.547584842519685
11
0.8264537401574803
21
1.550586338582677
0
LINE
8
BLACK
6
CONTINUOUS
10
0.8264537401574803
20
1.550586338582677
11
0.8226335826771654
21
1.5544064960629922
0
LINE
8
BLACK
6
CONTINUOUS
10
0.8226335826771654
20
1.5544064960629922
11
0.8196320866141732
21
1.5588985039370078
0
LINE
8
BLACK
6
CONTINUOUS
10
0.8196320866141732
20
1.5588985039370078
11
0.8175646456692913
21
1.5638898031496062
0
LINE
8
BLACK
6
CONTINUOUS
10
0.8175646456692913
20
1.5638898031496062
11
0.8165106692913385
21
1.5691885039370079
0
LINE
8
BLACK
6
CONTINUOUS
10
0.8165106692913385
20
1.5691885039370079
11
0.8165106692913385
21
1.5745910236220473
0
LINE
8
BLACK
6
CONTINUOUS
10
0.8165106692913385
20
1.5745910236220473
11
0.8175646456692913
21
1.5798897244094487
0
LINE
8
BLACK
6
CONTINUOUS
10
0.8175646456692913
20
1.5798897244094487
11
0.8196320866141732
21
1.5848810236220472
0
LINE
8
BLACK
6
CONTINUOUS
10
0.8196320866141732
20
1.5848810236220472
11
0.8226335826771654
21
1.589373031496063
0
LINE
8
BLACK
6
CONTINUOUS
10
0.8226335826771654
20
1.589373031496063
11
0.8264537401574803
21
1.593193188976378
0
LINE
8
BLACK
6
CONTINUOUS
10
0.8264537401574803
20
1.593193188976378
11
0.830945748031496
21
1.59619468503937
0
LINE
8
BLACK
6
CONTINUOUS
10
0.830945748031496
20
1.59619468503937
11
0.8359370472440945
21
1.598262125984252
0
LINE
8
BLACK
6
CONTINUOUS
10
0.8359370472440945
20
1.598262125984252
11
0.841235748031496
21
1.5993161023622047
0
LINE
8
BLACK
6
CONTINUOUS
10
0.841235748031496
20
1.5993161023622047
11
0.8466382677165354
21
1.5993161023622047
0
LINE
8
BLACK
6
CONTINUOUS
10
0.8466382677165354
20
1.5993161023622047
11
0.851936968503937
21
1.598262125984252
0
LINE
8
BLACK
6
CONTINUOUS
10
5.3121923228346457
20
1.6266941338582677
11
5.3161630314960631
21
1.6249409055118109
0
LINE
8
BLACK
6
CONTINUOUS
10
5.3161630314960631
20
1.6249409055118109
11
5.3192322440944881
21
1.6218716929133858
0
LINE
8
BLACK
6
CONTINUOUS
10
5.3192322440944881
20
1.6218716929133858
11
5.3209854724409444
21
1.6179009842519685
0
LINE
8
BLACK
6
CONTINUOUS
10
5.3209854724409444
20
1.6179009842519685
11
5.3212992125984249
21
1.6151968503937006
0
LINE
8
BLACK
6
CONTINUOUS
10
5.3212992125984249
20
1.6151968503937006
11
5.3212992125984249
21
1.5994488188976377
0
LINE
8
BLACK
6
CONTINUOUS
10
5.3212992125984249
20
1.5994488188976377
11
5.3209854724409444
21
1.5967446850393701
0
LINE
8
BLACK
6
CONTINUOUS
10
5.3209854724409444
20
1.5967446850393701
11
5.3192322440944881
21
1.5927739763779527
0
LINE
8
BLACK
6
CONTINUOUS
10
5.3192322440944881
20
1.5927739763779527
11
5.3161630314960631
21
1.5897047637795276
0
LINE
8
BLACK
6
CONTINUOUS
10
5.3161630314960631
20
1.5897047637795276
11
5.3121923228346457
21
1.5879515354330709
0
LINE
8
BLACK
6
CONTINUOUS
10
5.3121923228346457
20
1.5879515354330709
11
5.3094881889763776
21
1.5876377952755905
0
LINE
8
BLACK
6
CONTINUOUS
10
5.3094881889763776
20
1.5876377952755905
11
5.2898031496062989
21
1.5876377952755905
0
LINE
8
BLACK
6
CONTINUOUS
10
5.2898031496062989
20
1.5876377952755905
11
5.2870990157480318
21
1.5879515354330709
0
LINE
8
BLACK
6
CONTINUOUS
10
5.2870990157480318
20
1.5879515354330709
11
5.2831283070866144
21
1.5897047637795276
0
LINE
8
BLACK
6
CONTINUOUS
10
5.2831283070866144
20
1.5897047637795276
11
5.2800590944881884
21
1.5927739763779527
0
LINE
8
BLACK
6
CONTINUOUS
10
5.2800590944881884
20
1.5927739763779527
11
5.2783058661417321
21
1.5967446850393701
0
LINE
8
BLACK
6
CONTINUOUS
10
5.2783058661417321
20
1.5967446850393701
11
5.2779921259842517
21
1.5994488188976377
0
LINE
8
BLACK
6
CONTINUOUS
10
5.2779921259842517
20
1.5994488188976377
11
5.2779921259842517
21
1.6151968503937006
0
LINE
8
BLACK
6
CONTINUOUS
10
5.2779921259842517
20
1.6151968503937006
11
5.2783058661417321
21
1.6179009842519685
0
LINE
8
BLACK
6
CONTINUOUS
10
5.2783058661417321
20
1.6179009842519685
11
5.2800590944881884
21
1.6218716929133858
0
LINE
8
BLACK
6
CONTINUOUS
10
5.2800590944881884
20
1.6218716929133858
11
5.2831283070866144
21
1.6249409055118109
0
LINE
8
BLACK
6
CONTINUOUS
10
5.2831283070866144
20
1.6249409055118109
11
5.2870990157480318
21
1.6266941338582677
0
LINE
8
BLACK
6
CONTINUOUS
10
5.2870990157480318
20
1.6266941338582677
11
5.2898031496062989
21
1.6270078740157481
0
LINE
8
BLACK
6
CONTINUOUS
10
5.2898031496062989
20
1.6270078740157481
11
5.3094881889763776
21
1.6270078740157481
0
LINE
8
BLACK
6
CONTINUOUS
10
5.3094881889763776
20
1.6270078740157481
11
5.3121923228346457
21
1.6266941338582677
0
LINE
8
BLACK
6
CONTINUOUS
10
0.5369763385826771
20
1.6770022834645668
11
0.5419676377952756
21
1.6749348425196851
0
LINE
8
BLACK
6
CONTINUOUS
10
0.5419676377952756
20
1.6749348425196851
11
0.5464596456692913
21
1.6719333464566928
0
LINE
8
BLACK
6
CONTINUOUS
10
0.5464596456692913
20
1.6719333464566928
11
0.5502798031496063
21
1.6681131889763778
0
LINE
8
BLACK
6
CONTINUOUS
10
0.5502798031496063
20
1.6681131889763778
11
0.5532812992125984
21
1.6636211811023622
0
LINE
8
BLACK
6
CONTINUOUS
10
0.5532812992125984
20
1.6636211811023622
11
0.5553487401574803
21
1.6586298818897638
0
LINE
8
BLACK
6
CONTINUOUS
10
0.5553487401574803
20
1.6586298818897638
11
0.5564027165354331
21
1.6533311811023621
0
LINE
8
BLACK
6
CONTINUOUS
10
0.5564027165354331
20
1.6533311811023621
11
0.5564027165354331
21
1.6479286614173227
0
LINE
8
BLACK
6
CONTINUOUS
10
0.5564027165354331
20
1.6479286614173227
11
0.5553487401574803
21
1.6426299606299213
0
LINE
8
BLACK
6
CONTINUOUS
10
0.5553487401574803
20
1.6426299606299213
11
0.5532812992125984
21
1.6376386614173228
0
LINE
8
BLACK
6
CONTINUOUS
10
0.5532812992125984
20
1.6376386614173228
11
0.5502798031496063
21
1.633146653543307
0
LINE
8
BLACK
6
CONTINUOUS
10
0.5502798031496063
20
1.633146653543307
11
0.5464596456692913
21
1.6293264960629921
0
LINE
8
BLACK
6
CONTINUOUS
10
0.5464596456692913
20
1.6293264960629921
11
0.5419676377952756
21
1.626325
0
LINE
8
BLACK
6
CONTINUOUS
10
0.5419676377952756
20
1.626325
11
0.5369763385826771
21
1.624257559055118
0
LINE
8
BLACK
6
CONTINUOUS
10
0.5369763385826771
20
1.624257559055118
11
0.5316776377952755
21
1.6232035826771654
0
LINE
8
BLACK
6
CONTINUOUS
10
0.5316776377952755
20
1.6232035826771654
11
0.5262751181102362
21
1.6232035826771654
0
LINE
8
BLACK
6
CONTINUOUS
10
0.5262751181102362
20
1.6232035826771654
11
0.5209764173228346
21
1.624257559055118
0
LINE
8
BLACK
6
CONTINUOUS
10
0.5209764173228346
20
1.624257559055118
11
0.5159851181102362
21
1.626325
0
LINE
8
BLACK
6
CONTINUOUS
10
0.5159851181102362
20
1.626325
11
0.5114931102362205
21
1.6293264960629921
0
LINE
8
BLACK
6
CONTINUOUS
10
0.5114931102362205
20
1.6293264960629921
11
0.5076729527559055
21
1.633146653543307
0
LINE
8
BLACK
6
CONTINUOUS
10
0.5076729527559055
20
1.633146653543307
11
0.5046714566929134
21
1.6376386614173228
0
LINE
8
BLACK
6
CONTINUOUS
10
0.5046714566929134
20
1.6376386614173228
11
0.5026040157480315
21
1.6426299606299213
0
LINE
8
BLACK
6
CONTINUOUS
10
0.5026040157480315
20
1.6426299606299213
11
0.5015500393700787
21
1.6479286614173227
0
LINE
8
BLACK
6
CONTINUOUS
10
0.5015500393700787
20
1.6479286614173227
11
0.5015500393700787
21
1.6533311811023621
0
LINE
8
BLACK
6
CONTINUOUS
10
0.5015500393700787
20
1.6533311811023621
11
0.5026040157480315
21
1.6586298818897638
0
LINE
8
BLACK
6
CONTINUOUS
10
0.5026040157480315
20
1.6586298818897638
11
0.5046714566929134
21
1.6636211811023622
0
LINE
8
BLACK
6
CONTINUOUS
10
0.5046714566929134
20
1.6636211811023622
11
0.5076729527559055
21
1.6681131889763778
0
LINE
8
BLACK
6
CONTINUOUS
10
0.5076729527559055
20
1.6681131889763778
11
0.5114931102362205
21
1.6719333464566928
0
LINE
8
BLACK
6
CONTINUOUS
10
0.5114931102362205
20
1.6719333464566928
11
0.5159851181102362
21
1.6749348425196851
0
LINE
8
BLACK
6
CONTINUOUS
10
0.5159851181102362
20
1.6749348425196851
11
0.5209764173228346
21
1.6770022834645668
0
LINE
8
BLACK
6
CONTINUOUS
10
0.5209764173228346
20
1.6770022834645668
11
0.5262751181102362
21
1.6780562598425197
0
LINE
8
BLACK
6
CONTINUOUS
10
0.5262751181102362
20
1.6780562598425197
11
0.5316776377952755
21
1.6780562598425197
0
LINE
8
BLACK
6
CONTINUOUS
10
0.5316776377952755
20
1.6780562598425197
11
0.5369763385826771
21
1.6770022834645668
0
LINE
8
BLACK
6
CONTINUOUS
10
0.6157164960629921
20
1.6770022834645668
11
0.6207077952755905
21
1.6749348425196851
0
LINE
8
BLACK
6
CONTINUOUS
10
0.6207077952755905
20
1.6749348425196851
11
0.6251998031496063
21
1.6719333464566928
0
LINE
8
BLACK
6
CONTINUOUS
10
0.6251998031496063
20
1.6719333464566928
11
0.6290199606299213
21
1.6681131889763778
0
LINE
8
BLACK
6
CONTINUOUS
10
0.6290199606299213
20
1.6681131889763778
11
0.6320214566929133
21
1.6636211811023622
0
LINE
8
BLACK
6
CONTINUOUS
10
0.6320214566929133
20
1.6636211811023622
11
0.6340888976377953
21
1.6586298818897638
0
LINE
8
BLACK
6
CONTINUOUS
10
0.6340888976377953
20
1.6586298818897638
11
0.635142874015748
21
1.6533311811023621
0
LINE
8
BLACK
6
CONTINUOUS
10
0.635142874015748
20
1.6533311811023621
11
0.635142874015748
21
1.6479286614173227
0
LINE
8
BLACK
6
CONTINUOUS
10
0.635142874015748
20
1.6479286614173227
11
0.6340888976377953
21
1.6426299606299213
0
LINE
8
BLACK
6
CONTINUOUS
10
0.6340888976377953
20
1.6426299606299213
11
0.6320214566929133
21
1.6376386614173228
0
LINE
8
BLACK
6
CONTINUOUS
10
0.6320214566929133
20
1.6376386614173228
11
0.6290199606299213
21
1.633146653543307
0
LINE
8
BLACK
6
CONTINUOUS
10
0.6290199606299213
20
1.633146653543307
11
0.6251998031496063
21
1.6293264960629921
0
LINE
8
BLACK
6
CONTINUOUS
10
0.6251998031496063
20
1.6293264960629921
11
0.6207077952755905
21
1.626325
0
LINE
8
BLACK
6
CONTINUOUS
10
0.6207077952755905
20
1.626325
11
0.6157164960629921
21
1.624257559055118
0
LINE
8
BLACK
6
CONTINUOUS
10
0.6157164960629921
20
1.624257559055118
11
0.6104177952755906
21
1.6232035826771654
0
LINE
8
BLACK
6
CONTINUOUS
10
0.6104177952755906
20
1.6232035826771654
11
0.6050152755905511
21
1.6232035826771654
0
LINE
8
BLACK
6
CONTINUOUS
10
0.6050152755905511
20
1.6232035826771654
11
0.5997165748031495
21
1.624257559055118
0
LINE
8
BLACK
6
CONTINUOUS
10
0.5997165748031495
20
1.624257559055118
11
0.5947252755905512
21
1.626325
0
LINE
8
BLACK
6
CONTINUOUS
10
0.5947252755905512
20
1.626325
11
0.5902332677165354
21
1.6293264960629921
0
LINE
8
BLACK
6
CONTINUOUS
10
0.5902332677165354
20
1.6293264960629921
11
0.5864131102362204
21
1.633146653543307
0
LINE
8
BLACK
6
CONTINUOUS
10
0.5864131102362204
20
1.633146653543307
11
0.5834116141732283
21
1.6376386614173228
0
LINE
8
BLACK
6
CONTINUOUS
10
0.5834116141732283
20
1.6376386614173228
11
0.5813441732283464
21
1.6426299606299213
0
LINE
8
BLACK
6
CONTINUOUS
10
0.5813441732283464
20
1.6426299606299213
11
0.5802901968503937
21
1.6479286614173227
0
LINE
8
BLACK
6
CONTINUOUS
10
0.5802901968503937
20
1.6479286614173227
11
0.5802901968503937
21
1.6533311811023621
0
LINE
8
BLACK
6
CONTINUOUS
10
0.5802901968503937
20
1.6533311811023621
11
0.5813441732283464
21
1.6586298818897638
0
LINE
8
BLACK
6
CONTINUOUS
10
0.5813441732283464
20
1.6586298818897638
11
0.5834116141732283
21
1.6636211811023622
0
LINE
8
BLACK
6
CONTINUOUS
10
0.5834116141732283
20
1.6636211811023622
11
0.5864131102362204
21
1.6681131889763778
0
LINE
8
BLACK
6
CONTINUOUS
10
0.5864131102362204
20
1.6681131889763778
11
0.5902332677165354
21
1.6719333464566928
0
LINE
8
BLACK
6
CONTINUOUS
10
0.5902332677165354
20
1.6719333464566928
11
0.5947252755905512
21
1.6749348425196851
0
LINE
8
BLACK
6
CONTINUOUS
10
0.5947252755905512
20
1.6749348425196851
11
0.5997165748031495
21
1.6770022834645668
0
LINE
8
BLACK
6
CONTINUOUS
10
0.5997165748031495
20
1.6770022834645668
11
0.6050152755905511
21
1.6780562598425197
0
LINE
8
BLACK
6
CONTINUOUS
10
0.6050152755905511
20
1.6780562598425197
11
0.6104177952755906
21
1.6780562598425197
0
LINE
8
BLACK
6
CONTINUOUS
10
0.6104177952755906
20
1.6780562598425197
11
0.6157164960629921
21
1.6770022834645668
0
LINE
8
BLACK
6
CONTINUOUS
10
0.6944566535433071
20
1.6770022834645668
11
0.6994479527559055
21
1.6749348425196851
0
LINE
8
BLACK
6
CONTINUOUS
10
0.6994479527559055
20
1.6749348425196851
11
0.7039399606299213
21
1.6719333464566928
0
LINE
8
BLACK
6
CONTINUOUS
10
0.7039399606299213
20
1.6719333464566928
11
0.7077601181102362
21
1.6681131889763778
0
LINE
8
BLACK
6
CONTINUOUS
10
0.7077601181102362
20
1.6681131889763778
11
0.7107616141732284
21
1.6636211811023622
0
LINE
8
BLACK
6
CONTINUOUS
10
0.7107616141732284
20
1.6636211811023622
11
0.7128290551181102
21
1.6586298818897638
0
LINE
8
BLACK
6
CONTINUOUS
10
0.7128290551181102
20
1.6586298818897638
11
0.713883031496063
21
1.6533311811023621
0
LINE
8
BLACK
6
CONTINUOUS
10
0.713883031496063
20
1.6533311811023621
11
0.713883031496063
21
1.6479286614173227
0
LINE
8
BLACK
6
CONTINUOUS
10
0.713883031496063
20
1.6479286614173227
11
0.7128290551181102
21
1.6426299606299213
0
LINE
8
BLACK
6
CONTINUOUS
10
0.7128290551181102
20
1.6426299606299213
11
0.7107616141732284
21
1.6376386614173228
0
LINE
8
BLACK
6
CONTINUOUS
10
0.7107616141732284
20
1.6376386614173228
11
0.7077601181102362
21
1.633146653543307
0
LINE
8
BLACK
6
CONTINUOUS
10
0.7077601181102362
20
1.633146653543307
11
0.7039399606299213
21
1.6293264960629921
0
LINE
8
BLACK
6
CONTINUOUS
10
0.7039399606299213
20
1.6293264960629921
11
0.6994479527559055
21
1.626325
0
LINE
8
BLACK
6
CONTINUOUS
10
0.6994479527559055
20
1.626325
11
0.6944566535433071
21
1.624257559055118
0
LINE
8
BLACK
6
CONTINUOUS
10
0.6944566535433071
20
1.624257559055118
11
0.6891579527559055
21
1.6232035826771654
0
LINE
8
BLACK
6
CONTINUOUS
10
0.6891579527559055
20
1.6232035826771654
11
0.6837554330708662
21
1.6232035826771654
0
LINE
8
BLACK
6
CONTINUOUS
10
0.6837554330708662
20
1.6232035826771654
11
0.6784567322834646
21
1.624257559055118
0
LINE
8
BLACK
6
CONTINUOUS
10
0.6784567322834646
20
1.624257559055118
11
0.6734654330708661
21
1.626325
0
LINE
8
BLACK
6
CONTINUOUS
10
0.6734654330708661
20
1.626325
11
0.6689734251968503
21
1.6293264960629921
0
LINE
8
BLACK
6
CONTINUOUS
10
0.6689734251968503
20
1.6293264960629921
11
0.6651532677165354
21
1.633146653543307
0
LINE
8
BLACK
6
CONTINUOUS
10
0.6651532677165354
20
1.633146653543307
11
0.6621517716535433
21
1.6376386614173228
0
LINE
8
BLACK
6
CONTINUOUS
10
0.6621517716535433
20
1.6376386614173228
11
0.6600843307086613
21
1.6426299606299213
0
LINE
8
BLACK
6
CONTINUOUS
10
0.6600843307086613
20
1.6426299606299213
11
0.6590303543307087
21
1.6479286614173227
0
LINE
8
BLACK
6
CONTINUOUS
10
0.6590303543307087
20
1.6479286614173227
11
0.6590303543307087
21
1.6533311811023621
0
LINE
8
BLACK
6
CONTINUOUS
10
0.6590303543307087
20
1.6533311811023621
11
0.6600843307086613
21
1.6586298818897638
0
LINE
8
BLACK
6
CONTINUOUS
10
0.6600843307086613
20
1.6586298818897638
11
0.6621517716535433
21
1.6636211811023622
0
LINE
8
BLACK
6
CONTINUOUS
10
0.6621517716535433
20
1.6636211811023622
11
0.6651532677165354
21
1.6681131889763778
0
LINE
8
BLACK
6
CONTINUOUS
10
0.6651532677165354
20
1.6681131889763778
11
0.6689734251968503
21
1.6719333464566928
0
LINE
8
BLACK
6
CONTINUOUS
10
0.6689734251968503
20
1.6719333464566928
11
0.6734654330708661
21
1.6749348425196851
0
LINE
8
BLACK
6
CONTINUOUS
10
0.6734654330708661
20
1.6749348425196851
11
0.6784567322834646
21
1.6770022834645668
0
LINE
8
BLACK
6
CONTINUOUS
10
0.6784567322834646
20
1.6770022834645668
11
0.6837554330708662
21
1.6780562598425197
0
LINE
8
BLACK
6
CONTINUOUS
10
0.6837554330708662
20
1.6780562598425197
11
0.6891579527559055
21
1.6780562598425197
0
LINE
8
BLACK
6
CONTINUOUS
10
0.6891579527559055
20
1.6780562598425197
11
0.6944566535433071
21
1.6770022834645668
0
LINE
8
BLACK
6
CONTINUOUS
10
0.773196811023622
20
1.6770022834645668
11
0.7781881102362205
21
1.6749348425196851
0
LINE
8
BLACK
6
CONTINUOUS
10
0.7781881102362205
20
1.6749348425196851
11
0.7826801181102362
21
1.6719333464566928
0
LINE
8
BLACK
6
CONTINUOUS
10
0.7826801181102362
20
1.6719333464566928
11
0.7865002755905511
21
1.6681131889763778
0
LINE
8
BLACK
6
CONTINUOUS
10
0.7865002755905511
20
1.6681131889763778
11
0.7895017716535433
21
1.6636211811023622
0
LINE
8
BLACK
6
CONTINUOUS
10
0.7895017716535433
20
1.6636211811023622
11
0.7915692125984252
21
1.6586298818897638
0
LINE
8
BLACK
6
CONTINUOUS
10
0.7915692125984252
20
1.6586298818897638
11
0.792623188976378
21
1.6533311811023621
0
LINE
8
BLACK
6
CONTINUOUS
10
0.792623188976378
20
1.6533311811023621
11
0.792623188976378
21
1.6479286614173227
0
LINE
8
BLACK
6
CONTINUOUS
10
0.792623188976378
20
1.6479286614173227
11
0.7915692125984252
21
1.6426299606299213
0
LINE
8
BLACK
6
CONTINUOUS
10
0.7915692125984252
20
1.6426299606299213
11
0.7895017716535433
21
1.6376386614173228
0
LINE
8
BLACK
6
CONTINUOUS
10
0.7895017716535433
20
1.6376386614173228
11
0.7865002755905511
21
1.633146653543307
0
LINE
8
BLACK
6
CONTINUOUS
10
0.7865002755905511
20
1.633146653543307
11
0.7826801181102362
21
1.6293264960629921
0
LINE
8
BLACK
6
CONTINUOUS
10
0.7826801181102362
20
1.6293264960629921
11
0.7781881102362205
21
1.626325
0
LINE
8
BLACK
6
CONTINUOUS
10
0.7781881102362205
20
1.626325
11
0.773196811023622
21
1.624257559055118
0
LINE
8
BLACK
6
CONTINUOUS
10
0.773196811023622
20
1.624257559055118
11
0.7678981102362205
21
1.6232035826771654
0
LINE
8
BLACK
6
CONTINUOUS
10
0.7678981102362205
20
1.6232035826771654
11
0.7624955905511811
21
1.6232035826771654
0
LINE
8
BLACK
6
CONTINUOUS
10
0.7624955905511811
20
1.6232035826771654
11
0.7571968897637795
21
1.624257559055118
0
LINE
8
BLACK
6
CONTINUOUS
10
0.7571968897637795
20
1.624257559055118
11
0.7522055905511811
21
1.626325
0
LINE
8
BLACK
6
CONTINUOUS
10
0.7522055905511811
20
1.626325
11
0.7477135826771654
21
1.6293264960629921
0
LINE
8
BLACK
6
CONTINUOUS
10
0.7477135826771654
20
1.6293264960629921
11
0.7438934251968504
21
1.633146653543307
0
LINE
8
BLACK
6
CONTINUOUS
10
0.7438934251968504
20
1.633146653543307
11
0.7408919291338583
21
1.6376386614173228
0
LINE
8
BLACK
6
CONTINUOUS
10
0.7408919291338583
20
1.6376386614173228
11
0.7388244881889764
21
1.6426299606299213
0
LINE
8
BLACK
6
CONTINUOUS
10
0.7388244881889764
20
1.6426299606299213
11
0.7377705118110236
21
1.6479286614173227
0
LINE
8
BLACK
6
CONTINUOUS
10
0.7377705118110236
20
1.6479286614173227
11
0.7377705118110236
21
1.6533311811023621
0
LINE
8
BLACK
6
CONTINUOUS
10
0.7377705118110236
20
1.6533311811023621
11
0.7388244881889764
21
1.6586298818897638
0
LINE
8
BLACK
6
CONTINUOUS
10
0.7388244881889764
20
1.6586298818897638
11
0.7408919291338583
21
1.6636211811023622
0
LINE
8
BLACK
6
CONTINUOUS
10
0.7408919291338583
20
1.6636211811023622
11
0.7438934251968504
21
1.6681131889763778
0
LINE
8
BLACK
6
CONTINUOUS
10
0.7438934251968504
20
1.6681131889763778
11
0.7477135826771654
21
1.6719333464566928
0
LINE
8
BLACK
6
CONTINUOUS
10
0.7477135826771654
20
1.6719333464566928
11
0.7522055905511811
21
1.6749348425196851
0
LINE
8
BLACK
6
CONTINUOUS
10
0.7522055905511811
20
1.6749348425196851
11
0.7571968897637795
21
1.6770022834645668
0
LINE
8
BLACK
6
CONTINUOUS
10
0.7571968897637795
20
1.6770022834645668
11
0.7624955905511811
21
1.6780562598425197
0
LINE
8
BLACK
6
CONTINUOUS
10
0.7624955905511811
20
1.6780562598425197
11
0.7678981102362205
21
1.6780562598425197
0
LINE
8
BLACK
6
CONTINUOUS
10
0.7678981102362205
20
1.6780562598425197
11
0.773196811023622
21
1.6770022834645668
0
LINE
8
BLACK
6
CONTINUOUS
10
0.851936968503937
20
1.6770022834645668
11
0.8569282677165354
21
1.6749348425196851
0
LINE
8
BLACK
6
CONTINUOUS
10
0.8569282677165354
20
1.6749348425196851
11
0.8614202755905511
21
1.6719333464566928
0
LINE
8
BLACK
6
CONTINUOUS
10
0.8614202755905511
20
1.6719333464566928
11
0.8652404330708662
21
1.6681131889763778
0
LINE
8
BLACK
6
CONTINUOUS
10
0.8652404330708662
20
1.6681131889763778
11
0.8682419291338582
21
1.6636211811023622
0
LINE
8
BLACK
6
CONTINUOUS
10
0.8682419291338582
20
1.6636211811023622
11
0.8703093700787401
21
1.6586298818897638
0
LINE
8
BLACK
6
CONTINUOUS
10
0.8703093700787401
20
1.6586298818897638
11
0.8713633464566929
21
1.6533311811023621
0
LINE
8
BLACK
6
CONTINUOUS
10
0.8713633464566929
20
1.6533311811023621
11
0.8713633464566929
21
1.6479286614173227
0
LINE
8
BLACK
6
CONTINUOUS
10
0.8713633464566929
20
1.6479286614173227
11
0.8703093700787401
21
1.6426299606299213
0
LINE
8
BLACK
6
CONTINUOUS
10
0.8703093700787401
20
1.6426299606299213
11
0.8682419291338582
21
1.6376386614173228
0
LINE
8
BLACK
6
CONTINUOUS
10
0.8682419291338582
20
1.6376386614173228
11
0.8652404330708662
21
1.633146653543307
0
LINE
8
BLACK
6
CONTINUOUS
10
0.8652404330708662
20
1.633146653543307
11
0.8614202755905511
21
1.6293264960629921
0
LINE
8
BLACK
6
CONTINUOUS
10
0.8614202755905511
20
1.6293264960629921
11
0.8569282677165354
21
1.626325
0
LINE
8
BLACK
6
CONTINUOUS
10
0.8569282677165354
20
1.626325
11
0.851936968503937
21
1.624257559055118
0
LINE
8
BLACK
6
CONTINUOUS
10
0.851936968503937
20
1.624257559055118
11
0.8466382677165354
21
1.6232035826771654
0
LINE
8
BLACK
6
CONTINUOUS
10
0.8466382677165354
20
1.6232035826771654
11
0.841235748031496
21
1.6232035826771654
0
LINE
8
BLACK
6
CONTINUOUS
10
0.841235748031496
20
1.6232035826771654
11
0.8359370472440945
21
1.624257559055118
0
LINE
8
BLACK
6
CONTINUOUS
10
0.8359370472440945
20
1.624257559055118
11
0.830945748031496
21
1.626325
0
LINE
8
BLACK
6
CONTINUOUS
10
0.830945748031496
20
1.626325
11
0.8264537401574803
21
1.6293264960629921
0
LINE
8
BLACK
6
CONTINUOUS
10
0.8264537401574803
20
1.6293264960629921
11
0.8226335826771654
21
1.633146653543307
0
LINE
8
BLACK
6
CONTINUOUS
10
0.8226335826771654
20
1.633146653543307
11
0.8196320866141732
21
1.6376386614173228
0
LINE
8
BLACK
6
CONTINUOUS
10
0.8196320866141732
20
1.6376386614173228
11
0.8175646456692913
21
1.6426299606299213
0
LINE
8
BLACK
6
CONTINUOUS
10
0.8175646456692913
20
1.6426299606299213
11
0.8165106692913385
21
1.6479286614173227
0
LINE
8
BLACK
6
CONTINUOUS
10
0.8165106692913385
20
1.6479286614173227
11
0.8165106692913385
21
1.6533311811023621
0
LINE
8
BLACK
6
CONTINUOUS
10
0.8165106692913385
20
1.6533311811023621
11
0.8175646456692913
21
1.6586298818897638
0
LINE
8
BLACK
6
CONTINUOUS
10
0.8175646456692913
20
1.6586298818897638
11
0.8196320866141732
21
1.6636211811023622
0
LINE
8
BLACK
6
CONTINUOUS
10
0.8196320866141732
20
1.6636211811023622
11
0.8226335826771654
21
1.6681131889763778
0
LINE
8
BLACK
6
CONTINUOUS
10
0.8226335826771654
20
1.6681131889763778
11
0.8264537401574803
21
1.6719333464566928
0
LINE
8
BLACK
6
CONTINUOUS
10
0.8264537401574803
20
1.6719333464566928
11
0.830945748031496
21
1.6749348425196851
0
LINE
8
BLACK
6
CONTINUOUS
10
0.830945748031496
20
1.6749348425196851
11
0.8359370472440945
21
1.6770022834645668
0
LINE
8
BLACK
6
CONTINUOUS
10
0.8359370472440945
20
1.6770022834645668
11
0.841235748031496
21
1.6780562598425197
0
LINE
8
BLACK
6
CONTINUOUS
10
0.841235748031496
20
1.6780562598425197
11
0.8466382677165354
21
1.6780562598425197
0
LINE
8
BLACK
6
CONTINUOUS
10
0.8466382677165354
20
1.6780562598425197
11
0.851936968503937
21
1.6770022834645668
0
LINE
8
BLACK
6
CONTINUOUS
10
5.3121923228346457
20
1.6896862598425197
11
5.3161630314960631
21
1.687933031496063
0
LINE
8
BLACK
6
CONTINUOUS
10
5.3161630314960631
20
1.687933031496063
11
5.3192322440944881
21
1.6848638188976377
0
LINE
8
BLACK
6
CONTINUOUS
10
5.3192322440944881
20
1.6848638188976377
11
5.3209854724409444
21
1.6808931102362203
0
LINE
8
BLACK
6
CONTINUOUS
10
5.3209854724409444
20
1.6808931102362203
11
5.3212992125984249
21
1.6781889763779527
0
LINE
8
BLACK
6
CONTINUOUS
10
5.3212992125984249
20
1.6781889763779527
11
5.3212992125984249
21
1.6624409448818898
0
LINE
8
BLACK
6
CONTINUOUS
10
5.3212992125984249
20
1.6624409448818898
11
5.3209854724409444
21
1.6597368110236219
0
LINE
8
BLACK
6
CONTINUOUS
10
5.3209854724409444
20
1.6597368110236219
11
5.3192322440944881
21
1.6557661023622048
0
LINE
8
BLACK
6
CONTINUOUS
10
5.3192322440944881
20
1.6557661023622048
11
5.3161630314960631
21
1.6526968897637795
0
LINE
8
BLACK
6
CONTINUOUS
10
5.3161630314960631
20
1.6526968897637795
11
5.3121923228346457
21
1.6509436614173227
0
LINE
8
BLACK
6
CONTINUOUS
10
5.3121923228346457
20
1.6509436614173227
11
5.3094881889763776
21
1.6506299212598425
0
LINE
8
BLACK
6
CONTINUOUS
10
5.3094881889763776
20
1.6506299212598425
11
5.2898031496062989
21
1.6506299212598425
0
LINE
8
BLACK
6
CONTINUOUS
10
5.2898031496062989
20
1.6506299212598425
11
5.2870990157480318
21
1.6509436614173227
0
LINE
8
BLACK
6
CONTINUOUS
10
5.2870990157480318
20
1.6509436614173227
11
5.2831283070866144
21
1.6526968897637795
0
LINE
8
BLACK
6
CONTINUOUS
10
5.2831283070866144
20
1.6526968897637795
11
5.2800590944881884
21
1.6557661023622048
0
LINE
8
BLACK
6
CONTINUOUS
10
5.2800590944881884
20
1.6557661023622048
11
5.2783058661417321
21
1.6597368110236219
0
LINE
8
BLACK
6
CONTINUOUS
10
5.2783058661417321
20
1.6597368110236219
11
5.2779921259842517
21
1.6624409448818898
0
LINE
8
BLACK
6
CONTINUOUS
10
5.2779921259842517
20
1.6624409448818898
11
5.2779921259842517
21
1.6781889763779527
0
LINE
8
BLACK
6
CONTINUOUS
10
5.2779921259842517
20
1.6781889763779527
11
5.2783058661417321
21
1.6808931102362203
0
LINE
8
BLACK
6
CONTINUOUS
10
5.2783058661417321
20
1.6808931102362203
11
5.2800590944881884
21
1.6848638188976377
0
LINE
8
BLACK
6
CONTINUOUS
10
5.2800590944881884
20
1.6848638188976377
11
5.2831283070866144
21
1.687933031496063
0
LINE
8
BLACK
6
CONTINUOUS
10
5.2831283070866144
20
1.687933031496063
11
5.2870990157480318
21
1.6896862598425197
0
LINE
8
BLACK
6
CONTINUOUS
10
5.2870990157480318
20
1.6896862598425197
11
5.2898031496062989
21
1.6899999999999999
0
LINE
8
BLACK
6
CONTINUOUS
10
5.2898031496062989
20
1.6899999999999999
11
5.3094881889763776
21
1.6899999999999999
0
LINE
8
BLACK
6
CONTINUOUS
10
5.3094881889763776
20
1.6899999999999999
11
5.3121923228346457
21
1.6896862598425197
0
LINE
8
BLACK
6
CONTINUOUS
10
5.1842395669291337
20
1.7337566535433071
11
5.188210275590551
21
1.7320034251968504
0
LINE
8
BLACK
6
CONTINUOUS
10
5.188210275590551
20
1.7320034251968504
11
5.1912794881889761
21
1.7289342125984251
0
LINE
8
BLACK
6
CONTINUOUS
10
5.1912794881889761
20
1.7289342125984251
11
5.1930327165354333
21
1.7249635039370079
0
LINE
8
BLACK
6
CONTINUOUS
10
5.1930327165354333
20
1.7249635039370079
11
5.1933464566929128
21
1.7222593700787401
0
LINE
8
BLACK
6
CONTINUOUS
10
5.1933464566929128
20
1.7222593700787401
11
5.1933464566929128
21
1.6868262992125984
0
LINE
8
BLACK
6
CONTINUOUS
10
5.1933464566929128
20
1.6868262992125984
11
5.1930327165354333
21
1.6841221653543306
0
LINE
8
BLACK
6
CONTINUOUS
10
5.1930327165354333
20
1.6841221653543306
11
5.1912794881889761
21
1.6801514566929134
0
LINE
8
BLACK
6
CONTINUOUS
10
5.1912794881889761
20
1.6801514566929134
11
5.188210275590551
21
1.6770822440944881
0
LINE
8
BLACK
6
CONTINUOUS
10
5.188210275590551
20
1.6770822440944881
11
5.1842395669291337
21
1.6753290157480314
0
LINE
8
BLACK
6
CONTINUOUS
10
5.1842395669291337
20
1.6753290157480314
11
5.1815354330708656
21
1.6750152755905512
0
LINE
8
BLACK
6
CONTINUOUS
10
5.1815354330708656
20
1.6750152755905512
11
5.1608661417322832
21
1.6750152755905512
0
LINE
8
BLACK
6
CONTINUOUS
10
5.1608661417322832
20
1.6750152755905512
11
5.158162007874016
21
1.6753290157480314
0
LINE
8
BLACK
6
CONTINUOUS
10
5.158162007874016
20
1.6753290157480314
11
5.1541912992125987
21
1.6770822440944881
0
LINE
8
BLACK
6
CONTINUOUS
10
5.1541912992125987
20
1.6770822440944881
11
5.1511220866141727
21
1.6801514566929134
0
LINE
8
BLACK
6
CONTINUOUS
10
5.1511220866141727
20
1.6801514566929134
11
5.1493688582677164
21
1.6841221653543306
0
LINE
8
BLACK
6
CONTINUOUS
10
5.1493688582677164
20
1.6841221653543306
11
5.149055118110236
21
1.6868262992125984
0
LINE
8
BLACK
6
CONTINUOUS
10
5.149055118110236
20
1.6868262992125984
11
5.149055118110236
21
1.7222593700787401
0
LINE
8
BLACK
6
CONTINUOUS
10
5.149055118110236
20
1.7222593700787401
11
5.1493688582677164
21
1.7249635039370079
0
LINE
8
BLACK
6
CONTINUOUS
10
5.1493688582677164
20
1.7249635039370079
11
5.1511220866141727
21
1.7289342125984251
0
LINE
8
BLACK
6
CONTINUOUS
10
5.1511220866141727
20
1.7289342125984251
11
5.1541912992125987
21
1.7320034251968504
0
LINE
8
BLACK
6
CONTINUOUS
10
5.1541912992125987
20
1.7320034251968504
11
5.158162007874016
21
1.7337566535433071
0
LINE
8
BLACK
6
CONTINUOUS
10
5.158162007874016
20
1.7337566535433071
11
5.1608661417322832
21
1.7340703937007873
0
LINE
8
BLACK
6
CONTINUOUS
10
5.1608661417322832
20
1.7340703937007873
11
5.1815354330708656
21
1.7340703937007873
0
LINE
8
BLACK
6
CONTINUOUS
10
5.1815354330708656
20
1.7340703937007873
11
5.1842395669291337
21
1.7337566535433071
0
LINE
8
BLACK
6
CONTINUOUS
10
5.2560899606299207
20
1.7337566535433071
11
5.2600606692913381
21
1.7320034251968504
0
LINE
8
BLACK
6
CONTINUOUS
10
5.2600606692913381
20
1.7320034251968504
11
5.2631298818897641
21
1.7289342125984251
0
LINE
8
BLACK
6
CONTINUOUS
10
5.2631298818897641
20
1.7289342125984251
11
5.2648831102362204
21
1.7249635039370079
0
LINE
8
BLACK
6
CONTINUOUS
10
5.2648831102362204
20
1.7249635039370079
11
5.2651968503937008
21
1.7222593700787401
0
LINE
8
BLACK
6
CONTINUOUS
10
5.2651968503937008
20
1.7222593700787401
11
5.2651968503937008
21
1.6868262992125984
0
LINE
8
BLACK
6
CONTINUOUS
10
5.2651968503937008
20
1.6868262992125984
11
5.2648831102362204
21
1.6841221653543306
0
LINE
8
BLACK
6
CONTINUOUS
10
5.2648831102362204
20
1.6841221653543306
11
5.2631298818897641
21
1.6801514566929134
0
LINE
8
BLACK
6
CONTINUOUS
10
5.2631298818897641
20
1.6801514566929134
11
5.2600606692913381
21
1.6770822440944881
0
LINE
8
BLACK
6
CONTINUOUS
10
5.2600606692913381
20
1.6770822440944881
11
5.2560899606299207
21
1.6753290157480314
0
LINE
8
BLACK
6
CONTINUOUS
10
5.2560899606299207
20
1.6753290157480314
11
5.2533858267716536
21
1.6750152755905512
0
LINE
8
BLACK
6
CONTINUOUS
10
5.2533858267716536
20
1.6750152755905512
11
5.2327165354330711
21
1.6750152755905512
0
LINE
8
BLACK
6
CONTINUOUS
10
5.2327165354330711
20
1.6750152755905512
11
5.2300124015748031
21
1.6753290157480314
0
LINE
8
BLACK
6
CONTINUOUS
10
5.2300124015748031
20
1.6753290157480314
11
5.2260416929133857
21
1.6770822440944881
0
LINE
8
BLACK
6
CONTINUOUS
10
5.2260416929133857
20
1.6770822440944881
11
5.2229724803149606
21
1.6801514566929134
0
LINE
8
BLACK
6
CONTINUOUS
10
5.2229724803149606
20
1.6801514566929134
11
5.2212192519685034
21
1.6841221653543306
0
LINE
8
BLACK
6
CONTINUOUS
10
5.2212192519685034
20
1.6841221653543306
11
5.2209055118110239
21
1.6868262992125984
0
LINE
8
BLACK
6
CONTINUOUS
10
5.2209055118110239
20
1.6868262992125984
11
5.2209055118110239
21
1.7222593700787401
0
LINE
8
BLACK
6
CONTINUOUS
10
5.2209055118110239
20
1.7222593700787401
11
5.2212192519685034
21
1.7249635039370079
0
LINE
8
BLACK
6
CONTINUOUS
10
5.2212192519685034
20
1.7249635039370079
11
5.2229724803149606
21
1.7289342125984251
0
LINE
8
BLACK
6
CONTINUOUS
10
5.2229724803149606
20
1.7289342125984251
11
5.2260416929133857
21
1.7320034251968504
0
LINE
8
BLACK
6
CONTINUOUS
10
5.2260416929133857
20
1.7320034251968504
11
5.2300124015748031
21
1.7337566535433071
0
LINE
8
BLACK
6
CONTINUOUS
10
5.2300124015748031
20
1.7337566535433071
11
5.2327165354330711
21
1.7340703937007873
0
LINE
8
BLACK
6
CONTINUOUS
10
5.2327165354330711
20
1.7340703937007873
11
5.2533858267716536
21
1.7340703937007873
0
LINE
8
BLACK
6
CONTINUOUS
10
5.2533858267716536
20
1.7340703937007873
11
5.2560899606299207
21
1.7337566535433071
0
LINE
8
BLACK
6
CONTINUOUS
10
5.3121923228346457
20
1.7356448031496063
11
5.3161630314960631
21
1.7338915748031496
0
LINE
8
BLACK
6
CONTINUOUS
10
5.3161630314960631
20
1.7338915748031496
11
5.3192322440944881
21
1.7308223622047243
0
LINE
8
BLACK
6
CONTINUOUS
10
5.3192322440944881
20
1.7308223622047243
11
5.3209854724409444
21
1.7268516535433069
0
LINE
8
BLACK
6
CONTINUOUS
10
5.3209854724409444
20
1.7268516535433069
11
5.3212992125984249
21
1.7241475196850393
0
LINE
8
BLACK
6
CONTINUOUS
10
5.3212992125984249
20
1.7241475196850393
11
5.3212992125984249
21
1.7083994881889764
0
LINE
8
BLACK
6
CONTINUOUS
10
5.3212992125984249
20
1.7083994881889764
11
5.3209854724409444
21
1.7056953543307085
0
LINE
8
BLACK
6
CONTINUOUS
10
5.3209854724409444
20
1.7056953543307085
11
5.3192322440944881
21
1.7017246456692914
0
LINE
8
BLACK
6
CONTINUOUS
10
5.3192322440944881
20
1.7017246456692914
11
5.3161630314960631
21
1.6986554330708661
0
LINE
8
BLACK
6
CONTINUOUS
10
5.3161630314960631
20
1.6986554330708661
11
5.3121923228346457
21
1.6969022047244093
0
LINE
8
BLACK
6
CONTINUOUS
10
5.3121923228346457
20
1.6969022047244093
11
5.3094881889763776
21
1.6965884645669291
0
LINE
8
BLACK
6
CONTINUOUS
10
5.3094881889763776
20
1.6965884645669291
11
5.2898031496062989
21
1.6965884645669291
0
LINE
8
BLACK
6
CONTINUOUS
10
5.2898031496062989
20
1.6965884645669291
11
5.2870990157480318
21
1.6969022047244093
0
LINE
8
BLACK
6
CONTINUOUS
10
5.2870990157480318
20
1.6969022047244093
11
5.2831283070866144
21
1.6986554330708661
0
LINE
8
BLACK
6
CONTINUOUS
10
5.2831283070866144
20
1.6986554330708661
11
5.2800590944881884
21
1.7017246456692914
0
LINE
8
BLACK
6
CONTINUOUS
10
5.2800590944881884
20
1.7017246456692914
11
5.2783058661417321
21
1.7056953543307085
0
LINE
8
BLACK
6
CONTINUOUS
10
5.2783058661417321
20
1.7056953543307085
11
5.2779921259842517
21
1.7083994881889764
0
LINE
8
BLACK
6
CONTINUOUS
10
5.2779921259842517
20
1.7083994881889764
11
5.2779921259842517
21
1.7241475196850393
0
LINE
8
BLACK
6
CONTINUOUS
10
5.2779921259842517
20
1.7241475196850393
11
5.2783058661417321
21
1.7268516535433069
0
LINE
8
BLACK
6
CONTINUOUS
10
5.2783058661417321
20
1.7268516535433069
11
5.2800590944881884
21
1.7308223622047243
0
LINE
8
BLACK
6
CONTINUOUS
10
5.2800590944881884
20
1.7308223622047243
11
5.2831283070866144
21
1.7338915748031496
0
LINE
8
BLACK
6
CONTINUOUS
10
5.2831283070866144
20
1.7338915748031496
11
5.2870990157480318
21
1.7356448031496063
0
LINE
8
BLACK
6
CONTINUOUS
10
5.2870990157480318
20
1.7356448031496063
11
5.2898031496062989
21
1.7359585433070865
0
LINE
8
BLACK
6
CONTINUOUS
10
5.2898031496062989
20
1.7359585433070865
11
5.3094881889763776
21
1.7359585433070865
0
LINE
8
BLACK
6
CONTINUOUS
10
5.3094881889763776
20
1.7359585433070865
11
5.3121923228346457
21
1.7356448031496063
0
LINE
8
BLACK
6
CONTINUOUS
10
0.5369763385826771
20
1.7557424409448819
11
0.5419676377952756
21
1.7536749999999999
0
LINE
8
BLACK
6
CONTINUOUS
10
0.5419676377952756
20
1.7536749999999999
11
0.5464596456692913
21
1.7506735039370078
0
LINE
8
BLACK
6
CONTINUOUS
10
0.5464596456692913
20
1.7506735039370078
11
0.5502798031496063
21
1.7468533464566929
0
LINE
8
BLACK
6
CONTINUOUS
10
0.5502798031496063
20
1.7468533464566929
11
0.5532812992125984
21
1.7423613385826771
0
LINE
8
BLACK
6
CONTINUOUS
10
0.5532812992125984
20
1.7423613385826771
11
0.5553487401574803
21
1.7373700393700786
0
LINE
8
BLACK
6
CONTINUOUS
10
0.5553487401574803
20
1.7373700393700786
11
0.5564027165354331
21
1.7320713385826771
0
LINE
8
BLACK
6
CONTINUOUS
10
0.5564027165354331
20
1.7320713385826771
11
0.5564027165354331
21
1.7266688188976378
0
LINE
8
BLACK
6
CONTINUOUS
10
0.5564027165354331
20
1.7266688188976378
11
0.5553487401574803
21
1.7213701181102361
0
LINE
8
BLACK
6
CONTINUOUS
10
0.5553487401574803
20
1.7213701181102361
11
0.5532812992125984
21
1.7163788188976377
0
LINE
8
BLACK
6
CONTINUOUS
10
0.5532812992125984
20
1.7163788188976377
11
0.5502798031496063
21
1.7118868110236221
0
LINE
8
BLACK
6
CONTINUOUS
10
0.5502798031496063
20
1.7118868110236221
11
0.5464596456692913
21
1.7080666535433071
0
LINE
8
BLACK
6
CONTINUOUS
10
0.5464596456692913
20
1.7080666535433071
11
0.5419676377952756
21
1.7050651574803148
0
LINE
8
BLACK
6
CONTINUOUS
10
0.5419676377952756
20
1.7050651574803148
11
0.5369763385826771
21
1.7029977165354331
0
LINE
8
BLACK
6
CONTINUOUS
10
0.5369763385826771
20
1.7029977165354331
11
0.5316776377952755
21
1.7019437401574802
0
LINE
8
BLACK
6
CONTINUOUS
10
0.5316776377952755
20
1.7019437401574802
11
0.5262751181102362
21
1.7019437401574802
0
LINE
8
BLACK
6
CONTINUOUS
10
0.5262751181102362
20
1.7019437401574802
11
0.5209764173228346
21
1.7029977165354331
0
LINE
8
BLACK
6
CONTINUOUS
10
0.5209764173228346
20
1.7029977165354331
11
0.5159851181102362
21
1.7050651574803148
0
LINE
8
BLACK
6
CONTINUOUS
10
0.5159851181102362
20
1.7050651574803148
11
0.5114931102362205
21
1.7080666535433071
0
LINE
8
BLACK
6
CONTINUOUS
10
0.5114931102362205
20
1.7080666535433071
11
0.5076729527559055
21
1.7118868110236221
0
LINE
8
BLACK
6
CONTINUOUS
10
0.5076729527559055
20
1.7118868110236221
11
0.5046714566929134
21
1.7163788188976377
0
LINE
8
BLACK
6
CONTINUOUS
10
0.5046714566929134
20
1.7163788188976377
11
0.5026040157480315
21
1.7213701181102361
0
LINE
8
BLACK
6
CONTINUOUS
10
0.5026040157480315
20
1.7213701181102361
11
0.5015500393700787
21
1.7266688188976378
0
LINE
8
BLACK
6
CONTINUOUS
10
0.5015500393700787
20
1.7266688188976378
11
0.5015500393700787
21
1.7320713385826771
0
LINE
8
BLACK
6
CONTINUOUS
10
0.5015500393700787
20
1.7320713385826771
11
0.5026040157480315
21
1.7373700393700786
0
LINE
8
BLACK
6
CONTINUOUS
10
0.5026040157480315
20
1.7373700393700786
11
0.5046714566929134
21
1.7423613385826771
0
LINE
8
BLACK
6
CONTINUOUS
10
0.5046714566929134
20
1.7423613385826771
11
0.5076729527559055
21
1.7468533464566929
0
LINE
8
BLACK
6
CONTINUOUS
10
0.5076729527559055
20
1.7468533464566929
11
0.5114931102362205
21
1.7506735039370078
0
LINE
8
BLACK
6
CONTINUOUS
10
0.5114931102362205
20
1.7506735039370078
11
0.5159851181102362
21
1.7536749999999999
0
LINE
8
BLACK
6
CONTINUOUS
10
0.5159851181102362
20
1.7536749999999999
11
0.5209764173228346
21
1.7557424409448819
0
LINE
8
BLACK
6
CONTINUOUS
10
0.5209764173228346
20
1.7557424409448819
11
0.5262751181102362
21
1.7567964173228345
0
LINE
8
BLACK
6
CONTINUOUS
10
0.5262751181102362
20
1.7567964173228345
11
0.5316776377952755
21
1.7567964173228345
0
LINE
8
BLACK
6
CONTINUOUS
10
0.5316776377952755
20
1.7567964173228345
11
0.5369763385826771
21
1.7557424409448819
0
LINE
8
BLACK
6
CONTINUOUS
10
0.6157164960629921
20
1.7557424409448819
11
0.6207077952755905
21
1.7536749999999999
0
LINE
8
BLACK
6
CONTINUOUS
10
0.6207077952755905
20
1.7536749999999999
11
0.6251998031496063
21
1.7506735039370078
0
LINE
8
BLACK
6
CONTINUOUS
10
0.6251998031496063
20
1.7506735039370078
11
0.6290199606299213
21
1.7468533464566929
0
LINE
8
BLACK
6
CONTINUOUS
10
0.6290199606299213
20
1.7468533464566929
11
0.6320214566929133
21
1.7423613385826771
0
LINE
8
BLACK
6
CONTINUOUS
10
0.6320214566929133
20
1.7423613385826771
11
0.6340888976377953
21
1.7373700393700786
0
LINE
8
BLACK
6
CONTINUOUS
10
0.6340888976377953
20
1.7373700393700786
11
0.635142874015748
21
1.7320713385826771
0
LINE
8
BLACK
6
CONTINUOUS
10
0.635142874015748
20
1.7320713385826771
11
0.635142874015748
21
1.7266688188976378
0
LINE
8
BLACK
6
CONTINUOUS
10
0.635142874015748
20
1.7266688188976378
11
0.6340888976377953
21
1.7213701181102361
0
LINE
8
BLACK
6
CONTINUOUS
10
0.6340888976377953
20
1.7213701181102361
11
0.6320214566929133
21
1.7163788188976377
0
LINE
8
BLACK
6
CONTINUOUS
10
0.6320214566929133
20
1.7163788188976377
11
0.6290199606299213
21
1.7118868110236221
0
LINE
8
BLACK
6
CONTINUOUS
10
0.6290199606299213
20
1.7118868110236221
11
0.6251998031496063
21
1.7080666535433071
0
LINE
8
BLACK
6
CONTINUOUS
10
0.6251998031496063
20
1.7080666535433071
11
0.6207077952755905
21
1.7050651574803148
0
LINE
8
BLACK
6
CONTINUOUS
10
0.6207077952755905
20
1.7050651574803148
11
0.6157164960629921
21
1.7029977165354331
0
LINE
8
BLACK
6
CONTINUOUS
10
0.6157164960629921
20
1.7029977165354331
11
0.6104177952755906
21
1.7019437401574802
0
LINE
8
BLACK
6
CONTINUOUS
10
0.6104177952755906
20
1.7019437401574802
11
0.6050152755905511
21
1.7019437401574802
0
LINE
8
BLACK
6
CONTINUOUS
10
0.6050152755905511
20
1.7019437401574802
11
0.5997165748031495
21
1.7029977165354331
0
LINE
8
BLACK
6
CONTINUOUS
10
0.5997165748031495
20
1.7029977165354331
11
0.5947252755905512
21
1.7050651574803148
0
LINE
8
BLACK
6
CONTINUOUS
10
0.5947252755905512
20
1.7050651574803148
11
0.5902332677165354
21
1.7080666535433071
0
LINE
8
BLACK
6
CONTINUOUS
10
0.5902332677165354
20
1.7080666535433071
11
0.5864131102362204
21
1.7118868110236221
0
LINE
8
BLACK
6
CONTINUOUS
10
0.5864131102362204
20
1.7118868110236221
11
0.5834116141732283
21
1.7163788188976377
0
LINE
8
BLACK
6
CONTINUOUS
10
0.5834116141732283
20
1.7163788188976377
11
0.5813441732283464
21
1.7213701181102361
0
LINE
8
BLACK
6
CONTINUOUS
10
0.5813441732283464
20
1.7213701181102361
11
0.5802901968503937
21
1.7266688188976378
0
LINE
8
BLACK
6
CONTINUOUS
10
0.5802901968503937
20
1.7266688188976378
11
0.5802901968503937
21
1.7320713385826771
0
LINE
8
BLACK
6
CONTINUOUS
10
0.5802901968503937
20
1.7320713385826771
11
0.5813441732283464
21
1.7373700393700786
0
LINE
8
BLACK
6
CONTINUOUS
10
0.5813441732283464
20
1.7373700393700786
11
0.5834116141732283
21
1.7423613385826771
0
LINE
8
BLACK
6
CONTINUOUS
10
0.5834116141732283
20
1.7423613385826771
11
0.5864131102362204
21
1.7468533464566929
0
LINE
8
BLACK
6
CONTINUOUS
10
0.5864131102362204
20
1.7468533464566929
11
0.5902332677165354
21
1.7506735039370078
0
LINE
8
BLACK
6
CONTINUOUS
10
0.5902332677165354
20
1.7506735039370078
11
0.5947252755905512
21
1.7536749999999999
0
LINE
8
BLACK
6
CONTINUOUS
10
0.5947252755905512
20
1.7536749999999999
11
0.5997165748031495
21
1.7557424409448819
0
LINE
8
BLACK
6
CONTINUOUS
10
0.5997165748031495
20
1.7557424409448819
11
0.6050152755905511
21
1.7567964173228345
0
LINE
8
BLACK
6
CONTINUOUS
10
0.6050152755905511
20
1.7567964173228345
11
0.6104177952755906
21
1.7567964173228345
0
LINE
8
BLACK
6
CONTINUOUS
10
0.6104177952755906
20
1.7567964173228345
11
0.6157164960629921
21
1.7557424409448819
0
LINE
8
BLACK
6
CONTINUOUS
10
0.6944566535433071
20
1.7557424409448819
11
0.6994479527559055
21
1.7536749999999999
0
LINE
8
BLACK
6
CONTINUOUS
10
0.6994479527559055
20
1.7536749999999999
11
0.7039399606299213
21
1.7506735039370078
0
LINE
8
BLACK
6
CONTINUOUS
10
0.7039399606299213
20
1.7506735039370078
11
0.7077601181102362
21
1.7468533464566929
0
LINE
8
BLACK
6
CONTINUOUS
10
0.7077601181102362
20
1.7468533464566929
11
0.7107616141732284
21
1.7423613385826771
0
LINE
8
BLACK
6
CONTINUOUS
10
0.7107616141732284
20
1.7423613385826771
11
0.7128290551181102
21
1.7373700393700786
0
LINE
8
BLACK
6
CONTINUOUS
10
0.7128290551181102
20
1.7373700393700786
11
0.713883031496063
21
1.7320713385826771
0
LINE
8
BLACK
6
CONTINUOUS
10
0.713883031496063
20
1.7320713385826771
11
0.713883031496063
21
1.7266688188976378
0
LINE
8
BLACK
6
CONTINUOUS
10
0.713883031496063
20
1.7266688188976378
11
0.7128290551181102
21
1.7213701181102361
0
LINE
8
BLACK
6
CONTINUOUS
10
0.7128290551181102
20
1.7213701181102361
11
0.7107616141732284
21
1.7163788188976377
0
LINE
8
BLACK
6
CONTINUOUS
10
0.7107616141732284
20
1.7163788188976377
11
0.7077601181102362
21
1.7118868110236221
0
LINE
8
BLACK
6
CONTINUOUS
10
0.7077601181102362
20
1.7118868110236221
11
0.7039399606299213
21
1.7080666535433071
0
LINE
8
BLACK
6
CONTINUOUS
10
0.7039399606299213
20
1.7080666535433071
11
0.6994479527559055
21
1.7050651574803148
0
LINE
8
BLACK
6
CONTINUOUS
10
0.6994479527559055
20
1.7050651574803148
11
0.6944566535433071
21
1.7029977165354331
0
LINE
8
BLACK
6
CONTINUOUS
10
0.6944566535433071
20
1.7029977165354331
11
0.6891579527559055
21
1.7019437401574802
0
LINE
8
BLACK
6
CONTINUOUS
10
0.6891579527559055
20
1.7019437401574802
11
0.6837554330708662
21
1.7019437401574802
0
LINE
8
BLACK
6
CONTINUOUS
10
0.6837554330708662
20
1.7019437401574802
11
0.6784567322834646
21
1.7029977165354331
0
LINE
8
BLACK
6
CONTINUOUS
10
0.6784567322834646
20
1.7029977165354331
11
0.6734654330708661
21
1.7050651574803148
0
LINE
8
BLACK
6
CONTINUOUS
10
0.6734654330708661
20
1.7050651574803148
11
0.6689734251968503
21
1.7080666535433071
0
LINE
8
BLACK
6
CONTINUOUS
10
0.6689734251968503
20
1.7080666535433071
11
0.6651532677165354
21
1.7118868110236221
0
LINE
8
BLACK
6
CONTINUOUS
10
0.6651532677165354
20
1.7118868110236221
11
0.6621517716535433
21
1.7163788188976377
0
LINE
8
BLACK
6
CONTINUOUS
10
0.6621517716535433
20
1.7163788188976377
11
0.6600843307086613
21
1.7213701181102361
0
LINE
8
BLACK
6
CONTINUOUS
10
0.6600843307086613
20
1.7213701181102361
11
0.6590303543307087
21
1.7266688188976378
0
LINE
8
BLACK
6
CONTINUOUS
10
0.6590303543307087
20
1.7266688188976378
11
0.6590303543307087
21
1.7320713385826771
0
LINE
8
BLACK
6
CONTINUOUS
10
0.6590303543307087
20
1.7320713385826771
11
0.6600843307086613
21
1.7373700393700786
0
LINE
8
BLACK
6
CONTINUOUS
10
0.6600843307086613
20
1.7373700393700786
11
0.6621517716535433
21
1.7423613385826771
0
LINE
8
BLACK
6
CONTINUOUS
10
0.6621517716535433
20
1.7423613385826771
11
0.6651532677165354
21
1.7468533464566929
0
LINE
8
BLACK
6
CONTINUOUS
10
0.6651532677165354
20
1.7468533464566929
11
0.6689734251968503
21
1.7506735039370078
0
LINE
8
BLACK
6
CONTINUOUS
10
0.6689734251968503
20
1.7506735039370078
11
0.6734654330708661
21
1.7536749999999999
0
LINE
8
BLACK
6
CONTINUOUS
10
0.6734654330708661
20
1.7536749999999999
11
0.6784567322834646
21
1.7557424409448819
0
LINE
8
BLACK
6
CONTINUOUS
10
0.6784567322834646
20
1.7557424409448819
11
0.6837554330708662
21
1.7567964173228345
0
LINE
8
BLACK
6
CONTINUOUS
10
0.6837554330708662
20
1.7567964173228345
11
0.6891579527559055
21
1.7567964173228345
0
LINE
8
BLACK
6
CONTINUOUS
10
0.6891579527559055
20
1.7567964173228345
11
0.6944566535433071
21
1.7557424409448819
0
LINE
8
BLACK
6
CONTINUOUS
10
0.773196811023622
20
1.7557424409448819
11
0.7781881102362205
21
1.7536749999999999
0
LINE
8
BLACK
6
CONTINUOUS
10
0.7781881102362205
20
1.7536749999999999
11
0.7826801181102362
21
1.7506735039370078
0
LINE
8
BLACK
6
CONTINUOUS
10
0.7826801181102362
20
1.7506735039370078
11
0.7865002755905511
21
1.7468533464566929
0
LINE
8
BLACK
6
CONTINUOUS
10
0.7865002755905511
20
1.7468533464566929
11
0.7895017716535433
21
1.7423613385826771
0
LINE
8
BLACK
6
CONTINUOUS
10
0.7895017716535433
20
1.7423613385826771
11
0.7915692125984252
21
1.7373700393700786
0
LINE
8
BLACK
6
CONTINUOUS
10
0.7915692125984252
20
1.7373700393700786
11
0.792623188976378
21
1.7320713385826771
0
LINE
8
BLACK
6
CONTINUOUS
10
0.792623188976378
20
1.7320713385826771
11
0.792623188976378
21
1.7266688188976378
0
LINE
8
BLACK
6
CONTINUOUS
10
0.792623188976378
20
1.7266688188976378
11
0.7915692125984252
21
1.7213701181102361
0
LINE
8
BLACK
6
CONTINUOUS
10
0.7915692125984252
20
1.7213701181102361
11
0.7895017716535433
21
1.7163788188976377
0
LINE
8
BLACK
6
CONTINUOUS
10
0.7895017716535433
20
1.7163788188976377
11
0.7865002755905511
21
1.7118868110236221
0
LINE
8
BLACK
6
CONTINUOUS
10
0.7865002755905511
20
1.7118868110236221
11
0.7826801181102362
21
1.7080666535433071
0
LINE
8
BLACK
6
CONTINUOUS
10
0.7826801181102362
20
1.7080666535433071
11
0.7781881102362205
21
1.7050651574803148
0
LINE
8
BLACK
6
CONTINUOUS
10
0.7781881102362205
20
1.7050651574803148
11
0.773196811023622
21
1.7029977165354331
0
LINE
8
BLACK
6
CONTINUOUS
10
0.773196811023622
20
1.7029977165354331
11
0.7678981102362205
21
1.7019437401574802
0
LINE
8
BLACK
6
CONTINUOUS
10
0.7678981102362205
20
1.7019437401574802
11
0.7624955905511811
21
1.7019437401574802
0
LINE
8
BLACK
6
CONTINUOUS
10
0.7624955905511811
20
1.7019437401574802
11
0.7571968897637795
21
1.7029977165354331
0
LINE
8
BLACK
6
CONTINUOUS
10
0.7571968897637795
20
1.7029977165354331
11
0.7522055905511811
21
1.7050651574803148
0
LINE
8
BLACK
6
CONTINUOUS
10
0.7522055905511811
20
1.7050651574803148
11
0.7477135826771654
21
1.7080666535433071
0
LINE
8
BLACK
6
CONTINUOUS
10
0.7477135826771654
20
1.7080666535433071
11
0.7438934251968504
21
1.7118868110236221
0
LINE
8
BLACK
6
CONTINUOUS
10
0.7438934251968504
20
1.7118868110236221
11
0.7408919291338583
21
1.7163788188976377
0
LINE
8
BLACK
6
CONTINUOUS
10
0.7408919291338583
20
1.7163788188976377
11
0.7388244881889764
21
1.7213701181102361
0
LINE
8
BLACK
6
CONTINUOUS
10
0.7388244881889764
20
1.7213701181102361
11
0.7377705118110236
21
1.7266688188976378
0
LINE
8
BLACK
6
CONTINUOUS
10
0.7377705118110236
20
1.7266688188976378
11
0.7377705118110236
21
1.7320713385826771
0
LINE
8
BLACK
6
CONTINUOUS
10
0.7377705118110236
20
1.7320713385826771
11
0.7388244881889764
21
1.7373700393700786
0
LINE
8
BLACK
6
CONTINUOUS
10
0.7388244881889764
20
1.7373700393700786
11
0.7408919291338583
21
1.7423613385826771
0
LINE
8
BLACK
6
CONTINUOUS
10
0.7408919291338583
20
1.7423613385826771
11
0.7438934251968504
21
1.7468533464566929
0
LINE
8
BLACK
6
CONTINUOUS
10
0.7438934251968504
20
1.7468533464566929
11
0.7477135826771654
21
1.7506735039370078
0
LINE
8
BLACK
6
CONTINUOUS
10
0.7477135826771654
20
1.7506735039370078
11
0.7522055905511811
21
1.7536749999999999
0
LINE
8
BLACK
6
CONTINUOUS
10
0.7522055905511811
20
1.7536749999999999
11
0.7571968897637795
21
1.7557424409448819
0
LINE
8
BLACK
6
CONTINUOUS
10
0.7571968897637795
20
1.7557424409448819
11
0.7624955905511811
21
1.7567964173228345
0
LINE
8
BLACK
6
CONTINUOUS
10
0.7624955905511811
20
1.7567964173228345
11
0.7678981102362205
21
1.7567964173228345
0
LINE
8
BLACK
6
CONTINUOUS
10
0.7678981102362205
20
1.7567964173228345
11
0.773196811023622
21
1.7557424409448819
0
LINE
8
BLACK
6
CONTINUOUS
10
0.851936968503937
20
1.7557424409448819
11
0.8569282677165354
21
1.7536749999999999
0
LINE
8
BLACK
6
CONTINUOUS
10
0.8569282677165354
20
1.7536749999999999
11
0.8614202755905511
21
1.7506735039370078
0
LINE
8
BLACK
6
CONTINUOUS
10
0.8614202755905511
20
1.7506735039370078
11
0.8652404330708662
21
1.7468533464566929
0
LINE
8
BLACK
6
CONTINUOUS
10
0.8652404330708662
20
1.7468533464566929
11
0.8682419291338582
21
1.7423613385826771
0
LINE
8
BLACK
6
CONTINUOUS
10
0.8682419291338582
20
1.7423613385826771
11
0.8703093700787401
21
1.7373700393700786
0
LINE
8
BLACK
6
CONTINUOUS
10
0.8703093700787401
20
1.7373700393700786
11
0.8713633464566929
21
1.7320713385826771
0
LINE
8
BLACK
6
CONTINUOUS
10
0.8713633464566929
20
1.7320713385826771
11
0.8713633464566929
21
1.7266688188976378
0
LINE
8
BLACK
6
CONTINUOUS
10
0.8713633464566929
20
1.7266688188976378
11
0.8703093700787401
21
1.7213701181102361
0
LINE
8
BLACK
6
CONTINUOUS
10
0.8703093700787401
20
1.7213701181102361
11
0.8682419291338582
21
1.7163788188976377
0
LINE
8
BLACK
6
CONTINUOUS
10
0.8682419291338582
20
1.7163788188976377
11
0.8652404330708662
21
1.7118868110236221
0
LINE
8
BLACK
6
CONTINUOUS
10
0.8652404330708662
20
1.7118868110236221
11
0.8614202755905511
21
1.7080666535433071
0
LINE
8
BLACK
6
CONTINUOUS
10
0.8614202755905511
20
1.7080666535433071
11
0.8569282677165354
21
1.7050651574803148
0
LINE
8
BLACK
6
CONTINUOUS
10
0.8569282677165354
20
1.7050651574803148
11
0.851936968503937
21
1.7029977165354331
0
LINE
8
BLACK
6
CONTINUOUS
10
0.851936968503937
20
1.7029977165354331
11
0.8466382677165354
21
1.7019437401574802
0
LINE
8
BLACK
6
CONTINUOUS
10
0.8466382677165354
20
1.7019437401574802
11
0.841235748031496
21
1.7019437401574802
0
LINE
8
BLACK
6
CONTINUOUS
10
0.841235748031496
20
1.7019437401574802
11
0.8359370472440945
21
1.7029977165354331
0
LINE
8
BLACK
6
CONTINUOUS
10
0.8359370472440945
20
1.7029977165354331
11
0.830945748031496
21
1.7050651574803148
0
LINE
8
BLACK
6
CONTINUOUS
10
0.830945748031496
20
1.7050651574803148
11
0.8264537401574803
21
1.7080666535433071
0
LINE
8
BLACK
6
CONTINUOUS
10
0.8264537401574803
20
1.7080666535433071
11
0.8226335826771654
21
1.7118868110236221
0
LINE
8
BLACK
6
CONTINUOUS
10
0.8226335826771654
20
1.7118868110236221
11
0.8196320866141732
21
1.7163788188976377
0
LINE
8
BLACK
6
CONTINUOUS
10
0.8196320866141732
20
1.7163788188976377
11
0.8175646456692913
21
1.7213701181102361
0
LINE
8
BLACK
6
CONTINUOUS
10
0.8175646456692913
20
1.7213701181102361
11
0.8165106692913385
21
1.7266688188976378
0
LINE
8
BLACK
6
CONTINUOUS
10
0.8165106692913385
20
1.7266688188976378
11
0.8165106692913385
21
1.7320713385826771
0
LINE
8
BLACK
6
CONTINUOUS
10
0.8165106692913385
20
1.7320713385826771
11
0.8175646456692913
21
1.7373700393700786
0
LINE
8
BLACK
6
CONTINUOUS
10
0.8175646456692913
20
1.7373700393700786
11
0.8196320866141732
21
1.7423613385826771
0
LINE
8
BLACK
6
CONTINUOUS
10
0.8196320866141732
20
1.7423613385826771
11
0.8226335826771654
21
1.7468533464566929
0
LINE
8
BLACK
6
CONTINUOUS
10
0.8226335826771654
20
1.7468533464566929
11
0.8264537401574803
21
1.7506735039370078
0
LINE
8
BLACK
6
CONTINUOUS
10
0.8264537401574803
20
1.7506735039370078
11
0.830945748031496
21
1.7536749999999999
0
LINE
8
BLACK
6
CONTINUOUS
10
0.830945748031496
20
1.7536749999999999
11
0.8359370472440945
21
1.7557424409448819
0
LINE
8
BLACK
6
CONTINUOUS
10
0.8359370472440945
20
1.7557424409448819
11
0.841235748031496
21
1.7567964173228345
0
LINE
8
BLACK
6
CONTINUOUS
10
0.841235748031496
20
1.7567964173228345
11
0.8466382677165354
21
1.7567964173228345
0
LINE
8
BLACK
6
CONTINUOUS
10
0.8466382677165354
20
1.7567964173228345
11
0.851936968503937
21
1.7557424409448819
0
LINE
8
BLACK
6
CONTINUOUS
10
5.18325531496063
20
1.8105283070866141
11
5.1872260236220473
21
1.8087750787401575
0
LINE
8
BLACK
6
CONTINUOUS
10
5.1872260236220473
20
1.8087750787401575
11
5.1902952362204724
21
1.8057058661417322
0
LINE
8
BLACK
6
CONTINUOUS
10
5.1902952362204724
20
1.8057058661417322
11
5.1920484645669287
21
1.8017351574803149
0
LINE
8
BLACK
6
CONTINUOUS
10
5.1920484645669287
20
1.8017351574803149
11
5.1923622047244091
21
1.7990310236220473
0
LINE
8
BLACK
6
CONTINUOUS
10
5.1923622047244091
20
1.7990310236220473
11
5.1923622047244091
21
1.7635979527559054
0
LINE
8
BLACK
6
CONTINUOUS
10
5.1923622047244091
20
1.7635979527559054
11
5.1920484645669287
21
1.7608938188976377
0
LINE
8
BLACK
6
CONTINUOUS
10
5.1920484645669287
20
1.7608938188976377
11
5.1902952362204724
21
1.7569231102362204
0
LINE
8
BLACK
6
CONTINUOUS
10
5.1902952362204724
20
1.7569231102362204
11
5.1872260236220473
21
1.7538538976377953
0
LINE
8
BLACK
6
CONTINUOUS
10
5.1872260236220473
20
1.7538538976377953
11
5.18325531496063
21
1.7521006692913386
0
LINE
8
BLACK
6
CONTINUOUS
10
5.18325531496063
20
1.7521006692913386
11
5.1805511811023619
21
1.7517869291338581
0
LINE
8
BLACK
6
CONTINUOUS
10
5.1805511811023619
20
1.7517869291338581
11
5.1598818897637795
21
1.7517869291338581
0
LINE
8
BLACK
6
CONTINUOUS
10
5.1598818897637795
20
1.7517869291338581
11
5.1571777559055114
21
1.7521006692913386
0
LINE
8
BLACK
6
CONTINUOUS
10
5.1571777559055114
20
1.7521006692913386
11
5.1532070472440941
21
1.7538538976377953
0
LINE
8
BLACK
6
CONTINUOUS
10
5.1532070472440941
20
1.7538538976377953
11
5.150137834645669
21
1.7569231102362204
0
LINE
8
BLACK
6
CONTINUOUS
10
5.150137834645669
20
1.7569231102362204
11
5.1483846062992127
21
1.7608938188976377
0
LINE
8
BLACK
6
CONTINUOUS
10
5.1483846062992127
20
1.7608938188976377
11
5.1480708661417323
21
1.7635979527559054
0
LINE
8
BLACK
6
CONTINUOUS
10
5.1480708661417323
20
1.7635979527559054
11
5.1480708661417323
21
1.7990310236220473
0
LINE
8
BLACK
6
CONTINUOUS
10
5.1480708661417323
20
1.7990310236220473
11
5.1483846062992127
21
1.8017351574803149
0
LINE
8
BLACK
6
CONTINUOUS
10
5.1483846062992127
20
1.8017351574803149
11
5.150137834645669
21
1.8057058661417322
0
LINE
8
BLACK
6
CONTINUOUS
10
5.150137834645669
20
1.8057058661417322
11
5.1532070472440941
21
1.8087750787401575
0
LINE
8
BLACK
6
CONTINUOUS
10
5.1532070472440941
20
1.8087750787401575
11
5.1571777559055114
21
1.8105283070866141
0
LINE
8
BLACK
6
CONTINUOUS
10
5.1571777559055114
20
1.8105283070866141
11
5.1598818897637795
21
1.8108420472440945
0
LINE
8
BLACK
6
CONTINUOUS
10
5.1598818897637795
20
1.8108420472440945
11
5.1805511811023619
21
1.8108420472440945
0
LINE
8
BLACK
6
CONTINUOUS
10
5.1805511811023619
20
1.8108420472440945
11
5.18325531496063
21
1.8105283070866141
0
LINE
8
BLACK
6
CONTINUOUS
10
5.255105708661417
20
1.8105283070866141
11
5.2590764173228344
21
1.8087750787401575
0
LINE
8
BLACK
6
CONTINUOUS
10
5.2590764173228344
20
1.8087750787401575
11
5.2621456299212594
21
1.8057058661417322
0
LINE
8
BLACK
6
CONTINUOUS
10
5.2621456299212594
20
1.8057058661417322
11
5.2638988582677166
21
1.8017351574803149
0
LINE
8
BLACK
6
CONTINUOUS
10
5.2638988582677166
20
1.8017351574803149
11
5.2642125984251971
21
1.7990310236220473
0
LINE
8
BLACK
6
CONTINUOUS
10
5.2642125984251971
20
1.7990310236220473
11
5.2642125984251971
21
1.7635979527559054
0
LINE
8
BLACK
6
CONTINUOUS
10
5.2642125984251971
20
1.7635979527559054
11
5.2638988582677166
21
1.7608938188976377
0
LINE
8
BLACK
6
CONTINUOUS
10
5.2638988582677166
20
1.7608938188976377
11
5.2621456299212594
21
1.7569231102362204
0
LINE
8
BLACK
6
CONTINUOUS
10
5.2621456299212594
20
1.7569231102362204
11
5.2590764173228344
21
1.7538538976377953
0
LINE
8
BLACK
6
CONTINUOUS
10
5.2590764173228344
20
1.7538538976377953
11
5.255105708661417
21
1.7521006692913386
0
LINE
8
BLACK
6
CONTINUOUS
10
5.255105708661417
20
1.7521006692913386
11
5.2524015748031498
21
1.7517869291338581
0
LINE
8
BLACK
6
CONTINUOUS
10
5.2524015748031498
20
1.7517869291338581
11
5.2317322834645665
21
1.7517869291338581
0
LINE
8
BLACK
6
CONTINUOUS
10
5.2317322834645665
20
1.7517869291338581
11
5.2290281496062994
21
1.7521006692913386
0
LINE
8
BLACK
6
CONTINUOUS
10
5.2290281496062994
20
1.7521006692913386
11
5.225057440944882
21
1.7538538976377953
0
LINE
8
BLACK
6
CONTINUOUS
10
5.225057440944882
20
1.7538538976377953
11
5.2219882283464569
21
1.7569231102362204
0
LINE
8
BLACK
6
CONTINUOUS
10
5.2219882283464569
20
1.7569231102362204
11
5.2202349999999997
21
1.7608938188976377
0
LINE
8
BLACK
6
CONTINUOUS
10
5.2202349999999997
20
1.7608938188976377
11
5.2199212598425193
21
1.7635979527559054
0
LINE
8
BLACK
6
CONTINUOUS
10
5.2199212598425193
20
1.7635979527559054
11
5.2199212598425193
21
1.7990310236220473
0
LINE
8
BLACK
6
CONTINUOUS
10
5.2199212598425193
20
1.7990310236220473
11
5.2202349999999997
21
1.8017351574803149
0
LINE
8
BLACK
6
CONTINUOUS
10
5.2202349999999997
20
1.8017351574803149
11
5.2219882283464569
21
1.8057058661417322
0
LINE
8
BLACK
6
CONTINUOUS
10
5.2219882283464569
20
1.8057058661417322
11
5.225057440944882
21
1.8087750787401575
0
LINE
8
BLACK
6
CONTINUOUS
10
5.225057440944882
20
1.8087750787401575
11
5.2290281496062994
21
1.8105283070866141
0
LINE
8
BLACK
6
CONTINUOUS
10
5.2290281496062994
20
1.8105283070866141
11
5.2317322834645665
21
1.8108420472440945
0
LINE
8
BLACK
6
CONTINUOUS
10
5.2317322834645665
20
1.8108420472440945
11
5.2524015748031498
21
1.8108420472440945
0
LINE
8
BLACK
6
CONTINUOUS
10
5.2524015748031498
20
1.8108420472440945
11
5.255105708661417
21
1.8105283070866141
0
LINE
8
BLACK
6
CONTINUOUS
10
5.3121923228346457
20
1.7986369291338582
11
5.3161630314960631
21
1.7968837007874014
0
LINE
8
BLACK
6
CONTINUOUS
10
5.3161630314960631
20
1.7968837007874014
11
5.3192322440944881
21
1.7938144881889764
0
LINE
8
BLACK
6
CONTINUOUS
10
5.3192322440944881
20
1.7938144881889764
11
5.3209854724409444
21
1.789843779527559
0
LINE
8
BLACK
6
CONTINUOUS
10
5.3209854724409444
20
1.789843779527559
11
5.3212992125984249
21
1.7871396456692914
0
LINE
8
BLACK
6
CONTINUOUS
10
5.3212992125984249
20
1.7871396456692914
11
5.3212992125984249
21
1.7713916141732282
0
LINE
8
BLACK
6
CONTINUOUS
10
5.3212992125984249
20
1.7713916141732282
11
5.3209854724409444
21
1.7686874803149606
0
LINE
8
BLACK
6
CONTINUOUS
10
5.3209854724409444
20
1.7686874803149606
11
5.3192322440944881
21
1.7647167716535432
0
LINE
8
BLACK
6
CONTINUOUS
10
5.3192322440944881
20
1.7647167716535432
11
5.3161630314960631
21
1.7616475590551182
0
LINE
8
BLACK
6
CONTINUOUS
10
5.3161630314960631
20
1.7616475590551182
11
5.3121923228346457
21
1.7598943307086614
0
LINE
8
BLACK
6
CONTINUOUS
10
5.3121923228346457
20
1.7598943307086614
11
5.3094881889763776
21
1.759580590551181
0
LINE
8
BLACK
6
CONTINUOUS
10
5.3094881889763776
20
1.759580590551181
11
5.2898031496062989
21
1.759580590551181
0
LINE
8
BLACK
6
CONTINUOUS
10
5.2898031496062989
20
1.759580590551181
11
5.2870990157480318
21
1.7598943307086614
0
LINE
8
BLACK
6
CONTINUOUS
10
5.2870990157480318
20
1.7598943307086614
11
5.2831283070866144
21
1.7616475590551182
0
LINE
8
BLACK
6
CONTINUOUS
10
5.2831283070866144
20
1.7616475590551182
11
5.2800590944881884
21
1.7647167716535432
0
LINE
8
BLACK
6
CONTINUOUS
10
5.2800590944881884
20
1.7647167716535432
11
5.2783058661417321
21
1.7686874803149606
0
LINE
8
BLACK
6
CONTINUOUS
10
5.2783058661417321
20
1.7686874803149606
11
5.2779921259842517
21
1.7713916141732282
0
LINE
8
BLACK
6
CONTINUOUS
10
5.2779921259842517
20
1.7713916141732282
11
5.2779921259842517
21
1.7871396456692914
0
LINE
8
BLACK
6
CONTINUOUS
10
5.2779921259842517
20
1.7871396456692914
11
5.2783058661417321
21
1.789843779527559
0
LINE
8
BLACK
6
CONTINUOUS
10
5.2783058661417321
20
1.789843779527559
11
5.2800590944881884
21
1.7938144881889764
0
LINE
8
BLACK
6
CONTINUOUS
10
5.2800590944881884
20
1.7938144881889764
11
5.2831283070866144
21
1.7968837007874014
0
LINE
8
BLACK
6
CONTINUOUS
10
5.2831283070866144
20
1.7968837007874014
11
5.2870990157480318
21
1.7986369291338582
0
LINE
8
BLACK
6
CONTINUOUS
10
5.2870990157480318
20
1.7986369291338582
11
5.2898031496062989
21
1.7989506692913386
0
LINE
8
BLACK
6
CONTINUOUS
10
5.2898031496062989
20
1.7989506692913386
11
5.3094881889763776
21
1.7989506692913386
0
LINE
8
BLACK
6
CONTINUOUS
10
5.3094881889763776
20
1.7989506692913386
11
5.3121923228346457
21
1.7986369291338582
0
LINE
8
BLACK
6
CONTINUOUS
10
0.5369763385826771
20
1.8344825984251969
11
0.5419676377952756
21
1.8324151574803149
0
LINE
8
BLACK
6
CONTINUOUS
10
0.5419676377952756
20
1.8324151574803149
11
0.5464596456692913
21
1.8294136614173229
0
LINE
8
BLACK
6
CONTINUOUS
10
0.5464596456692913
20
1.8294136614173229
11
0.5502798031496063
21
1.8255935039370079
0
LINE
8
BLACK
6
CONTINUOUS
10
0.5502798031496063
20
1.8255935039370079
11
0.5532812992125984
21
1.8211014960629921
0
LINE
8
BLACK
6
CONTINUOUS
10
0.5532812992125984
20
1.8211014960629921
11
0.5553487401574803
21
1.8161101968503937
0
LINE
8
BLACK
6
CONTINUOUS
10
0.5553487401574803
20
1.8161101968503937
11
0.5564027165354331
21
1.8108114960629922
0
LINE
8
BLACK
6
CONTINUOUS
10
0.5564027165354331
20
1.8108114960629922
11
0.5564027165354331
21
1.8054089763779526
0
LINE
8
BLACK
6
CONTINUOUS
10
0.5564027165354331
20
1.8054089763779526
11
0.5553487401574803
21
1.8001102755905511
0
LINE
8
BLACK
6
CONTINUOUS
10
0.5553487401574803
20
1.8001102755905511
11
0.5532812992125984
21
1.7951189763779527
0
LINE
8
BLACK
6
CONTINUOUS
10
0.5532812992125984
20
1.7951189763779527
11
0.5502798031496063
21
1.7906269685039369
0
LINE
8
BLACK
6
CONTINUOUS
10
0.5502798031496063
20
1.7906269685039369
11
0.5464596456692913
21
1.7868068110236219
0
LINE
8
BLACK
6
CONTINUOUS
10
0.5464596456692913
20
1.7868068110236219
11
0.5419676377952756
21
1.7838053149606299
0
LINE
8
BLACK
6
CONTINUOUS
10
0.5419676377952756
20
1.7838053149606299
11
0.5369763385826771
21
1.7817378740157479
0
LINE
8
BLACK
6
CONTINUOUS
10
0.5369763385826771
20
1.7817378740157479
11
0.5316776377952755
21
1.7806838976377952
0
LINE
8
BLACK
6
CONTINUOUS
10
0.5316776377952755
20
1.7806838976377952
11
0.5262751181102362
21
1.7806838976377952
0
LINE
8
BLACK
6
CONTINUOUS
10
0.5262751181102362
20
1.7806838976377952
11
0.5209764173228346
21
1.7817378740157479
0
LINE
8
BLACK
6
CONTINUOUS
10
0.5209764173228346
20
1.7817378740157479
11
0.5159851181102362
21
1.7838053149606299
0
LINE
8
BLACK
6
CONTINUOUS
10
0.5159851181102362
20
1.7838053149606299
11
0.5114931102362205
21
1.7868068110236219
0
LINE
8
BLACK
6
CONTINUOUS
10
0.5114931102362205
20
1.7868068110236219
11
0.5076729527559055
21
1.7906269685039369
0
LINE
8
BLACK
6
CONTINUOUS
10
0.5076729527559055
20
1.7906269685039369
11
0.5046714566929134
21
1.7951189763779527
0
LINE
8
BLACK
6
CONTINUOUS
10
0.5046714566929134
20
1.7951189763779527
11
0.5026040157480315
21
1.8001102755905511
0
LINE
8
BLACK
6
CONTINUOUS
10
0.5026040157480315
20
1.8001102755905511
11
0.5015500393700787
21
1.8054089763779526
0
LINE
8
BLACK
6
CONTINUOUS
10
0.5015500393700787
20
1.8054089763779526
11
0.5015500393700787
21
1.8108114960629922
0
LINE
8
BLACK
6
CONTINUOUS
10
0.5015500393700787
20
1.8108114960629922
11
0.5026040157480315
21
1.8161101968503937
0
LINE
8
BLACK
6
CONTINUOUS
10
0.5026040157480315
20
1.8161101968503937
11
0.5046714566929134
21
1.8211014960629921
0
LINE
8
BLACK
6
CONTINUOUS
10
0.5046714566929134
20
1.8211014960629921
11
0.5076729527559055
21
1.8255935039370079
0
LINE
8
BLACK
6
CONTINUOUS
10
0.5076729527559055
20
1.8255935039370079
11
0.5114931102362205
21
1.8294136614173229
0
LINE
8
BLACK
6
CONTINUOUS
10
0.5114931102362205
20
1.8294136614173229
11
0.5159851181102362
21
1.8324151574803149
0
LINE
8
BLACK
6
CONTINUOUS
10
0.5159851181102362
20
1.8324151574803149
11
0.5209764173228346
21
1.8344825984251969
0
LINE
8
BLACK
6
CONTINUOUS
10
0.5209764173228346
20
1.8344825984251969
11
0.5262751181102362
21
1.8355365748031496
0
LINE
8
BLACK
6
CONTINUOUS
10
0.5262751181102362
20
1.8355365748031496
11
0.5316776377952755
21
1.8355365748031496
0
LINE
8
BLACK
6
CONTINUOUS
10
0.5316776377952755
20
1.8355365748031496
11
0.5369763385826771
21
1.8344825984251969
0
LINE
8
BLACK
6
CONTINUOUS
10
0.6157164960629921
20
1.8344825984251969
11
0.6207077952755905
21
1.8324151574803149
0
LINE
8
BLACK
6
CONTINUOUS
10
0.6207077952755905
20
1.8324151574803149
11
0.6251998031496063
21
1.8294136614173229
0
LINE
8
BLACK
6
CONTINUOUS
10
0.6251998031496063
20
1.8294136614173229
11
0.6290199606299213
21
1.8255935039370079
0
LINE
8
BLACK
6
CONTINUOUS
10
0.6290199606299213
20
1.8255935039370079
11
0.6320214566929133
21
1.8211014960629921
0
LINE
8
BLACK
6
CONTINUOUS
10
0.6320214566929133
20
1.8211014960629921
11
0.6340888976377953
21
1.8161101968503937
0
LINE
8
BLACK
6
CONTINUOUS
10
0.6340888976377953
20
1.8161101968503937
11
0.635142874015748
21
1.8108114960629922
0
LINE
8
BLACK
6
CONTINUOUS
10
0.635142874015748
20
1.8108114960629922
11
0.635142874015748
21
1.8054089763779526
0
LINE
8
BLACK
6
CONTINUOUS
10
0.635142874015748
20
1.8054089763779526
11
0.6340888976377953
21
1.8001102755905511
0
LINE
8
BLACK
6
CONTINUOUS
10
0.6340888976377953
20
1.8001102755905511
11
0.6320214566929133
21
1.7951189763779527
0
LINE
8
BLACK
6
CONTINUOUS
10
0.6320214566929133
20
1.7951189763779527
11
0.6290199606299213
21
1.7906269685039369
0
LINE
8
BLACK
6
CONTINUOUS
10
0.6290199606299213
20
1.7906269685039369
11
0.6251998031496063
21
1.7868068110236219
0
LINE
8
BLACK
6
CONTINUOUS
10
0.6251998031496063
20
1.7868068110236219
11
0.6207077952755905
21
1.7838053149606299
0
LINE
8
BLACK
6
CONTINUOUS
10
0.6207077952755905
20
1.7838053149606299
11
0.6157164960629921
21
1.7817378740157479
0
LINE
8
BLACK
6
CONTINUOUS
10
0.6157164960629921
20
1.7817378740157479
11
0.6104177952755906
21
1.7806838976377952
0
LINE
8
BLACK
6
CONTINUOUS
10
0.6104177952755906
20
1.7806838976377952
11
0.6050152755905511
21
1.7806838976377952
0
LINE
8
BLACK
6
CONTINUOUS
10
0.6050152755905511
20
1.7806838976377952
11
0.5997165748031495
21
1.7817378740157479
0
LINE
8
BLACK
6
CONTINUOUS
10
0.5997165748031495
20
1.7817378740157479
11
0.5947252755905512
21
1.7838053149606299
0
LINE
8
BLACK
6
CONTINUOUS
10
0.5947252755905512
20
1.7838053149606299
11
0.5902332677165354
21
1.7868068110236219
0
LINE
8
BLACK
6
CONTINUOUS
10
0.5902332677165354
20
1.7868068110236219
11
0.5864131102362204
21
1.7906269685039369
0
LINE
8
BLACK
6
CONTINUOUS
10
0.5864131102362204
20
1.7906269685039369
11
0.5834116141732283
21
1.7951189763779527
0
LINE
8
BLACK
6
CONTINUOUS
10
0.5834116141732283
20
1.7951189763779527
11
0.5813441732283464
21
1.8001102755905511
0
LINE
8
BLACK
6
CONTINUOUS
10
0.5813441732283464
20
1.8001102755905511
11
0.5802901968503937
21
1.8054089763779526
0
LINE
8
BLACK
6
CONTINUOUS
10
0.5802901968503937
20
1.8054089763779526
11
0.5802901968503937
21
1.8108114960629922
0
LINE
8
BLACK
6
CONTINUOUS
10
0.5802901968503937
20
1.8108114960629922
11
0.5813441732283464
21
1.8161101968503937
0
LINE
8
BLACK
6
CONTINUOUS
10
0.5813441732283464
20
1.8161101968503937
11
0.5834116141732283
21
1.8211014960629921
0
LINE
8
BLACK
6
CONTINUOUS
10
0.5834116141732283
20
1.8211014960629921
11
0.5864131102362204
21
1.8255935039370079
0
LINE
8
BLACK
6
CONTINUOUS
10
0.5864131102362204
20
1.8255935039370079
11
0.5902332677165354
21
1.8294136614173229
0
LINE
8
BLACK
6
CONTINUOUS
10
0.5902332677165354
20
1.8294136614173229
11
0.5947252755905512
21
1.8324151574803149
0
LINE
8
BLACK
6
CONTINUOUS
10
0.5947252755905512
20
1.8324151574803149
11
0.5997165748031495
21
1.8344825984251969
0
LINE
8
BLACK
6
CONTINUOUS
10
0.5997165748031495
20
1.8344825984251969
11
0.6050152755905511
21
1.8355365748031496
0
LINE
8
BLACK
6
CONTINUOUS
10
0.6050152755905511
20
1.8355365748031496
11
0.6104177952755906
21
1.8355365748031496
0
LINE
8
BLACK
6
CONTINUOUS
10
0.6104177952755906
20
1.8355365748031496
11
0.6157164960629921
21
1.8344825984251969
0
LINE
8
BLACK
6
CONTINUOUS
10
0.6944566535433071
20
1.8344825984251969
11
0.6994479527559055
21
1.8324151574803149
0
LINE
8
BLACK
6
CONTINUOUS
10
0.6994479527559055
20
1.8324151574803149
11
0.7039399606299213
21
1.8294136614173229
0
LINE
8
BLACK
6
CONTINUOUS
10
0.7039399606299213
20
1.8294136614173229
11
0.7077601181102362
21
1.8255935039370079
0
LINE
8
BLACK
6
CONTINUOUS
10
0.7077601181102362
20
1.8255935039370079
11
0.7107616141732284
21
1.8211014960629921
0
LINE
8
BLACK
6
CONTINUOUS
10
0.7107616141732284
20
1.8211014960629921
11
0.7128290551181102
21
1.8161101968503937
0
LINE
8
BLACK
6
CONTINUOUS
10
0.7128290551181102
20
1.8161101968503937
11
0.713883031496063
21
1.8108114960629922
0
LINE
8
BLACK
6
CONTINUOUS
10
0.713883031496063
20
1.8108114960629922
11
0.713883031496063
21
1.8054089763779526
0
LINE
8
BLACK
6
CONTINUOUS
10
0.713883031496063
20
1.8054089763779526
11
0.7128290551181102
21
1.8001102755905511
0
LINE
8
BLACK
6
CONTINUOUS
10
0.7128290551181102
20
1.8001102755905511
11
0.7107616141732284
21
1.7951189763779527
0
LINE
8
BLACK
6
CONTINUOUS
10
0.7107616141732284
20
1.7951189763779527
11
0.7077601181102362
21
1.7906269685039369
0
LINE
8
BLACK
6
CONTINUOUS
10
0.7077601181102362
20
1.7906269685039369
11
0.7039399606299213
21
1.7868068110236219
0
LINE
8
BLACK
6
CONTINUOUS
10
0.7039399606299213
20
1.7868068110236219
11
0.6994479527559055
21
1.7838053149606299
0
LINE
8
BLACK
6
CONTINUOUS
10
0.6994479527559055
20
1.7838053149606299
11
0.6944566535433071
21
1.7817378740157479
0
LINE
8
BLACK
6
CONTINUOUS
10
0.6944566535433071
20
1.7817378740157479
11
0.6891579527559055
21
1.7806838976377952
0
LINE
8
BLACK
6
CONTINUOUS
10
0.6891579527559055
20
1.7806838976377952
11
0.6837554330708662
21
1.7806838976377952
0
LINE
8
BLACK
6
CONTINUOUS
10
0.6837554330708662
20
1.7806838976377952
11
0.6784567322834646
21
1.7817378740157479
0
LINE
8
BLACK
6
CONTINUOUS
10
0.6784567322834646
20
1.7817378740157479
11
0.6734654330708661
21
1.7838053149606299
0
LINE
8
BLACK
6
CONTINUOUS
10
0.6734654330708661
20
1.7838053149606299
11
0.6689734251968503
21
1.7868068110236219
0
LINE
8
BLACK
6
CONTINUOUS
10
0.6689734251968503
20
1.7868068110236219
11
0.6651532677165354
21
1.7906269685039369
0
LINE
8
BLACK
6
CONTINUOUS
10
0.6651532677165354
20
1.7906269685039369
11
0.6621517716535433
21
1.7951189763779527
0
LINE
8
BLACK
6
CONTINUOUS
10
0.6621517716535433
20
1.7951189763779527
11
0.6600843307086613
21
1.8001102755905511
0
LINE
8
BLACK
6
CONTINUOUS
10
0.6600843307086613
20
1.8001102755905511
11
0.6590303543307087
21
1.8054089763779526
0
LINE
8
BLACK
6
CONTINUOUS
10
0.6590303543307087
20
1.8054089763779526
11
0.6590303543307087
21
1.8108114960629922
0
LINE
8
BLACK
6
CONTINUOUS
10
0.6590303543307087
20
1.8108114960629922
11
0.6600843307086613
21
1.8161101968503937
0
LINE
8
BLACK
6
CONTINUOUS
10
0.6600843307086613
20
1.8161101968503937
11
0.6621517716535433
21
1.8211014960629921
0
LINE
8
BLACK
6
CONTINUOUS
10
0.6621517716535433
20
1.8211014960629921
11
0.6651532677165354
21
1.8255935039370079
0
LINE
8
BLACK
6
CONTINUOUS
10
0.6651532677165354
20
1.8255935039370079
11
0.6689734251968503
21
1.8294136614173229
0
LINE
8
BLACK
6
CONTINUOUS
10
0.6689734251968503
20
1.8294136614173229
11
0.6734654330708661
21
1.8324151574803149
0
LINE
8
BLACK
6
CONTINUOUS
10
0.6734654330708661
20
1.8324151574803149
11
0.6784567322834646
21
1.8344825984251969
0
LINE
8
BLACK
6
CONTINUOUS
10
0.6784567322834646
20
1.8344825984251969
11
0.6837554330708662
21
1.8355365748031496
0
LINE
8
BLACK
6
CONTINUOUS
10
0.6837554330708662
20
1.8355365748031496
11
0.6891579527559055
21
1.8355365748031496
0
LINE
8
BLACK
6
CONTINUOUS
10
0.6891579527559055
20
1.8355365748031496
11
0.6944566535433071
21
1.8344825984251969
0
LINE
8
BLACK
6
CONTINUOUS
10
0.773196811023622
20
1.8344825984251969
11
0.7781881102362205
21
1.8324151574803149
0
LINE
8
BLACK
6
CONTINUOUS
10
0.7781881102362205
20
1.8324151574803149
11
0.7826801181102362
21
1.8294136614173229
0
LINE
8
BLACK
6
CONTINUOUS
10
0.7826801181102362
20
1.8294136614173229
11
0.7865002755905511
21
1.8255935039370079
0
LINE
8
BLACK
6
CONTINUOUS
10
0.7865002755905511
20
1.8255935039370079
11
0.7895017716535433
21
1.8211014960629921
0
LINE
8
BLACK
6
CONTINUOUS
10
0.7895017716535433
20
1.8211014960629921
11
0.7915692125984252
21
1.8161101968503937
0
LINE
8
BLACK
6
CONTINUOUS
10
0.7915692125984252
20
1.8161101968503937
11
0.792623188976378
21
1.8108114960629922
0
LINE
8
BLACK
6
CONTINUOUS
10
0.792623188976378
20
1.8108114960629922
11
0.792623188976378
21
1.8054089763779526
0
LINE
8
BLACK
6
CONTINUOUS
10
0.792623188976378
20
1.8054089763779526
11
0.7915692125984252
21
1.8001102755905511
0
LINE
8
BLACK
6
CONTINUOUS
10
0.7915692125984252
20
1.8001102755905511
11
0.7895017716535433
21
1.7951189763779527
0
LINE
8
BLACK
6
CONTINUOUS
10
0.7895017716535433
20
1.7951189763779527
11
0.7865002755905511
21
1.7906269685039369
0
LINE
8
BLACK
6
CONTINUOUS
10
0.7865002755905511
20
1.7906269685039369
11
0.7826801181102362
21
1.7868068110236219
0
LINE
8
BLACK
6
CONTINUOUS
10
0.7826801181102362
20
1.7868068110236219
11
0.7781881102362205
21
1.7838053149606299
0
LINE
8
BLACK
6
CONTINUOUS
10
0.7781881102362205
20
1.7838053149606299
11
0.773196811023622
21
1.7817378740157479
0
LINE
8
BLACK
6
CONTINUOUS
10
0.773196811023622
20
1.7817378740157479
11
0.7678981102362205
21
1.7806838976377952
0
LINE
8
BLACK
6
CONTINUOUS
10
0.7678981102362205
20
1.7806838976377952
11
0.7624955905511811
21
1.7806838976377952
0
LINE
8
BLACK
6
CONTINUOUS
10
0.7624955905511811
20
1.7806838976377952
11
0.7571968897637795
21
1.7817378740157479
0
LINE
8
BLACK
6
CONTINUOUS
10
0.7571968897637795
20
1.7817378740157479
11
0.7522055905511811
21
1.7838053149606299
0
LINE
8
BLACK
6
CONTINUOUS
10
0.7522055905511811
20
1.7838053149606299
11
0.7477135826771654
21
1.7868068110236219
0
LINE
8
BLACK
6
CONTINUOUS
10
0.7477135826771654
20
1.7868068110236219
11
0.7438934251968504
21
1.7906269685039369
0
LINE
8
BLACK
6
CONTINUOUS
10
0.7438934251968504
20
1.7906269685039369
11
0.7408919291338583
21
1.7951189763779527
0
LINE
8
BLACK
6
CONTINUOUS
10
0.7408919291338583
20
1.7951189763779527
11
0.7388244881889764
21
1.8001102755905511
0
LINE
8
BLACK
6
CONTINUOUS
10
0.7388244881889764
20
1.8001102755905511
11
0.7377705118110236
21
1.8054089763779526
0
LINE
8
BLACK
6
CONTINUOUS
10
0.7377705118110236
20
1.8054089763779526
11
0.7377705118110236
21
1.8108114960629922
0
LINE
8
BLACK
6
CONTINUOUS
10
0.7377705118110236
20
1.8108114960629922
11
0.7388244881889764
21
1.8161101968503937
0
LINE
8
BLACK
6
CONTINUOUS
10
0.7388244881889764
20
1.8161101968503937
11
0.7408919291338583
21
1.8211014960629921
0
LINE
8
BLACK
6
CONTINUOUS
10
0.7408919291338583
20
1.8211014960629921
11
0.7438934251968504
21
1.8255935039370079
0
LINE
8
BLACK
6
CONTINUOUS
10
0.7438934251968504
20
1.8255935039370079
11
0.7477135826771654
21
1.8294136614173229
0
LINE
8
BLACK
6
CONTINUOUS
10
0.7477135826771654
20
1.8294136614173229
11
0.7522055905511811
21
1.8324151574803149
0
LINE
8
BLACK
6
CONTINUOUS
10
0.7522055905511811
20
1.8324151574803149
11
0.7571968897637795
21
1.8344825984251969
0
LINE
8
BLACK
6
CONTINUOUS
10
0.7571968897637795
20
1.8344825984251969
11
0.7624955905511811
21
1.8355365748031496
0
LINE
8
BLACK
6
CONTINUOUS
10
0.7624955905511811
20
1.8355365748031496
11
0.7678981102362205
21
1.8355365748031496
0
LINE
8
BLACK
6
CONTINUOUS
10
0.7678981102362205
20
1.8355365748031496
11
0.773196811023622
21
1.8344825984251969
0
LINE
8
BLACK
6
CONTINUOUS
10
0.851936968503937
20
1.8344825984251969
11
0.8569282677165354
21
1.8324151574803149
0
LINE
8
BLACK
6
CONTINUOUS
10
0.8569282677165354
20
1.8324151574803149
11
0.8614202755905511
21
1.8294136614173229
0
LINE
8
BLACK
6
CONTINUOUS
10
0.8614202755905511
20
1.8294136614173229
11
0.8652404330708662
21
1.8255935039370079
0
LINE
8
BLACK
6
CONTINUOUS
10
0.8652404330708662
20
1.8255935039370079
11
0.8682419291338582
21
1.8211014960629921
0
LINE
8
BLACK
6
CONTINUOUS
10
0.8682419291338582
20
1.8211014960629921
11
0.8703093700787401
21
1.8161101968503937
0
LINE
8
BLACK
6
CONTINUOUS
10
0.8703093700787401
20
1.8161101968503937
11
0.8713633464566929
21
1.8108114960629922
0
LINE
8
BLACK
6
CONTINUOUS
10
0.8713633464566929
20
1.8108114960629922
11
0.8713633464566929
21
1.8054089763779526
0
LINE
8
BLACK
6
CONTINUOUS
10
0.8713633464566929
20
1.8054089763779526
11
0.8703093700787401
21
1.8001102755905511
0
LINE
8
BLACK
6
CONTINUOUS
10
0.8703093700787401
20
1.8001102755905511
11
0.8682419291338582
21
1.7951189763779527
0
LINE
8
BLACK
6
CONTINUOUS
10
0.8682419291338582
20
1.7951189763779527
11
0.8652404330708662
21
1.7906269685039369
0
LINE
8
BLACK
6
CONTINUOUS
10
0.8652404330708662
20
1.7906269685039369
11
0.8614202755905511
21
1.7868068110236219
0
LINE
8
BLACK
6
CONTINUOUS
10
0.8614202755905511
20
1.7868068110236219
11
0.8569282677165354
21
1.7838053149606299
0
LINE
8
BLACK
6
CONTINUOUS
10
0.8569282677165354
20
1.7838053149606299
11
0.851936968503937
21
1.7817378740157479
0
LINE
8
BLACK
6
CONTINUOUS
10
0.851936968503937
20
1.7817378740157479
11
0.8466382677165354
21
1.7806838976377952
0
LINE
8
BLACK
6
CONTINUOUS
10
0.8466382677165354
20
1.7806838976377952
11
0.841235748031496
21
1.7806838976377952
0
LINE
8
BLACK
6
CONTINUOUS
10
0.841235748031496
20
1.7806838976377952
11
0.8359370472440945
21
1.7817378740157479
0
LINE
8
BLACK
6
CONTINUOUS
10
0.8359370472440945
20
1.7817378740157479
11
0.830945748031496
21
1.7838053149606299
0
LINE
8
BLACK
6
CONTINUOUS
10
0.830945748031496
20
1.7838053149606299
11
0.8264537401574803
21
1.7868068110236219
0
LINE
8
BLACK
6
CONTINUOUS
10
0.8264537401574803
20
1.7868068110236219
11
0.8226335826771654
21
1.7906269685039369
0
LINE
8
BLACK
6
CONTINUOUS
10
0.8226335826771654
20
1.7906269685039369
11
0.8196320866141732
21
1.7951189763779527
0
LINE
8
BLACK
6
CONTINUOUS
10
0.8196320866141732
20
1.7951189763779527
11
0.8175646456692913
21
1.8001102755905511
0
LINE
8
BLACK
6
CONTINUOUS
10
0.8175646456692913
20
1.8001102755905511
11
0.8165106692913385
21
1.8054089763779526
0
LINE
8
BLACK
6
CONTINUOUS
10
0.8165106692913385
20
1.8054089763779526
11
0.8165106692913385
21
1.8108114960629922
0
LINE
8
BLACK
6
CONTINUOUS
10
0.8165106692913385
20
1.8108114960629922
11
0.8175646456692913
21
1.8161101968503937
0
LINE
8
BLACK
6
CONTINUOUS
10
0.8175646456692913
20
1.8161101968503937
11
0.8196320866141732
21
1.8211014960629921
0
LINE
8
BLACK
6
CONTINUOUS
10
0.8196320866141732
20
1.8211014960629921
11
0.8226335826771654
21
1.8255935039370079
0
LINE
8
BLACK
6
CONTINUOUS
10
0.8226335826771654
20
1.8255935039370079
11
0.8264537401574803
21
1.8294136614173229
0
LINE
8
BLACK
6
CONTINUOUS
10
0.8264537401574803
20
1.8294136614173229
11
0.830945748031496
21
1.8324151574803149
0
LINE
8
BLACK
6
CONTINUOUS
10
0.830945748031496
20
1.8324151574803149
11
0.8359370472440945
21
1.8344825984251969
0
LINE
8
BLACK
6
CONTINUOUS
10
0.8359370472440945
20
1.8344825984251969
11
0.841235748031496
21
1.8355365748031496
0
LINE
8
BLACK
6
CONTINUOUS
10
0.841235748031496
20
1.8355365748031496
11
0.8466382677165354
21
1.8355365748031496
0
LINE
8
BLACK
6
CONTINUOUS
10
0.8466382677165354
20
1.8355365748031496
11
0.851936968503937
21
1.8344825984251969
0
LINE
8
BLACK
6
CONTINUOUS
10
5.3121923228346457
20
1.8445954724409448
11
5.3161630314960631
21
1.842842244094488
0
LINE
8
BLACK
6
CONTINUOUS
10
5.3161630314960631
20
1.842842244094488
11
5.3192322440944881
21
1.839773031496063
0
LINE
8
BLACK
6
CONTINUOUS
10
5.3192322440944881
20
1.839773031496063
11
5.3209854724409444
21
1.8358023228346456
0
LINE
8
BLACK
6
CONTINUOUS
10
5.3209854724409444
20
1.8358023228346456
11
5.3212992125984249
21
1.833098188976378
0
LINE
8
BLACK
6
CONTINUOUS
10
5.3212992125984249
20
1.833098188976378
11
5.3212992125984249
21
1.8173501574803148
0
LINE
8
BLACK
6
CONTINUOUS
10
5.3212992125984249
20
1.8173501574803148
11
5.3209854724409444
21
1.8146460236220472
0
LINE
8
BLACK
6
CONTINUOUS
10
5.3209854724409444
20
1.8146460236220472
11
5.3192322440944881
21
1.8106753149606298
0
LINE
8
BLACK
6
CONTINUOUS
10
5.3192322440944881
20
1.8106753149606298
11
5.3161630314960631
21
1.8076061023622048
0
LINE
8
BLACK
6
CONTINUOUS
10
5.3161630314960631
20
1.8076061023622048
11
5.3121923228346457
21
1.805852874015748
0
LINE
8
BLACK
6
CONTINUOUS
10
5.3121923228346457
20
1.805852874015748
11
5.3094881889763776
21
1.8055391338582676
0
LINE
8
BLACK
6
CONTINUOUS
10
5.3094881889763776
20
1.8055391338582676
11
5.2898031496062989
21
1.8055391338582676
0
LINE
8
BLACK
6
CONTINUOUS
10
5.2898031496062989
20
1.8055391338582676
11
5.2870990157480318
21
1.805852874015748
0
LINE
8
BLACK
6
CONTINUOUS
10
5.2870990157480318
20
1.805852874015748
11
5.2831283070866144
21
1.8076061023622048
0
LINE
8
BLACK
6
CONTINUOUS
10
5.2831283070866144
20
1.8076061023622048
11
5.2800590944881884
21
1.8106753149606298
0
LINE
8
BLACK
6
CONTINUOUS
10
5.2800590944881884
20
1.8106753149606298
11
5.2783058661417321
21
1.8146460236220472
0
LINE
8
BLACK
6
CONTINUOUS
10
5.2783058661417321
20
1.8146460236220472
11
5.2779921259842517
21
1.8173501574803148
0
LINE
8
BLACK
6
CONTINUOUS
10
5.2779921259842517
20
1.8173501574803148
11
5.2779921259842517
21
1.833098188976378
0
LINE
8
BLACK
6
CONTINUOUS
10
5.2779921259842517
20
1.833098188976378
11
5.2783058661417321
21
1.8358023228346456
0
LINE
8
BLACK
6
CONTINUOUS
10
5.2783058661417321
20
1.8358023228346456
11
5.2800590944881884
21
1.839773031496063
0
LINE
8
BLACK
6
CONTINUOUS
10
5.2800590944881884
20
1.839773031496063
11
5.2831283070866144
21
1.842842244094488
0
LINE
8
BLACK
6
CONTINUOUS
10
5.2831283070866144
20
1.842842244094488
11
5.2870990157480318
21
1.8445954724409448
0
LINE
8
BLACK
6
CONTINUOUS
10
5.2870990157480318
20
1.8445954724409448
11
5.2898031496062989
21
1.8449092125984252
0
LINE
8
BLACK
6
CONTINUOUS
10
5.2898031496062989
20
1.8449092125984252
11
5.3094881889763776
21
1.8449092125984252
0
LINE
8
BLACK
6
CONTINUOUS
10
5.3094881889763776
20
1.8449092125984252
11
5.3121923228346457
21
1.8445954724409448
0
LINE
8
BLACK
6
CONTINUOUS
10
5.1822710629921263
20
1.8872999606299212
11
5.1862417716535436
21
1.8855467322834645
0
LINE
8
BLACK
6
CONTINUOUS
10
5.1862417716535436
20
1.8855467322834645
11
5.1893109842519687
21
1.8824775196850394
0
LINE
8
BLACK
6
CONTINUOUS
10
5.1893109842519687
20
1.8824775196850394
11
5.191064212598425
21
1.878506811023622
0
LINE
8
BLACK
6
CONTINUOUS
10
5.191064212598425
20
1.878506811023622
11
5.1913779527559054
21
1.8758026771653542
0
LINE
8
BLACK
6
CONTINUOUS
10
5.1913779527559054
20
1.8758026771653542
11
5.1913779527559054
21
1.8403696062992125
0
LINE
8
BLACK
6
CONTINUOUS
10
5.1913779527559054
20
1.8403696062992125
11
5.191064212598425
21
1.8376654724409449
0
LINE
8
BLACK
6
CONTINUOUS
10
5.191064212598425
20
1.8376654724409449
11
5.1893109842519687
21
1.8336947637795276
0
LINE
8
BLACK
6
CONTINUOUS
10
5.1893109842519687
20
1.8336947637795276
11
5.1862417716535436
21
1.8306255511811023
0
LINE
8
BLACK
6
CONTINUOUS
10
5.1862417716535436
20
1.8306255511811023
11
5.1822710629921263
21
1.8288723228346457
0
LINE
8
BLACK
6
CONTINUOUS
10
5.1822710629921263
20
1.8288723228346457
11
5.1795669291338582
21
1.8285585826771653
0
LINE
8
BLACK
6
CONTINUOUS
10
5.1795669291338582
20
1.8285585826771653
11
5.1588976377952758
21
1.8285585826771653
0
LINE
8
BLACK
6
CONTINUOUS
10
5.1588976377952758
20
1.8285585826771653
11
5.1561935039370077
21
1.8288723228346457
0
LINE
8
BLACK
6
CONTINUOUS
10
5.1561935039370077
20
1.8288723228346457
11
5.1522227952755904
21
1.8306255511811023
0
LINE
8
BLACK
6
CONTINUOUS
10
5.1522227952755904
20
1.8306255511811023
11
5.1491535826771653
21
1.8336947637795276
0
LINE
8
BLACK
6
CONTINUOUS
10
5.1491535826771653
20
1.8336947637795276
11
5.147400354330709
21
1.8376654724409449
0
LINE
8
BLACK
6
CONTINUOUS
10
5.147400354330709
20
1.8376654724409449
11
5.1470866141732285
21
1.8403696062992125
0
LINE
8
BLACK
6
CONTINUOUS
10
5.1470866141732285
20
1.8403696062992125
11
5.1470866141732285
21
1.8758026771653542
0
LINE
8
BLACK
6
CONTINUOUS
10
5.1470866141732285
20
1.8758026771653542
11
5.147400354330709
21
1.878506811023622
0
LINE
8
BLACK
6
CONTINUOUS
10
5.147400354330709
20
1.878506811023622
11
5.1491535826771653
21
1.8824775196850394
0
LINE
8
BLACK
6
CONTINUOUS
10
5.1491535826771653
20
1.8824775196850394
11
5.1522227952755904
21
1.8855467322834645
0
LINE
8
BLACK
6
CONTINUOUS
10
5.1522227952755904
20
1.8855467322834645
11
5.1561935039370077
21
1.8872999606299212
0
LINE
8
BLACK
6
CONTINUOUS
10
5.1561935039370077
20
1.8872999606299212
11
5.1588976377952758
21
1.8876137007874014
0
LINE
8
BLACK
6
CONTINUOUS
10
5.1588976377952758
20
1.8876137007874014
11
5.1795669291338582
21
1.8876137007874014
0
LINE
8
BLACK
6
CONTINUOUS
10
5.1795669291338582
20
1.8876137007874014
11
5.1822710629921263
21
1.8872999606299212
0
LINE
8
BLACK
6
CONTINUOUS
10
5.2541214566929133
20
1.8872999606299212
11
5.2580921653543307
21
1.8855467322834645
0
LINE
8
BLACK
6
CONTINUOUS
10
5.2580921653543307
20
1.8855467322834645
11
5.2611613779527557
21
1.8824775196850394
0
LINE
8
BLACK
6
CONTINUOUS
10
5.2611613779527557
20
1.8824775196850394
11
5.262914606299212
21
1.878506811023622
0
LINE
8
BLACK
6
CONTINUOUS
10
5.262914606299212
20
1.878506811023622
11
5.2632283464566925
21
1.8758026771653542
0
LINE
8
BLACK
6
CONTINUOUS
10
5.2632283464566925
20
1.8758026771653542
11
5.2632283464566925
21
1.8403696062992125
0
LINE
8
BLACK
6
CONTINUOUS
10
5.2632283464566925
20
1.8403696062992125
11
5.262914606299212
21
1.8376654724409449
0
LINE
8
BLACK
6
CONTINUOUS
10
5.262914606299212
20
1.8376654724409449
11
5.2611613779527557
21
1.8336947637795276
0
LINE
8
BLACK
6
CONTINUOUS
10
5.2611613779527557
20
1.8336947637795276
11
5.2580921653543307
21
1.8306255511811023
0
LINE
8
BLACK
6
CONTINUOUS
10
5.2580921653543307
20
1.8306255511811023
11
5.2541214566929133
21
1.8288723228346457
0
LINE
8
BLACK
6
CONTINUOUS
10
5.2541214566929133
20
1.8288723228346457
11
5.2514173228346452
21
1.8285585826771653
0
LINE
8
BLACK
6
CONTINUOUS
10
5.2514173228346452
20
1.8285585826771653
11
5.2307480314960628
21
1.8285585826771653
0
LINE
8
BLACK
6
CONTINUOUS
10
5.2307480314960628
20
1.8285585826771653
11
5.2280438976377948
21
1.8288723228346457
0
LINE
8
BLACK
6
CONTINUOUS
10
5.2280438976377948
20
1.8288723228346457
11
5.2240731889763774
21
1.8306255511811023
0
LINE
8
BLACK
6
CONTINUOUS
10
5.2240731889763774
20
1.8306255511811023
11
5.2210039763779523
21
1.8336947637795276
0
LINE
8
BLACK
6
CONTINUOUS
10
5.2210039763779523
20
1.8336947637795276
11
5.219250748031496
21
1.8376654724409449
0
LINE
8
BLACK
6
CONTINUOUS
10
5.219250748031496
20
1.8376654724409449
11
5.2189370078740156
21
1.8403696062992125
0
LINE
8
BLACK
6
CONTINUOUS
10
5.2189370078740156
20
1.8403696062992125
11
5.2189370078740156
21
1.8758026771653542
0
LINE
8
BLACK
6
CONTINUOUS
10
5.2189370078740156
20
1.8758026771653542
11
5.219250748031496
21
1.878506811023622
0
LINE
8
BLACK
6
CONTINUOUS
10
5.219250748031496
20
1.878506811023622
11
5.2210039763779523
21
1.8824775196850394
0
LINE
8
BLACK
6
CONTINUOUS
10
5.2210039763779523
20
1.8824775196850394
11
5.2240731889763774
21
1.8855467322834645
0
LINE
8
BLACK
6
CONTINUOUS
10
5.2240731889763774
20
1.8855467322834645
11
5.2280438976377948
21
1.8872999606299212
0
LINE
8
BLACK
6
CONTINUOUS
10
5.2280438976377948
20
1.8872999606299212
11
5.2307480314960628
21
1.8876137007874014
0
LINE
8
BLACK
6
CONTINUOUS
10
5.2307480314960628
20
1.8876137007874014
11
5.2514173228346452
21
1.8876137007874014
0
LINE
8
BLACK
6
CONTINUOUS
10
5.2514173228346452
20
1.8876137007874014
11
5.2541214566929133
21
1.8872999606299212
0
LINE
8
BLACK
6
CONTINUOUS
10
0.5369763385826771
20
1.9132227559055117
11
0.5419676377952756
21
1.91115531496063
0
LINE
8
BLACK
6
CONTINUOUS
10
0.5419676377952756
20
1.91115531496063
11
0.5464596456692913
21
1.9081538188976377
0
LINE
8
BLACK
6
CONTINUOUS
10
0.5464596456692913
20
1.9081538188976377
11
0.5502798031496063
21
1.9043336614173227
0
LINE
8
BLACK
6
CONTINUOUS
10
0.5502798031496063
20
1.9043336614173227
11
0.5532812992125984
21
1.8998416535433071
0
LINE
8
BLACK
6
CONTINUOUS
10
0.5532812992125984
20
1.8998416535433071
11
0.5553487401574803
21
1.8948503543307087
0
LINE
8
BLACK
6
CONTINUOUS
10
0.5553487401574803
20
1.8948503543307087
11
0.5564027165354331
21
1.889551653543307
0
LINE
8
BLACK
6
CONTINUOUS
10
0.5564027165354331
20
1.889551653543307
11
0.5564027165354331
21
1.8841491338582677
0
LINE
8
BLACK
6
CONTINUOUS
10
0.5564027165354331
20
1.8841491338582677
11
0.5553487401574803
21
1.8788504330708662
0
LINE
8
BLACK
6
CONTINUOUS
10
0.5553487401574803
20
1.8788504330708662
11
0.5532812992125984
21
1.8738591338582677
0
LINE
8
BLACK
6
CONTINUOUS
10
0.5532812992125984
20
1.8738591338582677
11
0.5502798031496063
21
1.8693671259842519
0
LINE
8
BLACK
6
CONTINUOUS
10
0.5502798031496063
20
1.8693671259842519
11
0.5464596456692913
21
1.865546968503937
0
LINE
8
BLACK
6
CONTINUOUS
10
0.5464596456692913
20
1.865546968503937
11
0.5419676377952756
21
1.8625454724409449
0
LINE
8
BLACK
6
CONTINUOUS
10
0.5419676377952756
20
1.8625454724409449
11
0.5369763385826771
21
1.8604780314960629
0
LINE
8
BLACK
6
CONTINUOUS
10
0.5369763385826771
20
1.8604780314960629
11
0.5316776377952755
21
1.8594240551181103
0
LINE
8
BLACK
6
CONTINUOUS
10
0.5316776377952755
20
1.8594240551181103
11
0.5262751181102362
21
1.8594240551181103
0
LINE
8
BLACK
6
CONTINUOUS
10
0.5262751181102362
20
1.8594240551181103
11
0.5209764173228346
21
1.8604780314960629
0
LINE
8
BLACK
6
CONTINUOUS
10
0.5209764173228346
20
1.8604780314960629
11
0.5159851181102362
21
1.8625454724409449
0
LINE
8
BLACK
6
CONTINUOUS
10
0.5159851181102362
20
1.8625454724409449
11
0.5114931102362205
21
1.865546968503937
0
LINE
8
BLACK
6
CONTINUOUS
10
0.5114931102362205
20
1.865546968503937
11
0.5076729527559055
21
1.8693671259842519
0
LINE
8
BLACK
6
CONTINUOUS
10
0.5076729527559055
20
1.8693671259842519
11
0.5046714566929134
21
1.8738591338582677
0
LINE
8
BLACK
6
CONTINUOUS
10
0.5046714566929134
20
1.8738591338582677
11
0.5026040157480315
21
1.8788504330708662
0
LINE
8
BLACK
6
CONTINUOUS
10
0.5026040157480315
20
1.8788504330708662
11
0.5015500393700787
21
1.8841491338582677
0
LINE
8
BLACK
6
CONTINUOUS
10
0.5015500393700787
20
1.8841491338582677
11
0.5015500393700787
21
1.889551653543307
0
LINE
8
BLACK
6
CONTINUOUS
10
0.5015500393700787
20
1.889551653543307
11
0.5026040157480315
21
1.8948503543307087
0
LINE
8
BLACK
6
CONTINUOUS
10
0.5026040157480315
20
1.8948503543307087
11
0.5046714566929134
21
1.8998416535433071
0
LINE
8
BLACK
6
CONTINUOUS
10
0.5046714566929134
20
1.8998416535433071
11
0.5076729527559055
21
1.9043336614173227
0
LINE
8
BLACK
6
CONTINUOUS
10
0.5076729527559055
20
1.9043336614173227
11
0.5114931102362205
21
1.9081538188976377
0
LINE
8
BLACK
6
CONTINUOUS
10
0.5114931102362205
20
1.9081538188976377
11
0.5159851181102362
21
1.91115531496063
0
LINE
8
BLACK
6
CONTINUOUS
10
0.5159851181102362
20
1.91115531496063
11
0.5209764173228346
21
1.9132227559055117
0
LINE
8
BLACK
6
CONTINUOUS
10
0.5209764173228346
20
1.9132227559055117
11
0.5262751181102362
21
1.9142767322834646
0
LINE
8
BLACK
6
CONTINUOUS
10
0.5262751181102362
20
1.9142767322834646
11
0.5316776377952755
21
1.9142767322834646
0
LINE
8
BLACK
6
CONTINUOUS
10
0.5316776377952755
20
1.9142767322834646
11
0.5369763385826771
21
1.9132227559055117
0
LINE
8
BLACK
6
CONTINUOUS
10
0.6157164960629921
20
1.9132227559055117
11
0.6207077952755905
21
1.91115531496063
0
LINE
8
BLACK
6
CONTINUOUS
10
0.6207077952755905
20
1.91115531496063
11
0.6251998031496063
21
1.9081538188976377
0
LINE
8
BLACK
6
CONTINUOUS
10
0.6251998031496063
20
1.9081538188976377
11
0.6290199606299213
21
1.9043336614173227
0
LINE
8
BLACK
6
CONTINUOUS
10
0.6290199606299213
20
1.9043336614173227
11
0.6320214566929133
21
1.8998416535433071
0
LINE
8
BLACK
6
CONTINUOUS
10
0.6320214566929133
20
1.8998416535433071
11
0.6340888976377953
21
1.8948503543307087
0
LINE
8
BLACK
6
CONTINUOUS
10
0.6340888976377953
20
1.8948503543307087
11
0.635142874015748
21
1.889551653543307
0
LINE
8
BLACK
6
CONTINUOUS
10
0.635142874015748
20
1.889551653543307
11
0.635142874015748
21
1.8841491338582677
0
LINE
8
BLACK
6
CONTINUOUS
10
0.635142874015748
20
1.8841491338582677
11
0.6340888976377953
21
1.8788504330708662
0
LINE
8
BLACK
6
CONTINUOUS
10
0.6340888976377953
20
1.8788504330708662
11
0.6320214566929133
21
1.8738591338582677
0
LINE
8
BLACK
6
CONTINUOUS
10
0.6320214566929133
20
1.8738591338582677
11
0.6290199606299213
21
1.8693671259842519
0
LINE
8
BLACK
6
CONTINUOUS
10
0.6290199606299213
20
1.8693671259842519
11
0.6251998031496063
21
1.865546968503937
0
LINE
8
BLACK
6
CONTINUOUS
10
0.6251998031496063
20
1.865546968503937
11
0.6207077952755905
21
1.8625454724409449
0
LINE
8
BLACK
6
CONTINUOUS
10
0.6207077952755905
20
1.8625454724409449
11
0.6157164960629921
21
1.8604780314960629
0
LINE
8
BLACK
6
CONTINUOUS
10
0.6157164960629921
20
1.8604780314960629
11
0.6104177952755906
21
1.8594240551181103
0
LINE
8
BLACK
6
CONTINUOUS
10
0.6104177952755906
20
1.8594240551181103
11
0.6050152755905511
21
1.8594240551181103
0
LINE
8
BLACK
6
CONTINUOUS
10
0.6050152755905511
20
1.8594240551181103
11
0.5997165748031495
21
1.8604780314960629
0
LINE
8
BLACK
6
CONTINUOUS
10
0.5997165748031495
20
1.8604780314960629
11
0.5947252755905512
21
1.8625454724409449
0
LINE
8
BLACK
6
CONTINUOUS
10
0.5947252755905512
20
1.8625454724409449
11
0.5902332677165354
21
1.865546968503937
0
LINE
8
BLACK
6
CONTINUOUS
10
0.5902332677165354
20
1.865546968503937
11
0.5864131102362204
21
1.8693671259842519
0
LINE
8
BLACK
6
CONTINUOUS
10
0.5864131102362204
20
1.8693671259842519
11
0.5834116141732283
21
1.8738591338582677
0
LINE
8
BLACK
6
CONTINUOUS
10
0.5834116141732283
20
1.8738591338582677
11
0.5813441732283464
21
1.8788504330708662
0
LINE
8
BLACK
6
CONTINUOUS
10
0.5813441732283464
20
1.8788504330708662
11
0.5802901968503937
21
1.8841491338582677
0
LINE
8
BLACK
6
CONTINUOUS
10
0.5802901968503937
20
1.8841491338582677
11
0.5802901968503937
21
1.889551653543307
0
LINE
8
BLACK
6
CONTINUOUS
10
0.5802901968503937
20
1.889551653543307
11
0.5813441732283464
21
1.8948503543307087
0
LINE
8
BLACK
6
CONTINUOUS
10
0.5813441732283464
20
1.8948503543307087
11
0.5834116141732283
21
1.8998416535433071
0
LINE
8
BLACK
6
CONTINUOUS
10
0.5834116141732283
20
1.8998416535433071
11
0.5864131102362204
21
1.9043336614173227
0
LINE
8
BLACK
6
CONTINUOUS
10
0.5864131102362204
20
1.9043336614173227
11
0.5902332677165354
21
1.9081538188976377
0
LINE
8
BLACK
6
CONTINUOUS
10
0.5902332677165354
20
1.9081538188976377
11
0.5947252755905512
21
1.91115531496063
0
LINE
8
BLACK
6
CONTINUOUS
10
0.5947252755905512
20
1.91115531496063
11
0.5997165748031495
21
1.9132227559055117
0
LINE
8
BLACK
6
CONTINUOUS
10
0.5997165748031495
20
1.9132227559055117
11
0.6050152755905511
21
1.9142767322834646
0
LINE
8
BLACK
6
CONTINUOUS
10
0.6050152755905511
20
1.9142767322834646
11
0.6104177952755906
21
1.9142767322834646
0
LINE
8
BLACK
6
CONTINUOUS
10
0.6104177952755906
20
1.9142767322834646
11
0.6157164960629921
21
1.9132227559055117
0
LINE
8
BLACK
6
CONTINUOUS
10
0.6944566535433071
20
1.9132227559055117
11
0.6994479527559055
21
1.91115531496063
0
LINE
8
BLACK
6
CONTINUOUS
10
0.6994479527559055
20
1.91115531496063
11
0.7039399606299213
21
1.9081538188976377
0
LINE
8
BLACK
6
CONTINUOUS
10
0.7039399606299213
20
1.9081538188976377
11
0.7077601181102362
21
1.9043336614173227
0
LINE
8
BLACK
6
CONTINUOUS
10
0.7077601181102362
20
1.9043336614173227
11
0.7107616141732284
21
1.8998416535433071
0
LINE
8
BLACK
6
CONTINUOUS
10
0.7107616141732284
20
1.8998416535433071
11
0.7128290551181102
21
1.8948503543307087
0
LINE
8
BLACK
6
CONTINUOUS
10
0.7128290551181102
20
1.8948503543307087
11
0.713883031496063
21
1.889551653543307
0
LINE
8
BLACK
6
CONTINUOUS
10
0.713883031496063
20
1.889551653543307
11
0.713883031496063
21
1.8841491338582677
0
LINE
8
BLACK
6
CONTINUOUS
10
0.713883031496063
20
1.8841491338582677
11
0.7128290551181102
21
1.8788504330708662
0
LINE
8
BLACK
6
CONTINUOUS
10
0.7128290551181102
20
1.8788504330708662
11
0.7107616141732284
21
1.8738591338582677
0
LINE
8
BLACK
6
CONTINUOUS
10
0.7107616141732284
20
1.8738591338582677
11
0.7077601181102362
21
1.8693671259842519
0
LINE
8
BLACK
6
CONTINUOUS
10
0.7077601181102362
20
1.8693671259842519
11
0.7039399606299213
21
1.865546968503937
0
LINE
8
BLACK
6
CONTINUOUS
10
0.7039399606299213
20
1.865546968503937
11
0.6994479527559055
21
1.8625454724409449
0
LINE
8
BLACK
6
CONTINUOUS
10
0.6994479527559055
20
1.8625454724409449
11
0.6944566535433071
21
1.8604780314960629
0
LINE
8
BLACK
6
CONTINUOUS
10
0.6944566535433071
20
1.8604780314960629
11
0.6891579527559055
21
1.8594240551181103
0
LINE
8
BLACK
6
CONTINUOUS
10
0.6891579527559055
20
1.8594240551181103
11
0.6837554330708662
21
1.8594240551181103
0
LINE
8
BLACK
6
CONTINUOUS
10
0.6837554330708662
20
1.8594240551181103
11
0.6784567322834646
21
1.8604780314960629
0
LINE
8
BLACK
6
CONTINUOUS
10
0.6784567322834646
20
1.8604780314960629
11
0.6734654330708661
21
1.8625454724409449
0
LINE
8
BLACK
6
CONTINUOUS
10
0.6734654330708661
20
1.8625454724409449
11
0.6689734251968503
21
1.865546968503937
0
LINE
8
BLACK
6
CONTINUOUS
10
0.6689734251968503
20
1.865546968503937
11
0.6651532677165354
21
1.8693671259842519
0
LINE
8
BLACK
6
CONTINUOUS
10
0.6651532677165354
20
1.8693671259842519
11
0.6621517716535433
21
1.8738591338582677
0
LINE
8
BLACK
6
CONTINUOUS
10
0.6621517716535433
20
1.8738591338582677
11
0.6600843307086613
21
1.8788504330708662
0
LINE
8
BLACK
6
CONTINUOUS
10
0.6600843307086613
20
1.8788504330708662
11
0.6590303543307087
21
1.8841491338582677
0
LINE
8
BLACK
6
CONTINUOUS
10
0.6590303543307087
20
1.8841491338582677
11
0.6590303543307087
21
1.889551653543307
0
LINE
8
BLACK
6
CONTINUOUS
10
0.6590303543307087
20
1.889551653543307
11
0.6600843307086613
21
1.8948503543307087
0
LINE
8
BLACK
6
CONTINUOUS
10
0.6600843307086613
20
1.8948503543307087
11
0.6621517716535433
21
1.8998416535433071
0
LINE
8
BLACK
6
CONTINUOUS
10
0.6621517716535433
20
1.8998416535433071
11
0.6651532677165354
21
1.9043336614173227
0
LINE
8
BLACK
6
CONTINUOUS
10
0.6651532677165354
20
1.9043336614173227
11
0.6689734251968503
21
1.9081538188976377
0
LINE
8
BLACK
6
CONTINUOUS
10
0.6689734251968503
20
1.9081538188976377
11
0.6734654330708661
21
1.91115531496063
0
LINE
8
BLACK
6
CONTINUOUS
10
0.6734654330708661
20
1.91115531496063
11
0.6784567322834646
21
1.9132227559055117
0
LINE
8
BLACK
6
CONTINUOUS
10
0.6784567322834646
20
1.9132227559055117
11
0.6837554330708662
21
1.9142767322834646
0
LINE
8
BLACK
6
CONTINUOUS
10
0.6837554330708662
20
1.9142767322834646
11
0.6891579527559055
21
1.9142767322834646
0
LINE
8
BLACK
6
CONTINUOUS
10
0.6891579527559055
20
1.9142767322834646
11
0.6944566535433071
21
1.9132227559055117
0
LINE
8
BLACK
6
CONTINUOUS
10
0.773196811023622
20
1.9132227559055117
11
0.7781881102362205
21
1.91115531496063
0
LINE
8
BLACK
6
CONTINUOUS
10
0.7781881102362205
20
1.91115531496063
11
0.7826801181102362
21
1.9081538188976377
0
LINE
8
BLACK
6
CONTINUOUS
10
0.7826801181102362
20
1.9081538188976377
11
0.7865002755905511
21
1.9043336614173227
0
LINE
8
BLACK
6
CONTINUOUS
10
0.7865002755905511
20
1.9043336614173227
11
0.7895017716535433
21
1.8998416535433071
0
LINE
8
BLACK
6
CONTINUOUS
10
0.7895017716535433
20
1.8998416535433071
11
0.7915692125984252
21
1.8948503543307087
0
LINE
8
BLACK
6
CONTINUOUS
10
0.7915692125984252
20
1.8948503543307087
11
0.792623188976378
21
1.889551653543307
0
LINE
8
BLACK
6
CONTINUOUS
10
0.792623188976378
20
1.889551653543307
11
0.792623188976378
21
1.8841491338582677
0
LINE
8
BLACK
6
CONTINUOUS
10
0.792623188976378
20
1.8841491338582677
11
0.7915692125984252
21
1.8788504330708662
0
LINE
8
BLACK
6
CONTINUOUS
10
0.7915692125984252
20
1.8788504330708662
11
0.7895017716535433
21
1.8738591338582677
0
LINE
8
BLACK
6
CONTINUOUS
10
0.7895017716535433
20
1.8738591338582677
11
0.7865002755905511
21
1.8693671259842519
0
LINE
8
BLACK
6
CONTINUOUS
10
0.7865002755905511
20
1.8693671259842519
11
0.7826801181102362
21
1.865546968503937
0
LINE
8
BLACK
6
CONTINUOUS
10
0.7826801181102362
20
1.865546968503937
11
0.7781881102362205
21
1.8625454724409449
0
LINE
8
BLACK
6
CONTINUOUS
10
0.7781881102362205
20
1.8625454724409449
11
0.773196811023622
21
1.8604780314960629
0
LINE
8
BLACK
6
CONTINUOUS
10
0.773196811023622
20
1.8604780314960629
11
0.7678981102362205
21
1.8594240551181103
0
LINE
8
BLACK
6
CONTINUOUS
10
0.7678981102362205
20
1.8594240551181103
11
0.7624955905511811
21
1.8594240551181103
0
LINE
8
BLACK
6
CONTINUOUS
10
0.7624955905511811
20
1.8594240551181103
11
0.7571968897637795
21
1.8604780314960629
0
LINE
8
BLACK
6
CONTINUOUS
10
0.7571968897637795
20
1.8604780314960629
11
0.7522055905511811
21
1.8625454724409449
0
LINE
8
BLACK
6
CONTINUOUS
10
0.7522055905511811
20
1.8625454724409449
11
0.7477135826771654
21
1.865546968503937
0
LINE
8
BLACK
6
CONTINUOUS
10
0.7477135826771654
20
1.865546968503937
11
0.7438934251968504
21
1.8693671259842519
0
LINE
8
BLACK
6
CONTINUOUS
10
0.7438934251968504
20
1.8693671259842519
11
0.7408919291338583
21
1.8738591338582677
0
LINE
8
BLACK
6
CONTINUOUS
10
0.7408919291338583
20
1.8738591338582677
11
0.7388244881889764
21
1.8788504330708662
0
LINE
8
BLACK
6
CONTINUOUS
10
0.7388244881889764
20
1.8788504330708662
11
0.7377705118110236
21
1.8841491338582677
0
LINE
8
BLACK
6
CONTINUOUS
10
0.7377705118110236
20
1.8841491338582677
11
0.7377705118110236
21
1.889551653543307
0
LINE
8
BLACK
6
CONTINUOUS
10
0.7377705118110236
20
1.889551653543307
11
0.7388244881889764
21
1.8948503543307087
0
LINE
8
BLACK
6
CONTINUOUS
10
0.7388244881889764
20
1.8948503543307087
11
0.7408919291338583
21
1.8998416535433071
0
LINE
8
BLACK
6
CONTINUOUS
10
0.7408919291338583
20
1.8998416535433071
11
0.7438934251968504
21
1.9043336614173227
0
LINE
8
BLACK
6
CONTINUOUS
10
0.7438934251968504
20
1.9043336614173227
11
0.7477135826771654
21
1.9081538188976377
0
LINE
8
BLACK
6
CONTINUOUS
10
0.7477135826771654
20
1.9081538188976377
11
0.7522055905511811
21
1.91115531496063
0
LINE
8
BLACK
6
CONTINUOUS
10
0.7522055905511811
20
1.91115531496063
11
0.7571968897637795
21
1.9132227559055117
0
LINE
8
BLACK
6
CONTINUOUS
10
0.7571968897637795
20
1.9132227559055117
11
0.7624955905511811
21
1.9142767322834646
0
LINE
8
BLACK
6
CONTINUOUS
10
0.7624955905511811
20
1.9142767322834646
11
0.7678981102362205
21
1.9142767322834646
0
LINE
8
BLACK
6
CONTINUOUS
10
0.7678981102362205
20
1.9142767322834646
11
0.773196811023622
21
1.9132227559055117
0
LINE
8
BLACK
6
CONTINUOUS
10
0.851936968503937
20
1.9132227559055117
11
0.8569282677165354
21
1.91115531496063
0
LINE
8
BLACK
6
CONTINUOUS
10
0.8569282677165354
20
1.91115531496063
11
0.8614202755905511
21
1.9081538188976377
0
LINE
8
BLACK
6
CONTINUOUS
10
0.8614202755905511
20
1.9081538188976377
11
0.8652404330708662
21
1.9043336614173227
0
LINE
8
BLACK
6
CONTINUOUS
10
0.8652404330708662
20
1.9043336614173227
11
0.8682419291338582
21
1.8998416535433071
0
LINE
8
BLACK
6
CONTINUOUS
10
0.8682419291338582
20
1.8998416535433071
11
0.8703093700787401
21
1.8948503543307087
0
LINE
8
BLACK
6
CONTINUOUS
10
0.8703093700787401
20
1.8948503543307087
11
0.8713633464566929
21
1.889551653543307
0
LINE
8
BLACK
6
CONTINUOUS
10
0.8713633464566929
20
1.889551653543307
11
0.8713633464566929
21
1.8841491338582677
0
LINE
8
BLACK
6
CONTINUOUS
10
0.8713633464566929
20
1.8841491338582677
11
0.8703093700787401
21
1.8788504330708662
0
LINE
8
BLACK
6
CONTINUOUS
10
0.8703093700787401
20
1.8788504330708662
11
0.8682419291338582
21
1.8738591338582677
0
LINE
8
BLACK
6
CONTINUOUS
10
0.8682419291338582
20
1.8738591338582677
11
0.8652404330708662
21
1.8693671259842519
0
LINE
8
BLACK
6
CONTINUOUS
10
0.8652404330708662
20
1.8693671259842519
11
0.8614202755905511
21
1.865546968503937
0
LINE
8
BLACK
6
CONTINUOUS
10
0.8614202755905511
20
1.865546968503937
11
0.8569282677165354
21
1.8625454724409449
0
LINE
8
BLACK
6
CONTINUOUS
10
0.8569282677165354
20
1.8625454724409449
11
0.851936968503937
21
1.8604780314960629
0
LINE
8
BLACK
6
CONTINUOUS
10
0.851936968503937
20
1.8604780314960629
11
0.8466382677165354
21
1.8594240551181103
0
LINE
8
BLACK
6
CONTINUOUS
10
0.8466382677165354
20
1.8594240551181103
11
0.841235748031496
21
1.8594240551181103
0
LINE
8
BLACK
6
CONTINUOUS
10
0.841235748031496
20
1.8594240551181103
11
0.8359370472440945
21
1.8604780314960629
0
LINE
8
BLACK
6
CONTINUOUS
10
0.8359370472440945
20
1.8604780314960629
11
0.830945748031496
21
1.8625454724409449
0
LINE
8
BLACK
6
CONTINUOUS
10
0.830945748031496
20
1.8625454724409449
11
0.8264537401574803
21
1.865546968503937
0
LINE
8
BLACK
6
CONTINUOUS
10
0.8264537401574803
20
1.865546968503937
11
0.8226335826771654
21
1.8693671259842519
0
LINE
8
BLACK
6
CONTINUOUS
10
0.8226335826771654
20
1.8693671259842519
11
0.8196320866141732
21
1.8738591338582677
0
LINE
8
BLACK
6
CONTINUOUS
10
0.8196320866141732
20
1.8738591338582677
11
0.8175646456692913
21
1.8788504330708662
0
LINE
8
BLACK
6
CONTINUOUS
10
0.8175646456692913
20
1.8788504330708662
11
0.8165106692913385
21
1.8841491338582677
0
LINE
8
BLACK
6
CONTINUOUS
10
0.8165106692913385
20
1.8841491338582677
11
0.8165106692913385
21
1.889551653543307
0
LINE
8
BLACK
6
CONTINUOUS
10
0.8165106692913385
20
1.889551653543307
11
0.8175646456692913
21
1.8948503543307087
0
LINE
8
BLACK
6
CONTINUOUS
10
0.8175646456692913
20
1.8948503543307087
11
0.8196320866141732
21
1.8998416535433071
0
LINE
8
BLACK
6
CONTINUOUS
10
0.8196320866141732
20
1.8998416535433071
11
0.8226335826771654
21
1.9043336614173227
0
LINE
8
BLACK
6
CONTINUOUS
10
0.8226335826771654
20
1.9043336614173227
11
0.8264537401574803
21
1.9081538188976377
0
LINE
8
BLACK
6
CONTINUOUS
10
0.8264537401574803
20
1.9081538188976377
11
0.830945748031496
21
1.91115531496063
0
LINE
8
BLACK
6
CONTINUOUS
10
0.830945748031496
20
1.91115531496063
11
0.8359370472440945
21
1.9132227559055117
0
LINE
8
BLACK
6
CONTINUOUS
10
0.8359370472440945
20
1.9132227559055117
11
0.841235748031496
21
1.9142767322834646
0
LINE
8
BLACK
6
CONTINUOUS
10
0.841235748031496
20
1.9142767322834646
11
0.8466382677165354
21
1.9142767322834646
0
LINE
8
BLACK
6
CONTINUOUS
10
0.8466382677165354
20
1.9142767322834646
11
0.851936968503937
21
1.9132227559055117
0
LINE
8
BLACK
6
CONTINUOUS
10
5.3121923228346457
20
1.9075875984251969
11
5.3161630314960631
21
1.9058343700787401
0
LINE
8
BLACK
6
CONTINUOUS
10
5.3161630314960631
20
1.9058343700787401
11
5.3192322440944881
21
1.9027651574803148
0
LINE
8
BLACK
6
CONTINUOUS
10
5.3192322440944881
20
1.9027651574803148
11
5.3209854724409444
21
1.8987944488188977
0
LINE
8
BLACK
6
CONTINUOUS
10
5.3209854724409444
20
1.8987944488188977
11
5.3212992125984249
21
1.8960903149606299
0
LINE
8
BLACK
6
CONTINUOUS
10
5.3212992125984249
20
1.8960903149606299
11
5.3212992125984249
21
1.8803422834645669
0
LINE
8
BLACK
6
CONTINUOUS
10
5.3212992125984249
20
1.8803422834645669
11
5.3209854724409444
21
1.8776381496062993
0
LINE
8
BLACK
6
CONTINUOUS
10
5.3209854724409444
20
1.8776381496062993
11
5.3192322440944881
21
1.8736674409448819
0
LINE
8
BLACK
6
CONTINUOUS
10
5.3192322440944881
20
1.8736674409448819
11
5.3161630314960631
21
1.8705982283464566
0
LINE
8
BLACK
6
CONTINUOUS
10
5.3161630314960631
20
1.8705982283464566
11
5.3121923228346457
21
1.8688449999999999
0
LINE
8
BLACK
6
CONTINUOUS
10
5.3121923228346457
20
1.8688449999999999
11
5.3094881889763776
21
1.8685312598425197
0
LINE
8
BLACK
6
CONTINUOUS
10
5.3094881889763776
20
1.8685312598425197
11
5.2898031496062989
21
1.8685312598425197
0
LINE
8
BLACK
6
CONTINUOUS
10
5.2898031496062989
20
1.8685312598425197
11
5.2870990157480318
21
1.8688449999999999
0
LINE
8
BLACK
6
CONTINUOUS
10
5.2870990157480318
20
1.8688449999999999
11
5.2831283070866144
21
1.8705982283464566
0
LINE
8
BLACK
6
CONTINUOUS
10
5.2831283070866144
20
1.8705982283464566
11
5.2800590944881884
21
1.8736674409448819
0
LINE
8
BLACK
6
CONTINUOUS
10
5.2800590944881884
20
1.8736674409448819
11
5.2783058661417321
21
1.8776381496062993
0
LINE
8
BLACK
6
CONTINUOUS
10
5.2783058661417321
20
1.8776381496062993
11
5.2779921259842517
21
1.8803422834645669
0
LINE
8
BLACK
6
CONTINUOUS
10
5.2779921259842517
20
1.8803422834645669
11
5.2779921259842517
21
1.8960903149606299
0
LINE
8
BLACK
6
CONTINUOUS
10
5.2779921259842517
20
1.8960903149606299
11
5.2783058661417321
21
1.8987944488188977
0
LINE
8
BLACK
6
CONTINUOUS
10
5.2783058661417321
20
1.8987944488188977
11
5.2800590944881884
21
1.9027651574803148
0
LINE
8
BLACK
6
CONTINUOUS
10
5.2800590944881884
20
1.9027651574803148
11
5.2831283070866144
21
1.9058343700787401
0
LINE
8
BLACK
6
CONTINUOUS
10
5.2831283070866144
20
1.9058343700787401
11
5.2870990157480318
21
1.9075875984251969
0
LINE
8
BLACK
6
CONTINUOUS
10
5.2870990157480318
20
1.9075875984251969
11
5.2898031496062989
21
1.9079013385826771
0
LINE
8
BLACK
6
CONTINUOUS
10
5.2898031496062989
20
1.9079013385826771
11
5.3094881889763776
21
1.9079013385826771
0
LINE
8
BLACK
6
CONTINUOUS
10
5.3094881889763776
20
1.9079013385826771
11
5.3121923228346457
21
1.9075875984251969
0
LINE
8
BLACK
6
CONTINUOUS
10
5.1812868110236217
20
1.9640716141732284
11
5.185257519685039
21
1.9623183858267716
0
LINE
8
BLACK
6
CONTINUOUS
10
5.185257519685039
20
1.9623183858267716
11
5.1883267322834641
21
1.9592491732283464
0
LINE
8
BLACK
6
CONTINUOUS
10
5.1883267322834641
20
1.9592491732283464
11
5.1900799606299213
21
1.955278464566929
0
LINE
8
BLACK
6
CONTINUOUS
10
5.1900799606299213
20
1.955278464566929
11
5.1903937007874017
21
1.9525743307086614
0
LINE
8
BLACK
6
CONTINUOUS
10
5.1903937007874017
20
1.9525743307086614
11
5.1903937007874017
21
1.9171412598425197
0
LINE
8
BLACK
6
CONTINUOUS
10
5.1903937007874017
20
1.9171412598425197
11
5.1900799606299213
21
1.9144371259842519
0
LINE
8
BLACK
6
CONTINUOUS
10
5.1900799606299213
20
1.9144371259842519
11
5.1883267322834641
21
1.9104664173228345
0
LINE
8
BLACK
6
CONTINUOUS
10
5.1883267322834641
20
1.9104664173228345
11
5.185257519685039
21
1.9073972047244094
0
LINE
8
BLACK
6
CONTINUOUS
10
5.185257519685039
20
1.9073972047244094
11
5.1812868110236217
21
1.9056439763779527
0
LINE
8
BLACK
6
CONTINUOUS
10
5.1812868110236217
20
1.9056439763779527
11
5.1785826771653545
21
1.9053302362204725
0
LINE
8
BLACK
6
CONTINUOUS
10
5.1785826771653545
20
1.9053302362204725
11
5.1579133858267712
21
1.9053302362204725
0
LINE
8
BLACK
6
CONTINUOUS
10
5.1579133858267712
20
1.9053302362204725
11
5.155209251968504
21
1.9056439763779527
0
LINE
8
BLACK
6
CONTINUOUS
10
5.155209251968504
20
1.9056439763779527
11
5.1512385433070866
21
1.9073972047244094
0
LINE
8
BLACK
6
CONTINUOUS
10
5.1512385433070866
20
1.9073972047244094
11
5.1481693307086616
21
1.9104664173228345
0
LINE
8
BLACK
6
CONTINUOUS
10
5.1481693307086616
20
1.9104664173228345
11
5.1464161023622044
21
1.9144371259842519
0
LINE
8
BLACK
6
CONTINUOUS
10
5.1464161023622044
20
1.9144371259842519
11
5.1461023622047239
21
1.9171412598425197
0
LINE
8
BLACK
6
CONTINUOUS
10
5.1461023622047239
20
1.9171412598425197
11
5.1461023622047239
21
1.9525743307086614
0
LINE
8
BLACK
6
CONTINUOUS
10
5.1461023622047239
20
1.9525743307086614
11
5.1464161023622044
21
1.955278464566929
0
LINE
8
BLACK
6
CONTINUOUS
10
5.1464161023622044
20
1.955278464566929
11
5.1481693307086616
21
1.9592491732283464
0
LINE
8
BLACK
6
CONTINUOUS
10
5.1481693307086616
20
1.9592491732283464
11
5.1512385433070866
21
1.9623183858267716
0
LINE
8
BLACK
6
CONTINUOUS
10
5.1512385433070866
20
1.9623183858267716
11
5.155209251968504
21
1.9640716141732284
0
LINE
8
BLACK
6
CONTINUOUS
10
5.155209251968504
20
1.9640716141732284
11
5.1579133858267712
21
1.9643853543307086
0
LINE
8
BLACK
6
CONTINUOUS
10
5.1579133858267712
20
1.9643853543307086
11
5.1785826771653545
21
1.9643853543307086
0
LINE
8
BLACK
6
CONTINUOUS
10
5.1785826771653545
20
1.9643853543307086
11
5.1812868110236217
21
1.9640716141732284
0
LINE
8
BLACK
6
CONTINUOUS
10
5.2531372047244096
20
1.9640716141732284
11
5.2571079133858269
21
1.9623183858267716
0
LINE
8
BLACK
6
CONTINUOUS
10
5.2571079133858269
20
1.9623183858267716
11
5.260177125984252
21
1.9592491732283464
0
LINE
8
BLACK
6
CONTINUOUS
10
5.260177125984252
20
1.9592491732283464
11
5.2619303543307083
21
1.955278464566929
0
LINE
8
BLACK
6
CONTINUOUS
10
5.2619303543307083
20
1.955278464566929
11
5.2622440944881888
21
1.9525743307086614
0
LINE
8
BLACK
6
CONTINUOUS
10
5.2622440944881888
20
1.9525743307086614
11
5.2622440944881888
21
1.9171412598425197
0
LINE
8
BLACK
6
CONTINUOUS
10
5.2622440944881888
20
1.9171412598425197
11
5.2619303543307083
21
1.9144371259842519
0
LINE
8
BLACK
6
CONTINUOUS
10
5.2619303543307083
20
1.9144371259842519
11
5.260177125984252
21
1.9104664173228345
0
LINE
8
BLACK
6
CONTINUOUS
10
5.260177125984252
20
1.9104664173228345
11
5.2571079133858269
21
1.9073972047244094
0
LINE
8
BLACK
6
CONTINUOUS
10
5.2571079133858269
20
1.9073972047244094
11
5.2531372047244096
21
1.9056439763779527
0
LINE
8
BLACK
6
CONTINUOUS
10
5.2531372047244096
20
1.9056439763779527
11
5.2504330708661415
21
1.9053302362204725
0
LINE
8
BLACK
6
CONTINUOUS
10
5.2504330708661415
20
1.9053302362204725
11
5.2297637795275591
21
1.9053302362204725
0
LINE
8
BLACK
6
CONTINUOUS
10
5.2297637795275591
20
1.9053302362204725
11
5.227059645669291
21
1.9056439763779527
0
LINE
8
BLACK
6
CONTINUOUS
10
5.227059645669291
20
1.9056439763779527
11
5.2230889370078737
21
1.9073972047244094
0
LINE
8
BLACK
6
CONTINUOUS
10
5.2230889370078737
20
1.9073972047244094
11
5.2200197244094486
21
1.9104664173228345
0
LINE
8
BLACK
6
CONTINUOUS
10
5.2200197244094486
20
1.9104664173228345
11
5.2182664960629923
21
1.9144371259842519
0
LINE
8
BLACK
6
CONTINUOUS
10
5.2182664960629923
20
1.9144371259842519
11
5.2179527559055119
21
1.9171412598425197
0
LINE
8
BLACK
6
CONTINUOUS
10
5.2179527559055119
20
1.9171412598425197
11
5.2179527559055119
21
1.9525743307086614
0
LINE
8
BLACK
6
CONTINUOUS
10
5.2179527559055119
20
1.9525743307086614
11
5.2182664960629923
21
1.955278464566929
0
LINE
8
BLACK
6
CONTINUOUS
10
5.2182664960629923
20
1.955278464566929
11
5.2200197244094486
21
1.9592491732283464
0
LINE
8
BLACK
6
CONTINUOUS
10
5.2200197244094486
20
1.9592491732283464
11
5.2230889370078737
21
1.9623183858267716
0
LINE
8
BLACK
6
CONTINUOUS
10
5.2230889370078737
20
1.9623183858267716
11
5.227059645669291
21
1.9640716141732284
0
LINE
8
BLACK
6
CONTINUOUS
10
5.227059645669291
20
1.9640716141732284
11
5.2297637795275591
21
1.9643853543307086
0
LINE
8
BLACK
6
CONTINUOUS
10
5.2297637795275591
20
1.9643853543307086
11
5.2504330708661415
21
1.9643853543307086
0
LINE
8
BLACK
6
CONTINUOUS
10
5.2504330708661415
20
1.9643853543307086
11
5.2531372047244096
21
1.9640716141732284
0
LINE
8
BLACK
6
CONTINUOUS
10
5.3121923228346457
20
1.9535461417322835
11
5.3161630314960631
21
1.9517929133858267
0
LINE
8
BLACK
6
CONTINUOUS
10
5.3161630314960631
20
1.9517929133858267
11
5.3192322440944881
21
1.9487237007874014
0
LINE
8
BLACK
6
CONTINUOUS
10
5.3192322440944881
20
1.9487237007874014
11
5.3209854724409444
21
1.9447529921259843
0
LINE
8
BLACK
6
CONTINUOUS
10
5.3209854724409444
20
1.9447529921259843
11
5.3212992125984249
21
1.9420488582677164
0
LINE
8
BLACK
6
CONTINUOUS
10
5.3212992125984249
20
1.9420488582677164
11
5.3212992125984249
21
1.9263008267716535
0
LINE
8
BLACK
6
CONTINUOUS
10
5.3212992125984249
20
1.9263008267716535
11
5.3209854724409444
21
1.9235966929133859
0
LINE
8
BLACK
6
CONTINUOUS
10
5.3209854724409444
20
1.9235966929133859
11
5.3192322440944881
21
1.9196259842519685
0
LINE
8
BLACK
6
CONTINUOUS
10
5.3192322440944881
20
1.9196259842519685
11
5.3161630314960631
21
1.9165567716535432
0
LINE
8
BLACK
6
CONTINUOUS
10
5.3161630314960631
20
1.9165567716535432
11
5.3121923228346457
21
1.9148035433070865
0
LINE
8
BLACK
6
CONTINUOUS
10
5.3121923228346457
20
1.9148035433070865
11
5.3094881889763776
21
1.9144898031496063
0
LINE
8
BLACK
6
CONTINUOUS
10
5.3094881889763776
20
1.9144898031496063
11
5.2898031496062989
21
1.9144898031496063
0
LINE
8
BLACK
6
CONTINUOUS
10
5.2898031496062989
20
1.9144898031496063
11
5.2870990157480318
21
1.9148035433070865
0
LINE
8
BLACK
6
CONTINUOUS
10
5.2870990157480318
20
1.9148035433070865
11
5.2831283070866144
21
1.9165567716535432
0
LINE
8
BLACK
6
CONTINUOUS
10
5.2831283070866144
20
1.9165567716535432
11
5.2800590944881884
21
1.9196259842519685
0
LINE
8
BLACK
6
CONTINUOUS
10
5.2800590944881884
20
1.9196259842519685
11
5.2783058661417321
21
1.9235966929133859
0
LINE
8
BLACK
6
CONTINUOUS
10
5.2783058661417321
20
1.9235966929133859
11
5.2779921259842517
21
1.9263008267716535
0
LINE
8
BLACK
6
CONTINUOUS
10
5.2779921259842517
20
1.9263008267716535
11
5.2779921259842517
21
1.9420488582677164
0
LINE
8
BLACK
6
CONTINUOUS
10
5.2779921259842517
20
1.9420488582677164
11
5.2783058661417321
21
1.9447529921259843
0
LINE
8
BLACK
6
CONTINUOUS
10
5.2783058661417321
20
1.9447529921259843
11
5.2800590944881884
21
1.9487237007874014
0
LINE
8
BLACK
6
CONTINUOUS
10
5.2800590944881884
20
1.9487237007874014
11
5.2831283070866144
21
1.9517929133858267
0
LINE
8
BLACK
6
CONTINUOUS
10
5.2831283070866144
20
1.9517929133858267
11
5.2870990157480318
21
1.9535461417322835
0
LINE
8
BLACK
6
CONTINUOUS
10
5.2870990157480318
20
1.9535461417322835
11
5.2898031496062989
21
1.9538598818897637
0
LINE
8
BLACK
6
CONTINUOUS
10
5.2898031496062989
20
1.9538598818897637
11
5.3094881889763776
21
1.9538598818897637
0
LINE
8
BLACK
6
CONTINUOUS
10
5.3094881889763776
20
1.9538598818897637
11
5.3121923228346457
21
1.9535461417322835
0
LINE
8
BLACK
6
CONTINUOUS
10
5.3121923228346457
20
2.0165382677165353
11
5.3161630314960631
21
2.0147850393700786
0
LINE
8
BLACK
6
CONTINUOUS
10
5.3161630314960631
20
2.0147850393700786
11
5.3192322440944881
21
2.0117158267716535
0
LINE
8
BLACK
6
CONTINUOUS
10
5.3192322440944881
20
2.0117158267716535
11
5.3209854724409444
21
2.0077451181102361
0
LINE
8
BLACK
6
CONTINUOUS
10
5.3209854724409444
20
2.0077451181102361
11
5.3212992125984249
21
2.0050409842519685
0
LINE
8
BLACK
6
CONTINUOUS
10
5.3212992125984249
20
2.0050409842519685
11
5.3212992125984249
21
1.9892929527559056
0
LINE
8
BLACK
6
CONTINUOUS
10
5.3212992125984249
20
1.9892929527559056
11
5.3209854724409444
21
1.9865888188976377
0
LINE
8
BLACK
6
CONTINUOUS
10
5.3209854724409444
20
1.9865888188976377
11
5.3192322440944881
21
1.9826181102362204
0
LINE
8
BLACK
6
CONTINUOUS
10
5.3192322440944881
20
1.9826181102362204
11
5.3161630314960631
21
1.9795488976377953
0
LINE
8
BLACK
6
CONTINUOUS
10
5.3161630314960631
20
1.9795488976377953
11
5.3121923228346457
21
1.9777956692913385
0
LINE
8
BLACK
6
CONTINUOUS
10
5.3121923228346457
20
1.9777956692913385
11
5.3094881889763776
21
1.9774819291338581
0
LINE
8
BLACK
6
CONTINUOUS
10
5.3094881889763776
20
1.9774819291338581
11
5.2898031496062989
21
1.9774819291338581
0
LINE
8
BLACK
6
CONTINUOUS
10
5.2898031496062989
20
1.9774819291338581
11
5.2870990157480318
21
1.9777956692913385
0
LINE
8
BLACK
6
CONTINUOUS
10
5.2870990157480318
20
1.9777956692913385
11
5.2831283070866144
21
1.9795488976377953
0
LINE
8
BLACK
6
CONTINUOUS
10
5.2831283070866144
20
1.9795488976377953
11
5.2800590944881884
21
1.9826181102362204
0
LINE
8
BLACK
6
CONTINUOUS
10
5.2800590944881884
20
1.9826181102362204
11
5.2783058661417321
21
1.9865888188976377
0
LINE
8
BLACK
6
CONTINUOUS
10
5.2783058661417321
20
1.9865888188976377
11
5.2779921259842517
21
1.9892929527559056
0
LINE
8
BLACK
6
CONTINUOUS
10
5.2779921259842517
20
1.9892929527559056
11
5.2779921259842517
21
2.0050409842519685
0
LINE
8
BLACK
6
CONTINUOUS
10
5.2779921259842517
20
2.0050409842519685
11
5.2783058661417321
21
2.0077451181102361
0
LINE
8
BLACK
6
CONTINUOUS
10
5.2783058661417321
20
2.0077451181102361
11
5.2800590944881884
21
2.0117158267716535
0
LINE
8
BLACK
6
CONTINUOUS
10
5.2800590944881884
20
2.0117158267716535
11
5.2831283070866144
21
2.0147850393700786
0
LINE
8
BLACK
6
CONTINUOUS
10
5.2831283070866144
20
2.0147850393700786
11
5.2870990157480318
21
2.0165382677165353
0
LINE
8
BLACK
6
CONTINUOUS
10
5.2870990157480318
20
2.0165382677165353
11
5.2898031496062989
21
2.0168520078740158
0
LINE
8
BLACK
6
CONTINUOUS
10
5.2898031496062989
20
2.0168520078740158
11
5.3094881889763776
21
2.0168520078740158
0
LINE
8
BLACK
6
CONTINUOUS
10
5.3094881889763776
20
2.0168520078740158
11
5.3121923228346457
21
2.0165382677165353
0
LINE
8
BLACK
6
CONTINUOUS
10
5.3121923228346457
20
2.0624968110236219
11
5.3161630314960631
21
2.0607435826771652
0
LINE
8
BLACK
6
CONTINUOUS
10
5.3161630314960631
20
2.0607435826771652
11
5.3192322440944881
21
2.0576743700787401
0
LINE
8
BLACK
6
CONTINUOUS
10
5.3192322440944881
20
2.0576743700787401
11
5.3209854724409444
21
2.0537036614173227
0
LINE
8
BLACK
6
CONTINUOUS
10
5.3209854724409444
20
2.0537036614173227
11
5.3212992125984249
21
2.0509995275590551
0
LINE
8
BLACK
6
CONTINUOUS
10
5.3212992125984249
20
2.0509995275590551
11
5.3212992125984249
21
2.0352514960629922
0
LINE
8
BLACK
6
CONTINUOUS
10
5.3212992125984249
20
2.0352514960629922
11
5.3209854724409444
21
2.0325473622047245
0
LINE
8
BLACK
6
CONTINUOUS
10
5.3209854724409444
20
2.0325473622047245
11
5.3192322440944881
21
2.0285766535433072
0
LINE
8
BLACK
6
CONTINUOUS
10
5.3192322440944881
20
2.0285766535433072
11
5.3161630314960631
21
2.0255074409448817
0
LINE
8
BLACK
6
CONTINUOUS
10
5.3161630314960631
20
2.0255074409448817
11
5.3121923228346457
21
2.0237542125984254
0
LINE
8
BLACK
6
CONTINUOUS
10
5.3121923228346457
20
2.0237542125984254
11
5.3094881889763776
21
2.0234404724409449
0
LINE
8
BLACK
6
CONTINUOUS
10
5.3094881889763776
20
2.0234404724409449
11
5.2898031496062989
21
2.0234404724409449
0
LINE
8
BLACK
6
CONTINUOUS
10
5.2898031496062989
20
2.0234404724409449
11
5.2870990157480318
21
2.0237542125984254
0
LINE
8
BLACK
6
CONTINUOUS
10
5.2870990157480318
20
2.0237542125984254
11
5.2831283070866144
21
2.0255074409448817
0
LINE
8
BLACK
6
CONTINUOUS
10
5.2831283070866144
20
2.0255074409448817
11
5.2800590944881884
21
2.0285766535433072
0
LINE
8
BLACK
6
CONTINUOUS
10
5.2800590944881884
20
2.0285766535433072
11
5.2783058661417321
21
2.0325473622047245
0
LINE
8
BLACK
6
CONTINUOUS
10
5.2783058661417321
20
2.0325473622047245
11
5.2779921259842517
21
2.0352514960629922
0
LINE
8
BLACK
6
CONTINUOUS
10
5.2779921259842517
20
2.0352514960629922
11
5.2779921259842517
21
2.0509995275590551
0
LINE
8
BLACK
6
CONTINUOUS
10
5.2779921259842517
20
2.0509995275590551
11
5.2783058661417321
21
2.0537036614173227
0
LINE
8
BLACK
6
CONTINUOUS
10
5.2783058661417321
20
2.0537036614173227
11
5.2800590944881884
21
2.0576743700787401
0
LINE
8
BLACK
6
CONTINUOUS
10
5.2800590944881884
20
2.0576743700787401
11
5.2831283070866144
21
2.0607435826771652
0
LINE
8
BLACK
6
CONTINUOUS
10
5.2831283070866144
20
2.0607435826771652
11
5.2870990157480318
21
2.0624968110236219
0
LINE
8
BLACK
6
CONTINUOUS
10
5.2870990157480318
20
2.0624968110236219
11
5.2898031496062989
21
2.0628105511811023
0
LINE
8
BLACK
6
CONTINUOUS
10
5.2898031496062989
20
2.0628105511811023
11
5.3094881889763776
21
2.0628105511811023
0
LINE
8
BLACK
6
CONTINUOUS
10
5.3094881889763776
20
2.0628105511811023
11
5.3121923228346457
21
2.0624968110236219
0
LINE
8
BLACK
6
CONTINUOUS
10
0.562426968503937
20
2.1133452362204723
11
0.568559094488189
21
2.1108051968503938
0
LINE
8
BLACK
6
CONTINUOUS
10
0.568559094488189
20
2.1108051968503938
11
0.5740778740157481
21
2.1071176771653541
0
LINE
8
BLACK
6
CONTINUOUS
10
0.5740778740157481
20
2.1071176771653541
11
0.5787712204724409
21
2.1024243307086614
0
LINE
8
BLACK
6
CONTINUOUS
10
0.5787712204724409
20
2.1024243307086614
11
0.5824587401574803
21
2.0969055511811021
0
LINE
8
BLACK
6
CONTINUOUS
10
0.5824587401574803
20
2.0969055511811021
11
0.5849987795275591
21
2.0907734251968502
0
LINE
8
BLACK
6
CONTINUOUS
10
0.5849987795275591
20
2.0907734251968502
11
0.5862936614173229
21
2.0842635826771652
0
LINE
8
BLACK
6
CONTINUOUS
10
0.5862936614173229
20
2.0842635826771652
11
0.5862936614173229
21
2.077626181102362
0
LINE
8
BLACK
6
CONTINUOUS
10
0.5862936614173229
20
2.077626181102362
11
0.5849987795275591
21
2.071116338582677
0
LINE
8
BLACK
6
CONTINUOUS
10
0.5849987795275591
20
2.071116338582677
11
0.5824587401574803
21
2.064984212598425
0
LINE
8
BLACK
6
CONTINUOUS
10
0.5824587401574803
20
2.064984212598425
11
0.5787712204724409
21
2.0594654330708662
0
LINE
8
BLACK
6
CONTINUOUS
10
0.5787712204724409
20
2.0594654330708662
11
0.5740778740157481
21
2.054772086614173
0
LINE
8
BLACK
6
CONTINUOUS
10
0.5740778740157481
20
2.054772086614173
11
0.568559094488189
21
2.0510845669291338
0
LINE
8
BLACK
6
CONTINUOUS
10
0.568559094488189
20
2.0510845669291338
11
0.562426968503937
21
2.0485445275590553
0
LINE
8
BLACK
6
CONTINUOUS
10
0.562426968503937
20
2.0485445275590553
11
0.5559171259842519
21
2.0472496456692912
0
LINE
8
BLACK
6
CONTINUOUS
10
0.5559171259842519
20
2.0472496456692912
11
0.5492797244094488
21
2.0472496456692912
0
LINE
8
BLACK
6
CONTINUOUS
10
0.5492797244094488
20
2.0472496456692912
11
0.5427698818897637
21
2.0485445275590553
0
LINE
8
BLACK
6
CONTINUOUS
10
0.5427698818897637
20
2.0485445275590553
11
0.5366377559055118
21
2.0510845669291338
0
LINE
8
BLACK
6
CONTINUOUS
10
0.5366377559055118
20
2.0510845669291338
11
0.5311189763779527
21
2.054772086614173
0
LINE
8
BLACK
6
CONTINUOUS
10
0.5311189763779527
20
2.054772086614173
11
0.5264256299212599
21
2.0594654330708662
0
LINE
8
BLACK
6
CONTINUOUS
10
0.5264256299212599
20
2.0594654330708662
11
0.5227381102362204
21
2.064984212598425
0
LINE
8
BLACK
6
CONTINUOUS
10
0.5227381102362204
20
2.064984212598425
11
0.5201980708661417
21
2.071116338582677
0
LINE
8
BLACK
6
CONTINUOUS
10
0.5201980708661417
20
2.071116338582677
11
0.518903188976378
21
2.077626181102362
0
LINE
8
BLACK
6
CONTINUOUS
10
0.518903188976378
20
2.077626181102362
11
0.518903188976378
21
2.0842635826771652
0
LINE
8
BLACK
6
CONTINUOUS
10
0.518903188976378
20
2.0842635826771652
11
0.5201980708661417
21
2.0907734251968502
0
LINE
8
BLACK
6
CONTINUOUS
10
0.5201980708661417
20
2.0907734251968502
11
0.5227381102362204
21
2.0969055511811021
0
LINE
8
BLACK
6
CONTINUOUS
10
0.5227381102362204
20
2.0969055511811021
11
0.5264256299212599
21
2.1024243307086614
0
LINE
8
BLACK
6
CONTINUOUS
10
0.5264256299212599
20
2.1024243307086614
11
0.5311189763779527
21
2.1071176771653541
0
LINE
8
BLACK
6
CONTINUOUS
10
0.5311189763779527
20
2.1071176771653541
11
0.5366377559055118
21
2.1108051968503938
0
LINE
8
BLACK
6
CONTINUOUS
10
0.5366377559055118
20
2.1108051968503938
11
0.5427698818897637
21
2.1133452362204723
0
LINE
8
BLACK
6
CONTINUOUS
10
0.5427698818897637
20
2.1133452362204723
11
0.5492797244094488
21
2.1146401181102363
0
LINE
8
BLACK
6
CONTINUOUS
10
0.5492797244094488
20
2.1146401181102363
11
0.5559171259842519
21
2.1146401181102363
0
LINE
8
BLACK
6
CONTINUOUS
10
0.5559171259842519
20
2.1146401181102363
11
0.562426968503937
21
2.1133452362204723
0
LINE
8
BLACK
6
CONTINUOUS
10
0.6608521653543307
20
2.1133452362204723
11
0.6669842913385826
21
2.1108051968503938
0
LINE
8
BLACK
6
CONTINUOUS
10
0.6669842913385826
20
2.1108051968503938
11
0.6725030708661417
21
2.1071176771653541
0
LINE
8
BLACK
6
CONTINUOUS
10
0.6725030708661417
20
2.1071176771653541
11
0.6771964173228346
21
2.1024243307086614
0
LINE
8
BLACK
6
CONTINUOUS
10
0.6771964173228346
20
2.1024243307086614
11
0.680883937007874
21
2.0969055511811021
0
LINE
8
BLACK
6
CONTINUOUS
10
0.680883937007874
20
2.0969055511811021
11
0.6834239763779527
21
2.0907734251968502
0
LINE
8
BLACK
6
CONTINUOUS
10
0.6834239763779527
20
2.0907734251968502
11
0.6847188582677165
21
2.0842635826771652
0
LINE
8
BLACK
6
CONTINUOUS
10
0.6847188582677165
20
2.0842635826771652
11
0.6847188582677165
21
2.077626181102362
0
LINE
8
BLACK
6
CONTINUOUS
10
0.6847188582677165
20
2.077626181102362
11
0.6834239763779527
21
2.071116338582677
0
LINE
8
BLACK
6
CONTINUOUS
10
0.6834239763779527
20
2.071116338582677
11
0.680883937007874
21
2.064984212598425
0
LINE
8
BLACK
6
CONTINUOUS
10
0.680883937007874
20
2.064984212598425
11
0.6771964173228346
21
2.0594654330708662
0
LINE
8
BLACK
6
CONTINUOUS
10
0.6771964173228346
20
2.0594654330708662
11
0.6725030708661417
21
2.054772086614173
0
LINE
8
BLACK
6
CONTINUOUS
10
0.6725030708661417
20
2.054772086614173
11
0.6669842913385826
21
2.0510845669291338
0
LINE
8
BLACK
6
CONTINUOUS
10
0.6669842913385826
20
2.0510845669291338
11
0.6608521653543307
21
2.0485445275590553
0
LINE
8
BLACK
6
CONTINUOUS
10
0.6608521653543307
20
2.0485445275590553
11
0.6543423228346457
21
2.0472496456692912
0
LINE
8
BLACK
6
CONTINUOUS
10
0.6543423228346457
20
2.0472496456692912
11
0.6477049212598425
21
2.0472496456692912
0
LINE
8
BLACK
6
CONTINUOUS
10
0.6477049212598425
20
2.0472496456692912
11
0.6411950787401575
21
2.0485445275590553
0
LINE
8
BLACK
6
CONTINUOUS
10
0.6411950787401575
20
2.0485445275590553
11
0.6350629527559055
21
2.0510845669291338
0
LINE
8
BLACK
6
CONTINUOUS
10
0.6350629527559055
20
2.0510845669291338
11
0.6295441732283464
21
2.054772086614173
0
LINE
8
BLACK
6
CONTINUOUS
10
0.6295441732283464
20
2.054772086614173
11
0.6248508267716535
21
2.0594654330708662
0
LINE
8
BLACK
6
CONTINUOUS
10
0.6248508267716535
20
2.0594654330708662
11
0.6211633070866142
21
2.064984212598425
0
LINE
8
BLACK
6
CONTINUOUS
10
0.6211633070866142
20
2.064984212598425
11
0.6186232677165354
21
2.071116338582677
0
LINE
8
BLACK
6
CONTINUOUS
10
0.6186232677165354
20
2.071116338582677
11
0.6173283858267716
21
2.077626181102362
0
LINE
8
BLACK
6
CONTINUOUS
10
0.6173283858267716
20
2.077626181102362
11
0.6173283858267716
21
2.0842635826771652
0
LINE
8
BLACK
6
CONTINUOUS
10
0.6173283858267716
20
2.0842635826771652
11
0.6186232677165354
21
2.0907734251968502
0
LINE
8
BLACK
6
CONTINUOUS
10
0.6186232677165354
20
2.0907734251968502
11
0.6211633070866142
21
2.0969055511811021
0
LINE
8
BLACK
6
CONTINUOUS
10
0.6211633070866142
20
2.0969055511811021
11
0.6248508267716535
21
2.1024243307086614
0
LINE
8
BLACK
6
CONTINUOUS
10
0.6248508267716535
20
2.1024243307086614
11
0.6295441732283464
21
2.1071176771653541
0
LINE
8
BLACK
6
CONTINUOUS
10
0.6295441732283464
20
2.1071176771653541
11
0.6350629527559055
21
2.1108051968503938
0
LINE
8
BLACK
6
CONTINUOUS
10
0.6350629527559055
20
2.1108051968503938
11
0.6411950787401575
21
2.1133452362204723
0
LINE
8
BLACK
6
CONTINUOUS
10
0.6411950787401575
20
2.1133452362204723
11
0.6477049212598425
21
2.1146401181102363
0
LINE
8
BLACK
6
CONTINUOUS
10
0.6477049212598425
20
2.1146401181102363
11
0.6543423228346457
21
2.1146401181102363
0
LINE
8
BLACK
6
CONTINUOUS
10
0.6543423228346457
20
2.1146401181102363
11
0.6608521653543307
21
2.1133452362204723
0
LINE
8
BLACK
6
CONTINUOUS
10
0.7592773622047244
20
2.1133452362204723
11
0.7654094881889764
21
2.1108051968503938
0
LINE
8
BLACK
6
CONTINUOUS
10
0.7654094881889764
20
2.1108051968503938
11
0.7709282677165354
21
2.1071176771653541
0
LINE
8
BLACK
6
CONTINUOUS
10
0.7709282677165354
20
2.1071176771653541
11
0.7756216141732283
21
2.1024243307086614
0
LINE
8
BLACK
6
CONTINUOUS
10
0.7756216141732283
20
2.1024243307086614
11
0.7793091338582677
21
2.0969055511811021
0
LINE
8
BLACK
6
CONTINUOUS
10
0.7793091338582677
20
2.0969055511811021
11
0.7818491732283465
21
2.0907734251968502
0
LINE
8
BLACK
6
CONTINUOUS
10
0.7818491732283465
20
2.0907734251968502
11
0.7831440551181102
21
2.0842635826771652
0
LINE
8
BLACK
6
CONTINUOUS
10
0.7831440551181102
20
2.0842635826771652
11
0.7831440551181102
21
2.077626181102362
0
LINE
8
BLACK
6
CONTINUOUS
10
0.7831440551181102
20
2.077626181102362
11
0.7818491732283465
21
2.071116338582677
0
LINE
8
BLACK
6
CONTINUOUS
10
0.7818491732283465
20
2.071116338582677
11
0.7793091338582677
21
2.064984212598425
0
LINE
8
BLACK
6
CONTINUOUS
10
0.7793091338582677
20
2.064984212598425
11
0.7756216141732283
21
2.0594654330708662
0
LINE
8
BLACK
6
CONTINUOUS
10
0.7756216141732283
20
2.0594654330708662
11
0.7709282677165354
21
2.054772086614173
0
LINE
8
BLACK
6
CONTINUOUS
10
0.7709282677165354
20
2.054772086614173
11
0.7654094881889764
21
2.0510845669291338
0
LINE
8
BLACK
6
CONTINUOUS
10
0.7654094881889764
20
2.0510845669291338
11
0.7592773622047244
21
2.0485445275590553
0
LINE
8
BLACK
6
CONTINUOUS
10
0.7592773622047244
20
2.0485445275590553
11
0.7527675196850393
21
2.0472496456692912
0
LINE
8
BLACK
6
CONTINUOUS
10
0.7527675196850393
20
2.0472496456692912
11
0.7461301181102362
21
2.0472496456692912
0
LINE
8
BLACK
6
CONTINUOUS
10
0.7461301181102362
20
2.0472496456692912
11
0.7396202755905512
21
2.0485445275590553
0
LINE
8
BLACK
6
CONTINUOUS
10
0.7396202755905512
20
2.0485445275590553
11
0.7334881496062992
21
2.0510845669291338
0
LINE
8
BLACK
6
CONTINUOUS
10
0.7334881496062992
20
2.0510845669291338
11
0.7279693700787402
21
2.054772086614173
0
LINE
8
BLACK
6
CONTINUOUS
10
0.7279693700787402
20
2.054772086614173
11
0.7232760236220472
21
2.0594654330708662
0
LINE
8
BLACK
6
CONTINUOUS
10
0.7232760236220472
20
2.0594654330708662
11
0.7195885039370079
21
2.064984212598425
0
LINE
8
BLACK
6
CONTINUOUS
10
0.7195885039370079
20
2.064984212598425
11
0.7170484645669292
21
2.071116338582677
0
LINE
8
BLACK
6
CONTINUOUS
10
0.7170484645669292
20
2.071116338582677
11
0.7157535826771654
21
2.077626181102362
0
LINE
8
BLACK
6
CONTINUOUS
10
0.7157535826771654
20
2.077626181102362
11
0.7157535826771654
21
2.0842635826771652
0
LINE
8
BLACK
6
CONTINUOUS
10
0.7157535826771654
20
2.0842635826771652
11
0.7170484645669292
21
2.0907734251968502
0
LINE
8
BLACK
6
CONTINUOUS
10
0.7170484645669292
20
2.0907734251968502
11
0.7195885039370079
21
2.0969055511811021
0
LINE
8
BLACK
6
CONTINUOUS
10
0.7195885039370079
20
2.0969055511811021
11
0.7232760236220472
21
2.1024243307086614
0
LINE
8
BLACK
6
CONTINUOUS
10
0.7232760236220472
20
2.1024243307086614
11
0.7279693700787402
21
2.1071176771653541
0
LINE
8
BLACK
6
CONTINUOUS
10
0.7279693700787402
20
2.1071176771653541
11
0.7334881496062992
21
2.1108051968503938
0
LINE
8
BLACK
6
CONTINUOUS
10
0.7334881496062992
20
2.1108051968503938
11
0.7396202755905512
21
2.1133452362204723
0
LINE
8
BLACK
6
CONTINUOUS
10
0.7396202755905512
20
2.1133452362204723
11
0.7461301181102362
21
2.1146401181102363
0
LINE
8
BLACK
6
CONTINUOUS
10
0.7461301181102362
20
2.1146401181102363
11
0.7527675196850393
21
2.1146401181102363
0
LINE
8
BLACK
6
CONTINUOUS
10
0.7527675196850393
20
2.1146401181102363
11
0.7592773622047244
21
2.1133452362204723
0
LINE
8
BLACK
6
CONTINUOUS
10
0.8577025590551181
20
2.1133452362204723
11
0.8638346850393701
21
2.1108051968503938
0
LINE
8
BLACK
6
CONTINUOUS
10
0.8638346850393701
20
2.1108051968503938
11
0.8693534645669291
21
2.1071176771653541
0
LINE
8
BLACK
6
CONTINUOUS
10
0.8693534645669291
20
2.1071176771653541
11
0.874046811023622
21
2.1024243307086614
0
LINE
8
BLACK
6
CONTINUOUS
10
0.874046811023622
20
2.1024243307086614
11
0.8777343307086614
21
2.0969055511811021
0
LINE
8
BLACK
6
CONTINUOUS
10
0.8777343307086614
20
2.0969055511811021
11
0.8802743700787401
21
2.0907734251968502
0
LINE
8
BLACK
6
CONTINUOUS
10
0.8802743700787401
20
2.0907734251968502
11
0.8815692519685039
21
2.0842635826771652
0
LINE
8
BLACK
6
CONTINUOUS
10
0.8815692519685039
20
2.0842635826771652
11
0.8815692519685039
21
2.077626181102362
0
LINE
8
BLACK
6
CONTINUOUS
10
0.8815692519685039
20
2.077626181102362
11
0.8802743700787401
21
2.071116338582677
0
LINE
8
BLACK
6
CONTINUOUS
10
0.8802743700787401
20
2.071116338582677
11
0.8777343307086614
21
2.064984212598425
0
LINE
8
BLACK
6
CONTINUOUS
10
0.8777343307086614
20
2.064984212598425
11
0.874046811023622
21
2.0594654330708662
0
LINE
8
BLACK
6
CONTINUOUS
10
0.874046811023622
20
2.0594654330708662
11
0.8693534645669291
21
2.054772086614173
0
LINE
8
BLACK
6
CONTINUOUS
10
0.8693534645669291
20
2.054772086614173
11
0.8638346850393701
21
2.0510845669291338
0
LINE
8
BLACK
6
CONTINUOUS
10
0.8638346850393701
20
2.0510845669291338
11
0.8577025590551181
21
2.0485445275590553
0
LINE
8
BLACK
6
CONTINUOUS
10
0.8577025590551181
20
2.0485445275590553
11
0.851192716535433
21
2.0472496456692912
0
LINE
8
BLACK
6
CONTINUOUS
10
0.851192716535433
20
2.0472496456692912
11
0.8445553149606299
21
2.0472496456692912
0
LINE
8
BLACK
6
CONTINUOUS
10
0.8445553149606299
20
2.0472496456692912
11
0.8380454724409448
21
2.0485445275590553
0
LINE
8
BLACK
6
CONTINUOUS
10
0.8380454724409448
20
2.0485445275590553
11
0.8319133464566929
21
2.0510845669291338
0
LINE
8
BLACK
6
CONTINUOUS
10
0.8319133464566929
20
2.0510845669291338
11
0.8263945669291338
21
2.054772086614173
0
LINE
8
BLACK
6
CONTINUOUS
10
0.8263945669291338
20
2.054772086614173
11
0.8217012204724409
21
2.0594654330708662
0
LINE
8
BLACK
6
CONTINUOUS
10
0.8217012204724409
20
2.0594654330708662
11
0.8180137007874015
21
2.064984212598425
0
LINE
8
BLACK
6
CONTINUOUS
10
0.8180137007874015
20
2.064984212598425
11
0.8154736614173228
21
2.071116338582677
0
LINE
8
BLACK
6
CONTINUOUS
10
0.8154736614173228
20
2.071116338582677
11
0.814178779527559
21
2.077626181102362
0
LINE
8
BLACK
6
CONTINUOUS
10
0.814178779527559
20
2.077626181102362
11
0.814178779527559
21
2.0842635826771652
0
LINE
8
BLACK
6
CONTINUOUS
10
0.814178779527559
20
2.0842635826771652
11
0.8154736614173228
21
2.0907734251968502
0
LINE
8
BLACK
6
CONTINUOUS
10
0.8154736614173228
20
2.0907734251968502
11
0.8180137007874015
21
2.0969055511811021
0
LINE
8
BLACK
6
CONTINUOUS
10
0.8180137007874015
20
2.0969055511811021
11
0.8217012204724409
21
2.1024243307086614
0
LINE
8
BLACK
6
CONTINUOUS
10
0.8217012204724409
20
2.1024243307086614
11
0.8263945669291338
21
2.1071176771653541
0
LINE
8
BLACK
6
CONTINUOUS
10
0.8263945669291338
20
2.1071176771653541
11
0.8319133464566929
21
2.1108051968503938
0
LINE
8
BLACK
6
CONTINUOUS
10
0.8319133464566929
20
2.1108051968503938
11
0.8380454724409448
21
2.1133452362204723
0
LINE
8
BLACK
6
CONTINUOUS
10
0.8380454724409448
20
2.1133452362204723
11
0.8445553149606299
21
2.1146401181102363
0
LINE
8
BLACK
6
CONTINUOUS
10
0.8445553149606299
20
2.1146401181102363
11
0.851192716535433
21
2.1146401181102363
0
LINE
8
BLACK
6
CONTINUOUS
10
0.851192716535433
20
2.1146401181102363
11
0.8577025590551181
21
2.1133452362204723
0
LINE
8
BLACK
6
CONTINUOUS
10
0.9561277559055118
20
2.1133452362204723
11
0.9622598818897637
21
2.1108051968503938
0
LINE
8
BLACK
6
CONTINUOUS
10
0.9622598818897637
20
2.1108051968503938
11
0.9677786614173228
21
2.1071176771653541
0
LINE
8
BLACK
6
CONTINUOUS
10
0.9677786614173228
20
2.1071176771653541
11
0.9724720078740158
21
2.1024243307086614
0
LINE
8
BLACK
6
CONTINUOUS
10
0.9724720078740158
20
2.1024243307086614
11
0.9761595275590551
21
2.0969055511811021
0
LINE
8
BLACK
6
CONTINUOUS
10
0.9761595275590551
20
2.0969055511811021
11
0.9786995669291338
21
2.0907734251968502
0
LINE
8
BLACK
6
CONTINUOUS
10
0.9786995669291338
20
2.0907734251968502
11
0.9799944488188976
21
2.0842635826771652
0
LINE
8
BLACK
6
CONTINUOUS
10
0.9799944488188976
20
2.0842635826771652
11
0.9799944488188976
21
2.077626181102362
0
LINE
8
BLACK
6
CONTINUOUS
10
0.9799944488188976
20
2.077626181102362
11
0.9786995669291338
21
2.071116338582677
0
LINE
8
BLACK
6
CONTINUOUS
10
0.9786995669291338
20
2.071116338582677
11
0.9761595275590551
21
2.064984212598425
0
LINE
8
BLACK
6
CONTINUOUS
10
0.9761595275590551
20
2.064984212598425
11
0.9724720078740158
21
2.0594654330708662
0
LINE
8
BLACK
6
CONTINUOUS
10
0.9724720078740158
20
2.0594654330708662
11
0.9677786614173228
21
2.054772086614173
0
LINE
8
BLACK
6
CONTINUOUS
10
0.9677786614173228
20
2.054772086614173
11
0.9622598818897637
21
2.0510845669291338
0
LINE
8
BLACK
6
CONTINUOUS
10
0.9622598818897637
20
2.0510845669291338
11
0.9561277559055118
21
2.0485445275590553
0
LINE
8
BLACK
6
CONTINUOUS
10
0.9561277559055118
20
2.0485445275590553
11
0.9496179133858268
21
2.0472496456692912
0
LINE
8
BLACK
6
CONTINUOUS
10
0.9496179133858268
20
2.0472496456692912
11
0.9429805118110236
21
2.0472496456692912
0
LINE
8
BLACK
6
CONTINUOUS
10
0.9429805118110236
20
2.0472496456692912
11
0.9364706692913386
21
2.0485445275590553
0
LINE
8
BLACK
6
CONTINUOUS
10
0.9364706692913386
20
2.0485445275590553
11
0.9303385433070865
21
2.0510845669291338
0
LINE
8
BLACK
6
CONTINUOUS
10
0.9303385433070865
20
2.0510845669291338
11
0.9248197637795276
21
2.054772086614173
0
LINE
8
BLACK
6
CONTINUOUS
10
0.9248197637795276
20
2.054772086614173
11
0.9201264173228346
21
2.0594654330708662
0
LINE
8
BLACK
6
CONTINUOUS
10
0.9201264173228346
20
2.0594654330708662
11
0.9164388976377953
21
2.064984212598425
0
LINE
8
BLACK
6
CONTINUOUS
10
0.9164388976377953
20
2.064984212598425
11
0.9138988582677166
21
2.071116338582677
0
LINE
8
BLACK
6
CONTINUOUS
10
0.9138988582677166
20
2.071116338582677
11
0.9126039763779528
21
2.077626181102362
0
LINE
8
BLACK
6
CONTINUOUS
10
0.9126039763779528
20
2.077626181102362
11
0.9126039763779528
21
2.0842635826771652
0
LINE
8
BLACK
6
CONTINUOUS
10
0.9126039763779528
20
2.0842635826771652
11
0.9138988582677166
21
2.0907734251968502
0
LINE
8
BLACK
6
CONTINUOUS
10
0.9138988582677166
20
2.0907734251968502
11
0.9164388976377953
21
2.0969055511811021
0
LINE
8
BLACK
6
CONTINUOUS
10
0.9164388976377953
20
2.0969055511811021
11
0.9201264173228346
21
2.1024243307086614
0
LINE
8
BLACK
6
CONTINUOUS
10
0.9201264173228346
20
2.1024243307086614
11
0.9248197637795276
21
2.1071176771653541
0
LINE
8
BLACK
6
CONTINUOUS
10
0.9248197637795276
20
2.1071176771653541
11
0.9303385433070865
21
2.1108051968503938
0
LINE
8
BLACK
6
CONTINUOUS
10
0.9303385433070865
20
2.1108051968503938
11
0.9364706692913386
21
2.1133452362204723
0
LINE
8
BLACK
6
CONTINUOUS
10
0.9364706692913386
20
2.1133452362204723
11
0.9429805118110236
21
2.1146401181102363
0
LINE
8
BLACK
6
CONTINUOUS
10
0.9429805118110236
20
2.1146401181102363
11
0.9496179133858268
21
2.1146401181102363
0
LINE
8
BLACK
6
CONTINUOUS
10
0.9496179133858268
20
2.1146401181102363
11
0.9561277559055118
21
2.1133452362204723
0
LINE
8
BLACK
6
CONTINUOUS
10
5.3121923228346457
20
2.1254889370078738
11
5.3161630314960631
21
2.1237357086614175
0
LINE
8
BLACK
6
CONTINUOUS
10
5.3161630314960631
20
2.1237357086614175
11
5.3192322440944881
21
2.120666496062992
0
LINE
8
BLACK
6
CONTINUOUS
10
5.3192322440944881
20
2.120666496062992
11
5.3209854724409444
21
2.1166957874015746
0
LINE
8
BLACK
6
CONTINUOUS
10
5.3209854724409444
20
2.1166957874015746
11
5.3212992125984249
21
2.113991653543307
0
LINE
8
BLACK
6
CONTINUOUS
10
5.3212992125984249
20
2.113991653543307
11
5.3212992125984249
21
2.098243622047244
0
LINE
8
BLACK
6
CONTINUOUS
10
5.3212992125984249
20
2.098243622047244
11
5.3209854724409444
21
2.0955394881889764
0
LINE
8
BLACK
6
CONTINUOUS
10
5.3209854724409444
20
2.0955394881889764
11
5.3192322440944881
21
2.091568779527559
0
LINE
8
BLACK
6
CONTINUOUS
10
5.3192322440944881
20
2.091568779527559
11
5.3161630314960631
21
2.088499566929134
0
LINE
8
BLACK
6
CONTINUOUS
10
5.3161630314960631
20
2.088499566929134
11
5.3121923228346457
21
2.0867463385826772
0
LINE
8
BLACK
6
CONTINUOUS
10
5.3121923228346457
20
2.0867463385826772
11
5.3094881889763776
21
2.0864325984251968
0
LINE
8
BLACK
6
CONTINUOUS
10
5.3094881889763776
20
2.0864325984251968
11
5.2898031496062989
21
2.0864325984251968
0
LINE
8
BLACK
6
CONTINUOUS
10
5.2898031496062989
20
2.0864325984251968
11
5.2870990157480318
21
2.0867463385826772
0
LINE
8
BLACK
6
CONTINUOUS
10
5.2870990157480318
20
2.0867463385826772
11
5.2831283070866144
21
2.088499566929134
0
LINE
8
BLACK
6
CONTINUOUS
10
5.2831283070866144
20
2.088499566929134
11
5.2800590944881884
21
2.091568779527559
0
LINE
8
BLACK
6
CONTINUOUS
10
5.2800590944881884
20
2.091568779527559
11
5.2783058661417321
21
2.0955394881889764
0
LINE
8
BLACK
6
CONTINUOUS
10
5.2783058661417321
20
2.0955394881889764
11
5.2779921259842517
21
2.098243622047244
0
LINE
8
BLACK
6
CONTINUOUS
10
5.2779921259842517
20
2.098243622047244
11
5.2779921259842517
21
2.113991653543307
0
LINE
8
BLACK
6
CONTINUOUS
10
5.2779921259842517
20
2.113991653543307
11
5.2783058661417321
21
2.1166957874015746
0
LINE
8
BLACK
6
CONTINUOUS
10
5.2783058661417321
20
2.1166957874015746
11
5.2800590944881884
21
2.120666496062992
0
LINE
8
BLACK
6
CONTINUOUS
10
5.2800590944881884
20
2.120666496062992
11
5.2831283070866144
21
2.1237357086614175
0
LINE
8
BLACK
6
CONTINUOUS
10
5.2831283070866144
20
2.1237357086614175
11
5.2870990157480318
21
2.1254889370078738
0
LINE
8
BLACK
6
CONTINUOUS
10
5.2870990157480318
20
2.1254889370078738
11
5.2898031496062989
21
2.1258026771653542
0
LINE
8
BLACK
6
CONTINUOUS
10
5.2898031496062989
20
2.1258026771653542
11
5.3094881889763776
21
2.1258026771653542
0
LINE
8
BLACK
6
CONTINUOUS
10
5.3094881889763776
20
2.1258026771653542
11
5.3121923228346457
21
2.1254889370078738
0
LINE
8
BLACK
6
CONTINUOUS
10
5.3121923228346457
20
2.1714474803149604
11
5.3161630314960631
21
2.1696942519685041
0
LINE
8
BLACK
6
CONTINUOUS
10
5.3161630314960631
20
2.1696942519685041
11
5.3192322440944881
21
2.1666250393700786
0
LINE
8
BLACK
6
CONTINUOUS
10
5.3192322440944881
20
2.1666250393700786
11
5.3209854724409444
21
2.1626543307086612
0
LINE
8
BLACK
6
CONTINUOUS
10
5.3209854724409444
20
2.1626543307086612
11
5.3212992125984249
21
2.1599501968503936
0
LINE
8
BLACK
6
CONTINUOUS
10
5.3212992125984249
20
2.1599501968503936
11
5.3212992125984249
21
2.1442021653543306
0
LINE
8
BLACK
6
CONTINUOUS
10
5.3212992125984249
20
2.1442021653543306
11
5.3209854724409444
21
2.141498031496063
0
LINE
8
BLACK
6
CONTINUOUS
10
5.3209854724409444
20
2.141498031496063
11
5.3192322440944881
21
2.1375273228346456
0
LINE
8
BLACK
6
CONTINUOUS
10
5.3192322440944881
20
2.1375273228346456
11
5.3161630314960631
21
2.1344581102362206
0
LINE
8
BLACK
6
CONTINUOUS
10
5.3161630314960631
20
2.1344581102362206
11
5.3121923228346457
21
2.1327048818897638
0
LINE
8
BLACK
6
CONTINUOUS
10
5.3121923228346457
20
2.1327048818897638
11
5.3094881889763776
21
2.1323911417322834
0
LINE
8
BLACK
6
CONTINUOUS
10
5.3094881889763776
20
2.1323911417322834
11
5.2898031496062989
21
2.1323911417322834
0
LINE
8
BLACK
6
CONTINUOUS
10
5.2898031496062989
20
2.1323911417322834
11
5.2870990157480318
21
2.1327048818897638
0
LINE
8
BLACK
6
CONTINUOUS
10
5.2870990157480318
20
2.1327048818897638
11
5.2831283070866144
21
2.1344581102362206
0
LINE
8
BLACK
6
CONTINUOUS
10
5.2831283070866144
20
2.1344581102362206
11
5.2800590944881884
21
2.1375273228346456
0
LINE
8
BLACK
6
CONTINUOUS
10
5.2800590944881884
20
2.1375273228346456
11
5.2783058661417321
21
2.141498031496063
0
LINE
8
BLACK
6
CONTINUOUS
10
5.2783058661417321
20
2.141498031496063
11
5.2779921259842517
21
2.1442021653543306
0
LINE
8
BLACK
6
CONTINUOUS
10
5.2779921259842517
20
2.1442021653543306
11
5.2779921259842517
21
2.1599501968503936
0
LINE
8
BLACK
6
CONTINUOUS
10
5.2779921259842517
20
2.1599501968503936
11
5.2783058661417321
21
2.1626543307086612
0
LINE
8
BLACK
6
CONTINUOUS
10
5.2783058661417321
20
2.1626543307086612
11
5.2800590944881884
21
2.1666250393700786
0
LINE
8
BLACK
6
CONTINUOUS
10
5.2800590944881884
20
2.1666250393700786
11
5.2831283070866144
21
2.1696942519685041
0
LINE
8
BLACK
6
CONTINUOUS
10
5.2831283070866144
20
2.1696942519685041
11
5.2870990157480318
21
2.1714474803149604
0
LINE
8
BLACK
6
CONTINUOUS
10
5.2870990157480318
20
2.1714474803149604
11
5.2898031496062989
21
2.1717612204724408
0
LINE
8
BLACK
6
CONTINUOUS
10
5.2898031496062989
20
2.1717612204724408
11
5.3094881889763776
21
2.1717612204724408
0
LINE
8
BLACK
6
CONTINUOUS
10
5.3094881889763776
20
2.1717612204724408
11
5.3121923228346457
21
2.1714474803149604
0
LINE
8
BLACK
6
CONTINUOUS
10
5.1812868110236217
20
2.2101346062992127
11
5.185257519685039
21
2.2083813779527559
0
LINE
8
BLACK
6
CONTINUOUS
10
5.185257519685039
20
2.2083813779527559
11
5.1883267322834641
21
2.2053121653543308
0
LINE
8
BLACK
6
CONTINUOUS
10
5.1883267322834641
20
2.2053121653543308
11
5.1900799606299213
21
2.2013414566929135
0
LINE
8
BLACK
6
CONTINUOUS
10
5.1900799606299213
20
2.2013414566929135
11
5.1903937007874017
21
2.1986373228346454
0
LINE
8
BLACK
6
CONTINUOUS
10
5.1903937007874017
20
2.1986373228346454
11
5.1903937007874017
21
2.1632042519685037
0
LINE
8
BLACK
6
CONTINUOUS
10
5.1903937007874017
20
2.1632042519685037
11
5.1900799606299213
21
2.1605001181102361
0
LINE
8
BLACK
6
CONTINUOUS
10
5.1900799606299213
20
2.1605001181102361
11
5.1883267322834641
21
2.1565294094488188
0
LINE
8
BLACK
6
CONTINUOUS
10
5.1883267322834641
20
2.1565294094488188
11
5.185257519685039
21
2.1534601968503937
0
LINE
8
BLACK
6
CONTINUOUS
10
5.185257519685039
20
2.1534601968503937
11
5.1812868110236217
21
2.1517069685039369
0
LINE
8
BLACK
6
CONTINUOUS
10
5.1812868110236217
20
2.1517069685039369
11
5.1785826771653545
21
2.1513932283464565
0
LINE
8
BLACK
6
CONTINUOUS
10
5.1785826771653545
20
2.1513932283464565
11
5.1579133858267712
21
2.1513932283464565
0
LINE
8
BLACK
6
CONTINUOUS
10
5.1579133858267712
20
2.1513932283464565
11
5.155209251968504
21
2.1517069685039369
0
LINE
8
BLACK
6
CONTINUOUS
10
5.155209251968504
20
2.1517069685039369
11
5.1512385433070866
21
2.1534601968503937
0
LINE
8
BLACK
6
CONTINUOUS
10
5.1512385433070866
20
2.1534601968503937
11
5.1481693307086616
21
2.1565294094488188
0
LINE
8
BLACK
6
CONTINUOUS
10
5.1481693307086616
20
2.1565294094488188
11
5.1464161023622044
21
2.1605001181102361
0
LINE
8
BLACK
6
CONTINUOUS
10
5.1464161023622044
20
2.1605001181102361
11
5.1461023622047239
21
2.1632042519685037
0
LINE
8
BLACK
6
CONTINUOUS
10
5.1461023622047239
20
2.1632042519685037
11
5.1461023622047239
21
2.1986373228346454
0
LINE
8
BLACK
6
CONTINUOUS
10
5.1461023622047239
20
2.1986373228346454
11
5.1464161023622044
21
2.2013414566929135
0
LINE
8
BLACK
6
CONTINUOUS
10
5.1464161023622044
20
2.2013414566929135
11
5.1481693307086616
21
2.2053121653543308
0
LINE
8
BLACK
6
CONTINUOUS
10
5.1481693307086616
20
2.2053121653543308
11
5.1512385433070866
21
2.2083813779527559
0
LINE
8
BLACK
6
CONTINUOUS
10
5.1512385433070866
20
2.2083813779527559
11
5.155209251968504
21
2.2101346062992127
0
LINE
8
BLACK
6
CONTINUOUS
10
5.155209251968504
20
2.2101346062992127
11
5.1579133858267712
21
2.2104483464566931
0
LINE
8
BLACK
6
CONTINUOUS
10
5.1579133858267712
20
2.2104483464566931
11
5.1785826771653545
21
2.2104483464566931
0
LINE
8
BLACK
6
CONTINUOUS
10
5.1785826771653545
20
2.2104483464566931
11
5.1812868110236217
21
2.2101346062992127
0
LINE
8
BLACK
6
CONTINUOUS
10
5.2531372047244096
20
2.2101346062992127
11
5.2571079133858269
21
2.2083813779527559
0
LINE
8
BLACK
6
CONTINUOUS
10
5.2571079133858269
20
2.2083813779527559
11
5.260177125984252
21
2.2053121653543308
0
LINE
8
BLACK
6
CONTINUOUS
10
5.260177125984252
20
2.2053121653543308
11
5.2619303543307083
21
2.2013414566929135
0
LINE
8
BLACK
6
CONTINUOUS
10
5.2619303543307083
20
2.2013414566929135
11
5.2622440944881888
21
2.1986373228346454
0
LINE
8
BLACK
6
CONTINUOUS
10
5.2622440944881888
20
2.1986373228346454
11
5.2622440944881888
21
2.1632042519685037
0
LINE
8
BLACK
6
CONTINUOUS
10
5.2622440944881888
20
2.1632042519685037
11
5.2619303543307083
21
2.1605001181102361
0
LINE
8
BLACK
6
CONTINUOUS
10
5.2619303543307083
20
2.1605001181102361
11
5.260177125984252
21
2.1565294094488188
0
LINE
8
BLACK
6
CONTINUOUS
10
5.260177125984252
20
2.1565294094488188
11
5.2571079133858269
21
2.1534601968503937
0
LINE
8
BLACK
6
CONTINUOUS
10
5.2571079133858269
20
2.1534601968503937
11
5.2531372047244096
21
2.1517069685039369
0
LINE
8
BLACK
6
CONTINUOUS
10
5.2531372047244096
20
2.1517069685039369
11
5.2504330708661415
21
2.1513932283464565
0
LINE
8
BLACK
6
CONTINUOUS
10
5.2504330708661415
20
2.1513932283464565
11
5.2297637795275591
21
2.1513932283464565
0
LINE
8
BLACK
6
CONTINUOUS
10
5.2297637795275591
20
2.1513932283464565
11
5.227059645669291
21
2.1517069685039369
0
LINE
8
BLACK
6
CONTINUOUS
10
5.227059645669291
20
2.1517069685039369
11
5.2230889370078737
21
2.1534601968503937
0
LINE
8
BLACK
6
CONTINUOUS
10
5.2230889370078737
20
2.1534601968503937
11
5.2200197244094486
21
2.1565294094488188
0
LINE
8
BLACK
6
CONTINUOUS
10
5.2200197244094486
20
2.1565294094488188
11
5.2182664960629923
21
2.1605001181102361
0
LINE
8
BLACK
6
CONTINUOUS
10
5.2182664960629923
20
2.1605001181102361
11
5.2179527559055119
21
2.1632042519685037
0
LINE
8
BLACK
6
CONTINUOUS
10
5.2179527559055119
20
2.1632042519685037
11
5.2179527559055119
21
2.1986373228346454
0
LINE
8
BLACK
6
CONTINUOUS
10
5.2179527559055119
20
2.1986373228346454
11
5.2182664960629923
21
2.2013414566929135
0
LINE
8
BLACK
6
CONTINUOUS
10
5.2182664960629923
20
2.2013414566929135
11
5.2200197244094486
21
2.2053121653543308
0
LINE
8
BLACK
6
CONTINUOUS
10
5.2200197244094486
20
2.2053121653543308
11
5.2230889370078737
21
2.2083813779527559
0
LINE
8
BLACK
6
CONTINUOUS
10
5.2230889370078737
20
2.2083813779527559
11
5.227059645669291
21
2.2101346062992127
0
LINE
8
BLACK
6
CONTINUOUS
10
5.227059645669291
20
2.2101346062992127
11
5.2297637795275591
21
2.2104483464566931
0
LINE
8
BLACK
6
CONTINUOUS
10
5.2297637795275591
20
2.2104483464566931
11
5.2504330708661415
21
2.2104483464566931
0
LINE
8
BLACK
6
CONTINUOUS
10
5.2504330708661415
20
2.2104483464566931
11
5.2531372047244096
21
2.2101346062992127
0
LINE
8
BLACK
6
CONTINUOUS
10
0.562426968503937
20
2.231455472440945
11
0.568559094488189
21
2.228915433070866
0
LINE
8
BLACK
6
CONTINUOUS
10
0.568559094488189
20
2.228915433070866
11
0.5740778740157481
21
2.2252279133858268
0
LINE
8
BLACK
6
CONTINUOUS
10
0.5740778740157481
20
2.2252279133858268
11
0.5787712204724409
21
2.2205345669291336
0
LINE
8
BLACK
6
CONTINUOUS
10
0.5787712204724409
20
2.2205345669291336
11
0.5824587401574803
21
2.2150157874015748
0
LINE
8
BLACK
6
CONTINUOUS
10
0.5824587401574803
20
2.2150157874015748
11
0.5849987795275591
21
2.2088836614173228
0
LINE
8
BLACK
6
CONTINUOUS
10
0.5849987795275591
20
2.2088836614173228
11
0.5862936614173229
21
2.2023738188976378
0
LINE
8
BLACK
6
CONTINUOUS
10
0.5862936614173229
20
2.2023738188976378
11
0.5862936614173229
21
2.1957364173228346
0
LINE
8
BLACK
6
CONTINUOUS
10
0.5862936614173229
20
2.1957364173228346
11
0.5849987795275591
21
2.1892265748031496
0
LINE
8
BLACK
6
CONTINUOUS
10
0.5849987795275591
20
2.1892265748031496
11
0.5824587401574803
21
2.1830944488188977
0
LINE
8
BLACK
6
CONTINUOUS
10
0.5824587401574803
20
2.1830944488188977
11
0.5787712204724409
21
2.1775756692913384
0
LINE
8
BLACK
6
CONTINUOUS
10
0.5787712204724409
20
2.1775756692913384
11
0.5740778740157481
21
2.1728823228346457
0
LINE
8
BLACK
6
CONTINUOUS
10
0.5740778740157481
20
2.1728823228346457
11
0.568559094488189
21
2.1691948031496064
0
LINE
8
BLACK
6
CONTINUOUS
10
0.568559094488189
20
2.1691948031496064
11
0.562426968503937
21
2.1666547637795275
0
LINE
8
BLACK
6
CONTINUOUS
10
0.562426968503937
20
2.1666547637795275
11
0.5559171259842519
21
2.1653598818897639
0
LINE
8
BLACK
6
CONTINUOUS
10
0.5559171259842519
20
2.1653598818897639
11
0.5492797244094488
21
2.1653598818897639
0
LINE
8
BLACK
6
CONTINUOUS
10
0.5492797244094488
20
2.1653598818897639
11
0.5427698818897637
21
2.1666547637795275
0
LINE
8
BLACK
6
CONTINUOUS
10
0.5427698818897637
20
2.1666547637795275
11
0.5366377559055118
21
2.1691948031496064
0
LINE
8
BLACK
6
CONTINUOUS
10
0.5366377559055118
20
2.1691948031496064
11
0.5311189763779527
21
2.1728823228346457
0
LINE
8
BLACK
6
CONTINUOUS
10
0.5311189763779527
20
2.1728823228346457
11
0.5264256299212599
21
2.1775756692913384
0
LINE
8
BLACK
6
CONTINUOUS
10
0.5264256299212599
20
2.1775756692913384
11
0.5227381102362204
21
2.1830944488188977
0
LINE
8
BLACK
6
CONTINUOUS
10
0.5227381102362204
20
2.1830944488188977
11
0.5201980708661417
21
2.1892265748031496
0
LINE
8
BLACK
6
CONTINUOUS
10
0.5201980708661417
20
2.1892265748031496
11
0.518903188976378
21
2.1957364173228346
0
LINE
8
BLACK
6
CONTINUOUS
10
0.518903188976378
20
2.1957364173228346
11
0.518903188976378
21
2.2023738188976378
0
LINE
8
BLACK
6
CONTINUOUS
10
0.518903188976378
20
2.2023738188976378
11
0.5201980708661417
21
2.2088836614173228
0
LINE
8
BLACK
6
CONTINUOUS
10
0.5201980708661417
20
2.2088836614173228
11
0.5227381102362204
21
2.2150157874015748
0
LINE
8
BLACK
6
CONTINUOUS
10
0.5227381102362204
20
2.2150157874015748
11
0.5264256299212599
21
2.2205345669291336
0
LINE
8
BLACK
6
CONTINUOUS
10
0.5264256299212599
20
2.2205345669291336
11
0.5311189763779527
21
2.2252279133858268
0
LINE
8
BLACK
6
CONTINUOUS
10
0.5311189763779527
20
2.2252279133858268
11
0.5366377559055118
21
2.228915433070866
0
LINE
8
BLACK
6
CONTINUOUS
10
0.5366377559055118
20
2.228915433070866
11
0.5427698818897637
21
2.231455472440945
0
LINE
8
BLACK
6
CONTINUOUS
10
0.5427698818897637
20
2.231455472440945
11
0.5492797244094488
21
2.2327503543307086
0
LINE
8
BLACK
6
CONTINUOUS
10
0.5492797244094488
20
2.2327503543307086
11
0.5559171259842519
21
2.2327503543307086
0
LINE
8
BLACK
6
CONTINUOUS
10
0.5559171259842519
20
2.2327503543307086
11
0.562426968503937
21
2.231455472440945
0
LINE
8
BLACK
6
CONTINUOUS
10
0.6608521653543307
20
2.231455472440945
11
0.6669842913385826
21
2.228915433070866
0
LINE
8
BLACK
6
CONTINUOUS
10
0.6669842913385826
20
2.228915433070866
11
0.6725030708661417
21
2.2252279133858268
0
LINE
8
BLACK
6
CONTINUOUS
10
0.6725030708661417
20
2.2252279133858268
11
0.6771964173228346
21
2.2205345669291336
0
LINE
8
BLACK
6
CONTINUOUS
10
0.6771964173228346
20
2.2205345669291336
11
0.680883937007874
21
2.2150157874015748
0
LINE
8
BLACK
6
CONTINUOUS
10
0.680883937007874
20
2.2150157874015748
11
0.6834239763779527
21
2.2088836614173228
0
LINE
8
BLACK
6
CONTINUOUS
10
0.6834239763779527
20
2.2088836614173228
11
0.6847188582677165
21
2.2023738188976378
0
LINE
8
BLACK
6
CONTINUOUS
10
0.6847188582677165
20
2.2023738188976378
11
0.6847188582677165
21
2.1957364173228346
0
LINE
8
BLACK
6
CONTINUOUS
10
0.6847188582677165
20
2.1957364173228346
11
0.6834239763779527
21
2.1892265748031496
0
LINE
8
BLACK
6
CONTINUOUS
10
0.6834239763779527
20
2.1892265748031496
11
0.680883937007874
21
2.1830944488188977
0
LINE
8
BLACK
6
CONTINUOUS
10
0.680883937007874
20
2.1830944488188977
11
0.6771964173228346
21
2.1775756692913384
0
LINE
8
BLACK
6
CONTINUOUS
10
0.6771964173228346
20
2.1775756692913384
11
0.6725030708661417
21
2.1728823228346457
0
LINE
8
BLACK
6
CONTINUOUS
10
0.6725030708661417
20
2.1728823228346457
11
0.6669842913385826
21
2.1691948031496064
0
LINE
8
BLACK
6
CONTINUOUS
10
0.6669842913385826
20
2.1691948031496064
11
0.6608521653543307
21
2.1666547637795275
0
LINE
8
BLACK
6
CONTINUOUS
10
0.6608521653543307
20
2.1666547637795275
11
0.6543423228346457
21
2.1653598818897639
0
LINE
8
BLACK
6
CONTINUOUS
10
0.6543423228346457
20
2.1653598818897639
11
0.6477049212598425
21
2.1653598818897639
0
LINE
8
BLACK
6
CONTINUOUS
10
0.6477049212598425
20
2.1653598818897639
11
0.6411950787401575
21
2.1666547637795275
0
LINE
8
BLACK
6
CONTINUOUS
10
0.6411950787401575
20
2.1666547637795275
11
0.6350629527559055
21
2.1691948031496064
0
LINE
8
BLACK
6
CONTINUOUS
10
0.6350629527559055
20
2.1691948031496064
11
0.6295441732283464
21
2.1728823228346457
0
LINE
8
BLACK
6
CONTINUOUS
10
0.6295441732283464
20
2.1728823228346457
11
0.6248508267716535
21
2.1775756692913384
0
LINE
8
BLACK
6
CONTINUOUS
10
0.6248508267716535
20
2.1775756692913384
11
0.6211633070866142
21
2.1830944488188977
0
LINE
8
BLACK
6
CONTINUOUS
10
0.6211633070866142
20
2.1830944488188977
11
0.6186232677165354
21
2.1892265748031496
0
LINE
8
BLACK
6
CONTINUOUS
10
0.6186232677165354
20
2.1892265748031496
11
0.6173283858267716
21
2.1957364173228346
0
LINE
8
BLACK
6
CONTINUOUS
10
0.6173283858267716
20
2.1957364173228346
11
0.6173283858267716
21
2.2023738188976378
0
LINE
8
BLACK
6
CONTINUOUS
10
0.6173283858267716
20
2.2023738188976378
11
0.6186232677165354
21
2.2088836614173228
0
LINE
8
BLACK
6
CONTINUOUS
10
0.6186232677165354
20
2.2088836614173228
11
0.6211633070866142
21
2.2150157874015748
0
LINE
8
BLACK
6
CONTINUOUS
10
0.6211633070866142
20
2.2150157874015748
11
0.6248508267716535
21
2.2205345669291336
0
LINE
8
BLACK
6
CONTINUOUS
10
0.6248508267716535
20
2.2205345669291336
11
0.6295441732283464
21
2.2252279133858268
0
LINE
8
BLACK
6
CONTINUOUS
10
0.6295441732283464
20
2.2252279133858268
11
0.6350629527559055
21
2.228915433070866
0
LINE
8
BLACK
6
CONTINUOUS
10
0.6350629527559055
20
2.228915433070866
11
0.6411950787401575
21
2.231455472440945
0
LINE
8
BLACK
6
CONTINUOUS
10
0.6411950787401575
20
2.231455472440945
11
0.6477049212598425
21
2.2327503543307086
0
LINE
8
BLACK
6
CONTINUOUS
10
0.6477049212598425
20
2.2327503543307086
11
0.6543423228346457
21
2.2327503543307086
0
LINE
8
BLACK
6
CONTINUOUS
10
0.6543423228346457
20
2.2327503543307086
11
0.6608521653543307
21
2.231455472440945
0
LINE
8
BLACK
6
CONTINUOUS
10
0.7592773622047244
20
2.231455472440945
11
0.7654094881889764
21
2.228915433070866
0
LINE
8
BLACK
6
CONTINUOUS
10
0.7654094881889764
20
2.228915433070866
11
0.7709282677165354
21
2.2252279133858268
0
LINE
8
BLACK
6
CONTINUOUS
10
0.7709282677165354
20
2.2252279133858268
11
0.7756216141732283
21
2.2205345669291336
0
LINE
8
BLACK
6
CONTINUOUS
10
0.7756216141732283
20
2.2205345669291336
11
0.7793091338582677
21
2.2150157874015748
0
LINE
8
BLACK
6
CONTINUOUS
10
0.7793091338582677
20
2.2150157874015748
11
0.7818491732283465
21
2.2088836614173228
0
LINE
8
BLACK
6
CONTINUOUS
10
0.7818491732283465
20
2.2088836614173228
11
0.7831440551181102
21
2.2023738188976378
0
LINE
8
BLACK
6
CONTINUOUS
10
0.7831440551181102
20
2.2023738188976378
11
0.7831440551181102
21
2.1957364173228346
0
LINE
8
BLACK
6
CONTINUOUS
10
0.7831440551181102
20
2.1957364173228346
11
0.7818491732283465
21
2.1892265748031496
0
LINE
8
BLACK
6
CONTINUOUS
10
0.7818491732283465
20
2.1892265748031496
11
0.7793091338582677
21
2.1830944488188977
0
LINE
8
BLACK
6
CONTINUOUS
10
0.7793091338582677
20
2.1830944488188977
11
0.7756216141732283
21
2.1775756692913384
0
LINE
8
BLACK
6
CONTINUOUS
10
0.7756216141732283
20
2.1775756692913384
11
0.7709282677165354
21
2.1728823228346457
0
LINE
8
BLACK
6
CONTINUOUS
10
0.7709282677165354
20
2.1728823228346457
11
0.7654094881889764
21
2.1691948031496064
0
LINE
8
BLACK
6
CONTINUOUS
10
0.7654094881889764
20
2.1691948031496064
11
0.7592773622047244
21
2.1666547637795275
0
LINE
8
BLACK
6
CONTINUOUS
10
0.7592773622047244
20
2.1666547637795275
11
0.7527675196850393
21
2.1653598818897639
0
LINE
8
BLACK
6
CONTINUOUS
10
0.7527675196850393
20
2.1653598818897639
11
0.7461301181102362
21
2.1653598818897639
0
LINE
8
BLACK
6
CONTINUOUS
10
0.7461301181102362
20
2.1653598818897639
11
0.7396202755905512
21
2.1666547637795275
0
LINE
8
BLACK
6
CONTINUOUS
10
0.7396202755905512
20
2.1666547637795275
11
0.7334881496062992
21
2.1691948031496064
0
LINE
8
BLACK
6
CONTINUOUS
10
0.7334881496062992
20
2.1691948031496064
11
0.7279693700787402
21
2.1728823228346457
0
LINE
8
BLACK
6
CONTINUOUS
10
0.7279693700787402
20
2.1728823228346457
11
0.7232760236220472
21
2.1775756692913384
0
LINE
8
BLACK
6
CONTINUOUS
10
0.7232760236220472
20
2.1775756692913384
11
0.7195885039370079
21
2.1830944488188977
0
LINE
8
BLACK
6
CONTINUOUS
10
0.7195885039370079
20
2.1830944488188977
11
0.7170484645669292
21
2.1892265748031496
0
LINE
8
BLACK
6
CONTINUOUS
10
0.7170484645669292
20
2.1892265748031496
11
0.7157535826771654
21
2.1957364173228346
0
LINE
8
BLACK
6
CONTINUOUS
10
0.7157535826771654
20
2.1957364173228346
11
0.7157535826771654
21
2.2023738188976378
0
LINE
8
BLACK
6
CONTINUOUS
10
0.7157535826771654
20
2.2023738188976378
11
0.7170484645669292
21
2.2088836614173228
0
LINE
8
BLACK
6
CONTINUOUS
10
0.7170484645669292
20
2.2088836614173228
11
0.7195885039370079
21
2.2150157874015748
0
LINE
8
BLACK
6
CONTINUOUS
10
0.7195885039370079
20
2.2150157874015748
11
0.7232760236220472
21
2.2205345669291336
0
LINE
8
BLACK
6
CONTINUOUS
10
0.7232760236220472
20
2.2205345669291336
11
0.7279693700787402
21
2.2252279133858268
0
LINE
8
BLACK
6
CONTINUOUS
10
0.7279693700787402
20
2.2252279133858268
11
0.7334881496062992
21
2.228915433070866
0
LINE
8
BLACK
6
CONTINUOUS
10
0.7334881496062992
20
2.228915433070866
11
0.7396202755905512
21
2.231455472440945
0
LINE
8
BLACK
6
CONTINUOUS
10
0.7396202755905512
20
2.231455472440945
11
0.7461301181102362
21
2.2327503543307086
0
LINE
8
BLACK
6
CONTINUOUS
10
0.7461301181102362
20
2.2327503543307086
11
0.7527675196850393
21
2.2327503543307086
0
LINE
8
BLACK
6
CONTINUOUS
10
0.7527675196850393
20
2.2327503543307086
11
0.7592773622047244
21
2.231455472440945
0
LINE
8
BLACK
6
CONTINUOUS
10
0.8577025590551181
20
2.231455472440945
11
0.8638346850393701
21
2.228915433070866
0
LINE
8
BLACK
6
CONTINUOUS
10
0.8638346850393701
20
2.228915433070866
11
0.8693534645669291
21
2.2252279133858268
0
LINE
8
BLACK
6
CONTINUOUS
10
0.8693534645669291
20
2.2252279133858268
11
0.874046811023622
21
2.2205345669291336
0
LINE
8
BLACK
6
CONTINUOUS
10
0.874046811023622
20
2.2205345669291336
11
0.8777343307086614
21
2.2150157874015748
0
LINE
8
BLACK
6
CONTINUOUS
10
0.8777343307086614
20
2.2150157874015748
11
0.8802743700787401
21
2.2088836614173228
0
LINE
8
BLACK
6
CONTINUOUS
10
0.8802743700787401
20
2.2088836614173228
11
0.8815692519685039
21
2.2023738188976378
0
LINE
8
BLACK
6
CONTINUOUS
10
0.8815692519685039
20
2.2023738188976378
11
0.8815692519685039
21
2.1957364173228346
0
LINE
8
BLACK
6
CONTINUOUS
10
0.8815692519685039
20
2.1957364173228346
11
0.8802743700787401
21
2.1892265748031496
0
LINE
8
BLACK
6
CONTINUOUS
10
0.8802743700787401
20
2.1892265748031496
11
0.8777343307086614
21
2.1830944488188977
0
LINE
8
BLACK
6
CONTINUOUS
10
0.8777343307086614
20
2.1830944488188977
11
0.874046811023622
21
2.1775756692913384
0
LINE
8
BLACK
6
CONTINUOUS
10
0.874046811023622
20
2.1775756692913384
11
0.8693534645669291
21
2.1728823228346457
0
LINE
8
BLACK
6
CONTINUOUS
10
0.8693534645669291
20
2.1728823228346457
11
0.8638346850393701
21
2.1691948031496064
0
LINE
8
BLACK
6
CONTINUOUS
10
0.8638346850393701
20
2.1691948031496064
11
0.8577025590551181
21
2.1666547637795275
0
LINE
8
BLACK
6
CONTINUOUS
10
0.8577025590551181
20
2.1666547637795275
11
0.851192716535433
21
2.1653598818897639
0
LINE
8
BLACK
6
CONTINUOUS
10
0.851192716535433
20
2.1653598818897639
11
0.8445553149606299
21
2.1653598818897639
0
LINE
8
BLACK
6
CONTINUOUS
10
0.8445553149606299
20
2.1653598818897639
11
0.8380454724409448
21
2.1666547637795275
0
LINE
8
BLACK
6
CONTINUOUS
10
0.8380454724409448
20
2.1666547637795275
11
0.8319133464566929
21
2.1691948031496064
0
LINE
8
BLACK
6
CONTINUOUS
10
0.8319133464566929
20
2.1691948031496064
11
0.8263945669291338
21
2.1728823228346457
0
LINE
8
BLACK
6
CONTINUOUS
10
0.8263945669291338
20
2.1728823228346457
11
0.8217012204724409
21
2.1775756692913384
0
LINE
8
BLACK
6
CONTINUOUS
10
0.8217012204724409
20
2.1775756692913384
11
0.8180137007874015
21
2.1830944488188977
0
LINE
8
BLACK
6
CONTINUOUS
10
0.8180137007874015
20
2.1830944488188977
11
0.8154736614173228
21
2.1892265748031496
0
LINE
8
BLACK
6
CONTINUOUS
10
0.8154736614173228
20
2.1892265748031496
11
0.814178779527559
21
2.1957364173228346
0
LINE
8
BLACK
6
CONTINUOUS
10
0.814178779527559
20
2.1957364173228346
11
0.814178779527559
21
2.2023738188976378
0
LINE
8
BLACK
6
CONTINUOUS
10
0.814178779527559
20
2.2023738188976378
11
0.8154736614173228
21
2.2088836614173228
0
LINE
8
BLACK
6
CONTINUOUS
10
0.8154736614173228
20
2.2088836614173228
11
0.8180137007874015
21
2.2150157874015748
0
LINE
8
BLACK
6
CONTINUOUS
10
0.8180137007874015
20
2.2150157874015748
11
0.8217012204724409
21
2.2205345669291336
0
LINE
8
BLACK
6
CONTINUOUS
10
0.8217012204724409
20
2.2205345669291336
11
0.8263945669291338
21
2.2252279133858268
0
LINE
8
BLACK
6
CONTINUOUS
10
0.8263945669291338
20
2.2252279133858268
11
0.8319133464566929
21
2.228915433070866
0
LINE
8
BLACK
6
CONTINUOUS
10
0.8319133464566929
20
2.228915433070866
11
0.8380454724409448
21
2.231455472440945
0
LINE
8
BLACK
6
CONTINUOUS
10
0.8380454724409448
20
2.231455472440945
11
0.8445553149606299
21
2.2327503543307086
0
LINE
8
BLACK
6
CONTINUOUS
10
0.8445553149606299
20
2.2327503543307086
11
0.851192716535433
21
2.2327503543307086
0
LINE
8
BLACK
6
CONTINUOUS
10
0.851192716535433
20
2.2327503543307086
11
0.8577025590551181
21
2.231455472440945
0
LINE
8
BLACK
6
CONTINUOUS
10
0.9561277559055118
20
2.231455472440945
11
0.9622598818897637
21
2.228915433070866
0
LINE
8
BLACK
6
CONTINUOUS
10
0.9622598818897637
20
2.228915433070866
11
0.9677786614173228
21
2.2252279133858268
0
LINE
8
BLACK
6
CONTINUOUS
10
0.9677786614173228
20
2.2252279133858268
11
0.9724720078740158
21
2.2205345669291336
0
LINE
8
BLACK
6
CONTINUOUS
10
0.9724720078740158
20
2.2205345669291336
11
0.9761595275590551
21
2.2150157874015748
0
LINE
8
BLACK
6
CONTINUOUS
10
0.9761595275590551
20
2.2150157874015748
11
0.9786995669291338
21
2.2088836614173228
0
LINE
8
BLACK
6
CONTINUOUS
10
0.9786995669291338
20
2.2088836614173228
11
0.9799944488188976
21
2.2023738188976378
0
LINE
8
BLACK
6
CONTINUOUS
10
0.9799944488188976
20
2.2023738188976378
11
0.9799944488188976
21
2.1957364173228346
0
LINE
8
BLACK
6
CONTINUOUS
10
0.9799944488188976
20
2.1957364173228346
11
0.9786995669291338
21
2.1892265748031496
0
LINE
8
BLACK
6
CONTINUOUS
10
0.9786995669291338
20
2.1892265748031496
11
0.9761595275590551
21
2.1830944488188977
0
LINE
8
BLACK
6
CONTINUOUS
10
0.9761595275590551
20
2.1830944488188977
11
0.9724720078740158
21
2.1775756692913384
0
LINE
8
BLACK
6
CONTINUOUS
10
0.9724720078740158
20
2.1775756692913384
11
0.9677786614173228
21
2.1728823228346457
0
LINE
8
BLACK
6
CONTINUOUS
10
0.9677786614173228
20
2.1728823228346457
11
0.9622598818897637
21
2.1691948031496064
0
LINE
8
BLACK
6
CONTINUOUS
10
0.9622598818897637
20
2.1691948031496064
11
0.9561277559055118
21
2.1666547637795275
0
LINE
8
BLACK
6
CONTINUOUS
10
0.9561277559055118
20
2.1666547637795275
11
0.9496179133858268
21
2.1653598818897639
0
LINE
8
BLACK
6
CONTINUOUS
10
0.9496179133858268
20
2.1653598818897639
11
0.9429805118110236
21
2.1653598818897639
0
LINE
8
BLACK
6
CONTINUOUS
10
0.9429805118110236
20
2.1653598818897639
11
0.9364706692913386
21
2.1666547637795275
0
LINE
8
BLACK
6
CONTINUOUS
10
0.9364706692913386
20
2.1666547637795275
11
0.9303385433070865
21
2.1691948031496064
0
LINE
8
BLACK
6
CONTINUOUS
10
0.9303385433070865
20
2.1691948031496064
11
0.9248197637795276
21
2.1728823228346457
0
LINE
8
BLACK
6
CONTINUOUS
10
0.9248197637795276
20
2.1728823228346457
11
0.9201264173228346
21
2.1775756692913384
0
LINE
8
BLACK
6
CONTINUOUS
10
0.9201264173228346
20
2.1775756692913384
11
0.9164388976377953
21
2.1830944488188977
0
LINE
8
BLACK
6
CONTINUOUS
10
0.9164388976377953
20
2.1830944488188977
11
0.9138988582677166
21
2.1892265748031496
0
LINE
8
BLACK
6
CONTINUOUS
10
0.9138988582677166
20
2.1892265748031496
11
0.9126039763779528
21
2.1957364173228346
0
LINE
8
BLACK
6
CONTINUOUS
10
0.9126039763779528
20
2.1957364173228346
11
0.9126039763779528
21
2.2023738188976378
0
LINE
8
BLACK
6
CONTINUOUS
10
0.9126039763779528
20
2.2023738188976378
11
0.9138988582677166
21
2.2088836614173228
0
LINE
8
BLACK
6
CONTINUOUS
10
0.9138988582677166
20
2.2088836614173228
11
0.9164388976377953
21
2.2150157874015748
0
LINE
8
BLACK
6
CONTINUOUS
10
0.9164388976377953
20
2.2150157874015748
11
0.9201264173228346
21
2.2205345669291336
0
LINE
8
BLACK
6
CONTINUOUS
10
0.9201264173228346
20
2.2205345669291336
11
0.9248197637795276
21
2.2252279133858268
0
LINE
8
BLACK
6
CONTINUOUS
10
0.9248197637795276
20
2.2252279133858268
11
0.9303385433070865
21
2.228915433070866
0
LINE
8
BLACK
6
CONTINUOUS
10
0.9303385433070865
20
2.228915433070866
11
0.9364706692913386
21
2.231455472440945
0
LINE
8
BLACK
6
CONTINUOUS
10
0.9364706692913386
20
2.231455472440945
11
0.9429805118110236
21
2.2327503543307086
0
LINE
8
BLACK
6
CONTINUOUS
10
0.9429805118110236
20
2.2327503543307086
11
0.9496179133858268
21
2.2327503543307086
0
LINE
8
BLACK
6
CONTINUOUS
10
0.9496179133858268
20
2.2327503543307086
11
0.9561277559055118
21
2.231455472440945
0
LINE
8
BLACK
6
CONTINUOUS
10
5.3121923228346457
20
2.2344396062992127
11
5.3161630314960631
21
2.2326863779527559
0
LINE
8
BLACK
6
CONTINUOUS
10
5.3161630314960631
20
2.2326863779527559
11
5.3192322440944881
21
2.2296171653543309
0
LINE
8
BLACK
6
CONTINUOUS
10
5.3192322440944881
20
2.2296171653543309
11
5.3209854724409444
21
2.2256464566929135
0
LINE
8
BLACK
6
CONTINUOUS
10
5.3209854724409444
20
2.2256464566929135
11
5.3212992125984249
21
2.2229423228346454
0
LINE
8
BLACK
6
CONTINUOUS
10
5.3212992125984249
20
2.2229423228346454
11
5.3212992125984249
21
2.2071942913385825
0
LINE
8
BLACK
6
CONTINUOUS
10
5.3212992125984249
20
2.2071942913385825
11
5.3209854724409444
21
2.2044901574803148
0
LINE
8
BLACK
6
CONTINUOUS
10
5.3209854724409444
20
2.2044901574803148
11
5.3192322440944881
21
2.2005194488188975
0
LINE
8
BLACK
6
CONTINUOUS
10
5.3192322440944881
20
2.2005194488188975
11
5.3161630314960631
21
2.1974502362204724
0
LINE
8
BLACK
6
CONTINUOUS
10
5.3161630314960631
20
2.1974502362204724
11
5.3121923228346457
21
2.1956970078740157
0
LINE
8
BLACK
6
CONTINUOUS
10
5.3121923228346457
20
2.1956970078740157
11
5.3094881889763776
21
2.1953832677165352
0
LINE
8
BLACK
6
CONTINUOUS
10
5.3094881889763776
20
2.1953832677165352
11
5.2898031496062989
21
2.1953832677165352
0
LINE
8
BLACK
6
CONTINUOUS
10
5.2898031496062989
20
2.1953832677165352
11
5.2870990157480318
21
2.1956970078740157
0
LINE
8
BLACK
6
CONTINUOUS
10
5.2870990157480318
20
2.1956970078740157
11
5.2831283070866144
21
2.1974502362204724
0
LINE
8
BLACK
6
CONTINUOUS
10
5.2831283070866144
20
2.1974502362204724
11
5.2800590944881884
21
2.2005194488188975
0
LINE
8
BLACK
6
CONTINUOUS
10
5.2800590944881884
20
2.2005194488188975
11
5.2783058661417321
21
2.2044901574803148
0
LINE
8
BLACK
6
CONTINUOUS
10
5.2783058661417321
20
2.2044901574803148
11
5.2779921259842517
21
2.2071942913385825
0
LINE
8
BLACK
6
CONTINUOUS
10
5.2779921259842517
20
2.2071942913385825
11
5.2779921259842517
21
2.2229423228346454
0
LINE
8
BLACK
6
CONTINUOUS
10
5.2779921259842517
20
2.2229423228346454
11
5.2783058661417321
21
2.2256464566929135
0
LINE
8
BLACK
6
CONTINUOUS
10
5.2783058661417321
20
2.2256464566929135
11
5.2800590944881884
21
2.2296171653543309
0
LINE
8
BLACK
6
CONTINUOUS
10
5.2800590944881884
20
2.2296171653543309
11
5.2831283070866144
21
2.2326863779527559
0
LINE
8
BLACK
6
CONTINUOUS
10
5.2831283070866144
20
2.2326863779527559
11
5.2870990157480318
21
2.2344396062992127
0
LINE
8
BLACK
6
CONTINUOUS
10
5.2870990157480318
20
2.2344396062992127
11
5.2898031496062989
21
2.2347533464566927
0
LINE
8
BLACK
6
CONTINUOUS
10
5.2898031496062989
20
2.2347533464566927
11
5.3094881889763776
21
2.2347533464566927
0
LINE
8
BLACK
6
CONTINUOUS
10
5.3094881889763776
20
2.2347533464566927
11
5.3121923228346457
21
2.2344396062992127
0
LINE
8
BLACK
6
CONTINUOUS
10
5.1817789370078735
20
2.2859220078740159
11
5.1857496456692909
21
2.2841687795275591
0
LINE
8
BLACK
6
CONTINUOUS
10
5.1857496456692909
20
2.2841687795275591
11
5.1888188582677168
21
2.2810995669291336
0
LINE
8
BLACK
6
CONTINUOUS
10
5.1888188582677168
20
2.2810995669291336
11
5.1905720866141731
21
2.2771288582677163
0
LINE
8
BLACK
6
CONTINUOUS
10
5.1905720866141731
20
2.2771288582677163
11
5.1908858267716536
21
2.2744247244094487
0
LINE
8
BLACK
6
CONTINUOUS
10
5.1908858267716536
20
2.2744247244094487
11
5.1908858267716536
21
2.238991653543307
0
LINE
8
BLACK
6
CONTINUOUS
10
5.1908858267716536
20
2.238991653543307
11
5.1905720866141731
21
2.2362875196850394
0
LINE
8
BLACK
6
CONTINUOUS
10
5.1905720866141731
20
2.2362875196850394
11
5.1888188582677168
21
2.232316811023622
0
LINE
8
BLACK
6
CONTINUOUS
10
5.1888188582677168
20
2.232316811023622
11
5.1857496456692909
21
2.2292475984251969
0
LINE
8
BLACK
6
CONTINUOUS
10
5.1857496456692909
20
2.2292475984251969
11
5.1817789370078735
21
2.2274943700787402
0
LINE
8
BLACK
6
CONTINUOUS
10
5.1817789370078735
20
2.2274943700787402
11
5.1790748031496063
21
2.2271806299212598
0
LINE
8
BLACK
6
CONTINUOUS
10
5.1790748031496063
20
2.2271806299212598
11
5.1584055118110239
21
2.2271806299212598
0
LINE
8
BLACK
6
CONTINUOUS
10
5.1584055118110239
20
2.2271806299212598
11
5.1557013779527558
21
2.2274943700787402
0
LINE
8
BLACK
6
CONTINUOUS
10
5.1557013779527558
20
2.2274943700787402
11
5.1517306692913385
21
2.2292475984251969
0
LINE
8
BLACK
6
CONTINUOUS
10
5.1517306692913385
20
2.2292475984251969
11
5.1486614566929134
21
2.232316811023622
0
LINE
8
BLACK
6
CONTINUOUS
10
5.1486614566929134
20
2.232316811023622
11
5.1469082283464562
21
2.2362875196850394
0
LINE
8
BLACK
6
CONTINUOUS
10
5.1469082283464562
20
2.2362875196850394
11
5.1465944881889767
21
2.238991653543307
0
LINE
8
BLACK
6
CONTINUOUS
10
5.1465944881889767
20
2.238991653543307
11
5.1465944881889767
21
2.2744247244094487
0
LINE
8
BLACK
6
CONTINUOUS
10
5.1465944881889767
20
2.2744247244094487
11
5.1469082283464562
21
2.2771288582677163
0
LINE
8
BLACK
6
CONTINUOUS
10
5.1469082283464562
20
2.2771288582677163
11
5.1486614566929134
21
2.2810995669291336
0
LINE
8
BLACK
6
CONTINUOUS
10
5.1486614566929134
20
2.2810995669291336
11
5.1517306692913385
21
2.2841687795275591
0
LINE
8
BLACK
6
CONTINUOUS
10
5.1517306692913385
20
2.2841687795275591
11
5.1557013779527558
21
2.2859220078740159
0
LINE
8
BLACK
6
CONTINUOUS
10
5.1557013779527558
20
2.2859220078740159
11
5.1584055118110239
21
2.2862357480314959
0
LINE
8
BLACK
6
CONTINUOUS
10
5.1584055118110239
20
2.2862357480314959
11
5.1790748031496063
21
2.2862357480314959
0
LINE
8
BLACK
6
CONTINUOUS
10
5.1790748031496063
20
2.2862357480314959
11
5.1817789370078735
21
2.2859220078740159
0
LINE
8
BLACK
6
CONTINUOUS
10
5.2536293307086614
20
2.2859220078740159
11
5.2576000393700788
21
2.2841687795275591
0
LINE
8
BLACK
6
CONTINUOUS
10
5.2576000393700788
20
2.2841687795275591
11
5.2606692519685039
21
2.2810995669291336
0
LINE
8
BLACK
6
CONTINUOUS
10
5.2606692519685039
20
2.2810995669291336
11
5.2624224803149602
21
2.2771288582677163
0
LINE
8
BLACK
6
CONTINUOUS
10
5.2624224803149602
20
2.2771288582677163
11
5.2627362204724406
21
2.2744247244094487
0
LINE
8
BLACK
6
CONTINUOUS
10
5.2627362204724406
20
2.2744247244094487
11
5.2627362204724406
21
2.238991653543307
0
LINE
8
BLACK
6
CONTINUOUS
10
5.2627362204724406
20
2.238991653543307
11
5.2624224803149602
21
2.2362875196850394
0
LINE
8
BLACK
6
CONTINUOUS
10
5.2624224803149602
20
2.2362875196850394
11
5.2606692519685039
21
2.232316811023622
0
LINE
8
BLACK
6
CONTINUOUS
10
5.2606692519685039
20
2.232316811023622
11
5.2576000393700788
21
2.2292475984251969
0
LINE
8
BLACK
6
CONTINUOUS
10
5.2576000393700788
20
2.2292475984251969
11
5.2536293307086614
21
2.2274943700787402
0
LINE
8
BLACK
6
CONTINUOUS
10
5.2536293307086614
20
2.2274943700787402
11
5.2509251968503934
21
2.2271806299212598
0
LINE
8
BLACK
6
CONTINUOUS
10
5.2509251968503934
20
2.2271806299212598
11
5.230255905511811
21
2.2271806299212598
0
LINE
8
BLACK
6
CONTINUOUS
10
5.230255905511811
20
2.2271806299212598
11
5.2275517716535429
21
2.2274943700787402
0
LINE
8
BLACK
6
CONTINUOUS
10
5.2275517716535429
20
2.2274943700787402
11
5.2235810629921255
21
2.2292475984251969
0
LINE
8
BLACK
6
CONTINUOUS
10
5.2235810629921255
20
2.2292475984251969
11
5.2205118503937005
21
2.232316811023622
0
LINE
8
BLACK
6
CONTINUOUS
10
5.2205118503937005
20
2.232316811023622
11
5.2187586220472442
21
2.2362875196850394
0
LINE
8
BLACK
6
CONTINUOUS
10
5.2187586220472442
20
2.2362875196850394
11
5.2184448818897637
21
2.238991653543307
0
LINE
8
BLACK
6
CONTINUOUS
10
5.2184448818897637
20
2.238991653543307
11
5.2184448818897637
21
2.2744247244094487
0
LINE
8
BLACK
6
CONTINUOUS
10
5.2184448818897637
20
2.2744247244094487
11
5.2187586220472442
21
2.2771288582677163
0
LINE
8
BLACK
6
CONTINUOUS
10
5.2187586220472442
20
2.2771288582677163
11
5.2205118503937005
21
2.2810995669291336
0
LINE
8
BLACK
6
CONTINUOUS
10
5.2205118503937005
20
2.2810995669291336
11
5.2235810629921255
21
2.2841687795275591
0
LINE
8
BLACK
6
CONTINUOUS
10
5.2235810629921255
20
2.2841687795275591
11
5.2275517716535429
21
2.2859220078740159
0
LINE
8
BLACK
6
CONTINUOUS
10
5.2275517716535429
20
2.2859220078740159
11
5.230255905511811
21
2.2862357480314959
0
LINE
8
BLACK
6
CONTINUOUS
10
5.230255905511811
20
2.2862357480314959
11
5.2509251968503934
21
2.2862357480314959
0
LINE
8
BLACK
6
CONTINUOUS
10
5.2509251968503934
20
2.2862357480314959
11
5.2536293307086614
21
2.2859220078740159
0
LINE
8
BLACK
6
CONTINUOUS
10
5.3121923228346457
20
2.2803981496062993
11
5.3161630314960631
21
2.2786449212598425
0
LINE
8
BLACK
6
CONTINUOUS
10
5.3161630314960631
20
2.2786449212598425
11
5.3192322440944881
21
2.2755757086614175
0
LINE
8
BLACK
6
CONTINUOUS
10
5.3192322440944881
20
2.2755757086614175
11
5.3209854724409444
21
2.2716050000000001
0
LINE
8
BLACK
6
CONTINUOUS
10
5.3209854724409444
20
2.2716050000000001
11
5.3212992125984249
21
2.268900866141732
0
LINE
8
BLACK
6
CONTINUOUS
10
5.3212992125984249
20
2.268900866141732
11
5.3212992125984249
21
2.2531528346456691
0
LINE
8
BLACK
6
CONTINUOUS
10
5.3212992125984249
20
2.2531528346456691
11
5.3209854724409444
21
2.2504487007874014
0
LINE
8
BLACK
6
CONTINUOUS
10
5.3209854724409444
20
2.2504487007874014
11
5.3192322440944881
21
2.2464779921259841
0
LINE
8
BLACK
6
CONTINUOUS
10
5.3192322440944881
20
2.2464779921259841
11
5.3161630314960631
21
2.243408779527559
0
LINE
8
BLACK
6
CONTINUOUS
10
5.3161630314960631
20
2.243408779527559
11
5.3121923228346457
21
2.2416555511811023
0
LINE
8
BLACK
6
CONTINUOUS
10
5.3121923228346457
20
2.2416555511811023
11
5.3094881889763776
21
2.2413418110236218
0
LINE
8
BLACK
6
CONTINUOUS
10
5.3094881889763776
20
2.2413418110236218
11
5.2898031496062989
21
2.2413418110236218
0
LINE
8
BLACK
6
CONTINUOUS
10
5.2898031496062989
20
2.2413418110236218
11
5.2870990157480318
21
2.2416555511811023
0
LINE
8
BLACK
6
CONTINUOUS
10
5.2870990157480318
20
2.2416555511811023
11
5.2831283070866144
21
2.243408779527559
0
LINE
8
BLACK
6
CONTINUOUS
10
5.2831283070866144
20
2.243408779527559
11
5.2800590944881884
21
2.2464779921259841
0
LINE
8
BLACK
6
CONTINUOUS
10
5.2800590944881884
20
2.2464779921259841
11
5.2783058661417321
21
2.2504487007874014
0
LINE
8
BLACK
6
CONTINUOUS
10
5.2783058661417321
20
2.2504487007874014
11
5.2779921259842517
21
2.2531528346456691
0
LINE
8
BLACK
6
CONTINUOUS
10
5.2779921259842517
20
2.2531528346456691
11
5.2779921259842517
21
2.268900866141732
0
LINE
8
BLACK
6
CONTINUOUS
10
5.2779921259842517
20
2.268900866141732
11
5.2783058661417321
21
2.2716050000000001
0
LINE
8
BLACK
6
CONTINUOUS
10
5.2783058661417321
20
2.2716050000000001
11
5.2800590944881884
21
2.2755757086614175
0
LINE
8
BLACK
6
CONTINUOUS
10
5.2800590944881884
20
2.2755757086614175
11
5.2831283070866144
21
2.2786449212598425
0
LINE
8
BLACK
6
CONTINUOUS
10
5.2831283070866144
20
2.2786449212598425
11
5.2870990157480318
21
2.2803981496062993
0
LINE
8
BLACK
6
CONTINUOUS
10
5.2870990157480318
20
2.2803981496062993
11
5.2898031496062989
21
2.2807118897637793
0
LINE
8
BLACK
6
CONTINUOUS
10
5.2898031496062989
20
2.2807118897637793
11
5.3094881889763776
21
2.2807118897637793
0
LINE
8
BLACK
6
CONTINUOUS
10
5.3094881889763776
20
2.2807118897637793
11
5.3121923228346457
21
2.2803981496062993
0
LINE
8
BLACK
6
CONTINUOUS
10
0.562426968503937
20
2.3298806692913385
11
0.568559094488189
21
2.32734062992126
0
LINE
8
BLACK
6
CONTINUOUS
10
0.568559094488189
20
2.32734062992126
11
0.5740778740157481
21
2.3236531102362203
0
LINE
8
BLACK
6
CONTINUOUS
10
0.5740778740157481
20
2.3236531102362203
11
0.5787712204724409
21
2.3189597637795276
0
LINE
8
BLACK
6
CONTINUOUS
10
0.5787712204724409
20
2.3189597637795276
11
0.5824587401574803
21
2.3134409842519683
0
LINE
8
BLACK
6
CONTINUOUS
10
0.5824587401574803
20
2.3134409842519683
11
0.5849987795275591
21
2.3073088582677164
0
LINE
8
BLACK
6
CONTINUOUS
10
0.5849987795275591
20
2.3073088582677164
11
0.5862936614173229
21
2.3007990157480314
0
LINE
8
BLACK
6
CONTINUOUS
10
0.5862936614173229
20
2.3007990157480314
11
0.5862936614173229
21
2.2941616141732282
0
LINE
8
BLACK
6
CONTINUOUS
10
0.5862936614173229
20
2.2941616141732282
11
0.5849987795275591
21
2.2876517716535432
0
LINE
8
BLACK
6
CONTINUOUS
10
0.5849987795275591
20
2.2876517716535432
11
0.5824587401574803
21
2.2815196456692912
0
LINE
8
BLACK
6
CONTINUOUS
10
0.5824587401574803
20
2.2815196456692912
11
0.5787712204724409
21
2.2760008661417324
0
LINE
8
BLACK
6
CONTINUOUS
10
0.5787712204724409
20
2.2760008661417324
11
0.5740778740157481
21
2.2713075196850392
0
LINE
8
BLACK
6
CONTINUOUS
10
0.5740778740157481
20
2.2713075196850392
11
0.568559094488189
21
2.26762
0
LINE
8
BLACK
6
CONTINUOUS
10
0.568559094488189
20
2.26762
11
0.562426968503937
21
2.265079960629921
0
LINE
8
BLACK
6
CONTINUOUS
10
0.562426968503937
20
2.265079960629921
11
0.5559171259842519
21
2.2637850787401574
0
LINE
8
BLACK
6
CONTINUOUS
10
0.5559171259842519
20
2.2637850787401574
11
0.5492797244094488
21
2.2637850787401574
0
LINE
8
BLACK
6
CONTINUOUS
10
0.5492797244094488
20
2.2637850787401574
11
0.5427698818897637
21
2.265079960629921
0
LINE
8
BLACK
6
CONTINUOUS
10
0.5427698818897637
20
2.265079960629921
11
0.5366377559055118
21
2.26762
0
LINE
8
BLACK
6
CONTINUOUS
10
0.5366377559055118
20
2.26762
11
0.5311189763779527
21
2.2713075196850392
0
LINE
8
BLACK
6
CONTINUOUS
10
0.5311189763779527
20
2.2713075196850392
11
0.5264256299212599
21
2.2760008661417324
0
LINE
8
BLACK
6
CONTINUOUS
10
0.5264256299212599
20
2.2760008661417324
11
0.5227381102362204
21
2.2815196456692912
0
LINE
8
BLACK
6
CONTINUOUS
10
0.5227381102362204
20
2.2815196456692912
11
0.5201980708661417
21
2.2876517716535432
0
LINE
8
BLACK
6
CONTINUOUS
10
0.5201980708661417
20
2.2876517716535432
11
0.518903188976378
21
2.2941616141732282
0
LINE
8
BLACK
6
CONTINUOUS
10
0.518903188976378
20
2.2941616141732282
11
0.518903188976378
21
2.3007990157480314
0
LINE
8
BLACK
6
CONTINUOUS
10
0.518903188976378
20
2.3007990157480314
11
0.5201980708661417
21
2.3073088582677164
0
LINE
8
BLACK
6
CONTINUOUS
10
0.5201980708661417
20
2.3073088582677164
11
0.5227381102362204
21
2.3134409842519683
0
LINE
8
BLACK
6
CONTINUOUS
10
0.5227381102362204
20
2.3134409842519683
11
0.5264256299212599
21
2.3189597637795276
0
LINE
8
BLACK
6
CONTINUOUS
10
0.5264256299212599
20
2.3189597637795276
11
0.5311189763779527
21
2.3236531102362203
0
LINE
8
BLACK
6
CONTINUOUS
10
0.5311189763779527
20
2.3236531102362203
11
0.5366377559055118
21
2.32734062992126
0
LINE
8
BLACK
6
CONTINUOUS
10
0.5366377559055118
20
2.32734062992126
11
0.5427698818897637
21
2.3298806692913385
0
LINE
8
BLACK
6
CONTINUOUS
10
0.5427698818897637
20
2.3298806692913385
11
0.5492797244094488
21
2.3311755511811021
0
LINE
8
BLACK
6
CONTINUOUS
10
0.5492797244094488
20
2.3311755511811021
11
0.5559171259842519
21
2.3311755511811021
0
LINE
8
BLACK
6
CONTINUOUS
10
0.5559171259842519
20
2.3311755511811021
11
0.562426968503937
21
2.3298806692913385
0
LINE
8
BLACK
6
CONTINUOUS
10
0.6608521653543307
20
2.3298806692913385
11
0.6669842913385826
21
2.32734062992126
0
LINE
8
BLACK
6
CONTINUOUS
10
0.6669842913385826
20
2.32734062992126
11
0.6725030708661417
21
2.3236531102362203
0
LINE
8
BLACK
6
CONTINUOUS
10
0.6725030708661417
20
2.3236531102362203
11
0.6771964173228346
21
2.3189597637795276
0
LINE
8
BLACK
6
CONTINUOUS
10
0.6771964173228346
20
2.3189597637795276
11
0.680883937007874
21
2.3134409842519683
0
LINE
8
BLACK
6
CONTINUOUS
10
0.680883937007874
20
2.3134409842519683
11
0.6834239763779527
21
2.3073088582677164
0
LINE
8
BLACK
6
CONTINUOUS
10
0.6834239763779527
20
2.3073088582677164
11
0.6847188582677165
21
2.3007990157480314
0
LINE
8
BLACK
6
CONTINUOUS
10
0.6847188582677165
20
2.3007990157480314
11
0.6847188582677165
21
2.2941616141732282
0
LINE
8
BLACK
6
CONTINUOUS
10
0.6847188582677165
20
2.2941616141732282
11
0.6834239763779527
21
2.2876517716535432
0
LINE
8
BLACK
6
CONTINUOUS
10
0.6834239763779527
20
2.2876517716535432
11
0.680883937007874
21
2.2815196456692912
0
LINE
8
BLACK
6
CONTINUOUS
10
0.680883937007874
20
2.2815196456692912
11
0.6771964173228346
21
2.2760008661417324
0
LINE
8
BLACK
6
CONTINUOUS
10
0.6771964173228346
20
2.2760008661417324
11
0.6725030708661417
21
2.2713075196850392
0
LINE
8
BLACK
6
CONTINUOUS
10
0.6725030708661417
20
2.2713075196850392
11
0.6669842913385826
21
2.26762
0
LINE
8
BLACK
6
CONTINUOUS
10
0.6669842913385826
20
2.26762
11
0.6608521653543307
21
2.265079960629921
0
LINE
8
BLACK
6
CONTINUOUS
10
0.6608521653543307
20
2.265079960629921
11
0.6543423228346457
21
2.2637850787401574
0
LINE
8
BLACK
6
CONTINUOUS
10
0.6543423228346457
20
2.2637850787401574
11
0.6477049212598425
21
2.2637850787401574
0
LINE
8
BLACK
6
CONTINUOUS
10
0.6477049212598425
20
2.2637850787401574
11
0.6411950787401575
21
2.265079960629921
0
LINE
8
BLACK
6
CONTINUOUS
10
0.6411950787401575
20
2.265079960629921
11
0.6350629527559055
21
2.26762
0
LINE
8
BLACK
6
CONTINUOUS
10
0.6350629527559055
20
2.26762
11
0.6295441732283464
21
2.2713075196850392
0
LINE
8
BLACK
6
CONTINUOUS
10
0.6295441732283464
20
2.2713075196850392
11
0.6248508267716535
21
2.2760008661417324
0
LINE
8
BLACK
6
CONTINUOUS
10
0.6248508267716535
20
2.2760008661417324
11
0.6211633070866142
21
2.2815196456692912
0
LINE
8
BLACK
6
CONTINUOUS
10
0.6211633070866142
20
2.2815196456692912
11
0.6186232677165354
21
2.2876517716535432
0
LINE
8
BLACK
6
CONTINUOUS
10
0.6186232677165354
20
2.2876517716535432
11
0.6173283858267716
21
2.2941616141732282
0
LINE
8
BLACK
6
CONTINUOUS
10
0.6173283858267716
20
2.2941616141732282
11
0.6173283858267716
21
2.3007990157480314
0
LINE
8
BLACK
6
CONTINUOUS
10
0.6173283858267716
20
2.3007990157480314
11
0.6186232677165354
21
2.3073088582677164
0
LINE
8
BLACK
6
CONTINUOUS
10
0.6186232677165354
20
2.3073088582677164
11
0.6211633070866142
21
2.3134409842519683
0
LINE
8
BLACK
6
CONTINUOUS
10
0.6211633070866142
20
2.3134409842519683
11
0.6248508267716535
21
2.3189597637795276
0
LINE
8
BLACK
6
CONTINUOUS
10
0.6248508267716535
20
2.3189597637795276
11
0.6295441732283464
21
2.3236531102362203
0
LINE
8
BLACK
6
CONTINUOUS
10
0.6295441732283464
20
2.3236531102362203
11
0.6350629527559055
21
2.32734062992126
0
LINE
8
BLACK
6
CONTINUOUS
10
0.6350629527559055
20
2.32734062992126
11
0.6411950787401575
21
2.3298806692913385
0
LINE
8
BLACK
6
CONTINUOUS
10
0.6411950787401575
20
2.3298806692913385
11
0.6477049212598425
21
2.3311755511811021
0
LINE
8
BLACK
6
CONTINUOUS
10
0.6477049212598425
20
2.3311755511811021
11
0.6543423228346457
21
2.3311755511811021
0
LINE
8
BLACK
6
CONTINUOUS
10
0.6543423228346457
20
2.3311755511811021
11
0.6608521653543307
21
2.3298806692913385
0
LINE
8
BLACK
6
CONTINUOUS
10
0.7592773622047244
20
2.3298806692913385
11
0.7654094881889764
21
2.32734062992126
0
LINE
8
BLACK
6
CONTINUOUS
10
0.7654094881889764
20
2.32734062992126
11
0.7709282677165354
21
2.3236531102362203
0
LINE
8
BLACK
6
CONTINUOUS
10
0.7709282677165354
20
2.3236531102362203
11
0.7756216141732283
21
2.3189597637795276
0
LINE
8
BLACK
6
CONTINUOUS
10
0.7756216141732283
20
2.3189597637795276
11
0.7793091338582677
21
2.3134409842519683
0
LINE
8
BLACK
6
CONTINUOUS
10
0.7793091338582677
20
2.3134409842519683
11
0.7818491732283465
21
2.3073088582677164
0
LINE
8
BLACK
6
CONTINUOUS
10
0.7818491732283465
20
2.3073088582677164
11
0.7831440551181102
21
2.3007990157480314
0
LINE
8
BLACK
6
CONTINUOUS
10
0.7831440551181102
20
2.3007990157480314
11
0.7831440551181102
21
2.2941616141732282
0
LINE
8
BLACK
6
CONTINUOUS
10
0.7831440551181102
20
2.2941616141732282
11
0.7818491732283465
21
2.2876517716535432
0
LINE
8
BLACK
6
CONTINUOUS
10
0.7818491732283465
20
2.2876517716535432
11
0.7793091338582677
21
2.2815196456692912
0
LINE
8
BLACK
6
CONTINUOUS
10
0.7793091338582677
20
2.2815196456692912
11
0.7756216141732283
21
2.2760008661417324
0
LINE
8
BLACK
6
CONTINUOUS
10
0.7756216141732283
20
2.2760008661417324
11
0.7709282677165354
21
2.2713075196850392
0
LINE
8
BLACK
6
CONTINUOUS
10
0.7709282677165354
20
2.2713075196850392
11
0.7654094881889764
21
2.26762
0
LINE
8
BLACK
6
CONTINUOUS
10
0.7654094881889764
20
2.26762
11
0.7592773622047244
21
2.265079960629921
0
LINE
8
BLACK
6
CONTINUOUS
10
0.7592773622047244
20
2.265079960629921
11
0.7527675196850393
21
2.2637850787401574
0
LINE
8
BLACK
6
CONTINUOUS
10
0.7527675196850393
20
2.2637850787401574
11
0.7461301181102362
21
2.2637850787401574
0
LINE
8
BLACK
6
CONTINUOUS
10
0.7461301181102362
20
2.2637850787401574
11
0.7396202755905512
21
2.265079960629921
0
LINE
8
BLACK
6
CONTINUOUS
10
0.7396202755905512
20
2.265079960629921
11
0.7334881496062992
21
2.26762
0
LINE
8
BLACK
6
CONTINUOUS
10
0.7334881496062992
20
2.26762
11
0.7279693700787402
21
2.2713075196850392
0
LINE
8
BLACK
6
CONTINUOUS
10
0.7279693700787402
20
2.2713075196850392
11
0.7232760236220472
21
2.2760008661417324
0
LINE
8
BLACK
6
CONTINUOUS
10
0.7232760236220472
20
2.2760008661417324
11
0.7195885039370079
21
2.2815196456692912
0
LINE
8
BLACK
6
CONTINUOUS
10
0.7195885039370079
20
2.2815196456692912
11
0.7170484645669292
21
2.2876517716535432
0
LINE
8
BLACK
6
CONTINUOUS
10
0.7170484645669292
20
2.2876517716535432
11
0.7157535826771654
21
2.2941616141732282
0
LINE
8
BLACK
6
CONTINUOUS
10
0.7157535826771654
20
2.2941616141732282
11
0.7157535826771654
21
2.3007990157480314
0
LINE
8
BLACK
6
CONTINUOUS
10
0.7157535826771654
20
2.3007990157480314
11
0.7170484645669292
21
2.3073088582677164
0
LINE
8
BLACK
6
CONTINUOUS
10
0.7170484645669292
20
2.3073088582677164
11
0.7195885039370079
21
2.3134409842519683
0
LINE
8
BLACK
6
CONTINUOUS
10
0.7195885039370079
20
2.3134409842519683
11
0.7232760236220472
21
2.3189597637795276
0
LINE
8
BLACK
6
CONTINUOUS
10
0.7232760236220472
20
2.3189597637795276
11
0.7279693700787402
21
2.3236531102362203
0
LINE
8
BLACK
6
CONTINUOUS
10
0.7279693700787402
20
2.3236531102362203
11
0.7334881496062992
21
2.32734062992126
0
LINE
8
BLACK
6
CONTINUOUS
10
0.7334881496062992
20
2.32734062992126
11
0.7396202755905512
21
2.3298806692913385
0
LINE
8
BLACK
6
CONTINUOUS
10
0.7396202755905512
20
2.3298806692913385
11
0.7461301181102362
21
2.3311755511811021
0
LINE
8
BLACK
6
CONTINUOUS
10
0.7461301181102362
20
2.3311755511811021
11
0.7527675196850393
21
2.3311755511811021
0
LINE
8
BLACK
6
CONTINUOUS
10
0.7527675196850393
20
2.3311755511811021
11
0.7592773622047244
21
2.3298806692913385
0
LINE
8
BLACK
6
CONTINUOUS
10
0.8577025590551181
20
2.3298806692913385
11
0.8638346850393701
21
2.32734062992126
0
LINE
8
BLACK
6
CONTINUOUS
10
0.8638346850393701
20
2.32734062992126
11
0.8693534645669291
21
2.3236531102362203
0
LINE
8
BLACK
6
CONTINUOUS
10
0.8693534645669291
20
2.3236531102362203
11
0.874046811023622
21
2.3189597637795276
0
LINE
8
BLACK
6
CONTINUOUS
10
0.874046811023622
20
2.3189597637795276
11
0.8777343307086614
21
2.3134409842519683
0
LINE
8
BLACK
6
CONTINUOUS
10
0.8777343307086614
20
2.3134409842519683
11
0.8802743700787401
21
2.3073088582677164
0
LINE
8
BLACK
6
CONTINUOUS
10
0.8802743700787401
20
2.3073088582677164
11
0.8815692519685039
21
2.3007990157480314
0
LINE
8
BLACK
6
CONTINUOUS
10
0.8815692519685039
20
2.3007990157480314
11
0.8815692519685039
21
2.2941616141732282
0
LINE
8
BLACK
6
CONTINUOUS
10
0.8815692519685039
20
2.2941616141732282
11
0.8802743700787401
21
2.2876517716535432
0
LINE
8
BLACK
6
CONTINUOUS
10
0.8802743700787401
20
2.2876517716535432
11
0.8777343307086614
21
2.2815196456692912
0
LINE
8
BLACK
6
CONTINUOUS
10
0.8777343307086614
20
2.2815196456692912
11
0.874046811023622
21
2.2760008661417324
0
LINE
8
BLACK
6
CONTINUOUS
10
0.874046811023622
20
2.2760008661417324
11
0.8693534645669291
21
2.2713075196850392
0
LINE
8
BLACK
6
CONTINUOUS
10
0.8693534645669291
20
2.2713075196850392
11
0.8638346850393701
21
2.26762
0
LINE
8
BLACK
6
CONTINUOUS
10
0.8638346850393701
20
2.26762
11
0.8577025590551181
21
2.265079960629921
0
LINE
8
BLACK
6
CONTINUOUS
10
0.8577025590551181
20
2.265079960629921
11
0.851192716535433
21
2.2637850787401574
0
LINE
8
BLACK
6
CONTINUOUS
10
0.851192716535433
20
2.2637850787401574
11
0.8445553149606299
21
2.2637850787401574
0
LINE
8
BLACK
6
CONTINUOUS
10
0.8445553149606299
20
2.2637850787401574
11
0.8380454724409448
21
2.265079960629921
0
LINE
8
BLACK
6
CONTINUOUS
10
0.8380454724409448
20
2.265079960629921
11
0.8319133464566929
21
2.26762
0
LINE
8
BLACK
6
CONTINUOUS
10
0.8319133464566929
20
2.26762
11
0.8263945669291338
21
2.2713075196850392
0
LINE
8
BLACK
6
CONTINUOUS
10
0.8263945669291338
20
2.2713075196850392
11
0.8217012204724409
21
2.2760008661417324
0
LINE
8
BLACK
6
CONTINUOUS
10
0.8217012204724409
20
2.2760008661417324
11
0.8180137007874015
21
2.2815196456692912
0
LINE
8
BLACK
6
CONTINUOUS
10
0.8180137007874015
20
2.2815196456692912
11
0.8154736614173228
21
2.2876517716535432
0
LINE
8
BLACK
6
CONTINUOUS
10
0.8154736614173228
20
2.2876517716535432
11
0.814178779527559
21
2.2941616141732282
0
LINE
8
BLACK
6
CONTINUOUS
10
0.814178779527559
20
2.2941616141732282
11
0.814178779527559
21
2.3007990157480314
0
LINE
8
BLACK
6
CONTINUOUS
10
0.814178779527559
20
2.3007990157480314
11
0.8154736614173228
21
2.3073088582677164
0
LINE
8
BLACK
6
CONTINUOUS
10
0.8154736614173228
20
2.3073088582677164
11
0.8180137007874015
21
2.3134409842519683
0
LINE
8
BLACK
6
CONTINUOUS
10
0.8180137007874015
20
2.3134409842519683
11
0.8217012204724409
21
2.3189597637795276
0
LINE
8
BLACK
6
CONTINUOUS
10
0.8217012204724409
20
2.3189597637795276
11
0.8263945669291338
21
2.3236531102362203
0
LINE
8
BLACK
6
CONTINUOUS
10
0.8263945669291338
20
2.3236531102362203
11
0.8319133464566929
21
2.32734062992126
0
LINE
8
BLACK
6
CONTINUOUS
10
0.8319133464566929
20
2.32734062992126
11
0.8380454724409448
21
2.3298806692913385
0
LINE
8
BLACK
6
CONTINUOUS
10
0.8380454724409448
20
2.3298806692913385
11
0.8445553149606299
21
2.3311755511811021
0
LINE
8
BLACK
6
CONTINUOUS
10
0.8445553149606299
20
2.3311755511811021
11
0.851192716535433
21
2.3311755511811021
0
LINE
8
BLACK
6
CONTINUOUS
10
0.851192716535433
20
2.3311755511811021
11
0.8577025590551181
21
2.3298806692913385
0
LINE
8
BLACK
6
CONTINUOUS
10
0.9561277559055118
20
2.3298806692913385
11
0.9622598818897637
21
2.32734062992126
0
LINE
8
BLACK
6
CONTINUOUS
10
0.9622598818897637
20
2.32734062992126
11
0.9677786614173228
21
2.3236531102362203
0
LINE
8
BLACK
6
CONTINUOUS
10
0.9677786614173228
20
2.3236531102362203
11
0.9724720078740158
21
2.3189597637795276
0
LINE
8
BLACK
6
CONTINUOUS
10
0.9724720078740158
20
2.3189597637795276
11
0.9761595275590551
21
2.3134409842519683
0
LINE
8
BLACK
6
CONTINUOUS
10
0.9761595275590551
20
2.3134409842519683
11
0.9786995669291338
21
2.3073088582677164
0
LINE
8
BLACK
6
CONTINUOUS
10
0.9786995669291338
20
2.3073088582677164
11
0.9799944488188976
21
2.3007990157480314
0
LINE
8
BLACK
6
CONTINUOUS
10
0.9799944488188976
20
2.3007990157480314
11
0.9799944488188976
21
2.2941616141732282
0
LINE
8
BLACK
6
CONTINUOUS
10
0.9799944488188976
20
2.2941616141732282
11
0.9786995669291338
21
2.2876517716535432
0
LINE
8
BLACK
6
CONTINUOUS
10
0.9786995669291338
20
2.2876517716535432
11
0.9761595275590551
21
2.2815196456692912
0
LINE
8
BLACK
6
CONTINUOUS
10
0.9761595275590551
20
2.2815196456692912
11
0.9724720078740158
21
2.2760008661417324
0
LINE
8
BLACK
6
CONTINUOUS
10
0.9724720078740158
20
2.2760008661417324
11
0.9677786614173228
21
2.2713075196850392
0
LINE
8
BLACK
6
CONTINUOUS
10
0.9677786614173228
20
2.2713075196850392
11
0.9622598818897637
21
2.26762
0
LINE
8
BLACK
6
CONTINUOUS
10
0.9622598818897637
20
2.26762
11
0.9561277559055118
21
2.265079960629921
0
LINE
8
BLACK
6
CONTINUOUS
10
0.9561277559055118
20
2.265079960629921
11
0.9496179133858268
21
2.2637850787401574
0
LINE
8
BLACK
6
CONTINUOUS
10
0.9496179133858268
20
2.2637850787401574
11
0.9429805118110236
21
2.2637850787401574
0
LINE
8
BLACK
6
CONTINUOUS
10
0.9429805118110236
20
2.2637850787401574
11
0.9364706692913386
21
2.265079960629921
0
LINE
8
BLACK
6
CONTINUOUS
10
0.9364706692913386
20
2.265079960629921
11
0.9303385433070865
21
2.26762
0
LINE
8
BLACK
6
CONTINUOUS
10
0.9303385433070865
20
2.26762
11
0.9248197637795276
21
2.2713075196850392
0
LINE
8
BLACK
6
CONTINUOUS
10
0.9248197637795276
20
2.2713075196850392
11
0.9201264173228346
21
2.2760008661417324
0
LINE
8
BLACK
6
CONTINUOUS
10
0.9201264173228346
20
2.2760008661417324
11
0.9164388976377953
21
2.2815196456692912
0
LINE
8
BLACK
6
CONTINUOUS
10
0.9164388976377953
20
2.2815196456692912
11
0.9138988582677166
21
2.2876517716535432
0
LINE
8
BLACK
6
CONTINUOUS
10
0.9138988582677166
20
2.2876517716535432
11
0.9126039763779528
21
2.2941616141732282
0
LINE
8
BLACK
6
CONTINUOUS
10
0.9126039763779528
20
2.2941616141732282
11
0.9126039763779528
21
2.3007990157480314
0
LINE
8
BLACK
6
CONTINUOUS
10
0.9126039763779528
20
2.3007990157480314
11
0.9138988582677166
21
2.3073088582677164
0
LINE
8
BLACK
6
CONTINUOUS
10
0.9138988582677166
20
2.3073088582677164
11
0.9164388976377953
21
2.3134409842519683
0
LINE
8
BLACK
6
CONTINUOUS
10
0.9164388976377953
20
2.3134409842519683
11
0.9201264173228346
21
2.3189597637795276
0
LINE
8
BLACK
6
CONTINUOUS
10
0.9201264173228346
20
2.3189597637795276
11
0.9248197637795276
21
2.3236531102362203
0
LINE
8
BLACK
6
CONTINUOUS
10
0.9248197637795276
20
2.3236531102362203
11
0.9303385433070865
21
2.32734062992126
0
LINE
8
BLACK
6
CONTINUOUS
10
0.9303385433070865
20
2.32734062992126
11
0.9364706692913386
21
2.3298806692913385
0
LINE
8
BLACK
6
CONTINUOUS
10
0.9364706692913386
20
2.3298806692913385
11
0.9429805118110236
21
2.3311755511811021
0
LINE
8
BLACK
6
CONTINUOUS
10
0.9429805118110236
20
2.3311755511811021
11
0.9496179133858268
21
2.3311755511811021
0
LINE
8
BLACK
6
CONTINUOUS
10
0.9496179133858268
20
2.3311755511811021
11
0.9561277559055118
21
2.3298806692913385
0
LINE
8
BLACK
6
CONTINUOUS
10
5.3121923228346457
20
2.3433902755905511
11
5.3161630314960631
21
2.3416370472440944
0
LINE
8
BLACK
6
CONTINUOUS
10
5.3161630314960631
20
2.3416370472440944
11
5.3192322440944881
21
2.3385678346456693
0
LINE
8
BLACK
6
CONTINUOUS
10
5.3192322440944881
20
2.3385678346456693
11
5.3209854724409444
21
2.334597125984252
0
LINE
8
BLACK
6
CONTINUOUS
10
5.3209854724409444
20
2.334597125984252
11
5.3212992125984249
21
2.3318929921259843
0
LINE
8
BLACK
6
CONTINUOUS
10
5.3212992125984249
20
2.3318929921259843
11
5.3212992125984249
21
2.3161449606299214
0
LINE
8
BLACK
6
CONTINUOUS
10
5.3212992125984249
20
2.3161449606299214
11
5.3209854724409444
21
2.3134408267716533
0
LINE
8
BLACK
6
CONTINUOUS
10
5.3209854724409444
20
2.3134408267716533
11
5.3192322440944881
21
2.3094701181102359
0
LINE
8
BLACK
6
CONTINUOUS
10
5.3192322440944881
20
2.3094701181102359
11
5.3161630314960631
21
2.3064009055118109
0
LINE
8
BLACK
6
CONTINUOUS
10
5.3161630314960631
20
2.3064009055118109
11
5.3121923228346457
21
2.3046476771653541
0
LINE
8
BLACK
6
CONTINUOUS
10
5.3121923228346457
20
2.3046476771653541
11
5.3094881889763776
21
2.3043339370078741
0
LINE
8
BLACK
6
CONTINUOUS
10
5.3094881889763776
20
2.3043339370078741
11
5.2898031496062989
21
2.3043339370078741
0
LINE
8
BLACK
6
CONTINUOUS
10
5.2898031496062989
20
2.3043339370078741
11
5.2870990157480318
21
2.3046476771653541
0
LINE
8
BLACK
6
CONTINUOUS
10
5.2870990157480318
20
2.3046476771653541
11
5.2831283070866144
21
2.3064009055118109
0
LINE
8
BLACK
6
CONTINUOUS
10
5.2831283070866144
20
2.3064009055118109
11
5.2800590944881884
21
2.3094701181102359
0
LINE
8
BLACK
6
CONTINUOUS
10
5.2800590944881884
20
2.3094701181102359
11
5.2783058661417321
21
2.3134408267716533
0
LINE
8
BLACK
6
CONTINUOUS
10
5.2783058661417321
20
2.3134408267716533
11
5.2779921259842517
21
2.3161449606299214
0
LINE
8
BLACK
6
CONTINUOUS
10
5.2779921259842517
20
2.3161449606299214
11
5.2779921259842517
21
2.3318929921259843
0
LINE
8
BLACK
6
CONTINUOUS
10
5.2779921259842517
20
2.3318929921259843
11
5.2783058661417321
21
2.334597125984252
0
LINE
8
BLACK
6
CONTINUOUS
10
5.2783058661417321
20
2.334597125984252
11
5.2800590944881884
21
2.3385678346456693
0
LINE
8
BLACK
6
CONTINUOUS
10
5.2800590944881884
20
2.3385678346456693
11
5.2831283070866144
21
2.3416370472440944
0
LINE
8
BLACK
6
CONTINUOUS
10
5.2831283070866144
20
2.3416370472440944
11
5.2870990157480318
21
2.3433902755905511
0
LINE
8
BLACK
6
CONTINUOUS
10
5.2870990157480318
20
2.3433902755905511
11
5.2898031496062989
21
2.3437040157480316
0
LINE
8
BLACK
6
CONTINUOUS
10
5.2898031496062989
20
2.3437040157480316
11
5.3094881889763776
21
2.3437040157480316
0
LINE
8
BLACK
6
CONTINUOUS
10
5.3094881889763776
20
2.3437040157480316
11
5.3121923228346457
21
2.3433902755905511
0
LINE
8
BLACK
6
CONTINUOUS
10
5.1817789370078735
20
2.3636779133858266
11
5.1857496456692909
21
2.3619246850393698
0
LINE
8
BLACK
6
CONTINUOUS
10
5.1857496456692909
20
2.3619246850393698
11
5.1888188582677168
21
2.3588554724409447
0
LINE
8
BLACK
6
CONTINUOUS
10
5.1888188582677168
20
2.3588554724409447
11
5.1905720866141731
21
2.3548847637795274
0
LINE
8
BLACK
6
CONTINUOUS
10
5.1905720866141731
20
2.3548847637795274
11
5.1908858267716536
21
2.3521806299212598
0
LINE
8
BLACK
6
CONTINUOUS
10
5.1908858267716536
20
2.3521806299212598
11
5.1908858267716536
21
2.3167475590551181
0
LINE
8
BLACK
6
CONTINUOUS
10
5.1908858267716536
20
2.3167475590551181
11
5.1905720866141731
21
2.3140434251968505
0
LINE
8
BLACK
6
CONTINUOUS
10
5.1905720866141731
20
2.3140434251968505
11
5.1888188582677168
21
2.3100727165354331
0
LINE
8
BLACK
6
CONTINUOUS
10
5.1888188582677168
20
2.3100727165354331
11
5.1857496456692909
21
2.307003503937008
0
LINE
8
BLACK
6
CONTINUOUS
10
5.1857496456692909
20
2.307003503937008
11
5.1817789370078735
21
2.3052502755905513
0
LINE
8
BLACK
6
CONTINUOUS
10
5.1817789370078735
20
2.3052502755905513
11
5.1790748031496063
21
2.3049365354330709
0
LINE
8
BLACK
6
CONTINUOUS
10
5.1790748031496063
20
2.3049365354330709
11
5.1584055118110239
21
2.3049365354330709
0
LINE
8
BLACK
6
CONTINUOUS
10
5.1584055118110239
20
2.3049365354330709
11
5.1557013779527558
21
2.3052502755905513
0
LINE
8
BLACK
6
CONTINUOUS
10
5.1557013779527558
20
2.3052502755905513
11
5.1517306692913385
21
2.307003503937008
0
LINE
8
BLACK
6
CONTINUOUS
10
5.1517306692913385
20
2.307003503937008
11
5.1486614566929134
21
2.3100727165354331
0
LINE
8
BLACK
6
CONTINUOUS
10
5.1486614566929134
20
2.3100727165354331
11
5.1469082283464562
21
2.3140434251968505
0
LINE
8
BLACK
6
CONTINUOUS
10
5.1469082283464562
20
2.3140434251968505
11
5.1465944881889767
21
2.3167475590551181
0
LINE
8
BLACK
6
CONTINUOUS
10
5.1465944881889767
20
2.3167475590551181
11
5.1465944881889767
21
2.3521806299212598
0
LINE
8
BLACK
6
CONTINUOUS
10
5.1465944881889767
20
2.3521806299212598
11
5.1469082283464562
21
2.3548847637795274
0
LINE
8
BLACK
6
CONTINUOUS
10
5.1469082283464562
20
2.3548847637795274
11
5.1486614566929134
21
2.3588554724409447
0
LINE
8
BLACK
6
CONTINUOUS
10
5.1486614566929134
20
2.3588554724409447
11
5.1517306692913385
21
2.3619246850393698
0
LINE
8
BLACK
6
CONTINUOUS
10
5.1517306692913385
20
2.3619246850393698
11
5.1557013779527558
21
2.3636779133858266
0
LINE
8
BLACK
6
CONTINUOUS
10
5.1557013779527558
20
2.3636779133858266
11
5.1584055118110239
21
2.363991653543307
0
LINE
8
BLACK
6
CONTINUOUS
10
5.1584055118110239
20
2.363991653543307
11
5.1790748031496063
21
2.363991653543307
0
LINE
8
BLACK
6
CONTINUOUS
10
5.1790748031496063
20
2.363991653543307
11
5.1817789370078735
21
2.3636779133858266
0
LINE
8
BLACK
6
CONTINUOUS
10
5.2536293307086614
20
2.3636779133858266
11
5.2576000393700788
21
2.3619246850393698
0
LINE
8
BLACK
6
CONTINUOUS
10
5.2576000393700788
20
2.3619246850393698
11
5.2606692519685039
21
2.3588554724409447
0
LINE
8
BLACK
6
CONTINUOUS
10
5.2606692519685039
20
2.3588554724409447
11
5.2624224803149602
21
2.3548847637795274
0
LINE
8
BLACK
6
CONTINUOUS
10
5.2624224803149602
20
2.3548847637795274
11
5.2627362204724406
21
2.3521806299212598
0
LINE
8
BLACK
6
CONTINUOUS
10
5.2627362204724406
20
2.3521806299212598
11
5.2627362204724406
21
2.3167475590551181
0
LINE
8
BLACK
6
CONTINUOUS
10
5.2627362204724406
20
2.3167475590551181
11
5.2624224803149602
21
2.3140434251968505
0
LINE
8
BLACK
6
CONTINUOUS
10
5.2624224803149602
20
2.3140434251968505
11
5.2606692519685039
21
2.3100727165354331
0
LINE
8
BLACK
6
CONTINUOUS
10
5.2606692519685039
20
2.3100727165354331
11
5.2576000393700788
21
2.307003503937008
0
LINE
8
BLACK
6
CONTINUOUS
10
5.2576000393700788
20
2.307003503937008
11
5.2536293307086614
21
2.3052502755905513
0
LINE
8
BLACK
6
CONTINUOUS
10
5.2536293307086614
20
2.3052502755905513
11
5.2509251968503934
21
2.3049365354330709
0
LINE
8
BLACK
6
CONTINUOUS
10
5.2509251968503934
20
2.3049365354330709
11
5.230255905511811
21
2.3049365354330709
0
LINE
8
BLACK
6
CONTINUOUS
10
5.230255905511811
20
2.3049365354330709
11
5.2275517716535429
21
2.3052502755905513
0
LINE
8
BLACK
6
CONTINUOUS
10
5.2275517716535429
20
2.3052502755905513
11
5.2235810629921255
21
2.307003503937008
0
LINE
8
BLACK
6
CONTINUOUS
10
5.2235810629921255
20
2.307003503937008
11
5.2205118503937005
21
2.3100727165354331
0
LINE
8
BLACK
6
CONTINUOUS
10
5.2205118503937005
20
2.3100727165354331
11
5.2187586220472442
21
2.3140434251968505
0
LINE
8
BLACK
6
CONTINUOUS
10
5.2187586220472442
20
2.3140434251968505
11
5.2184448818897637
21
2.3167475590551181
0
LINE
8
BLACK
6
CONTINUOUS
10
5.2184448818897637
20
2.3167475590551181
11
5.2184448818897637
21
2.3521806299212598
0
LINE
8
BLACK
6
CONTINUOUS
10
5.2184448818897637
20
2.3521806299212598
11
5.2187586220472442
21
2.3548847637795274
0
LINE
8
BLACK
6
CONTINUOUS
10
5.2187586220472442
20
2.3548847637795274
11
5.2205118503937005
21
2.3588554724409447
0
LINE
8
BLACK
6
CONTINUOUS
10
5.2205118503937005
20
2.3588554724409447
11
5.2235810629921255
21
2.3619246850393698
0
LINE
8
BLACK
6
CONTINUOUS
10
5.2235810629921255
20
2.3619246850393698
11
5.2275517716535429
21
2.3636779133858266
0
LINE
8
BLACK
6
CONTINUOUS
10
5.2275517716535429
20
2.3636779133858266
11
5.230255905511811
21
2.363991653543307
0
LINE
8
BLACK
6
CONTINUOUS
10
5.230255905511811
20
2.363991653543307
11
5.2509251968503934
21
2.363991653543307
0
LINE
8
BLACK
6
CONTINUOUS
10
5.2509251968503934
20
2.363991653543307
11
5.2536293307086614
21
2.3636779133858266
0
LINE
8
BLACK
6
CONTINUOUS
10
3.0272513779527559
20
2.3707886220472441
11
3.0312220866141733
21
2.3690353937007873
0
LINE
8
BLACK
6
CONTINUOUS
10
3.0312220866141733
20
2.3690353937007873
11
3.0342912992125983
21
2.3659661811023622
0
LINE
8
BLACK
6
CONTINUOUS
10
3.0342912992125983
20
2.3659661811023622
11
3.0360445275590551
21
2.3619954724409449
0
LINE
8
BLACK
6
CONTINUOUS
10
3.0360445275590551
20
2.3619954724409449
11
3.0363582677165355
21
2.3592913385826773
0
LINE
8
BLACK
6
CONTINUOUS
10
3.0363582677165355
20
2.3592913385826773
11
3.0363582677165355
21
2.3238582677165356
0
LINE
8
BLACK
6
CONTINUOUS
10
3.0363582677165355
20
2.3238582677165356
11
3.0360445275590551
21
2.3211541338582675
0
LINE
8
BLACK
6
CONTINUOUS
10
3.0360445275590551
20
2.3211541338582675
11
3.0342912992125983
21
2.3171834251968502
0
LINE
8
BLACK
6
CONTINUOUS
10
3.0342912992125983
20
2.3171834251968502
11
3.0312220866141733
21
2.3141142125984251
0
LINE
8
BLACK
6
CONTINUOUS
10
3.0312220866141733
20
2.3141142125984251
11
3.0272513779527559
21
2.3123609842519683
0
LINE
8
BLACK
6
CONTINUOUS
10
3.0272513779527559
20
2.3123609842519683
11
3.0245472440944883
21
2.3120472440944879
0
LINE
8
BLACK
6
CONTINUOUS
10
3.0245472440944883
20
2.3120472440944879
11
3.0038779527559054
21
2.3120472440944879
0
LINE
8
BLACK
6
CONTINUOUS
10
3.0038779527559054
20
2.3120472440944879
11
3.0011738188976378
21
2.3123609842519683
0
LINE
8
BLACK
6
CONTINUOUS
10
3.0011738188976378
20
2.3123609842519683
11
2.9972031102362204
21
2.3141142125984251
0
LINE
8
BLACK
6
CONTINUOUS
10
2.9972031102362204
20
2.3141142125984251
11
2.9941338976377954
21
2.3171834251968502
0
LINE
8
BLACK
6
CONTINUOUS
10
2.9941338976377954
20
2.3171834251968502
11
2.9923806692913386
21
2.3211541338582675
0
LINE
8
BLACK
6
CONTINUOUS
10
2.9923806692913386
20
2.3211541338582675
11
2.9920669291338582
21
2.3238582677165356
0
LINE
8
BLACK
6
CONTINUOUS
10
2.9920669291338582
20
2.3238582677165356
11
2.9920669291338582
21
2.3592913385826773
0
LINE
8
BLACK
6
CONTINUOUS
10
2.9920669291338582
20
2.3592913385826773
11
2.9923806692913386
21
2.3619954724409449
0
LINE
8
BLACK
6
CONTINUOUS
10
2.9923806692913386
20
2.3619954724409449
11
2.9941338976377954
21
2.3659661811023622
0
LINE
8
BLACK
6
CONTINUOUS
10
2.9941338976377954
20
2.3659661811023622
11
2.9972031102362204
21
2.3690353937007873
0
LINE
8
BLACK
6
CONTINUOUS
10
2.9972031102362204
20
2.3690353937007873
11
3.0011738188976378
21
2.3707886220472441
0
LINE
8
BLACK
6
CONTINUOUS
10
3.0011738188976378
20
2.3707886220472441
11
3.0038779527559054
21
2.3711023622047245
0
LINE
8
BLACK
6
CONTINUOUS
10
3.0038779527559054
20
2.3711023622047245
11
3.0245472440944883
21
2.3711023622047245
0
LINE
8
BLACK
6
CONTINUOUS
10
3.0245472440944883
20
2.3711023622047245
11
3.0272513779527559
21
2.3707886220472441
0
LINE
8
BLACK
6
CONTINUOUS
10
3.0991017716535434
20
2.3707886220472441
11
3.1030724803149607
21
2.3690353937007873
0
LINE
8
BLACK
6
CONTINUOUS
10
3.1030724803149607
20
2.3690353937007873
11
3.1061416929133858
21
2.3659661811023622
0
LINE
8
BLACK
6
CONTINUOUS
10
3.1061416929133858
20
2.3659661811023622
11
3.1078949212598426
21
2.3619954724409449
0
LINE
8
BLACK
6
CONTINUOUS
10
3.1078949212598426
20
2.3619954724409449
11
3.1082086614173225
21
2.3592913385826773
0
LINE
8
BLACK
6
CONTINUOUS
10
3.1082086614173225
20
2.3592913385826773
11
3.1082086614173225
21
2.3238582677165356
0
LINE
8
BLACK
6
CONTINUOUS
10
3.1082086614173225
20
2.3238582677165356
11
3.1078949212598426
21
2.3211541338582675
0
LINE
8
BLACK
6
CONTINUOUS
10
3.1078949212598426
20
2.3211541338582675
11
3.1061416929133858
21
2.3171834251968502
0
LINE
8
BLACK
6
CONTINUOUS
10
3.1061416929133858
20
2.3171834251968502
11
3.1030724803149607
21
2.3141142125984251
0
LINE
8
BLACK
6
CONTINUOUS
10
3.1030724803149607
20
2.3141142125984251
11
3.0991017716535434
21
2.3123609842519683
0
LINE
8
BLACK
6
CONTINUOUS
10
3.0991017716535434
20
2.3123609842519683
11
3.0963976377952753
21
2.3120472440944879
0
LINE
8
BLACK
6
CONTINUOUS
10
3.0963976377952753
20
2.3120472440944879
11
3.0757283464566929
21
2.3120472440944879
0
LINE
8
BLACK
6
CONTINUOUS
10
3.0757283464566929
20
2.3120472440944879
11
3.0730242125984253
21
2.3123609842519683
0
LINE
8
BLACK
6
CONTINUOUS
10
3.0730242125984253
20
2.3123609842519683
11
3.0690535039370079
21
2.3141142125984251
0
LINE
8
BLACK
6
CONTINUOUS
10
3.0690535039370079
20
2.3141142125984251
11
3.0659842913385824
21
2.3171834251968502
0
LINE
8
BLACK
6
CONTINUOUS
10
3.0659842913385824
20
2.3171834251968502
11
3.0642310629921261
21
2.3211541338582675
0
LINE
8
BLACK
6
CONTINUOUS
10
3.0642310629921261
20
2.3211541338582675
11
3.0639173228346457
21
2.3238582677165356
0
LINE
8
BLACK
6
CONTINUOUS
10
3.0639173228346457
20
2.3238582677165356
11
3.0639173228346457
21
2.3592913385826773
0
LINE
8
BLACK
6
CONTINUOUS
10
3.0639173228346457
20
2.3592913385826773
11
3.0642310629921261
21
2.3619954724409449
0
LINE
8
BLACK
6
CONTINUOUS
10
3.0642310629921261
20
2.3619954724409449
11
3.0659842913385824
21
2.3659661811023622
0
LINE
8
BLACK
6
CONTINUOUS
10
3.0659842913385824
20
2.3659661811023622
11
3.0690535039370079
21
2.3690353937007873
0
LINE
8
BLACK
6
CONTINUOUS
10
3.0690535039370079
20
2.3690353937007873
11
3.0730242125984253
21
2.3707886220472441
0
LINE
8
BLACK
6
CONTINUOUS
10
3.0730242125984253
20
2.3707886220472441
11
3.0757283464566929
21
2.3711023622047245
0
LINE
8
BLACK
6
CONTINUOUS
10
3.0757283464566929
20
2.3711023622047245
11
3.0963976377952753
21
2.3711023622047245
0
LINE
8
BLACK
6
CONTINUOUS
10
3.0963976377952753
20
2.3711023622047245
11
3.0991017716535434
21
2.3707886220472441
0
LINE
8
BLACK
6
CONTINUOUS
10
5.3121923228346457
20
2.3893488582677165
11
5.3161630314960631
21
2.3875956299212597
0
LINE
8
BLACK
6
CONTINUOUS
10
5.3161630314960631
20
2.3875956299212597
11
5.3192322440944881
21
2.3845264173228347
0
LINE
8
BLACK
6
CONTINUOUS
10
5.3192322440944881
20
2.3845264173228347
11
5.3209854724409444
21
2.3805557086614173
0
LINE
8
BLACK
6
CONTINUOUS
10
5.3209854724409444
20
2.3805557086614173
11
5.3212992125984249
21
2.3778515748031497
0
LINE
8
BLACK
6
CONTINUOUS
10
5.3212992125984249
20
2.3778515748031497
11
5.3212992125984249
21
2.3621035433070867
0
LINE
8
BLACK
6
CONTINUOUS
10
5.3212992125984249
20
2.3621035433070867
11
5.3209854724409444
21
2.3593994094488187
0
LINE
8
BLACK
6
CONTINUOUS
10
5.3209854724409444
20
2.3593994094488187
11
5.3192322440944881
21
2.3554287007874017
0
LINE
8
BLACK
6
CONTINUOUS
10
5.3192322440944881
20
2.3554287007874017
11
5.3161630314960631
21
2.3523594881889762
0
LINE
8
BLACK
6
CONTINUOUS
10
5.3161630314960631
20
2.3523594881889762
11
5.3121923228346457
21
2.3506062598425195
0
LINE
8
BLACK
6
CONTINUOUS
10
5.3121923228346457
20
2.3506062598425195
11
5.3094881889763776
21
2.3502925196850395
0
LINE
8
BLACK
6
CONTINUOUS
10
5.3094881889763776
20
2.3502925196850395
11
5.2898031496062989
21
2.3502925196850395
0
LINE
8
BLACK
6
CONTINUOUS
10
5.2898031496062989
20
2.3502925196850395
11
5.2870990157480318
21
2.3506062598425195
0
LINE
8
BLACK
6
CONTINUOUS
10
5.2870990157480318
20
2.3506062598425195
11
5.2831283070866144
21
2.3523594881889762
0
LINE
8
BLACK
6
CONTINUOUS
10
5.2831283070866144
20
2.3523594881889762
11
5.2800590944881884
21
2.3554287007874017
0
LINE
8
BLACK
6
CONTINUOUS
10
5.2800590944881884
20
2.3554287007874017
11
5.2783058661417321
21
2.3593994094488187
0
LINE
8
BLACK
6
CONTINUOUS
10
5.2783058661417321
20
2.3593994094488187
11
5.2779921259842517
21
2.3621035433070867
0
LINE
8
BLACK
6
CONTINUOUS
10
5.2779921259842517
20
2.3621035433070867
11
5.2779921259842517
21
2.3778515748031497
0
LINE
8
BLACK
6
CONTINUOUS
10
5.2779921259842517
20
2.3778515748031497
11
5.2783058661417321
21
2.3805557086614173
0
LINE
8
BLACK
6
CONTINUOUS
10
5.2783058661417321
20
2.3805557086614173
11
5.2800590944881884
21
2.3845264173228347
0
LINE
8
BLACK
6
CONTINUOUS
10
5.2800590944881884
20
2.3845264173228347
11
5.2831283070866144
21
2.3875956299212597
0
LINE
8
BLACK
6
CONTINUOUS
10
5.2831283070866144
20
2.3875956299212597
11
5.2870990157480318
21
2.3893488582677165
0
LINE
8
BLACK
6
CONTINUOUS
10
5.2870990157480318
20
2.3893488582677165
11
5.2898031496062989
21
2.3896625984251969
0
LINE
8
BLACK
6
CONTINUOUS
10
5.2898031496062989
20
2.3896625984251969
11
5.3094881889763776
21
2.3896625984251969
0
LINE
8
BLACK
6
CONTINUOUS
10
5.3094881889763776
20
2.3896625984251969
11
5.3121923228346457
21
2.3893488582677165
0
LINE
8
BLACK
6
CONTINUOUS
10
5.1817789370078735
20
2.440449566929134
11
5.1857496456692909
21
2.4386963385826772
0
LINE
8
BLACK
6
CONTINUOUS
10
5.1857496456692909
20
2.4386963385826772
11
5.1888188582677168
21
2.4356271259842521
0
LINE
8
BLACK
6
CONTINUOUS
10
5.1888188582677168
20
2.4356271259842521
11
5.1905720866141731
21
2.4316564173228348
0
LINE
8
BLACK
6
CONTINUOUS
10
5.1905720866141731
20
2.4316564173228348
11
5.1908858267716536
21
2.4289522834645667
0
LINE
8
BLACK
6
CONTINUOUS
10
5.1908858267716536
20
2.4289522834645667
11
5.1908858267716536
21
2.393519212598425
0
LINE
8
BLACK
6
CONTINUOUS
10
5.1908858267716536
20
2.393519212598425
11
5.1905720866141731
21
2.3908150787401574
0
LINE
8
BLACK
6
CONTINUOUS
10
5.1905720866141731
20
2.3908150787401574
11
5.1888188582677168
21
2.3868443700787401
0
LINE
8
BLACK
6
CONTINUOUS
10
5.1888188582677168
20
2.3868443700787401
11
5.1857496456692909
21
2.383775157480315
0
LINE
8
BLACK
6
CONTINUOUS
10
5.1857496456692909
20
2.383775157480315
11
5.1817789370078735
21
2.3820219291338582
0
LINE
8
BLACK
6
CONTINUOUS
10
5.1817789370078735
20
2.3820219291338582
11
5.1790748031496063
21
2.3817081889763778
0
LINE
8
BLACK
6
CONTINUOUS
10
5.1790748031496063
20
2.3817081889763778
11
5.1584055118110239
21
2.3817081889763778
0
LINE
8
BLACK
6
CONTINUOUS
10
5.1584055118110239
20
2.3817081889763778
11
5.1557013779527558
21
2.3820219291338582
0
LINE
8
BLACK
6
CONTINUOUS
10
5.1557013779527558
20
2.3820219291338582
11
5.1517306692913385
21
2.383775157480315
0
LINE
8
BLACK
6
CONTINUOUS
10
5.1517306692913385
20
2.383775157480315
11
5.1486614566929134
21
2.3868443700787401
0
LINE
8
BLACK
6
CONTINUOUS
10
5.1486614566929134
20
2.3868443700787401
11
5.1469082283464562
21
2.3908150787401574
0
LINE
8
BLACK
6
CONTINUOUS
10
5.1469082283464562
20
2.3908150787401574
11
5.1465944881889767
21
2.393519212598425
0
LINE
8
BLACK
6
CONTINUOUS
10
5.1465944881889767
20
2.393519212598425
11
5.1465944881889767
21
2.4289522834645667
0
LINE
8
BLACK
6
CONTINUOUS
10
5.1465944881889767
20
2.4289522834645667
11
5.1469082283464562
21
2.4316564173228348
0
LINE
8
BLACK
6
CONTINUOUS
10
5.1469082283464562
20
2.4316564173228348
11
5.1486614566929134
21
2.4356271259842521
0
LINE
8
BLACK
6
CONTINUOUS
10
5.1486614566929134
20
2.4356271259842521
11
5.1517306692913385
21
2.4386963385826772
0
LINE
8
BLACK
6
CONTINUOUS
10
5.1517306692913385
20
2.4386963385826772
11
5.1557013779527558
21
2.440449566929134
0
LINE
8
BLACK
6
CONTINUOUS
10
5.1557013779527558
20
2.440449566929134
11
5.1584055118110239
21
2.4407633070866139
0
LINE
8
BLACK
6
CONTINUOUS
10
5.1584055118110239
20
2.4407633070866139
11
5.1790748031496063
21
2.4407633070866139
0
LINE
8
BLACK
6
CONTINUOUS
10
5.1790748031496063
20
2.4407633070866139
11
5.1817789370078735
21
2.440449566929134
0
LINE
8
BLACK
6
CONTINUOUS
10
5.2536293307086614
20
2.440449566929134
11
5.2576000393700788
21
2.4386963385826772
0
LINE
8
BLACK
6
CONTINUOUS
10
5.2576000393700788
20
2.4386963385826772
11
5.2606692519685039
21
2.4356271259842521
0
LINE
8
BLACK
6
CONTINUOUS
10
5.2606692519685039
20
2.4356271259842521
11
5.2624224803149602
21
2.4316564173228348
0
LINE
8
BLACK
6
CONTINUOUS
10
5.2624224803149602
20
2.4316564173228348
11
5.2627362204724406
21
2.4289522834645667
0
LINE
8
BLACK
6
CONTINUOUS
10
5.2627362204724406
20
2.4289522834645667
11
5.2627362204724406
21
2.393519212598425
0
LINE
8
BLACK
6
CONTINUOUS
10
5.2627362204724406
20
2.393519212598425
11
5.2624224803149602
21
2.3908150787401574
0
LINE
8
BLACK
6
CONTINUOUS
10
5.2624224803149602
20
2.3908150787401574
11
5.2606692519685039
21
2.3868443700787401
0
LINE
8
BLACK
6
CONTINUOUS
10
5.2606692519685039
20
2.3868443700787401
11
5.2576000393700788
21
2.383775157480315
0
LINE
8
BLACK
6
CONTINUOUS
10
5.2576000393700788
20
2.383775157480315
11
5.2536293307086614
21
2.3820219291338582
0
LINE
8
BLACK
6
CONTINUOUS
10
5.2536293307086614
20
2.3820219291338582
11
5.2509251968503934
21
2.3817081889763778
0
LINE
8
BLACK
6
CONTINUOUS
10
5.2509251968503934
20
2.3817081889763778
11
5.230255905511811
21
2.3817081889763778
0
LINE
8
BLACK
6
CONTINUOUS
10
5.230255905511811
20
2.3817081889763778
11
5.2275517716535429
21
2.3820219291338582
0
LINE
8
BLACK
6
CONTINUOUS
10
5.2275517716535429
20
2.3820219291338582
11
5.2235810629921255
21
2.383775157480315
0
LINE
8
BLACK
6
CONTINUOUS
10
5.2235810629921255
20
2.383775157480315
11
5.2205118503937005
21
2.3868443700787401
0
LINE
8
BLACK
6
CONTINUOUS
10
5.2205118503937005
20
2.3868443700787401
11
5.2187586220472442
21
2.3908150787401574
0
LINE
8
BLACK
6
CONTINUOUS
10
5.2187586220472442
20
2.3908150787401574
11
5.2184448818897637
21
2.393519212598425
0
LINE
8
BLACK
6
CONTINUOUS
10
5.2184448818897637
20
2.393519212598425
11
5.2184448818897637
21
2.4289522834645667
0
LINE
8
BLACK
6
CONTINUOUS
10
5.2184448818897637
20
2.4289522834645667
11
5.2187586220472442
21
2.4316564173228348
0
LINE
8
BLACK
6
CONTINUOUS
10
5.2187586220472442
20
2.4316564173228348
11
5.2205118503937005
21
2.4356271259842521
0
LINE
8
BLACK
6
CONTINUOUS
10
5.2205118503937005
20
2.4356271259842521
11
5.2235810629921255
21
2.4386963385826772
0
LINE
8
BLACK
6
CONTINUOUS
10
5.2235810629921255
20
2.4386963385826772
11
5.2275517716535429
21
2.440449566929134
0
LINE
8
BLACK
6
CONTINUOUS
10
5.2275517716535429
20
2.440449566929134
11
5.230255905511811
21
2.4407633070866139
0
LINE
8
BLACK
6
CONTINUOUS
10
5.230255905511811
20
2.4407633070866139
11
5.2509251968503934
21
2.4407633070866139
0
LINE
8
BLACK
6
CONTINUOUS
10
5.2509251968503934
20
2.4407633070866139
11
5.2536293307086614
21
2.440449566929134
0
LINE
8
BLACK
6
CONTINUOUS
10
0.562426968503937
20
2.4479909055118108
11
0.568559094488189
21
2.4454508661417322
0
LINE
8
BLACK
6
CONTINUOUS
10
0.568559094488189
20
2.4454508661417322
11
0.5740778740157481
21
2.441763346456693
0
LINE
8
BLACK
6
CONTINUOUS
10
0.5740778740157481
20
2.441763346456693
11
0.5787712204724409
21
2.4370699999999998
0
LINE
8
BLACK
6
CONTINUOUS
10
0.5787712204724409
20
2.4370699999999998
11
0.5824587401574803
21
2.431551220472441
0
LINE
8
BLACK
6
CONTINUOUS
10
0.5824587401574803
20
2.431551220472441
11
0.5849987795275591
21
2.425419094488189
0
LINE
8
BLACK
6
CONTINUOUS
10
0.5849987795275591
20
2.425419094488189
11
0.5862936614173229
21
2.418909251968504
0
LINE
8
BLACK
6
CONTINUOUS
10
0.5862936614173229
20
2.418909251968504
11
0.5862936614173229
21
2.4122718503937008
0
LINE
8
BLACK
6
CONTINUOUS
10
0.5862936614173229
20
2.4122718503937008
11
0.5849987795275591
21
2.4057620078740158
0
LINE
8
BLACK
6
CONTINUOUS
10
0.5849987795275591
20
2.4057620078740158
11
0.5824587401574803
21
2.3996298818897639
0
LINE
8
BLACK
6
CONTINUOUS
10
0.5824587401574803
20
2.3996298818897639
11
0.5787712204724409
21
2.3941111023622046
0
LINE
8
BLACK
6
CONTINUOUS
10
0.5787712204724409
20
2.3941111023622046
11
0.5740778740157481
21
2.3894177559055119
0
LINE
8
BLACK
6
CONTINUOUS
10
0.5740778740157481
20
2.3894177559055119
11
0.568559094488189
21
2.3857302362204722
0
LINE
8
BLACK
6
CONTINUOUS
10
0.568559094488189
20
2.3857302362204722
11
0.562426968503937
21
2.3831901968503937
0
LINE
8
BLACK
6
CONTINUOUS
10
0.562426968503937
20
2.3831901968503937
11
0.5559171259842519
21
2.3818953149606297
0
LINE
8
BLACK
6
CONTINUOUS
10
0.5559171259842519
20
2.3818953149606297
11
0.5492797244094488
21
2.3818953149606297
0
LINE
8
BLACK
6
CONTINUOUS
10
0.5492797244094488
20
2.3818953149606297
11
0.5427698818897637
21
2.3831901968503937
0
LINE
8
BLACK
6
CONTINUOUS
10
0.5427698818897637
20
2.3831901968503937
11
0.5366377559055118
21
2.3857302362204722
0
LINE
8
BLACK
6
CONTINUOUS
10
0.5366377559055118
20
2.3857302362204722
11
0.5311189763779527
21
2.3894177559055119
0
LINE
8
BLACK
6
CONTINUOUS
10
0.5311189763779527
20
2.3894177559055119
11
0.5264256299212599
21
2.3941111023622046
0
LINE
8
BLACK
6
CONTINUOUS
10
0.5264256299212599
20
2.3941111023622046
11
0.5227381102362204
21
2.3996298818897639
0
LINE
8
BLACK
6
CONTINUOUS
10
0.5227381102362204
20
2.3996298818897639
11
0.5201980708661417
21
2.4057620078740158
0
LINE
8
BLACK
6
CONTINUOUS
10
0.5201980708661417
20
2.4057620078740158
11
0.518903188976378
21
2.4122718503937008
0
LINE
8
BLACK
6
CONTINUOUS
10
0.518903188976378
20
2.4122718503937008
11
0.518903188976378
21
2.418909251968504
0
LINE
8
BLACK
6
CONTINUOUS
10
0.518903188976378
20
2.418909251968504
11
0.5201980708661417
21
2.425419094488189
0
LINE
8
BLACK
6
CONTINUOUS
10
0.5201980708661417
20
2.425419094488189
11
0.5227381102362204
21
2.431551220472441
0
LINE
8
BLACK
6
CONTINUOUS
10
0.5227381102362204
20
2.431551220472441
11
0.5264256299212599
21
2.4370699999999998
0
LINE
8
BLACK
6
CONTINUOUS
10
0.5264256299212599
20
2.4370699999999998
11
0.5311189763779527
21
2.441763346456693
0
LINE
8
BLACK
6
CONTINUOUS
10
0.5311189763779527
20
2.441763346456693
11
0.5366377559055118
21
2.4454508661417322
0
LINE
8
BLACK
6
CONTINUOUS
10
0.5366377559055118
20
2.4454508661417322
11
0.5427698818897637
21
2.4479909055118108
0
LINE
8
BLACK
6
CONTINUOUS
10
0.5427698818897637
20
2.4479909055118108
11
0.5492797244094488
21
2.4492857874015748
0
LINE
8
BLACK
6
CONTINUOUS
10
0.5492797244094488
20
2.4492857874015748
11
0.5559171259842519
21
2.4492857874015748
0
LINE
8
BLACK
6
CONTINUOUS
10
0.5559171259842519
20
2.4492857874015748
11
0.562426968503937
21
2.4479909055118108
0
LINE
8
BLACK
6
CONTINUOUS
10
0.6608521653543307
20
2.4479909055118108
11
0.6669842913385826
21
2.4454508661417322
0
LINE
8
BLACK
6
CONTINUOUS
10
0.6669842913385826
20
2.4454508661417322
11
0.6725030708661417
21
2.441763346456693
0
LINE
8
BLACK
6
CONTINUOUS
10
0.6725030708661417
20
2.441763346456693
11
0.6771964173228346
21
2.4370699999999998
0
LINE
8
BLACK
6
CONTINUOUS
10
0.6771964173228346
20
2.4370699999999998
11
0.680883937007874
21
2.431551220472441
0
LINE
8
BLACK
6
CONTINUOUS
10
0.680883937007874
20
2.431551220472441
11
0.6834239763779527
21
2.425419094488189
0
LINE
8
BLACK
6
CONTINUOUS
10
0.6834239763779527
20
2.425419094488189
11
0.6847188582677165
21
2.418909251968504
0
LINE
8
BLACK
6
CONTINUOUS
10
0.6847188582677165
20
2.418909251968504
11
0.6847188582677165
21
2.4122718503937008
0
LINE
8
BLACK
6
CONTINUOUS
10
0.6847188582677165
20
2.4122718503937008
11
0.6834239763779527
21
2.4057620078740158
0
LINE
8
BLACK
6
CONTINUOUS
10
0.6834239763779527
20
2.4057620078740158
11
0.680883937007874
21
2.3996298818897639
0
LINE
8
BLACK
6
CONTINUOUS
10
0.680883937007874
20
2.3996298818897639
11
0.6771964173228346
21
2.3941111023622046
0
LINE
8
BLACK
6
CONTINUOUS
10
0.6771964173228346
20
2.3941111023622046
11
0.6725030708661417
21
2.3894177559055119
0
LINE
8
BLACK
6
CONTINUOUS
10
0.6725030708661417
20
2.3894177559055119
11
0.6669842913385826
21
2.3857302362204722
0
LINE
8
BLACK
6
CONTINUOUS
10
0.6669842913385826
20
2.3857302362204722
11
0.6608521653543307
21
2.3831901968503937
0
LINE
8
BLACK
6
CONTINUOUS
10
0.6608521653543307
20
2.3831901968503937
11
0.6543423228346457
21
2.3818953149606297
0
LINE
8
BLACK
6
CONTINUOUS
10
0.6543423228346457
20
2.3818953149606297
11
0.6477049212598425
21
2.3818953149606297
0
LINE
8
BLACK
6
CONTINUOUS
10
0.6477049212598425
20
2.3818953149606297
11
0.6411950787401575
21
2.3831901968503937
0
LINE
8
BLACK
6
CONTINUOUS
10
0.6411950787401575
20
2.3831901968503937
11
0.6350629527559055
21
2.3857302362204722
0
LINE
8
BLACK
6
CONTINUOUS
10
0.6350629527559055
20
2.3857302362204722
11
0.6295441732283464
21
2.3894177559055119
0
LINE
8
BLACK
6
CONTINUOUS
10
0.6295441732283464
20
2.3894177559055119
11
0.6248508267716535
21
2.3941111023622046
0
LINE
8
BLACK
6
CONTINUOUS
10
0.6248508267716535
20
2.3941111023622046
11
0.6211633070866142
21
2.3996298818897639
0
LINE
8
BLACK
6
CONTINUOUS
10
0.6211633070866142
20
2.3996298818897639
11
0.6186232677165354
21
2.4057620078740158
0
LINE
8
BLACK
6
CONTINUOUS
10
0.6186232677165354
20
2.4057620078740158
11
0.6173283858267716
21
2.4122718503937008
0
LINE
8
BLACK
6
CONTINUOUS
10
0.6173283858267716
20
2.4122718503937008
11
0.6173283858267716
21
2.418909251968504
0
LINE
8
BLACK
6
CONTINUOUS
10
0.6173283858267716
20
2.418909251968504
11
0.6186232677165354
21
2.425419094488189
0
LINE
8
BLACK
6
CONTINUOUS
10
0.6186232677165354
20
2.425419094488189
11
0.6211633070866142
21
2.431551220472441
0
LINE
8
BLACK
6
CONTINUOUS
10
0.6211633070866142
20
2.431551220472441
11
0.6248508267716535
21
2.4370699999999998
0
LINE
8
BLACK
6
CONTINUOUS
10
0.6248508267716535
20
2.4370699999999998
11
0.6295441732283464
21
2.441763346456693
0
LINE
8
BLACK
6
CONTINUOUS
10
0.6295441732283464
20
2.441763346456693
11
0.6350629527559055
21
2.4454508661417322
0
LINE
8
BLACK
6
CONTINUOUS
10
0.6350629527559055
20
2.4454508661417322
11
0.6411950787401575
21
2.4479909055118108
0
LINE
8
BLACK
6
CONTINUOUS
10
0.6411950787401575
20
2.4479909055118108
11
0.6477049212598425
21
2.4492857874015748
0
LINE
8
BLACK
6
CONTINUOUS
10
0.6477049212598425
20
2.4492857874015748
11
0.6543423228346457
21
2.4492857874015748
0
LINE
8
BLACK
6
CONTINUOUS
10
0.6543423228346457
20
2.4492857874015748
11
0.6608521653543307
21
2.4479909055118108
0
LINE
8
BLACK
6
CONTINUOUS
10
0.7592773622047244
20
2.4479909055118108
11
0.7654094881889764
21
2.4454508661417322
0
LINE
8
BLACK
6
CONTINUOUS
10
0.7654094881889764
20
2.4454508661417322
11
0.7709282677165354
21
2.441763346456693
0
LINE
8
BLACK
6
CONTINUOUS
10
0.7709282677165354
20
2.441763346456693
11
0.7756216141732283
21
2.4370699999999998
0
LINE
8
BLACK
6
CONTINUOUS
10
0.7756216141732283
20
2.4370699999999998
11
0.7793091338582677
21
2.431551220472441
0
LINE
8
BLACK
6
CONTINUOUS
10
0.7793091338582677
20
2.431551220472441
11
0.7818491732283465
21
2.425419094488189
0
LINE
8
BLACK
6
CONTINUOUS
10
0.7818491732283465
20
2.425419094488189
11
0.7831440551181102
21
2.418909251968504
0
LINE
8
BLACK
6
CONTINUOUS
10
0.7831440551181102
20
2.418909251968504
11
0.7831440551181102
21
2.4122718503937008
0
LINE
8
BLACK
6
CONTINUOUS
10
0.7831440551181102
20
2.4122718503937008
11
0.7818491732283465
21
2.4057620078740158
0
LINE
8
BLACK
6
CONTINUOUS
10
0.7818491732283465
20
2.4057620078740158
11
0.7793091338582677
21
2.3996298818897639
0
LINE
8
BLACK
6
CONTINUOUS
10
0.7793091338582677
20
2.3996298818897639
11
0.7756216141732283
21
2.3941111023622046
0
LINE
8
BLACK
6
CONTINUOUS
10
0.7756216141732283
20
2.3941111023622046
11
0.7709282677165354
21
2.3894177559055119
0
LINE
8
BLACK
6
CONTINUOUS
10
0.7709282677165354
20
2.3894177559055119
11
0.7654094881889764
21
2.3857302362204722
0
LINE
8
BLACK
6
CONTINUOUS
10
0.7654094881889764
20
2.3857302362204722
11
0.7592773622047244
21
2.3831901968503937
0
LINE
8
BLACK
6
CONTINUOUS
10
0.7592773622047244
20
2.3831901968503937
11
0.7527675196850393
21
2.3818953149606297
0
LINE
8
BLACK
6
CONTINUOUS
10
0.7527675196850393
20
2.3818953149606297
11
0.7461301181102362
21
2.3818953149606297
0
LINE
8
BLACK
6
CONTINUOUS
10
0.7461301181102362
20
2.3818953149606297
11
0.7396202755905512
21
2.3831901968503937
0
LINE
8
BLACK
6
CONTINUOUS
10
0.7396202755905512
20
2.3831901968503937
11
0.7334881496062992
21
2.3857302362204722
0
LINE
8
BLACK
6
CONTINUOUS
10
0.7334881496062992
20
2.3857302362204722
11
0.7279693700787402
21
2.3894177559055119
0
LINE
8
BLACK
6
CONTINUOUS
10
0.7279693700787402
20
2.3894177559055119
11
0.7232760236220472
21
2.3941111023622046
0
LINE
8
BLACK
6
CONTINUOUS
10
0.7232760236220472
20
2.3941111023622046
11
0.7195885039370079
21
2.3996298818897639
0
LINE
8
BLACK
6
CONTINUOUS
10
0.7195885039370079
20
2.3996298818897639
11
0.7170484645669292
21
2.4057620078740158
0
LINE
8
BLACK
6
CONTINUOUS
10
0.7170484645669292
20
2.4057620078740158
11
0.7157535826771654
21
2.4122718503937008
0
LINE
8
BLACK
6
CONTINUOUS
10
0.7157535826771654
20
2.4122718503937008
11
0.7157535826771654
21
2.418909251968504
0
LINE
8
BLACK
6
CONTINUOUS
10
0.7157535826771654
20
2.418909251968504
11
0.7170484645669292
21
2.425419094488189
0
LINE
8
BLACK
6
CONTINUOUS
10
0.7170484645669292
20
2.425419094488189
11
0.7195885039370079
21
2.431551220472441
0
LINE
8
BLACK
6
CONTINUOUS
10
0.7195885039370079
20
2.431551220472441
11
0.7232760236220472
21
2.4370699999999998
0
LINE
8
BLACK
6
CONTINUOUS
10
0.7232760236220472
20
2.4370699999999998
11
0.7279693700787402
21
2.441763346456693
0
LINE
8
BLACK
6
CONTINUOUS
10
0.7279693700787402
20
2.441763346456693
11
0.7334881496062992
21
2.4454508661417322
0
LINE
8
BLACK
6
CONTINUOUS
10
0.7334881496062992
20
2.4454508661417322
11
0.7396202755905512
21
2.4479909055118108
0
LINE
8
BLACK
6
CONTINUOUS
10
0.7396202755905512
20
2.4479909055118108
11
0.7461301181102362
21
2.4492857874015748
0
LINE
8
BLACK
6
CONTINUOUS
10
0.7461301181102362
20
2.4492857874015748
11
0.7527675196850393
21
2.4492857874015748
0
LINE
8
BLACK
6
CONTINUOUS
10
0.7527675196850393
20
2.4492857874015748
11
0.7592773622047244
21
2.4479909055118108
0
LINE
8
BLACK
6
CONTINUOUS
10
0.8577025590551181
20
2.4479909055118108
11
0.8638346850393701
21
2.4454508661417322
0
LINE
8
BLACK
6
CONTINUOUS
10
0.8638346850393701
20
2.4454508661417322
11
0.8693534645669291
21
2.441763346456693
0
LINE
8
BLACK
6
CONTINUOUS
10
0.8693534645669291
20
2.441763346456693
11
0.874046811023622
21
2.4370699999999998
0
LINE
8
BLACK
6
CONTINUOUS
10
0.874046811023622
20
2.4370699999999998
11
0.8777343307086614
21
2.431551220472441
0
LINE
8
BLACK
6
CONTINUOUS
10
0.8777343307086614
20
2.431551220472441
11
0.8802743700787401
21
2.425419094488189
0
LINE
8
BLACK
6
CONTINUOUS
10
0.8802743700787401
20
2.425419094488189
11
0.8815692519685039
21
2.418909251968504
0
LINE
8
BLACK
6
CONTINUOUS
10
0.8815692519685039
20
2.418909251968504
11
0.8815692519685039
21
2.4122718503937008
0
LINE
8
BLACK
6
CONTINUOUS
10
0.8815692519685039
20
2.4122718503937008
11
0.8802743700787401
21
2.4057620078740158
0
LINE
8
BLACK
6
CONTINUOUS
10
0.8802743700787401
20
2.4057620078740158
11
0.8777343307086614
21
2.3996298818897639
0
LINE
8
BLACK
6
CONTINUOUS
10
0.8777343307086614
20
2.3996298818897639
11
0.874046811023622
21
2.3941111023622046
0
LINE
8
BLACK
6
CONTINUOUS
10
0.874046811023622
20
2.3941111023622046
11
0.8693534645669291
21
2.3894177559055119
0
LINE
8
BLACK
6
CONTINUOUS
10
0.8693534645669291
20
2.3894177559055119
11
0.8638346850393701
21
2.3857302362204722
0
LINE
8
BLACK
6
CONTINUOUS
10
0.8638346850393701
20
2.3857302362204722
11
0.8577025590551181
21
2.3831901968503937
0
LINE
8
BLACK
6
CONTINUOUS
10
0.8577025590551181
20
2.3831901968503937
11
0.851192716535433
21
2.3818953149606297
0
LINE
8
BLACK
6
CONTINUOUS
10
0.851192716535433
20
2.3818953149606297
11
0.8445553149606299
21
2.3818953149606297
0
LINE
8
BLACK
6
CONTINUOUS
10
0.8445553149606299
20
2.3818953149606297
11
0.8380454724409448
21
2.3831901968503937
0
LINE
8
BLACK
6
CONTINUOUS
10
0.8380454724409448
20
2.3831901968503937
11
0.8319133464566929
21
2.3857302362204722
0
LINE
8
BLACK
6
CONTINUOUS
10
0.8319133464566929
20
2.3857302362204722
11
0.8263945669291338
21
2.3894177559055119
0
LINE
8
BLACK
6
CONTINUOUS
10
0.8263945669291338
20
2.3894177559055119
11
0.8217012204724409
21
2.3941111023622046
0
LINE
8
BLACK
6
CONTINUOUS
10
0.8217012204724409
20
2.3941111023622046
11
0.8180137007874015
21
2.3996298818897639
0
LINE
8
BLACK
6
CONTINUOUS
10
0.8180137007874015
20
2.3996298818897639
11
0.8154736614173228
21
2.4057620078740158
0
LINE
8
BLACK
6
CONTINUOUS
10
0.8154736614173228
20
2.4057620078740158
11
0.814178779527559
21
2.4122718503937008
0
LINE
8
BLACK
6
CONTINUOUS
10
0.814178779527559
20
2.4122718503937008
11
0.814178779527559
21
2.418909251968504
0
LINE
8
BLACK
6
CONTINUOUS
10
0.814178779527559
20
2.418909251968504
11
0.8154736614173228
21
2.425419094488189
0
LINE
8
BLACK
6
CONTINUOUS
10
0.8154736614173228
20
2.425419094488189
11
0.8180137007874015
21
2.431551220472441
0
LINE
8
BLACK
6
CONTINUOUS
10
0.8180137007874015
20
2.431551220472441
11
0.8217012204724409
21
2.4370699999999998
0
LINE
8
BLACK
6
CONTINUOUS
10
0.8217012204724409
20
2.4370699999999998
11
0.8263945669291338
21
2.441763346456693
0
LINE
8
BLACK
6
CONTINUOUS
10
0.8263945669291338
20
2.441763346456693
11
0.8319133464566929
21
2.4454508661417322
0
LINE
8
BLACK
6
CONTINUOUS
10
0.8319133464566929
20
2.4454508661417322
11
0.8380454724409448
21
2.4479909055118108
0
LINE
8
BLACK
6
CONTINUOUS
10
0.8380454724409448
20
2.4479909055118108
11
0.8445553149606299
21
2.4492857874015748
0
LINE
8
BLACK
6
CONTINUOUS
10
0.8445553149606299
20
2.4492857874015748
11
0.851192716535433
21
2.4492857874015748
0
LINE
8
BLACK
6
CONTINUOUS
10
0.851192716535433
20
2.4492857874015748
11
0.8577025590551181
21
2.4479909055118108
0
LINE
8
BLACK
6
CONTINUOUS
10
0.9561277559055118
20
2.4479909055118108
11
0.9622598818897637
21
2.4454508661417322
0
LINE
8
BLACK
6
CONTINUOUS
10
0.9622598818897637
20
2.4454508661417322
11
0.9677786614173228
21
2.441763346456693
0
LINE
8
BLACK
6
CONTINUOUS
10
0.9677786614173228
20
2.441763346456693
11
0.9724720078740158
21
2.4370699999999998
0
LINE
8
BLACK
6
CONTINUOUS
10
0.9724720078740158
20
2.4370699999999998
11
0.9761595275590551
21
2.431551220472441
0
LINE
8
BLACK
6
CONTINUOUS
10
0.9761595275590551
20
2.431551220472441
11
0.9786995669291338
21
2.425419094488189
0
LINE
8
BLACK
6
CONTINUOUS
10
0.9786995669291338
20
2.425419094488189
11
0.9799944488188976
21
2.418909251968504
0
LINE
8
BLACK
6
CONTINUOUS
10
0.9799944488188976
20
2.418909251968504
11
0.9799944488188976
21
2.4122718503937008
0
LINE
8
BLACK
6
CONTINUOUS
10
0.9799944488188976
20
2.4122718503937008
11
0.9786995669291338
21
2.4057620078740158
0
LINE
8
BLACK
6
CONTINUOUS
10
0.9786995669291338
20
2.4057620078740158
11
0.9761595275590551
21
2.3996298818897639
0
LINE
8
BLACK
6
CONTINUOUS
10
0.9761595275590551
20
2.3996298818897639
11
0.9724720078740158
21
2.3941111023622046
0
LINE
8
BLACK
6
CONTINUOUS
10
0.9724720078740158
20
2.3941111023622046
11
0.9677786614173228
21
2.3894177559055119
0
LINE
8
BLACK
6
CONTINUOUS
10
0.9677786614173228
20
2.3894177559055119
11
0.9622598818897637
21
2.3857302362204722
0
LINE
8
BLACK
6
CONTINUOUS
10
0.9622598818897637
20
2.3857302362204722
11
0.9561277559055118
21
2.3831901968503937
0
LINE
8
BLACK
6
CONTINUOUS
10
0.9561277559055118
20
2.3831901968503937
11
0.9496179133858268
21
2.3818953149606297
0
LINE
8
BLACK
6
CONTINUOUS
10
0.9496179133858268
20
2.3818953149606297
11
0.9429805118110236
21
2.3818953149606297
0
LINE
8
BLACK
6
CONTINUOUS
10
0.9429805118110236
20
2.3818953149606297
11
0.9364706692913386
21
2.3831901968503937
0
LINE
8
BLACK
6
CONTINUOUS
10
0.9364706692913386
20
2.3831901968503937
11
0.9303385433070865
21
2.3857302362204722
0
LINE
8
BLACK
6
CONTINUOUS
10
0.9303385433070865
20
2.3857302362204722
11
0.9248197637795276
21
2.3894177559055119
0
LINE
8
BLACK
6
CONTINUOUS
10
0.9248197637795276
20
2.3894177559055119
11
0.9201264173228346
21
2.3941111023622046
0
LINE
8
BLACK
6
CONTINUOUS
10
0.9201264173228346
20
2.3941111023622046
11
0.9164388976377953
21
2.3996298818897639
0
LINE
8
BLACK
6
CONTINUOUS
10
0.9164388976377953
20
2.3996298818897639
11
0.9138988582677166
21
2.4057620078740158
0
LINE
8
BLACK
6
CONTINUOUS
10
0.9138988582677166
20
2.4057620078740158
11
0.9126039763779528
21
2.4122718503937008
0
LINE
8
BLACK
6
CONTINUOUS
10
0.9126039763779528
20
2.4122718503937008
11
0.9126039763779528
21
2.418909251968504
0
LINE
8
BLACK
6
CONTINUOUS
10
0.9126039763779528
20
2.418909251968504
11
0.9138988582677166
21
2.425419094488189
0
LINE
8
BLACK
6
CONTINUOUS
10
0.9138988582677166
20
2.425419094488189
11
0.9164388976377953
21
2.431551220472441
0
LINE
8
BLACK
6
CONTINUOUS
10
0.9164388976377953
20
2.431551220472441
11
0.9201264173228346
21
2.4370699999999998
0
LINE
8
BLACK
6
CONTINUOUS
10
0.9201264173228346
20
2.4370699999999998
11
0.9248197637795276
21
2.441763346456693
0
LINE
8
BLACK
6
CONTINUOUS
10
0.9248197637795276
20
2.441763346456693
11
0.9303385433070865
21
2.4454508661417322
0
LINE
8
BLACK
6
CONTINUOUS
10
0.9303385433070865
20
2.4454508661417322
11
0.9364706692913386
21
2.4479909055118108
0
LINE
8
BLACK
6
CONTINUOUS
10
0.9364706692913386
20
2.4479909055118108
11
0.9429805118110236
21
2.4492857874015748
0
LINE
8
BLACK
6
CONTINUOUS
10
0.9429805118110236
20
2.4492857874015748
11
0.9496179133858268
21
2.4492857874015748
0
LINE
8
BLACK
6
CONTINUOUS
10
0.9496179133858268
20
2.4492857874015748
11
0.9561277559055118
21
2.4479909055118108
0
LINE
8
BLACK
6
CONTINUOUS
10
3.0272513779527559
20
2.4514972834645667
11
3.0312220866141733
21
2.44974405511811
0
LINE
8
BLACK
6
CONTINUOUS
10
3.0312220866141733
20
2.44974405511811
11
3.0342912992125983
21
2.4466748425196849
0
LINE
8
BLACK
6
CONTINUOUS
10
3.0342912992125983
20
2.4466748425196849
11
3.0360445275590551
21
2.4427041338582676
0
LINE
8
BLACK
6
CONTINUOUS
10
3.0360445275590551
20
2.4427041338582676
11
3.0363582677165355
21
2.4399999999999999
0
LINE
8
BLACK
6
CONTINUOUS
10
3.0363582677165355
20
2.4399999999999999
11
3.0363582677165355
21
2.4045669291338583
0
LINE
8
BLACK
6
CONTINUOUS
10
3.0363582677165355
20
2.4045669291338583
11
3.0360445275590551
21
2.4018627952755907
0
LINE
8
BLACK
6
CONTINUOUS
10
3.0360445275590551
20
2.4018627952755907
11
3.0342912992125983
21
2.3978920866141733
0
LINE
8
BLACK
6
CONTINUOUS
10
3.0342912992125983
20
2.3978920866141733
11
3.0312220866141733
21
2.3948228740157478
0
LINE
8
BLACK
6
CONTINUOUS
10
3.0312220866141733
20
2.3948228740157478
11
3.0272513779527559
21
2.3930696456692915
0
LINE
8
BLACK
6
CONTINUOUS
10
3.0272513779527559
20
2.3930696456692915
11
3.0245472440944883
21
2.3927559055118111
0
LINE
8
BLACK
6
CONTINUOUS
10
3.0245472440944883
20
2.3927559055118111
11
3.0038779527559054
21
2.3927559055118111
0
LINE
8
BLACK
6
CONTINUOUS
10
3.0038779527559054
20
2.3927559055118111
11
3.0011738188976378
21
2.3930696456692915
0
LINE
8
BLACK
6
CONTINUOUS
10
3.0011738188976378
20
2.3930696456692915
11
2.9972031102362204
21
2.3948228740157478
0
LINE
8
BLACK
6
CONTINUOUS
10
2.9972031102362204
20
2.3948228740157478
11
2.9941338976377954
21
2.3978920866141733
0
LINE
8
BLACK
6
CONTINUOUS
10
2.9941338976377954
20
2.3978920866141733
11
2.9923806692913386
21
2.4018627952755907
0
LINE
8
BLACK
6
CONTINUOUS
10
2.9923806692913386
20
2.4018627952755907
11
2.9920669291338582
21
2.4045669291338583
0
LINE
8
BLACK
6
CONTINUOUS
10
2.9920669291338582
20
2.4045669291338583
11
2.9920669291338582
21
2.4399999999999999
0
LINE
8
BLACK
6
CONTINUOUS
10
2.9920669291338582
20
2.4399999999999999
11
2.9923806692913386
21
2.4427041338582676
0
LINE
8
BLACK
6
CONTINUOUS
10
2.9923806692913386
20
2.4427041338582676
11
2.9941338976377954
21
2.4466748425196849
0
LINE
8
BLACK
6
CONTINUOUS
10
2.9941338976377954
20
2.4466748425196849
11
2.9972031102362204
21
2.44974405511811
0
LINE
8
BLACK
6
CONTINUOUS
10
2.9972031102362204
20
2.44974405511811
11
3.0011738188976378
21
2.4514972834645667
0
LINE
8
BLACK
6
CONTINUOUS
10
3.0011738188976378
20
2.4514972834645667
11
3.0038779527559054
21
2.4518110236220472
0
LINE
8
BLACK
6
CONTINUOUS
10
3.0038779527559054
20
2.4518110236220472
11
3.0245472440944883
21
2.4518110236220472
0
LINE
8
BLACK
6
CONTINUOUS
10
3.0245472440944883
20
2.4518110236220472
11
3.0272513779527559
21
2.4514972834645667
0
LINE
8
BLACK
6
CONTINUOUS
10
3.0991017716535434
20
2.4514972834645667
11
3.1030724803149607
21
2.44974405511811
0
LINE
8
BLACK
6
CONTINUOUS
10
3.1030724803149607
20
2.44974405511811
11
3.1061416929133858
21
2.4466748425196849
0
LINE
8
BLACK
6
CONTINUOUS
10
3.1061416929133858
20
2.4466748425196849
11
3.1078949212598426
21
2.4427041338582676
0
LINE
8
BLACK
6
CONTINUOUS
10
3.1078949212598426
20
2.4427041338582676
11
3.1082086614173225
21
2.4399999999999999
0
LINE
8
BLACK
6
CONTINUOUS
10
3.1082086614173225
20
2.4399999999999999
11
3.1082086614173225
21
2.4045669291338583
0
LINE
8
BLACK
6
CONTINUOUS
10
3.1082086614173225
20
2.4045669291338583
11
3.1078949212598426
21
2.4018627952755907
0
LINE
8
BLACK
6
CONTINUOUS
10
3.1078949212598426
20
2.4018627952755907
11
3.1061416929133858
21
2.3978920866141733
0
LINE
8
BLACK
6
CONTINUOUS
10
3.1061416929133858
20
2.3978920866141733
11
3.1030724803149607
21
2.3948228740157478
0
LINE
8
BLACK
6
CONTINUOUS
10
3.1030724803149607
20
2.3948228740157478
11
3.0991017716535434
21
2.3930696456692915
0
LINE
8
BLACK
6
CONTINUOUS
10
3.0991017716535434
20
2.3930696456692915
11
3.0963976377952753
21
2.3927559055118111
0
LINE
8
BLACK
6
CONTINUOUS
10
3.0963976377952753
20
2.3927559055118111
11
3.0757283464566929
21
2.3927559055118111
0
LINE
8
BLACK
6
CONTINUOUS
10
3.0757283464566929
20
2.3927559055118111
11
3.0730242125984253
21
2.3930696456692915
0
LINE
8
BLACK
6
CONTINUOUS
10
3.0730242125984253
20
2.3930696456692915
11
3.0690535039370079
21
2.3948228740157478
0
LINE
8
BLACK
6
CONTINUOUS
10
3.0690535039370079
20
2.3948228740157478
11
3.0659842913385824
21
2.3978920866141733
0
LINE
8
BLACK
6
CONTINUOUS
10
3.0659842913385824
20
2.3978920866141733
11
3.0642310629921261
21
2.4018627952755907
0
LINE
8
BLACK
6
CONTINUOUS
10
3.0642310629921261
20
2.4018627952755907
11
3.0639173228346457
21
2.4045669291338583
0
LINE
8
BLACK
6
CONTINUOUS
10
3.0639173228346457
20
2.4045669291338583
11
3.0639173228346457
21
2.4399999999999999
0
LINE
8
BLACK
6
CONTINUOUS
10
3.0639173228346457
20
2.4399999999999999
11
3.0642310629921261
21
2.4427041338582676
0
LINE
8
BLACK
6
CONTINUOUS
10
3.0642310629921261
20
2.4427041338582676
11
3.0659842913385824
21
2.4466748425196849
0
LINE
8
BLACK
6
CONTINUOUS
10
3.0659842913385824
20
2.4466748425196849
11
3.0690535039370079
21
2.44974405511811
0
LINE
8
BLACK
6
CONTINUOUS
10
3.0690535039370079
20
2.44974405511811
11
3.0730242125984253
21
2.4514972834645667
0
LINE
8
BLACK
6
CONTINUOUS
10
3.0730242125984253
20
2.4514972834645667
11
3.0757283464566929
21
2.4518110236220472
0
LINE
8
BLACK
6
CONTINUOUS
10
3.0757283464566929
20
2.4518110236220472
11
3.0963976377952753
21
2.4518110236220472
0
LINE
8
BLACK
6
CONTINUOUS
10
3.0963976377952753
20
2.4518110236220472
11
3.0991017716535434
21
2.4514972834645667
0
LINE
8
BLACK
6
CONTINUOUS
10
5.3121923228346457
20
2.4523409842519683
11
5.3161630314960631
21
2.4505877559055116
0
LINE
8
BLACK
6
CONTINUOUS
10
5.3161630314960631
20
2.4505877559055116
11
5.3192322440944881
21
2.4475185433070865
0
LINE
8
BLACK
6
CONTINUOUS
10
5.3192322440944881
20
2.4475185433070865
11
5.3209854724409444
21
2.4435478346456692
0
LINE
8
BLACK
6
CONTINUOUS
10
5.3209854724409444
20
2.4435478346456692
11
5.3212992125984249
21
2.4408437007874015
0
LINE
8
BLACK
6
CONTINUOUS
10
5.3212992125984249
20
2.4408437007874015
11
5.3212992125984249
21
2.4250956692913386
0
LINE
8
BLACK
6
CONTINUOUS
10
5.3212992125984249
20
2.4250956692913386
11
5.3209854724409444
21
2.422391535433071
0
LINE
8
BLACK
6
CONTINUOUS
10
5.3209854724409444
20
2.422391535433071
11
5.3192322440944881
21
2.4184208267716536
0
LINE
8
BLACK
6
CONTINUOUS
10
5.3192322440944881
20
2.4184208267716536
11
5.3161630314960631
21
2.4153516141732281
0
LINE
8
BLACK
6
CONTINUOUS
10
5.3161630314960631
20
2.4153516141732281
11
5.3121923228346457
21
2.4135983858267718
0
LINE
8
BLACK
6
CONTINUOUS
10
5.3121923228346457
20
2.4135983858267718
11
5.3094881889763776
21
2.4132846456692914
0
LINE
8
BLACK
6
CONTINUOUS
10
5.3094881889763776
20
2.4132846456692914
11
5.2898031496062989
21
2.4132846456692914
0
LINE
8
BLACK
6
CONTINUOUS
10
5.2898031496062989
20
2.4132846456692914
11
5.2870990157480318
21
2.4135983858267718
0
LINE
8
BLACK
6
CONTINUOUS
10
5.2870990157480318
20
2.4135983858267718
11
5.2831283070866144
21
2.4153516141732281
0
LINE
8
BLACK
6
CONTINUOUS
10
5.2831283070866144
20
2.4153516141732281
11
5.2800590944881884
21
2.4184208267716536
0
LINE
8
BLACK
6
CONTINUOUS
10
5.2800590944881884
20
2.4184208267716536
11
5.2783058661417321
21
2.422391535433071
0
LINE
8
BLACK
6
CONTINUOUS
10
5.2783058661417321
20
2.422391535433071
11
5.2779921259842517
21
2.4250956692913386
0
LINE
8
BLACK
6
CONTINUOUS
10
5.2779921259842517
20
2.4250956692913386
11
5.2779921259842517
21
2.4408437007874015
0
LINE
8
BLACK
6
CONTINUOUS
10
5.2779921259842517
20
2.4408437007874015
11
5.2783058661417321
21
2.4435478346456692
0
LINE
8
BLACK
6
CONTINUOUS
10
5.2783058661417321
20
2.4435478346456692
11
5.2800590944881884
21
2.4475185433070865
0
LINE
8
BLACK
6
CONTINUOUS
10
5.2800590944881884
20
2.4475185433070865
11
5.2831283070866144
21
2.4505877559055116
0
LINE
8
BLACK
6
CONTINUOUS
10
5.2831283070866144
20
2.4505877559055116
11
5.2870990157480318
21
2.4523409842519683
0
LINE
8
BLACK
6
CONTINUOUS
10
5.2870990157480318
20
2.4523409842519683
11
5.2898031496062989
21
2.4526547244094488
0
LINE
8
BLACK
6
CONTINUOUS
10
5.2898031496062989
20
2.4526547244094488
11
5.3094881889763776
21
2.4526547244094488
0
LINE
8
BLACK
6
CONTINUOUS
10
5.3094881889763776
20
2.4526547244094488
11
5.3121923228346457
21
2.4523409842519683
0
LINE
8
BLACK
6
CONTINUOUS
10
5.1400020866141727
20
2.5396094881889764
11
5.1457103543307081
21
2.5380799606299211
0
LINE
8
BLACK
6
CONTINUOUS
10
5.1457103543307081
20
2.5380799606299211
11
5.1508282677165349
21
2.5351251181102361
0
LINE
8
BLACK
6
CONTINUOUS
10
5.1508282677165349
20
2.5351251181102361
11
5.1550070078740156
21
2.5309463779527559
0
LINE
8
BLACK
6
CONTINUOUS
10
5.1550070078740156
20
2.5309463779527559
11
5.1579618503937006
21
2.5258284645669291
0
LINE
8
BLACK
6
CONTINUOUS
10
5.1579618503937006
20
2.5258284645669291
11
5.1594913779527554
21
2.5201201968503937
0
LINE
8
BLACK
6
CONTINUOUS
10
5.1594913779527554
20
2.5201201968503937
11
5.1594913779527554
21
2.5142105118110236
0
LINE
8
BLACK
6
CONTINUOUS
10
5.1594913779527554
20
2.5142105118110236
11
5.1579618503937006
21
2.5085022440944882
0
LINE
8
BLACK
6
CONTINUOUS
10
5.1579618503937006
20
2.5085022440944882
11
5.1550070078740156
21
2.5033843307086614
0
LINE
8
BLACK
6
CONTINUOUS
10
5.1550070078740156
20
2.5033843307086614
11
5.1508282677165349
21
2.4992055905511812
0
LINE
8
BLACK
6
CONTINUOUS
10
5.1508282677165349
20
2.4992055905511812
11
5.1457103543307081
21
2.4962507480314962
0
LINE
8
BLACK
6
CONTINUOUS
10
5.1457103543307081
20
2.4962507480314962
11
5.1400020866141727
21
2.4947212204724409
0
LINE
8
BLACK
6
CONTINUOUS
10
5.1400020866141727
20
2.4947212204724409
11
5.1370472440944877
21
2.4945275590551179
0
LINE
8
BLACK
6
CONTINUOUS
10
5.1370472440944877
20
2.4945275590551179
11
5.0957086614173228
21
2.4945275590551179
0
LINE
8
BLACK
6
CONTINUOUS
10
5.0957086614173228
20
2.4945275590551179
11
5.0927538188976378
21
2.4947212204724409
0
LINE
8
BLACK
6
CONTINUOUS
10
5.0927538188976378
20
2.4947212204724409
11
5.0870455511811024
21
2.4962507480314962
0
LINE
8
BLACK
6
CONTINUOUS
10
5.0870455511811024
20
2.4962507480314962
11
5.0819276377952756
21
2.4992055905511812
0
LINE
8
BLACK
6
CONTINUOUS
10
5.0819276377952756
20
2.4992055905511812
11
5.0777488976377949
21
2.5033843307086614
0
LINE
8
BLACK
6
CONTINUOUS
10
5.0777488976377949
20
2.5033843307086614
11
5.0747940551181099
21
2.5085022440944882
0
LINE
8
BLACK
6
CONTINUOUS
10
5.0747940551181099
20
2.5085022440944882
11
5.0732645275590551
21
2.5142105118110236
0
LINE
8
BLACK
6
CONTINUOUS
10
5.0732645275590551
20
2.5142105118110236
11
5.0732645275590551
21
2.5201201968503937
0
LINE
8
BLACK
6
CONTINUOUS
10
5.0732645275590551
20
2.5201201968503937
11
5.0747940551181099
21
2.5258284645669291
0
LINE
8
BLACK
6
CONTINUOUS
10
5.0747940551181099
20
2.5258284645669291
11
5.0777488976377949
21
2.5309463779527559
0
LINE
8
BLACK
6
CONTINUOUS
10
5.0777488976377949
20
2.5309463779527559
11
5.0819276377952756
21
2.5351251181102361
0
LINE
8
BLACK
6
CONTINUOUS
10
5.0819276377952756
20
2.5351251181102361
11
5.0870455511811024
21
2.5380799606299211
0
LINE
8
BLACK
6
CONTINUOUS
10
5.0870455511811024
20
2.5380799606299211
11
5.0927538188976378
21
2.5396094881889764
0
LINE
8
BLACK
6
CONTINUOUS
10
5.0927538188976378
20
2.5396094881889764
11
5.0957086614173228
21
2.5398031496062989
0
LINE
8
BLACK
6
CONTINUOUS
10
5.0957086614173228
20
2.5398031496062989
11
5.1370472440944877
21
2.5398031496062989
0
LINE
8
BLACK
6
CONTINUOUS
10
5.1370472440944877
20
2.5398031496062989
11
5.1400020866141727
21
2.5396094881889764
0
LINE
8
BLACK
6
CONTINUOUS
10
5.3034562598425197
20
2.5386336614173226
11
5.3089163779527562
21
2.5371706299212597
0
LINE
8
BLACK
6
CONTINUOUS
10
5.3089163779527562
20
2.5371706299212597
11
5.3138117716535431
21
2.5343442519685038
0
LINE
8
BLACK
6
CONTINUOUS
10
5.3138117716535431
20
2.5343442519685038
11
5.317808818897638
21
2.5303472047244093
0
LINE
8
BLACK
6
CONTINUOUS
10
5.317808818897638
20
2.5303472047244093
11
5.320635196850394
21
2.5254518110236219
0
LINE
8
BLACK
6
CONTINUOUS
10
5.320635196850394
20
2.5254518110236219
11
5.3220982283464568
21
2.5199916929133859
0
LINE
8
BLACK
6
CONTINUOUS
10
5.3220982283464568
20
2.5199916929133859
11
5.3220982283464568
21
2.5143390157480314
0
LINE
8
BLACK
6
CONTINUOUS
10
5.3220982283464568
20
2.5143390157480314
11
5.320635196850394
21
2.5088788976377954
0
LINE
8
BLACK
6
CONTINUOUS
10
5.320635196850394
20
2.5088788976377954
11
5.317808818897638
21
2.503983503937008
0
LINE
8
BLACK
6
CONTINUOUS
10
5.317808818897638
20
2.503983503937008
11
5.3138117716535431
21
2.4999864566929135
0
LINE
8
BLACK
6
CONTINUOUS
10
5.3138117716535431
20
2.4999864566929135
11
5.3089163779527562
21
2.4971600787401576
0
LINE
8
BLACK
6
CONTINUOUS
10
5.3089163779527562
20
2.4971600787401576
11
5.3034562598425197
21
2.4956970472440942
0
LINE
8
BLACK
6
CONTINUOUS
10
5.3034562598425197
20
2.4956970472440942
11
5.3006299212598424
21
2.4955118110236221
0
LINE
8
BLACK
6
CONTINUOUS
10
5.3006299212598424
20
2.4955118110236221
11
5.261259842519685
21
2.4955118110236221
0
LINE
8
BLACK
6
CONTINUOUS
10
5.261259842519685
20
2.4955118110236221
11
5.2584335039370078
21
2.4956970472440942
0
LINE
8
BLACK
6
CONTINUOUS
10
5.2584335039370078
20
2.4956970472440942
11
5.2529733858267713
21
2.4971600787401576
0
LINE
8
BLACK
6
CONTINUOUS
10
5.2529733858267713
20
2.4971600787401576
11
5.2480779921259844
21
2.4999864566929135
0
LINE
8
BLACK
6
CONTINUOUS
10
5.2480779921259844
20
2.4999864566929135
11
5.2440809448818895
21
2.503983503937008
0
LINE
8
BLACK
6
CONTINUOUS
10
5.2440809448818895
20
2.503983503937008
11
5.2412545669291335
21
2.5088788976377954
0
LINE
8
BLACK
6
CONTINUOUS
10
5.2412545669291335
20
2.5088788976377954
11
5.2397915354330706
21
2.5143390157480314
0
LINE
8
BLACK
6
CONTINUOUS
10
5.2397915354330706
20
2.5143390157480314
11
5.2397915354330706
21
2.5199916929133859
0
LINE
8
BLACK
6
CONTINUOUS
10
5.2397915354330706
20
2.5199916929133859
11
5.2412545669291335
21
2.5254518110236219
0
LINE
8
BLACK
6
CONTINUOUS
10
5.2412545669291335
20
2.5254518110236219
11
5.2440809448818895
21
2.5303472047244093
0
LINE
8
BLACK
6
CONTINUOUS
10
5.2440809448818895
20
2.5303472047244093
11
5.2480779921259844
21
2.5343442519685038
0
LINE
8
BLACK
6
CONTINUOUS
10
5.2480779921259844
20
2.5343442519685038
11
5.2529733858267713
21
2.5371706299212597
0
LINE
8
BLACK
6
CONTINUOUS
10
5.2529733858267713
20
2.5371706299212597
11
5.2584335039370078
21
2.5386336614173226
0
LINE
8
BLACK
6
CONTINUOUS
10
5.2584335039370078
20
2.5386336614173226
11
5.261259842519685
21
2.5388188976377952
0
LINE
8
BLACK
6
CONTINUOUS
10
5.261259842519685
20
2.5388188976377952
11
5.3006299212598424
21
2.5388188976377952
0
LINE
8
BLACK
6
CONTINUOUS
10
5.3006299212598424
20
2.5388188976377952
11
5.3034562598425197
21
2.5386336614173226
0
LINE
8
BLACK
6
CONTINUOUS
10
5.3102238188976374
20
2.591261062992126
11
5.3141945275590547
21
2.5895078346456692
0
LINE
8
BLACK
6
CONTINUOUS
10
5.3141945275590547
20
2.5895078346456692
11
5.3172637401574798
21
2.5864386220472442
0
LINE
8
BLACK
6
CONTINUOUS
10
5.3172637401574798
20
2.5864386220472442
11
5.319016968503937
21
2.5824679133858268
0
LINE
8
BLACK
6
CONTINUOUS
10
5.319016968503937
20
2.5824679133858268
11
5.3193307086614174
21
2.5797637795275592
0
LINE
8
BLACK
6
CONTINUOUS
10
5.3193307086614174
20
2.5797637795275592
11
5.3193307086614174
21
2.5640157480314958
0
LINE
8
BLACK
6
CONTINUOUS
10
5.3193307086614174
20
2.5640157480314958
11
5.319016968503937
21
2.5613116141732282
0
LINE
8
BLACK
6
CONTINUOUS
10
5.319016968503937
20
2.5613116141732282
11
5.3172637401574798
21
2.5573409055118108
0
LINE
8
BLACK
6
CONTINUOUS
10
5.3172637401574798
20
2.5573409055118108
11
5.3141945275590547
21
2.5542716929133857
0
LINE
8
BLACK
6
CONTINUOUS
10
5.3141945275590547
20
2.5542716929133857
11
5.3102238188976374
21
2.552518464566929
0
LINE
8
BLACK
6
CONTINUOUS
10
5.3102238188976374
20
2.552518464566929
11
5.3075196850393702
21
2.5522047244094486
0
LINE
8
BLACK
6
CONTINUOUS
10
5.3075196850393702
20
2.5522047244094486
11
5.2878346456692915
21
2.5522047244094486
0
LINE
8
BLACK
6
CONTINUOUS
10
5.2878346456692915
20
2.5522047244094486
11
5.2851305118110234
21
2.552518464566929
0
LINE
8
BLACK
6
CONTINUOUS
10
5.2851305118110234
20
2.552518464566929
11
5.2811598031496061
21
2.5542716929133857
0
LINE
8
BLACK
6
CONTINUOUS
10
5.2811598031496061
20
2.5542716929133857
11
5.278090590551181
21
2.5573409055118108
0
LINE
8
BLACK
6
CONTINUOUS
10
5.278090590551181
20
2.5573409055118108
11
5.2763373622047247
21
2.5613116141732282
0
LINE
8
BLACK
6
CONTINUOUS
10
5.2763373622047247
20
2.5613116141732282
11
5.2760236220472443
21
2.5640157480314958
0
LINE
8
BLACK
6
CONTINUOUS
10
5.2760236220472443
20
2.5640157480314958
11
5.2760236220472443
21
2.5797637795275592
0
LINE
8
BLACK
6
CONTINUOUS
10
5.2760236220472443
20
2.5797637795275592
11
5.2763373622047247
21
2.5824679133858268
0
LINE
8
BLACK
6
CONTINUOUS
10
5.2763373622047247
20
2.5824679133858268
11
5.278090590551181
21
2.5864386220472442
0
LINE
8
BLACK
6
CONTINUOUS
10
5.278090590551181
20
2.5864386220472442
11
5.2811598031496061
21
2.5895078346456692
0
LINE
8
BLACK
6
CONTINUOUS
10
5.2811598031496061
20
2.5895078346456692
11
5.2851305118110234
21
2.591261062992126
0
LINE
8
BLACK
6
CONTINUOUS
10
5.2851305118110234
20
2.591261062992126
11
5.2878346456692915
21
2.5915748031496064
0
LINE
8
BLACK
6
CONTINUOUS
10
5.2878346456692915
20
2.5915748031496064
11
5.3075196850393702
21
2.5915748031496064
0
LINE
8
BLACK
6
CONTINUOUS
10
5.3075196850393702
20
2.5915748031496064
11
5.3102238188976374
21
2.591261062992126
0
LINE
8
BLACK
6
CONTINUOUS
10
5.252152952755905
20
2.6025799606299214
11
5.2561236614173223
21
2.6008267322834646
0
LINE
8
BLACK
6
CONTINUOUS
10
5.2561236614173223
20
2.6008267322834646
11
5.2591928740157483
21
2.5977575196850391
0
LINE
8
BLACK
6
CONTINUOUS
10
5.2591928740157483
20
2.5977575196850391
11
5.2609461023622046
21
2.5937868110236222
0
LINE
8
BLACK
6
CONTINUOUS
10
5.2609461023622046
20
2.5937868110236222
11
5.261259842519685
21
2.5910826771653541
0
LINE
8
BLACK
6
CONTINUOUS
10
5.261259842519685
20
2.5910826771653541
11
5.261259842519685
21
2.5704133858267717
0
LINE
8
BLACK
6
CONTINUOUS
10
5.261259842519685
20
2.5704133858267717
11
5.2609461023622046
21
2.5677092519685041
0
LINE
8
BLACK
6
CONTINUOUS
10
5.2609461023622046
20
2.5677092519685041
11
5.2591928740157483
21
2.5637385433070867
0
LINE
8
BLACK
6
CONTINUOUS
10
5.2591928740157483
20
2.5637385433070867
11
5.2561236614173223
21
2.5606693307086612
0
LINE
8
BLACK
6
CONTINUOUS
10
5.2561236614173223
20
2.5606693307086612
11
5.252152952755905
21
2.5589161023622045
0
LINE
8
BLACK
6
CONTINUOUS
10
5.252152952755905
20
2.5589161023622045
11
5.2494488188976378
21
2.5586023622047245
0
LINE
8
BLACK
6
CONTINUOUS
10
5.2494488188976378
20
2.5586023622047245
11
5.2140157480314961
21
2.5586023622047245
0
LINE
8
BLACK
6
CONTINUOUS
10
5.2140157480314961
20
2.5586023622047245
11
5.2113116141732281
21
2.5589161023622045
0
LINE
8
BLACK
6
CONTINUOUS
10
5.2113116141732281
20
2.5589161023622045
11
5.2073409055118107
21
2.5606693307086612
0
LINE
8
BLACK
6
CONTINUOUS
10
5.2073409055118107
20
2.5606693307086612
11
5.2042716929133856
21
2.5637385433070867
0
LINE
8
BLACK
6
CONTINUOUS
10
5.2042716929133856
20
2.5637385433070867
11
5.2025184645669293
21
2.5677092519685041
0
LINE
8
BLACK
6
CONTINUOUS
10
5.2025184645669293
20
2.5677092519685041
11
5.2022047244094489
21
2.5704133858267717
0
LINE
8
BLACK
6
CONTINUOUS
10
5.2022047244094489
20
2.5704133858267717
11
5.2022047244094489
21
2.5910826771653541
0
LINE
8
BLACK
6
CONTINUOUS
10
5.2022047244094489
20
2.5910826771653541
11
5.2025184645669293
21
2.5937868110236222
0
LINE
8
BLACK
6
CONTINUOUS
10
5.2025184645669293
20
2.5937868110236222
11
5.2042716929133856
21
2.5977575196850391
0
LINE
8
BLACK
6
CONTINUOUS
10
5.2042716929133856
20
2.5977575196850391
11
5.2073409055118107
21
2.6008267322834646
0
LINE
8
BLACK
6
CONTINUOUS
10
5.2073409055118107
20
2.6008267322834646
11
5.2113116141732281
21
2.6025799606299214
0
LINE
8
BLACK
6
CONTINUOUS
10
5.2113116141732281
20
2.6025799606299214
11
5.2140157480314961
21
2.6028937007874013
0
LINE
8
BLACK
6
CONTINUOUS
10
5.2140157480314961
20
2.6028937007874013
11
5.2494488188976378
21
2.6028937007874013
0
LINE
8
BLACK
6
CONTINUOUS
10
5.2494488188976378
20
2.6028937007874013
11
5.252152952755905
21
2.6025799606299214
0
LINE
8
BLACK
6
CONTINUOUS
10
5.1417128346456691
20
2.5871045275590552
11
5.1450506299212595
21
2.5851774803149605
0
LINE
8
BLACK
6
CONTINUOUS
10
5.1450506299212595
20
2.5851774803149605
11
5.1477759055118106
21
2.5824522047244094
0
LINE
8
BLACK
6
CONTINUOUS
10
5.1477759055118106
20
2.5824522047244094
11
5.1497029527559057
21
2.579114409448819
0
LINE
8
BLACK
6
CONTINUOUS
10
5.1497029527559057
20
2.579114409448819
11
5.1507004724409446
21
2.5753916141732285
0
LINE
8
BLACK
6
CONTINUOUS
10
5.1507004724409446
20
2.5753916141732285
11
5.1507004724409446
21
2.5715375196850392
0
LINE
8
BLACK
6
CONTINUOUS
10
5.1507004724409446
20
2.5715375196850392
11
5.1497029527559057
21
2.5678147244094487
0
LINE
8
BLACK
6
CONTINUOUS
10
5.1497029527559057
20
2.5678147244094487
11
5.1477759055118106
21
2.5644769291338583
0
LINE
8
BLACK
6
CONTINUOUS
10
5.1477759055118106
20
2.5644769291338583
11
5.1450506299212595
21
2.5617516535433071
0
LINE
8
BLACK
6
CONTINUOUS
10
5.1450506299212595
20
2.5617516535433071
11
5.1417128346456691
21
2.5598246062992125
0
LINE
8
BLACK
6
CONTINUOUS
10
5.1417128346456691
20
2.5598246062992125
11
5.137990039370079
21
2.5588270866141731
0
LINE
8
BLACK
6
CONTINUOUS
10
5.137990039370079
20
2.5588270866141731
11
5.1341359448818897
21
2.5588270866141731
0
LINE
8
BLACK
6
CONTINUOUS
10
5.1341359448818897
20
2.5588270866141731
11
5.1304131496062988
21
2.5598246062992125
0
LINE
8
BLACK
6
CONTINUOUS
10
5.1304131496062988
20
2.5598246062992125
11
5.1270753543307084
21
2.5617516535433071
0
LINE
8
BLACK
6
CONTINUOUS
10
5.1270753543307084
20
2.5617516535433071
11
5.1243500787401572
21
2.5644769291338583
0
LINE
8
BLACK
6
CONTINUOUS
10
5.1243500787401572
20
2.5644769291338583
11
5.122423031496063
21
2.5678147244094487
0
LINE
8
BLACK
6
CONTINUOUS
10
5.122423031496063
20
2.5678147244094487
11
5.1214255118110232
21
2.5715375196850392
0
LINE
8
BLACK
6
CONTINUOUS
10
5.1214255118110232
20
2.5715375196850392
11
5.1214255118110232
21
2.5753916141732285
0
LINE
8
BLACK
6
CONTINUOUS
10
5.1214255118110232
20
2.5753916141732285
11
5.122423031496063
21
2.579114409448819
0
LINE
8
BLACK
6
CONTINUOUS
10
5.122423031496063
20
2.579114409448819
11
5.1243500787401572
21
2.5824522047244094
0
LINE
8
BLACK
6
CONTINUOUS
10
5.1243500787401572
20
2.5824522047244094
11
5.1270753543307084
21
2.5851774803149605
0
LINE
8
BLACK
6
CONTINUOUS
10
5.1270753543307084
20
2.5851774803149605
11
5.1304131496062988
21
2.5871045275590552
0
LINE
8
BLACK
6
CONTINUOUS
10
5.1304131496062988
20
2.5871045275590552
11
5.1341359448818897
21
2.5881020472440945
0
LINE
8
BLACK
6
CONTINUOUS
10
5.1341359448818897
20
2.5881020472440945
11
5.137990039370079
21
2.5881020472440945
0
LINE
8
BLACK
6
CONTINUOUS
10
5.137990039370079
20
2.5881020472440945
11
5.1417128346456691
21
2.5871045275590552
0
LINE
8
BLACK
6
CONTINUOUS
10
0.7646135826771653
20
2.6952917322834646
11
0.774308188976378
21
2.6921417716535432
0
LINE
8
BLACK
6
CONTINUOUS
10
0.774308188976378
20
2.6921417716535432
11
0.7833906692913386
21
2.6875140157480315
0
LINE
8
BLACK
6
CONTINUOUS
10
0.7833906692913386
20
2.6875140157480315
11
0.7916373622047244
21
2.6815224409448817
0
LINE
8
BLACK
6
CONTINUOUS
10
0.7916373622047244
20
2.6815224409448817
11
0.7988452755905512
21
2.674314527559055
0
LINE
8
BLACK
6
CONTINUOUS
10
0.7988452755905512
20
2.674314527559055
11
0.8048368503937008
21
2.6660678346456694
0
LINE
8
BLACK
6
CONTINUOUS
10
0.8048368503937008
20
2.6660678346456694
11
0.8094646062992126
21
2.6569853543307085
0
LINE
8
BLACK
6
CONTINUOUS
10
0.8094646062992126
20
2.6569853543307085
11
0.8126145669291338
21
2.6472907480314962
0
LINE
8
BLACK
6
CONTINUOUS
10
0.8126145669291338
20
2.6472907480314962
11
0.8142092125984252
21
2.6372227559055119
0
LINE
8
BLACK
6
CONTINUOUS
10
0.8142092125984252
20
2.6372227559055119
11
0.8142092125984252
21
2.6270292125984249
0
LINE
8
BLACK
6
CONTINUOUS
10
0.8142092125984252
20
2.6270292125984249
11
0.8126145669291338
21
2.6169612204724411
0
LINE
8
BLACK
6
CONTINUOUS
10
0.8126145669291338
20
2.6169612204724411
11
0.8094646062992126
21
2.6072666141732284
0
LINE
8
BLACK
6
CONTINUOUS
10
0.8094646062992126
20
2.6072666141732284
11
0.8048368503937008
21
2.5981841338582679
0
LINE
8
BLACK
6
CONTINUOUS
10
0.8048368503937008
20
2.5981841338582679
11
0.7988452755905512
21
2.5899374409448819
0
LINE
8
BLACK
6
CONTINUOUS
10
0.7988452755905512
20
2.5899374409448819
11
0.7916373622047244
21
2.5827295275590552
0
LINE
8
BLACK
6
CONTINUOUS
10
0.7916373622047244
20
2.5827295275590552
11
0.7833906692913386
21
2.5767379527559053
0
LINE
8
BLACK
6
CONTINUOUS
10
0.7833906692913386
20
2.5767379527559053
11
0.774308188976378
21
2.5721101968503937
0
LINE
8
BLACK
6
CONTINUOUS
10
0.774308188976378
20
2.5721101968503937
11
0.7646135826771653
21
2.5689602362204722
0
LINE
8
BLACK
6
CONTINUOUS
10
0.7646135826771653
20
2.5689602362204722
11
0.7545455905511811
21
2.567365590551181
0
LINE
8
BLACK
6
CONTINUOUS
10
0.7545455905511811
20
2.567365590551181
11
0.7443520472440944
21
2.567365590551181
0
LINE
8
BLACK
6
CONTINUOUS
10
0.7443520472440944
20
2.567365590551181
11
0.7342840551181102
21
2.5689602362204722
0
LINE
8
BLACK
6
CONTINUOUS
10
0.7342840551181102
20
2.5689602362204722
11
0.7245894488188976
21
2.5721101968503937
0
LINE
8
BLACK
6
CONTINUOUS
10
0.7245894488188976
20
2.5721101968503937
11
0.715506968503937
21
2.5767379527559053
0
LINE
8
BLACK
6
CONTINUOUS
10
0.715506968503937
20
2.5767379527559053
11
0.7072602755905512
21
2.5827295275590552
0
LINE
8
BLACK
6
CONTINUOUS
10
0.7072602755905512
20
2.5827295275590552
11
0.7000523622047244
21
2.5899374409448819
0
LINE
8
BLACK
6
CONTINUOUS
10
0.7000523622047244
20
2.5899374409448819
11
0.6940607874015748
21
2.5981841338582679
0
LINE
8
BLACK
6
CONTINUOUS
10
0.6940607874015748
20
2.5981841338582679
11
0.6894330314960629
21
2.6072666141732284
0
LINE
8
BLACK
6
CONTINUOUS
10
0.6894330314960629
20
2.6072666141732284
11
0.6862830708661417
21
2.6169612204724411
0
LINE
8
BLACK
6
CONTINUOUS
10
0.6862830708661417
20
2.6169612204724411
11
0.6846884251968504
21
2.6270292125984249
0
LINE
8
BLACK
6
CONTINUOUS
10
0.6846884251968504
20
2.6270292125984249
11
0.6846884251968504
21
2.6372227559055119
0
LINE
8
BLACK
6
CONTINUOUS
10
0.6846884251968504
20
2.6372227559055119
11
0.6862830708661417
21
2.6472907480314962
0
LINE
8
BLACK
6
CONTINUOUS
10
0.6862830708661417
20
2.6472907480314962
11
0.6894330314960629
21
2.6569853543307085
0
LINE
8
BLACK
6
CONTINUOUS
10
0.6894330314960629
20
2.6569853543307085
11
0.6940607874015748
21
2.6660678346456694
0
LINE
8
BLACK
6
CONTINUOUS
10
0.6940607874015748
20
2.6660678346456694
11
0.7000523622047244
21
2.674314527559055
0
LINE
8
BLACK
6
CONTINUOUS
10
0.7000523622047244
20
2.674314527559055
11
0.7072602755905512
21
2.6815224409448817
0
LINE
8
BLACK
6
CONTINUOUS
10
0.7072602755905512
20
2.6815224409448817
11
0.715506968503937
21
2.6875140157480315
0
LINE
8
BLACK
6
CONTINUOUS
10
0.715506968503937
20
2.6875140157480315
11
0.7245894488188976
21
2.6921417716535432
0
LINE
8
BLACK
6
CONTINUOUS
10
0.7245894488188976
20
2.6921417716535432
11
0.7342840551181102
21
2.6952917322834646
0
LINE
8
BLACK
6
CONTINUOUS
10
0.7342840551181102
20
2.6952917322834646
11
0.7443520472440944
21
2.6968863779527559
0
LINE
8
BLACK
6
CONTINUOUS
10
0.7443520472440944
20
2.6968863779527559
11
0.7545455905511811
21
2.6968863779527559
0
LINE
8
BLACK
6
CONTINUOUS
10
0.7545455905511811
20
2.6968863779527559
11
0.7646135826771653
21
2.6952917322834646
0
LINE
8
BLACK
6
CONTINUOUS
10
5.3102238188976374
20
2.6542531889763779
11
5.3141945275590547
21
2.6524999606299211
0
LINE
8
BLACK
6
CONTINUOUS
10
5.3141945275590547
20
2.6524999606299211
11
5.3172637401574798
21
2.649430748031496
0
LINE
8
BLACK
6
CONTINUOUS
10
5.3172637401574798
20
2.649430748031496
11
5.319016968503937
21
2.6454600393700787
0
LINE
8
BLACK
6
CONTINUOUS
10
5.319016968503937
20
2.6454600393700787
11
5.3193307086614174
21
2.6427559055118111
0
LINE
8
BLACK
6
CONTINUOUS
10
5.3193307086614174
20
2.6427559055118111
11
5.3193307086614174
21
2.6270078740157481
0
LINE
8
BLACK
6
CONTINUOUS
10
5.3193307086614174
20
2.6270078740157481
11
5.319016968503937
21
2.6243037401574805
0
LINE
8
BLACK
6
CONTINUOUS
10
5.319016968503937
20
2.6243037401574805
11
5.3172637401574798
21
2.6203330314960631
0
LINE
8
BLACK
6
CONTINUOUS
10
5.3172637401574798
20
2.6203330314960631
11
5.3141945275590547
21
2.6172638188976376
0
LINE
8
BLACK
6
CONTINUOUS
10
5.3141945275590547
20
2.6172638188976376
11
5.3102238188976374
21
2.6155105905511808
0
LINE
8
BLACK
6
CONTINUOUS
10
5.3102238188976374
20
2.6155105905511808
11
5.3075196850393702
21
2.6151968503937009
0
LINE
8
BLACK
6
CONTINUOUS
10
5.3075196850393702
20
2.6151968503937009
11
5.2878346456692915
21
2.6151968503937009
0
LINE
8
BLACK
6
CONTINUOUS
10
5.2878346456692915
20
2.6151968503937009
11
5.2851305118110234
21
2.6155105905511808
0
LINE
8
BLACK
6
CONTINUOUS
10
5.2851305118110234
20
2.6155105905511808
11
5.2811598031496061
21
2.6172638188976376
0
LINE
8
BLACK
6
CONTINUOUS
10
5.2811598031496061
20
2.6172638188976376
11
5.278090590551181
21
2.6203330314960631
0
LINE
8
BLACK
6
CONTINUOUS
10
5.278090590551181
20
2.6203330314960631
11
5.2763373622047247
21
2.6243037401574805
0
LINE
8
BLACK
6
CONTINUOUS
10
5.2763373622047247
20
2.6243037401574805
11
5.2760236220472443
21
2.6270078740157481
0
LINE
8
BLACK
6
CONTINUOUS
10
5.2760236220472443
20
2.6270078740157481
11
5.2760236220472443
21
2.6427559055118111
0
LINE
8
BLACK
6
CONTINUOUS
10
5.2760236220472443
20
2.6427559055118111
11
5.2763373622047247
21
2.6454600393700787
0
LINE
8
BLACK
6
CONTINUOUS
10
5.2763373622047247
20
2.6454600393700787
11
5.278090590551181
21
2.649430748031496
0
LINE
8
BLACK
6
CONTINUOUS
10
5.278090590551181
20
2.649430748031496
11
5.2811598031496061
21
2.6524999606299211
0
LINE
8
BLACK
6
CONTINUOUS
10
5.2811598031496061
20
2.6524999606299211
11
5.2851305118110234
21
2.6542531889763779
0
LINE
8
BLACK
6
CONTINUOUS
10
5.2851305118110234
20
2.6542531889763779
11
5.2878346456692915
21
2.6545669291338583
0
LINE
8
BLACK
6
CONTINUOUS
10
5.2878346456692915
20
2.6545669291338583
11
5.3075196850393702
21
2.6545669291338583
0
LINE
8
BLACK
6
CONTINUOUS
10
5.3075196850393702
20
2.6545669291338583
11
5.3102238188976374
21
2.6542531889763779
0
LINE
8
BLACK
6
CONTINUOUS
10
5.252152952755905
20
2.6744303543307084
11
5.2561236614173223
21
2.6726771259842521
0
LINE
8
BLACK
6
CONTINUOUS
10
5.2561236614173223
20
2.6726771259842521
11
5.2591928740157483
21
2.6696079133858266
0
LINE
8
BLACK
6
CONTINUOUS
10
5.2591928740157483
20
2.6696079133858266
11
5.2609461023622046
21
2.6656372047244092
0
LINE
8
BLACK
6
CONTINUOUS
10
5.2609461023622046
20
2.6656372047244092
11
5.261259842519685
21
2.6629330708661416
0
LINE
8
BLACK
6
CONTINUOUS
10
5.261259842519685
20
2.6629330708661416
11
5.261259842519685
21
2.6422637795275592
0
LINE
8
BLACK
6
CONTINUOUS
10
5.261259842519685
20
2.6422637795275592
11
5.2609461023622046
21
2.6395596456692911
0
LINE
8
BLACK
6
CONTINUOUS
10
5.2609461023622046
20
2.6395596456692911
11
5.2591928740157483
21
2.6355889370078738
0
LINE
8
BLACK
6
CONTINUOUS
10
5.2591928740157483
20
2.6355889370078738
11
5.2561236614173223
21
2.6325197244094487
0
LINE
8
BLACK
6
CONTINUOUS
10
5.2561236614173223
20
2.6325197244094487
11
5.252152952755905
21
2.630766496062992
0
LINE
8
BLACK
6
CONTINUOUS
10
5.252152952755905
20
2.630766496062992
11
5.2494488188976378
21
2.6304527559055115
0
LINE
8
BLACK
6
CONTINUOUS
10
5.2494488188976378
20
2.6304527559055115
11
5.2140157480314961
21
2.6304527559055115
0
LINE
8
BLACK
6
CONTINUOUS
10
5.2140157480314961
20
2.6304527559055115
11
5.2113116141732281
21
2.630766496062992
0
LINE
8
BLACK
6
CONTINUOUS
10
5.2113116141732281
20
2.630766496062992
11
5.2073409055118107
21
2.6325197244094487
0
LINE
8
BLACK
6
CONTINUOUS
10
5.2073409055118107
20
2.6325197244094487
11
5.2042716929133856
21
2.6355889370078738
0
LINE
8
BLACK
6
CONTINUOUS
10
5.2042716929133856
20
2.6355889370078738
11
5.2025184645669293
21
2.6395596456692911
0
LINE
8
BLACK
6
CONTINUOUS
10
5.2025184645669293
20
2.6395596456692911
11
5.2022047244094489
21
2.6422637795275592
0
LINE
8
BLACK
6
CONTINUOUS
10
5.2022047244094489
20
2.6422637795275592
11
5.2022047244094489
21
2.6629330708661416
0
LINE
8
BLACK
6
CONTINUOUS
10
5.2022047244094489
20
2.6629330708661416
11
5.2025184645669293
21
2.6656372047244092
0
LINE
8
BLACK
6
CONTINUOUS
10
5.2025184645669293
20
2.6656372047244092
11
5.2042716929133856
21
2.6696079133858266
0
LINE
8
BLACK
6
CONTINUOUS
10
5.2042716929133856
20
2.6696079133858266
11
5.2073409055118107
21
2.6726771259842521
0
LINE
8
BLACK
6
CONTINUOUS
10
5.2073409055118107
20
2.6726771259842521
11
5.2113116141732281
21
2.6744303543307084
0
LINE
8
BLACK
6
CONTINUOUS
10
5.2113116141732281
20
2.6744303543307084
11
5.2140157480314961
21
2.6747440944881888
0
LINE
8
BLACK
6
CONTINUOUS
10
5.2140157480314961
20
2.6747440944881888
11
5.2494488188976378
21
2.6747440944881888
0
LINE
8
BLACK
6
CONTINUOUS
10
5.2494488188976378
20
2.6747440944881888
11
5.252152952755905
21
2.6744303543307084
0
LINE
8
BLACK
6
CONTINUOUS
10
5.252152952755905
20
2.7379146062992126
11
5.2561236614173223
21
2.7361613779527558
0
LINE
8
BLACK
6
CONTINUOUS
10
5.2561236614173223
20
2.7361613779527558
11
5.2591928740157483
21
2.7330921653543307
0
LINE
8
BLACK
6
CONTINUOUS
10
5.2591928740157483
20
2.7330921653543307
11
5.2609461023622046
21
2.7291214566929134
0
LINE
8
BLACK
6
CONTINUOUS
10
5.2609461023622046
20
2.7291214566929134
11
5.261259842519685
21
2.7264173228346458
0
LINE
8
BLACK
6
CONTINUOUS
10
5.261259842519685
20
2.7264173228346458
11
5.261259842519685
21
2.7057480314960629
0
LINE
8
BLACK
6
CONTINUOUS
10
5.261259842519685
20
2.7057480314960629
11
5.2609461023622046
21
2.7030438976377953
0
LINE
8
BLACK
6
CONTINUOUS
10
5.2609461023622046
20
2.7030438976377953
11
5.2591928740157483
21
2.6990731889763779
0
LINE
8
BLACK
6
CONTINUOUS
10
5.2591928740157483
20
2.6990731889763779
11
5.2561236614173223
21
2.6960039763779529
0
LINE
8
BLACK
6
CONTINUOUS
10
5.2561236614173223
20
2.6960039763779529
11
5.252152952755905
21
2.6942507480314961
0
LINE
8
BLACK
6
CONTINUOUS
10
5.252152952755905
20
2.6942507480314961
11
5.2494488188976378
21
2.6939370078740157
0
LINE
8
BLACK
6
CONTINUOUS
10
5.2494488188976378
20
2.6939370078740157
11
5.2140157480314961
21
2.6939370078740157
0
LINE
8
BLACK
6
CONTINUOUS
10
5.2140157480314961
20
2.6939370078740157
11
5.2113116141732281
21
2.6942507480314961
0
LINE
8
BLACK
6
CONTINUOUS
10
5.2113116141732281
20
2.6942507480314961
11
5.2073409055118107
21
2.6960039763779529
0
LINE
8
BLACK
6
CONTINUOUS
10
5.2073409055118107
20
2.6960039763779529
11
5.2042716929133856
21
2.6990731889763779
0
LINE
8
BLACK
6
CONTINUOUS
10
5.2042716929133856
20
2.6990731889763779
11
5.2025184645669293
21
2.7030438976377953
0
LINE
8
BLACK
6
CONTINUOUS
10
5.2025184645669293
20
2.7030438976377953
11
5.2022047244094489
21
2.7057480314960629
0
LINE
8
BLACK
6
CONTINUOUS
10
5.2022047244094489
20
2.7057480314960629
11
5.2022047244094489
21
2.7264173228346458
0
LINE
8
BLACK
6
CONTINUOUS
10
5.2022047244094489
20
2.7264173228346458
11
5.2025184645669293
21
2.7291214566929134
0
LINE
8
BLACK
6
CONTINUOUS
10
5.2025184645669293
20
2.7291214566929134
11
5.2042716929133856
21
2.7330921653543307
0
LINE
8
BLACK
6
CONTINUOUS
10
5.2042716929133856
20
2.7330921653543307
11
5.2073409055118107
21
2.7361613779527558
0
LINE
8
BLACK
6
CONTINUOUS
10
5.2073409055118107
20
2.7361613779527558
11
5.2113116141732281
21
2.7379146062992126
0
LINE
8
BLACK
6
CONTINUOUS
10
5.2113116141732281
20
2.7379146062992126
11
5.2140157480314961
21
2.738228346456693
0
LINE
8
BLACK
6
CONTINUOUS
10
5.2140157480314961
20
2.738228346456693
11
5.2494488188976378
21
2.738228346456693
0
LINE
8
BLACK
6
CONTINUOUS
10
5.2494488188976378
20
2.738228346456693
11
5.252152952755905
21
2.7379146062992126
0
LINE
8
BLACK
6
CONTINUOUS
10
5.3141608267716531
20
2.7448043700787399
11
5.3181315354330705
21
2.7430511417322836
0
LINE
8
BLACK
6
CONTINUOUS
10
5.3181315354330705
20
2.7430511417322836
11
5.3212007480314956
21
2.7399819291338581
0
LINE
8
BLACK
6
CONTINUOUS
10
5.3212007480314956
20
2.7399819291338581
11
5.3229539763779528
21
2.7360112204724407
0
LINE
8
BLACK
6
CONTINUOUS
10
5.3229539763779528
20
2.7360112204724407
11
5.3232677165354332
21
2.7333070866141731
0
LINE
8
BLACK
6
CONTINUOUS
10
5.3232677165354332
20
2.7333070866141731
11
5.3232677165354332
21
2.7175590551181101
0
LINE
8
BLACK
6
CONTINUOUS
10
5.3232677165354332
20
2.7175590551181101
11
5.3229539763779528
21
2.7148549212598425
0
LINE
8
BLACK
6
CONTINUOUS
10
5.3229539763779528
20
2.7148549212598425
11
5.3212007480314956
21
2.7108842125984252
0
LINE
8
BLACK
6
CONTINUOUS
10
5.3212007480314956
20
2.7108842125984252
11
5.3181315354330705
21
2.7078150000000001
0
LINE
8
BLACK
6
CONTINUOUS
10
5.3181315354330705
20
2.7078150000000001
11
5.3141608267716531
21
2.7060617716535433
0
LINE
8
BLACK
6
CONTINUOUS
10
5.3141608267716531
20
2.7060617716535433
11
5.311456692913386
21
2.7057480314960629
0
LINE
8
BLACK
6
CONTINUOUS
10
5.311456692913386
20
2.7057480314960629
11
5.2917716535433073
21
2.7057480314960629
0
LINE
8
BLACK
6
CONTINUOUS
10
5.2917716535433073
20
2.7057480314960629
11
5.2890675196850392
21
2.7060617716535433
0
LINE
8
BLACK
6
CONTINUOUS
10
5.2890675196850392
20
2.7060617716535433
11
5.2850968110236218
21
2.7078150000000001
0
LINE
8
BLACK
6
CONTINUOUS
10
5.2850968110236218
20
2.7078150000000001
11
5.2820275984251968
21
2.7108842125984252
0
LINE
8
BLACK
6
CONTINUOUS
10
5.2820275984251968
20
2.7108842125984252
11
5.2802743700787405
21
2.7148549212598425
0
LINE
8
BLACK
6
CONTINUOUS
10
5.2802743700787405
20
2.7148549212598425
11
5.27996062992126
21
2.7175590551181101
0
LINE
8
BLACK
6
CONTINUOUS
10
5.27996062992126
20
2.7175590551181101
11
5.27996062992126
21
2.7333070866141731
0
LINE
8
BLACK
6
CONTINUOUS
10
5.27996062992126
20
2.7333070866141731
11
5.2802743700787405
21
2.7360112204724407
0
LINE
8
BLACK
6
CONTINUOUS
10
5.2802743700787405
20
2.7360112204724407
11
5.2820275984251968
21
2.7399819291338581
0
LINE
8
BLACK
6
CONTINUOUS
10
5.2820275984251968
20
2.7399819291338581
11
5.2850968110236218
21
2.7430511417322836
0
LINE
8
BLACK
6
CONTINUOUS
10
5.2850968110236218
20
2.7430511417322836
11
5.2890675196850392
21
2.7448043700787399
0
LINE
8
BLACK
6
CONTINUOUS
10
5.2890675196850392
20
2.7448043700787399
11
5.2917716535433073
21
2.7451181102362203
0
LINE
8
BLACK
6
CONTINUOUS
10
5.2917716535433073
20
2.7451181102362203
11
5.311456692913386
21
2.7451181102362203
0
LINE
8
BLACK
6
CONTINUOUS
10
5.311456692913386
20
2.7451181102362203
11
5.3141608267716531
21
2.7448043700787399
0
LINE
8
BLACK
6
CONTINUOUS
10
3.06579468503937
20
2.8478507874015748
11
3.0754892913385827
21
2.8447008267716534
0
LINE
8
BLACK
6
CONTINUOUS
10
3.0754892913385827
20
2.8447008267716534
11
3.0845717716535432
21
2.8400730708661417
0
LINE
8
BLACK
6
CONTINUOUS
10
3.0845717716535432
20
2.8400730708661417
11
3.0928184645669292
21
2.8340814960629919
0
LINE
8
BLACK
6
CONTINUOUS
10
3.0928184645669292
20
2.8340814960629919
11
3.1000263779527559
21
2.8268735826771652
0
LINE
8
BLACK
6
CONTINUOUS
10
3.1000263779527559
20
2.8268735826771652
11
3.1060179527559053
21
2.8186268897637796
0
LINE
8
BLACK
6
CONTINUOUS
10
3.1060179527559053
20
2.8186268897637796
11
3.1106457086614174
21
2.8095444094488187
0
LINE
8
BLACK
6
CONTINUOUS
10
3.1106457086614174
20
2.8095444094488187
11
3.1137956692913384
21
2.7998498031496064
0
LINE
8
BLACK
6
CONTINUOUS
10
3.1137956692913384
20
2.7998498031496064
11
3.1153903149606297
21
2.7897818110236221
0
LINE
8
BLACK
6
CONTINUOUS
10
3.1153903149606297
20
2.7897818110236221
11
3.1153903149606297
21
2.7795882677165356
0
LINE
8
BLACK
6
CONTINUOUS
10
3.1153903149606297
20
2.7795882677165356
11
3.1137956692913384
21
2.7695202755905513
0
LINE
8
BLACK
6
CONTINUOUS
10
3.1137956692913384
20
2.7695202755905513
11
3.1106457086614174
21
2.7598256692913385
0
LINE
8
BLACK
6
CONTINUOUS
10
3.1106457086614174
20
2.7598256692913385
11
3.1060179527559053
21
2.750743188976378
0
LINE
8
BLACK
6
CONTINUOUS
10
3.1060179527559053
20
2.750743188976378
11
3.1000263779527559
21
2.7424964960629921
0
LINE
8
BLACK
6
CONTINUOUS
10
3.1000263779527559
20
2.7424964960629921
11
3.0928184645669292
21
2.7352885826771653
0
LINE
8
BLACK
6
CONTINUOUS
10
3.0928184645669292
20
2.7352885826771653
11
3.0845717716535432
21
2.7292970078740155
0
LINE
8
BLACK
6
CONTINUOUS
10
3.0845717716535432
20
2.7292970078740155
11
3.0754892913385827
21
2.7246692519685038
0
LINE
8
BLACK
6
CONTINUOUS
10
3.0754892913385827
20
2.7246692519685038
11
3.06579468503937
21
2.7215192913385828
0
LINE
8
BLACK
6
CONTINUOUS
10
3.06579468503937
20
2.7215192913385828
11
3.0557266929133857
21
2.7199246456692912
0
LINE
8
BLACK
6
CONTINUOUS
10
3.0557266929133857
20
2.7199246456692912
11
3.0455331496062992
21
2.7199246456692912
0
LINE
8
BLACK
6
CONTINUOUS
10
3.0455331496062992
20
2.7199246456692912
11
3.0354651574803149
21
2.7215192913385828
0
LINE
8
BLACK
6
CONTINUOUS
10
3.0354651574803149
20
2.7215192913385828
11
3.0257705511811022
21
2.7246692519685038
0
LINE
8
BLACK
6
CONTINUOUS
10
3.0257705511811022
20
2.7246692519685038
11
3.0166880708661417
21
2.7292970078740155
0
LINE
8
BLACK
6
CONTINUOUS
10
3.0166880708661417
20
2.7292970078740155
11
3.0084413779527557
21
2.7352885826771653
0
LINE
8
BLACK
6
CONTINUOUS
10
3.0084413779527557
20
2.7352885826771653
11
3.001233464566929
21
2.7424964960629921
0
LINE
8
BLACK
6
CONTINUOUS
10
3.001233464566929
20
2.7424964960629921
11
2.9952418897637796
21
2.750743188976378
0
LINE
8
BLACK
6
CONTINUOUS
10
2.9952418897637796
20
2.750743188976378
11
2.9906141338582675
21
2.7598256692913385
0
LINE
8
BLACK
6
CONTINUOUS
10
2.9906141338582675
20
2.7598256692913385
11
2.9874641732283465
21
2.7695202755905513
0
LINE
8
BLACK
6
CONTINUOUS
10
2.9874641732283465
20
2.7695202755905513
11
2.9858695275590552
21
2.7795882677165356
0
LINE
8
BLACK
6
CONTINUOUS
10
2.9858695275590552
20
2.7795882677165356
11
2.9858695275590552
21
2.7897818110236221
0
LINE
8
BLACK
6
CONTINUOUS
10
2.9858695275590552
20
2.7897818110236221
11
2.9874641732283465
21
2.7998498031496064
0
LINE
8
BLACK
6
CONTINUOUS
10
2.9874641732283465
20
2.7998498031496064
11
2.9906141338582675
21
2.8095444094488187
0
LINE
8
BLACK
6
CONTINUOUS
10
2.9906141338582675
20
2.8095444094488187
11
2.9952418897637796
21
2.8186268897637796
0
LINE
8
BLACK
6
CONTINUOUS
10
2.9952418897637796
20
2.8186268897637796
11
3.001233464566929
21
2.8268735826771652
0
LINE
8
BLACK
6
CONTINUOUS
10
3.001233464566929
20
2.8268735826771652
11
3.0084413779527557
21
2.8340814960629919
0
LINE
8
BLACK
6
CONTINUOUS
10
3.0084413779527557
20
2.8340814960629919
11
3.0166880708661417
21
2.8400730708661417
0
LINE
8
BLACK
6
CONTINUOUS
10
3.0166880708661417
20
2.8400730708661417
11
3.0257705511811022
21
2.8447008267716534
0
LINE
8
BLACK
6
CONTINUOUS
10
3.0257705511811022
20
2.8447008267716534
11
3.0354651574803149
21
2.8478507874015748
0
LINE
8
BLACK
6
CONTINUOUS
10
3.0354651574803149
20
2.8478507874015748
11
3.0455331496062992
21
2.8494454330708661
0
LINE
8
BLACK
6
CONTINUOUS
10
3.0455331496062992
20
2.8494454330708661
11
3.0557266929133857
21
2.8494454330708661
0
LINE
8
BLACK
6
CONTINUOUS
10
3.0557266929133857
20
2.8494454330708661
11
3.06579468503937
21
2.8478507874015748
0
LINE
8
BLACK
6
CONTINUOUS
10
3.8256372047244094
20
2.8478507874015748
11
3.8353318110236221
21
2.8447008267716534
0
LINE
8
BLACK
6
CONTINUOUS
10
3.8353318110236221
20
2.8447008267716534
11
3.8444142913385826
21
2.8400730708661417
0
LINE
8
BLACK
6
CONTINUOUS
10
3.8444142913385826
20
2.8400730708661417
11
3.8526609842519686
21
2.8340814960629919
0
LINE
8
BLACK
6
CONTINUOUS
10
3.8526609842519686
20
2.8340814960629919
11
3.8598688976377953
21
2.8268735826771652
0
LINE
8
BLACK
6
CONTINUOUS
10
3.8598688976377953
20
2.8268735826771652
11
3.8658604724409447
21
2.8186268897637796
0
LINE
8
BLACK
6
CONTINUOUS
10
3.8658604724409447
20
2.8186268897637796
11
3.8704882283464568
21
2.8095444094488187
0
LINE
8
BLACK
6
CONTINUOUS
10
3.8704882283464568
20
2.8095444094488187
11
3.8736381889763778
21
2.7998498031496064
0
LINE
8
BLACK
6
CONTINUOUS
10
3.8736381889763778
20
2.7998498031496064
11
3.875232834645669
21
2.7897818110236221
0
LINE
8
BLACK
6
CONTINUOUS
10
3.875232834645669
20
2.7897818110236221
11
3.875232834645669
21
2.7795882677165356
0
LINE
8
BLACK
6
CONTINUOUS
10
3.875232834645669
20
2.7795882677165356
11
3.8736381889763778
21
2.7695202755905513
0
LINE
8
BLACK
6
CONTINUOUS
10
3.8736381889763778
20
2.7695202755905513
11
3.8704882283464568
21
2.7598256692913385
0
LINE
8
BLACK
6
CONTINUOUS
10
3.8704882283464568
20
2.7598256692913385
11
3.8658604724409447
21
2.750743188976378
0
LINE
8
BLACK
6
CONTINUOUS
10
3.8658604724409447
20
2.750743188976378
11
3.8598688976377953
21
2.7424964960629921
0
LINE
8
BLACK
6
CONTINUOUS
10
3.8598688976377953
20
2.7424964960629921
11
3.8526609842519686
21
2.7352885826771653
0
LINE
8
BLACK
6
CONTINUOUS
10
3.8526609842519686
20
2.7352885826771653
11
3.8444142913385826
21
2.7292970078740155
0
LINE
8
BLACK
6
CONTINUOUS
10
3.8444142913385826
20
2.7292970078740155
11
3.8353318110236221
21
2.7246692519685038
0
LINE
8
BLACK
6
CONTINUOUS
10
3.8353318110236221
20
2.7246692519685038
11
3.8256372047244094
21
2.7215192913385828
0
LINE
8
BLACK
6
CONTINUOUS
10
3.8256372047244094
20
2.7215192913385828
11
3.8155692125984251
21
2.7199246456692912
0
LINE
8
BLACK
6
CONTINUOUS
10
3.8155692125984251
20
2.7199246456692912
11
3.8053756692913385
21
2.7199246456692912
0
LINE
8
BLACK
6
CONTINUOUS
10
3.8053756692913385
20
2.7199246456692912
11
3.7953076771653542
21
2.7215192913385828
0
LINE
8
BLACK
6
CONTINUOUS
10
3.7953076771653542
20
2.7215192913385828
11
3.7856130708661415
21
2.7246692519685038
0
LINE
8
BLACK
6
CONTINUOUS
10
3.7856130708661415
20
2.7246692519685038
11
3.776530590551181
21
2.7292970078740155
0
LINE
8
BLACK
6
CONTINUOUS
10
3.776530590551181
20
2.7292970078740155
11
3.768283897637795
21
2.7352885826771653
0
LINE
8
BLACK
6
CONTINUOUS
10
3.768283897637795
20
2.7352885826771653
11
3.7610759842519683
21
2.7424964960629921
0
LINE
8
BLACK
6
CONTINUOUS
10
3.7610759842519683
20
2.7424964960629921
11
3.7550844094488189
21
2.750743188976378
0
LINE
8
BLACK
6
CONTINUOUS
10
3.7550844094488189
20
2.750743188976378
11
3.7504566535433068
21
2.7598256692913385
0
LINE
8
BLACK
6
CONTINUOUS
10
3.7504566535433068
20
2.7598256692913385
11
3.7473066929133858
21
2.7695202755905513
0
LINE
8
BLACK
6
CONTINUOUS
10
3.7473066929133858
20
2.7695202755905513
11
3.7457120472440946
21
2.7795882677165356
0
LINE
8
BLACK
6
CONTINUOUS
10
3.7457120472440946
20
2.7795882677165356
11
3.7457120472440946
21
2.7897818110236221
0
LINE
8
BLACK
6
CONTINUOUS
10
3.7457120472440946
20
2.7897818110236221
11
3.7473066929133858
21
2.7998498031496064
0
LINE
8
BLACK
6
CONTINUOUS
10
3.7473066929133858
20
2.7998498031496064
11
3.7504566535433068
21
2.8095444094488187
0
LINE
8
BLACK
6
CONTINUOUS
10
3.7504566535433068
20
2.8095444094488187
11
3.7550844094488189
21
2.8186268897637796
0
LINE
8
BLACK
6
CONTINUOUS
10
3.7550844094488189
20
2.8186268897637796
11
3.7610759842519683
21
2.8268735826771652
0
LINE
8
BLACK
6
CONTINUOUS
10
3.7610759842519683
20
2.8268735826771652
11
3.768283897637795
21
2.8340814960629919
0
LINE
8
BLACK
6
CONTINUOUS
10
3.768283897637795
20
2.8340814960629919
11
3.776530590551181
21
2.8400730708661417
0
LINE
8
BLACK
6
CONTINUOUS
10
3.776530590551181
20
2.8400730708661417
11
3.7856130708661415
21
2.8447008267716534
0
LINE
8
BLACK
6
CONTINUOUS
10
3.7856130708661415
20
2.8447008267716534
11
3.7953076771653542
21
2.8478507874015748
0
LINE
8
BLACK
6
CONTINUOUS
10
3.7953076771653542
20
2.8478507874015748
11
3.8053756692913385
21
2.8494454330708661
0
LINE
8
BLACK
6
CONTINUOUS
10
3.8053756692913385
20
2.8494454330708661
11
3.8155692125984251
21
2.8494454330708661
0
LINE
8
BLACK
6
CONTINUOUS
10
3.8155692125984251
20
2.8494454330708661
11
3.8256372047244094
21
2.8478507874015748
0
LINE
8
BLACK
6
CONTINUOUS
10
4.5854797244094483
20
2.8478507874015748
11
4.5951743307086614
21
2.8447008267716534
0
LINE
8
BLACK
6
CONTINUOUS
10
4.5951743307086614
20
2.8447008267716534
11
4.6042568110236219
21
2.8400730708661417
0
LINE
8
BLACK
6
CONTINUOUS
10
4.6042568110236219
20
2.8400730708661417
11
4.6125035039370079
21
2.8340814960629919
0
LINE
8
BLACK
6
CONTINUOUS
10
4.6125035039370079
20
2.8340814960629919
11
4.6197114173228346
21
2.8268735826771652
0
LINE
8
BLACK
6
CONTINUOUS
10
4.6197114173228346
20
2.8268735826771652
11
4.6257029921259845
21
2.8186268897637796
0
LINE
8
BLACK
6
CONTINUOUS
10
4.6257029921259845
20
2.8186268897637796
11
4.6303307480314961
21
2.8095444094488187
0
LINE
8
BLACK
6
CONTINUOUS
10
4.6303307480314961
20
2.8095444094488187
11
4.6334807086614171
21
2.7998498031496064
0
LINE
8
BLACK
6
CONTINUOUS
10
4.6334807086614171
20
2.7998498031496064
11
4.6350753543307084
21
2.7897818110236221
0
LINE
8
BLACK
6
CONTINUOUS
10
4.6350753543307084
20
2.7897818110236221
11
4.6350753543307084
21
2.7795882677165356
0
LINE
8
BLACK
6
CONTINUOUS
10
4.6350753543307084
20
2.7795882677165356
11
4.6334807086614171
21
2.7695202755905513
0
LINE
8
BLACK
6
CONTINUOUS
10
4.6334807086614171
20
2.7695202755905513
11
4.6303307480314961
21
2.7598256692913385
0
LINE
8
BLACK
6
CONTINUOUS
10
4.6303307480314961
20
2.7598256692913385
11
4.6257029921259845
21
2.750743188976378
0
LINE
8
BLACK
6
CONTINUOUS
10
4.6257029921259845
20
2.750743188976378
11
4.6197114173228346
21
2.7424964960629921
0
LINE
8
BLACK
6
CONTINUOUS
10
4.6197114173228346
20
2.7424964960629921
11
4.6125035039370079
21
2.7352885826771653
0
LINE
8
BLACK
6
CONTINUOUS
10
4.6125035039370079
20
2.7352885826771653
11
4.6042568110236219
21
2.7292970078740155
0
LINE
8
BLACK
6
CONTINUOUS
10
4.6042568110236219
20
2.7292970078740155
11
4.5951743307086614
21
2.7246692519685038
0
LINE
8
BLACK
6
CONTINUOUS
10
4.5951743307086614
20
2.7246692519685038
11
4.5854797244094483
21
2.7215192913385828
0
LINE
8
BLACK
6
CONTINUOUS
10
4.5854797244094483
20
2.7215192913385828
11
4.5754117322834649
21
2.7199246456692912
0
LINE
8
BLACK
6
CONTINUOUS
10
4.5754117322834649
20
2.7199246456692912
11
4.5652181889763774
21
2.7199246456692912
0
LINE
8
BLACK
6
CONTINUOUS
10
4.5652181889763774
20
2.7199246456692912
11
4.555150196850394
21
2.7215192913385828
0
LINE
8
BLACK
6
CONTINUOUS
10
4.555150196850394
20
2.7215192913385828
11
4.5454555905511809
21
2.7246692519685038
0
LINE
8
BLACK
6
CONTINUOUS
10
4.5454555905511809
20
2.7246692519685038
11
4.5363731102362204
21
2.7292970078740155
0
LINE
8
BLACK
6
CONTINUOUS
10
4.5363731102362204
20
2.7292970078740155
11
4.5281264173228344
21
2.7352885826771653
0
LINE
8
BLACK
6
CONTINUOUS
10
4.5281264173228344
20
2.7352885826771653
11
4.5209185039370077
21
2.7424964960629921
0
LINE
8
BLACK
6
CONTINUOUS
10
4.5209185039370077
20
2.7424964960629921
11
4.5149269291338578
21
2.750743188976378
0
LINE
8
BLACK
6
CONTINUOUS
10
4.5149269291338578
20
2.750743188976378
11
4.5102991732283462
21
2.7598256692913385
0
LINE
8
BLACK
6
CONTINUOUS
10
4.5102991732283462
20
2.7598256692913385
11
4.5071492125984252
21
2.7695202755905513
0
LINE
8
BLACK
6
CONTINUOUS
10
4.5071492125984252
20
2.7695202755905513
11
4.5055545669291339
21
2.7795882677165356
0
LINE
8
BLACK
6
CONTINUOUS
10
4.5055545669291339
20
2.7795882677165356
11
4.5055545669291339
21
2.7897818110236221
0
LINE
8
BLACK
6
CONTINUOUS
10
4.5055545669291339
20
2.7897818110236221
11
4.5071492125984252
21
2.7998498031496064
0
LINE
8
BLACK
6
CONTINUOUS
10
4.5071492125984252
20
2.7998498031496064
11
4.5102991732283462
21
2.8095444094488187
0
LINE
8
BLACK
6
CONTINUOUS
10
4.5102991732283462
20
2.8095444094488187
11
4.5149269291338578
21
2.8186268897637796
0
LINE
8
BLACK
6
CONTINUOUS
10
4.5149269291338578
20
2.8186268897637796
11
4.5209185039370077
21
2.8268735826771652
0
LINE
8
BLACK
6
CONTINUOUS
10
4.5209185039370077
20
2.8268735826771652
11
4.5281264173228344
21
2.8340814960629919
0
LINE
8
BLACK
6
CONTINUOUS
10
4.5281264173228344
20
2.8340814960629919
11
4.5363731102362204
21
2.8400730708661417
0
LINE
8
BLACK
6
CONTINUOUS
10
4.5363731102362204
20
2.8400730708661417
11
4.5454555905511809
21
2.8447008267716534
0
LINE
8
BLACK
6
CONTINUOUS
10
4.5454555905511809
20
2.8447008267716534
11
4.555150196850394
21
2.8478507874015748
0
LINE
8
BLACK
6
CONTINUOUS
10
4.555150196850394
20
2.8478507874015748
11
4.5652181889763774
21
2.8494454330708661
0
LINE
8
BLACK
6
CONTINUOUS
10
4.5652181889763774
20
2.8494454330708661
11
4.5754117322834649
21
2.8494454330708661
0
LINE
8
BLACK
6
CONTINUOUS
10
4.5754117322834649
20
2.8494454330708661
11
4.5854797244094483
21
2.8478507874015748
0
LINE
8
BLACK
6
CONTINUOUS
10
1.4516214566929133
20
2.8480476377952755
11
1.461316062992126
21
2.8448976771653545
0
LINE
8
BLACK
6
CONTINUOUS
10
1.461316062992126
20
2.8448976771653545
11
1.4703985433070865
21
2.8402699212598423
0
LINE
8
BLACK
6
CONTINUOUS
10
1.4703985433070865
20
2.8402699212598423
11
1.4786452362204725
21
2.834278346456693
0
LINE
8
BLACK
6
CONTINUOUS
10
1.4786452362204725
20
2.834278346456693
11
1.4858531496062992
21
2.8270704330708663
0
LINE
8
BLACK
6
CONTINUOUS
10
1.4858531496062992
20
2.8270704330708663
11
1.4918447244094488
21
2.8188237401574803
0
LINE
8
BLACK
6
CONTINUOUS
10
1.4918447244094488
20
2.8188237401574803
11
1.4964724803149605
21
2.8097412598425198
0
LINE
8
BLACK
6
CONTINUOUS
10
1.4964724803149605
20
2.8097412598425198
11
1.499622440944882
21
2.8000466535433071
0
LINE
8
BLACK
6
CONTINUOUS
10
1.499622440944882
20
2.8000466535433071
11
1.5012170866141732
21
2.7899786614173228
0
LINE
8
BLACK
6
CONTINUOUS
10
1.5012170866141732
20
2.7899786614173228
11
1.5012170866141732
21
2.7797851181102362
0
LINE
8
BLACK
6
CONTINUOUS
10
1.5012170866141732
20
2.7797851181102362
11
1.499622440944882
21
2.7697171259842519
0
LINE
8
BLACK
6
CONTINUOUS
10
1.499622440944882
20
2.7697171259842519
11
1.4964724803149605
21
2.7600225196850392
0
LINE
8
BLACK
6
CONTINUOUS
10
1.4964724803149605
20
2.7600225196850392
11
1.4918447244094488
21
2.7509400393700787
0
LINE
8
BLACK
6
CONTINUOUS
10
1.4918447244094488
20
2.7509400393700787
11
1.4858531496062992
21
2.7426933464566927
0
LINE
8
BLACK
6
CONTINUOUS
10
1.4858531496062992
20
2.7426933464566927
11
1.4786452362204725
21
2.735485433070866
0
LINE
8
BLACK
6
CONTINUOUS
10
1.4786452362204725
20
2.735485433070866
11
1.4703985433070865
21
2.7294938582677166
0
LINE
8
BLACK
6
CONTINUOUS
10
1.4703985433070865
20
2.7294938582677166
11
1.461316062992126
21
2.7248661023622045
0
LINE
8
BLACK
6
CONTINUOUS
10
1.461316062992126
20
2.7248661023622045
11
1.4516214566929133
21
2.7217161417322835
0
LINE
8
BLACK
6
CONTINUOUS
10
1.4516214566929133
20
2.7217161417322835
11
1.441553464566929
21
2.7201214960629923
0
LINE
8
BLACK
6
CONTINUOUS
10
1.441553464566929
20
2.7201214960629923
11
1.4313599212598425
21
2.7201214960629923
0
LINE
8
BLACK
6
CONTINUOUS
10
1.4313599212598425
20
2.7201214960629923
11
1.4212919291338582
21
2.7217161417322835
0
LINE
8
BLACK
6
CONTINUOUS
10
1.4212919291338582
20
2.7217161417322835
11
1.4115973228346457
21
2.7248661023622045
0
LINE
8
BLACK
6
CONTINUOUS
10
1.4115973228346457
20
2.7248661023622045
11
1.4025148425196849
21
2.7294938582677166
0
LINE
8
BLACK
6
CONTINUOUS
10
1.4025148425196849
20
2.7294938582677166
11
1.3942681496062992
21
2.735485433070866
0
LINE
8
BLACK
6
CONTINUOUS
10
1.3942681496062992
20
2.735485433070866
11
1.3870602362204725
21
2.7426933464566927
0
LINE
8
BLACK
6
CONTINUOUS
10
1.3870602362204725
20
2.7426933464566927
11
1.3810686614173229
21
2.7509400393700787
0
LINE
8
BLACK
6
CONTINUOUS
10
1.3810686614173229
20
2.7509400393700787
11
1.376440905511811
21
2.7600225196850392
0
LINE
8
BLACK
6
CONTINUOUS
10
1.376440905511811
20
2.7600225196850392
11
1.3732909448818897
21
2.7697171259842519
0
LINE
8
BLACK
6
CONTINUOUS
10
1.3732909448818897
20
2.7697171259842519
11
1.3716962992125985
21
2.7797851181102362
0
LINE
8
BLACK
6
CONTINUOUS
10
1.3716962992125985
20
2.7797851181102362
11
1.3716962992125985
21
2.7899786614173228
0
LINE
8
BLACK
6
CONTINUOUS
10
1.3716962992125985
20
2.7899786614173228
11
1.3732909448818897
21
2.8000466535433071
0
LINE
8
BLACK
6
CONTINUOUS
10
1.3732909448818897
20
2.8000466535433071
11
1.376440905511811
21
2.8097412598425198
0
LINE
8
BLACK
6
CONTINUOUS
10
1.376440905511811
20
2.8097412598425198
11
1.3810686614173229
21
2.8188237401574803
0
LINE
8
BLACK
6
CONTINUOUS
10
1.3810686614173229
20
2.8188237401574803
11
1.3870602362204725
21
2.8270704330708663
0
LINE
8
BLACK
6
CONTINUOUS
10
1.3870602362204725
20
2.8270704330708663
11
1.3942681496062992
21
2.834278346456693
0
LINE
8
BLACK
6
CONTINUOUS
10
1.3942681496062992
20
2.834278346456693
11
1.4025148425196849
21
2.8402699212598423
0
LINE
8
BLACK
6
CONTINUOUS
10
1.4025148425196849
20
2.8402699212598423
11
1.4115973228346457
21
2.8448976771653545
0
LINE
8
BLACK
6
CONTINUOUS
10
1.4115973228346457
20
2.8448976771653545
11
1.4212919291338582
21
2.8480476377952755
0
LINE
8
BLACK
6
CONTINUOUS
10
1.4212919291338582
20
2.8480476377952755
11
1.4313599212598425
21
2.8496422834645667
0
LINE
8
BLACK
6
CONTINUOUS
10
1.4313599212598425
20
2.8496422834645667
11
1.441553464566929
21
2.8496422834645667
0
LINE
8
BLACK
6
CONTINUOUS
10
1.441553464566929
20
2.8496422834645667
11
1.4516214566929133
21
2.8480476377952755
0
LINE
8
BLACK
6
CONTINUOUS
10
2.2114639763779529
20
2.8480476377952755
11
2.2211585826771651
21
2.8448976771653545
0
LINE
8
BLACK
6
CONTINUOUS
10
2.2211585826771651
20
2.8448976771653545
11
2.2302410629921261
21
2.8402699212598423
0
LINE
8
BLACK
6
CONTINUOUS
10
2.2302410629921261
20
2.8402699212598423
11
2.2384877559055116
21
2.834278346456693
0
LINE
8
BLACK
6
CONTINUOUS
10
2.2384877559055116
20
2.834278346456693
11
2.2456956692913383
21
2.8270704330708663
0
LINE
8
BLACK
6
CONTINUOUS
10
2.2456956692913383
20
2.8270704330708663
11
2.2516872440944882
21
2.8188237401574803
0
LINE
8
BLACK
6
CONTINUOUS
10
2.2516872440944882
20
2.8188237401574803
11
2.2563149999999998
21
2.8097412598425198
0
LINE
8
BLACK
6
CONTINUOUS
10
2.2563149999999998
20
2.8097412598425198
11
2.2594649606299213
21
2.8000466535433071
0
LINE
8
BLACK
6
CONTINUOUS
10
2.2594649606299213
20
2.8000466535433071
11
2.2610596062992125
21
2.7899786614173228
0
LINE
8
BLACK
6
CONTINUOUS
10
2.2610596062992125
20
2.7899786614173228
11
2.2610596062992125
21
2.7797851181102362
0
LINE
8
BLACK
6
CONTINUOUS
10
2.2610596062992125
20
2.7797851181102362
11
2.2594649606299213
21
2.7697171259842519
0
LINE
8
BLACK
6
CONTINUOUS
10
2.2594649606299213
20
2.7697171259842519
11
2.2563149999999998
21
2.7600225196850392
0
LINE
8
BLACK
6
CONTINUOUS
10
2.2563149999999998
20
2.7600225196850392
11
2.2516872440944882
21
2.7509400393700787
0
LINE
8
BLACK
6
CONTINUOUS
10
2.2516872440944882
20
2.7509400393700787
11
2.2456956692913383
21
2.7426933464566927
0
LINE
8
BLACK
6
CONTINUOUS
10
2.2456956692913383
20
2.7426933464566927
11
2.2384877559055116
21
2.735485433070866
0
LINE
8
BLACK
6
CONTINUOUS
10
2.2384877559055116
20
2.735485433070866
11
2.2302410629921261
21
2.7294938582677166
0
LINE
8
BLACK
6
CONTINUOUS
10
2.2302410629921261
20
2.7294938582677166
11
2.2211585826771651
21
2.7248661023622045
0
LINE
8
BLACK
6
CONTINUOUS
10
2.2211585826771651
20
2.7248661023622045
11
2.2114639763779529
21
2.7217161417322835
0
LINE
8
BLACK
6
CONTINUOUS
10
2.2114639763779529
20
2.7217161417322835
11
2.2013959842519686
21
2.7201214960629923
0
LINE
8
BLACK
6
CONTINUOUS
10
2.2013959842519686
20
2.7201214960629923
11
2.191202440944882
21
2.7201214960629923
0
LINE
8
BLACK
6
CONTINUOUS
10
2.191202440944882
20
2.7201214960629923
11
2.1811344488188977
21
2.7217161417322835
0
LINE
8
BLACK
6
CONTINUOUS
10
2.1811344488188977
20
2.7217161417322835
11
2.171439842519685
21
2.7248661023622045
0
LINE
8
BLACK
6
CONTINUOUS
10
2.171439842519685
20
2.7248661023622045
11
2.1623573622047245
21
2.7294938582677166
0
LINE
8
BLACK
6
CONTINUOUS
10
2.1623573622047245
20
2.7294938582677166
11
2.1541106692913385
21
2.735485433070866
0
LINE
8
BLACK
6
CONTINUOUS
10
2.1541106692913385
20
2.735485433070866
11
2.1469027559055118
21
2.7426933464566927
0
LINE
8
BLACK
6
CONTINUOUS
10
2.1469027559055118
20
2.7426933464566927
11
2.140911181102362
21
2.7509400393700787
0
LINE
8
BLACK
6
CONTINUOUS
10
2.140911181102362
20
2.7509400393700787
11
2.1362834251968503
21
2.7600225196850392
0
LINE
8
BLACK
6
CONTINUOUS
10
2.1362834251968503
20
2.7600225196850392
11
2.1331334645669289
21
2.7697171259842519
0
LINE
8
BLACK
6
CONTINUOUS
10
2.1331334645669289
20
2.7697171259842519
11
2.1315388188976376
21
2.7797851181102362
0
LINE
8
BLACK
6
CONTINUOUS
10
2.1315388188976376
20
2.7797851181102362
11
2.1315388188976376
21
2.7899786614173228
0
LINE
8
BLACK
6
CONTINUOUS
10
2.1315388188976376
20
2.7899786614173228
11
2.1331334645669289
21
2.8000466535433071
0
LINE
8
BLACK
6
CONTINUOUS
10
2.1331334645669289
20
2.8000466535433071
11
2.1362834251968503
21
2.8097412598425198
0
LINE
8
BLACK
6
CONTINUOUS
10
2.1362834251968503
20
2.8097412598425198
11
2.140911181102362
21
2.8188237401574803
0
LINE
8
BLACK
6
CONTINUOUS
10
2.140911181102362
20
2.8188237401574803
11
2.1469027559055118
21
2.8270704330708663
0
LINE
8
BLACK
6
CONTINUOUS
10
2.1469027559055118
20
2.8270704330708663
11
2.1541106692913385
21
2.834278346456693
0
LINE
8
BLACK
6
CONTINUOUS
10
2.1541106692913385
20
2.834278346456693
11
2.1623573622047245
21
2.8402699212598423
0
LINE
8
BLACK
6
CONTINUOUS
10
2.1623573622047245
20
2.8402699212598423
11
2.171439842519685
21
2.8448976771653545
0
LINE
8
BLACK
6
CONTINUOUS
10
2.171439842519685
20
2.8448976771653545
11
2.1811344488188977
21
2.8480476377952755
0
LINE
8
BLACK
6
CONTINUOUS
10
2.1811344488188977
20
2.8480476377952755
11
2.191202440944882
21
2.8496422834645667
0
LINE
8
BLACK
6
CONTINUOUS
10
2.191202440944882
20
2.8496422834645667
11
2.2013959842519686
21
2.8496422834645667
0
LINE
8
BLACK
6
CONTINUOUS
10
2.2013959842519686
20
2.8496422834645667
11
2.2114639763779529
21
2.8480476377952755
0
LINE
8
BLACK
6
CONTINUOUS
10
5.252152952755905
20
2.8097650000000001
11
5.2561236614173223
21
2.8080117716535433
0
LINE
8
BLACK
6
CONTINUOUS
10
5.2561236614173223
20
2.8080117716535433
11
5.2591928740157483
21
2.8049425590551182
0
LINE
8
BLACK
6
CONTINUOUS
10
5.2591928740157483
20
2.8049425590551182
11
5.2609461023622046
21
2.8009718503937009
0
LINE
8
BLACK
6
CONTINUOUS
10
5.2609461023622046
20
2.8009718503937009
11
5.261259842519685
21
2.7982677165354328
0
LINE
8
BLACK
6
CONTINUOUS
10
5.261259842519685
20
2.7982677165354328
11
5.261259842519685
21
2.7775984251968504
0
LINE
8
BLACK
6
CONTINUOUS
10
5.261259842519685
20
2.7775984251968504
11
5.2609461023622046
21
2.7748942913385828
0
LINE
8
BLACK
6
CONTINUOUS
10
5.2609461023622046
20
2.7748942913385828
11
5.2591928740157483
21
2.7709235826771654
0
LINE
8
BLACK
6
CONTINUOUS
10
5.2591928740157483
20
2.7709235826771654
11
5.2561236614173223
21
2.7678543700787399
0
LINE
8
BLACK
6
CONTINUOUS
10
5.2561236614173223
20
2.7678543700787399
11
5.252152952755905
21
2.7661011417322836
0
LINE
8
BLACK
6
CONTINUOUS
10
5.252152952755905
20
2.7661011417322836
11
5.2494488188976378
21
2.7657874015748032
0
LINE
8
BLACK
6
CONTINUOUS
10
5.2494488188976378
20
2.7657874015748032
11
5.2140157480314961
21
2.7657874015748032
0
LINE
8
BLACK
6
CONTINUOUS
10
5.2140157480314961
20
2.7657874015748032
11
5.2113116141732281
21
2.7661011417322836
0
LINE
8
BLACK
6
CONTINUOUS
10
5.2113116141732281
20
2.7661011417322836
11
5.2073409055118107
21
2.7678543700787399
0
LINE
8
BLACK
6
CONTINUOUS
10
5.2073409055118107
20
2.7678543700787399
11
5.2042716929133856
21
2.7709235826771654
0
LINE
8
BLACK
6
CONTINUOUS
10
5.2042716929133856
20
2.7709235826771654
11
5.2025184645669293
21
2.7748942913385828
0
LINE
8
BLACK
6
CONTINUOUS
10
5.2025184645669293
20
2.7748942913385828
11
5.2022047244094489
21
2.7775984251968504
0
LINE
8
BLACK
6
CONTINUOUS
10
5.2022047244094489
20
2.7775984251968504
11
5.2022047244094489
21
2.7982677165354328
0
LINE
8
BLACK
6
CONTINUOUS
10
5.2022047244094489
20
2.7982677165354328
11
5.2025184645669293
21
2.8009718503937009
0
LINE
8
BLACK
6
CONTINUOUS
10
5.2025184645669293
20
2.8009718503937009
11
5.2042716929133856
21
2.8049425590551182
0
LINE
8
BLACK
6
CONTINUOUS
10
5.2042716929133856
20
2.8049425590551182
11
5.2073409055118107
21
2.8080117716535433
0
LINE
8
BLACK
6
CONTINUOUS
10
5.2073409055118107
20
2.8080117716535433
11
5.2113116141732281
21
2.8097650000000001
0
LINE
8
BLACK
6
CONTINUOUS
10
5.2113116141732281
20
2.8097650000000001
11
5.2140157480314961
21
2.81007874015748
0
LINE
8
BLACK
6
CONTINUOUS
10
5.2140157480314961
20
2.81007874015748
11
5.2494488188976378
21
2.81007874015748
0
LINE
8
BLACK
6
CONTINUOUS
10
5.2494488188976378
20
2.81007874015748
11
5.252152952755905
21
2.8097650000000001
0
LINE
8
BLACK
6
CONTINUOUS
10
5.3141608267716531
20
2.8077964960629922
11
5.3181315354330705
21
2.8060432677165354
0
LINE
8
BLACK
6
CONTINUOUS
10
5.3181315354330705
20
2.8060432677165354
11
5.3212007480314956
21
2.8029740551181104
0
LINE
8
BLACK
6
CONTINUOUS
10
5.3212007480314956
20
2.8029740551181104
11
5.3229539763779528
21
2.799003346456693
0
LINE
8
BLACK
6
CONTINUOUS
10
5.3229539763779528
20
2.799003346456693
11
5.3232677165354332
21
2.796299212598425
0
LINE
8
BLACK
6
CONTINUOUS
10
5.3232677165354332
20
2.796299212598425
11
5.3232677165354332
21
2.780551181102362
0
LINE
8
BLACK
6
CONTINUOUS
10
5.3232677165354332
20
2.780551181102362
11
5.3229539763779528
21
2.7778470472440944
0
LINE
8
BLACK
6
CONTINUOUS
10
5.3229539763779528
20
2.7778470472440944
11
5.3212007480314956
21
2.773876338582677
0
LINE
8
BLACK
6
CONTINUOUS
10
5.3212007480314956
20
2.773876338582677
11
5.3181315354330705
21
2.7708071259842519
0
LINE
8
BLACK
6
CONTINUOUS
10
5.3181315354330705
20
2.7708071259842519
11
5.3141608267716531
21
2.7690538976377952
0
LINE
8
BLACK
6
CONTINUOUS
10
5.3141608267716531
20
2.7690538976377952
11
5.311456692913386
21
2.7687401574803148
0
LINE
8
BLACK
6
CONTINUOUS
10
5.311456692913386
20
2.7687401574803148
11
5.2917716535433073
21
2.7687401574803148
0
LINE
8
BLACK
6
CONTINUOUS
10
5.2917716535433073
20
2.7687401574803148
11
5.2890675196850392
21
2.7690538976377952
0
LINE
8
BLACK
6
CONTINUOUS
10
5.2890675196850392
20
2.7690538976377952
11
5.2850968110236218
21
2.7708071259842519
0
LINE
8
BLACK
6
CONTINUOUS
10
5.2850968110236218
20
2.7708071259842519
11
5.2820275984251968
21
2.773876338582677
0
LINE
8
BLACK
6
CONTINUOUS
10
5.2820275984251968
20
2.773876338582677
11
5.2802743700787405
21
2.7778470472440944
0
LINE
8
BLACK
6
CONTINUOUS
10
5.2802743700787405
20
2.7778470472440944
11
5.27996062992126
21
2.780551181102362
0
LINE
8
BLACK
6
CONTINUOUS
10
5.27996062992126
20
2.780551181102362
11
5.27996062992126
21
2.796299212598425
0
LINE
8
BLACK
6
CONTINUOUS
10
5.27996062992126
20
2.796299212598425
11
5.2802743700787405
21
2.799003346456693
0
LINE
8
BLACK
6
CONTINUOUS
10
5.2802743700787405
20
2.799003346456693
11
5.2820275984251968
21
2.8029740551181104
0
LINE
8
BLACK
6
CONTINUOUS
10
5.2820275984251968
20
2.8029740551181104
11
5.2850968110236218
21
2.8060432677165354
0
LINE
8
BLACK
6
CONTINUOUS
10
5.2850968110236218
20
2.8060432677165354
11
5.2890675196850392
21
2.8077964960629922
0
LINE
8
BLACK
6
CONTINUOUS
10
5.2890675196850392
20
2.8077964960629922
11
5.2917716535433073
21
2.8081102362204722
0
LINE
8
BLACK
6
CONTINUOUS
10
5.2917716535433073
20
2.8081102362204722
11
5.311456692913386
21
2.8081102362204722
0
LINE
8
BLACK
6
CONTINUOUS
10
5.311456692913386
20
2.8081102362204722
11
5.3141608267716531
21
2.8077964960629922
0
LINE
8
BLACK
6
CONTINUOUS
10
5.1417128346456691
20
2.8146635826771651
11
5.1450506299212595
21
2.8127365354330709
0
LINE
8
BLACK
6
CONTINUOUS
10
5.1450506299212595
20
2.8127365354330709
11
5.1477759055118106
21
2.8100112598425198
0
LINE
8
BLACK
6
CONTINUOUS
10
5.1477759055118106
20
2.8100112598425198
11
5.1497029527559057
21
2.8066734645669289
0
LINE
8
BLACK
6
CONTINUOUS
10
5.1497029527559057
20
2.8066734645669289
11
5.1507004724409446
21
2.8029506692913384
0
LINE
8
BLACK
6
CONTINUOUS
10
5.1507004724409446
20
2.8029506692913384
11
5.1507004724409446
21
2.7990965748031496
0
LINE
8
BLACK
6
CONTINUOUS
10
5.1507004724409446
20
2.7990965748031496
11
5.1497029527559057
21
2.7953737795275591
0
LINE
8
BLACK
6
CONTINUOUS
10
5.1497029527559057
20
2.7953737795275591
11
5.1477759055118106
21
2.7920359842519686
0
LINE
8
BLACK
6
CONTINUOUS
10
5.1477759055118106
20
2.7920359842519686
11
5.1450506299212595
21
2.7893107086614171
0
LINE
8
BLACK
6
CONTINUOUS
10
5.1450506299212595
20
2.7893107086614171
11
5.1417128346456691
21
2.7873836614173229
0
LINE
8
BLACK
6
CONTINUOUS
10
5.1417128346456691
20
2.7873836614173229
11
5.137990039370079
21
2.7863861417322835
0
LINE
8
BLACK
6
CONTINUOUS
10
5.137990039370079
20
2.7863861417322835
11
5.1341359448818897
21
2.7863861417322835
0
LINE
8
BLACK
6
CONTINUOUS
10
5.1341359448818897
20
2.7863861417322835
11
5.1304131496062988
21
2.7873836614173229
0
LINE
8
BLACK
6
CONTINUOUS
10
5.1304131496062988
20
2.7873836614173229
11
5.1270753543307084
21
2.7893107086614171
0
LINE
8
BLACK
6
CONTINUOUS
10
5.1270753543307084
20
2.7893107086614171
11
5.1243500787401572
21
2.7920359842519686
0
LINE
8
BLACK
6
CONTINUOUS
10
5.1243500787401572
20
2.7920359842519686
11
5.122423031496063
21
2.7953737795275591
0
LINE
8
BLACK
6
CONTINUOUS
10
5.122423031496063
20
2.7953737795275591
11
5.1214255118110232
21
2.7990965748031496
0
LINE
8
BLACK
6
CONTINUOUS
10
5.1214255118110232
20
2.7990965748031496
11
5.1214255118110232
21
2.8029506692913384
0
LINE
8
BLACK
6
CONTINUOUS
10
5.1214255118110232
20
2.8029506692913384
11
5.122423031496063
21
2.8066734645669289
0
LINE
8
BLACK
6
CONTINUOUS
10
5.122423031496063
20
2.8066734645669289
11
5.1243500787401572
21
2.8100112598425198
0
LINE
8
BLACK
6
CONTINUOUS
10
5.1243500787401572
20
2.8100112598425198
11
5.1270753543307084
21
2.8127365354330709
0
LINE
8
BLACK
6
CONTINUOUS
10
5.1270753543307084
20
2.8127365354330709
11
5.1304131496062988
21
2.8146635826771651
0
LINE
8
BLACK
6
CONTINUOUS
10
5.1304131496062988
20
2.8146635826771651
11
5.1341359448818897
21
2.8156611023622045
0
LINE
8
BLACK
6
CONTINUOUS
10
5.1341359448818897
20
2.8156611023622045
11
5.137990039370079
21
2.8156611023622045
0
LINE
8
BLACK
6
CONTINUOUS
10
5.137990039370079
20
2.8156611023622045
11
5.1417128346456691
21
2.8146635826771651
0
LINE
8
BLACK
6
CONTINUOUS
10
5.1400020866141727
20
2.8797669685039371
11
5.1457103543307081
21
2.8782374409448819
0
LINE
8
BLACK
6
CONTINUOUS
10
5.1457103543307081
20
2.8782374409448819
11
5.1508282677165349
21
2.8752825984251968
0
LINE
8
BLACK
6
CONTINUOUS
10
5.1508282677165349
20
2.8752825984251968
11
5.1550070078740156
21
2.8711038582677166
0
LINE
8
BLACK
6
CONTINUOUS
10
5.1550070078740156
20
2.8711038582677166
11
5.1579618503937006
21
2.8659859448818898
0
LINE
8
BLACK
6
CONTINUOUS
10
5.1579618503937006
20
2.8659859448818898
11
5.1594913779527554
21
2.8602776771653544
0
LINE
8
BLACK
6
CONTINUOUS
10
5.1594913779527554
20
2.8602776771653544
11
5.1594913779527554
21
2.8543679921259844
0
LINE
8
BLACK
6
CONTINUOUS
10
5.1594913779527554
20
2.8543679921259844
11
5.1579618503937006
21
2.8486597244094489
0
LINE
8
BLACK
6
CONTINUOUS
10
5.1579618503937006
20
2.8486597244094489
11
5.1550070078740156
21
2.8435418110236221
0
LINE
8
BLACK
6
CONTINUOUS
10
5.1550070078740156
20
2.8435418110236221
11
5.1508282677165349
21
2.8393630708661415
0
LINE
8
BLACK
6
CONTINUOUS
10
5.1508282677165349
20
2.8393630708661415
11
5.1457103543307081
21
2.8364082283464565
0
LINE
8
BLACK
6
CONTINUOUS
10
5.1457103543307081
20
2.8364082283464565
11
5.1400020866141727
21
2.8348787007874017
0
LINE
8
BLACK
6
CONTINUOUS
10
5.1400020866141727
20
2.8348787007874017
11
5.1370472440944877
21
2.8346850393700787
0
LINE
8
BLACK
6
CONTINUOUS
10
5.1370472440944877
20
2.8346850393700787
11
5.0957086614173228
21
2.8346850393700787
0
LINE
8
BLACK
6
CONTINUOUS
10
5.0957086614173228
20
2.8346850393700787
11
5.0927538188976378
21
2.8348787007874017
0
LINE
8
BLACK
6
CONTINUOUS
10
5.0927538188976378
20
2.8348787007874017
11
5.0870455511811024
21
2.8364082283464565
0
LINE
8
BLACK
6
CONTINUOUS
10
5.0870455511811024
20
2.8364082283464565
11
5.0819276377952756
21
2.8393630708661415
0
LINE
8
BLACK
6
CONTINUOUS
10
5.0819276377952756
20
2.8393630708661415
11
5.0777488976377949
21
2.8435418110236221
0
LINE
8
BLACK
6
CONTINUOUS
10
5.0777488976377949
20
2.8435418110236221
11
5.0747940551181099
21
2.8486597244094489
0
LINE
8
BLACK
6
CONTINUOUS
10
5.0747940551181099
20
2.8486597244094489
11
5.0732645275590551
21
2.8543679921259844
0
LINE
8
BLACK
6
CONTINUOUS
10
5.0732645275590551
20
2.8543679921259844
11
5.0732645275590551
21
2.8602776771653544
0
LINE
8
BLACK
6
CONTINUOUS
10
5.0732645275590551
20
2.8602776771653544
11
5.0747940551181099
21
2.8659859448818898
0
LINE
8
BLACK
6
CONTINUOUS
10
5.0747940551181099
20
2.8659859448818898
11
5.0777488976377949
21
2.8711038582677166
0
LINE
8
BLACK
6
CONTINUOUS
10
5.0777488976377949
20
2.8711038582677166
11
5.0819276377952756
21
2.8752825984251968
0
LINE
8
BLACK
6
CONTINUOUS
10
5.0819276377952756
20
2.8752825984251968
11
5.0870455511811024
21
2.8782374409448819
0
LINE
8
BLACK
6
CONTINUOUS
10
5.0870455511811024
20
2.8782374409448819
11
5.0927538188976378
21
2.8797669685039371
0
LINE
8
BLACK
6
CONTINUOUS
10
5.0927538188976378
20
2.8797669685039371
11
5.0957086614173228
21
2.8799606299212597
0
LINE
8
BLACK
6
CONTINUOUS
10
5.0957086614173228
20
2.8799606299212597
11
5.1370472440944877
21
2.8799606299212597
0
LINE
8
BLACK
6
CONTINUOUS
10
5.1370472440944877
20
2.8799606299212597
11
5.1400020866141727
21
2.8797669685039371
0
LINE
8
BLACK
6
CONTINUOUS
10
5.3034562598425197
20
2.8787911417322833
11
5.3089163779527562
21
2.8773281102362205
0
LINE
8
BLACK
6
CONTINUOUS
10
5.3089163779527562
20
2.8773281102362205
11
5.3138117716535431
21
2.8745017322834645
0
LINE
8
BLACK
6
CONTINUOUS
10
5.3138117716535431
20
2.8745017322834645
11
5.317808818897638
21
2.8705046850393701
0
LINE
8
BLACK
6
CONTINUOUS
10
5.317808818897638
20
2.8705046850393701
11
5.320635196850394
21
2.8656092913385827
0
LINE
8
BLACK
6
CONTINUOUS
10
5.320635196850394
20
2.8656092913385827
11
5.3220982283464568
21
2.8601491732283466
0
LINE
8
BLACK
6
CONTINUOUS
10
5.3220982283464568
20
2.8601491732283466
11
5.3220982283464568
21
2.8544964960629922
0
LINE
8
BLACK
6
CONTINUOUS
10
5.3220982283464568
20
2.8544964960629922
11
5.320635196850394
21
2.8490363779527557
0
LINE
8
BLACK
6
CONTINUOUS
10
5.320635196850394
20
2.8490363779527557
11
5.317808818897638
21
2.8441409842519683
0
LINE
8
BLACK
6
CONTINUOUS
10
5.317808818897638
20
2.8441409842519683
11
5.3138117716535431
21
2.8401439370078738
0
LINE
8
BLACK
6
CONTINUOUS
10
5.3138117716535431
20
2.8401439370078738
11
5.3089163779527562
21
2.8373175590551178
0
LINE
8
BLACK
6
CONTINUOUS
10
5.3089163779527562
20
2.8373175590551178
11
5.3034562598425197
21
2.835854527559055
0
LINE
8
BLACK
6
CONTINUOUS
10
5.3034562598425197
20
2.835854527559055
11
5.3006299212598424
21
2.8356692913385828
0
LINE
8
BLACK
6
CONTINUOUS
10
5.3006299212598424
20
2.8356692913385828
11
5.261259842519685
21
2.8356692913385828
0
LINE
8
BLACK
6
CONTINUOUS
10
5.261259842519685
20
2.8356692913385828
11
5.2584335039370078
21
2.835854527559055
0
LINE
8
BLACK
6
CONTINUOUS
10
5.2584335039370078
20
2.835854527559055
11
5.2529733858267713
21
2.8373175590551178
0
LINE
8
BLACK
6
CONTINUOUS
10
5.2529733858267713
20
2.8373175590551178
11
5.2480779921259844
21
2.8401439370078738
0
LINE
8
BLACK
6
CONTINUOUS
10
5.2480779921259844
20
2.8401439370078738
11
5.2440809448818895
21
2.8441409842519683
0
LINE
8
BLACK
6
CONTINUOUS
10
5.2440809448818895
20
2.8441409842519683
11
5.2412545669291335
21
2.8490363779527557
0
LINE
8
BLACK
6
CONTINUOUS
10
5.2412545669291335
20
2.8490363779527557
11
5.2397915354330706
21
2.8544964960629922
0
LINE
8
BLACK
6
CONTINUOUS
10
5.2397915354330706
20
2.8544964960629922
11
5.2397915354330706
21
2.8601491732283466
0
LINE
8
BLACK
6
CONTINUOUS
10
5.2397915354330706
20
2.8601491732283466
11
5.2412545669291335
21
2.8656092913385827
0
LINE
8
BLACK
6
CONTINUOUS
10
5.2412545669291335
20
2.8656092913385827
11
5.2440809448818895
21
2.8705046850393701
0
LINE
8
BLACK
6
CONTINUOUS
10
5.2440809448818895
20
2.8705046850393701
11
5.2480779921259844
21
2.8745017322834645
0
LINE
8
BLACK
6
CONTINUOUS
10
5.2480779921259844
20
2.8745017322834645
11
5.2529733858267713
21
2.8773281102362205
0
LINE
8
BLACK
6
CONTINUOUS
10
5.2529733858267713
20
2.8773281102362205
11
5.2584335039370078
21
2.8787911417322833
0
LINE
8
BLACK
6
CONTINUOUS
10
5.2584335039370078
20
2.8787911417322833
11
5.261259842519685
21
2.878976377952756
0
LINE
8
BLACK
6
CONTINUOUS
10
5.261259842519685
20
2.878976377952756
11
5.3006299212598424
21
2.878976377952756
0
LINE
8
BLACK
6
CONTINUOUS
10
5.3006299212598424
20
2.878976377952756
11
5.3034562598425197
21
2.8787911417322833
0
LINE
8
BLACK
6
CONTINUOUS
10
0.410113937007874
20
3.2083821653543305
11
0.4232420472440945
21
3.205385748031496
0
LINE
8
BLACK
6
CONTINUOUS
10
0.4232420472440945
20
3.205385748031496
11
0.435952125984252
21
3.2009383070866142
0
LINE
8
BLACK
6
CONTINUOUS
10
0.435952125984252
20
3.2009383070866142
11
0.4480843700787401
21
3.1950957086614173
0
LINE
8
BLACK
6
CONTINUOUS
10
0.4480843700787401
20
3.1950957086614173
11
0.4594861023622047
21
3.1879315354330706
0
LINE
8
BLACK
6
CONTINUOUS
10
0.4594861023622047
20
3.1879315354330706
11
0.4700140551181102
21
3.1795357874015746
0
LINE
8
BLACK
6
CONTINUOUS
10
0.4700140551181102
20
3.1795357874015746
11
0.4795357874015748
21
3.1700140551181102
0
LINE
8
BLACK
6
CONTINUOUS
10
0.4795357874015748
20
3.1700140551181102
11
0.4879315354330708
21
3.1594861023622047
0
LINE
8
BLACK
6
CONTINUOUS
10
0.4879315354330708
20
3.1594861023622047
11
0.4950957086614173
21
3.14808437007874
0
LINE
8
BLACK
6
CONTINUOUS
10
0.4950957086614173
20
3.14808437007874
11
0.5009383070866141
21
3.135952125984252
0
LINE
8
BLACK
6
CONTINUOUS
10
0.5009383070866141
20
3.135952125984252
11
0.5053857480314961
21
3.1232420472440943
0
LINE
8
BLACK
6
CONTINUOUS
10
0.5053857480314961
20
3.1232420472440943
11
0.5083821653543307
21
3.1101139370078741
0
LINE
8
BLACK
6
CONTINUOUS
10
0.5083821653543307
20
3.1101139370078741
11
0.5098898425196851
21
3.096732874015748
0
LINE
8
BLACK
6
CONTINUOUS
10
0.5098898425196851
20
3.096732874015748
11
0.5098898425196851
21
3.0832671259842517
0
LINE
8
BLACK
6
CONTINUOUS
10
0.5098898425196851
20
3.0832671259842517
11
0.5083821653543307
21
3.0698860629921261
0
LINE
8
BLACK
6
CONTINUOUS
10
0.5083821653543307
20
3.0698860629921261
11
0.5053857480314961
21
3.0567579527559054
0
LINE
8
BLACK
6
CONTINUOUS
10
0.5053857480314961
20
3.0567579527559054
11
0.5009383070866141
21
3.0440478740157482
0
LINE
8
BLACK
6
CONTINUOUS
10
0.5009383070866141
20
3.0440478740157482
11
0.4950957086614173
21
3.0319156299212597
0
LINE
8
BLACK
6
CONTINUOUS
10
0.4950957086614173
20
3.0319156299212597
11
0.4879315354330708
21
3.020513897637795
0
LINE
8
BLACK
6
CONTINUOUS
10
0.4879315354330708
20
3.020513897637795
11
0.4795357874015748
21
3.0099859448818895
0
LINE
8
BLACK
6
CONTINUOUS
10
0.4795357874015748
20
3.0099859448818895
11
0.4700140551181102
21
3.0004642125984251
0
LINE
8
BLACK
6
CONTINUOUS
10
0.4700140551181102
20
3.0004642125984251
11
0.4594861023622047
21
2.9920684645669291
0
LINE
8
BLACK
6
CONTINUOUS
10
0.4594861023622047
20
2.9920684645669291
11
0.4480843700787401
21
2.9849042913385828
0
LINE
8
BLACK
6
CONTINUOUS
10
0.4480843700787401
20
2.9849042913385828
11
0.435952125984252
21
2.979061692913386
0
LINE
8
BLACK
6
CONTINUOUS
10
0.435952125984252
20
2.979061692913386
11
0.4232420472440945
21
2.9746142519685037
0
LINE
8
BLACK
6
CONTINUOUS
10
0.4232420472440945
20
2.9746142519685037
11
0.410113937007874
21
2.9716178346456692
0
LINE
8
BLACK
6
CONTINUOUS
10
0.410113937007874
20
2.9716178346456692
11
0.396732874015748
21
2.970110157480315
0
LINE
8
BLACK
6
CONTINUOUS
10
0.396732874015748
20
2.970110157480315
11
0.3832671259842519
21
2.970110157480315
0
LINE
8
BLACK
6
CONTINUOUS
10
0.3832671259842519
20
2.970110157480315
11
0.369886062992126
21
2.9716178346456692
0
LINE
8
BLACK
6
CONTINUOUS
10
0.369886062992126
20
2.9716178346456692
11
0.3567579527559055
21
2.9746142519685037
0
LINE
8
BLACK
6
CONTINUOUS
10
0.3567579527559055
20
2.9746142519685037
11
0.344047874015748
21
2.979061692913386
0
LINE
8
BLACK
6
CONTINUOUS
10
0.344047874015748
20
2.979061692913386
11
0.3319156299212598
21
2.9849042913385828
0
LINE
8
BLACK
6
CONTINUOUS
10
0.3319156299212598
20
2.9849042913385828
11
0.3205138976377953
21
2.9920684645669291
0
LINE
8
BLACK
6
CONTINUOUS
10
0.3205138976377953
20
2.9920684645669291
11
0.3099859448818897
21
3.0004642125984251
0
LINE
8
BLACK
6
CONTINUOUS
10
0.3099859448818897
20
3.0004642125984251
11
0.3004642125984252
21
3.0099859448818895
0
LINE
8
BLACK
6
CONTINUOUS
10
0.3004642125984252
20
3.0099859448818895
11
0.2920684645669291
21
3.020513897637795
0
LINE
8
BLACK
6
CONTINUOUS
10
0.2920684645669291
20
3.020513897637795
11
0.2849042913385827
21
3.0319156299212597
0
LINE
8
BLACK
6
CONTINUOUS
10
0.2849042913385827
20
3.0319156299212597
11
0.2790616929133858
21
3.0440478740157482
0
LINE
8
BLACK
6
CONTINUOUS
10
0.2790616929133858
20
3.0440478740157482
11
0.2746142519685039
21
3.0567579527559054
0
LINE
8
BLACK
6
CONTINUOUS
10
0.2746142519685039
20
3.0567579527559054
11
0.2716178346456693
21
3.0698860629921261
0
LINE
8
BLACK
6
CONTINUOUS
10
0.2716178346456693
20
3.0698860629921261
11
0.270110157480315
21
3.0832671259842517
0
LINE
8
BLACK
6
CONTINUOUS
10
0.270110157480315
20
3.0832671259842517
11
0.270110157480315
21
3.096732874015748
0
LINE
8
BLACK
6
CONTINUOUS
10
0.270110157480315
20
3.096732874015748
11
0.2716178346456693
21
3.1101139370078741
0
LINE
8
BLACK
6
CONTINUOUS
10
0.2716178346456693
20
3.1101139370078741
11
0.2746142519685039
21
3.1232420472440943
0
LINE
8
BLACK
6
CONTINUOUS
10
0.2746142519685039
20
3.1232420472440943
11
0.2790616929133858
21
3.135952125984252
0
LINE
8
BLACK
6
CONTINUOUS
10
0.2790616929133858
20
3.135952125984252
11
0.2849042913385827
21
3.14808437007874
0
LINE
8
BLACK
6
CONTINUOUS
10
0.2849042913385827
20
3.14808437007874
11
0.2920684645669291
21
3.1594861023622047
0
LINE
8
BLACK
6
CONTINUOUS
10
0.2920684645669291
20
3.1594861023622047
11
0.3004642125984252
21
3.1700140551181102
0
LINE
8
BLACK
6
CONTINUOUS
10
0.3004642125984252
20
3.1700140551181102
11
0.3099859448818897
21
3.1795357874015746
0
LINE
8
BLACK
6
CONTINUOUS
10
0.3099859448818897
20
3.1795357874015746
11
0.3205138976377953
21
3.1879315354330706
0
LINE
8
BLACK
6
CONTINUOUS
10
0.3205138976377953
20
3.1879315354330706
11
0.3319156299212598
21
3.1950957086614173
0
LINE
8
BLACK
6
CONTINUOUS
10
0.3319156299212598
20
3.1950957086614173
11
0.344047874015748
21
3.2009383070866142
0
LINE
8
BLACK
6
CONTINUOUS
10
0.344047874015748
20
3.2009383070866142
11
0.3567579527559055
21
3.205385748031496
0
LINE
8
BLACK
6
CONTINUOUS
10
0.3567579527559055
20
3.205385748031496
11
0.369886062992126
21
3.2083821653543305
0
LINE
8
BLACK
6
CONTINUOUS
10
0.369886062992126
20
3.2083821653543305
11
0.3832671259842519
21
3.2098898425196851
0
LINE
8
BLACK
6
CONTINUOUS
10
0.3832671259842519
20
3.2098898425196851
11
0.396732874015748
21
3.2098898425196851
0
LINE
8
BLACK
6
CONTINUOUS
10
0.396732874015748
20
3.2098898425196851
11
0.410113937007874
21
3.2083821653543305
0
LINE
8
BLACK
6
CONTINUOUS
10
5.2101139370078737
20
3.2083821653543305
11
5.2232420472440948
21
3.205385748031496
0
LINE
8
BLACK
6
CONTINUOUS
10
5.2232420472440948
20
3.205385748031496
11
5.2359521259842516
21
3.2009383070866142
0
LINE
8
BLACK
6
CONTINUOUS
10
5.2359521259842516
20
3.2009383070866142
11
5.2480843700787396
21
3.1950957086614173
0
LINE
8
BLACK
6
CONTINUOUS
10
5.2480843700787396
20
3.1950957086614173
11
5.2594861023622048
21
3.1879315354330706
0
LINE
8
BLACK
6
CONTINUOUS
10
5.2594861023622048
20
3.1879315354330706
11
5.2700140551181098
21
3.1795357874015746
0
LINE
8
BLACK
6
CONTINUOUS
10
5.2700140551181098
20
3.1795357874015746
11
5.2795357874015743
21
3.1700140551181102
0
LINE
8
BLACK
6
CONTINUOUS
10
5.2795357874015743
20
3.1700140551181102
11
5.2879315354330707
21
3.1594861023622047
0
LINE
8
BLACK
6
CONTINUOUS
10
5.2879315354330707
20
3.1594861023622047
11
5.2950957086614174
21
3.14808437007874
0
LINE
8
BLACK
6
CONTINUOUS
10
5.2950957086614174
20
3.14808437007874
11
5.3009383070866143
21
3.135952125984252
0
LINE
8
BLACK
6
CONTINUOUS
10
5.3009383070866143
20
3.135952125984252
11
5.3053857480314957
21
3.1232420472440943
0
LINE
8
BLACK
6
CONTINUOUS
10
5.3053857480314957
20
3.1232420472440943
11
5.3083821653543302
21
3.1101139370078741
0
LINE
8
BLACK
6
CONTINUOUS
10
5.3083821653543302
20
3.1101139370078741
11
5.3098898425196852
21
3.096732874015748
0
LINE
8
BLACK
6
CONTINUOUS
10
5.3098898425196852
20
3.096732874015748
11
5.3098898425196852
21
3.0832671259842517
0
LINE
8
BLACK
6
CONTINUOUS
10
5.3098898425196852
20
3.0832671259842517
11
5.3083821653543302
21
3.0698860629921261
0
LINE
8
BLACK
6
CONTINUOUS
10
5.3083821653543302
20
3.0698860629921261
11
5.3053857480314957
21
3.0567579527559054
0
LINE
8
BLACK
6
CONTINUOUS
10
5.3053857480314957
20
3.0567579527559054
11
5.3009383070866143
21
3.0440478740157482
0
LINE
8
BLACK
6
CONTINUOUS
10
5.3009383070866143
20
3.0440478740157482
11
5.2950957086614174
21
3.0319156299212597
0
LINE
8
BLACK
6
CONTINUOUS
10
5.2950957086614174
20
3.0319156299212597
11
5.2879315354330707
21
3.020513897637795
0
LINE
8
BLACK
6
CONTINUOUS
10
5.2879315354330707
20
3.020513897637795
11
5.2795357874015743
21
3.0099859448818895
0
LINE
8
BLACK
6
CONTINUOUS
10
5.2795357874015743
20
3.0099859448818895
11
5.2700140551181098
21
3.0004642125984251
0
LINE
8
BLACK
6
CONTINUOUS
10
5.2700140551181098
20
3.0004642125984251
11
5.2594861023622048
21
2.9920684645669291
0
LINE
8
BLACK
6
CONTINUOUS
10
5.2594861023622048
20
2.9920684645669291
11
5.2480843700787396
21
2.9849042913385828
0
LINE
8
BLACK
6
CONTINUOUS
10
5.2480843700787396
20
2.9849042913385828
11
5.2359521259842516
21
2.979061692913386
0
LINE
8
BLACK
6
CONTINUOUS
10
5.2359521259842516
20
2.979061692913386
11
5.2232420472440948
21
2.9746142519685037
0
LINE
8
BLACK
6
CONTINUOUS
10
5.2232420472440948
20
2.9746142519685037
11
5.2101139370078737
21
2.9716178346456692
0
LINE
8
BLACK
6
CONTINUOUS
10
5.2101139370078737
20
2.9716178346456692
11
5.1967328740157477
21
2.970110157480315
0
LINE
8
BLACK
6
CONTINUOUS
10
5.1967328740157477
20
2.970110157480315
11
5.1832671259842522
21
2.970110157480315
0
LINE
8
BLACK
6
CONTINUOUS
10
5.1832671259842522
20
2.970110157480315
11
5.1698860629921262
21
2.9716178346456692
0
LINE
8
BLACK
6
CONTINUOUS
10
5.1698860629921262
20
2.9716178346456692
11
5.1567579527559051
21
2.9746142519685037
0
LINE
8
BLACK
6
CONTINUOUS
10
5.1567579527559051
20
2.9746142519685037
11
5.1440478740157483
21
2.979061692913386
0
LINE
8
BLACK
6
CONTINUOUS
10
5.1440478740157483
20
2.979061692913386
11
5.1319156299212594
21
2.9849042913385828
0
LINE
8
BLACK
6
CONTINUOUS
10
5.1319156299212594
20
2.9849042913385828
11
5.1205138976377951
21
2.9920684645669291
0
LINE
8
BLACK
6
CONTINUOUS
10
5.1205138976377951
20
2.9920684645669291
11
5.1099859448818901
21
3.0004642125984251
0
LINE
8
BLACK
6
CONTINUOUS
10
5.1099859448818901
20
3.0004642125984251
11
5.1004642125984248
21
3.0099859448818895
0
LINE
8
BLACK
6
CONTINUOUS
10
5.1004642125984248
20
3.0099859448818895
11
5.0920684645669292
21
3.020513897637795
0
LINE
8
BLACK
6
CONTINUOUS
10
5.0920684645669292
20
3.020513897637795
11
5.0849042913385825
21
3.0319156299212597
0
LINE
8
BLACK
6
CONTINUOUS
10
5.0849042913385825
20
3.0319156299212597
11
5.0790616929133856
21
3.0440478740157482
0
LINE
8
BLACK
6
CONTINUOUS
10
5.0790616929133856
20
3.0440478740157482
11
5.0746142519685042
21
3.0567579527559054
0
LINE
8
BLACK
6
CONTINUOUS
10
5.0746142519685042
20
3.0567579527559054
11
5.0716178346456688
21
3.0698860629921261
0
LINE
8
BLACK
6
CONTINUOUS
10
5.0716178346456688
20
3.0698860629921261
11
5.0701101574803147
21
3.0832671259842517
0
LINE
8
BLACK
6
CONTINUOUS
10
5.0701101574803147
20
3.0832671259842517
11
5.0701101574803147
21
3.096732874015748
0
LINE
8
BLACK
6
CONTINUOUS
10
5.0701101574803147
20
3.096732874015748
11
5.0716178346456688
21
3.1101139370078741
0
LINE
8
BLACK
6
CONTINUOUS
10
5.0716178346456688
20
3.1101139370078741
11
5.0746142519685042
21
3.1232420472440943
0
LINE
8
BLACK
6
CONTINUOUS
10
5.0746142519685042
20
3.1232420472440943
11
5.0790616929133856
21
3.135952125984252
0
LINE
8
BLACK
6
CONTINUOUS
10
5.0790616929133856
20
3.135952125984252
11
5.0849042913385825
21
3.14808437007874
0
LINE
8
BLACK
6
CONTINUOUS
10
5.0849042913385825
20
3.14808437007874
11
5.0920684645669292
21
3.1594861023622047
0
LINE
8
BLACK
6
CONTINUOUS
10
5.0920684645669292
20
3.1594861023622047
11
5.1004642125984248
21
3.1700140551181102
0
LINE
8
BLACK
6
CONTINUOUS
10
5.1004642125984248
20
3.1700140551181102
11
5.1099859448818901
21
3.1795357874015746
0
LINE
8
BLACK
6
CONTINUOUS
10
5.1099859448818901
20
3.1795357874015746
11
5.1205138976377951
21
3.1879315354330706
0
LINE
8
BLACK
6
CONTINUOUS
10
5.1205138976377951
20
3.1879315354330706
11
5.1319156299212594
21
3.1950957086614173
0
LINE
8
BLACK
6
CONTINUOUS
10
5.1319156299212594
20
3.1950957086614173
11
5.1440478740157483
21
3.2009383070866142
0
LINE
8
BLACK
6
CONTINUOUS
10
5.1440478740157483
20
3.2009383070866142
11
5.1567579527559051
21
3.205385748031496
0
LINE
8
BLACK
6
CONTINUOUS
10
5.1567579527559051
20
3.205385748031496
11
5.1698860629921262
21
3.2083821653543305
0
LINE
8
BLACK
6
CONTINUOUS
10
5.1698860629921262
20
3.2083821653543305
11
5.1832671259842522
21
3.2098898425196851
0
LINE
8
BLACK
6
CONTINUOUS
10
5.1832671259842522
20
3.2098898425196851
11
5.1967328740157477
21
3.2098898425196851
0
LINE
8
BLACK
6
CONTINUOUS
10
5.1967328740157477
20
3.2098898425196851
11
5.2101139370078737
21
3.2083821653543305
0
LINE
8
BLACK
6
CONTINUOUS
10
3.1301233858267716
20
3.1977241732283463
11
3.1307620078740155
21
3.1972974409448818
0
LINE
8
BLACK
6
CONTINUOUS
10
3.1307620078740155
20
3.1972974409448818
11
3.1311887401574801
21
3.1966588188976379
0
LINE
8
BLACK
6
CONTINUOUS
10
3.1311887401574801
20
3.1966588188976379
11
3.1313385826771651
21
3.1959055118110236
0
LINE
8
BLACK
6
CONTINUOUS
10
3.1313385826771651
20
3.1959055118110236
11
3.1313385826771651
21
3.0384251968503935
0
LINE
8
BLACK
6
CONTINUOUS
10
3.1313385826771651
20
3.0384251968503935
11
3.1311887401574801
21
3.0376718897637796
0
LINE
8
BLACK
6
CONTINUOUS
10
3.1311887401574801
20
3.0376718897637796
11
3.1307620078740155
21
3.0370332677165353
0
LINE
8
BLACK
6
CONTINUOUS
10
3.1307620078740155
20
3.0370332677165353
11
3.1301233858267716
21
3.0366065354330707
0
LINE
8
BLACK
6
CONTINUOUS
10
3.1301233858267716
20
3.0366065354330707
11
3.1293700787401573
21
3.0364566929133856
0
LINE
8
BLACK
6
CONTINUOUS
10
3.1293700787401573
20
3.0364566929133856
11
2.9718897637795276
21
3.0364566929133856
0
LINE
8
BLACK
6
CONTINUOUS
10
2.9718897637795276
20
3.0364566929133856
11
2.9711364566929133
21
3.0366065354330707
0
LINE
8
BLACK
6
CONTINUOUS
10
2.9711364566929133
20
3.0366065354330707
11
2.9704978346456694
21
3.0370332677165353
0
LINE
8
BLACK
6
CONTINUOUS
10
2.9704978346456694
20
3.0370332677165353
11
2.9700711023622048
21
3.0376718897637796
0
LINE
8
BLACK
6
CONTINUOUS
10
2.9700711023622048
20
3.0376718897637796
11
2.9699212598425198
21
3.0384251968503935
0
LINE
8
BLACK
6
CONTINUOUS
10
2.9699212598425198
20
3.0384251968503935
11
2.9699212598425198
21
3.1959055118110236
0
LINE
8
BLACK
6
CONTINUOUS
10
2.9699212598425198
20
3.1959055118110236
11
2.9700711023622048
21
3.1966588188976379
0
LINE
8
BLACK
6
CONTINUOUS
10
2.9700711023622048
20
3.1966588188976379
11
2.9704978346456694
21
3.1972974409448818
0
LINE
8
BLACK
6
CONTINUOUS
10
2.9704978346456694
20
3.1972974409448818
11
2.9711364566929133
21
3.1977241732283463
0
LINE
8
BLACK
6
CONTINUOUS
10
2.9711364566929133
20
3.1977241732283463
11
2.9718897637795276
21
3.1978740157480314
0
LINE
8
BLACK
6
CONTINUOUS
10
2.9718897637795276
20
3.1978740157480314
11
3.1293700787401573
21
3.1978740157480314
0
LINE
8
BLACK
6
CONTINUOUS
10
3.1293700787401573
20
3.1978740157480314
11
3.1301233858267716
21
3.1977241732283463
0
LINE
8
BLACK
6
CONTINUOUS
10
3.889965905511811
20
3.1977241732283463
11
3.8906045275590548
21
3.1972974409448818
0
LINE
8
BLACK
6
CONTINUOUS
10
3.8906045275590548
20
3.1972974409448818
11
3.8910312598425194
21
3.1966588188976379
0
LINE
8
BLACK
6
CONTINUOUS
10
3.8910312598425194
20
3.1966588188976379
11
3.8911811023622045
21
3.1959055118110236
0
LINE
8
BLACK
6
CONTINUOUS
10
3.8911811023622045
20
3.1959055118110236
11
3.8911811023622045
21
3.0384251968503935
0
LINE
8
BLACK
6
CONTINUOUS
10
3.8911811023622045
20
3.0384251968503935
11
3.8910312598425194
21
3.0376718897637796
0
LINE
8
BLACK
6
CONTINUOUS
10
3.8910312598425194
20
3.0376718897637796
11
3.8906045275590548
21
3.0370332677165353
0
LINE
8
BLACK
6
CONTINUOUS
10
3.8906045275590548
20
3.0370332677165353
11
3.889965905511811
21
3.0366065354330707
0
LINE
8
BLACK
6
CONTINUOUS
10
3.889965905511811
20
3.0366065354330707
11
3.8892125984251966
21
3.0364566929133856
0
LINE
8
BLACK
6
CONTINUOUS
10
3.8892125984251966
20
3.0364566929133856
11
3.731732283464567
21
3.0364566929133856
0
LINE
8
BLACK
6
CONTINUOUS
10
3.731732283464567
20
3.0364566929133856
11
3.7309789763779526
21
3.0366065354330707
0
LINE
8
BLACK
6
CONTINUOUS
10
3.7309789763779526
20
3.0366065354330707
11
3.7303403543307088
21
3.0370332677165353
0
LINE
8
BLACK
6
CONTINUOUS
10
3.7303403543307088
20
3.0370332677165353
11
3.7299136220472442
21
3.0376718897637796
0
LINE
8
BLACK
6
CONTINUOUS
10
3.7299136220472442
20
3.0376718897637796
11
3.7297637795275591
21
3.0384251968503935
0
LINE
8
BLACK
6
CONTINUOUS
10
3.7297637795275591
20
3.0384251968503935
11
3.7297637795275591
21
3.1959055118110236
0
LINE
8
BLACK
6
CONTINUOUS
10
3.7297637795275591
20
3.1959055118110236
11
3.7299136220472442
21
3.1966588188976379
0
LINE
8
BLACK
6
CONTINUOUS
10
3.7299136220472442
20
3.1966588188976379
11
3.7303403543307088
21
3.1972974409448818
0
LINE
8
BLACK
6
CONTINUOUS
10
3.7303403543307088
20
3.1972974409448818
11
3.7309789763779526
21
3.1977241732283463
0
LINE
8
BLACK
6
CONTINUOUS
10
3.7309789763779526
20
3.1977241732283463
11
3.731732283464567
21
3.1978740157480314
0
LINE
8
BLACK
6
CONTINUOUS
10
3.731732283464567
20
3.1978740157480314
11
3.8892125984251966
21
3.1978740157480314
0
LINE
8
BLACK
6
CONTINUOUS
10
3.8892125984251966
20
3.1978740157480314
11
3.889965905511811
21
3.1977241732283463
0
LINE
8
BLACK
6
CONTINUOUS
10
4.6498084251968503
20
3.1977241732283463
11
4.6504470472440946
21
3.1972974409448818
0
LINE
8
BLACK
6
CONTINUOUS
10
4.6504470472440946
20
3.1972974409448818
11
4.6508737795275588
21
3.1966588188976379
0
LINE
8
BLACK
6
CONTINUOUS
10
4.6508737795275588
20
3.1966588188976379
11
4.6510236220472443
21
3.1959055118110236
0
LINE
8
BLACK
6
CONTINUOUS
10
4.6510236220472443
20
3.1959055118110236
11
4.6510236220472443
21
3.0384251968503935
0
LINE
8
BLACK
6
CONTINUOUS
10
4.6510236220472443
20
3.0384251968503935
11
4.6508737795275588
21
3.0376718897637796
0
LINE
8
BLACK
6
CONTINUOUS
10
4.6508737795275588
20
3.0376718897637796
11
4.6504470472440946
21
3.0370332677165353
0
LINE
8
BLACK
6
CONTINUOUS
10
4.6504470472440946
20
3.0370332677165353
11
4.6498084251968503
21
3.0366065354330707
0
LINE
8
BLACK
6
CONTINUOUS
10
4.6498084251968503
20
3.0366065354330707
11
4.649055118110236
21
3.0364566929133856
0
LINE
8
BLACK
6
CONTINUOUS
10
4.649055118110236
20
3.0364566929133856
11
4.4915748031496063
21
3.0364566929133856
0
LINE
8
BLACK
6
CONTINUOUS
10
4.4915748031496063
20
3.0364566929133856
11
4.490821496062992
21
3.0366065354330707
0
LINE
8
BLACK
6
CONTINUOUS
10
4.490821496062992
20
3.0366065354330707
11
4.4901828740157477
21
3.0370332677165353
0
LINE
8
BLACK
6
CONTINUOUS
10
4.4901828740157477
20
3.0370332677165353
11
4.4897561417322835
21
3.0376718897637796
0
LINE
8
BLACK
6
CONTINUOUS
10
4.4897561417322835
20
3.0376718897637796
11
4.489606299212598
21
3.0384251968503935
0
LINE
8
BLACK
6
CONTINUOUS
10
4.489606299212598
20
3.0384251968503935
11
4.489606299212598
21
3.1959055118110236
0
LINE
8
BLACK
6
CONTINUOUS
10
4.489606299212598
20
3.1959055118110236
11
4.4897561417322835
21
3.1966588188976379
0
LINE
8
BLACK
6
CONTINUOUS
10
4.4897561417322835
20
3.1966588188976379
11
4.4901828740157477
21
3.1972974409448818
0
LINE
8
BLACK
6
CONTINUOUS
10
4.4901828740157477
20
3.1972974409448818
11
4.490821496062992
21
3.1977241732283463
0
LINE
8
BLACK
6
CONTINUOUS
10
4.490821496062992
20
3.1977241732283463
11
4.4915748031496063
21
3.1978740157480314
0
LINE
8
BLACK
6
CONTINUOUS
10
4.4915748031496063
20
3.1978740157480314
11
4.649055118110236
21
3.1978740157480314
0
LINE
8
BLACK
6
CONTINUOUS
10
4.649055118110236
20
3.1978740157480314
11
4.6498084251968503
21
3.1977241732283463
0
LINE
8
BLACK
6
CONTINUOUS
10
1.5159501574803149
20
3.1996926771653542
11
1.516588779527559
21
3.1992659448818896
0
LINE
8
BLACK
6
CONTINUOUS
10
1.516588779527559
20
3.1992659448818896
11
1.5170155118110236
21
3.1986273228346458
0
LINE
8
BLACK
6
CONTINUOUS
10
1.5170155118110236
20
3.1986273228346458
11
1.5171653543307086
21
3.1978740157480314
0
LINE
8
BLACK
6
CONTINUOUS
10
1.5171653543307086
20
3.1978740157480314
11
1.5171653543307086
21
3.0403937007874013
0
LINE
8
BLACK
6
CONTINUOUS
10
1.5171653543307086
20
3.0403937007874013
11
1.5170155118110236
21
3.0396403937007874
0
LINE
8
BLACK
6
CONTINUOUS
10
1.5170155118110236
20
3.0396403937007874
11
1.516588779527559
21
3.0390017716535431
0
LINE
8
BLACK
6
CONTINUOUS
10
1.516588779527559
20
3.0390017716535431
11
1.5159501574803149
21
3.0385750393700786
0
LINE
8
BLACK
6
CONTINUOUS
10
1.5159501574803149
20
3.0385750393700786
11
1.5151968503937008
21
3.0384251968503935
0
LINE
8
BLACK
6
CONTINUOUS
10
1.5151968503937008
20
3.0384251968503935
11
1.3577165354330709
21
3.0384251968503935
0
LINE
8
BLACK
6
CONTINUOUS
10
1.3577165354330709
20
3.0384251968503935
11
1.3569632283464566
21
3.0385750393700786
0
LINE
8
BLACK
6
CONTINUOUS
10
1.3569632283464566
20
3.0385750393700786
11
1.3563246062992125
21
3.0390017716535431
0
LINE
8
BLACK
6
CONTINUOUS
10
1.3563246062992125
20
3.0390017716535431
11
1.3558978740157479
21
3.0396403937007874
0
LINE
8
BLACK
6
CONTINUOUS
10
1.3558978740157479
20
3.0396403937007874
11
1.355748031496063
21
3.0403937007874013
0
LINE
8
BLACK
6
CONTINUOUS
10
1.355748031496063
20
3.0403937007874013
11
1.355748031496063
21
3.1978740157480314
0
LINE
8
BLACK
6
CONTINUOUS
10
1.355748031496063
20
3.1978740157480314
11
1.3558978740157479
21
3.1986273228346458
0
LINE
8
BLACK
6
CONTINUOUS
10
1.3558978740157479
20
3.1986273228346458
11
1.3563246062992125
21
3.1992659448818896
0
LINE
8
BLACK
6
CONTINUOUS
10
1.3563246062992125
20
3.1992659448818896
11
1.3569632283464566
21
3.1996926771653542
0
LINE
8
BLACK
6
CONTINUOUS
10
1.3569632283464566
20
3.1996926771653542
11
1.3577165354330709
21
3.1998425196850393
0
LINE
8
BLACK
6
CONTINUOUS
10
1.3577165354330709
20
3.1998425196850393
11
1.5151968503937008
21
3.1998425196850393
0
LINE
8
BLACK
6
CONTINUOUS
10
1.5151968503937008
20
3.1998425196850393
11
1.5159501574803149
21
3.1996926771653542
0
LINE
8
BLACK
6
CONTINUOUS
10
2.2757926771653545
20
3.1996926771653542
11
2.2764312992125983
21
3.1992659448818896
0
LINE
8
BLACK
6
CONTINUOUS
10
2.2764312992125983
20
3.1992659448818896
11
2.2768580314960629
21
3.1986273228346458
0
LINE
8
BLACK
6
CONTINUOUS
10
2.2768580314960629
20
3.1986273228346458
11
2.277007874015748
21
3.1978740157480314
0
LINE
8
BLACK
6
CONTINUOUS
10
2.277007874015748
20
3.1978740157480314
11
2.277007874015748
21
3.0403937007874013
0
LINE
8
BLACK
6
CONTINUOUS
10
2.277007874015748
20
3.0403937007874013
11
2.2768580314960629
21
3.0396403937007874
0
LINE
8
BLACK
6
CONTINUOUS
10
2.2768580314960629
20
3.0396403937007874
11
2.2764312992125983
21
3.0390017716535431
0
LINE
8
BLACK
6
CONTINUOUS
10
2.2764312992125983
20
3.0390017716535431
11
2.2757926771653545
21
3.0385750393700786
0
LINE
8
BLACK
6
CONTINUOUS
10
2.2757926771653545
20
3.0385750393700786
11
2.2750393700787401
21
3.0384251968503935
0
LINE
8
BLACK
6
CONTINUOUS
10
2.2750393700787401
20
3.0384251968503935
11
2.11755905511811
21
3.0384251968503935
0
LINE
8
BLACK
6
CONTINUOUS
10
2.11755905511811
20
3.0384251968503935
11
2.1168057480314961
21
3.0385750393700786
0
LINE
8
BLACK
6
CONTINUOUS
10
2.1168057480314961
20
3.0385750393700786
11
2.1161671259842518
21
3.0390017716535431
0
LINE
8
BLACK
6
CONTINUOUS
10
2.1161671259842518
20
3.0390017716535431
11
2.1157403937007873
21
3.0396403937007874
0
LINE
8
BLACK
6
CONTINUOUS
10
2.1157403937007873
20
3.0396403937007874
11
2.1155905511811022
21
3.0403937007874013
0
LINE
8
BLACK
6
CONTINUOUS
10
2.1155905511811022
20
3.0403937007874013
11
2.1155905511811022
21
3.1978740157480314
0
LINE
8
BLACK
6
CONTINUOUS
10
2.1155905511811022
20
3.1978740157480314
11
2.1157403937007873
21
3.1986273228346458
0
LINE
8
BLACK
6
CONTINUOUS
10
2.1157403937007873
20
3.1986273228346458
11
2.1161671259842518
21
3.1992659448818896
0
LINE
8
BLACK
6
CONTINUOUS
10
2.1161671259842518
20
3.1992659448818896
11
2.1168057480314961
21
3.1996926771653542
0
LINE
8
BLACK
6
CONTINUOUS
10
2.1168057480314961
20
3.1996926771653542
11
2.11755905511811
21
3.1998425196850393
0
LINE
8
BLACK
6
CONTINUOUS
10
2.11755905511811
20
3.1998425196850393
11
2.2750393700787401
21
3.1998425196850393
0
LINE
8
BLACK
6
CONTINUOUS
10
2.2750393700787401
20
3.1998425196850393
11
2.2757926771653545
21
3.1996926771653542
  0
ENDSEC
  0
EOF
